date,hour,BP_Qin,BP_Level,BP_Inlet,BP_F_Kingkeaw1,BP_F_Kingkeaw2,BP_F_Epec,BP_P_Kingkeaw1,BP_P_Kingkeaw2,BP_P_Epec,TotalFlow
2026-03-01,0,18219.0,4.39,7.61,-196.0,8566.0,5881.0,8.1,8.56,8.9,14251.0
2026-03-01,1,17523.0,4.69,8.06,-170.0,8705.0,6018.0,8.49,8.94,9.3,14554.0
2026-03-01,2,17379.0,4.97,8.53,-174.0,8635.0,5935.0,8.79,9.23,9.6,14396.0
2026-03-01,3,17616.0,5.3,8.98,-195.0,8381.0,6731.0,8.93,9.37,8.78,14918.0
2026-03-01,4,18412.0,5.67,9.28,-13.0,10047.0,5976.0,11.44,11.83,8.65,16010.0
2026-03-01,5,19138.0,5.72,9.39,4219.0,9438.0,6766.0,19.4,19.5,10.8,20423.0
2026-03-01,6,22155.0,5.59,9.23,4989.0,10865.0,8826.0,25.06,24.97,17.0,24680.0
2026-03-01,7,21841.0,5.22,9.22,6679.0,10138.0,10433.0,27.05,26.83,21.4,27250.0
2026-03-01,8,23275.0,4.69,9.35,8445.0,8912.0,11178.0,28.37,28.02,23.78,28535.0
2026-03-01,9,23835.0,4.19,9.68,8309.0,8702.0,11637.0,27.36,27.04,25.45,28648.0
2026-03-01,10,24507.0,3.77,10.01,8307.0,8713.0,11110.0,27.35,27.04,23.97,28131.0
2026-03-01,11,25023.0,3.49,9.94,8080.0,8486.0,10258.0,25.96,25.69,21.16,26824.0
2026-03-01,12,25343.0,3.45,9.62,7558.0,7853.0,9188.0,23.06,22.91,17.49,24599.0
2026-03-01,13,25393.0,3.57,9.04,7547.0,7859.0,8299.0,23.09,22.9,14.93,23705.0
2026-03-01,14,25206.0,3.73,8.79,7508.0,7791.0,8301.0,22.83,22.64,14.76,23600.0
2026-03-01,15,25276.0,3.88,8.69,7579.0,7885.0,8277.0,23.28,23.07,14.76,23741.0
2026-03-01,16,25064.0,3.97,8.57,7972.0,8286.0,8984.0,25.48,25.18,17.03,25242.0
2026-03-01,17,25220.0,3.83,8.34,8243.0,8607.0,10368.0,27.17,26.83,22.17,27218.0
2026-03-01,18,25380.0,3.64,7.61,8057.0,8379.0,10397.0,26.36,26.04,22.96,26832.0
2026-03-01,19,25529.0,3.53,7.1,7969.0,8295.0,9524.0,26.23,25.94,20.27,25788.0
2026-03-01,20,25585.0,3.55,6.85,7532.0,7787.0,9211.0,23.66,23.45,19.26,24530.0
2026-03-01,21,25268.0,3.75,6.7,6436.0,6592.0,8300.0,18.14,18.13,16.12,21328.0
2026-03-01,22,20733.0,4.19,6.72,1239.0,8718.0,5991.0,11.7,12.04,10.08,15949.0
2026-03-01,23,15474.0,4.58,7.0,-213.0,7931.0,4953.0,8.3,8.75,7.64,12671.0
2026-03-02,0,15966.0,4.81,7.42,-204.0,8494.0,5112.0,8.16,8.61,7.52,13402.0
2026-03-02,1,15919.0,5.11,7.64,-212.0,7997.0,5018.0,7.69,8.16,7.52,12803.0
2026-03-02,2,14206.0,5.31,7.93,-210.0,7416.0,4917.0,7.18,7.65,7.52,12122.0
2026-03-02,3,14436.0,5.55,8.23,-212.0,7330.0,4916.0,7.14,7.61,7.52,12034.0
2026-03-02,4,16883.0,5.72,8.47,-209.0,9612.0,6616.0,10.78,11.18,11.7,16019.0
2026-03-02,5,21319.0,5.66,8.47,3514.0,10461.0,8944.0,19.95,20.05,18.41,22919.0
2026-03-02,6,22129.0,5.32,8.33,7898.0,9241.0,10412.0,27.78,27.44,22.92,27550.0
2026-03-02,7,23067.0,4.64,8.35,9155.0,9692.0,11001.0,32.52,32.0,24.73,29848.0
2026-03-02,8,23718.0,4.01,8.73,9053.0,9556.0,10369.0,32.02,31.55,22.72,28978.0
2026-03-02,9,24124.0,3.5,9.31,8852.0,9263.0,9417.0,30.95,30.52,19.52,27532.0
2026-03-02,10,24580.0,3.33,9.8,8068.0,8416.0,7580.0,25.91,25.66,13.57,24063.0
2026-03-02,11,24472.0,3.47,9.84,7133.0,7401.0,7492.0,20.92,20.84,13.03,22026.0
2026-03-02,12,24661.0,3.69,9.55,7029.0,7266.0,7932.0,20.08,20.02,14.1,22227.0
2026-03-02,13,25041.0,3.92,9.11,6746.0,6970.0,8411.0,18.68,18.65,15.47,22127.0
2026-03-02,14,24822.0,4.17,8.98,6638.0,6864.0,8313.0,18.28,18.25,15.39,21815.0
2026-03-02,15,24585.0,4.44,9.02,6763.0,7010.0,8251.0,18.71,18.67,15.09,22024.0
2026-03-02,16,24358.0,4.54,8.89,7722.0,8026.0,8950.0,23.53,23.32,17.37,24698.0
2026-03-02,17,24520.0,4.28,8.5,8768.0,9167.0,10337.0,29.49,29.04,22.48,28272.0
2026-03-02,18,24837.0,3.8,7.86,8865.0,9280.0,11097.0,30.81,30.33,25.64,29242.0
2026-03-02,19,25437.0,3.45,7.41,8289.0,8637.0,9882.0,27.88,27.51,21.46,26807.0
2026-03-02,20,25623.0,3.34,7.19,7962.0,8254.0,9701.0,25.86,25.57,21.14,25917.0
2026-03-02,21,25696.0,3.35,7.04,7700.0,7973.0,8469.0,24.34,24.11,16.94,24143.0
2026-03-02,22,23576.0,3.6,6.95,6270.0,6525.0,6733.0,17.92,17.92,11.74,19528.0
2026-03-02,23,15801.0,3.84,7.12,264.0,8339.0,5324.0,9.64,10.06,8.44,13928.0
2026-03-03,0,18382.0,4.15,7.26,-210.0,8606.0,5944.0,8.39,8.84,9.38,14339.0
2026-03-03,1,18081.0,4.48,7.26,-173.0,8424.0,6000.0,8.1,8.56,9.88,14251.0
2026-03-03,2,18065.0,4.87,7.27,-165.0,7931.0,5753.0,7.65,8.12,9.45,13520.0
2026-03-03,3,17856.0,5.28,7.29,-167.0,7949.0,5720.0,7.76,8.22,9.45,13502.0
2026-03-03,4,20100.0,5.62,7.27,2478.0,8752.0,5814.0,13.72,13.97,9.91,17044.0
2026-03-03,5,20147.0,5.67,7.22,7168.0,7627.0,6832.0,22.0,21.86,12.54,21627.0
2026-03-03,6,22554.0,5.41,7.16,8015.0,8503.0,8763.0,26.63,26.31,18.24,25281.0
2026-03-03,7,23288.0,4.99,7.3,8353.0,8814.0,10793.0,27.89,27.54,24.43,27960.0
2026-03-03,8,23461.0,4.46,7.69,8398.0,8851.0,10907.0,27.93,27.58,24.89,28156.0
2026-03-03,9,23925.0,3.98,8.31,8331.0,8706.0,10760.0,27.51,27.19,24.59,27797.0
2026-03-03,10,24543.0,3.61,8.87,8250.0,8675.0,10118.0,27.23,26.92,22.56,27043.0
2026-03-03,11,24747.0,3.39,9.1,8079.0,8542.0,9219.0,26.33,26.05,19.59,25841.0
2026-03-03,12,24910.0,3.32,9.06,7813.0,8199.0,7925.0,24.65,24.42,15.33,23937.0
2026-03-03,13,24863.0,3.45,8.73,7672.0,8056.0,7593.0,23.77,23.55,13.84,23321.0
2026-03-03,14,25719.0,3.59,8.55,7657.0,8057.0,7754.0,23.8,23.57,14.27,23468.0
2026-03-03,15,25516.0,3.76,8.4,7663.0,8057.0,7786.0,23.79,23.56,14.28,23507.0
2026-03-03,16,25248.0,3.83,8.31,8012.0,8446.0,8932.0,25.57,25.26,17.63,25390.0
2026-03-03,17,25089.0,3.66,8.0,8408.0,8861.0,10226.0,27.98,27.61,22.45,27495.0
2026-03-03,18,24802.0,3.32,7.36,8370.0,8806.0,10668.0,28.11,27.74,24.37,27844.0
2026-03-03,19,25123.0,3.04,6.95,8213.0,8589.0,9990.0,27.48,27.14,22.29,26793.0
2026-03-03,20,25273.0,2.89,6.69,7896.0,8223.0,9676.0,25.39,25.12,21.24,25795.0
2026-03-03,21,25365.0,2.94,6.53,6725.0,7144.0,8693.0,19.62,19.56,17.84,22562.0
2026-03-03,22,23826.0,3.39,6.44,1633.0,9431.0,6074.0,13.35,13.65,10.5,17137.0
2026-03-03,23,18383.0,3.99,6.48,-215.0,7750.0,4969.0,7.82,8.29,8.01,12503.0
2026-03-04,0,17314.0,4.37,6.59,-187.0,9311.0,5691.0,9.23,9.67,9.12,14816.0
2026-03-04,1,16769.0,4.62,6.65,-175.0,8760.0,5468.0,8.68,9.12,8.88,14052.0
2026-03-04,2,16147.0,4.86,6.74,-181.0,7961.0,5199.0,7.81,8.27,8.49,12978.0
2026-03-04,3,16879.0,5.2,6.8,-182.0,7762.0,5170.0,7.65,8.11,8.48,12750.0
2026-03-04,4,19739.0,5.56,6.81,1676.0,8315.0,6183.0,11.64,11.97,10.9,16174.0
2026-03-04,5,21534.0,5.64,6.76,7172.0,7645.0,8749.0,22.07,21.92,18.19,23566.0
2026-03-04,6,21149.0,5.16,6.73,8286.0,8758.0,10684.0,27.72,27.37,24.24,27728.0
2026-03-04,7,22520.0,4.37,6.83,8853.0,9335.0,11519.0,30.49,30.03,27.21,29707.0
2026-03-04,8,23649.0,3.76,7.18,8549.0,8980.0,10806.0,29.1,28.74,24.61,28335.0
2026-03-04,9,24022.0,3.27,7.72,8658.0,9099.0,9658.0,29.92,29.54,20.63,27415.0
2026-03-04,10,24550.0,3.09,8.23,7987.0,8385.0,7632.0,26.16,25.91,14.09,24004.0
2026-03-04,11,25029.0,3.23,8.42,7245.0,7537.0,7497.0,21.48,21.35,13.31,22279.0
2026-03-04,12,25802.0,3.54,8.49,6885.0,7147.0,7706.0,19.35,19.31,13.57,21738.0
2026-03-04,13,25455.0,3.85,8.52,4554.0,9456.0,8598.0,18.91,19.03,16.18,22608.0
2026-03-04,14,25091.0,4.08,8.39,4382.0,9578.0,8605.0,18.97,19.08,16.2,22565.0
2026-03-04,15,24879.0,4.28,8.33,4439.0,9549.0,8574.0,19.04,19.13,16.21,22562.0
2026-03-04,16,24697.0,4.39,8.31,7459.0,7814.0,9548.0,22.36,22.16,19.47,24821.0
2026-03-04,17,24784.0,4.09,8.02,9080.0,9587.0,10900.0,31.85,31.29,24.04,29566.0
2026-03-04,18,25252.0,3.53,7.33,9221.0,9694.0,11499.0,32.94,32.36,26.82,30415.0
2026-03-04,19,25512.0,3.04,6.8,8799.0,9211.0,10922.0,30.71,30.24,24.76,28932.0
2026-03-04,20,25748.0,2.73,6.5,8284.0,9328.0,10638.0,29.35,28.96,23.92,28250.0
2026-03-04,21,25876.0,2.47,6.32,8474.0,8819.0,9935.0,28.87,28.47,21.57,27228.0
2026-03-04,22,25900.0,2.52,6.22,7157.0,7399.0,7302.0,21.69,21.54,13.37,21858.0
2026-03-04,23,25262.0,3.24,6.2,1659.0,7896.0,5454.0,10.89,11.24,8.58,15009.0
2026-03-05,0,19721.0,4.0,6.22,-212.0,9529.0,5983.0,9.55,9.97,9.42,15300.0
2026-03-05,1,18905.0,4.36,6.26,-167.0,8691.0,6018.0,8.67,9.11,9.86,14542.0
2026-03-05,2,18818.0,4.77,6.29,-171.0,8509.0,5795.0,8.54,8.98,9.38,14133.0
2026-03-05,3,17586.0,5.22,6.31,-172.0,7920.0,5627.0,7.65,8.11,8.96,13374.0
2026-03-05,4,19160.0,5.45,6.35,2462.0,8412.0,6759.0,13.24,13.49,11.91,17633.0
2026-03-05,5,22100.0,5.41,6.32,7421.0,7825.0,9273.0,22.99,22.81,19.42,24519.0
2026-03-05,6,24303.0,5.0,6.25,8553.0,9023.0,11255.0,29.01,28.59,26.01,28832.0
2026-03-05,7,23394.0,4.36,6.33,9025.0,9510.0,11723.0,31.51,31.02,27.28,30258.0
2026-03-05,8,23779.0,3.69,6.74,8775.0,9180.0,11341.0,30.2,29.79,26.63,29296.0
2026-03-05,9,24237.0,3.18,7.35,8548.0,8959.0,10037.0,28.98,28.63,21.54,27545.0
2026-03-05,10,24445.0,2.94,7.78,8303.0,8701.0,7882.0,27.59,27.27,14.9,24886.0
2026-03-05,11,24410.0,3.07,7.97,7002.0,7264.0,7072.0,20.25,20.18,12.38,21338.0
2026-03-05,12,24459.0,3.33,7.73,7170.0,7458.0,7201.0,20.75,20.64,12.38,21829.0
2026-03-05,13,24963.0,3.58,7.63,6943.0,7234.0,7548.0,19.65,19.57,13.62,21726.0
2026-03-05,14,24879.0,3.87,7.74,6731.0,6956.0,7848.0,18.48,18.46,14.46,21536.0
2026-03-05,15,24806.0,4.12,7.68,7086.0,7343.0,7900.0,20.21,20.13,14.27,22329.0
2026-03-05,16,24678.0,4.17,7.57,8277.0,8648.0,9090.0,26.86,26.53,17.95,26016.0
2026-03-05,17,24910.0,3.83,7.3,8867.0,9330.0,10628.0,30.57,30.08,23.34,28825.0
2026-03-05,18,25234.0,3.36,6.76,8927.0,9345.0,11257.0,31.07,30.59,25.83,29530.0
2026-03-05,19,25376.0,2.95,6.4,8646.0,9032.0,10564.0,29.77,29.34,23.94,28242.0
2026-03-05,20,25733.0,2.68,6.18,8731.0,9130.0,10118.0,29.99,29.55,21.93,27978.0
2026-03-05,21,25785.0,2.47,6.08,8539.0,8941.0,9026.0,29.01,28.61,18.44,26505.0
2026-03-05,22,26013.0,2.59,6.0,6626.0,7691.0,6254.0,20.89,20.79,10.8,20571.0
2026-03-05,23,25311.0,3.41,5.9,-271.0,9478.0,5233.0,10.39,10.8,8.43,14439.0
2026-03-06,0,23376.0,4.36,5.84,-220.0,9907.0,5837.0,10.14,10.55,9.37,15524.0
2026-03-06,1,18703.0,4.87,5.84,-188.0,9489.0,5776.0,9.64,10.06,9.4,15077.0
2026-03-06,2,15748.0,5.15,5.89,-170.0,8033.0,5613.0,7.81,8.27,9.11,13476.0
2026-03-06,3,17172.0,5.38,5.94,-162.0,7935.0,5841.0,7.65,8.11,9.44,13614.0
2026-03-06,4,20429.0,5.67,5.97,410.0,11289.0,6825.0,14.59,14.88,12.49,18524.0
2026-03-06,5,22998.0,5.66,5.96,5128.0,10341.0,9211.0,23.34,23.29,19.68,24680.0
2026-03-06,6,22704.0,5.25,5.94,8540.0,9076.0,10922.0,29.13,28.7,24.76,28538.0
2026-03-06,7,23130.0,4.48,6.02,9377.0,9872.0,11583.0,33.54,32.99,26.77,30832.0
2026-03-06,8,23483.0,3.74,6.34,9060.0,9484.0,11222.0,31.92,31.46,25.82,29766.0
2026-03-06,9,24158.0,3.23,6.92,8619.0,9042.0,9544.0,29.37,28.99,19.89,27205.0
2026-03-06,10,24645.0,2.99,7.42,8109.0,8441.0,8462.0,26.31,26.04,16.25,25013.0
2026-03-06,11,24652.0,3.06,7.57,7508.0,7777.0,7631.0,22.71,22.56,13.78,22916.0
2026-03-06,12,24794.0,3.2,7.67,7271.0,7490.0,7854.0,21.21,21.11,14.12,22616.0
2026-03-06,13,25587.0,3.43,7.63,6851.0,7058.0,8268.0,19.05,19.03,15.23,22177.0
2026-03-06,14,25632.0,3.74,7.62,6887.0,7072.0,8421.0,19.12,19.08,15.59,22379.0
2026-03-06,15,25414.0,3.98,7.57,7065.0,7267.0,8594.0,20.01,19.91,16.0,22925.0
2026-03-06,16,25144.0,4.1,7.38,7687.0,7990.0,9265.0,23.28,23.04,18.52,24942.0
2026-03-06,17,25175.0,3.86,7.06,8962.0,9355.0,10695.0,30.59,30.1,23.74,29012.0
2026-03-06,18,25003.0,3.35,6.58,9144.0,9521.0,11452.0,32.15,31.63,26.58,30116.0
2026-03-06,19,25422.0,2.85,6.28,8952.0,9303.0,11104.0,31.41,30.92,25.1,29359.0
2026-03-06,20,25602.0,2.5,6.14,8615.0,8929.0,10457.0,29.27,28.86,23.09,28002.0
2026-03-06,21,25669.0,2.34,5.94,8266.0,8559.0,8957.0,27.28,26.92,18.06,25783.0
2026-03-06,22,25773.0,2.46,5.82,7231.0,7410.0,6989.0,21.65,21.51,12.29,21630.0
2026-03-06,23,25290.0,3.16,5.77,408.0,9955.0,5336.0,11.84,12.19,8.53,15699.0
2026-03-07,0,23249.0,4.1,5.74,-190.0,9158.0,5519.0,8.85,9.29,8.48,14487.0
2026-03-07,1,19466.0,4.73,5.74,-169.0,8595.0,5652.0,8.37,8.82,8.97,14078.0
2026-03-07,2,18571.0,5.18,5.78,-163.0,8394.0,5697.0,8.37,8.82,9.44,13928.0
2026-03-07,3,18384.0,5.6,5.82,-163.0,8335.0,5750.0,8.37,8.82,9.44,13922.0
2026-03-07,4,16602.0,5.82,5.88,2027.0,9061.0,5501.0,13.32,13.59,9.12,16589.0
2026-03-07,5,20773.0,5.7,5.94,7044.0,7556.0,7024.0,21.69,21.58,12.78,21624.0
2026-03-07,6,23448.0,5.5,5.94,8101.0,8626.0,9602.0,26.79,26.5,20.15,26329.0
2026-03-07,7,24116.0,5.0,6.05,8579.0,9069.0,12078.0,28.68,28.32,28.43,29725.0
2026-03-07,8,24470.0,4.43,6.41,8455.0,8905.0,11916.0,27.95,27.62,28.02,29277.0
2026-03-07,9,24888.0,3.92,7.01,8468.0,8886.0,11680.0,27.88,27.55,27.52,29033.0
2026-03-07,10,25022.0,3.5,7.44,8312.0,8722.0,11326.0,27.3,26.99,26.19,28360.0
2026-03-07,11,25351.0,3.18,7.54,8069.0,8452.0,10286.0,26.12,25.85,22.79,26808.0
2026-03-07,12,25605.0,3.13,7.7,7622.0,7967.0,9282.0,23.17,23.01,18.76,24871.0
2026-03-07,13,25617.0,3.15,7.74,7730.0,8091.0,8938.0,23.42,23.24,17.23,24759.0
2026-03-07,14,26448.0,3.25,7.97,7641.0,8001.0,8750.0,23.24,23.06,16.77,24393.0
2026-03-07,15,26715.0,3.42,8.1,7640.0,8040.0,8754.0,23.29,23.09,16.76,24435.0
2026-03-07,16,27119.0,3.57,8.05,8217.0,8642.0,9741.0,26.25,25.94,19.84,26600.0
2026-03-07,17,26749.0,3.41,7.38,8605.0,9032.0,11449.0,28.42,28.01,26.17,29086.0
2026-03-07,18,26483.0,3.1,6.82,8574.0,9003.0,11799.0,28.56,28.16,27.74,29376.0
2026-03-07,19,26724.0,2.81,6.4,8409.0,8838.0,11467.0,28.01,27.64,26.73,28714.0
2026-03-07,20,26434.0,2.63,6.18,7865.0,8175.0,10973.0,24.73,24.46,24.76,27014.0
2026-03-07,21,11198.0,2.65,6.05,-138.0,6393.0,4004.0,5.15,5.67,4.87,10259.0
2026-03-07,22,9823.0,2.65,5.94,-235.0,6013.0,3996.0,4.59,5.12,4.61,9774.0
2026-03-07,23,9692.0,2.64,5.83,-193.0,5779.0,3903.0,4.59,5.13,4.61,9489.0
2026-03-08,0,9758.0,2.66,5.73,-203.0,5917.0,3838.0,4.59,5.12,4.61,9553.0
2026-03-08,1,9782.0,2.67,5.65,-208.0,5712.0,3750.0,4.62,5.15,4.61,9254.0
2026-03-08,2,10647.0,2.7,5.58,-216.0,6037.0,3642.0,5.1,5.62,4.61,9463.0
2026-03-08,3,21993.0,3.29,5.54,-218.0,6927.0,4627.0,6.48,6.96,6.8,11337.0
2026-03-08,4,24795.0,4.12,5.5,2879.0,8146.0,8121.0,13.17,13.41,14.77,19146.0
2026-03-08,5,24229.0,4.41,5.48,7239.0,7685.0,8206.0,22.16,22.01,16.11,23130.0
2026-03-08,6,25819.0,4.42,5.46,8056.0,8523.0,9657.0,26.9,26.57,21.23,26236.0
2026-03-08,7,24858.0,4.13,5.6,8274.0,8705.0,11528.0,27.54,27.21,27.39,28507.0
2026-03-08,8,25116.0,3.69,5.99,8463.0,8928.0,11809.0,28.08,27.75,27.81,29200.0
2026-03-08,9,25453.0,3.22,6.44,8473.0,8911.0,12028.0,28.07,27.74,28.69,29412.0
2026-03-08,10,25644.0,2.78,6.78,8484.0,8842.0,11904.0,27.94,27.6,28.4,29230.0
2026-03-08,11,25821.0,2.46,6.93,8207.0,8563.0,10829.0,26.37,26.08,24.4,27600.0
2026-03-08,12,26906.0,2.45,6.86,7536.0,7853.0,9123.0,22.89,22.71,18.97,24511.0
2026-03-08,13,26781.0,2.72,7.13,7770.0,8141.0,7519.0,24.04,23.83,13.58,23430.0
2026-03-08,14,26627.0,3.03,7.21,7670.0,8026.0,7091.0,23.53,23.35,12.17,22788.0
2026-03-08,15,26459.0,3.32,7.33,6908.0,8617.0,8351.0,23.22,23.07,15.85,23876.0
2026-03-08,16,26128.0,3.44,7.14,5352.0,11055.0,9608.0,25.22,25.12,20.2,26015.0
2026-03-08,17,26128.0,3.28,6.7,5428.0,11685.0,10959.0,27.13,26.98,25.62,28071.0
2026-03-08,18,26315.0,3.03,6.2,5397.0,11629.0,11261.0,27.18,27.04,26.51,28286.0
2026-03-08,19,26478.0,2.85,5.9,5341.0,11558.0,10174.0,27.06,26.93,23.21,27073.0
2026-03-08,20,26399.0,2.86,5.75,4928.0,10586.0,9746.0,23.49,23.47,21.72,25260.0
2026-03-08,21,25570.0,3.03,5.63,4284.0,9158.0,8387.0,18.56,18.68,17.49,21829.0
2026-03-08,22,25072.0,3.57,5.55,1414.0,8962.0,6472.0,12.25,12.57,11.66,16849.0
2026-03-08,23,21096.0,4.48,5.5,-220.0,8680.0,4623.0,9.14,9.57,7.59,13082.0
2026-03-09,0,16655.0,4.92,5.54,-215.0,9307.0,4774.0,9.37,9.79,7.49,13865.0
2026-03-09,1,15823.0,5.13,5.6,-221.0,8747.0,4812.0,8.77,9.21,7.39,13338.0
2026-03-09,2,14650.0,5.36,5.69,-205.0,7639.0,4622.0,7.22,7.69,7.21,12056.0
2026-03-09,3,14572.0,5.59,5.81,-202.0,7521.0,4625.0,7.16,7.63,7.21,11944.0
2026-03-09,4,19026.0,5.7,5.9,-196.0,11435.0,7415.0,13.81,14.14,14.45,18653.0
2026-03-09,5,21973.0,5.66,5.9,2685.0,10886.0,9330.0,18.95,19.09,20.44,22900.0
2026-03-09,6,23380.0,5.38,5.85,7068.0,10152.0,10527.0,27.82,27.54,24.14,27747.0
2026-03-09,7,24076.0,4.8,5.95,9082.0,9554.0,11225.0,31.59,31.11,25.81,29862.0
2026-03-09,8,23986.0,4.2,6.33,8953.0,9408.0,10690.0,31.16,30.72,24.56,29051.0
2026-03-09,9,24337.0,3.74,6.76,8801.0,9229.0,9332.0,30.38,29.96,19.66,27361.0
2026-03-09,10,24737.0,3.53,7.28,8416.0,8778.0,7286.0,28.21,27.85,13.13,24480.0
2026-03-09,11,24727.0,3.74,7.52,7106.0,7408.0,6467.0,20.62,20.55,10.52,20981.0
2026-03-09,12,25074.0,4.05,7.58,7302.0,7601.0,7795.0,21.25,21.15,14.06,22698.0
2026-03-09,13,25153.0,4.21,7.67,6946.0,7174.0,8678.0,19.57,19.51,16.6,22798.0
2026-03-09,14,25179.0,4.42,7.9,6888.0,7140.0,8415.0,19.52,19.47,15.95,22444.0
2026-03-09,15,25339.0,4.65,8.02,7043.0,7345.0,8353.0,20.26,20.17,15.71,22741.0
2026-03-09,16,25076.0,4.71,7.92,8173.0,8570.0,9719.0,26.42,26.12,20.41,26462.0
2026-03-09,17,25049.0,4.36,7.58,8784.0,9244.0,11146.0,30.31,29.84,25.38,29174.0
2026-03-09,18,25333.0,3.91,6.92,8761.0,9173.0,11462.0,30.3,29.83,26.78,29396.0
2026-03-09,19,25305.0,3.49,6.54,8659.0,9014.0,10875.0,29.85,29.41,25.05,28548.0
2026-03-09,20,25066.0,3.18,6.32,8302.0,8633.0,10220.0,27.56,27.2,22.75,27155.0
2026-03-09,21,25277.0,3.0,6.11,8120.0,8455.0,8938.0,26.6,26.27,18.42,25513.0
2026-03-09,22,25552.0,3.2,5.99,6107.0,7172.0,6218.0,18.53,18.52,10.77,19497.0
2026-03-09,23,25166.0,4.07,5.9,-229.0,9525.0,5057.0,10.23,10.64,7.99,14353.0
2026-03-10,0,16682.0,4.7,5.96,-216.0,9681.0,5183.0,9.77,10.19,7.98,14649.0
2026-03-10,1,16703.0,4.85,6.06,-218.0,9529.0,5155.0,9.68,10.1,7.99,14466.0
2026-03-10,2,17295.0,5.11,6.13,-226.0,8918.0,5153.0,8.89,9.33,7.99,13845.0
2026-03-10,3,17416.0,5.44,6.21,-225.0,8657.0,5025.0,8.67,9.11,7.99,13457.0
2026-03-10,4,20143.0,5.69,6.32,-222.0,11703.0,7332.0,14.27,14.61,14.1,18814.0
2026-03-10,5,22765.0,5.62,6.32,4710.0,10889.0,9949.0,23.78,23.76,22.17,25548.0
2026-03-10,6,23087.0,5.14,6.28,7125.0,10259.0,11285.0,28.42,28.13,25.86,28669.0
2026-03-10,7,22888.0,4.42,6.31,9160.0,9617.0,11518.0,32.3,31.8,26.25,30295.0
2026-03-10,8,23599.0,3.71,6.55,8991.0,9428.0,10918.0,31.61,31.14,24.46,29338.0
2026-03-10,9,24092.0,3.2,6.98,8655.0,9081.0,9427.0,29.82,29.41,20.36,27163.0
2026-03-10,10,24655.0,3.05,7.36,7809.0,8091.0,7081.0,25.17,24.95,13.94,22982.0
2026-03-10,11,24368.0,3.34,7.55,6941.0,7135.0,6334.0,19.92,19.88,11.8,20410.0
2026-03-10,12,24288.0,3.67,7.68,7233.0,7514.0,6208.0,21.23,21.12,11.27,20955.0
2026-03-10,13,24662.0,3.92,7.75,7433.0,7725.0,6687.0,21.85,21.71,12.65,21844.0
2026-03-10,14,25273.0,4.19,7.92,7499.0,7811.0,6758.0,22.34,22.19,12.81,22067.0
2026-03-10,15,25111.0,4.46,7.86,7417.0,7713.0,7178.0,21.97,21.83,13.98,22309.0
2026-03-10,16,24767.0,4.57,7.89,8248.0,8650.0,8971.0,26.81,26.5,20.07,25869.0
2026-03-10,17,24762.0,4.17,7.65,8889.0,9314.0,11299.0,30.49,30.02,27.17,29502.0
2026-03-10,18,25150.0,3.63,7.08,8876.0,9301.0,11990.0,30.83,30.35,27.63,30167.0
2026-03-10,19,24715.0,3.14,6.66,8713.0,9145.0,10894.0,30.02,29.56,24.29,28752.0
2026-03-10,20,24785.0,2.72,6.41,8652.0,9056.0,10571.0,29.56,29.13,23.41,28279.0
2026-03-10,21,25035.0,2.4,6.28,8130.0,8471.0,9587.0,26.81,26.49,20.27,26187.0
2026-03-10,22,25429.0,2.5,6.18,6937.0,7119.0,7204.0,20.22,20.12,12.94,21260.0
2026-03-10,23,24781.0,3.14,6.11,4051.0,6476.0,5275.0,12.68,12.91,8.49,15802.0
2026-03-11,0,21688.0,3.96,6.06,-242.0,10044.0,5400.0,10.3,10.71,8.47,15203.0
2026-03-11,1,19344.0,4.45,6.08,-208.0,9139.0,5389.0,9.11,9.54,8.41,14321.0
2026-03-11,2,19244.0,4.95,6.08,-209.0,8671.0,5145.0,8.67,9.11,8.05,13607.0
2026-03-11,3,18935.0,5.46,6.12,-208.0,8624.0,5295.0,8.61,9.05,8.41,13710.0
2026-03-11,4,19543.0,5.73,6.19,2432.0,8696.0,7245.0,13.78,14.03,13.82,18373.0
2026-03-11,5,21800.0,5.68,6.17,7125.0,7642.0,9170.0,22.31,22.16,19.79,23937.0
2026-03-11,6,22214.0,5.26,6.15,8316.0,8805.0,10922.0,27.94,27.57,24.89,28043.0
2026-03-11,7,22733.0,4.53,6.24,8863.0,9343.0,11559.0,30.48,30.03,27.09,29764.0
2026-03-11,8,23537.0,3.87,6.4,8863.0,9355.0,10832.0,30.94,30.49,24.57,29051.0
2026-03-11,9,24087.0,3.33,6.9,8774.0,9264.0,10160.0,30.46,30.03,22.22,28198.0
2026-03-11,10,24872.0,3.02,7.23,8443.0,8883.0,8204.0,28.45,28.09,15.56,25530.0
2026-03-11,11,24908.0,3.15,7.34,6971.0,7220.0,7763.0,19.81,19.76,14.0,21954.0
2026-03-11,12,25210.0,3.38,7.59,7363.0,6903.0,7794.0,19.92,19.82,13.91,22060.0
2026-03-11,13,25014.0,3.64,7.54,8936.0,4942.0,8199.0,19.29,19.08,15.0,22077.0
2026-03-11,14,24920.0,3.88,7.48,8892.0,4931.0,8275.0,19.31,19.08,15.71,22098.0
2026-03-11,15,25732.0,4.15,7.46,8118.0,5837.0,8389.0,19.24,19.07,15.7,22344.0
2026-03-11,16,25134.0,4.32,7.32,7765.0,8046.0,9713.0,23.63,23.42,20.16,25523.0
2026-03-11,17,25125.0,4.0,7.03,8736.0,9193.0,11540.0,29.58,29.13,27.18,29470.0
2026-03-11,18,25498.0,3.51,6.72,8621.0,9025.0,11381.0,29.27,28.84,26.68,29027.0
2026-03-11,19,25672.0,3.22,6.51,8341.0,8680.0,10492.0,27.91,27.52,23.75,27513.0
2026-03-11,20,25842.0,3.03,6.36,8386.0,8746.0,9952.0,28.27,27.88,21.96,27084.0
2026-03-11,21,25862.0,2.94,6.23,7892.0,8180.0,8972.0,25.38,25.1,18.63,25043.0
2026-03-11,22,25496.0,3.14,6.14,5801.0,8238.0,6448.0,20.5,20.45,11.63,20487.0
2026-03-11,23,20603.0,3.75,6.11,-255.0,9286.0,4804.0,10.08,10.49,7.51,13835.0
2026-03-12,0,18077.0,4.25,6.14,-212.0,9572.0,4953.0,9.68,10.1,7.51,14313.0
2026-03-12,1,17642.0,4.56,6.18,-204.0,9172.0,4923.0,9.21,9.64,7.52,13890.0
2026-03-12,2,17451.0,4.94,6.25,-194.0,8195.0,5086.0,8.15,8.6,7.99,13086.0
2026-03-12,3,17265.0,5.38,6.31,-175.0,7370.0,5190.0,7.07,7.54,7.99,12385.0
2026-03-12,4,19375.0,5.7,6.39,2284.0,8142.0,7261.0,12.5,12.8,13.83,17687.0
2026-03-12,5,21875.0,5.66,6.07,7182.0,7622.0,9262.0,22.18,22.04,20.24,24067.0
2026-03-12,6,22340.0,5.32,5.81,7848.0,8295.0,10085.0,25.91,25.63,22.94,26228.0
2026-03-12,7,23089.0,4.86,5.81,8085.0,8523.0,10532.0,26.95,26.61,23.89,27139.0
2026-03-12,8,23710.0,4.46,5.96,8361.0,8766.0,9877.0,28.37,28.04,21.93,27004.0
2026-03-12,9,24124.0,4.15,6.62,8046.0,8435.0,9538.0,26.4,26.15,20.7,26019.0
2026-03-12,10,24576.0,4.06,7.26,7762.0,8113.0,7658.0,24.48,24.29,14.55,23534.0
2026-03-12,11,23935.0,4.19,6.94,7083.0,7408.0,7190.0,20.73,20.65,12.78,21680.0
2026-03-12,12,24215.0,4.4,6.92,6804.0,7118.0,7350.0,19.29,19.24,12.78,21272.0
2026-03-12,13,24082.0,4.68,7.24,6593.0,6897.0,7335.0,18.07,18.08,12.78,20824.0
2026-03-12,14,24500.0,4.99,7.47,6584.0,6903.0,7330.0,18.06,18.08,12.78,20818.0
2026-03-12,15,21765.0,5.16,7.54,6759.0,7075.0,7820.0,19.04,19.01,14.19,21654.0
2026-03-12,16,22176.0,5.08,7.4,7009.0,7313.0,8874.0,20.34,20.24,17.58,23197.0
2026-03-12,17,23943.0,4.8,7.18,8112.0,8505.0,10626.0,26.29,25.98,23.74,27242.0
2026-03-12,18,24984.0,4.43,6.77,8385.0,8811.0,11064.0,28.43,28.04,25.78,28261.0
2026-03-12,19,23410.0,4.07,6.52,8381.0,8806.0,10172.0,28.68,28.3,22.87,27359.0
2026-03-12,20,22198.0,3.58,6.42,7829.0,8181.0,9984.0,25.34,25.06,21.93,25994.0
2026-03-12,21,23782.0,3.32,6.34,7558.0,7846.0,9235.0,23.82,23.6,19.48,24639.0
2026-03-12,22,24162.0,3.52,6.29,4955.0,5982.0,6881.0,16.64,16.75,12.55,17817.0
2026-03-12,23,22123.0,4.36,6.25,6.0,6972.0,5374.0,8.59,9.03,8.93,12351.0
2026-03-13,0,15344.0,4.99,6.29,-197.0,6896.0,5416.0,8.01,8.46,8.49,12115.0
2026-03-13,1,13834.0,5.14,6.35,-186.0,7571.0,5169.0,8.03,8.48,8.34,12554.0
2026-03-13,2,14030.0,5.22,6.43,-191.0,8034.0,5136.0,7.96,8.41,8.27,12980.0
2026-03-13,3,16232.0,5.34,6.5,-200.0,8074.0,5150.0,8.0,8.45,8.37,13024.0
2026-03-13,4,18465.0,5.61,6.53,-217.0,11236.0,6507.0,13.32,13.66,11.96,17526.0
2026-03-13,5,19931.0,5.51,6.53,4169.0,9786.0,8511.0,20.11,20.17,17.93,22466.0
2026-03-13,6,22196.0,5.13,6.5,6422.0,9700.0,10441.0,25.25,25.06,23.56,26563.0
2026-03-13,7,22623.0,4.51,6.58,8870.0,9349.0,11155.0,31.08,30.63,25.77,29373.0
2026-03-13,8,23352.0,3.86,6.84,8690.0,9130.0,10546.0,30.12,29.72,23.9,28366.0
2026-03-13,9,24141.0,3.41,7.28,8561.0,8993.0,9444.0,29.55,29.15,19.96,26998.0
2026-03-13,10,24828.0,3.29,7.67,7868.0,8229.0,7552.0,25.27,25.03,14.03,23649.0
2026-03-13,11,24814.0,3.45,7.88,7193.0,7493.0,7263.0,21.32,21.2,12.84,21950.0
2026-03-13,12,25363.0,3.75,7.97,6669.0,6884.0,7962.0,18.67,18.65,14.58,21516.0
2026-03-13,13,25288.0,4.11,8.1,6515.0,6729.0,8152.0,17.8,17.83,15.05,21396.0
2026-03-13,14,24783.0,4.4,8.27,6746.0,7004.0,8162.0,19.02,19.01,15.19,21912.0
2026-03-13,15,24378.0,4.62,8.34,6729.0,7001.0,8219.0,18.89,18.88,15.19,21949.0
2026-03-13,16,24125.0,4.67,8.22,7919.0,8299.0,9724.0,25.13,24.88,20.25,25942.0
2026-03-13,17,24089.0,4.26,7.86,8668.0,9096.0,10856.0,29.46,29.03,24.48,28619.0
2026-03-13,18,24702.0,3.77,7.18,8670.0,9128.0,11087.0,30.08,29.63,25.28,28885.0
2026-03-13,19,25130.0,3.41,6.8,8203.0,8579.0,10745.0,27.38,27.04,23.85,27527.0
2026-03-13,20,25333.0,3.15,6.64,8351.0,8723.0,10260.0,28.29,27.92,22.48,27333.0
2026-03-13,21,25188.0,2.99,6.55,7747.0,8044.0,8938.0,24.87,24.61,18.38,24728.0
2026-03-13,22,25216.0,3.26,6.47,5041.0,7233.0,6640.0,16.52,16.6,11.76,18914.0
2026-03-13,23,23417.0,4.14,6.43,-220.0,8666.0,5254.0,9.23,9.65,8.45,13700.0
2026-03-14,0,17248.0,4.67,6.54,-207.0,8952.0,5415.0,8.66,9.11,8.45,14160.0
2026-03-14,1,17502.0,5.01,6.59,-203.0,8644.0,5365.0,8.53,8.96,8.45,13805.0
2026-03-14,2,15596.0,5.25,6.62,-199.0,8093.0,5303.0,7.9,8.36,8.45,13197.0
2026-03-14,3,16224.0,5.53,6.64,-190.0,7840.0,5344.0,7.65,8.11,8.46,12994.0
2026-03-14,4,17442.0,5.72,6.69,-159.0,11190.0,5153.0,13.35,13.68,8.45,16185.0
2026-03-14,5,19284.0,5.59,6.73,4657.0,10306.0,6686.0,22.38,22.39,12.4,21650.0
2026-03-14,6,22416.0,5.29,6.7,6479.0,10271.0,9611.0,27.1,26.88,20.73,26361.0
2026-03-14,7,23107.0,4.77,6.78,8492.0,8965.0,11285.0,28.53,28.14,26.04,28743.0
2026-03-14,8,23523.0,4.17,7.08,8560.0,9015.0,11323.0,28.99,28.61,26.38,28897.0
2026-03-14,9,23957.0,3.59,7.55,8509.0,8978.0,11341.0,28.6,28.24,26.75,28828.0
2026-03-14,10,24695.0,3.13,7.93,8309.0,8718.0,10977.0,27.65,27.33,25.63,28004.0
2026-03-14,11,24927.0,2.82,8.15,8124.0,8519.0,10133.0,26.27,26.0,22.51,26776.0
2026-03-14,12,25752.0,2.71,8.19,7846.0,8195.0,9006.0,24.33,24.1,18.24,25046.0
2026-03-14,13,26283.0,2.8,8.25,7927.0,8251.0,8794.0,24.55,24.31,17.12,24972.0
2026-03-14,14,26323.0,2.91,8.43,7773.0,8080.0,8818.0,23.98,23.75,17.11,24670.0
2026-03-14,15,26250.0,3.04,8.46,7757.0,8111.0,8830.0,23.96,23.75,17.12,24698.0
2026-03-14,16,26103.0,3.07,8.38,8187.0,8570.0,10257.0,26.4,26.08,21.89,27014.0
2026-03-14,17,26211.0,2.81,7.73,8620.0,9039.0,11437.0,28.89,28.46,26.86,29095.0
2026-03-14,18,26501.0,2.48,7.21,8500.0,8837.0,11780.0,28.34,27.95,28.04,29117.0
2026-03-14,19,26692.0,2.24,6.89,8270.0,8613.0,11007.0,27.46,27.1,25.52,27890.0
2026-03-14,20,26744.0,2.17,6.73,7641.0,7877.0,10332.0,24.05,23.82,23.23,25850.0
2026-03-14,21,26665.0,2.39,6.66,6514.0,6605.0,9203.0,18.08,18.07,19.01,22322.0
2026-03-14,22,26546.0,3.0,6.57,4273.0,6630.0,7102.0,12.9,13.14,12.68,18005.0
2026-03-14,23,25841.0,3.94,6.5,174.0,8986.0,5700.0,9.54,9.96,9.59,14859.0
2026-03-15,0,19906.0,4.73,6.46,-206.0,9862.0,5705.0,9.38,9.81,9.06,15361.0
2026-03-15,1,18320.0,5.03,6.44,-186.0,9693.0,5634.0,9.36,9.78,8.94,15141.0
2026-03-15,2,18289.0,5.34,6.43,-191.0,9379.0,5497.0,9.18,9.61,8.92,14685.0
2026-03-15,3,17828.0,5.65,6.43,-201.0,9335.0,5436.0,9.28,9.71,8.79,14569.0
2026-03-15,4,16483.0,5.79,6.48,1993.0,9114.0,5542.0,13.06,13.35,9.5,16649.0
2026-03-15,5,21636.0,5.77,6.49,6887.0,7907.0,6311.0,22.18,22.05,11.59,21104.0
2026-03-15,6,22176.0,5.64,6.47,7817.0,8285.0,8563.0,25.95,25.65,17.93,24665.0
2026-03-15,7,23061.0,5.25,6.58,8151.0,8629.0,10571.0,27.28,26.96,24.26,27352.0
2026-03-15,8,23335.0,4.77,6.87,8264.0,8770.0,10900.0,27.56,27.24,25.01,27933.0
2026-03-15,9,23857.0,4.26,7.33,8438.0,8940.0,11270.0,28.04,27.7,26.21,28649.0
2026-03-15,10,24521.0,3.77,7.69,8444.0,8871.0,11027.0,27.98,27.63,25.76,28342.0
2026-03-15,11,24968.0,3.4,7.91,8196.0,8629.0,10514.0,26.57,26.28,23.84,27340.0
2026-03-15,12,25619.0,3.3,7.95,7590.0,7967.0,8975.0,23.24,23.06,18.11,24532.0
2026-03-15,13,25604.0,3.41,8.09,7687.0,8044.0,8232.0,23.6,23.41,15.58,23963.0
2026-03-15,14,25432.0,3.52,8.25,7492.0,7835.0,8607.0,22.73,22.57,16.65,23935.0
2026-03-15,15,25322.0,3.63,8.41,7485.0,7815.0,8521.0,22.73,22.56,16.64,23821.0
2026-03-15,16,25611.0,3.71,8.37,7935.0,8358.0,9149.0,25.32,25.05,18.79,25442.0
2026-03-15,17,25819.0,3.57,8.02,8198.0,8641.0,10686.0,27.09,26.74,24.17,27526.0
2026-03-15,18,25717.0,3.35,7.38,8178.0,8576.0,10812.0,27.08,26.75,25.09,27565.0
2026-03-15,19,25409.0,3.17,6.96,8073.0,8495.0,9702.0,26.88,26.55,21.58,26269.0
2026-03-15,20,24174.0,3.05,6.68,7667.0,7979.0,9604.0,24.41,24.18,20.97,25250.0
2026-03-15,21,22854.0,2.95,6.54,6024.0,6832.0,9052.0,17.77,17.79,19.18,21908.0
2026-03-15,22,21782.0,3.24,6.48,1005.0,9165.0,6287.0,12.03,12.37,11.2,16458.0
2026-03-15,23,19584.0,3.86,6.53,-218.0,7658.0,4776.0,7.82,8.28,7.62,12216.0
2026-03-16,0,16823.0,4.41,6.55,-205.0,8223.0,4988.0,7.65,8.11,7.49,13006.0
2026-03-16,1,15989.0,4.71,6.57,-201.0,8010.0,4863.0,7.62,8.09,7.49,12671.0
2026-03-16,2,14519.0,5.02,6.64,-191.0,7076.0,4779.0,6.64,7.13,7.5,11664.0
2026-03-16,3,14738.0,5.2,6.71,-195.0,7167.0,4779.0,6.79,7.27,7.5,11751.0
2026-03-16,4,19595.0,5.61,6.71,761.0,8186.0,6816.0,10.17,10.56,12.71,15762.0
2026-03-16,5,20767.0,5.73,6.7,5736.0,7153.0,8418.0,18.0,18.01,17.66,21308.0
2026-03-16,6,21681.0,5.43,6.62,7714.0,8186.0,10653.0,24.92,24.66,24.47,26552.0
2026-03-16,7,22713.0,4.81,6.65,8221.0,8684.0,11299.0,27.71,27.36,26.42,28204.0
2026-03-16,8,23164.0,4.29,6.78,8060.0,8502.0,10900.0,26.81,26.51,25.16,27462.0
2026-03-16,9,23608.0,3.97,6.95,7406.0,7746.0,9709.0,23.22,23.06,20.88,24861.0
2026-03-16,10,24077.0,3.94,7.13,6968.0,7284.0,8018.0,20.68,20.62,15.13,22270.0
2026-03-16,11,24217.0,4.16,7.34,6560.0,6790.0,7796.0,18.04,18.07,14.24,21146.0
2026-03-16,12,24747.0,4.44,7.75,6585.0,6857.0,7855.0,18.05,18.08,14.24,21296.0
2026-03-16,13,24791.0,4.75,7.99,6532.0,6805.0,7876.0,17.99,18.01,14.24,21214.0
2026-03-16,14,25056.0,5.1,7.86,6425.0,6706.0,7794.0,17.57,17.58,14.24,20926.0
2026-03-16,15,22258.0,5.29,7.43,6714.0,7039.0,7932.0,19.06,19.0,14.78,21685.0
2026-03-16,16,21517.0,5.21,7.08,7109.0,7468.0,8851.0,20.92,20.81,17.36,23428.0
2026-03-16,17,22901.0,4.87,7.08,7629.0,7970.0,10324.0,23.68,23.45,22.81,25923.0
2026-03-16,18,23659.0,4.52,7.05,8114.0,8517.0,10971.0,26.85,26.52,25.32,27602.0
2026-03-16,19,23404.0,4.07,6.91,8187.0,8559.0,10441.0,27.05,26.71,23.86,27188.0
2026-03-16,20,23674.0,3.7,6.83,8261.0,8688.0,9714.0,27.7,27.34,21.27,26663.0
2026-03-16,21,23693.0,3.42,6.79,7800.0,8211.0,8818.0,25.43,25.16,18.25,24829.0
2026-03-16,22,23926.0,3.52,6.78,5933.0,6932.0,6791.0,17.8,17.81,12.3,19656.0
2026-03-16,23,21891.0,4.18,6.79,-206.0,8521.0,5656.0,9.05,9.48,9.42,13972.0
2026-03-17,0,17328.0,4.64,6.82,-197.0,9035.0,5845.0,8.85,9.28,9.38,14684.0
2026-03-17,1,17223.0,4.86,6.88,-181.0,8934.0,5618.0,8.96,9.4,9.12,14371.0
2026-03-17,2,17002.0,5.12,6.89,-189.0,8691.0,5463.0,8.89,9.33,9.05,13965.0
2026-03-17,3,16830.0,5.38,6.62,-195.0,8742.0,5384.0,9.03,9.46,9.15,13931.0
2026-03-17,4,17900.0,5.6,6.54,-201.0,9954.0,5843.0,11.1,11.49,10.54,15596.0
2026-03-17,5,20167.0,5.66,6.58,3419.0,9974.0,8002.0,18.8,18.92,16.12,21394.0
2026-03-17,6,21678.0,5.39,6.58,6319.0,9141.0,10093.0,23.94,23.79,22.31,25554.0
2026-03-17,7,22240.0,4.82,6.71,8413.0,8897.0,10617.0,28.51,28.15,24.02,27927.0
2026-03-17,8,23057.0,4.3,7.12,8284.0,8757.0,10220.0,27.98,27.66,22.9,27261.0
2026-03-17,9,23446.0,3.86,7.59,8332.0,8840.0,9272.0,28.36,28.0,19.76,26443.0
2026-03-17,10,24125.0,3.7,7.91,7936.0,8342.0,7266.0,26.03,25.78,13.41,23544.0
2026-03-17,11,24045.0,3.82,7.98,6901.0,7218.0,7282.0,20.36,20.29,12.94,21402.0
2026-03-17,12,24164.0,4.07,7.84,6737.0,6998.0,7621.0,19.2,19.17,13.74,21356.0
2026-03-17,13,24357.0,4.3,7.97,6639.0,6893.0,8014.0,18.39,18.39,14.73,21546.0
2026-03-17,14,24527.0,4.56,8.05,6674.0,6962.0,8013.0,18.47,18.48,14.73,21649.0
2026-03-17,15,24506.0,4.77,8.06,6914.0,7242.0,8011.0,19.74,19.67,14.89,22167.0
2026-03-17,16,24145.0,4.88,7.89,7389.0,7763.0,9098.0,22.41,22.24,18.11,24251.0
2026-03-17,17,24063.0,4.61,7.58,8468.0,8885.0,10746.0,28.29,27.9,24.13,28099.0
2026-03-17,18,23677.0,4.12,7.19,8671.0,9129.0,10519.0,30.0,29.53,23.64,28319.0
2026-03-17,19,23814.0,3.67,6.99,8379.0,8784.0,10124.0,28.44,28.06,22.32,27288.0
2026-03-17,20,24092.0,3.32,6.9,8255.0,8662.0,9909.0,27.51,27.14,21.51,26826.0
2026-03-17,21,24364.0,3.08,6.82,8141.0,8507.0,8828.0,26.67,26.34,17.98,25476.0
2026-03-17,22,24640.0,3.12,6.76,5919.0,8020.0,6458.0,19.97,19.92,11.23,20397.0
2026-03-17,23,25956.0,3.86,6.7,-221.0,10543.0,6015.0,10.85,11.24,9.48,16337.0
2026-03-18,0,20895.0,4.57,6.7,-194.0,9851.0,6474.0,9.93,10.35,10.85,16130.0
2026-03-18,1,18866.0,4.88,6.72,-188.0,9781.0,5976.0,10.12,10.53,9.96,15569.0
2026-03-18,2,17625.0,5.22,6.73,-192.0,8939.0,5693.0,8.99,9.42,9.25,14441.0
2026-03-18,3,16415.0,5.45,6.8,-201.0,8665.0,5515.0,8.67,9.11,8.95,13979.0
2026-03-18,4,20363.0,5.68,6.78,-150.0,11882.0,6646.0,14.63,14.94,12.39,18378.0
2026-03-18,5,21261.0,5.59,6.77,4891.0,10754.0,8463.0,23.96,23.93,17.81,24108.0
2026-03-18,6,22681.0,5.19,6.74,7229.0,9775.0,10490.0,27.72,27.44,23.6,27494.0
2026-03-18,7,22791.0,4.55,6.6,8857.0,9319.0,10866.0,31.29,30.8,24.87,29042.0
2026-03-18,8,23264.0,3.99,6.69,8684.0,9101.0,9795.0,30.31,29.88,21.58,27579.0
2026-03-18,9,23591.0,3.58,7.3,8543.0,8924.0,8996.0,29.32,28.94,19.07,26463.0
2026-03-18,10,24326.0,3.39,7.87,8226.0,8597.0,7471.0,27.16,26.86,13.77,24294.0
2026-03-18,11,24521.0,3.46,8.05,7442.0,7707.0,7184.0,22.46,22.31,12.61,22333.0
2026-03-18,12,24660.0,3.69,7.97,7183.0,7357.0,7328.0,20.6,20.51,13.02,21869.0
2026-03-18,13,24803.0,3.95,7.84,6956.0,7212.0,7610.0,19.63,19.57,13.48,21777.0
2026-03-18,14,24260.0,4.18,7.79,6912.0,7160.0,7850.0,19.63,19.56,14.26,21922.0
2026-03-18,15,24480.0,4.36,7.77,6879.0,7098.0,8248.0,19.28,19.21,15.57,22226.0
2026-03-18,16,24130.0,4.43,7.63,7562.0,7895.0,9358.0,23.13,22.93,18.92,24816.0
2026-03-18,17,24272.0,4.13,7.39,8623.0,9030.0,10548.0,29.08,28.67,23.47,28200.0
2026-03-18,18,24865.0,3.66,7.03,8775.0,9206.0,10898.0,30.31,29.86,25.22,28879.0
2026-03-18,19,25193.0,3.27,6.83,8562.0,8975.0,10220.0,29.58,29.16,22.76,27757.0
2026-03-18,20,25316.0,3.04,6.73,8308.0,8710.0,9980.0,27.85,27.47,21.81,26998.0
2026-03-18,21,25517.0,2.87,6.65,8412.0,8787.0,8977.0,28.36,27.97,18.43,26176.0
2026-03-18,22,25881.0,2.92,6.59,7528.0,7840.0,6901.0,23.77,23.56,12.54,22269.0
2026-03-18,23,25256.0,3.57,6.54,4285.0,6368.0,4984.0,12.97,13.19,8.12,15636.0
2026-03-19,0,19751.0,4.32,6.52,-240.0,9793.0,4858.0,10.0,10.41,7.5,14410.0
2026-03-19,1,17365.0,4.7,6.54,-220.0,9020.0,4973.0,8.97,9.4,7.55,13773.0
2026-03-19,2,17355.0,5.03,6.58,-207.0,8850.0,5042.0,8.89,9.32,7.99,13685.0
2026-03-19,3,18509.0,5.44,6.61,-215.0,8849.0,5139.0,9.02,9.45,7.98,13773.0
2026-03-19,4,20032.0,5.77,6.6,1185.0,10095.0,7012.0,13.93,14.22,13.0,18292.0
2026-03-19,5,20644.0,5.67,6.59,6958.0,7630.0,8711.0,21.74,21.61,18.14,23299.0
2026-03-19,6,21852.0,5.25,6.54,8014.0,8490.0,10240.0,26.18,25.87,22.58,26744.0
2026-03-19,7,22231.0,4.59,6.65,8780.0,9279.0,11116.0,30.21,29.77,25.54,29175.0
2026-03-19,8,22858.0,3.93,6.94,8613.0,9046.0,10554.0,29.37,28.99,23.77,28213.0
2026-03-19,9,23247.0,3.43,7.2,8580.0,9027.0,9752.0,29.36,28.98,21.09,27359.0
2026-03-19,10,24036.0,3.11,7.51,8428.0,8846.0,7534.0,28.15,27.81,13.98,24808.0
2026-03-19,11,24197.0,3.12,7.72,7810.0,8156.0,6907.0,24.29,24.08,12.82,22873.0
2026-03-19,12,24795.0,3.33,7.73,7046.0,7316.0,6767.0,20.14,20.07,13.1,21129.0
2026-03-19,13,25395.0,3.68,7.76,7046.0,7323.0,7234.0,20.14,20.07,14.21,21604.0
2026-03-19,14,24835.0,3.96,7.8,7051.0,7362.0,7893.0,20.13,20.07,14.74,22306.0
2026-03-19,15,24779.0,4.14,7.74,7095.0,7389.0,8146.0,20.31,20.2,14.75,22629.0
2026-03-19,16,24538.0,4.21,7.63,7891.0,8318.0,9123.0,24.76,24.47,17.79,25333.0
2026-03-19,17,24560.0,3.88,7.35,8780.0,9240.0,10879.0,29.95,29.48,24.25,28899.0
2026-03-19,18,24227.0,3.36,6.96,8779.0,9223.0,11351.0,30.26,29.81,26.22,29354.0
2026-03-19,19,24528.0,2.85,6.74,8718.0,9136.0,10649.0,30.17,29.72,23.86,28503.0
2026-03-19,20,25162.0,2.52,6.63,8398.0,8781.0,10106.0,28.24,27.86,21.99,27285.0
2026-03-19,21,25315.0,2.32,6.54,8186.0,8555.0,9115.0,26.87,26.54,18.63,25856.0
2026-03-19,22,25382.0,2.36,6.47,6414.0,8649.0,7356.0,22.64,22.5,12.66,22419.0
2026-03-19,23,25565.0,3.01,6.41,-242.0,9677.0,5786.0,10.58,10.98,9.2,15221.0
2026-03-20,0,22082.0,3.9,6.39,-209.0,10178.0,5343.0,10.46,10.86,8.1,15312.0
2026-03-20,1,20517.0,4.46,6.39,-169.0,9177.0,5856.0,9.18,9.61,9.39,14864.0
2026-03-20,2,19001.0,4.92,6.4,-184.0,9010.0,5497.0,9.18,9.61,8.87,14323.0
2026-03-20,3,19330.0,5.39,6.41,-193.0,9034.0,5471.0,9.19,9.62,8.75,14312.0
2026-03-20,4,19323.0,5.72,6.45,1568.0,9601.0,6339.0,13.56,13.86,11.18,17508.0
2026-03-20,5,22595.0,5.73,6.46,7272.0,7783.0,8494.0,22.92,22.77,17.64,23549.0
2026-03-20,6,22221.0,5.38,6.46,8192.0,8667.0,10794.0,27.37,27.04,24.62,27653.0
2026-03-20,7,22975.0,4.71,6.5,8823.0,9292.0,11280.0,30.45,30.03,26.17,29395.0
2026-03-20,8,23385.0,4.1,6.61,8682.0,9160.0,10484.0,30.01,29.6,23.69,28326.0
2026-03-20,9,23800.0,3.67,6.96,8311.0,8748.0,9736.0,27.84,27.5,20.62,26795.0
2026-03-20,10,25511.0,3.48,7.29,8091.0,8488.0,8281.0,26.35,26.06,15.76,24860.0
2026-03-20,11,25863.0,3.64,7.35,7494.0,7816.0,7660.0,22.76,22.61,13.81,22969.0
2026-03-20,12,26348.0,3.94,7.36,7109.0,7371.0,7859.0,20.48,20.39,14.18,22338.0
2026-03-20,13,26115.0,4.29,7.47,7388.0,6870.0,8096.0,19.96,19.84,14.69,22354.0
2026-03-20,14,25376.0,4.55,7.57,7643.0,6836.0,8741.0,20.38,20.25,16.8,23221.0
2026-03-20,15,25286.0,4.75,7.49,6269.0,8094.0,8261.0,20.01,19.98,15.41,22623.0
2026-03-20,16,23725.0,4.83,7.09,7378.0,8268.0,9281.0,23.22,23.03,18.26,24926.0
2026-03-20,17,23940.0,4.48,6.89,8524.0,8984.0,11023.0,28.63,28.22,24.81,28531.0
2026-03-20,18,25570.0,3.97,6.73,9028.0,9489.0,11106.0,31.82,31.32,25.45,29624.0
2026-03-20,19,25180.0,3.64,6.59,8441.0,8824.0,9943.0,28.55,28.15,21.61,27209.0
2026-03-20,20,25130.0,3.42,6.51,8227.0,8584.0,9781.0,27.52,27.16,21.16,26593.0
2026-03-20,21,25192.0,3.28,6.47,7927.0,8249.0,9359.0,25.83,25.54,19.6,25534.0
2026-03-20,22,25491.0,3.43,6.43,6605.0,7092.0,6587.0,19.48,19.42,11.7,20284.0
2026-03-20,23,24009.0,4.2,6.38,-96.0,8846.0,5326.0,9.53,9.95,8.7,14076.0
2026-03-21,0,17537.0,4.82,6.4,-201.0,9402.0,5498.0,9.39,9.81,8.5,14699.0
2026-03-21,1,17380.0,5.06,6.46,-178.0,9145.0,5377.0,9.39,9.82,8.5,14344.0
2026-03-21,2,17319.0,5.33,6.53,-190.0,9127.0,5292.0,9.49,9.92,8.48,14229.0
2026-03-21,3,17404.0,5.62,6.59,-201.0,8934.0,5214.0,9.34,9.76,8.33,13947.0
2026-03-21,4,14468.0,5.72,6.66,-214.0,10974.0,5368.0,12.88,13.23,8.88,16128.0
2026-03-21,5,20293.0,5.6,6.68,4250.0,9918.0,6249.0,20.5,20.55,10.8,20417.0
2026-03-21,6,22428.0,5.39,6.69,7519.0,9073.0,9332.0,26.69,26.4,19.43,25924.0
2026-03-21,7,23343.0,4.86,6.89,8537.0,9026.0,11758.0,28.79,28.42,27.23,29321.0
2026-03-21,8,24144.0,4.24,7.21,8519.0,8983.0,11858.0,28.76,28.39,27.82,29360.0
2026-03-21,9,24613.0,3.72,7.46,8366.0,8769.0,11760.0,27.66,27.32,27.5,28895.0
2026-03-21,10,25334.0,3.31,7.8,8338.0,8750.0,11214.0,27.62,27.28,25.79,28303.0
2026-03-21,11,25992.0,3.06,7.92,8047.0,8411.0,10365.0,25.64,25.37,22.68,26823.0
2026-03-21,12,26365.0,3.06,7.91,7707.0,8040.0,9153.0,23.55,23.36,18.25,24901.0
2026-03-21,13,26756.0,3.22,8.01,7798.0,8124.0,8412.0,23.99,23.78,16.69,24334.0
2026-03-21,14,26702.0,3.42,8.05,7657.0,8012.0,8377.0,23.56,23.37,16.77,24047.0
2026-03-21,15,26879.0,3.64,7.97,7702.0,8035.0,8742.0,23.54,23.33,16.91,24478.0
2026-03-21,16,26444.0,3.76,7.74,8071.0,8449.0,9273.0,25.49,25.2,17.97,25793.0
2026-03-21,17,26190.0,3.68,7.44,8593.0,9015.0,9678.0,28.64,28.23,19.2,27286.0
2026-03-21,18,25568.0,3.51,7.09,8557.0,9010.0,9406.0,28.69,28.27,18.55,26974.0
2026-03-21,19,25404.0,3.33,6.88,8558.0,9027.0,8767.0,28.84,28.44,16.68,26352.0
2026-03-21,20,25776.0,3.29,6.78,8010.0,8375.0,8514.0,25.62,25.33,15.92,24898.0
2026-03-21,21,25334.0,3.46,6.71,6750.0,6922.0,8273.0,19.06,19.0,15.22,21945.0
2026-03-21,22,25598.0,3.98,6.65,2971.0,7678.0,7124.0,12.62,12.89,11.97,17773.0
2026-03-21,23,18594.0,4.61,6.66,-182.0,8795.0,5810.0,9.17,9.6,9.2,14424.0
2026-03-22,0,17660.0,4.87,6.7,-151.0,8910.0,6371.0,8.67,9.1,10.3,15129.0
2026-03-22,1,16970.0,5.08,6.73,-137.0,8467.0,6389.0,8.21,8.66,10.58,14719.0
2026-03-22,2,16348.0,5.28,6.77,-147.0,8239.0,5968.0,8.16,8.61,9.82,14060.0
2026-03-22,3,16685.0,5.51,6.81,-152.0,8185.0,5799.0,8.16,8.61,9.5,13831.0
2026-03-22,4,17656.0,5.68,6.84,-188.0,10963.0,5477.0,12.87,13.22,9.03,16252.0
2026-03-22,5,19789.0,5.66,6.85,4452.0,10084.0,6370.0,21.56,21.59,11.57,20906.0
2026-03-22,6,23640.0,5.53,6.86,7573.0,8303.0,9118.0,25.49,25.24,19.35,24994.0
2026-03-22,7,23043.0,5.13,6.98,8127.0,8531.0,11310.0,26.92,26.6,25.97,27968.0
2026-03-22,8,23449.0,4.57,7.24,8454.0,8877.0,11647.0,28.2,27.86,26.75,28978.0
2026-03-22,9,23965.0,3.97,7.59,8482.0,8910.0,11963.0,28.08,27.71,27.82,29355.0
2026-03-22,10,24795.0,3.43,7.76,8444.0,8840.0,12030.0,27.83,27.47,28.25,29314.0
2026-03-22,11,25175.0,3.04,7.96,8083.0,8445.0,10938.0,25.69,25.42,24.38,27466.0
2026-03-22,12,25620.0,2.91,8.06,7648.0,7959.0,9524.0,23.39,23.19,19.27,25131.0
2026-03-22,13,25492.0,2.96,8.09,7605.0,7903.0,8719.0,23.06,22.88,16.63,24227.0
2026-03-22,14,25325.0,3.08,8.17,7517.0,7778.0,8399.0,22.56,22.39,15.82,23694.0
2026-03-22,15,25362.0,3.19,8.03,7522.0,7808.0,8462.0,22.89,22.69,15.95,23792.0
2026-03-22,16,25713.0,3.25,7.88,7999.0,8355.0,8657.0,25.43,25.14,16.35,25011.0
2026-03-22,17,26145.0,3.26,7.61,8412.0,8823.0,8881.0,27.84,27.44,16.98,26116.0
2026-03-22,18,25699.0,3.19,7.19,8406.0,8822.0,8995.0,28.14,27.75,17.28,26223.0
2026-03-22,19,25259.0,3.07,6.94,8231.0,8562.0,9989.0,27.35,27.0,21.28,26782.0
2026-03-22,20,25462.0,2.89,6.83,7593.0,7833.0,10580.0,23.81,23.59,23.66,26006.0
2026-03-22,21,25420.0,2.95,6.76,6516.0,6631.0,9221.0,18.33,18.31,19.03,22369.0
2026-03-22,22,23401.0,3.45,6.72,3786.0,5961.0,6851.0,11.64,11.9,11.99,16598.0
2026-03-22,23,16517.0,3.93,6.73,-190.0,7875.0,5180.0,8.34,8.78,8.31,12865.0
2026-03-23,0,17138.0,4.27,6.76,-183.0,8143.0,5214.0,7.79,8.25,7.87,13174.0
2026-03-23,1,17288.0,4.66,6.78,-174.0,8123.0,5159.0,7.86,8.31,7.87,13108.0
2026-03-23,2,17128.0,5.06,6.8,-178.0,8028.0,5101.0,7.93,8.37,7.9,12951.0
2026-03-23,3,16865.0,5.43,6.83,-193.0,8282.0,5093.0,8.41,8.85,8.13,13183.0
2026-03-23,4,18759.0,5.72,6.85,-218.0,10543.0,6159.0,12.22,12.58,11.01,16484.0
2026-03-23,5,20541.0,5.68,6.85,5034.0,8451.0,8572.0,19.19,19.24,17.57,22057.0
2026-03-23,6,21779.0,5.35,6.84,7991.0,8495.0,10697.0,26.35,26.06,23.7,27182.0
2026-03-23,7,22082.0,4.63,6.94,8703.0,9205.0,11185.0,29.78,29.38,25.09,29094.0
2026-03-23,8,22653.0,3.98,7.14,8440.0,8903.0,10673.0,28.4,28.04,23.42,28016.0
2026-03-23,9,23278.0,3.44,7.42,8622.0,9102.0,9737.0,29.42,29.03,20.22,27461.0
2026-03-23,10,23980.0,3.08,7.56,8375.0,9287.0,8649.0,29.1,28.73,16.59,26311.0
2026-03-23,11,23917.0,3.03,7.83,7070.0,7341.0,7895.0,20.3,20.24,14.27,22305.0
2026-03-23,12,24108.0,3.11,7.87,7422.0,7212.0,8215.0,20.85,20.72,15.35,22850.0
2026-03-23,13,24059.0,3.25,7.94,5239.0,8276.0,8440.0,17.87,17.97,15.81,21955.0
2026-03-23,14,24697.0,3.41,7.97,6709.0,7486.0,8560.0,19.61,19.58,16.16,22756.0
2026-03-23,15,24750.0,3.56,7.91,6571.0,7642.0,8518.0,19.62,19.57,16.18,22731.0
2026-03-23,16,24520.0,3.63,7.76,7767.0,8127.0,9344.0,23.8,23.57,18.91,25238.0
2026-03-23,17,25244.0,3.39,7.51,8556.0,9011.0,10508.0,28.69,28.27,23.13,28075.0
2026-03-23,18,25706.0,3.02,7.11,8788.0,9248.0,11057.0,30.31,29.84,25.28,29093.0
2026-03-23,19,25932.0,2.71,6.87,8579.0,9014.0,10339.0,29.39,28.98,23.06,27932.0
2026-03-23,20,25883.0,2.5,6.76,8410.0,8820.0,10101.0,28.43,28.03,22.2,27331.0
2026-03-23,21,26021.0,2.35,6.68,8204.0,8572.0,9123.0,27.26,26.9,19.01,25899.0
2026-03-23,22,26188.0,2.63,6.62,4183.0,8687.0,6322.0,17.54,17.61,11.16,19193.0
2026-03-23,23,23283.0,3.45,6.6,-233.0,9591.0,5226.0,10.52,10.92,8.51,14584.0
2026-03-24,0,18378.0,4.04,6.62,-171.0,8875.0,6085.0,8.62,9.05,9.89,14789.0
2026-03-24,1,18622.0,4.33,6.63,-152.0,8592.0,6108.0,8.47,8.91,10.08,14547.0
2026-03-24,2,18711.0,4.78,6.63,-156.0,8015.0,5626.0,7.83,8.28,9.27,13484.0
2026-03-24,3,18529.0,5.25,6.64,-152.0,7810.0,5838.0,7.69,8.15,9.89,13495.0
2026-03-24,4,20664.0,5.64,6.64,2921.0,8065.0,6493.0,13.65,13.89,11.66,17480.0
2026-03-24,5,22278.0,5.7,6.62,7392.0,7825.0,8361.0,23.22,23.04,17.38,23577.0
2026-03-24,6,22425.0,5.37,6.6,8112.0,8591.0,10896.0,26.89,26.57,24.87,27598.0
2026-03-24,7,22888.0,4.67,6.74,8761.0,9204.0,11558.0,30.02,29.61,27.3,29522.0
2026-03-24,8,23481.0,4.05,6.98,8524.0,8914.0,11160.0,28.86,28.5,26.32,28598.0
2026-03-24,9,24017.0,3.53,7.27,8592.0,9030.0,10155.0,29.49,29.1,22.52,27778.0
2026-03-24,10,24582.0,3.29,7.6,7924.0,8260.0,8338.0,25.36,25.12,16.32,24522.0
2026-03-24,11,24647.0,3.36,7.71,7332.0,7621.0,7960.0,21.7,21.57,14.72,22913.0
2026-03-24,12,25294.0,3.56,7.7,7168.0,7450.0,7626.0,20.79,20.68,13.94,22243.0
2026-03-24,13,25370.0,3.85,7.75,6726.0,6955.0,8084.0,18.34,18.35,15.03,21764.0
2026-03-24,14,25356.0,4.04,7.79,6731.0,7010.0,8282.0,18.59,18.58,15.39,22024.0
2026-03-25,9,24477.0,3.0,7.33,8978.0,9427.0,9644.0,31.79,31.32,20.69,28049.0
2026-03-25,10,25154.0,2.77,7.61,8500.0,8904.0,8181.0,28.71,28.33,15.81,25584.0
2026-03-25,11,25167.0,2.9,7.67,7166.0,7369.0,7576.0,20.65,20.56,13.46,22111.0
2026-03-25,12,25238.0,3.15,7.64,7134.0,7344.0,8115.0,20.38,20.29,15.0,22593.0
2026-03-25,13,25854.0,3.44,7.71,7410.0,6114.0,8293.0,18.27,18.2,15.4,21818.0
2026-03-25,14,25755.0,3.81,7.85,8731.0,4965.0,8016.0,19.08,18.87,15.41,21712.0
2026-03-25,15,25438.0,4.08,7.85,8712.0,6095.0,8018.0,21.59,21.31,15.42,22825.0
2026-03-25,16,25011.0,4.18,7.69,8150.0,8448.0,9468.0,25.81,25.5,19.1,26066.0
2026-03-25,17,25006.0,3.84,7.35,8856.0,9206.0,10661.0,30.19,29.72,23.76,28723.0
2026-03-25,18,24842.0,3.4,6.94,8788.0,9155.0,10984.0,30.13,29.67,25.11,28927.0
2026-03-25,19,24841.0,2.96,6.71,8769.0,9112.0,10451.0,30.22,29.76,23.75,28332.0
2026-03-25,20,24981.0,2.61,6.59,8763.0,9077.0,10051.0,29.97,29.52,22.2,27892.0
2026-03-25,21,25190.0,2.34,6.52,8675.0,8965.0,9131.0,29.54,29.1,18.99,26771.0
2026-03-25,22,25686.0,2.37,6.47,6688.0,7567.0,6706.0,21.0,20.9,11.86,20961.0
2026-03-25,23,25406.0,3.16,6.41,155.0,9450.0,5406.0,10.99,11.37,8.7,15010.0
2026-03-26,0,23864.0,4.07,6.38,-219.0,10165.0,5745.0,10.71,11.1,9.39,15691.0
2026-03-26,1,23083.0,4.79,6.35,-197.0,10070.0,5713.0,10.72,11.11,9.57,15587.0
2026-03-26,2,16203.0,5.29,6.37,-196.0,8609.0,5354.0,8.74,9.17,8.79,13767.0
2026-03-26,3,14693.0,5.4,6.42,-193.0,8168.0,5295.0,8.17,8.61,8.6,13271.0
2026-03-26,4,20529.0,5.57,6.44,486.0,10701.0,6726.0,13.93,14.24,12.57,17913.0
2026-03-26,5,22624.0,5.63,6.42,4719.0,10311.0,8653.0,22.58,22.58,18.16,23682.0
2026-03-26,6,22970.0,5.3,6.4,8261.0,9149.0,10981.0,28.68,28.31,25.09,28391.0
2026-03-26,7,23029.0,4.54,6.55,9408.0,9924.0,11646.0,33.93,33.36,27.43,30978.0
2026-03-26,8,23674.0,3.77,6.79,9153.0,9590.0,11470.0,32.61,32.11,27.05,30213.0
2026-03-26,9,24248.0,3.17,7.11,8920.0,9317.0,10273.0,31.53,31.06,22.68,28510.0
2026-03-26,10,24929.0,2.9,7.37,8194.0,8500.0,8374.0,27.61,27.29,16.03,25067.0
2026-03-26,11,24902.0,3.01,7.47,7110.0,7303.0,7818.0,21.32,21.23,14.17,22231.0
2026-03-26,12,25525.0,3.26,7.48,7107.0,7272.0,8375.0,20.88,20.79,15.98,22754.0
2026-03-26,13,25526.0,3.54,7.52,6866.0,7076.0,8189.0,19.72,19.67,15.02,22132.0
2026-03-26,14,25255.0,3.8,7.67,6906.0,7107.0,8241.0,20.05,19.99,15.4,22254.0
2026-03-26,15,25113.0,4.07,7.71,6818.0,7051.0,8228.0,19.01,18.98,15.41,22096.0
2026-03-26,16,24497.0,4.23,7.59,7608.0,7901.0,8955.0,22.99,22.77,17.77,24464.0
2026-03-26,17,24136.0,3.95,7.29,8929.0,9377.0,10046.0,30.7,30.21,21.58,28352.0
2026-03-26,18,24569.0,3.46,6.86,8855.0,9294.0,10730.0,30.61,30.13,24.42,28880.0
2026-03-26,19,25000.0,3.02,6.6,8682.0,9075.0,10643.0,29.88,29.43,24.01,28401.0
2026-03-26,20,25274.0,2.69,6.48,8454.0,8844.0,10413.0,28.62,28.2,23.48,27711.0
2026-03-26,21,25225.0,2.51,6.41,7981.0,8233.0,9113.0,26.02,25.73,19.11,25327.0
2026-03-26,22,25788.0,2.62,6.36,7253.0,7455.0,6763.0,22.07,21.91,12.19,21472.0
2026-03-26,23,25514.0,3.34,6.31,3443.0,6753.0,5138.0,12.12,12.37,8.44,15335.0
2026-03-27,0,19946.0,4.15,6.31,-214.0,9435.0,5210.0,9.39,9.81,8.11,14432.0
2026-03-27,1,19070.0,4.62,6.31,-193.0,9123.0,5089.0,9.18,9.61,8.12,14019.0
2026-03-27,2,18823.0,5.08,6.32,-194.0,9057.0,5096.0,9.19,9.62,8.12,13958.0
2026-03-27,3,16818.0,5.46,6.33,-205.0,9094.0,5032.0,9.34,9.76,8.12,13921.0
2026-03-27,4,19622.0,5.63,6.35,953.0,9925.0,6718.0,13.2,13.51,12.61,17596.0
2026-03-27,5,21802.0,5.67,6.33,7130.0,7604.0,8826.0,22.26,22.12,18.87,23560.0
2026-03-27,6,21999.0,5.22,6.32,8533.0,9026.0,10722.0,29.04,28.64,24.31,28280.0
2026-03-27,7,22839.0,4.47,6.42,8958.0,9450.0,11563.0,31.18,30.7,27.07,29971.0
2026-03-27,8,23659.0,3.8,6.64,8986.0,9454.0,10916.0,31.49,31.02,24.97,29357.0
2026-03-27,9,24265.0,3.27,6.95,8901.0,9360.0,9661.0,31.35,30.9,20.89,27922.0
2026-03-27,10,24857.0,3.04,7.22,8492.0,8908.0,7668.0,28.82,28.46,14.55,25068.0
2026-03-27,11,24992.0,3.1,7.28,7640.0,7946.0,7430.0,23.48,23.29,13.26,23016.0
2026-03-27,12,25054.0,3.28,7.37,7399.0,7692.0,7674.0,21.89,21.77,13.89,22765.0
2026-03-27,13,25316.0,3.52,7.41,7106.0,7382.0,7829.0,20.16,20.07,14.2,22317.0
2026-03-27,14,25617.0,3.78,7.46,7078.0,7371.0,8005.0,20.15,20.07,14.73,22454.0
2026-03-27,15,24443.0,3.99,7.44,7093.0,7364.0,8358.0,20.35,20.25,15.76,22814.0
2026-03-27,16,23782.0,3.96,7.31,7924.0,8292.0,9575.0,24.71,24.46,19.68,25790.0
2026-03-27,17,23905.0,3.55,7.04,8663.0,9108.0,10872.0,29.3,28.85,24.33,28643.0
2026-03-27,18,24295.0,3.02,6.67,8641.0,9030.0,11360.0,29.36,28.93,26.56,29032.0
2026-03-27,19,24456.0,2.58,6.47,8457.0,8842.0,10489.0,28.72,28.33,23.54,27788.0
2026-03-27,20,24839.0,2.26,6.37,8260.0,8626.0,9842.0,27.64,27.28,21.28,26728.0
2026-03-27,21,24955.0,2.11,6.31,8035.0,8326.0,9079.0,26.14,25.8,19.02,25440.0
2026-03-27,22,25063.0,2.18,6.28,6795.0,7760.0,6551.0,21.45,21.32,11.71,21106.0
2026-03-27,23,25373.0,2.85,6.26,668.0,9871.0,5030.0,12.35,12.68,8.06,15569.0
2026-03-28,0,21494.0,3.69,6.24,-221.0,9870.0,5047.0,10.03,10.44,7.64,14696.0
2026-03-28,1,19931.0,4.29,6.25,-189.0,8808.0,5080.0,8.68,9.11,7.64,13698.0
2026-03-28,2,17722.0,4.84,6.28,-202.0,8642.0,4892.0,8.68,9.11,7.64,13331.0
2026-03-28,3,17518.0,5.17,6.35,-208.0,8567.0,4855.0,8.68,9.11,7.66,13214.0
2026-03-28,4,20597.0,5.6,6.39,860.0,9283.0,6618.0,11.91,12.25,11.94,16761.0
2026-03-28,5,22027.0,5.73,6.37,6774.0,7221.0,8321.0,20.78,20.71,17.46,22316.0
2026-03-28,6,21973.0,5.45,6.37,8132.0,8614.0,10495.0,27.27,26.95,24.17,27241.0
2026-03-28,7,22998.0,4.77,6.44,8573.0,9033.0,11500.0,28.77,28.4,27.05,29106.0
2026-03-28,8,23585.0,4.15,6.62,8645.0,9082.0,11564.0,29.01,28.63,27.28,29291.0
2026-03-28,9,24087.0,3.59,6.95,8506.0,8941.0,11137.0,28.39,28.03,25.58,28585.0
2026-03-28,10,24814.0,3.21,7.28,8469.0,8923.0,9529.0,28.35,27.97,19.79,26921.0
2026-03-28,11,24994.0,3.06,7.45,8126.0,8564.0,8456.0,25.99,25.71,16.39,25146.0
2026-03-28,12,25848.0,3.09,7.48,7821.0,8227.0,8202.0,24.12,23.9,15.5,24250.0
2026-03-28,13,26691.0,3.26,7.5,7851.0,8245.0,8221.0,24.27,24.06,15.42,24317.0
2026-03-28,14,26589.0,3.45,7.56,7817.0,8212.0,8227.0,24.29,24.05,15.42,24256.0
2026-03-28,15,26414.0,3.61,7.51,7831.0,8186.0,8636.0,24.3,24.05,16.62,24653.0
2026-03-28,16,26067.0,3.67,7.38,8089.0,8500.0,9731.0,25.85,25.53,20.16,26320.0
2026-03-28,17,25961.0,3.48,7.13,8439.0,8870.0,11020.0,27.75,27.37,24.93,28329.0
2026-03-28,18,25671.0,3.11,6.76,8700.0,9147.0,11967.0,29.46,29.03,28.05,29815.0
2026-03-28,19,25429.0,2.68,6.51,8321.0,8692.0,11445.0,27.82,27.45,26.92,28458.0
2026-03-28,20,25678.0,2.46,6.39,7811.0,8115.0,10556.0,24.95,24.68,24.17,26481.0
2026-03-28,21,25736.0,2.45,6.32,6902.0,7068.0,9834.0,20.25,20.16,21.6,23804.0
2026-03-28,22,25550.0,2.97,6.26,4430.0,6122.0,5013.0,12.72,12.92,11.4,15565.0
2026-03-28,23,22624.0,4.07,6.23,-186.0,9417.0,3302.0,9.69,10.1,10.87,12533.0
2026-03-29,0,18728.0,4.67,6.28,-216.0,12336.0,2992.0,13.98,14.3,10.56,15112.0
2026-03-29,1,18006.0,4.97,6.3,-219.0,12207.0,2877.0,13.99,14.31,10.56,14865.0
2026-03-29,2,17687.0,5.26,6.32,-233.0,11993.0,2733.0,13.77,14.09,10.56,14494.0
2026-03-29,3,17565.0,5.58,6.35,-238.0,11742.0,2500.0,13.63,13.96,10.96,14005.0
2026-03-29,4,15285.0,5.63,6.41,-203.0,10872.0,7587.0,12.57,12.93,14.15,18256.0
2026-03-29,5,23891.0,5.42,6.43,3968.0,9707.0,10596.0,19.72,19.81,23.66,24272.0
2026-03-29,6,23954.0,5.25,6.42,7340.0,8524.0,10395.0,25.35,25.12,23.34,26258.0
2026-03-29,7,23229.0,4.82,6.58,8194.0,8652.0,11218.0,27.22,26.92,25.9,28064.0
2026-03-29,8,23802.0,4.29,6.85,8336.0,8816.0,11409.0,27.74,27.39,26.44,28561.0
2026-03-29,9,24381.0,3.77,6.99,8480.0,8994.0,11239.0,28.4,28.04,25.69,28713.0
2026-03-29,10,25042.0,3.4,7.26,8475.0,8986.0,9778.0,28.41,28.04,20.42,27238.0
2026-03-29,11,25465.0,3.22,7.42,8184.0,8667.0,8789.0,26.53,26.23,17.01,25641.0
2026-03-29,12,25881.0,3.28,7.58,7768.0,8133.0,8526.0,23.97,23.77,16.2,24427.0
2026-03-29,13,25384.0,3.38,7.65,7557.0,7921.0,8509.0,23.23,23.06,16.4,23987.0
2026-03-29,14,25890.0,3.49,7.81,7569.0,7925.0,8513.0,23.23,23.06,16.4,24008.0
2026-03-29,15,26019.0,3.65,7.71,7505.0,7855.0,8951.0,23.27,23.06,18.33,24311.0
2026-03-29,16,26319.0,3.65,7.57,7874.0,8240.0,11054.0,25.23,24.96,25.84,27167.0
2026-03-29,17,25805.0,3.45,7.23,8182.0,8613.0,11110.0,27.05,26.7,26.12,27906.0
2026-03-29,18,25184.0,3.14,6.79,8225.0,8634.0,10887.0,27.42,27.05,25.34,27745.0
2026-03-29,19,25746.0,2.92,6.55,8185.0,8610.0,10163.0,27.39,27.04,23.2,26957.0
2026-03-29,20,25895.0,2.82,6.45,7609.0,7942.0,9887.0,24.21,23.98,22.09,25437.0
2026-03-29,21,25720.0,2.96,6.38,6532.0,6697.0,8778.0,18.54,18.51,18.3,22007.0
2026-03-29,22,25378.0,3.55,6.32,2586.0,7442.0,6352.0,11.97,12.24,11.26,16380.0
2026-03-29,23,16926.0,4.27,6.32,-249.0,8386.0,4558.0,8.76,9.19,7.33,12695.0
2026-03-30,0,16261.0,4.51,6.38,-207.0,9206.0,4702.0,9.08,9.51,7.16,13701.0
2026-03-30,1,16305.0,4.76,6.41,-210.0,8528.0,4626.0,8.39,8.84,7.16,12944.0
2026-03-30,2,15646.0,5.1,6.43,-214.0,7840.0,4543.0,7.66,8.11,7.16,12169.0
2026-03-30,3,15655.0,5.4,6.46,-198.0,7167.0,4889.0,7.04,7.51,7.93,11859.0
2026-03-30,4,17146.0,5.67,6.49,-210.0,9684.0,5877.0,11.14,11.52,10.54,15351.0
2026-03-30,5,20492.0,5.66,6.48,3869.0,9471.0,8488.0,18.85,18.96,17.81,21827.0
2026-03-30,6,22461.0,5.36,6.47,7441.0,9008.0,10606.0,26.31,26.03,24.03,27055.0
2026-03-30,7,22947.0,4.74,6.56,8480.0,8980.0,11472.0,28.72,28.34,26.69,28932.0
2026-03-30,8,23558.0,4.14,6.84,8675.0,9135.0,10998.0,29.91,29.49,25.54,28808.0
2026-03-30,9,23988.0,3.64,7.16,8548.0,9049.0,9713.0,29.43,29.03,20.92,27309.0
2026-03-30,10,24605.0,3.42,7.4,8114.0,8500.0,8084.0,26.53,26.25,15.19,24699.0
2026-03-30,11,24650.0,3.51,7.62,7303.0,7616.0,7812.0,21.76,21.62,14.12,22732.0
2026-03-30,12,24766.0,3.65,7.73,7145.0,7447.0,8130.0,20.71,20.61,14.95,22722.0
2026-03-30,13,24661.0,3.84,7.7,6942.0,7233.0,8168.0,19.63,19.58,15.14,22343.0
2026-03-30,14,25542.0,4.08,7.75,6582.0,6872.0,8338.0,18.26,18.24,15.43,21792.0
2026-03-30,15,25430.0,4.42,7.78,6630.0,6867.0,8341.0,18.63,18.61,15.43,21838.0
2026-03-30,16,24845.0,4.66,7.65,7195.0,7502.0,9256.0,21.6,21.45,18.59,23953.0
2026-03-30,17,24777.0,4.43,7.32,8730.0,9233.0,10383.0,30.06,29.62,22.71,28346.0
2026-03-30,18,25165.0,4.01,6.92,8922.0,9415.0,10586.0,31.39,30.91,23.77,28922.0
2026-03-30,19,25505.0,3.67,6.68,8553.0,9020.0,9792.0,29.7,29.26,21.51,27365.0
2026-03-30,20,25507.0,3.47,6.57,8327.0,8732.0,9713.0,28.18,27.79,21.04,26772.0
2026-03-30,21,25302.0,3.37,6.49,7858.0,8216.0,8470.0,25.54,25.26,17.11,24544.0
2026-03-30,22,23766.0,3.59,6.43,6424.0,6602.0,6684.0,18.22,18.21,11.83,19710.0
2026-03-30,23,17367.0,3.94,6.43,966.0,7808.0,5289.0,9.93,10.3,8.64,14063.0
2026-03-31,0,17707.0,4.24,6.46,-220.0,8886.0,5316.0,8.67,9.11,8.18,13983.0
2026-03-31,1,17663.0,4.59,6.47,-191.0,8756.0,5151.0,8.68,9.11,8.14,13716.0
2026-03-31,2,17438.0,4.95,6.46,-207.0,8631.0,5143.0,8.68,9.11,8.14,13568.0
2026-03-31,3,17379.0,5.29,6.46,-212.0,8688.0,5127.0,8.8,9.23,8.13,13604.0
2026-03-31,4,20476.0,5.59,6.46,2595.0,8464.0,6710.0,13.68,13.93,12.48,17769.0
2026-03-31,5,20699.0,5.57,6.43,7127.0,7573.0,8732.0,22.19,22.04,18.39,23432.0
2026-03-31,6,22638.0,5.14,6.4,8197.0,8661.0,10471.0,27.3,26.95,23.6,27329.0
2026-03-31,7,23074.0,4.57,6.59,8346.0,8836.0,11440.0,27.85,27.49,26.58,28621.0
2026-03-31,8,23512.0,4.03,6.93,8262.0,8743.0,10700.0,27.81,27.46,24.37,27705.0
2026-03-31,9,23918.0,3.64,7.31,8416.0,8854.0,9389.0,28.57,28.2,19.86,26659.0
2026-03-31,10,24600.0,3.48,7.51,8087.0,8511.0,7712.0,26.57,26.27,14.55,24310.0
2026-03-31,11,24505.0,3.57,7.56,7200.0,7567.0,6816.0,21.8,21.68,11.92,21583.0
2026-03-31,12,24448.0,3.9,7.65,6582.0,6872.0,7368.0,18.06,18.08,12.92,20822.0
2026-03-31,13,25272.0,4.24,7.71,6464.0,6723.0,7816.0,17.56,17.6,14.19,21002.0
2026-03-31,14,25500.0,4.66,7.87,6181.0,6432.0,7976.0,16.23,16.31,14.6,20590.0
2026-03-31,15,25294.0,5.06,7.95,6452.0,6743.0,8181.0,17.56,17.58,15.15,21375.0
2026-03-31,16,24669.0,5.3,7.88,7246.0,7588.0,9095.0,21.36,21.22,18.56,23930.0
2026-03-31,17,24498.0,5.06,7.62,8531.0,9025.0,10748.0,28.78,28.35,24.08,28304.0
2026-03-31,18,24778.0,4.63,7.13,8435.0,8916.0,11168.0,28.51,28.1,26.08,28519.0
2026-03-31,19,25208.0,4.28,6.86,8184.0,8591.0,10593.0,27.27,26.93,23.95,27368.0
2026-03-31,20,24210.0,3.99,6.74,8210.0,8645.0,10272.0,27.41,27.04,22.98,27127.0
2026-03-31,21,22180.0,3.69,6.68,7814.0,8170.0,9110.0,25.24,24.98,18.9,25093.0
2026-03-31,22,19013.0,3.3,6.65,5708.0,8249.0,6998.0,20.14,20.1,12.67,20956.0
2026-03-31,23,19776.0,3.48,6.66,-267.0,10090.0,5210.0,11.22,11.61,8.23,15034.0
2026-04-01,0,20425.0,3.88,6.67,-225.0,10277.0,5898.0,10.73,11.12,9.49,15949.0
2026-04-01,1,20064.0,4.36,6.66,-208.0,9228.0,5906.0,9.46,9.87,9.61,14927.0
2026-04-01,2,18162.0,4.81,6.66,-185.0,7660.0,5845.0,7.46,7.92,9.29,13320.0
2026-04-01,3,17933.0,5.22,6.67,-172.0,7546.0,6339.0,7.46,7.93,10.69,13713.0
2026-04-01,4,20797.0,5.57,6.67,1595.0,8465.0,7395.0,12.07,12.4,13.58,17454.0
2026-04-01,5,22119.0,5.65,6.65,7013.0,7482.0,9311.0,21.74,21.61,20.08,23805.0
2026-04-01,6,22322.0,5.16,6.64,8462.0,8984.0,11427.0,28.83,28.44,27.17,28873.0
2026-04-01,7,23141.0,4.43,6.85,8812.0,9282.0,11710.0,30.4,29.98,27.88,29804.0
2026-04-01,8,23712.0,3.8,7.12,8745.0,9214.0,10947.0,30.31,29.89,25.21,28905.0
2026-04-01,9,24224.0,3.28,7.49,8682.0,9210.0,10093.0,30.46,30.03,22.39,27985.0
2026-04-01,10,24977.0,3.06,7.74,8018.0,8397.0,8150.0,26.21,25.94,15.56,24566.0
2026-04-01,11,24863.0,3.27,7.82,6643.0,6914.0,7494.0,18.58,18.57,13.49,21052.0
2026-04-01,12,24768.0,3.58,7.85,6937.0,7208.0,7809.0,19.65,19.59,14.17,21953.0
2026-04-01,13,25703.0,3.83,7.91,6945.0,7217.0,7867.0,19.71,19.64,14.46,22030.0
2026-04-01,14,25614.0,4.17,8.07,6812.0,7110.0,7888.0,19.12,19.08,14.46,21810.0
2026-04-01,15,25205.0,4.48,8.12,6867.0,7159.0,8029.0,19.37,19.32,14.71,22054.0
2026-04-01,16,24795.0,4.65,7.91,7585.0,7958.0,9082.0,23.21,23.0,18.15,24624.0
2026-04-01,17,24856.0,4.4,7.55,8782.0,9279.0,10427.0,30.34,29.88,23.0,28488.0
2026-04-01,18,24707.0,3.91,7.13,9077.0,9535.0,10990.0,32.28,31.74,25.16,29601.0
2026-04-01,19,24316.0,3.42,6.9,8400.0,8817.0,10887.0,28.45,28.04,25.16,28104.0
2026-04-01,20,24572.0,3.03,6.79,8334.0,8711.0,10701.0,28.11,27.7,24.5,27746.0
2026-04-01,21,25040.0,2.74,6.71,8019.0,8357.0,9467.0,26.21,25.9,20.5,25842.0
2026-04-01,22,26003.0,2.91,6.64,5920.0,7761.0,7192.0,19.55,19.51,13.31,20873.0
2026-04-01,23,25542.0,3.62,6.6,-226.0,10964.0,5635.0,12.75,13.1,9.57,16372.0
2026-04-02,0,21064.0,4.47,6.57,-201.0,9604.0,5307.0,9.58,10.0,8.11,14711.0
2026-04-02,1,17044.0,4.82,6.59,-206.0,8994.0,5121.0,8.96,9.4,7.92,13908.0
2026-04-02,2,16930.0,5.11,6.62,-213.0,8852.0,4947.0,8.93,9.36,7.73,13586.0
2026-04-02,3,16765.0,5.4,6.62,-223.0,9103.0,4918.0,9.34,9.76,7.69,13797.0
2026-04-02,4,19430.0,5.62,6.61,-212.0,10898.0,6474.0,12.65,13.0,11.65,17159.0
2026-04-02,5,20923.0,5.61,6.62,4172.0,10687.0,8430.0,22.14,22.16,17.38,23289.0
2026-04-02,6,22620.0,5.16,6.61,8242.0,9282.0,10984.0,28.91,28.53,25.16,28508.0
2026-04-02,7,23144.0,4.42,6.68,9297.0,9848.0,11486.0,33.47,32.93,27.11,30631.0
2026-04-02,8,23789.0,3.71,6.87,8964.0,9410.0,11204.0,31.62,31.15,26.25,29578.0
2026-04-02,9,24274.0,3.22,7.1,8429.0,8849.0,9762.0,28.86,28.5,21.23,27039.0
2026-04-02,10,25242.0,3.08,7.37,7778.0,8153.0,7950.0,25.35,25.1,15.01,23881.0
2026-04-02,11,24974.0,3.35,7.59,6714.0,6936.0,7694.0,19.2,19.17,13.98,21345.0
2026-04-02,12,24876.0,3.61,7.64,7025.0,7273.0,7817.0,19.91,19.84,14.32,22115.0
2026-04-02,13,25505.0,3.85,7.7,6999.0,7253.0,8216.0,19.87,19.8,15.31,22468.0
2026-04-02,14,25523.0,4.12,7.86,6936.0,7196.0,8222.0,19.63,19.57,15.44,22354.0
2026-04-02,15,25700.0,4.41,7.93,6704.0,6958.0,8404.0,18.61,18.58,15.87,22067.0
2026-04-02,16,25324.0,4.58,7.66,7915.0,8258.0,9521.0,24.78,24.52,19.46,25694.0
2026-04-02,17,25254.0,4.25,7.38,9239.0,9740.0,10810.0,32.77,32.19,24.32,29789.0
2026-04-02,18,25384.0,3.75,6.97,9283.0,9787.0,10927.0,33.57,32.97,24.99,29998.0
2026-04-02,19,25298.0,3.28,6.76,9083.0,9542.0,10151.0,32.74,32.2,22.57,28776.0
2026-04-02,20,25655.0,2.96,6.65,8876.0,9312.0,9839.0,31.23,30.73,21.28,28027.0
2026-04-02,21,26125.0,2.77,6.59,8494.0,8896.0,9041.0,28.98,28.53,18.79,26431.0
2026-04-02,22,26416.0,2.89,6.54,7261.0,7501.0,6922.0,22.17,22.0,12.67,21684.0
2026-04-02,23,25378.0,3.64,6.5,1380.0,8602.0,5551.0,11.57,11.9,9.13,15533.0
2026-04-03,0,20696.0,4.43,6.48,-219.0,10163.0,6202.0,10.71,11.1,10.37,16145.0
2026-04-03,1,18138.0,4.66,6.49,-179.0,8988.0,5835.0,9.17,9.59,9.67,14644.0
2026-04-03,2,17347.0,5.05,6.51,-175.0,8084.0,5466.0,7.83,8.28,8.79,13375.0
2026-04-03,3,17107.0,5.35,6.52,-179.0,8638.0,5732.0,8.68,9.11,9.59,14191.0
2026-04-03,4,20062.0,5.58,6.54,-206.0,11329.0,6780.0,13.57,13.9,12.6,17902.0
2026-04-03,5,21939.0,5.63,6.53,4576.0,9745.0,8555.0,21.0,21.02,18.07,22876.0
2026-04-03,6,22186.0,5.24,6.51,8688.0,9201.0,10710.0,30.16,29.73,24.37,28599.0
2026-04-03,7,23189.0,4.47,6.67,9197.0,9680.0,11294.0,32.64,32.11,26.14,30172.0
2026-04-03,8,23805.0,3.8,6.9,8963.0,9443.0,10977.0,31.78,31.3,25.53,29384.0
2026-04-03,9,24335.0,3.3,7.18,8627.0,9075.0,9847.0,29.68,29.28,21.32,27549.0
2026-04-03,10,24899.0,3.08,7.42,8267.0,8689.0,8191.0,27.53,27.22,15.51,25147.0
2026-04-03,11,24807.0,3.17,7.47,7195.0,7468.0,7906.0,21.05,20.96,14.5,22570.0
2026-04-03,12,25037.0,3.35,7.51,7124.0,7383.0,8258.0,20.35,20.26,15.44,22766.0
2026-04-03,13,25277.0,3.54,7.52,7067.0,7358.0,8269.0,20.14,20.07,15.45,22695.0
2026-04-03,14,25358.0,3.78,7.57,6887.0,7160.0,8468.0,19.37,19.31,15.98,22516.0
2026-04-03,15,25527.0,4.01,7.53,6867.0,7167.0,8516.0,19.29,19.22,16.22,22551.0
2026-04-03,16,25408.0,4.17,7.39,7834.0,8224.0,9182.0,24.33,24.06,18.36,25240.0
2026-04-03,17,25219.0,3.96,7.19,8759.0,9235.0,10351.0,29.78,29.31,22.49,28344.0
2026-04-03,18,25623.0,3.56,6.87,8869.0,9354.0,11095.0,30.99,30.49,25.91,29319.0
2026-04-03,19,26003.0,3.21,6.68,8672.0,9152.0,10272.0,30.26,29.79,22.87,28097.0
2026-04-03,20,25694.0,3.01,6.58,8440.0,8867.0,9941.0,28.8,28.38,21.81,27247.0
2026-04-03,21,25234.0,2.85,6.51,8087.0,8422.0,9041.0,26.85,26.51,18.77,25550.0
2026-04-03,22,25656.0,2.99,6.47,6985.0,7185.0,7017.0,20.58,20.47,12.65,21187.0
2026-04-03,23,25123.0,3.65,6.44,4207.0,6268.0,5240.0,12.64,12.85,8.43,15715.0
2026-04-04,0,19286.0,4.4,6.43,-254.0,9160.0,5254.0,8.96,9.39,8.11,14161.0
2026-04-04,1,17682.0,4.77,6.44,-240.0,8827.0,5242.0,8.68,9.11,7.98,13830.0
2026-04-04,2,17778.0,5.13,6.45,-224.0,8637.0,5188.0,8.71,9.14,8.11,13601.0
2026-04-04,3,17764.0,5.53,6.46,-238.0,8729.0,4921.0,8.99,9.42,7.89,13412.0
2026-04-04,4,17147.0,5.74,6.48,966.0,9731.0,6132.0,12.95,13.25,11.22,16830.0
2026-04-04,5,21598.0,5.69,6.49,6844.0,7452.0,8314.0,21.3,21.2,17.37,22610.0
2026-04-04,6,23269.0,5.38,6.48,8237.0,8771.0,10626.0,27.69,27.35,24.09,27634.0
2026-04-04,7,23121.0,4.77,6.62,8578.0,9082.0,11711.0,28.93,28.54,27.51,29370.0
2026-04-04,8,23558.0,4.13,6.8,8602.0,9092.0,11681.0,28.93,28.54,27.61,29375.0
2026-04-04,9,24172.0,3.54,7.02,8594.0,9061.0,11617.0,28.91,28.53,27.51,29271.0
2026-04-04,10,24976.0,3.06,7.27,8464.0,8947.0,10780.0,28.31,27.95,24.58,28191.0
2026-04-04,11,25175.0,2.81,7.38,8256.0,8736.0,9133.0,26.98,26.66,18.68,26124.0
2026-04-04,12,25505.0,2.75,7.48,7997.0,8422.0,8804.0,25.29,25.03,17.39,25224.0
2026-04-04,13,26028.0,2.76,7.51,7817.0,8203.0,8874.0,24.29,24.05,17.39,24894.0
2026-04-04,14,26313.0,2.85,7.6,7821.0,8197.0,8865.0,24.29,24.06,17.4,24883.0
2026-04-04,15,26264.0,2.94,7.58,7785.0,8231.0,8860.0,24.3,24.07,17.41,24876.0
2026-04-04,16,26185.0,2.95,7.48,8239.0,8665.0,9939.0,26.55,26.22,20.95,26843.0
2026-04-04,17,26579.0,2.74,7.3,8521.0,8983.0,11545.0,28.44,28.04,27.27,29050.0
2026-04-04,18,26794.0,2.4,6.93,8599.0,9026.0,12018.0,28.94,28.51,28.97,29643.0
2026-04-04,19,27034.0,2.13,6.68,8427.0,8872.0,11135.0,28.42,28.01,26.12,28434.0
2026-04-04,20,26899.0,2.02,6.56,7827.0,8147.0,10888.0,24.99,24.71,25.35,26862.0
2026-04-04,21,26785.0,2.09,6.48,6787.0,6961.0,10153.0,19.5,19.42,22.75,23901.0
2026-04-04,22,26786.0,2.6,6.41,4648.0,6070.0,7909.0,13.13,13.32,14.81,18628.0
2026-04-04,23,25348.0,3.57,6.37,-210.0,8547.0,5869.0,8.85,9.28,9.6,14206.0
2026-04-05,0,21252.0,4.45,6.38,-189.0,9011.0,6232.0,8.67,9.1,10.22,15054.0
2026-04-05,1,19624.0,4.91,6.39,-178.0,8415.0,6183.0,8.15,8.6,10.39,14420.0
2026-04-05,2,17020.0,5.33,6.42,-171.0,8229.0,5888.0,8.06,8.52,9.94,13946.0
2026-04-05,3,15898.0,5.52,6.45,-171.0,8336.0,5996.0,8.17,8.61,10.09,14161.0
2026-04-05,4,20206.0,5.68,6.46,313.0,10264.0,7358.0,12.42,12.76,13.83,17934.0
2026-04-05,5,22516.0,5.75,6.43,6746.0,7314.0,9126.0,20.63,20.54,19.85,23186.0
2026-04-05,6,22114.0,5.43,6.4,7887.0,8396.0,10700.0,26.17,25.87,25.07,26983.0
2026-04-05,7,22985.0,4.85,6.58,8256.0,8759.0,11499.0,27.59,27.26,27.42,28515.0
2026-04-05,8,23543.0,4.26,6.88,8387.0,8888.0,11991.0,27.98,27.62,28.89,29266.0
2026-04-05,9,24161.0,3.65,7.29,8495.0,8975.0,11886.0,28.32,27.97,28.52,29356.0
2026-04-05,10,24960.0,3.16,7.58,8407.0,8836.0,11165.0,27.72,27.39,26.09,28407.0
2026-04-05,11,25310.0,2.9,7.65,8180.0,8623.0,9244.0,26.24,25.93,19.23,26047.0
2026-04-05,12,25455.0,2.92,7.62,7715.0,8108.0,8341.0,23.87,23.68,15.94,24164.0
2026-04-05,13,25484.0,3.03,7.65,7600.0,7969.0,8337.0,23.24,23.06,15.93,23906.0
2026-04-05,14,26747.0,3.2,7.77,7604.0,7947.0,8346.0,23.25,23.07,15.93,23897.0
2026-04-05,15,26872.0,3.46,7.79,7571.0,7970.0,8347.0,23.32,23.12,15.93,23888.0
2026-04-05,16,26520.0,3.63,7.73,8033.0,8471.0,9289.0,25.84,25.53,19.1,25793.0
2026-04-05,17,26111.0,3.53,7.46,8320.0,8728.0,10730.0,27.63,27.25,24.55,27777.0
2026-04-05,18,25527.0,3.25,7.01,8273.0,8673.0,11167.0,27.49,27.13,26.14,28113.0
2026-04-05,19,25655.0,3.01,6.7,8100.0,8512.0,10382.0,27.01,26.66,23.83,26993.0
2026-04-05,20,25505.0,2.91,6.57,7681.0,8014.0,9713.0,24.58,24.33,21.79,25407.0
2026-04-05,21,25321.0,2.99,6.47,6568.0,6800.0,8727.0,19.17,19.1,18.21,22096.0
2026-04-05,22,25216.0,3.51,6.4,3230.0,6920.0,6965.0,12.27,12.54,12.8,17115.0
2026-04-05,23,21328.0,4.42,6.36,-229.0,7860.0,5156.0,8.21,8.65,8.46,12787.0
2026-04-06,0,17886.0,4.94,6.36,-208.0,8711.0,5661.0,8.6,9.04,9.46,14163.0
2026-04-06,1,17229.0,5.23,6.37,-183.0,8482.0,5616.0,8.57,9.0,9.47,13916.0
2026-04-06,2,12278.0,5.36,6.39,-189.0,7779.0,4974.0,7.66,8.11,8.14,12564.0
2026-04-06,3,17714.0,5.56,6.42,-203.0,7827.0,4951.0,7.66,8.11,7.97,12575.0
2026-04-06,4,14157.0,5.67,6.44,-194.0,10345.0,6907.0,11.79,12.16,12.87,17057.0
2026-04-06,5,20971.0,5.46,6.45,1330.0,11440.0,9298.0,17.05,17.27,20.24,22067.0
2026-04-06,6,23132.0,5.13,6.43,7521.0,9346.0,11193.0,26.91,26.61,26.2,28060.0
2026-04-06,7,23226.0,4.48,6.61,8901.0,9429.0,11459.0,30.86,30.41,27.12,29789.0
2026-04-06,8,23771.0,3.84,6.86,8658.0,9147.0,11220.0,29.55,29.13,26.39,29025.0
2026-04-06,9,24282.0,3.25,7.17,8850.0,9335.0,11321.0,30.74,30.28,26.64,29506.0
2026-04-06,10,25151.0,2.8,7.49,8509.0,8906.0,10212.0,28.65,28.28,22.89,27627.0
2026-04-06,11,25443.0,2.73,7.65,7504.0,7806.0,8852.0,22.82,22.66,18.0,24161.0
2026-04-06,12,25453.0,2.82,7.61,7640.0,7923.0,8417.0,23.51,23.3,16.4,23980.0
2026-04-06,13,25381.0,2.97,7.66,7317.0,7621.0,8334.0,21.76,21.61,15.93,23271.0
2026-04-06,14,25130.0,3.11,7.82,7368.0,7712.0,8495.0,21.7,21.56,16.22,23575.0
2026-04-06,15,25129.0,3.21,7.89,7403.0,7736.0,8550.0,21.89,21.73,16.47,23689.0
2026-04-06,16,25671.0,3.22,7.85,8500.0,8962.0,9197.0,28.14,27.76,18.88,26659.0
2026-04-06,17,25701.0,2.93,7.58,8904.0,9385.0,10684.0,30.86,30.36,24.1,28974.0
2026-04-06,18,26020.0,2.54,7.04,8894.0,9361.0,11169.0,30.95,30.45,25.98,29424.0
2026-04-06,19,26091.0,2.22,6.68,8472.0,8891.0,10505.0,28.6,28.19,24.01,27868.0
2026-04-06,20,26238.0,2.05,6.57,8373.0,8768.0,9918.0,27.98,27.6,22.28,27058.0
2026-04-06,21,26233.0,1.97,6.47,8294.0,8648.0,9140.0,27.46,27.06,19.43,26082.0
2026-04-06,22,26440.0,2.16,6.37,6185.0,8164.0,6686.0,21.01,20.92,12.12,21035.0
2026-04-06,23,25296.0,2.93,6.31,-121.0,10241.0,5281.0,11.87,12.23,8.7,15400.0
2026-04-07,0,20836.0,3.67,6.3,-211.0,9734.0,6036.0,9.84,10.25,10.01,15559.0
2026-04-07,1,20270.0,4.14,6.29,-202.0,9427.0,5648.0,9.65,10.07,9.29,14873.0
2026-04-07,2,20001.0,4.66,6.3,-197.0,9169.0,5486.0,9.4,9.82,9.12,14457.0
2026-04-07,3,19715.0,5.17,6.3,-199.0,9166.0,5410.0,9.52,9.93,9.18,14377.0
2026-04-07,4,20797.0,5.61,6.29,177.0,11303.0,6125.0,14.34,14.64,11.4,17604.0
2026-04-07,5,22521.0,5.66,6.26,4731.0,10449.0,8145.0,22.84,22.83,17.09,23325.0
2026-04-07,6,22900.0,5.31,6.24,8671.0,9137.0,10650.0,29.8,29.37,24.28,28458.0
2026-04-07,7,23087.0,4.6,6.39,9177.0,9708.0,11299.0,32.53,32.0,26.15,30184.0
2026-04-07,8,23673.0,3.94,6.75,8627.0,9030.0,11161.0,29.45,29.06,26.15,28818.0
2026-04-07,9,24185.0,3.45,7.21,8629.0,9029.0,9899.0,29.44,29.04,21.6,27557.0
2026-04-07,10,24699.0,3.23,7.57,8310.0,8708.0,7895.0,27.74,27.41,14.85,24913.0
2026-04-07,11,24815.0,3.3,7.72,7499.0,7803.0,7655.0,22.73,22.56,13.99,22957.0
2026-04-07,12,24912.0,3.49,7.65,7007.0,7292.0,7839.0,20.09,20.01,14.42,22138.0
2026-04-07,13,24869.0,3.75,7.58,6726.0,6963.0,8222.0,18.42,18.39,15.26,21912.0
2026-04-07,14,25267.0,4.01,7.63,6955.0,7203.0,8372.0,19.68,19.59,15.95,22530.0
2026-04-07,15,25145.0,4.22,7.63,7073.0,7350.0,8260.0,20.17,20.07,15.65,22683.0
2026-04-07,16,25218.0,4.31,7.6,8263.0,8721.0,9117.0,26.9,26.51,18.29,26101.0
2026-04-07,17,25133.0,3.97,7.39,9009.0,9466.0,11033.0,31.21,30.71,24.99,29508.0
2026-04-07,18,25503.0,3.47,6.97,8886.0,9326.0,11720.0,31.14,30.63,28.02,29932.0
2026-04-07,19,25595.0,3.03,6.66,8836.0,9268.0,10915.0,30.92,30.41,25.29,29019.0
2026-04-07,20,25558.0,2.7,6.48,8638.0,9065.0,10454.0,29.98,29.53,23.43,28157.0
2026-04-07,21,25785.0,2.46,6.39,8272.0,8648.0,9391.0,27.75,27.36,19.87,26310.0
2026-04-07,22,26145.0,2.65,6.31,6598.0,6733.0,7301.0,18.53,18.49,13.23,20633.0
2026-04-07,23,25609.0,3.46,6.24,2710.0,6568.0,5537.0,10.52,10.85,9.04,14814.0
2026-04-08,0,20695.0,4.34,6.21,-225.0,9355.0,5671.0,9.25,9.67,9.1,14801.0
2026-04-08,1,18897.0,4.74,6.2,-185.0,8908.0,5767.0,8.9,9.32,9.6,14490.0
2026-04-08,2,18993.0,5.2,6.2,-164.0,8652.0,5390.0,8.67,9.11,8.92,13878.0
2026-04-08,3,17967.0,5.63,6.2,-161.0,8649.0,5440.0,8.82,9.25,9.02,13928.0
2026-04-08,4,18071.0,5.82,6.2,2074.0,8839.0,6748.0,13.43,13.69,12.74,17660.0
2026-04-08,5,21246.0,5.77,6.21,6788.0,7258.0,8232.0,20.5,20.41,17.02,22278.0
2026-04-08,6,22547.0,5.45,6.22,8055.0,8511.0,10818.0,26.21,25.92,24.57,27385.0
2026-04-08,7,22857.0,4.81,6.43,8677.0,9148.0,11494.0,29.39,28.98,27.06,29319.0
2026-04-08,8,23389.0,4.15,6.68,8916.0,9406.0,10840.0,31.17,30.7,24.96,29162.0
2026-04-08,9,23952.0,3.67,7.02,8324.0,8727.0,9795.0,27.82,27.48,20.92,26846.0
2026-04-08,10,24645.0,3.5,7.26,7767.0,8126.0,8410.0,24.64,24.41,16.29,24303.0
2026-04-08,11,24487.0,3.64,7.38,6679.0,6914.0,7933.0,18.63,18.62,14.48,21526.0
2026-04-08,12,24511.0,3.9,7.39,6445.0,6654.0,8448.0,17.31,17.34,15.88,21547.0
2026-04-08,13,24744.0,4.17,7.4,6230.0,6443.0,8576.0,16.37,16.43,16.42,21249.0
2026-04-08,14,25038.0,4.53,7.52,6177.0,6374.0,8620.0,16.01,16.08,16.42,21172.0
2026-04-08,15,24847.0,4.86,7.56,6183.0,6402.0,8678.0,16.11,16.17,16.48,21263.0
2026-04-08,16,24291.0,5.01,7.51,7314.0,7651.0,9902.0,21.55,21.38,20.52,24867.0
2026-04-08,17,23720.0,4.67,7.22,8499.0,8937.0,11084.0,28.22,27.81,25.36,28520.0
2026-04-08,18,24176.0,4.12,6.79,8684.0,9117.0,11259.0,29.38,28.94,25.99,29060.0
2026-04-08,19,24597.0,3.67,6.52,8212.0,8626.0,10474.0,27.13,26.77,23.53,27312.0
2026-04-08,20,24667.0,3.44,6.4,7939.0,8275.0,10394.0,25.2,24.92,23.23,26609.0
2026-04-08,21,24474.0,3.22,6.3,7831.0,8169.0,9524.0,24.73,24.46,20.06,25523.0
2026-04-08,22,24762.0,3.26,6.22,5878.0,8349.0,7415.0,20.3,20.22,13.87,21642.0
2026-04-08,23,19934.0,3.67,6.2,-190.0,10274.0,5481.0,11.1,11.48,8.83,15565.0
2026-04-09,0,19237.0,4.01,6.19,-171.0,10161.0,5817.0,10.33,10.73,9.26,15807.0
2026-04-09,1,19480.0,4.32,6.17,-146.0,8849.0,6054.0,8.69,9.12,10.07,14758.0
2026-04-09,2,19526.0,4.36,6.17,-148.0,8862.0,6079.0,8.69,9.12,10.08,14793.0
2026-04-09,3,19271.0,4.77,6.18,-161.0,8932.0,5871.0,8.88,9.31,9.67,14641.0
2026-04-09,4,19780.0,5.64,6.21,665.0,9192.0,6086.0,11.13,11.5,10.96,15944.0
2026-04-09,5,22337.0,5.78,6.2,6180.0,7545.0,8639.0,19.68,19.64,18.2,22363.0
2026-04-09,6,22725.0,5.5,6.21,8234.0,8758.0,11122.0,27.19,26.87,25.99,28114.0
2026-04-09,7,22832.0,4.8,6.37,8590.0,9097.0,11738.0,28.99,28.6,28.13,29425.0
2026-04-09,8,23301.0,4.2,6.61,8174.0,8626.0,11017.0,26.75,26.45,25.59,27817.0
2026-04-09,9,23775.0,3.71,6.93,8710.0,9187.0,10013.0,30.1,29.67,22.08,27911.0
2026-04-09,10,24638.0,3.41,7.11,8473.0,8933.0,8383.0,28.54,28.19,16.46,25789.0
2026-04-09,11,24834.0,3.38,7.3,7476.0,7802.0,7873.0,22.67,22.5,14.74,23152.0
2026-04-09,12,24784.0,3.58,7.34,7061.0,7353.0,7701.0,20.17,20.07,13.99,22115.0
2026-04-09,13,25043.0,3.79,7.33,7057.0,7350.0,8047.0,20.15,20.07,14.92,22453.0
2026-04-09,14,25676.0,4.06,7.39,7052.0,7357.0,8045.0,20.17,20.08,14.97,22454.0
2026-04-09,15,25768.0,4.35,7.39,7016.0,7366.0,8005.0,20.16,20.07,14.97,22388.0
2026-04-09,16,25183.0,4.55,7.28,7595.0,8003.0,8784.0,23.0,22.78,17.19,24383.0
2026-04-09,17,24729.0,4.4,7.08,8573.0,9055.0,9889.0,28.61,28.19,21.15,27517.0
2026-04-09,18,24033.0,3.95,6.72,9000.0,9447.0,10402.0,31.19,30.69,23.19,28849.0
2026-04-09,19,23927.0,3.48,6.51,8539.0,8990.0,10162.0,29.05,28.62,22.3,27691.0
2026-04-09,20,24363.0,3.1,6.4,8342.0,8737.0,10178.0,27.87,27.47,22.26,27257.0
2026-04-09,21,24617.0,2.87,6.31,7759.0,8119.0,9154.0,24.54,24.26,19.08,25032.0
2026-04-09,22,25078.0,3.02,6.24,5297.0,7820.0,7209.0,18.04,18.06,13.02,20327.0
2026-04-09,23,24137.0,3.83,6.21,-216.0,8470.0,5564.0,8.75,9.18,9.03,13819.0
2026-04-10,0,18987.0,4.46,6.22,-170.0,8783.0,6329.0,8.58,9.02,10.66,14941.0
2026-04-10,1,18667.0,4.85,6.22,-161.0,8389.0,6140.0,8.35,8.79,10.52,14368.0
2026-04-10,2,18635.0,5.27,6.22,-148.0,8114.0,5867.0,8.19,8.63,10.12,13833.0
2026-04-10,3,17642.0,5.7,6.22,-147.0,8294.0,6000.0,8.46,8.9,10.4,14147.0
2026-04-10,4,16455.0,5.77,6.26,-165.0,10514.0,6622.0,12.08,12.45,12.4,16971.0
2026-04-10,5,20830.0,5.7,6.28,2365.0,10904.0,8298.0,18.21,18.38,17.1,21566.0
2026-04-10,6,22348.0,5.39,6.29,7217.0,9541.0,10874.0,26.67,26.41,24.83,27632.0
2026-04-10,7,22805.0,4.73,6.5,8431.0,8902.0,11527.0,28.24,27.88,27.13,28860.0
2026-04-10,8,23228.0,4.15,6.59,8266.0,8726.0,11021.0,27.37,27.04,25.44,28013.0
2026-04-10,9,23888.0,3.69,6.88,8499.0,8933.0,9777.0,28.93,28.55,21.13,27209.0
2026-04-10,10,24490.0,3.55,7.12,7338.0,7628.0,7918.0,22.55,22.41,14.64,22884.0
2026-04-10,11,24398.0,3.78,7.26,6744.0,7002.0,7783.0,19.01,18.99,14.16,21530.0
2026-04-10,12,24879.0,4.02,7.32,6669.0,6955.0,8225.0,18.41,18.38,15.11,21848.0
2026-04-10,13,24800.0,4.3,7.46,6330.0,6541.0,8442.0,16.73,16.78,15.85,21314.0
2026-04-10,14,24195.0,4.58,7.56,6205.0,6440.0,8677.0,16.18,16.23,16.49,21322.0
2026-04-10,15,24403.0,4.84,7.52,6214.0,6471.0,8641.0,16.27,16.3,16.63,21326.0
2026-04-10,16,23805.0,5.01,7.4,6945.0,7238.0,9539.0,19.79,19.69,19.57,23722.0
2026-04-10,17,23656.0,4.75,7.15,8027.0,8427.0,10531.0,25.61,25.3,23.66,26984.0
2026-04-10,18,23488.0,4.38,6.76,7975.0,8333.0,10272.0,25.51,25.2,23.18,26580.0
2026-04-10,19,23681.0,4.08,6.53,7848.0,8197.0,9772.0,25.2,24.92,21.58,25817.0
2026-04-10,20,23408.0,3.89,6.43,7523.0,7807.0,9384.0,23.48,23.25,20.32,24714.0
2026-04-10,21,20541.0,3.62,6.38,7304.0,7572.0,8394.0,22.51,22.33,17.11,23270.0
2026-04-10,22,22144.0,3.54,6.34,5332.0,6819.0,6454.0,16.18,16.25,11.46,18605.0
2026-04-10,23,22098.0,4.31,6.29,-216.0,8131.0,5332.0,8.5,8.94,8.63,13246.0
2026-04-11,0,16828.0,4.76,6.3,-182.0,8492.0,6043.0,8.3,8.74,9.98,14352.0
2026-04-11,1,16244.0,5.0,6.32,-154.0,7937.0,5878.0,7.83,8.28,9.92,13661.0
2026-04-11,2,15616.0,5.21,6.31,-146.0,7517.0,5494.0,7.44,7.9,9.19,12865.0
2026-04-11,3,14666.0,5.44,6.34,-153.0,7266.0,5335.0,7.15,7.62,8.64,12448.0
2026-04-11,4,16392.0,5.66,6.38,-158.0,8261.0,5917.0,8.86,9.29,10.41,14020.0
2026-04-11,5,19242.0,5.76,6.4,2677.0,8435.0,7846.0,14.47,14.73,16.26,18958.0
2026-04-11,6,20823.0,5.63,6.4,5887.0,7898.0,9743.0,20.02,20.01,21.67,23528.0
2026-04-11,7,22118.0,5.29,6.5,6905.0,7243.0,10861.0,20.6,20.53,24.98,25009.0
2026-04-11,8,22298.0,4.94,6.77,7087.0,7475.0,11041.0,21.4,21.28,25.59,25604.0
2026-04-11,9,22562.0,4.58,7.11,6807.0,7175.0,10916.0,19.9,19.85,25.03,24898.0
2026-04-11,10,23052.0,4.46,7.43,6482.0,6801.0,9723.0,18.29,18.3,20.45,23005.0
2026-04-11,11,20953.0,4.34,7.67,6547.0,6895.0,8929.0,18.26,18.26,17.9,22370.0
2026-04-11,12,21380.0,4.24,7.68,6353.0,6699.0,8408.0,17.15,17.18,16.52,21459.0
2026-04-11,13,21401.0,4.14,7.67,6577.0,6942.0,8896.0,18.09,18.07,17.79,22415.0
2026-04-11,14,21586.0,4.02,7.81,6507.0,6838.0,8794.0,17.69,17.69,17.86,22139.0
2026-04-11,15,21689.0,3.95,7.94,6471.0,6801.0,8533.0,17.57,17.57,16.91,21805.0
2026-04-11,16,21603.0,3.89,7.87,6512.0,6846.0,8710.0,17.58,17.58,17.47,22068.0
2026-04-11,17,21477.0,3.76,7.64,6497.0,6798.0,9305.0,17.61,17.58,19.11,22599.0
2026-04-11,18,21635.0,3.61,7.1,6666.0,7004.0,9143.0,18.65,18.59,18.95,22813.0
2026-04-11,19,21783.0,3.45,6.81,6662.0,6954.0,8973.0,19.03,18.96,18.76,22589.0
2026-04-11,20,21862.0,3.4,6.7,6484.0,6763.0,8348.0,18.4,18.38,17.18,21596.0
2026-04-11,21,21433.0,3.49,6.63,6003.0,6259.0,6522.0,16.39,16.43,12.06,18784.0
2026-04-11,22,17802.0,3.74,6.6,5162.0,5011.0,4909.0,12.46,12.65,8.17,15082.0
2026-04-11,23,17230.0,4.05,6.59,1758.0,7238.0,3981.0,10.24,10.58,6.52,12977.0
2026-04-12,0,16396.0,4.47,6.61,-214.0,8773.0,4143.0,8.56,8.99,6.47,12701.0
2026-04-12,1,15645.0,4.79,6.61,-209.0,8362.0,3787.0,8.17,8.61,6.11,11940.0
2026-04-12,2,15536.0,5.15,6.62,-215.0,8300.0,3706.0,8.17,8.61,6.1,11791.0
2026-04-12,3,15357.0,5.49,6.64,-218.0,8242.0,3765.0,8.17,8.61,6.26,11790.0
2026-04-12,4,13875.0,5.78,6.65,-224.0,8396.0,4014.0,8.37,8.8,6.61,12186.0
2026-04-12,5,10955.0,5.72,6.66,-228.0,8488.0,4335.0,8.69,9.11,7.22,12595.0
2026-04-12,6,14908.0,5.55,6.68,-202.0,9019.0,6118.0,9.87,10.28,11.0,14935.0
2026-04-12,7,19221.0,5.61,6.95,-195.0,11935.0,8192.0,14.96,15.28,16.03,19933.0
2026-04-12,8,19242.0,5.28,7.16,4055.0,10259.0,9042.0,20.06,20.17,18.79,23356.0
2026-04-12,9,19559.0,4.84,7.49,4445.0,9745.0,9180.0,19.88,19.99,19.31,23370.0
2026-04-12,10,20181.0,4.51,7.76,4275.0,9400.0,8746.0,18.8,18.93,17.68,22420.0
2026-04-12,11,18904.0,4.29,7.87,4134.0,9095.0,7859.0,17.88,18.03,15.26,21088.0
2026-04-12,12,18420.0,3.99,7.93,3966.0,8629.0,7765.0,16.38,16.58,14.97,20360.0
2026-04-12,13,21033.0,3.91,7.98,3990.0,8723.0,7867.0,16.55,16.74,15.43,20580.0
2026-04-12,14,23809.0,4.05,8.14,3967.0,8639.0,8161.0,16.39,16.58,16.42,20768.0
2026-04-12,15,23705.0,4.32,8.25,3956.0,8629.0,8167.0,16.4,16.58,16.42,20752.0
2026-04-12,16,23158.0,4.55,8.13,3956.0,8655.0,8387.0,16.43,16.59,16.59,20997.0
2026-04-12,17,21379.0,4.63,7.86,3923.0,8618.0,8536.0,16.43,16.58,17.11,21077.0
2026-04-12,18,19882.0,4.57,7.45,4054.0,8840.0,8609.0,17.64,17.77,17.65,21503.0
2026-04-12,19,17299.0,4.23,7.22,4095.0,8877.0,8102.0,18.34,18.45,16.69,21075.0
2026-04-12,20,17643.0,3.91,7.14,3994.0,8668.0,7515.0,17.65,17.78,14.96,20177.0
2026-04-12,21,16487.0,3.64,7.09,3674.0,8006.0,6173.0,15.7,15.89,11.73,17853.0
2026-04-12,22,16942.0,3.67,7.04,533.0,9706.0,4401.0,12.64,12.96,7.55,14640.0
2026-04-12,23,15645.0,4.0,7.02,-200.0,8055.0,3612.0,8.97,9.4,5.96,11467.0
2026-04-13,0,12293.0,4.19,7.03,-185.0,7962.0,4408.0,7.66,8.11,6.93,12185.0
2026-04-13,1,14751.0,4.34,7.05,-195.0,7868.0,3835.0,7.66,8.11,6.26,11508.0
2026-04-13,2,15834.0,4.72,7.07,-203.0,7805.0,3588.0,7.66,8.12,5.98,11190.0
2026-04-13,3,16429.0,5.21,7.11,-213.0,7681.0,3450.0,7.66,8.11,5.82,10919.0
2026-04-13,4,13778.0,5.64,7.14,-222.0,7824.0,3578.0,8.0,8.45,6.0,11179.0
2026-04-13,5,13330.0,5.73,7.17,488.0,8786.0,3947.0,10.91,11.29,6.8,13221.0
2026-04-13,6,15597.0,5.56,7.19,3692.0,8378.0,5973.0,16.2,16.4,10.72,18043.0
2026-04-13,7,18771.0,5.29,7.31,4195.0,9283.0,7895.0,19.01,19.13,15.4,21372.0
2026-04-13,8,19883.0,5.02,7.58,4233.0,9255.0,8463.0,18.99,19.11,17.12,21951.0
2026-04-13,9,20052.0,4.78,7.88,4194.0,9217.0,8530.0,18.78,18.91,17.35,21940.0
2026-04-13,10,21033.0,4.64,8.2,4096.0,8977.0,7950.0,18.29,18.43,16.07,21023.0
2026-04-13,11,21800.0,4.68,8.34,4061.0,8911.0,7132.0,17.82,17.97,13.77,20105.0
2026-04-13,12,21284.0,4.89,8.4,3876.0,8581.0,7189.0,16.4,16.59,13.65,19645.0
2026-04-13,13,19654.0,4.89,8.45,3900.0,8634.0,7623.0,16.4,16.58,14.83,20156.0
2026-04-13,14,19184.0,4.77,8.59,3892.0,8633.0,7648.0,16.4,16.58,14.97,20173.0
2026-04-13,15,19787.0,4.68,8.63,3885.0,8594.0,7613.0,16.4,16.58,14.96,20091.0
2026-04-13,16,19880.0,4.6,8.57,3910.0,8657.0,7775.0,16.43,16.58,15.14,20343.0
2026-04-13,17,20094.0,4.52,8.4,3923.0,8666.0,8233.0,16.44,16.59,16.42,20822.0
2026-04-13,18,19353.0,4.36,7.92,4049.0,8919.0,8238.0,17.36,17.49,16.42,21206.0
2026-04-13,19,19000.0,4.12,7.63,4171.0,9143.0,7717.0,18.74,18.83,15.72,21032.0
2026-04-13,20,15647.0,3.82,7.53,3997.0,8760.0,7087.0,17.96,18.07,14.23,19844.0
2026-04-13,21,19992.0,3.56,7.47,3869.0,8467.0,6073.0,17.07,17.21,11.69,18408.0
2026-04-13,22,19200.0,3.9,7.4,613.0,9703.0,4560.0,12.79,13.11,8.2,14876.0
2026-04-13,23,16036.0,4.32,7.37,-230.0,8429.0,3405.0,9.29,9.71,5.92,11604.0
2026-04-14,0,14714.0,4.6,7.38,-186.0,8022.0,4776.0,7.66,8.12,7.7,12612.0
2026-04-14,1,15394.0,4.85,7.4,-196.0,7829.0,4435.0,7.66,8.12,7.18,12067.0
2026-04-14,2,15242.0,5.16,7.4,-204.0,7665.0,4420.0,7.66,8.11,7.17,11881.0
2026-04-14,3,15243.0,5.48,7.41,-209.0,7601.0,4178.0,7.66,8.12,7.14,11570.0
2026-04-14,4,12793.0,5.71,7.41,-226.0,7949.0,3748.0,8.34,8.78,6.51,11471.0
2026-04-14,5,11817.0,5.73,7.39,-240.0,8933.0,3707.0,10.28,10.67,6.62,12399.0
2026-04-14,6,17240.0,5.67,7.36,1711.0,10048.0,5507.0,15.52,15.76,10.09,17266.0
2026-04-14,7,18011.0,5.47,7.62,4131.0,9271.0,7726.0,18.95,19.07,15.18,21128.0
2026-04-14,8,18108.0,5.1,7.87,4188.0,9314.0,8269.0,18.95,19.07,16.75,21771.0
2026-04-14,9,18327.0,4.69,8.21,4225.0,9319.0,8530.0,18.96,19.07,17.4,22073.0
2026-04-14,10,18925.0,4.35,8.59,4208.0,9287.0,7615.0,18.96,19.07,14.82,21110.0
2026-04-14,11,19581.0,4.21,8.74,3903.0,8621.0,7139.0,16.8,16.98,13.51,19662.0
2026-04-14,12,19816.0,4.22,8.73,3768.0,8373.0,7127.0,15.73,15.93,13.5,19269.0
2026-04-14,13,19889.0,4.24,8.82,3811.0,8441.0,7239.0,15.88,16.08,13.88,19491.0
2026-04-14,14,21023.0,4.29,9.05,3814.0,8487.0,7481.0,15.89,16.08,14.48,19782.0
2026-04-14,15,20984.0,4.38,9.11,3806.0,8439.0,7555.0,15.89,16.08,14.64,19800.0
2026-04-14,16,20640.0,4.43,8.85,3838.0,8532.0,8120.0,15.92,16.08,15.82,20490.0
2026-04-14,17,20453.0,4.35,8.54,3977.0,8793.0,8833.0,16.72,16.85,17.89,21604.0
2026-04-14,18,19645.0,4.14,8.13,4109.0,8989.0,9158.0,17.84,17.95,19.35,22256.0
2026-04-14,19,18842.0,3.82,7.89,4110.0,9004.0,8181.0,18.4,18.51,16.94,21294.0
2026-04-14,20,18824.0,3.65,7.78,3949.0,8664.0,7063.0,17.66,17.78,14.11,19676.0
2026-04-14,21,18258.0,3.6,7.72,3689.0,8155.0,5501.0,15.98,16.15,10.18,17344.0
2026-04-14,22,17234.0,3.79,7.67,3193.0,7044.0,3864.0,12.9,13.16,6.78,14100.0
2026-04-14,23,14863.0,4.08,7.64,413.0,7898.0,3291.0,9.61,10.01,5.82,11602.0
2026-04-15,0,15406.0,4.39,7.64,-195.0,8734.0,4211.0,8.66,9.1,6.72,12750.0
2026-04-15,1,15650.0,4.66,7.62,-182.0,8166.0,4189.0,8.17,8.61,6.81,12173.0
2026-04-15,2,15469.0,4.99,7.61,-195.0,8026.0,4091.0,8.18,8.61,6.69,11923.0
2026-04-15,3,15532.0,5.33,7.59,-199.0,8079.0,4001.0,8.27,8.71,6.64,11880.0
2026-04-15,4,14844.0,5.64,7.57,-215.0,8258.0,3802.0,8.69,9.13,6.37,11845.0
2026-04-15,5,12608.0,5.79,7.57,-239.0,9032.0,3782.0,10.25,10.65,6.54,12575.0
2026-04-15,6,17085.0,5.69,7.6,2988.0,8924.0,5529.0,15.86,16.06,10.01,17441.0
2026-04-15,7,21068.0,5.69,7.76,4069.0,9084.0,7741.0,18.36,18.49,15.3,20894.0
2026-04-15,8,21505.0,5.66,7.98,4138.0,9208.0,8445.0,18.69,18.82,17.05,21790.0
2026-04-15,9,21375.0,5.56,8.19,4113.0,9168.0,8842.0,18.44,18.58,18.18,22123.0
2026-04-15,10,21548.0,5.5,8.47,4109.0,9189.0,8091.0,18.46,18.57,16.0,21388.0
2026-04-15,11,20382.0,5.47,8.66,4025.0,9004.0,7736.0,17.77,17.93,14.97,20765.0
2026-04-15,12,19503.0,5.37,8.73,3907.0,8792.0,7724.0,16.81,16.97,14.96,20423.0
2026-04-15,13,18411.0,5.17,8.81,3909.0,8758.0,8199.0,16.5,16.68,16.1,20865.0
2026-04-15,14,18574.0,4.88,8.92,3928.0,8809.0,8374.0,16.6,16.77,16.62,21112.0
2026-04-15,15,18768.0,4.62,8.96,3927.0,8756.0,8372.0,16.62,16.78,16.62,21055.0
2026-04-15,16,19472.0,4.38,8.93,3957.0,8798.0,8683.0,16.63,16.78,17.32,21438.0
2026-04-15,17,19541.0,4.11,8.75,3972.0,8799.0,9358.0,16.64,16.78,19.31,22128.0
2026-04-15,18,20277.0,3.82,8.32,4115.0,9030.0,9603.0,17.58,17.69,20.22,22748.0
2026-04-15,19,20686.0,3.56,8.05,4298.0,9431.0,8833.0,19.08,19.16,18.5,22562.0
2026-04-15,20,20530.0,3.4,7.94,4101.0,9063.0,7922.0,18.26,18.36,16.12,21086.0
2026-04-15,21,20478.0,3.42,7.88,3766.0,8319.0,6609.0,15.97,16.14,12.34,18694.0
2026-04-15,22,20596.0,3.74,7.8,3223.0,7211.0,4743.0,12.77,13.03,7.76,15177.0
2026-04-15,23,18355.0,4.33,7.74,129.0,7950.0,4197.0,8.91,9.33,6.67,12276.0
2026-04-16,0,16471.0,4.79,7.73,-200.0,8175.0,5076.0,7.9,8.35,8.22,13050.0
2026-04-16,1,14105.0,5.02,7.74,-173.0,7328.0,4721.0,7.07,7.53,7.92,11876.0
2026-04-16,2,14051.0,5.24,7.77,-173.0,6905.0,4556.0,6.83,7.3,7.59,11288.0
2026-04-16,3,14443.0,5.52,7.8,-190.0,7005.0,4383.0,7.01,7.47,7.31,11198.0
2026-04-16,4,17159.0,5.72,7.84,-195.0,9525.0,5860.0,10.92,11.31,10.97,15190.0
2026-04-16,5,18488.0,5.83,7.84,1566.0,9303.0,7780.0,13.98,14.28,16.05,18649.0
2026-04-16,6,22099.0,5.74,7.84,4371.0,9751.0,9835.0,20.46,20.53,22.19,23958.0
2026-04-16,7,22115.0,5.36,8.02,4929.0,10785.0,9988.0,24.06,24.03,22.32,25703.0
2026-04-16,8,22467.0,5.04,8.22,4987.0,10945.0,9621.0,24.46,24.41,20.81,25553.0
2026-04-16,9,22661.0,4.66,8.57,5108.0,11201.0,9139.0,25.51,25.42,19.14,25448.0
2026-04-16,10,23271.0,4.53,8.86,4593.0,10077.0,7602.0,21.31,21.37,14.35,22272.0
2026-04-16,11,23127.0,4.71,9.08,4188.0,9214.0,7015.0,17.96,18.1,12.49,20417.0
2026-04-16,12,20358.0,4.86,9.02,3845.0,8483.0,7544.0,15.5,15.71,13.58,19871.0
2026-04-16,13,21404.0,4.9,9.09,3767.0,8333.0,7767.0,14.95,15.16,14.48,19868.0
2026-04-16,14,23320.0,5.17,9.22,3589.0,7917.0,7831.0,13.83,14.09,14.49,19338.0
2026-04-16,15,23056.0,5.52,9.29,3593.0,7899.0,7753.0,14.0,14.24,14.56,19244.0
2026-04-16,16,20747.0,5.63,9.21,4392.0,9622.0,8389.0,19.36,19.44,16.44,22402.0
2026-04-16,17,22904.0,5.35,8.91,5008.0,10944.0,9657.0,23.96,23.88,20.94,25609.0
2026-04-16,18,22863.0,4.99,8.42,5004.0,10891.0,10387.0,24.31,24.22,23.59,26282.0
2026-04-16,19,23171.0,4.65,8.13,4931.0,10758.0,9888.0,24.12,24.05,22.5,25578.0
2026-04-16,20,20154.0,4.33,8.01,4833.0,10511.0,8663.0,23.37,23.32,18.28,24007.0
2026-04-16,21,19882.0,3.93,7.95,4581.0,9949.0,7821.0,21.41,21.42,15.69,22352.0
2026-04-16,22,19544.0,3.91,7.91,2570.0,8549.0,5745.0,14.4,14.63,10.14,16863.0
2026-04-16,23,13089.0,4.12,7.9,-214.0,7154.0,4476.0,7.69,8.14,7.51,11415.0
2026-04-17,0,14456.0,4.29,7.92,-192.0,7460.0,4926.0,7.17,7.63,8.04,12194.0
2026-04-17,1,14710.0,4.53,7.94,-153.0,6763.0,4951.0,6.53,7.0,8.25,11561.0
2026-04-17,2,14626.0,4.85,7.94,-168.0,6791.0,4345.0,6.53,7.01,7.09,10968.0
2026-04-17,3,20028.0,5.38,7.93,-166.0,7496.0,5029.0,7.56,8.01,8.88,12360.0
2026-04-17,4,14416.0,5.77,7.95,-197.0,9748.0,5626.0,11.04,11.42,10.07,15177.0
2026-04-17,5,21083.0,5.67,7.97,3789.0,9098.0,7836.0,17.95,18.09,16.28,20722.0
2026-04-17,6,21443.0,5.5,7.98,4628.0,10197.0,9753.0,21.7,21.73,21.43,24579.0
2026-04-17,7,22098.0,5.03,8.11,5197.0,11371.0,10580.0,25.97,25.88,24.15,27148.0
2026-04-17,8,22941.0,4.54,8.34,5219.0,11371.0,10238.0,26.13,26.04,23.15,26829.0
2026-04-17,9,23302.0,4.17,8.43,5197.0,11321.0,9401.0,25.92,25.83,20.05,25918.0
2026-04-17,10,23920.0,3.98,8.69,5119.0,11122.0,7773.0,24.9,24.84,15.0,24013.0
2026-04-17,11,23264.0,4.13,8.97,4253.0,9244.0,7049.0,17.96,18.1,12.53,20546.0
2026-04-17,12,21589.0,4.28,9.04,4199.0,9144.0,7150.0,17.43,17.57,12.66,20494.0
2026-04-17,13,21506.0,4.34,9.12,4198.0,9180.0,7431.0,17.42,17.56,13.19,20809.0
2026-04-17,14,22509.0,4.41,9.19,4032.0,8797.0,8116.0,16.38,16.56,15.46,20945.0
2026-04-17,15,23388.0,4.58,9.22,4041.0,8848.0,8138.0,16.44,16.6,15.46,21027.0
2026-04-17,16,23343.0,4.72,9.07,4558.0,9945.0,8833.0,20.16,20.18,17.45,23336.0
2026-04-17,17,23257.0,4.45,8.8,7197.0,9525.0,10228.0,26.0,25.72,22.34,26950.0
2026-04-17,18,23656.0,4.0,8.44,8330.0,8795.0,10412.0,27.56,27.17,23.34,27537.0
2026-04-17,19,24861.0,3.71,8.2,7868.0,8242.0,9569.0,25.47,25.18,20.75,25679.0
2026-04-17,20,24140.0,3.66,8.11,7508.0,7789.0,9101.0,23.41,23.19,19.33,24397.0
2026-04-17,21,23856.0,3.6,8.04,6465.0,8874.0,8031.0,23.31,23.15,16.48,23369.0
2026-04-17,22,23500.0,3.83,7.96,1242.0,11060.0,5975.0,16.19,16.41,10.82,18277.0
2026-04-17,23,18320.0,4.35,7.93,-215.0,8631.0,4660.0,9.24,9.66,7.66,13075.0
2026-04-18,0,16281.0,4.74,7.93,-201.0,8774.0,5017.0,8.68,9.11,7.94,13589.0
2026-04-18,1,15625.0,4.95,7.91,-208.0,8578.0,4831.0,8.62,9.06,7.76,13201.0
2026-04-18,2,15421.0,5.18,7.91,-214.0,8055.0,4664.0,8.23,8.67,7.44,12505.0
2026-04-18,3,15566.0,5.47,7.91,-218.0,8022.0,4609.0,7.98,8.43,7.32,12413.0
2026-04-18,4,14943.0,5.67,7.9,-236.0,9543.0,4736.0,10.32,10.72,7.73,14043.0
2026-04-18,5,20981.0,5.58,7.88,4170.0,9631.0,8122.0,19.83,19.89,16.79,21922.0
2026-04-18,6,23819.0,5.4,7.88,8060.0,8654.0,10400.0,26.87,26.56,23.73,27115.0
2026-04-18,7,23123.0,4.91,8.11,8388.0,8874.0,10844.0,27.89,27.54,25.19,28107.0
2026-04-18,8,23233.0,4.39,8.41,8326.0,8835.0,10829.0,27.88,27.54,25.19,27990.0
2026-04-18,9,23651.0,3.89,8.63,8393.0,8884.0,10307.0,27.88,27.54,23.31,27584.0
2026-04-18,10,24245.0,3.59,8.88,8309.0,8812.0,8218.0,27.58,27.23,16.01,25339.0
2026-04-18,11,24393.0,3.52,9.08,7994.0,8475.0,7826.0,25.65,25.38,14.48,24295.0
2026-04-18,12,24622.0,3.49,9.11,8026.0,8480.0,7844.0,25.32,25.05,14.48,24350.0
2026-04-18,13,24665.0,3.5,9.14,7840.0,8313.0,7757.0,24.34,24.11,14.48,23909.0
2026-04-18,14,24544.0,3.54,9.17,7811.0,8273.0,7711.0,24.3,24.05,14.48,23796.0
2026-04-18,15,24500.0,3.58,9.19,7814.0,8242.0,7756.0,24.38,24.13,14.48,23812.0
2026-04-18,16,24591.0,3.56,9.05,8235.0,8733.0,8465.0,26.78,26.44,16.64,25434.0
2026-04-18,17,24559.0,3.32,8.76,8660.0,9163.0,9494.0,29.08,28.63,19.86,27318.0
2026-04-18,18,24930.0,3.0,8.37,8492.0,9006.0,10327.0,28.56,28.13,23.2,27824.0
2026-04-18,19,24763.0,2.68,8.14,8280.0,8726.0,10214.0,27.7,27.33,23.04,27219.0
2026-04-18,20,25338.0,2.47,8.02,7888.0,8231.0,10005.0,25.31,25.01,22.26,26123.0
2026-04-18,21,25299.0,2.48,7.94,5889.0,8174.0,8837.0,19.89,19.85,18.65,22900.0
2026-04-18,22,25315.0,3.0,7.88,649.0,9878.0,6219.0,12.29,12.61,11.08,16746.0
2026-04-18,23,20634.0,3.93,7.84,-228.0,8253.0,4596.0,8.46,8.89,7.53,12622.0
2026-04-19,0,16330.0,4.34,7.83,-181.0,8701.0,5532.0,8.17,8.61,9.03,14052.0
2026-04-19,1,16983.0,4.56,7.81,-171.0,8309.0,5277.0,7.95,8.4,8.69,13415.0
2026-04-19,2,18004.0,4.96,7.81,-164.0,8041.0,5535.0,7.66,8.12,9.18,13411.0
2026-04-19,3,19334.0,5.52,7.79,-171.0,8019.0,5292.0,7.89,8.34,8.9,13139.0
2026-04-19,4,17329.0,5.75,7.8,-204.0,11191.0,6280.0,13.0,13.34,11.61,17267.0
2026-04-19,5,21707.0,5.7,7.78,4185.0,10445.0,7779.0,21.32,21.35,16.24,22409.0
2026-04-19,6,23814.0,5.56,7.79,8095.0,8555.0,9216.0,26.55,26.26,20.33,25865.0
2026-04-19,7,22495.0,5.16,7.95,8286.0,8768.0,10093.0,27.46,27.12,22.67,27148.0
2026-04-19,8,22902.0,4.64,8.19,8477.0,8995.0,10445.0,28.25,27.87,23.58,27917.0
2026-04-19,9,23308.0,4.1,8.44,8577.0,9047.0,10395.0,28.42,28.03,22.92,28018.0
2026-04-19,10,24131.0,3.67,8.66,8545.0,9028.0,9350.0,28.34,27.96,19.0,26923.0
2026-04-19,11,24336.0,3.48,8.76,8127.0,8547.0,8217.0,25.8,25.51,15.48,24891.0
2026-04-19,12,24498.0,3.44,8.84,7818.0,8236.0,8183.0,24.28,24.03,15.45,24237.0
2026-04-19,13,24655.0,3.43,8.87,7741.0,8118.0,8469.0,23.6,23.4,16.22,24328.0
2026-04-19,14,24712.0,3.39,8.9,7860.0,8262.0,8467.0,24.28,24.05,16.42,24590.0
2026-04-19,15,24803.0,3.4,8.88,7679.0,8037.0,8464.0,23.71,23.46,16.42,24180.0
2026-04-19,16,24711.0,3.37,8.74,8040.0,8457.0,9170.0,25.72,25.39,18.89,25668.0
2026-04-19,17,25136.0,3.12,8.5,8352.0,8827.0,10327.0,27.42,27.04,23.04,27506.0
2026-04-19,18,25683.0,2.85,8.17,8342.0,8783.0,10815.0,27.44,27.05,25.16,27940.0
2026-04-19,19,25796.0,2.63,7.95,8183.0,8538.0,10085.0,26.97,26.61,22.79,26806.0
2026-04-19,20,25364.0,2.55,7.85,7719.0,8026.0,9381.0,24.23,23.95,20.45,25126.0
2026-04-19,21,24426.0,2.65,7.78,6551.0,6721.0,8296.0,18.11,18.07,16.87,21568.0
2026-04-19,22,20414.0,2.93,7.73,4399.0,5758.0,6682.0,11.97,12.19,11.65,16838.0
2026-04-19,23,20234.0,3.44,7.7,-252.0,8345.0,5377.0,8.78,9.2,8.68,13470.0
2026-04-20,0,19382.0,4.02,7.68,-207.0,8708.0,5538.0,8.47,8.91,9.04,14039.0
2026-04-20,1,18433.0,4.5,7.69,-188.0,8334.0,5155.0,8.17,8.62,8.49,13301.0
2026-04-20,2,18131.0,5.01,7.66,-199.0,8230.0,4479.0,8.19,8.63,7.44,12511.0
2026-04-20,3,17992.0,5.55,7.66,-211.0,8175.0,4379.0,8.25,8.69,7.35,12343.0
2026-04-20,4,16302.0,5.78,7.68,287.0,10100.0,6417.0,12.18,12.53,12.15,16804.0
2026-04-20,5,21300.0,5.71,7.66,6243.0,7025.0,8587.0,18.39,18.38,18.28,21854.0
2026-04-20,6,22123.0,5.42,7.66,7698.0,8216.0,10830.0,24.15,23.93,24.48,26743.0
2026-04-20,7,22674.0,4.82,7.78,8602.0,9092.0,10879.0,28.64,28.25,25.05,28572.0
2026-04-20,8,23106.0,4.24,7.99,8679.0,9180.0,10051.0,29.45,29.03,22.44,27910.0
2026-04-20,9,23667.0,3.78,8.17,8679.0,9163.0,9204.0,29.45,29.03,19.08,27046.0
2026-04-20,10,24323.0,3.52,8.4,8443.0,8898.0,7833.0,28.03,27.67,14.7,25175.0
2026-04-20,11,24303.0,3.57,8.54,7069.0,7348.0,7611.0,20.37,20.29,13.72,22027.0
2026-04-20,12,24439.0,3.76,8.65,6971.0,7254.0,7932.0,19.64,19.57,14.47,22157.0
2026-04-20,13,24246.0,3.94,8.68,6896.0,7201.0,8203.0,19.12,19.06,15.39,22299.0
2026-04-20,14,24120.0,4.07,8.69,7026.0,7336.0,8111.0,19.84,19.76,14.96,22472.0
2026-04-20,15,24017.0,4.2,8.65,6930.0,7200.0,8218.0,19.51,19.42,15.3,22348.0
2026-04-20,16,23788.0,4.21,8.53,7942.0,8352.0,8863.0,24.76,24.47,17.6,25157.0
2026-04-20,17,23792.0,3.86,8.32,8813.0,9338.0,10076.0,29.96,29.48,21.79,28227.0
2026-04-20,18,24315.0,3.36,8.01,8913.0,9373.0,10545.0,30.49,30.01,23.85,28831.0
2026-04-20,19,24858.0,2.95,7.81,8533.0,8999.0,10002.0,28.87,28.42,22.19,27534.0
2026-04-20,20,25378.0,2.75,7.73,7981.0,8324.0,9717.0,25.38,25.07,21.03,26021.0
2026-04-20,21,25104.0,2.68,7.67,7761.0,8056.0,8983.0,24.21,23.95,18.53,24800.0
2026-04-20,22,24252.0,2.88,7.6,4738.0,8229.0,6951.0,17.61,17.66,12.76,19917.0
2026-04-20,23,18919.0,3.27,7.59,-211.0,9074.0,5167.0,9.81,10.22,8.45,14031.0
2026-04-21,0,19173.0,3.81,7.57,-160.0,8117.0,5639.0,7.68,8.14,9.25,13596.0
2026-04-21,1,19871.0,4.38,7.56,-145.0,7673.0,5425.0,7.31,7.77,8.92,12954.0
2026-04-21,2,16954.0,4.95,7.54,-144.0,6915.0,5393.0,6.68,7.15,9.13,12163.0
2026-04-21,3,17249.0,5.45,7.54,-150.0,7095.0,5295.0,6.85,7.31,8.73,12240.0
2026-04-21,4,17552.0,5.7,7.56,-101.0,9821.0,6179.0,11.14,11.52,10.92,15899.0
2026-04-21,5,21906.0,5.73,7.56,6332.0,7619.0,9080.0,19.78,19.75,19.46,23032.0
2026-04-21,6,22122.0,5.3,7.57,8689.0,9195.0,11266.0,29.17,28.75,26.45,29150.0
2026-04-21,7,23054.0,4.54,7.61,8553.0,9031.0,11447.0,28.47,28.09,27.24,29031.0
2026-04-21,8,23436.0,4.01,7.74,8440.0,8910.0,10374.0,28.35,27.97,23.52,27723.0
2026-04-21,9,23843.0,3.6,7.98,8149.0,8571.0,10021.0,26.75,26.44,22.26,26741.0
2026-04-21,10,24348.0,3.42,8.29,7780.0,8172.0,7918.0,24.62,24.36,15.27,23869.0
2026-04-21,11,24450.0,3.59,8.46,6941.0,7295.0,7065.0,20.14,20.07,12.51,21301.0
2026-04-21,12,24482.0,3.87,8.55,4343.0,9468.0,7218.0,18.69,18.81,12.77,21030.0
2026-04-21,13,24235.0,4.16,8.57,4145.0,9068.0,8215.0,17.17,17.33,15.3,21427.0
2026-04-21,14,24073.0,4.36,8.6,4295.0,9458.0,8204.0,18.46,18.58,15.43,21957.0
2026-04-21,15,24252.0,4.55,8.52,4318.0,9458.0,8210.0,18.48,18.58,15.43,21986.0
2026-04-21,16,23601.0,4.63,8.38,7387.0,7634.0,8996.0,21.65,21.48,17.94,24017.0
2026-04-21,17,23497.0,4.34,8.17,8364.0,8765.0,10445.0,27.15,26.77,23.14,27574.0
2026-04-21,18,24050.0,3.88,7.87,8449.0,8872.0,10748.0,28.06,27.66,24.39,28070.0
2026-04-21,19,24893.0,3.49,7.7,8435.0,8838.0,10369.0,28.28,27.87,23.29,27642.0
2026-04-21,20,25206.0,3.23,7.62,8283.0,8685.0,10004.0,27.44,27.04,21.88,26972.0
2026-04-21,21,25121.0,3.07,7.56,8116.0,8445.0,8955.0,26.42,26.08,18.78,25516.0
2026-04-21,22,25315.0,3.17,7.5,5334.0,8313.0,7023.0,19.68,19.64,13.1,20670.0
2026-04-21,23,24414.0,3.95,7.46,-243.0,9055.0,5191.0,9.7,10.1,8.62,14003.0
2026-04-22,0,19091.0,4.68,7.45,-201.0,9485.0,5776.0,9.53,9.94,9.51,15060.0
2026-04-22,1,18258.0,5.0,7.46,-195.0,9082.0,5459.0,9.17,9.6,8.84,14346.0
2026-04-22,2,18285.0,5.39,7.48,-208.0,8918.0,5085.0,9.07,9.49,8.36,13795.0
2026-04-22,3,15504.0,5.73,7.49,-214.0,8728.0,5167.0,9.01,9.43,8.69,13681.0
2026-04-22,4,15415.0,5.69,7.52,-220.0,10365.0,5907.0,11.66,12.03,10.77,16052.0
2026-04-22,5,21886.0,5.62,7.52,3681.0,10077.0,8560.0,19.06,19.16,17.68,22318.0
2026-04-22,6,23392.0,5.34,7.51,7540.0,9790.0,11278.0,27.74,27.43,26.06,28607.0
2026-04-22,7,22982.0,4.64,7.67,8837.0,9436.0,11492.0,30.54,30.07,26.91,29764.0
2026-04-22,8,23482.0,4.0,7.91,8628.0,9200.0,10681.0,29.85,29.43,24.52,28509.0
2026-04-22,9,23901.0,3.54,8.14,8646.0,9184.0,9217.0,29.95,29.54,19.25,27048.0
2026-04-22,10,24443.0,3.35,8.4,7747.0,8123.0,7825.0,24.27,24.06,14.79,23695.0
2026-04-22,11,24507.0,3.53,8.59,6967.0,7329.0,7205.0,20.2,20.13,12.95,21502.0
2026-04-22,12,24277.0,3.86,8.66,6566.0,6775.0,7294.0,18.19,18.19,13.05,20635.0
2026-04-22,13,24062.0,4.07,8.68,6591.0,6790.0,7585.0,18.05,18.06,13.64,20966.0
2026-04-22,14,23836.0,4.44,8.75,6633.0,6807.0,8012.0,18.09,18.08,14.96,21451.0
2026-04-22,15,23674.0,4.64,8.73,6801.0,6983.0,7784.0,18.9,18.85,14.27,21568.0
2026-04-22,16,23342.0,4.65,8.59,7793.0,8171.0,9053.0,23.89,23.62,18.11,25016.0
2026-04-22,17,23368.0,4.26,8.34,8537.0,9006.0,10522.0,28.06,27.63,23.14,28064.0
2026-04-22,18,24026.0,3.74,7.98,8649.0,9111.0,11006.0,28.99,28.53,25.15,28766.0
2026-04-22,19,24487.0,3.28,7.76,8552.0,9022.0,10410.0,28.76,28.32,23.34,27984.0
2026-04-22,20,24740.0,2.94,7.66,8502.0,8968.0,10176.0,28.56,28.14,22.54,27646.0
2026-04-22,21,24958.0,2.69,7.59,8244.0,8674.0,8890.0,27.18,26.82,18.16,25808.0
2026-04-22,22,25225.0,2.84,7.53,6182.0,6800.0,6553.0,17.7,17.69,11.36,19536.0
2026-04-22,23,24631.0,3.66,7.49,330.0,8456.0,5372.0,9.6,9.99,8.76,14158.0
2026-04-23,0,19818.0,4.44,7.47,-180.0,9193.0,6214.0,9.05,9.48,10.33,15227.0
2026-04-23,1,18152.0,4.78,7.45,-153.0,8761.0,6047.0,8.68,9.11,10.13,14655.0
2026-04-23,2,16916.0,5.02,7.44,-152.0,8626.0,5842.0,8.64,9.07,9.8,14316.0
2026-04-23,3,18199.0,5.35,7.45,-146.0,7934.0,5930.0,7.83,8.28,9.93,13719.0
2026-04-23,4,19894.0,5.67,7.45,-175.0,11309.0,6899.0,13.58,13.91,12.77,18034.0
2026-04-23,5,23094.0,5.67,7.45,4466.0,10445.0,9402.0,21.66,21.69,20.3,24314.0
2026-04-23,6,23493.0,5.28,7.45,7986.0,9978.0,11635.0,29.43,29.05,26.83,29598.0
2026-04-23,7,22624.0,4.47,7.58,9281.0,9844.0,11576.0,33.1,32.54,27.05,30701.0
2026-04-23,8,23247.0,3.75,7.79,8739.0,9214.0,10848.0,30.24,29.8,24.82,28800.0
2026-04-23,9,24036.0,3.25,7.92,8735.0,9205.0,9599.0,30.3,29.87,20.6,27539.0
2026-04-23,10,25131.0,3.07,8.16,8208.0,8609.0,7690.0,27.14,26.83,14.11,24506.0
2026-04-23,11,25118.0,3.21,8.36,7218.0,7502.0,7788.0,21.53,21.39,14.23,22508.0
2026-04-23,12,25187.0,3.47,8.41,6688.0,6930.0,8115.0,18.66,18.62,15.08,21733.0
2026-04-23,13,24918.0,3.78,8.46,6860.0,6168.0,8317.0,17.15,17.14,15.53,21344.0
2026-04-23,14,24700.0,4.07,8.48,8438.0,4682.0,8307.0,17.77,17.58,15.43,21427.0
2026-04-23,15,24452.0,4.33,8.47,8413.0,4686.0,8356.0,17.65,17.45,15.58,21455.0
2026-04-23,16,23929.0,4.47,8.33,8371.0,6311.0,9389.0,21.25,20.99,19.55,24071.0
2026-04-23,17,23839.0,4.2,8.09,8159.0,8505.0,10861.0,26.16,25.82,24.73,27525.0
2026-04-23,18,24102.0,3.75,7.73,8218.0,8571.0,11444.0,26.8,26.45,27.0,28234.0
2026-04-23,19,24674.0,3.36,7.55,7995.0,8358.0,10614.0,25.91,25.58,24.26,26968.0
2026-04-23,20,24878.0,3.16,7.49,7777.0,8054.0,10311.0,24.63,24.35,23.02,26141.0
2026-04-23,21,24962.0,3.05,7.43,7545.0,7774.0,9280.0,23.4,23.17,19.36,24599.0
2026-04-23,22,25284.0,3.25,7.39,6473.0,6663.0,6903.0,18.22,18.18,12.45,20039.0
2026-04-23,23,20762.0,3.86,7.36,399.0,8332.0,5441.0,9.62,10.01,8.94,14172.0
2026-04-24,0,18989.0,4.4,7.35,-226.0,8852.0,5852.0,8.67,9.1,9.62,14478.0
2026-04-24,1,18243.0,4.79,7.34,-189.0,8207.0,5852.0,8.05,8.5,9.73,13870.0
2026-04-24,2,17659.0,5.19,7.33,-173.0,7973.0,5634.0,8.0,8.44,9.59,13434.0
2026-04-24,3,17429.0,5.57,7.34,-172.0,8041.0,5476.0,8.24,8.68,9.59,13345.0
2026-04-24,4,16480.0,5.81,7.32,-193.0,10120.0,6290.0,11.38,11.75,11.62,16217.0
2026-04-24,5,21052.0,5.64,7.3,4878.0,8536.0,8617.0,18.59,18.62,18.24,22032.0
2026-04-24,6,23297.0,5.42,7.31,8054.0,8577.0,11204.0,26.1,25.79,25.79,27835.0
2026-04-24,7,22775.0,4.78,7.45,8421.0,8913.0,11521.0,27.91,27.54,27.06,28855.0
2026-04-24,8,23240.0,4.19,7.71,8273.0,8741.0,10983.0,27.61,27.27,25.23,27996.0
2026-04-24,9,23698.0,3.71,7.85,8218.0,8707.0,10304.0,27.38,27.04,22.49,27230.0
2026-04-24,10,24362.0,3.47,7.92,8079.0,8590.0,8501.0,26.59,26.27,16.37,25170.0
2026-04-24,11,25907.0,3.57,8.18,6718.0,7005.0,8144.0,19.11,19.07,15.14,21868.0
2026-04-24,12,27544.0,4.07,8.35,6633.0,6720.0,8360.0,18.03,18.01,15.71,21713.0
2026-04-24,13,25542.0,4.48,8.39,6644.0,6985.0,8484.0,18.28,18.27,15.81,22114.0
2026-04-24,14,23605.0,4.67,8.48,6624.0,6965.0,8655.0,18.17,18.18,16.49,22245.0
2026-04-24,15,23450.0,4.74,8.5,6634.0,6953.0,8735.0,18.23,18.22,16.73,22322.0
2026-04-24,16,23223.0,4.74,8.39,7277.0,7706.0,9316.0,21.46,21.31,18.79,24299.0
2026-04-24,17,23289.0,4.42,8.12,7919.0,8361.0,11113.0,25.15,24.85,25.04,27393.0
2026-04-24,18,23953.0,3.86,7.77,8584.0,9105.0,11938.0,28.95,28.49,28.36,29627.0
2026-04-24,19,24531.0,3.33,7.56,8206.0,8627.0,11122.0,26.9,26.54,25.86,27955.0
2026-04-24,20,24729.0,3.03,7.45,7818.0,8155.0,10925.0,24.9,24.62,25.0,26898.0
2026-04-24,21,24866.0,2.83,7.38,7679.0,8034.0,9889.0,24.17,23.91,21.4,25603.0
2026-04-24,22,25219.0,2.98,7.33,4266.0,8304.0,7490.0,16.81,16.91,13.7,20060.0
2026-04-24,23,23521.0,3.7,7.29,-225.0,8624.0,5946.0,9.22,9.63,9.88,14345.0
2026-04-25,0,18484.0,4.3,7.28,-201.0,8892.0,6404.0,8.86,9.29,10.78,15095.0
2026-04-25,1,18168.0,4.62,7.28,-191.0,8263.0,6114.0,8.19,8.63,10.13,14186.0
2026-04-25,2,17572.0,5.0,7.27,-190.0,7829.0,5612.0,7.66,8.12,9.3,13251.0
2026-04-25,3,17393.0,5.39,7.25,-177.0,7848.0,5681.0,7.67,8.11,9.36,13353.0
2026-04-25,4,19316.0,5.71,7.24,1231.0,8475.0,7293.0,11.0,11.35,13.37,16999.0
2026-04-25,5,22511.0,5.78,7.22,5911.0,6817.0,9698.0,17.3,17.33,21.35,22426.0
2026-04-25,6,22391.0,5.47,7.23,7698.0,8214.0,12011.0,24.44,24.18,28.97,27923.0
2026-04-25,7,22520.0,4.77,7.36,8317.0,8770.0,12146.0,27.38,27.04,29.01,29232.0
2026-04-25,8,23089.0,4.11,7.59,8299.0,8731.0,11853.0,27.38,27.04,28.33,28883.0
2026-04-25,9,23590.0,3.55,7.97,8040.0,8457.0,11690.0,25.7,25.42,27.45,28188.0
2026-04-25,10,24718.0,3.21,8.23,7560.0,7924.0,10198.0,23.1,22.91,21.93,25682.0
2026-04-25,11,25089.0,3.23,8.23,6731.0,7457.0,8921.0,19.75,19.7,17.33,23110.0
2026-04-25,12,25713.0,3.42,8.2,4435.0,9862.0,8789.0,19.45,19.53,17.05,23086.0
2026-04-25,13,26427.0,3.7,8.15,4447.0,9909.0,8959.0,19.43,19.49,17.34,23315.0
2026-04-25,14,26409.0,3.95,8.43,4572.0,10193.0,8911.0,20.51,20.57,17.34,23675.0
2026-04-25,15,25476.0,4.14,8.5,4604.0,10228.0,9002.0,20.66,20.71,17.4,23834.0
2026-04-25,16,25082.0,4.14,8.38,5071.0,11224.0,10316.0,24.54,24.46,21.9,26611.0
2026-04-25,17,25016.0,3.83,8.01,5203.0,11440.0,11430.0,25.56,25.43,26.11,28072.0
2026-04-25,18,25278.0,3.47,7.65,5348.0,11725.0,11548.0,26.84,26.67,27.06,28621.0
2026-04-25,19,26199.0,3.18,7.43,5051.0,10974.0,11441.0,24.58,24.5,27.05,27465.0
2026-04-25,20,25922.0,3.09,7.32,4893.0,10654.0,10759.0,23.52,23.46,24.82,26306.0
2026-04-25,21,22559.0,2.8,7.25,7843.0,8240.0,10980.0,23.76,23.45,24.89,27063.0
2026-04-25,22,26151.0,2.48,7.19,9422.0,5179.0,10342.0,20.13,19.78,22.07,24944.0
2026-04-25,23,26723.0,2.94,7.15,5209.0,5225.0,8542.0,11.08,11.3,15.72,18976.0
2026-04-26,0,22094.0,3.58,7.15,39.0,9184.0,7811.0,8.67,9.09,13.78,17033.0
2026-04-26,1,22721.0,4.09,7.14,-193.0,9320.0,7143.0,8.68,9.11,12.25,16270.0
2026-04-26,2,22551.0,4.72,7.11,-183.0,9188.0,6914.0,8.69,9.11,11.72,15919.0
2026-04-26,3,22172.0,5.35,7.1,-185.0,9085.0,6814.0,8.69,9.11,11.52,15714.0
2026-04-26,4,20217.0,5.7,7.08,-194.0,11542.0,7828.0,13.27,13.59,14.76,19176.0
2026-04-26,5,23582.0,5.7,7.08,4738.0,10189.0,9565.0,21.81,21.81,21.22,24492.0
2026-04-26,6,22426.0,5.34,7.05,7916.0,8339.0,11074.0,25.9,25.61,26.18,27329.0
2026-04-26,7,22293.0,4.77,7.31,8128.0,8576.0,11258.0,26.86,26.54,26.31,27962.0
2026-04-26,8,22905.0,4.14,7.59,8375.0,8853.0,11578.0,27.97,27.61,27.05,28807.0
2026-04-26,9,23976.0,3.54,7.95,8413.0,8859.0,11636.0,27.91,27.55,26.96,28908.0
2026-04-26,10,24757.0,3.1,8.23,8517.0,8960.0,10063.0,28.33,27.95,21.06,27540.0
2026-04-26,11,24996.0,2.92,8.51,8129.0,8526.0,8316.0,26.04,25.74,15.68,24970.0
2026-04-26,12,25186.0,2.97,8.48,7661.0,8008.0,7886.0,23.53,23.32,14.68,23555.0
2026-04-26,13,25080.0,3.09,8.1,7699.0,8028.0,8537.0,23.45,23.21,16.26,24264.0
2026-04-26,14,25039.0,3.12,8.36,7538.0,7876.0,8594.0,22.96,22.77,16.69,24008.0
2026-04-26,15,25089.0,3.22,8.14,7589.0,7929.0,8082.0,23.29,23.06,14.55,23601.0
2026-04-26,16,24940.0,3.24,7.83,8000.0,8425.0,9095.0,25.7,25.37,17.69,25521.0
2026-04-26,17,24966.0,3.06,7.71,8258.0,8712.0,10074.0,27.28,26.89,21.3,27045.0
2026-04-26,18,25316.0,2.8,7.5,8243.0,8674.0,10338.0,27.43,27.05,22.62,27255.0
2026-04-26,19,25967.0,2.64,7.31,8124.0,8503.0,10113.0,26.96,26.58,22.1,26740.0
2026-04-26,20,27365.0,2.61,7.22,7538.0,7808.0,10425.0,23.67,23.42,22.78,25770.0
2026-04-26,21,26049.0,2.83,7.15,6479.0,6634.0,9280.0,18.25,18.22,18.91,22393.0
2026-04-26,22,24655.0,3.34,7.1,3212.0,6656.0,6626.0,11.72,11.98,11.45,16494.0
2026-04-26,23,22641.0,4.28,7.06,-242.0,7927.0,5228.0,8.31,8.75,8.46,12913.0
2026-04-27,0,17129.0,4.82,7.07,-201.0,8480.0,5912.0,8.19,8.63,9.42,14191.0
2026-04-27,1,14589.0,5.04,7.07,-173.0,7522.0,5415.0,7.16,7.62,8.65,12764.0
2026-04-27,2,15231.0,5.22,7.08,-167.0,7199.0,5122.0,6.9,7.37,8.23,12153.0
2026-04-27,3,14847.0,5.54,7.09,-175.0,7088.0,4885.0,6.93,7.4,7.92,11798.0
2026-04-27,4,16986.0,5.72,7.1,-197.0,9929.0,6263.0,11.32,11.7,11.25,15995.0
2026-04-27,5,22197.0,5.71,7.08,2871.0,10490.0,9191.0,18.3,18.44,18.85,22551.0
2026-04-27,6,23057.0,5.36,7.06,7775.0,9780.0,11869.0,28.4,28.04,26.63,29424.0
2026-04-27,7,23695.0,4.61,7.42,8932.0,9440.0,12030.0,30.92,30.46,27.67,30402.0
2026-04-27,8,23684.0,3.97,7.73,8690.0,9149.0,11509.0,29.89,29.46,26.08,29348.0
2026-04-27,9,23699.0,3.42,7.78,8344.0,8794.0,10473.0,28.06,27.7,22.27,27610.0
2026-04-27,10,24307.0,3.17,7.94,7651.0,7991.0,8547.0,24.01,23.78,16.03,24188.0
2026-04-27,11,24234.0,3.29,8.2,6827.0,7043.0,8025.0,19.47,19.42,14.44,21895.0
2026-04-27,12,24592.0,3.53,8.29,6636.0,6870.0,8044.0,18.21,18.18,14.77,21550.0
2026-04-27,13,24836.0,3.75,8.36,6781.0,7043.0,8508.0,18.81,18.78,16.07,22332.0
2026-04-27,14,25394.0,4.02,8.4,6673.0,6917.0,8265.0,18.45,18.43,15.47,21854.0
2026-04-27,15,25078.0,4.32,8.34,6656.0,6909.0,8147.0,18.43,18.38,14.92,21712.0
2026-04-27,16,23804.0,4.47,8.18,7441.0,7773.0,9090.0,22.36,22.16,18.08,24303.0
2026-04-27,17,23617.0,4.17,7.93,8355.0,8789.0,10583.0,27.51,27.12,23.37,27727.0
2026-04-27,18,23796.0,3.69,7.54,8314.0,8733.0,11038.0,27.42,27.04,25.11,28085.0
2026-04-27,19,24432.0,3.28,7.33,8158.0,8544.0,10387.0,26.96,26.6,23.2,27090.0
2026-04-27,20,24840.0,3.06,7.25,8010.0,8337.0,9993.0,25.78,25.45,21.71,26340.0
2026-04-27,21,24937.0,2.9,7.19,7844.0,8203.0,9167.0,25.26,24.96,19.17,25213.0
2026-04-27,22,25361.0,3.08,7.16,5835.0,6932.0,6707.0,17.49,17.49,11.82,19473.0
2026-04-27,23,24623.0,3.96,7.11,-115.0,8453.0,5196.0,9.12,9.54,8.39,13534.0
2026-04-28,0,18649.0,4.73,7.09,-193.0,8937.0,5958.0,8.79,9.21,9.79,14702.0
2026-04-28,1,16954.0,4.99,7.09,-167.0,7957.0,6056.0,7.67,8.11,10.12,13845.0
2026-04-28,2,15369.0,5.26,7.08,-169.0,7473.0,5364.0,7.22,7.67,8.72,12667.0
2026-04-28,3,15307.0,5.51,7.09,-173.0,7117.0,5318.0,6.85,7.31,8.6,12262.0
2026-04-28,4,18226.0,5.74,7.09,712.0,9563.0,6312.0,12.32,12.65,11.5,16587.0
2026-04-28,5,21929.0,5.72,7.05,4485.0,9417.0,9296.0,19.68,19.75,20.07,23198.0
2026-04-28,6,23250.0,5.33,7.09,8388.0,8909.0,11619.0,27.85,27.48,27.14,28916.0
2026-04-28,7,22713.0,4.64,7.36,8653.0,9145.0,11605.0,29.33,28.91,27.3,29404.0
2026-04-28,8,23120.0,4.0,7.58,8443.0,8897.0,10997.0,28.58,28.21,25.08,28336.0
2026-04-28,9,23621.0,3.49,7.84,8569.0,9007.0,9427.0,29.13,28.74,19.85,27003.0
2026-04-28,10,24279.0,3.32,8.03,7902.0,8257.0,7544.0,25.2,24.95,13.74,23703.0
2026-04-28,11,24218.0,3.46,8.09,7094.0,7377.0,7304.0,20.64,20.55,12.9,21775.0
2026-04-28,12,24193.0,3.68,8.15,6996.0,7273.0,7402.0,20.08,19.98,12.97,21671.0
2026-04-28,13,24243.0,3.92,8.19,6511.0,6779.0,8173.0,17.51,17.51,15.09,21464.0
2026-04-28,14,24916.0,4.14,8.24,6795.0,7094.0,7981.0,19.14,19.07,14.92,21870.0
2026-04-28,15,24698.0,4.4,8.24,6733.0,7012.0,7924.0,18.75,18.69,14.91,21669.0
2026-04-28,16,24200.0,4.54,8.12,7703.0,8098.0,8990.0,23.74,23.49,18.29,24791.0
2026-04-28,17,24308.0,4.2,7.84,8579.0,9098.0,10651.0,28.76,28.32,23.47,28328.0
2026-04-28,18,24801.0,3.78,7.53,8385.0,8818.0,11001.0,27.92,27.52,25.04,28204.0
2026-04-28,19,25243.0,3.45,7.32,8268.0,8699.0,10422.0,27.53,27.15,23.09,27388.0
2026-04-28,20,25678.0,3.24,7.22,8304.0,8718.0,9921.0,27.56,27.18,21.53,26943.0
2026-04-28,21,25187.0,3.11,7.16,7979.0,8367.0,9060.0,25.83,25.5,18.6,25406.0
2026-04-28,22,23412.0,3.14,7.12,5413.0,7845.0,7315.0,18.41,18.4,13.41,20573.0
2026-04-28,23,22237.0,3.74,7.09,-227.0,7901.0,5553.0,8.23,8.67,9.21,13227.0
2026-04-29,0,18251.0,4.4,7.07,-208.0,8267.0,5869.0,7.86,8.3,9.36,13927.0
2026-04-29,1,16859.0,4.72,7.05,-191.0,7964.0,5632.0,7.66,8.11,9.08,13405.0
2026-04-29,2,15651.0,4.99,7.05,-192.0,7806.0,5281.0,7.66,8.12,8.6,12895.0
2026-04-29,3,17165.0,5.32,7.07,-185.0,7714.0,5246.0,7.66,8.11,8.6,12775.0
2026-04-29,4,18820.0,5.68,7.06,512.0,9379.0,6235.0,11.52,11.87,11.06,16126.0
2026-04-29,5,23363.0,5.76,7.05,6732.0,7500.0,9109.0,20.46,20.36,19.41,23340.0
2026-04-29,6,22550.0,5.39,7.06,8348.0,8853.0,11992.0,27.6,27.24,28.54,29193.0
2026-04-29,7,22927.0,4.61,7.33,8846.0,9358.0,11891.0,30.46,30.0,28.4,30095.0
2026-04-29,8,23139.0,3.91,7.59,8748.0,9277.0,10856.0,30.37,29.93,24.73,28882.0
2026-04-29,9,23650.0,3.39,7.89,8286.0,8732.0,10161.0,27.75,27.38,22.44,27180.0
2026-04-29,10,24236.0,3.15,8.15,7893.0,8309.0,8238.0,25.57,25.29,16.07,24440.0
2026-04-29,11,24367.0,3.26,8.29,7144.0,7448.0,7147.0,21.23,21.1,12.8,21739.0
2026-04-29,12,24476.0,3.55,8.3,6437.0,6695.0,7369.0,17.59,17.59,12.96,20500.0
2026-04-29,13,25018.0,3.87,8.31,6738.0,6990.0,7882.0,18.6,18.58,14.36,21611.0
2026-04-29,14,25298.0,4.21,8.37,6722.0,6967.0,7915.0,18.62,18.58,14.43,21604.0
2026-04-29,15,24858.0,4.51,8.33,6682.0,6963.0,8117.0,18.59,18.54,15.08,21761.0
2026-04-29,16,24277.0,4.67,8.22,7518.0,7872.0,8970.0,22.75,22.53,17.67,24360.0
2026-04-29,17,23540.0,4.36,8.01,8359.0,8818.0,10749.0,27.48,27.09,23.74,27926.0
2026-04-29,18,24115.0,3.83,7.63,8618.0,9061.0,11341.0,29.22,28.76,26.08,29020.0
2026-04-29,19,24483.0,3.36,7.38,8301.0,8693.0,10957.0,27.65,27.27,25.34,27951.0
2026-04-29,20,24808.0,3.02,7.27,8278.0,8713.0,10477.0,27.59,27.21,23.53,27468.0
2026-04-29,21,25253.0,2.81,7.18,7726.0,8085.0,9922.0,24.66,24.38,21.32,25734.0
2026-04-29,22,25406.0,2.96,7.12,4715.0,7314.0,8067.0,16.1,16.2,15.3,20096.0
2026-04-29,23,22995.0,3.73,7.09,-218.0,8168.0,5944.0,8.53,8.96,9.81,13895.0
2026-04-30,0,19280.0,4.35,7.07,-200.0,8857.0,6463.0,8.58,9.01,10.71,15120.0
2026-04-30,1,17007.0,4.69,7.06,-186.0,8027.0,5696.0,7.73,8.18,9.28,13537.0
2026-04-30,2,17426.0,5.06,7.06,-183.0,7582.0,5375.0,7.29,7.74,8.63,12774.0
2026-04-30,3,17066.0,5.49,7.07,-174.0,7477.0,5274.0,7.25,7.72,8.6,12578.0
2026-04-30,4,16552.0,5.73,7.05,-201.0,10704.0,6150.0,12.24,12.59,10.99,16654.0
2026-04-30,5,20400.0,5.46,7.05,4364.0,10246.0,8645.0,21.13,21.15,18.24,23255.0
2026-04-30,6,23958.0,5.14,7.07,7745.0,9830.0,11220.0,28.5,28.14,26.47,28795.0
2026-04-30,7,23251.0,4.47,7.42,8735.0,9255.0,11570.0,29.72,29.29,27.36,29560.0
2026-04-30,8,23339.0,3.92,7.64,8709.0,8006.0,10623.0,26.85,26.48,23.72,27338.0
2026-04-30,9,23627.0,3.46,7.87,9016.0,9281.0,9201.0,31.02,30.53,19.14,27498.0
2026-04-30,10,24134.0,3.25,8.08,7956.0,8128.0,7470.0,24.98,24.73,13.63,23554.0
2026-04-30,11,24187.0,3.43,8.38,6837.0,6904.0,7413.0,19.08,19.04,13.23,21154.0
2026-04-30,12,24130.0,3.71,8.37,6580.0,6619.0,7787.0,17.58,17.59,14.14,20986.0
2026-04-30,13,24425.0,3.99,8.43,6459.0,6491.0,8107.0,16.94,16.96,14.89,21056.0
2026-04-30,14,24579.0,4.26,8.5,6786.0,6875.0,8085.0,18.58,18.55,14.91,21746.0
2026-04-30,15,24815.0,4.54,8.46,6701.0,6797.0,8100.0,18.28,18.23,14.96,21598.0
2026-04-30,16,24328.0,4.71,8.34,7275.0,7430.0,9299.0,21.18,21.02,18.58,24004.0
2026-04-30,17,24582.0,4.51,7.92,8223.0,8481.0,10528.0,26.18,25.83,23.16,27232.0
2026-04-30,18,24658.0,4.2,7.55,8166.0,8412.0,10729.0,26.39,26.04,24.2,27308.0
2026-04-30,19,24759.0,3.95,7.37,8084.0,8313.0,9811.0,26.16,25.81,21.3,26207.0
2026-04-30,20,24849.0,3.85,7.27,7678.0,7860.0,9514.0,24.11,23.85,20.3,25052.0
2026-04-30,21,23082.0,3.71,7.21,7862.0,8042.0,8278.0,24.89,24.6,16.62,24182.0
2026-04-30,22,23369.0,3.67,7.17,7394.0,7519.0,7414.0,22.34,22.15,13.82,22327.0
2026-04-30,23,23316.0,4.14,7.14,566.0,8512.0,5230.0,9.94,10.32,8.53,14308.0
2026-05-01,0,18402.0,4.81,7.13,-195.0,9584.0,5823.0,9.48,9.89,9.19,15212.0
2026-05-01,1,18026.0,4.98,7.13,-149.0,9265.0,6122.0,9.28,9.69,10.25,15238.0
2026-05-01,2,18680.0,5.34,6.99,-142.0,8673.0,5810.0,8.68,9.11,9.57,14341.0
2026-05-01,3,16404.0,5.71,6.84,-143.0,8379.0,5646.0,8.39,8.82,9.38,13882.0
2026-05-01,4,16156.0,5.67,6.79,-154.0,10606.0,6761.0,12.09,12.44,12.54,17213.0
2026-05-01,5,21856.0,5.7,6.77,-132.0,12263.0,8680.0,15.73,16.0,18.45,20811.0
2026-05-01,6,22972.0,5.54,6.77,5528.0,10925.0,9740.0,26.08,25.95,21.86,26193.0
2026-05-01,7,23108.0,5.15,7.03,8187.0,8615.0,10362.0,27.29,26.96,23.41,27165.0
2026-05-01,8,22719.0,4.67,7.49,8239.0,8660.0,10584.0,27.34,27.01,23.99,27483.0
2026-05-01,9,22936.0,4.18,7.84,8188.0,8612.0,9841.0,27.0,26.67,21.08,26641.0
2026-05-01,10,23613.0,3.88,8.22,8121.0,8555.0,8257.0,26.67,26.37,15.76,24934.0
2026-05-01,11,23703.0,3.79,8.23,7742.0,8098.0,7505.0,24.58,24.32,13.81,23346.0
2026-05-01,12,25552.0,3.94,8.25,7384.0,7712.0,7085.0,22.52,22.35,12.88,22181.0
2026-05-01,13,25385.0,4.27,8.38,7299.0,7654.0,7290.0,22.36,22.19,13.42,22242.0
2026-05-01,14,24134.0,4.48,8.4,7143.0,7470.0,7284.0,21.45,21.32,13.46,21897.0
2026-05-01,15,24717.0,4.69,8.42,7174.0,7471.0,7258.0,21.53,21.36,13.46,21902.0
2026-05-01,16,24747.0,4.9,8.32,7633.0,8017.0,7751.0,24.06,23.78,15.21,23401.0
2026-05-01,17,23961.0,4.84,8.03,7954.0,8336.0,9222.0,25.89,25.58,19.88,25512.0
2026-05-01,18,23709.0,4.58,7.55,7925.0,8313.0,9865.0,25.97,25.65,22.2,26103.0
2026-05-01,19,22940.0,4.31,7.33,7866.0,8236.0,9178.0,25.89,25.58,20.27,25279.0
2026-05-01,20,21719.0,4.04,7.27,7216.0,7512.0,8550.0,22.51,22.31,18.32,23278.0
2026-05-01,21,19938.0,3.91,7.25,6234.0,6374.0,7592.0,17.52,17.51,15.2,20200.0
2026-05-01,22,17696.0,4.04,7.23,2553.0,6891.0,5481.0,10.95,11.25,9.48,14924.0
2026-05-01,23,16174.0,4.36,7.22,-191.0,7467.0,4588.0,7.66,8.11,7.59,11864.0
2026-05-02,0,17048.0,4.68,7.21,-166.0,8452.0,5526.0,8.14,8.58,8.93,13812.0
2026-05-02,1,16651.0,5.01,7.18,-149.0,7957.0,5301.0,7.67,8.11,8.76,13109.0
2026-05-02,2,15991.0,5.31,7.17,-154.0,7851.0,5164.0,7.67,8.12,8.45,12862.0
2026-05-02,3,15417.0,5.56,7.15,-166.0,7726.0,4820.0,7.67,8.12,7.94,12379.0
2026-05-02,4,16589.0,5.74,7.13,179.0,9894.0,6205.0,11.76,12.11,11.6,16278.0
2026-05-02,5,21350.0,5.7,7.13,5083.0,8883.0,8237.0,20.26,20.27,17.35,22203.0
2026-05-02,6,22998.0,5.46,7.07,7802.0,8267.0,10219.0,25.46,25.16,23.08,26288.0
2026-05-02,7,22246.0,5.03,6.88,7900.0,8335.0,10028.0,25.84,25.53,22.52,26264.0
2026-05-02,8,22521.0,4.62,7.03,8012.0,8494.0,9625.0,26.61,26.29,21.11,26131.0
2026-05-02,9,22853.0,4.21,7.51,8052.0,8528.0,9754.0,26.66,26.35,21.11,26334.0
2026-05-02,10,23384.0,3.9,7.9,7995.0,8482.0,8043.0,26.47,26.17,15.35,24520.0
2026-05-02,11,23582.0,3.83,8.14,7715.0,8125.0,7486.0,24.63,24.39,13.62,23325.0
2026-05-02,12,23739.0,3.86,8.21,7323.0,7656.0,7804.0,22.38,22.21,14.43,22784.0
2026-05-02,13,23771.0,3.9,8.26,7479.0,7864.0,7936.0,22.93,22.75,14.73,23279.0
2026-05-02,14,24694.0,3.95,8.35,7530.0,7913.0,7977.0,23.26,23.05,14.92,23420.0
2026-05-02,15,24664.0,4.04,8.32,7518.0,7905.0,8027.0,23.3,23.09,14.97,23451.0
2026-05-02,16,24330.0,4.05,8.27,7813.0,8260.0,9085.0,25.1,24.79,18.49,25158.0
2026-05-02,17,23731.0,3.77,8.03,8082.0,8538.0,10477.0,26.64,26.3,23.51,27098.0
2026-05-02,18,24334.0,3.39,7.63,8106.0,8571.0,10553.0,26.94,26.57,23.89,27229.0
2026-05-02,19,24985.0,3.18,7.39,7913.0,8333.0,9570.0,26.18,25.85,20.86,25816.0
2026-05-02,20,24861.0,3.11,7.28,7449.0,7820.0,9362.0,23.52,23.27,20.07,24631.0
2026-05-02,21,24702.0,3.24,7.21,5295.0,7528.0,8480.0,17.67,17.71,17.16,21302.0
2026-05-02,22,23639.0,3.73,7.16,-196.0,10314.0,6633.0,11.98,12.33,11.86,16751.0
2026-05-02,23,18678.0,4.43,7.13,-219.0,7730.0,4797.0,7.97,8.41,7.63,12308.0
2026-05-03,0,15636.0,4.73,7.12,-172.0,8357.0,5781.0,7.99,8.44,9.35,13965.0
2026-05-03,1,15714.0,4.89,7.11,-164.0,8239.0,5688.0,8.04,8.47,9.37,13763.0
2026-05-03,2,15327.0,5.05,7.11,-173.0,7806.0,5319.0,7.66,8.11,8.75,12953.0
2026-05-03,3,18620.0,5.4,7.1,-182.0,7815.0,4889.0,7.69,8.14,7.93,12521.0
2026-05-03,4,17296.0,5.78,7.09,1788.0,8437.0,6485.0,12.18,12.47,11.82,16710.0
2026-05-03,5,21407.0,5.74,7.07,6704.0,7200.0,8283.0,20.3,20.21,17.46,22187.0
2026-05-03,6,21765.0,5.45,7.12,7957.0,8455.0,9637.0,26.3,25.99,21.19,26049.0
2026-05-03,7,22350.0,4.95,7.49,8101.0,8564.0,10473.0,26.86,26.53,23.46,27138.0
2026-05-03,8,22892.0,4.43,7.72,8206.0,8656.0,10717.0,27.16,26.82,24.28,27579.0
2026-05-03,9,23378.0,3.94,7.97,8185.0,8641.0,10538.0,26.93,26.62,23.41,27364.0
2026-05-03,10,24027.0,3.61,8.17,8031.0,8451.0,9189.0,26.22,25.91,18.84,25670.0
2026-05-03,11,24127.0,3.51,8.2,7745.0,8136.0,8102.0,24.6,24.35,15.4,23984.0
2026-05-03,12,24599.0,3.54,8.22,7506.0,7867.0,7971.0,23.11,22.93,14.93,23344.0
2026-05-03,13,25319.0,3.67,8.29,7460.0,7850.0,8118.0,22.93,22.75,15.4,23429.0
2026-05-03,14,25661.0,3.85,8.37,7490.0,7853.0,8083.0,22.98,22.79,15.4,23426.0
2026-05-03,15,24790.0,4.01,8.38,7466.0,7866.0,8049.0,23.01,22.8,15.4,23381.0
2026-05-03,16,24440.0,4.04,8.36,7882.0,8281.0,8690.0,25.08,24.78,17.25,24853.0
2026-05-03,17,25218.0,3.87,8.12,8217.0,8651.0,10074.0,27.07,26.71,22.2,26942.0
2026-05-03,18,25131.0,3.62,7.7,8021.0,8423.0,10826.0,26.39,26.04,24.98,27270.0
2026-05-03,19,25501.0,3.42,7.46,7942.0,8302.0,10256.0,26.12,25.79,23.35,26500.0
2026-05-03,20,24935.0,3.34,7.37,7488.0,7798.0,9954.0,23.58,23.34,22.2,25240.0
2026-05-03,21,22973.0,3.12,7.31,6881.0,7120.0,11163.0,18.58,18.52,25.22,25164.0
2026-05-03,22,26693.0,3.23,7.26,5463.0,6289.0,10010.0,13.69,13.81,21.08,21761.0
2026-05-03,23,25960.0,3.92,7.2,-137.0,9509.0,7733.0,9.1,9.52,13.64,17105.0
2026-05-04,0,21949.0,4.63,7.18,-139.0,9145.0,7614.0,8.65,9.07,13.51,16620.0
2026-05-04,1,16598.0,5.0,7.19,-144.0,8707.0,6597.0,8.24,8.68,11.35,15160.0
2026-05-04,2,14188.0,4.92,7.2,-141.0,8338.0,6173.0,8.04,8.48,10.6,14369.0
2026-05-04,3,17977.0,5.09,7.18,-148.0,7988.0,5499.0,7.87,8.32,9.33,13340.0
2026-05-04,4,18787.0,5.61,7.16,-166.0,9739.0,5698.0,10.98,11.36,10.3,15271.0
2026-05-04,5,20834.0,5.65,7.13,3870.0,10117.0,8023.0,19.86,19.91,16.5,22010.0
2026-05-04,6,23726.0,5.31,7.16,8399.0,8908.0,10894.0,27.64,27.28,25.12,28201.0
2026-05-04,7,23426.0,4.76,7.51,8532.0,9026.0,11454.0,28.29,27.9,27.04,29012.0
2026-05-04,8,23152.0,4.17,7.75,8533.0,9026.0,10759.0,28.41,28.01,24.6,28317.0
2026-05-04,9,23448.0,3.67,8.03,8377.0,8868.0,9941.0,27.61,27.26,21.44,27187.0
2026-05-04,10,24046.0,3.38,8.16,8401.0,8876.0,8365.0,27.96,27.59,16.27,25642.0
2026-05-04,11,24134.0,3.25,8.32,8071.0,8499.0,7724.0,25.94,25.64,14.22,24294.0
2026-05-04,12,24324.0,3.24,8.44,7818.0,8181.0,8087.0,24.24,24.01,15.07,24086.0
2026-05-04,13,24449.0,3.22,8.53,7947.0,8338.0,8034.0,24.71,24.45,14.95,24319.0
2026-05-04,14,24827.0,3.22,8.59,7785.0,8168.0,8106.0,24.01,23.77,15.1,24059.0
2026-05-04,15,25025.0,3.28,8.5,7867.0,8257.0,8040.0,24.36,24.1,14.94,24164.0
2026-05-04,16,26437.0,3.34,7.94,8197.0,8629.0,9010.0,26.43,26.08,18.15,25835.0
2026-05-04,17,26285.0,3.27,7.46,8464.0,8908.0,9963.0,28.31,27.9,21.82,27334.0
2026-05-04,18,26384.0,3.13,7.25,8303.0,8748.0,10361.0,27.64,27.25,23.43,27412.0
2026-05-04,19,25678.0,2.95,7.16,8272.0,8644.0,10117.0,27.48,27.11,22.54,27033.0
2026-05-04,20,24976.0,2.82,7.08,7749.0,8035.0,10027.0,24.56,24.28,22.26,25811.0
2026-05-04,21,24703.0,2.81,7.02,6706.0,6844.0,9020.0,19.01,18.94,18.85,22570.0
2026-05-04,22,24755.0,3.26,7.02,3630.0,6744.0,6312.0,12.14,12.38,10.78,16687.0
2026-05-04,23,24010.0,4.2,6.95,-182.0,8392.0,5094.0,8.68,9.11,8.3,13304.0
2026-05-05,0,17657.0,4.87,6.53,-143.0,9370.0,5642.0,9.3,9.71,9.22,14869.0
2026-05-05,1,15010.0,5.0,6.45,-133.0,8382.0,5429.0,8.15,8.59,8.95,13678.0
2026-05-05,2,15457.0,5.17,6.5,-139.0,7965.0,5241.0,7.65,8.11,8.59,13066.0
2026-05-05,3,18105.0,5.57,6.51,-157.0,8016.0,5154.0,7.87,8.33,8.46,13014.0
2026-05-05,4,14885.0,5.68,6.52,-175.0,10320.0,6108.0,11.7,12.06,11.23,16254.0
2026-05-05,5,22327.0,5.56,6.51,4341.0,9755.0,8835.0,19.79,19.85,18.68,22930.0
2026-05-05,6,23683.0,5.33,6.5,8205.0,8810.0,10814.0,27.13,26.78,24.74,27830.0
2026-05-05,7,23137.0,4.81,6.68,8333.0,8724.0,10764.0,27.58,27.23,24.52,27821.0
2026-05-05,8,23287.0,4.37,7.1,8311.0,8716.0,9511.0,27.91,27.56,20.9,26539.0
2026-05-05,9,23514.0,4.09,7.61,8021.0,8379.0,8326.0,26.34,26.05,16.95,24726.0
2026-05-05,10,23829.0,4.04,8.17,7491.0,7797.0,7252.0,23.24,23.05,13.33,22539.0
2026-05-05,11,23941.0,4.26,8.4,6487.0,6698.0,6976.0,18.08,18.07,12.23,20162.0
2026-05-05,12,24184.0,4.62,8.3,6415.0,6650.0,7557.0,17.26,17.28,13.42,20621.0
2026-05-05,13,24265.0,4.92,8.35,6365.0,6586.0,7883.0,17.0,17.02,14.34,20834.0
2026-05-05,14,23915.0,5.2,8.38,6491.0,6733.0,7930.0,17.59,17.6,14.62,21154.0
2026-05-05,15,22340.0,5.4,8.4,6349.0,6542.0,7965.0,16.97,16.98,14.62,20856.0
2026-05-05,16,21054.0,5.35,8.31,7071.0,7356.0,8679.0,20.5,20.37,16.94,23105.0
2026-05-05,17,21648.0,4.97,7.96,7816.0,8142.0,10123.0,24.5,24.2,21.94,26081.0
2026-05-05,18,22744.0,4.47,7.61,8088.0,8387.0,10722.0,26.1,25.78,24.55,27196.0
2026-05-05,19,23067.0,4.0,7.36,8340.0,8704.0,10095.0,27.94,27.53,22.44,27139.0
2026-05-05,20,23101.0,3.57,7.25,8326.0,8650.0,9989.0,27.77,27.4,22.09,26965.0
2026-05-05,21,24648.0,3.3,7.17,8055.0,8400.0,8692.0,26.29,25.96,17.77,25147.0
2026-05-05,22,25110.0,3.43,7.12,6771.0,6944.0,6398.0,19.57,19.48,11.32,20113.0
2026-05-05,23,24668.0,4.23,7.08,735.0,8198.0,5290.0,9.8,10.17,8.59,14223.0
2026-05-06,0,19549.0,4.96,7.06,-152.0,9484.0,5986.0,9.57,9.97,9.86,15318.0
2026-05-06,1,15282.0,5.19,7.05,-125.0,8747.0,5745.0,8.69,9.11,9.57,14366.0
2026-05-06,2,15282.0,5.22,7.05,-131.0,8279.0,5308.0,8.15,8.58,8.79,13456.0
2026-05-06,3,15819.0,5.48,7.03,-141.0,7833.0,4997.0,7.67,8.11,8.1,12689.0
2026-05-06,4,15949.0,5.71,7.05,-155.0,9249.0,5729.0,9.71,10.11,9.72,14823.0
2026-05-06,5,18544.0,5.67,7.07,1637.0,10188.0,7397.0,14.58,14.84,13.51,19222.0
2026-05-06,6,22592.0,5.36,7.08,8072.0,8991.0,11197.0,26.94,26.62,25.41,28261.0
2026-05-06,7,22545.0,4.64,7.32,8757.0,9195.0,11616.0,29.75,29.31,27.48,29568.0
2026-05-06,8,23141.0,4.02,7.79,8335.0,8725.0,10765.0,27.78,27.42,24.83,27825.0
2026-05-06,9,23570.0,3.6,8.08,7841.0,8134.0,9729.0,25.04,24.78,20.81,25704.0
2026-05-06,10,24128.0,3.51,7.6,7297.0,7551.0,8138.0,22.15,21.95,15.5,22986.0
2026-05-06,11,23964.0,3.74,7.86,6595.0,6790.0,7032.0,18.25,18.24,12.1,20417.0
2026-05-06,12,23935.0,4.05,8.14,6557.0,6781.0,7445.0,17.8,17.8,13.18,20782.0
2026-05-06,13,24733.0,4.33,8.38,6433.0,6661.0,7983.0,17.05,17.08,14.7,21077.0
2026-05-06,14,25311.0,4.66,8.52,6745.0,6990.0,8065.0,18.55,18.52,14.96,21800.0
2026-05-06,15,25286.0,4.99,8.14,6412.0,6640.0,8103.0,17.23,17.22,15.04,21155.0
2026-05-06,16,24448.0,5.29,7.79,6694.0,6951.0,9096.0,18.77,18.7,18.25,22741.0
2026-05-06,17,23557.0,5.16,7.61,7935.0,8287.0,10385.0,25.08,24.79,22.93,26607.0
2026-05-06,18,22921.0,4.74,7.47,7982.0,8330.0,10574.0,25.63,25.32,23.84,26885.0
2026-05-06,19,23726.0,4.34,7.33,8171.0,8549.0,9985.0,26.75,26.4,21.76,26705.0
2026-05-06,20,24834.0,4.1,7.2,8119.0,8467.0,9712.0,26.44,26.11,20.86,26298.0
2026-05-06,21,20468.0,3.77,7.13,8200.0,8574.0,8810.0,26.86,26.5,17.86,25585.0
2026-05-06,22,20686.0,3.43,7.09,6400.0,7672.0,6645.0,20.14,20.05,11.86,20717.0
2026-05-06,23,20315.0,3.72,7.09,-165.0,10274.0,4647.0,11.54,11.91,7.47,14756.0
2026-05-07,0,18291.0,4.07,7.12,-135.0,10631.0,5663.0,11.22,11.6,9.29,16158.0
2026-05-07,1,19467.0,4.35,7.14,-134.0,10201.0,5240.0,10.73,11.13,8.57,15307.0
2026-05-07,2,20295.0,4.79,7.14,-142.0,9606.0,4926.0,10.09,10.51,7.97,14390.0
2026-05-07,3,19927.0,5.48,7.12,-138.0,8985.0,4951.0,9.15,9.58,8.05,13798.0
2026-05-07,4,18508.0,5.75,7.09,2928.0,8911.0,6166.0,14.84,15.05,11.05,18006.0
2026-05-07,5,22160.0,5.63,7.05,7545.0,8034.0,9170.0,23.58,23.36,19.49,24749.0
2026-05-07,6,23038.0,5.08,7.07,8924.0,9410.0,11805.0,30.39,29.91,27.9,30139.0
2026-05-07,7,22875.0,4.3,7.39,8904.0,9356.0,11728.0,30.39,29.94,27.51,29989.0
2026-05-07,8,23393.0,3.65,7.63,8849.0,9310.0,10574.0,30.5,30.02,23.76,28734.0
2026-05-07,9,23992.0,3.14,7.94,8698.0,9185.0,9885.0,30.16,29.72,21.51,27768.0
2026-05-07,10,25057.0,2.9,8.17,8593.0,9031.0,7692.0,29.28,28.88,14.46,25316.0
2026-05-07,11,25418.0,3.02,8.17,7524.0,7804.0,7066.0,22.9,22.71,12.51,22394.0
2026-05-07,12,26764.0,3.35,7.97,7363.0,7618.0,7529.0,21.74,21.56,13.56,22510.0
2026-05-07,13,26076.0,3.7,7.92,7045.0,7286.0,8417.0,20.16,20.04,16.06,22749.0
2026-05-07,14,24963.0,3.97,8.19,6750.0,6957.0,8578.0,18.6,18.57,16.36,22285.0
2026-05-07,15,24756.0,4.24,8.25,6491.0,6718.0,8062.0,17.59,17.57,15.01,21270.0
2026-05-07,16,24297.0,4.46,8.0,7176.0,7428.0,8927.0,20.88,20.73,17.52,23532.0
2026-05-07,17,24035.0,4.33,7.7,7656.0,7983.0,10380.0,23.67,23.4,22.81,26019.0
2026-05-07,18,24457.0,4.0,7.42,8801.0,9243.0,10341.0,30.27,29.79,23.16,28386.0
2026-05-07,19,24800.0,3.6,7.27,8660.0,9082.0,9754.0,29.66,29.2,21.21,27496.0
2026-05-07,20,26205.0,3.42,7.17,8308.0,8674.0,9766.0,27.38,27.01,21.21,26748.0
2026-05-07,21,25431.0,3.35,7.14,8094.0,8427.0,9018.0,26.37,26.04,18.67,25539.0
2026-05-07,22,25558.0,3.47,7.12,7255.0,7525.0,6498.0,21.85,21.67,11.67,21277.0
2026-05-07,23,23107.0,4.17,7.1,158.0,9479.0,4670.0,10.7,11.07,7.62,14307.0
2026-05-08,0,19574.0,4.82,7.07,-131.0,10392.0,5587.0,10.83,11.21,9.22,15847.0
2026-05-08,1,18387.0,5.05,7.04,-135.0,10391.0,5592.0,10.99,11.36,9.2,15848.0
2026-05-08,2,18325.0,5.28,7.01,-140.0,10011.0,5512.0,10.66,11.04,9.13,15384.0
2026-05-08,3,18788.0,5.6,6.94,-147.0,9725.0,5436.0,10.23,10.62,8.98,15014.0
2026-05-08,4,17404.0,5.76,6.89,753.0,10444.0,6333.0,13.33,13.62,11.24,17530.0
2026-05-08,5,21061.0,5.6,6.86,4761.0,10381.0,8724.0,21.93,21.92,18.17,23866.0
2026-05-08,6,23406.0,5.13,6.89,8783.0,9276.0,11426.0,29.43,28.97,26.63,29484.0
2026-05-08,7,23141.0,4.38,7.09,9230.0,9706.0,11694.0,32.2,31.66,27.83,30630.0
2026-05-08,8,23618.0,3.71,7.31,8765.0,9132.0,10868.0,30.16,29.73,25.11,28766.0
2026-05-08,9,24272.0,3.25,7.58,8945.0,9426.0,9094.0,31.21,30.74,18.74,27465.0
2026-05-08,10,24913.0,3.03,7.93,8619.0,9017.0,7489.0,29.18,28.75,13.6,25125.0
2026-05-08,11,25032.0,3.1,8.25,7635.0,7883.0,7478.0,23.28,23.08,13.26,22996.0
2026-05-08,12,25394.0,3.37,8.15,6877.0,7017.0,7933.0,19.18,19.13,14.5,21826.0
2026-05-08,13,25296.0,3.6,8.2,7401.0,7601.0,8021.0,21.5,21.36,14.75,23023.0
2026-05-08,14,25297.0,3.81,8.17,7100.0,7304.0,7936.0,20.3,20.16,14.62,22341.0
2026-05-08,15,25399.0,4.07,8.13,7357.0,7564.0,7929.0,21.35,21.19,14.66,22849.0
2026-05-08,16,25202.0,4.14,7.91,8309.0,8633.0,9074.0,26.69,26.32,18.16,26017.0
2026-05-08,17,25062.0,3.82,7.6,9230.0,9642.0,10387.0,32.46,31.9,22.95,29259.0
2026-05-08,18,25574.0,3.38,7.33,9288.0,9677.0,10473.0,33.06,32.48,23.31,29438.0
2026-05-08,19,25717.0,3.07,7.08,8782.0,9124.0,9792.0,30.24,29.74,21.14,27697.0
2026-05-08,20,25760.0,2.9,6.97,8455.0,8762.0,9487.0,28.29,27.87,20.27,26703.0
2026-05-08,21,25323.0,2.79,6.92,8394.0,8746.0,8234.0,28.07,27.66,16.24,25374.0
2026-05-08,22,25495.0,2.97,6.9,6940.0,7141.0,5904.0,20.42,20.3,10.01,19985.0
2026-05-08,23,25488.0,3.79,6.86,846.0,9101.0,4878.0,11.35,11.7,7.96,14825.0
2026-05-09,0,21148.0,4.71,6.85,-135.0,9116.0,5887.0,8.93,9.35,9.48,14868.0
2026-05-09,1,16188.0,5.02,6.83,-88.0,8447.0,5711.0,8.21,8.65,9.37,14070.0
2026-05-09,2,15832.0,5.18,6.81,-84.0,8408.0,5698.0,8.17,8.61,9.44,14022.0
2026-05-09,3,15914.0,5.37,6.78,-115.0,8351.0,5329.0,8.17,8.61,8.59,13566.0
2026-05-09,4,19967.0,5.62,6.76,-124.0,10901.0,6789.0,12.56,12.9,12.54,17566.0
2026-05-09,5,22329.0,5.63,6.76,4598.0,10376.0,9420.0,21.84,21.85,20.48,24393.0
2026-05-09,6,23539.0,5.21,6.79,8541.0,8989.0,11211.0,28.41,28.02,26.2,28741.0
2026-05-09,7,23684.0,4.61,6.9,8590.0,9032.0,11523.0,28.57,28.17,27.08,29145.0
2026-05-09,8,23487.0,4.06,7.28,8531.0,8949.0,11095.0,28.43,28.04,25.52,28575.0
2026-05-09,9,23878.0,3.54,7.72,8483.0,8904.0,10432.0,28.12,27.74,23.09,27819.0
2026-05-09,10,24546.0,3.22,7.89,8388.0,8770.0,8859.0,27.64,27.27,17.66,26017.0
2026-05-09,11,24731.0,3.13,8.18,8119.0,8462.0,7862.0,26.01,25.72,14.44,24443.0
2026-05-09,12,24795.0,3.2,8.42,7663.0,7930.0,7727.0,23.25,23.05,14.17,23320.0
2026-05-09,13,24771.0,3.32,8.34,7676.0,7950.0,7686.0,23.27,23.06,14.01,23311.0
2026-05-09,14,25301.0,3.43,8.46,7533.0,7821.0,8120.0,22.67,22.46,15.21,23474.0
2026-05-09,15,25584.0,3.6,8.77,7575.0,7893.0,8119.0,22.72,22.52,15.1,23587.0
2026-05-09,16,25360.0,3.66,8.86,8203.0,8572.0,9192.0,26.09,25.76,18.68,25968.0
2026-05-09,17,25272.0,3.41,8.21,8531.0,8916.0,11262.0,28.03,27.61,25.88,28709.0
2026-05-09,18,25706.0,3.0,7.74,8467.0,8818.0,11759.0,28.02,27.61,27.97,29044.0
2026-05-09,19,25591.0,2.71,7.35,8251.0,8541.0,10801.0,27.04,26.65,24.79,27593.0
2026-05-09,20,26062.0,2.56,7.07,7572.0,7779.0,10510.0,23.53,23.3,23.99,25862.0
2026-05-09,21,26079.0,2.71,6.96,6461.0,6496.0,9641.0,17.83,17.8,20.62,22598.0
2026-05-09,22,19391.0,3.3,6.92,5157.0,5801.0,5405.0,13.14,13.3,3.62,16363.0
2026-05-09,23,12743.0,3.79,6.9,-145.0,8876.0,32769.0,9.11,9.53,2.24,41501.0
2026-05-10,0,13140.0,4.2,6.88,-129.0,9113.0,32769.0,8.67,9.1,2.24,41753.0
2026-05-10,1,15648.0,4.61,6.87,-109.0,8849.0,23668.0,8.49,8.92,5.26,32407.0
2026-05-10,2,20841.0,5.07,6.85,-81.0,7904.0,9825.0,7.73,8.18,12.12,17648.0
2026-05-10,3,18857.0,5.64,6.83,-85.0,7893.0,8883.0,7.8,8.24,11.03,16691.0
2026-05-10,4,18806.0,5.77,6.82,1973.0,8492.0,9712.0,12.54,12.82,15.29,20177.0
2026-05-10,5,21604.0,5.7,6.82,6953.0,7327.0,10958.0,21.2,21.09,20.44,25238.0
2026-05-10,6,23173.0,5.43,6.86,7812.0,8255.0,11930.0,25.34,25.06,23.37,27997.0
2026-05-10,7,22403.0,4.98,7.11,8038.0,8452.0,12058.0,26.14,25.85,23.36,28548.0
2026-05-10,8,23627.0,4.54,7.34,8199.0,8620.0,12199.0,26.85,26.54,23.93,29018.0
2026-05-10,9,23972.0,4.11,7.73,8279.0,8693.0,11967.0,27.08,26.73,23.01,28938.0
2026-05-10,10,24158.0,3.79,8.19,8343.0,8769.0,10463.0,27.31,26.98,17.91,27575.0
2026-05-10,11,24378.0,3.69,8.21,7759.0,8146.0,9307.0,24.39,24.15,14.43,25211.0
2026-05-10,12,24556.0,3.77,8.09,7408.0,7725.0,9475.0,22.36,22.19,15.03,24608.0
2026-05-10,13,24408.0,3.85,8.08,7492.0,7838.0,9369.0,22.77,22.57,15.02,24699.0
2026-05-10,14,24465.0,3.92,8.43,7537.0,7873.0,9469.0,23.0,22.81,15.29,24879.0
2026-05-10,15,24469.0,3.96,8.31,7498.0,7844.0,9465.0,23.07,22.86,15.74,24807.0
2026-05-10,16,24583.0,3.95,7.86,7810.0,8175.0,10854.0,24.78,24.49,20.3,26840.0
2026-05-10,17,24833.0,3.72,7.64,8092.0,8508.0,11881.0,26.59,26.22,24.83,28481.0
2026-05-10,18,25337.0,3.46,7.47,8098.0,8480.0,11198.0,26.62,26.28,22.84,27776.0
2026-05-10,19,25498.0,3.33,7.3,8063.0,8444.0,10660.0,26.53,26.19,21.07,27167.0
2026-05-10,20,25517.0,3.27,7.23,7625.0,7899.0,10688.0,23.91,23.66,21.15,26211.0
2026-05-10,21,25293.0,3.4,7.18,5858.0,7329.0,9533.0,18.18,18.18,17.66,22720.0
2026-05-10,22,22395.0,3.87,7.15,1038.0,8969.0,6840.0,11.64,11.97,10.37,16847.0
2026-05-10,23,16189.0,4.4,7.12,-149.0,7590.0,5498.0,7.96,8.41,7.41,12938.0
2026-05-11,0,16014.0,4.75,6.95,-93.0,7871.0,6326.0,7.6,8.05,8.79,14104.0
2026-05-11,1,14698.0,5.0,6.94,-70.0,6981.0,6243.0,6.66,7.13,8.71,13155.0
2026-05-11,2,13205.0,5.24,6.94,-85.0,6458.0,5702.0,6.18,6.66,7.88,12076.0
2026-05-11,3,15425.0,5.44,6.96,-80.0,5969.0,6465.0,5.77,6.26,9.2,12354.0
2026-05-11,4,16268.0,5.76,6.97,166.0,8509.0,7790.0,9.76,10.16,13.08,16465.0
2026-05-11,5,22214.0,5.75,6.95,6075.0,6743.0,10796.0,17.42,17.45,22.42,23614.0
2026-05-11,6,22477.0,5.41,6.91,7893.0,8300.0,12394.0,24.8,24.51,27.31,28587.0
2026-05-11,7,22736.0,4.81,7.16,8058.0,8480.0,11924.0,25.91,25.6,25.77,28462.0
2026-05-11,8,23018.0,4.39,7.54,8053.0,8441.0,11181.0,26.2,25.92,23.55,27676.0
2026-05-11,9,23398.0,3.92,7.95,8574.0,9017.0,9897.0,29.22,28.83,19.61,27487.0
2026-05-11,10,24072.0,3.71,8.05,7780.0,8124.0,8608.0,24.63,24.39,15.14,24512.0
2026-05-11,11,23972.0,3.82,8.11,6997.0,7261.0,8259.0,20.16,20.08,13.93,22517.0
2026-05-11,12,24190.0,4.0,8.11,7049.0,7339.0,8335.0,20.16,20.07,13.93,22723.0
2026-05-11,13,24776.0,4.22,8.15,6558.0,6811.0,8679.0,17.83,17.81,14.83,22048.0
2026-05-11,14,25604.0,4.49,8.25,6890.0,7103.0,9547.0,19.26,19.2,17.84,23539.0
2026-05-11,15,25452.0,4.77,8.31,6612.0,6840.0,9085.0,18.09,18.08,16.36,22538.0
2026-05-11,16,24548.0,4.95,8.1,7456.0,7737.0,10048.0,22.12,21.94,19.73,25241.0
2026-05-11,17,23384.0,4.64,7.85,8344.0,8754.0,11192.0,27.49,27.08,24.24,28290.0
2026-05-11,18,24360.0,4.16,7.57,8473.0,8906.0,11299.0,28.43,28.01,24.9,28678.0
2026-05-11,19,25043.0,3.83,7.38,8420.0,8796.0,10343.0,28.43,28.01,21.78,27560.0
2026-05-11,20,25605.0,3.67,7.29,8282.0,8687.0,9908.0,27.44,27.04,20.25,26877.0
2026-05-11,21,24582.0,3.55,7.23,7627.0,7934.0,9238.0,23.9,23.66,18.2,24800.0
2026-05-11,22,23496.0,3.72,7.17,3528.0,8874.0,6779.0,16.29,16.4,11.31,19180.0
2026-05-11,23,22585.0,4.43,7.12,-125.0,8426.0,5531.0,8.98,9.4,8.46,13832.0
2026-05-12,0,17562.0,5.09,7.11,-89.0,8364.0,6365.0,8.01,8.45,9.85,14641.0
2026-05-12,1,15418.0,5.25,7.13,-93.0,8224.0,5871.0,7.96,8.4,9.08,14002.0
2026-05-12,2,15733.0,5.46,7.17,-103.0,7965.0,5512.0,7.85,8.3,8.59,13373.0
2026-05-12,3,15541.0,5.71,7.17,-107.0,7926.0,5466.0,7.9,8.34,8.69,13285.0
2026-05-12,4,14468.0,5.74,7.15,-104.0,9701.0,6987.0,10.73,11.1,12.49,16584.0
2026-05-12,5,21672.0,5.59,7.04,2276.0,11471.0,9538.0,18.79,18.91,19.86,23285.0
2026-05-12,6,23209.0,5.25,6.99,6820.0,9019.0,11997.0,23.84,23.63,27.85,27837.0
2026-05-12,7,22510.0,4.7,7.0,8065.0,8476.0,11274.0,26.09,25.78,25.76,27815.0
2026-05-12,8,22985.0,4.29,6.93,7832.0,8212.0,9678.0,25.6,25.3,20.73,25723.0
2026-05-12,9,23558.0,4.12,6.84,7512.0,7850.0,8051.0,23.93,23.69,15.83,23412.0
2026-05-12,10,22431.0,4.23,6.86,6929.0,7195.0,6776.0,20.73,20.61,12.0,20900.0
2026-05-12,11,21011.0,4.32,7.11,6507.0,6690.0,6779.0,18.06,18.06,11.59,19976.0
2026-05-12,12,21843.0,4.43,7.44,6266.0,6412.0,7316.0,16.53,16.58,12.62,19993.0
2026-05-12,13,21395.0,4.49,7.77,6715.0,6922.0,7860.0,18.46,18.44,14.09,21497.0
2026-05-12,14,22863.0,4.54,7.83,6193.0,6334.0,7837.0,16.22,16.27,13.93,20364.0
2026-05-12,15,23897.0,4.89,7.71,6240.0,6397.0,7793.0,16.48,16.51,14.02,20430.0
2026-05-12,16,21795.0,5.04,7.62,6520.0,6691.0,8998.0,18.07,18.04,17.73,22209.0
2026-05-12,17,21948.0,4.75,7.6,7651.0,7900.0,10207.0,23.63,23.4,22.35,25758.0
2026-05-12,18,22337.0,4.34,7.35,7826.0,8085.0,10319.0,24.78,24.5,22.61,26230.0
2026-05-12,19,22471.0,3.94,7.17,7797.0,8077.0,9909.0,24.82,24.54,21.54,25784.0
2026-05-12,20,22713.0,3.57,7.09,8220.0,8525.0,9848.0,26.85,26.49,21.19,26593.0
2026-05-12,21,22713.0,3.28,7.04,7560.0,7832.0,8542.0,23.37,23.13,16.94,23934.0
2026-05-12,22,22825.0,3.31,7.01,5672.0,6930.0,6257.0,17.05,17.09,10.72,18859.0
2026-05-12,23,22696.0,4.01,6.96,-156.0,8167.0,5170.0,8.62,9.05,8.34,13180.0
2026-05-13,0,20874.0,4.83,6.97,-137.0,8966.0,6112.0,8.82,9.25,9.91,14941.0
2026-05-13,1,16461.0,5.16,6.98,-108.0,8393.0,5818.0,8.3,8.74,9.34,14104.0
2026-05-13,2,15559.0,5.36,6.97,-94.0,7927.0,5357.0,7.67,8.11,8.59,13190.0
2026-05-13,3,16495.0,5.59,6.98,-122.0,8766.0,5347.0,8.76,9.18,8.63,13991.0
2026-05-13,4,19212.0,5.69,7.02,-142.0,12254.0,7024.0,14.91,15.22,13.15,19136.0
2026-05-13,5,22331.0,5.63,7.01,4437.0,9624.0,9953.0,19.54,19.61,22.34,24014.0
2026-05-13,6,23364.0,5.19,7.02,8427.0,8919.0,11609.0,27.68,27.31,27.32,28955.0
2026-05-13,7,23544.0,4.61,7.45,8545.0,8989.0,11439.0,28.5,28.1,26.7,28973.0
2026-05-13,8,23306.0,4.17,7.18,7748.0,8029.0,10555.0,24.63,24.37,24.14,26333.0
2026-05-13,9,23659.0,3.86,7.49,8032.0,8331.0,9501.0,26.07,25.77,20.31,25864.0
2026-05-13,10,24191.0,3.74,7.89,7478.0,7740.0,8320.0,23.07,22.87,16.2,23538.0
2026-05-13,11,24147.0,3.86,7.97,6965.0,7172.0,7723.0,20.15,20.07,14.45,21860.0
2026-05-13,12,24082.0,4.06,8.05,6786.0,6984.0,7778.0,19.18,19.14,14.42,21548.0
2026-05-13,13,23978.0,4.3,8.11,5955.0,7505.0,7806.0,18.04,18.08,14.42,21267.0
2026-05-13,14,23915.0,4.49,8.18,7045.0,7306.0,7933.0,20.01,19.92,14.67,22284.0
2026-05-13,15,24263.0,4.63,8.25,6801.0,7049.0,8050.0,19.19,19.12,15.27,21899.0
2026-05-13,16,24888.0,4.83,8.23,7149.0,7420.0,9369.0,21.05,20.89,19.55,23937.0
2026-05-13,17,25056.0,4.62,7.91,8558.0,8992.0,10954.0,28.76,28.33,25.5,28503.0
2026-05-13,18,24833.0,4.26,7.58,8066.0,8438.0,11202.0,26.16,25.8,26.46,27705.0
2026-05-13,19,23830.0,3.91,7.42,7957.0,8297.0,10903.0,25.48,25.17,25.06,27157.0
2026-05-13,20,22695.0,3.48,7.35,8015.0,8374.0,10701.0,25.71,25.38,24.23,27090.0
2026-05-13,21,23293.0,3.1,7.31,7904.0,8240.0,9456.0,25.01,24.72,20.07,25600.0
2026-05-13,22,24455.0,3.08,7.27,6950.0,7181.0,6650.0,20.08,19.97,11.74,20781.0
2026-05-13,23,23805.0,3.74,7.13,3776.0,6512.0,4331.0,12.15,12.38,6.67,14619.0
2026-05-14,0,18103.0,4.46,6.97,-139.0,9008.0,4626.0,8.82,9.24,6.86,13495.0
2026-05-14,1,16396.0,4.8,6.8,-110.0,8433.0,4618.0,8.18,8.61,7.08,12941.0
2026-05-14,2,16273.0,5.13,6.81,-128.0,8244.0,4541.0,8.18,8.61,7.12,12657.0
2026-05-14,3,15863.0,5.46,6.85,-134.0,8103.0,4609.0,8.09,8.54,7.4,12577.0
2026-05-14,4,18333.0,5.68,6.9,1574.0,8775.0,6486.0,12.17,12.5,11.94,16836.0
2026-05-14,5,22269.0,5.69,6.91,6761.0,7148.0,9919.0,19.78,19.72,22.19,23829.0
2026-05-14,6,22884.0,5.24,6.93,8376.0,8832.0,11474.0,27.32,26.97,26.73,28682.0
2026-05-14,7,22724.0,4.64,7.1,8244.0,8678.0,10878.0,27.01,26.7,24.86,27800.0
2026-05-14,8,22923.0,4.17,7.38,8208.0,8583.0,9950.0,27.37,27.04,21.73,26741.0
2026-05-14,9,23282.0,3.82,7.79,7920.0,8301.0,9363.0,25.73,25.46,19.8,25584.0
2026-05-14,10,23870.0,3.72,7.92,7267.0,7776.0,6803.0,22.65,22.48,11.93,21846.0
2026-05-14,11,23638.0,4.05,7.94,2905.0,10595.0,5979.0,18.18,18.35,10.0,19479.0
2026-05-14,12,24377.0,4.49,7.99,2694.0,10327.0,6356.0,16.87,17.08,10.58,19377.0
2026-05-14,13,25170.0,4.92,7.97,3892.0,8566.0,8124.0,15.88,16.07,15.18,20583.0
2026-05-14,14,25231.0,5.38,7.88,3877.0,8556.0,7767.0,15.77,15.93,14.09,20200.0
2026-05-14,15,22474.0,5.71,7.94,4012.0,8830.0,8254.0,16.66,16.8,15.42,21095.0
2026-05-14,16,23708.0,5.71,7.83,4628.0,10219.0,9291.0,21.08,21.08,18.96,24137.0
2026-05-14,17,23376.0,5.45,7.77,5179.0,11333.0,10661.0,25.48,25.36,24.08,27173.0
2026-05-14,18,23462.0,5.04,7.57,5160.0,11263.0,10670.0,25.53,25.4,24.02,27093.0
2026-05-14,19,23990.0,4.67,7.38,5293.0,11523.0,10124.0,26.68,26.52,22.2,26939.0
2026-05-14,20,22921.0,4.31,7.28,5321.0,11522.0,10070.0,26.73,26.57,22.04,26913.0
2026-05-14,21,22942.0,3.93,7.23,5149.0,11172.0,9078.0,25.52,25.39,18.77,25399.0
2026-05-14,22,20785.0,3.75,7.21,5320.0,8631.0,6858.0,19.88,19.87,12.21,20809.0
2026-05-14,23,16000.0,3.9,7.21,-136.0,8265.0,5121.0,8.62,9.04,8.12,13250.0
2026-05-15,0,18618.0,4.2,7.21,-116.0,8985.0,5925.0,8.83,9.26,9.65,14793.0
2026-05-15,1,18489.0,4.6,7.2,260.0,8301.0,5546.0,8.59,9.0,9.02,14107.0
2026-05-15,2,17419.0,5.01,7.19,3649.0,4070.0,5157.0,7.88,8.24,8.21,12877.0
2026-05-15,3,17496.0,5.45,7.15,3668.0,4081.0,5322.0,8.0,8.35,8.66,13072.0
2026-05-15,4,20537.0,5.7,7.1,5247.0,6541.0,7069.0,15.01,15.11,13.55,18858.0
2026-05-15,5,22593.0,5.7,7.05,7064.0,7338.0,9905.0,20.82,20.69,22.11,24307.0
2026-05-15,6,22098.0,5.21,7.09,8278.0,8638.0,11882.0,26.68,26.33,28.19,28799.0
2026-05-15,7,22230.0,4.53,7.31,7967.0,8299.0,11481.0,25.38,25.1,26.72,27746.0
2026-05-15,8,23022.0,4.11,7.73,7759.0,8056.0,10309.0,24.8,24.55,22.89,26125.0
2026-05-15,9,23332.0,3.77,8.0,7868.0,8175.0,9485.0,25.34,25.08,20.09,25528.0
2026-05-15,10,24021.0,3.65,8.06,7560.0,7850.0,7838.0,23.68,23.48,14.75,23249.0
2026-05-15,11,23982.0,3.87,8.11,6397.0,6558.0,7214.0,17.55,17.56,12.89,20169.0
2026-05-15,12,24515.0,4.29,8.24,5856.0,5956.0,7389.0,14.86,14.99,12.88,19201.0
2026-05-15,13,25086.0,4.83,8.27,5928.0,6084.0,7427.0,15.13,15.23,12.88,19439.0
2026-05-15,14,24679.0,5.31,8.35,6273.0,6445.0,7661.0,16.54,16.58,13.64,20379.0
2026-05-15,15,21293.0,5.48,8.48,6165.0,6323.0,8549.0,16.24,16.28,16.27,21037.0
2026-05-15,16,20863.0,5.38,8.47,6720.0,6910.0,9632.0,18.77,18.72,19.83,23262.0
2026-05-15,17,21461.0,4.91,8.14,7748.0,8021.0,11126.0,23.98,23.73,25.64,26894.0
2026-05-15,18,23665.0,4.42,7.86,7795.0,8074.0,11057.0,24.66,24.38,25.57,26926.0
2026-05-15,19,23956.0,4.13,7.69,7681.0,7969.0,10407.0,24.31,24.05,23.39,26057.0
2026-05-15,20,23363.0,3.87,7.59,7669.0,7992.0,10338.0,24.31,24.05,23.0,25998.0
2026-05-15,21,23940.0,3.65,7.51,7669.0,7997.0,8922.0,24.27,24.01,18.18,24588.0
2026-05-15,22,24334.0,3.78,7.44,5079.0,7532.0,6674.0,17.11,17.13,11.73,19285.0
2026-05-15,23,23503.0,4.57,7.38,-137.0,9083.0,4840.0,9.7,10.1,7.57,13785.0
2026-05-16,0,16212.0,5.1,7.34,-119.0,9307.0,5469.0,9.26,9.67,8.54,14657.0
2026-05-16,1,15831.0,5.22,7.31,-116.0,8810.0,5405.0,8.71,9.13,8.56,14099.0
2026-05-16,2,15752.0,5.42,7.28,-122.0,8279.0,5188.0,8.18,8.61,8.14,13345.0
2026-05-16,3,15537.0,5.63,7.25,-131.0,8251.0,5115.0,8.17,8.6,8.14,13235.0
2026-05-16,4,16885.0,5.74,7.23,-106.0,9639.0,7064.0,10.49,10.87,13.04,16597.0
2026-05-16,5,21298.0,5.64,7.21,4134.0,9850.0,9605.0,19.62,19.68,20.98,23590.0
2026-05-16,6,23410.0,5.22,7.24,8266.0,8710.0,11480.0,26.92,26.57,26.85,28456.0
2026-05-16,7,23206.0,4.62,7.48,8534.0,8973.0,11869.0,28.29,27.92,27.88,29376.0
2026-05-16,8,23560.0,4.0,7.88,8374.0,8779.0,11592.0,27.71,27.36,27.23,28745.0
2026-05-16,9,24022.0,3.5,8.14,8339.0,8718.0,10740.0,27.43,27.08,23.9,27796.0
2026-05-16,10,24786.0,3.2,8.27,8356.0,8745.0,8977.0,27.54,27.2,17.76,26078.0
2026-05-16,11,24844.0,3.16,8.42,7928.0,8262.0,7913.0,25.25,24.99,14.43,24104.0
2026-05-16,12,25098.0,3.25,8.4,7581.0,7880.0,8146.0,23.29,23.09,14.9,23607.0
2026-05-16,13,25096.0,3.34,8.25,7558.0,7844.0,8465.0,23.23,23.01,15.93,23867.0
2026-05-16,14,25224.0,3.46,8.34,7374.0,7644.0,8164.0,22.32,22.13,15.31,23182.0
2026-05-16,15,25438.0,3.63,8.53,7411.0,7715.0,8203.0,22.59,22.4,15.45,23329.0
2026-05-16,16,25225.0,3.69,8.41,7907.0,8242.0,9574.0,25.21,24.91,19.83,25724.0
2026-05-16,17,25075.0,3.48,8.11,8249.0,8580.0,10715.0,27.0,26.63,23.83,27544.0
2026-05-16,18,25371.0,3.19,7.76,8245.0,8566.0,10990.0,27.17,26.79,25.36,27801.0
2026-05-16,19,26001.0,2.93,7.59,8127.0,8440.0,10921.0,26.81,26.46,25.32,27487.0
2026-05-16,20,26063.0,2.81,7.51,7667.0,7915.0,10516.0,24.27,24.01,23.63,26098.0
2026-05-16,21,25428.0,2.9,7.46,6599.0,6672.0,9373.0,18.48,18.43,19.77,22645.0
2026-05-16,22,24763.0,3.37,7.44,3946.0,6252.0,6992.0,12.06,12.29,12.14,17191.0
2026-05-16,23,23650.0,4.32,7.41,-165.0,8217.0,4954.0,8.55,8.98,7.62,13007.0
2026-05-17,0,15020.0,4.88,7.35,-139.0,8835.0,5029.0,8.62,9.05,7.56,13724.0
2026-05-17,1,14939.0,4.98,7.29,-125.0,8710.0,4951.0,8.69,9.11,7.56,13537.0
2026-05-17,2,14960.0,5.11,7.24,-134.0,8545.0,4861.0,8.53,8.95,7.56,13272.0
2026-05-17,3,15031.0,5.29,7.22,-137.0,8238.0,4853.0,8.18,8.61,7.56,12954.0
2026-05-17,4,21284.0,5.61,7.18,-111.0,10201.0,7405.0,11.87,12.22,14.14,17495.0
2026-05-17,5,21977.0,5.68,7.15,3758.0,10289.0,9150.0,20.29,20.34,19.92,23196.0
2026-05-17,6,23906.0,5.45,7.15,7660.0,8534.0,10579.0,25.82,25.52,24.21,26773.0
2026-05-17,7,23620.0,5.07,7.28,8145.0,8515.0,10876.0,26.87,26.54,24.98,27536.0
2026-05-17,8,23358.0,4.59,7.64,8211.0,8567.0,11439.0,27.02,26.69,26.6,28217.0
2026-05-17,9,23699.0,4.06,7.89,8307.0,8720.0,11181.0,27.4,27.04,25.45,28208.0
2026-05-17,10,24426.0,3.68,8.04,8334.0,8728.0,9521.0,27.4,27.04,19.54,26583.0
2026-05-17,11,24478.0,3.53,8.23,8035.0,8405.0,8325.0,25.59,25.29,15.44,24766.0
2026-05-17,12,24810.0,3.51,8.29,7959.0,8296.0,8341.0,25.32,25.05,15.74,24596.0
2026-05-17,13,24856.0,3.52,8.26,7827.0,8162.0,8174.0,24.64,24.39,15.34,24163.0
2026-05-17,14,24871.0,3.56,8.39,7815.0,8140.0,7928.0,24.6,24.35,14.83,23883.0
2026-05-17,15,24857.0,3.64,8.37,7759.0,8064.0,7760.0,24.42,24.18,14.34,23584.0
2026-05-17,16,24572.0,3.68,8.07,7808.0,8134.0,9017.0,24.85,24.54,18.18,24958.0
2026-05-17,17,24486.0,3.49,7.96,8023.0,8322.0,10454.0,25.92,25.59,23.3,26799.0
2026-05-17,18,24803.0,3.2,7.76,8024.0,8304.0,10994.0,25.88,25.55,25.73,27322.0
2026-05-17,19,25034.0,2.96,7.58,7915.0,8209.0,10394.0,25.64,25.32,23.49,26518.0
2026-05-17,20,25821.0,2.84,7.52,7535.0,7772.0,10010.0,23.42,23.19,22.02,25316.0
2026-05-17,21,26179.0,3.03,7.47,6621.0,6720.0,8764.0,18.85,18.78,18.07,22105.0
2026-05-17,22,22356.0,3.57,7.43,3124.0,6704.0,6349.0,11.62,11.88,11.06,16177.0
2026-05-17,23,15354.0,3.99,7.41,-142.0,7445.0,4708.0,7.76,8.2,7.57,12011.0
2026-05-18,0,15817.0,4.3,7.37,-122.0,7801.0,4748.0,7.35,7.81,7.44,12427.0
2026-05-18,1,15897.0,4.64,7.31,-108.0,7517.0,4747.0,7.16,7.62,7.61,12157.0
2026-05-18,2,15822.0,5.01,7.27,-106.0,7311.0,4785.0,7.19,7.64,7.85,11990.0
2026-05-18,3,15786.0,5.36,7.23,-109.0,7402.0,4738.0,7.4,7.85,7.88,12031.0
2026-05-18,4,19379.0,5.65,7.19,918.0,9335.0,6279.0,11.97,12.3,11.59,16532.0
2026-05-18,5,20529.0,5.64,7.16,6316.0,7994.0,9518.0,20.21,20.13,20.65,23828.0
2026-05-18,6,22417.0,5.08,7.18,8506.0,8940.0,11695.0,27.52,27.14,27.29,29140.0
2026-05-18,7,23164.0,4.4,7.42,8467.0,8897.0,11455.0,27.83,27.46,26.65,28820.0
2026-05-18,8,23299.0,3.87,7.61,8663.0,9068.0,10218.0,29.31,28.9,22.69,27949.0
2026-05-18,9,23800.0,3.46,7.91,8272.0,8664.0,9259.0,27.5,27.17,19.12,26195.0
2026-05-18,10,24338.0,3.33,8.1,7960.0,8324.0,7554.0,25.74,25.45,13.91,23838.0
2026-05-18,11,24266.0,3.5,8.29,6915.0,7159.0,7052.0,19.85,19.77,12.26,21126.0
2026-05-18,12,24350.0,3.81,8.35,6411.0,6551.0,7714.0,17.25,17.26,13.75,20677.0
2026-05-18,13,24532.0,4.13,8.45,6311.0,6454.0,8286.0,16.54,16.58,15.31,21050.0
2026-05-18,14,24463.0,4.46,8.53,6282.0,6399.0,8129.0,16.54,16.58,14.83,20810.0
2026-05-18,15,24898.0,4.82,8.65,6271.0,6432.0,8090.0,16.54,16.58,14.84,20793.0
2026-05-18,16,24800.0,5.11,8.49,6810.0,7008.0,9604.0,19.06,18.98,19.8,23421.0
2026-05-18,17,23992.0,4.97,8.13,7662.0,7933.0,10940.0,23.45,23.21,24.68,26536.0
2026-05-18,18,23953.0,4.62,7.82,8042.0,8373.0,11083.0,25.69,25.36,25.33,27497.0
2026-05-18,19,24100.0,4.25,7.64,8369.0,8725.0,10129.0,27.77,27.38,22.21,27223.0
2026-05-18,20,23302.0,3.88,7.53,8366.0,8687.0,9844.0,27.82,27.43,21.12,26898.0
2026-05-18,21,23586.0,3.57,7.24,8195.0,8526.0,8811.0,27.1,26.74,17.81,25532.0
2026-05-18,22,20226.0,3.49,7.16,5063.0,8037.0,6641.0,17.92,17.95,11.67,19741.0
2026-05-18,23,18758.0,3.7,7.16,-155.0,8461.0,5114.0,9.09,9.5,8.27,13420.0
2026-05-19,0,18642.0,4.18,7.2,-122.0,8595.0,5639.0,8.39,8.83,8.93,14112.0
2026-05-19,1,18875.0,4.64,7.23,-99.0,8654.0,5585.0,8.59,9.04,9.0,14141.0
2026-05-19,2,17962.0,5.04,7.23,-107.0,8642.0,5347.0,8.65,9.11,8.71,13881.0
2026-05-19,3,17855.0,5.46,7.2,-128.0,8477.0,4725.0,8.55,9.0,7.71,13075.0
2026-05-19,4,19484.0,5.75,7.14,1034.0,10011.0,7148.0,13.2,13.51,13.52,18193.0
2026-05-19,5,23255.0,5.68,7.12,7852.0,8341.0,10110.0,24.93,24.66,22.54,26303.0
2026-05-19,6,22884.0,5.08,7.15,8848.0,9319.0,12036.0,29.78,29.33,28.51,30202.0
2026-05-19,7,23175.0,4.32,7.41,8896.0,9365.0,11575.0,30.49,30.03,26.97,29835.0
2026-05-19,8,23871.0,3.75,7.78,8792.0,9236.0,10196.0,30.46,30.03,22.54,28224.0
2026-05-19,9,24225.0,3.32,8.0,8705.0,9155.0,9352.0,30.49,30.03,19.8,27213.0
2026-05-19,10,24836.0,3.16,7.94,8198.0,8589.0,7324.0,27.45,27.12,13.57,24111.0
2026-05-19,11,24850.0,3.37,8.02,6936.0,7129.0,6653.0,20.28,20.19,11.52,20718.0
2026-05-19,12,24505.0,3.78,8.06,7159.0,5750.0,7429.0,17.26,17.21,13.41,20338.0
2026-05-19,13,24375.0,4.14,8.16,8243.0,4702.0,7839.0,17.35,17.21,14.41,20784.0
2026-05-19,14,25149.0,4.5,8.1,8215.0,4932.0,7562.0,17.73,17.58,13.61,20709.0
2026-05-19,15,24887.0,4.89,8.13,6377.0,6488.0,7827.0,16.99,17.0,14.34,20693.0
2026-05-19,16,24719.0,5.13,8.26,7590.0,7898.0,8984.0,22.89,22.68,17.8,24472.0
2026-05-19,17,23758.0,4.9,8.09,8065.0,8417.0,10471.0,25.83,25.5,22.89,26954.0
2026-05-19,18,23640.0,4.48,7.68,8149.0,8438.0,11438.0,26.38,26.04,26.78,28025.0
2026-05-19,19,23638.0,4.04,7.34,8207.0,8538.0,10865.0,26.79,26.44,24.57,27610.0
2026-05-19,20,23293.0,3.61,7.05,7967.0,8269.0,10714.0,25.55,25.24,24.03,26951.0
2026-05-19,21,23629.0,3.31,7.01,7697.0,7935.0,9863.0,24.25,23.99,21.3,25494.0
2026-05-19,22,23997.0,3.34,7.01,5408.0,7228.0,6852.0,17.23,17.26,12.36,19488.0
2026-05-19,23,23567.0,4.12,7.0,-148.0,8231.0,4741.0,8.71,9.14,7.57,12823.0
2026-05-20,0,17024.0,4.8,7.05,-122.0,8494.0,5898.0,8.19,8.65,9.66,14269.0
2026-05-20,1,15479.0,4.96,7.06,-94.0,8244.0,5502.0,8.02,8.5,9.03,13653.0
2026-05-20,2,15688.0,5.15,7.08,-103.0,8154.0,5331.0,7.93,8.39,8.48,13383.0
2026-05-20,3,15500.0,5.37,7.08,-115.0,8085.0,5136.0,7.96,8.43,8.14,13106.0
2026-05-20,4,19240.0,5.65,7.09,-110.0,10234.0,6683.0,11.47,11.86,12.3,16807.0
2026-05-20,5,21126.0,5.57,7.08,3791.0,10917.0,9596.0,20.63,20.7,20.6,24305.0
2026-05-20,6,22842.0,5.02,7.07,7998.0,9189.0,12005.0,26.98,26.66,28.58,29192.0
2026-05-20,7,23415.0,4.39,7.11,8560.0,8975.0,11217.0,28.57,28.19,25.63,28751.0
2026-05-20,8,23800.0,3.92,7.17,8325.0,8696.0,10210.0,28.0,27.65,22.93,27230.0
2026-05-20,9,24075.0,3.67,7.12,7787.0,8089.0,8565.0,25.22,24.96,17.3,24441.0
2026-05-20,10,24883.0,3.73,7.22,7821.0,8093.0,6945.0,25.14,24.89,12.55,22859.0
2026-05-20,11,25022.0,4.02,7.82,7121.0,7360.0,6629.0,20.96,20.85,11.44,21110.0
2026-05-20,12,25447.0,4.31,8.18,7550.0,7844.0,7094.0,22.79,22.6,12.27,22488.0
2026-05-20,13,24876.0,4.55,8.39,7223.0,7474.0,7969.0,20.97,20.86,14.63,22666.0
2026-05-20,14,24408.0,4.71,8.46,7241.0,7548.0,7725.0,21.21,21.06,13.86,22515.0
2026-05-20,15,24465.0,4.88,8.27,7130.0,7386.0,7762.0,20.61,20.47,14.04,22278.0
2026-05-20,16,24601.0,4.9,8.04,8398.0,8793.0,9186.0,27.67,27.25,18.61,26378.0
2026-05-20,17,24385.0,4.49,7.99,9101.0,9483.0,10406.0,31.82,31.27,22.93,28990.0
2026-05-20,18,25013.0,3.98,7.74,9206.0,9639.0,10836.0,32.68,32.1,24.42,29681.0
2026-05-20,19,25214.0,3.53,7.5,9142.0,9545.0,10227.0,32.58,32.01,22.73,28914.0
2026-05-20,20,25300.0,3.16,7.34,9018.0,9415.0,9892.0,31.55,31.02,21.9,28326.0
2026-05-20,21,25017.0,2.86,6.91,8930.0,9315.0,8683.0,31.25,30.71,17.69,26928.0
2026-05-20,22,25657.0,2.94,6.78,6905.0,7486.0,6263.0,21.25,21.1,10.65,20654.0
2026-05-20,23,24788.0,3.77,6.75,143.0,8230.0,5047.0,9.16,9.57,8.05,13420.0
2026-05-21,0,21141.0,4.71,6.74,-130.0,8855.0,5948.0,8.73,9.15,9.84,14673.0
2026-05-21,1,16572.0,5.01,6.75,-108.0,9345.0,5781.0,9.56,9.97,9.42,15017.0
2026-05-21,2,15588.0,5.16,6.77,-106.0,8571.0,5393.0,8.53,8.96,8.75,13858.0
2026-05-21,3,17688.0,5.47,6.79,-102.0,8021.0,5417.0,7.83,8.29,8.78,13336.0
2026-05-21,4,19366.0,5.69,6.8,256.0,11089.0,7039.0,13.74,14.07,13.01,18384.0
2026-05-21,5,22845.0,5.59,6.8,5933.0,10460.0,9670.0,25.05,24.93,20.92,26063.0
2026-05-21,6,24201.0,5.06,6.84,9243.0,9724.0,11701.0,32.16,31.64,27.14,30668.0
2026-05-21,7,23502.0,4.33,7.03,8976.0,9415.0,11282.0,31.33,30.83,26.04,29673.0
2026-05-21,8,23795.0,3.85,7.35,8100.0,8367.0,10310.0,26.74,26.42,23.08,26777.0
2026-05-21,9,24203.0,3.6,7.75,7843.0,8099.0,9213.0,25.31,25.05,19.07,25155.0
2026-05-21,10,24709.0,3.57,7.95,7879.0,8129.0,7471.0,25.22,24.95,13.85,23479.0
2026-05-21,11,24527.0,3.77,8.04,7206.0,7397.0,6826.0,21.2,21.07,12.12,21429.0
2026-05-21,12,24721.0,4.02,8.06,7200.0,7414.0,7204.0,20.99,20.87,13.01,21817.0
2026-05-21,13,25059.0,4.29,8.15,7115.0,7316.0,7479.0,20.34,20.25,13.55,21910.0
2026-05-21,14,25110.0,4.58,7.9,7103.0,7363.0,7549.0,20.46,20.32,13.58,22014.0
2026-05-21,15,24924.0,4.85,7.66,6864.0,7068.0,7631.0,19.56,19.45,13.85,21563.0
2026-05-21,16,24355.0,5.06,7.62,7541.0,7805.0,8960.0,23.03,22.79,17.66,24306.0
2026-05-21,17,24182.0,4.78,7.56,8566.0,8958.0,10267.0,28.68,28.24,22.47,27792.0
2026-05-21,18,24615.0,4.36,7.43,8664.0,9049.0,10881.0,29.5,29.03,24.79,28594.0
2026-05-21,19,24292.0,3.96,7.33,8595.0,8912.0,10454.0,29.02,28.59,23.41,27961.0
2026-05-21,20,23369.0,3.51,7.28,8584.0,8914.0,10158.0,28.87,28.44,22.18,27655.0
2026-05-21,21,24344.0,3.17,7.24,8256.0,8584.0,8947.0,27.02,26.65,18.14,25787.0
2026-05-21,22,25050.0,3.27,7.18,6651.0,6962.0,6309.0,19.2,19.12,11.05,19923.0
2026-05-21,23,19633.0,3.88,7.13,-37.0,8604.0,5100.0,9.35,9.76,8.07,13667.0
2026-05-22,0,18835.0,4.36,7.12,-136.0,9503.0,5402.0,9.68,10.08,8.77,14769.0
2026-05-22,1,19025.0,4.72,7.1,-136.0,9839.0,5474.0,10.18,10.57,8.8,15177.0
2026-05-22,2,18731.0,5.09,7.08,-146.0,9579.0,5433.0,10.0,10.39,8.77,14867.0
2026-05-22,3,18655.0,5.45,7.07,-147.0,9458.0,5467.0,10.0,10.38,9.09,14778.0
2026-05-22,4,20445.0,5.73,7.08,2816.0,9003.0,6815.0,14.79,14.99,12.58,18635.0
2026-05-22,5,22162.0,5.64,7.06,7922.0,8408.0,9498.0,25.1,24.81,20.47,25827.0
2026-05-22,6,23198.0,5.03,7.06,9117.0,9621.0,11783.0,31.14,30.63,27.5,30521.0
2026-05-22,7,22893.0,4.23,7.09,9249.0,9741.0,11350.0,32.84,32.28,26.55,30340.0
2026-05-22,8,23352.0,3.63,7.3,8685.0,9102.0,9921.0,30.27,29.83,21.98,27709.0
2026-05-22,9,24574.0,3.27,7.23,8472.0,8856.0,8710.0,28.94,28.54,17.75,26039.0
2026-05-22,10,25391.0,3.29,7.48,7558.0,7825.0,7281.0,23.62,23.41,13.4,22663.0
2026-05-22,11,25443.0,3.7,7.78,6424.0,6523.0,6897.0,17.51,17.54,12.16,19845.0
2026-05-22,12,25454.0,4.17,7.81,6503.0,6631.0,7726.0,17.52,17.52,13.96,20859.0
2026-05-22,13,25474.0,4.58,7.69,6442.0,6614.0,8042.0,17.25,17.25,14.68,21098.0
2026-05-22,14,23746.0,4.92,7.64,6303.0,6447.0,7906.0,16.72,16.74,14.36,20655.0
2026-05-22,15,23575.0,5.17,7.67,6380.0,6544.0,7916.0,17.05,17.05,14.55,20840.0
2026-05-22,16,23137.0,5.29,7.63,7368.0,7650.0,8797.0,22.06,21.87,17.34,23815.0
2026-05-22,17,23212.0,4.98,7.53,8239.0,8598.0,10239.0,26.74,26.37,22.38,27077.0
2026-05-22,18,23879.0,4.54,7.41,8585.0,8987.0,10373.0,29.22,28.76,23.09,27946.0
2026-05-22,19,24498.0,4.15,7.27,8309.0,8672.0,10017.0,27.7,27.29,21.98,26998.0
2026-05-22,20,25053.0,3.96,7.2,8030.0,8360.0,9777.0,26.0,25.64,20.99,26167.0
2026-05-22,21,25060.0,3.87,7.15,7739.0,8063.0,8574.0,24.52,24.26,17.2,24376.0
2026-05-22,22,25258.0,4.13,7.12,6129.0,6963.0,6203.0,18.1,18.08,10.86,19295.0
2026-05-22,23,18359.0,4.7,7.12,-142.0,8625.0,5212.0,9.24,9.65,8.46,13694.0
2026-05-23,0,16887.0,5.03,7.12,-135.0,8778.0,5889.0,8.51,8.94,9.62,14532.0
2026-05-23,1,16951.0,5.24,7.03,-120.0,8809.0,5884.0,8.69,9.11,10.0,14573.0
2026-05-23,2,15164.0,5.39,6.97,-102.0,8455.0,5291.0,8.26,8.69,8.68,13645.0
2026-05-23,3,15225.0,5.52,6.93,-111.0,8374.0,5337.0,8.18,8.61,8.54,13600.0
2026-05-23,4,19523.0,5.68,6.9,2265.0,8556.0,7038.0,12.76,13.03,12.79,17859.0
2026-05-23,5,22961.0,5.72,6.82,7103.0,7843.0,9047.0,22.06,21.88,19.3,23993.0
2026-05-23,6,24261.0,5.37,6.83,8506.0,8931.0,11523.0,27.99,27.6,27.05,28959.0
2026-05-23,7,22962.0,4.73,7.03,8700.0,9173.0,11595.0,29.14,28.72,27.43,29468.0
2026-05-23,8,23518.0,4.12,7.48,8564.0,9003.0,11243.0,28.65,28.24,25.95,28810.0
2026-05-23,9,24103.0,3.57,7.75,8545.0,8974.0,11000.0,28.54,28.14,24.78,28519.0
2026-05-23,10,24898.0,3.21,8.0,8395.0,8795.0,9627.0,27.97,27.62,19.9,26818.0
2026-05-23,11,24980.0,3.1,8.07,7981.0,8360.0,8511.0,25.44,25.16,16.29,24852.0
2026-05-23,12,25112.0,3.13,8.05,7717.0,8057.0,8472.0,23.78,23.56,16.29,24246.0
2026-05-23,13,25137.0,3.18,8.12,7745.0,8076.0,8506.0,23.79,23.56,16.29,24327.0
2026-05-23,14,25181.0,3.22,8.28,7759.0,8113.0,8480.0,23.78,23.56,16.29,24352.0
2026-05-23,15,25533.0,3.27,8.34,7727.0,8078.0,8548.0,23.8,23.56,16.29,24353.0
2026-05-23,16,25768.0,3.34,8.12,8020.0,8410.0,9117.0,25.28,24.96,18.17,25547.0
2026-05-23,17,25540.0,3.17,8.05,8407.0,8822.0,10622.0,27.64,27.25,23.63,27851.0
2026-05-23,18,25626.0,2.88,7.76,8330.0,8776.0,11013.0,27.43,27.04,25.31,28119.0
2026-05-23,19,25303.0,2.59,7.49,8283.0,8670.0,10613.0,27.43,27.04,24.03,27565.0
2026-05-23,20,25470.0,2.37,7.38,7853.0,8141.0,10453.0,25.07,24.78,23.69,26448.0
2026-05-23,21,25502.0,2.37,7.33,6885.0,7044.0,9380.0,19.68,19.58,19.77,23309.0
2026-05-23,22,25278.0,2.8,7.28,3645.0,7043.0,7050.0,12.84,13.04,12.56,17738.0
2026-05-23,23,24698.0,3.75,7.24,-148.0,8311.0,5346.0,8.56,8.98,8.67,13508.0
2026-05-24,0,18108.0,4.44,7.23,-113.0,8944.0,6312.0,8.65,9.07,10.45,15143.0
2026-05-24,1,17910.0,4.73,7.23,-98.0,8432.0,6225.0,8.15,8.59,10.41,14559.0
2026-05-24,2,17046.0,5.03,7.24,-101.0,8121.0,5673.0,7.93,8.37,9.51,13693.0
2026-05-24,3,17192.0,5.34,7.23,-103.0,7949.0,5757.0,7.8,8.24,9.5,13603.0
2026-05-24,4,19441.0,5.64,7.18,-136.0,11045.0,6487.0,12.78,13.12,11.6,17396.0
2026-05-24,5,21260.0,5.68,7.15,1680.0,12244.0,8319.0,19.3,19.44,16.99,22243.0
2026-05-24,6,24101.0,5.42,7.19,8076.0,8517.0,10692.0,26.51,26.18,24.48,27285.0
2026-05-24,7,23223.0,4.95,7.68,8290.0,8741.0,11237.0,27.39,27.05,25.97,28267.0
2026-05-24,8,23263.0,4.39,7.94,8316.0,8789.0,11418.0,27.39,27.03,26.41,28522.0
2026-05-24,9,23762.0,3.81,8.22,8470.0,8896.0,11205.0,28.0,27.63,25.4,28571.0
2026-05-24,10,24532.0,3.4,8.33,8488.0,8915.0,9744.0,28.22,27.84,19.99,27146.0
2026-05-24,11,24476.0,3.21,8.26,8141.0,8553.0,8488.0,26.16,25.84,15.89,25182.0
2026-05-24,12,24625.0,3.19,8.19,7662.0,8003.0,8281.0,23.49,23.26,15.38,23946.0
2026-05-24,13,24484.0,3.22,8.22,7666.0,8011.0,8537.0,23.59,23.35,16.06,24213.0
2026-05-24,14,24501.0,3.21,8.34,7494.0,7783.0,8396.0,22.7,22.5,15.9,23672.0
2026-05-24,15,24790.0,3.31,8.42,7481.0,7755.0,7944.0,22.79,22.57,14.65,23181.0
2026-05-24,16,24890.0,3.38,8.48,7826.0,8136.0,9035.0,24.8,24.51,18.19,24998.0
2026-05-24,17,24942.0,3.18,8.38,8178.0,8537.0,10597.0,26.79,26.42,23.59,27312.0
2026-05-24,18,25205.0,2.89,7.88,8119.0,8501.0,10707.0,26.71,26.34,24.3,27327.0
2026-05-24,19,25369.0,2.67,7.6,8149.0,8505.0,10582.0,26.84,26.47,23.69,27235.0
2026-05-24,20,25834.0,2.5,7.47,7668.0,7903.0,10436.0,23.91,23.64,23.37,26007.0
2026-05-24,21,25625.0,2.6,7.41,6543.0,6616.0,9233.0,18.19,18.14,19.19,22392.0
2026-05-24,22,24979.0,3.15,7.36,2250.0,7539.0,6419.0,11.3,11.59,11.01,16207.0
2026-05-24,23,24555.0,4.19,7.32,-133.0,7657.0,4945.0,8.02,8.46,7.93,12470.0
2026-05-25,0,15629.0,4.92,7.32,-93.0,7681.0,5926.0,7.23,7.68,9.82,13514.0
2026-05-25,1,14623.0,5.05,6.98,-82.0,7308.0,5659.0,6.94,7.4,9.11,12885.0
2026-05-25,2,14186.0,5.27,6.84,-79.0,6396.0,5047.0,6.11,6.59,8.25,11363.0
2026-05-25,3,13905.0,5.54,6.87,-79.0,5837.0,5109.0,5.62,6.12,8.39,10866.0
2026-05-25,4,16085.0,5.7,6.91,-101.0,9355.0,6102.0,10.34,10.75,11.15,15355.0
2026-05-25,5,21251.0,5.67,6.93,3644.0,10161.0,9404.0,19.03,19.15,19.99,23209.0
2026-05-25,6,23975.0,5.27,7.0,8467.0,9078.0,11533.0,28.31,27.93,26.56,29078.0
2026-05-25,7,23085.0,4.63,7.54,8747.0,9159.0,11082.0,29.78,29.34,25.25,28988.0
2026-05-25,8,23459.0,4.08,7.79,8762.0,9153.0,10282.0,30.47,30.02,22.87,28197.0
2026-05-25,9,23905.0,3.7,7.95,8046.0,8323.0,8943.0,26.61,26.3,18.21,25312.0
2026-05-25,10,24285.0,3.75,8.02,6897.0,7047.0,7465.0,20.34,20.26,13.55,21409.0
2026-05-25,11,24077.0,4.12,8.09,6098.0,6181.0,7411.0,16.27,16.33,13.19,19690.0
2026-05-25,12,24333.0,4.51,8.2,6394.0,6551.0,7590.0,17.16,17.2,13.51,20534.0
2026-05-25,13,24422.0,4.82,8.27,6377.0,6554.0,8218.0,16.98,17.0,15.15,21150.0
2026-05-25,14,24288.0,5.11,8.45,6453.0,6664.0,8377.0,17.37,17.38,15.67,21494.0
2026-05-25,15,24196.0,5.31,8.57,6717.0,6944.0,8420.0,18.7,18.67,16.11,22081.0
2026-05-25,16,24229.0,5.39,8.37,7599.0,7906.0,9221.0,23.27,23.04,18.6,24726.0
2026-05-25,17,24302.0,5.12,8.03,8491.0,8925.0,10516.0,28.34,27.89,23.16,27933.0
2026-05-25,18,24622.0,4.68,7.77,8617.0,9053.0,10889.0,29.61,29.16,24.82,28560.0
2026-05-25,19,23948.0,4.27,7.57,8570.0,8951.0,10436.0,29.13,28.69,23.1,27957.0
2026-05-25,20,23472.0,3.78,7.35,8588.0,9001.0,10447.0,29.49,29.04,23.07,28035.0
2026-05-25,21,23641.0,3.4,7.27,8095.0,8481.0,9188.0,26.6,26.26,19.04,25764.0
2026-05-25,22,22620.0,3.36,7.26,6786.0,6965.0,6467.0,19.6,19.51,11.17,20217.0
2026-05-25,23,18746.0,3.76,7.22,1582.0,7400.0,5109.0,10.18,10.53,8.17,14090.0
2026-05-26,0,18324.0,4.11,7.18,-148.0,8972.0,5608.0,8.92,9.33,9.12,14431.0
2026-05-26,1,18064.0,4.47,7.13,-114.0,8838.0,5655.0,8.89,9.3,9.49,14379.0
2026-05-26,2,18247.0,4.83,7.11,-113.0,8732.0,5377.0,8.89,9.3,9.03,13996.0
2026-05-26,3,20275.0,5.34,7.1,-124.0,8394.0,5179.0,8.45,8.88,8.58,13448.0
2026-05-26,4,17797.0,5.73,7.09,1440.0,9286.0,6575.0,12.66,12.96,12.24,17301.0
2026-05-26,5,21293.0,5.52,7.07,7506.0,7973.0,9485.0,23.04,22.83,20.46,24964.0
2026-05-26,6,24177.0,5.02,7.13,8805.0,9286.0,11706.0,29.56,29.12,27.41,29798.0
2026-05-26,7,23140.0,4.35,7.74,8905.0,9368.0,11264.0,30.5,30.04,26.17,29537.0
2026-05-26,8,23541.0,3.79,8.18,8499.0,8923.0,9908.0,29.0,28.6,21.67,27330.0
2026-05-26,9,23853.0,3.48,8.26,8221.0,8597.0,8573.0,27.38,27.05,17.46,25390.0
2026-05-26,10,24665.0,3.44,8.24,7713.0,7979.0,7195.0,24.43,24.19,13.46,22887.0
2026-05-26,11,24315.0,3.77,8.27,6450.0,6614.0,6923.0,18.12,18.11,12.25,19986.0
2026-05-26,12,24095.0,4.15,8.24,6394.0,6549.0,7028.0,17.32,17.34,12.3,19970.0
2026-05-26,13,23964.0,4.52,8.26,6160.0,6286.0,7618.0,16.03,16.08,13.66,20065.0
2026-05-26,14,24752.0,4.88,8.34,6165.0,6305.0,8221.0,16.04,16.09,15.32,20691.0
2026-05-26,15,24571.0,5.25,8.43,6125.0,6271.0,8230.0,16.04,16.08,15.32,20626.0
2026-05-26,16,24033.0,5.45,8.49,7390.0,7699.0,9049.0,22.21,21.99,18.06,24138.0
2026-05-26,17,23876.0,5.24,8.29,7810.0,8172.0,10617.0,24.65,24.34,23.67,26599.0
2026-05-26,18,23883.0,4.88,7.89,8070.0,8439.0,10607.0,26.14,25.79,23.82,27116.0
2026-05-26,19,22529.0,4.46,7.64,8105.0,8465.0,10378.0,26.46,26.11,22.8,26948.0
2026-05-26,20,22810.0,4.02,7.52,7910.0,8266.0,10405.0,25.33,25.01,22.81,26581.0
2026-05-26,21,22920.0,3.65,7.45,7916.0,8284.0,9032.0,25.53,25.21,18.29,25231.0
2026-05-26,22,22909.0,3.59,7.42,5498.0,7913.0,7206.0,18.86,18.82,13.0,20617.0
2026-05-26,23,17586.0,3.91,7.41,-192.0,8547.0,5104.0,9.15,9.55,8.24,13459.0
2026-05-27,0,16509.0,4.2,7.24,-159.0,8531.0,5772.0,8.31,8.75,9.34,14143.0
2026-05-27,1,18051.0,4.55,6.84,-118.0,7600.0,5319.0,7.44,7.88,8.64,12801.0
2026-05-27,2,15442.0,5.01,6.78,-124.0,6922.0,4785.0,6.65,7.12,7.62,11582.0
2026-05-27,3,17115.0,5.44,6.83,-146.0,6962.0,4767.0,6.77,7.25,7.64,11583.0
2026-05-27,4,16827.0,5.76,6.85,598.0,9435.0,6152.0,11.79,12.15,11.0,16185.0
2026-05-27,5,23069.0,5.73,6.86,7361.0,7853.0,9431.0,22.59,22.41,20.34,24645.0
2026-05-27,6,22850.0,5.29,6.97,8593.0,9175.0,11972.0,28.73,28.32,28.22,29740.0
2026-05-27,7,22948.0,4.58,7.51,8067.0,8501.0,11106.0,26.54,26.22,25.74,27674.0
2026-05-27,8,23230.0,4.19,7.75,7902.0,8292.0,9735.0,26.19,25.9,21.33,25929.0
2026-05-27,9,23494.0,3.95,7.87,7641.0,7986.0,8747.0,24.8,24.55,18.13,24374.0
2026-05-27,10,24045.0,3.96,8.11,7269.0,7594.0,7018.0,22.61,22.44,12.89,21880.0
2026-05-27,11,23961.0,4.28,8.22,6499.0,6738.0,6514.0,18.39,18.36,11.51,19751.0
2026-05-27,12,23826.0,4.66,8.15,6332.0,6513.0,6816.0,17.17,17.19,11.78,19661.0
2026-05-27,13,24239.0,5.02,8.21,6265.0,6482.0,7699.0,16.63,16.66,13.9,20446.0
2026-05-27,14,21797.0,5.19,8.26,6424.0,6668.0,8292.0,17.59,17.57,15.81,21384.0
2026-05-27,15,21954.0,5.22,8.43,6397.0,6619.0,8107.0,17.59,17.58,15.39,21123.0
2026-05-27,16,21603.0,5.2,8.52,6912.0,7206.0,8767.0,19.91,19.81,17.04,22885.0
2026-05-27,17,22068.0,4.88,8.44,7631.0,7983.0,9978.0,23.8,23.56,21.49,25591.0
2026-05-27,18,23348.0,4.48,8.01,8060.0,8444.0,10629.0,26.39,26.06,23.8,27133.0
2026-05-27,19,23435.0,4.08,7.65,8002.0,8407.0,10446.0,26.3,25.94,23.15,26855.0
2026-05-27,20,23623.0,3.73,7.48,7874.0,8222.0,10381.0,25.37,25.04,23.16,26477.0
2026-05-27,21,23944.0,3.46,7.41,7740.0,8079.0,9345.0,24.52,24.25,19.77,25164.0
2026-05-27,22,24621.0,3.55,7.37,4451.0,8648.0,6648.0,18.2,18.21,12.07,19747.0
2026-05-27,23,23388.0,4.32,7.32,-171.0,8947.0,4785.0,9.72,10.12,7.7,13562.0
2026-05-28,0,17494.0,4.92,7.19,-136.0,9428.0,6046.0,9.64,10.05,9.93,15338.0
2026-05-28,1,16436.0,5.08,7.15,-120.0,8633.0,5795.0,8.67,9.09,9.55,14307.0
2026-05-28,2,16263.0,5.32,7.04,-141.0,8237.0,5170.0,8.18,8.61,8.57,13266.0
2026-05-28,3,16081.0,5.6,6.95,-157.0,8111.0,4974.0,8.2,8.64,8.12,12928.0
2026-05-28,4,16528.0,5.74,6.95,-175.0,10436.0,5971.0,11.81,12.16,10.54,16233.0
2026-05-28,5,20583.0,5.65,6.96,3928.0,10205.0,8962.0,19.71,19.77,18.76,23095.0
2026-05-28,6,23400.0,5.18,7.04,8595.0,9060.0,11520.0,28.55,28.14,26.73,29175.0
2026-05-28,7,23137.0,4.56,7.42,8473.0,8964.0,10722.0,28.42,28.04,24.46,28160.0
2026-05-28,8,23461.0,4.14,7.83,8158.0,8597.0,9445.0,27.58,27.23,20.55,26201.0
2026-05-28,9,23711.0,3.95,7.96,7646.0,7975.0,8199.0,24.62,24.37,16.45,23820.0
2026-05-28,10,24105.0,4.04,8.21,7087.0,7379.0,6723.0,21.56,21.42,12.08,21190.0
2026-05-28,11,21489.0,4.34,8.25,6163.0,6298.0,6649.0,16.67,16.71,11.5,19111.0
2026-05-28,12,23321.0,4.57,8.26,6402.0,6585.0,7014.0,17.36,17.37,12.34,20000.0
2026-05-28,13,23425.0,4.86,8.2,6296.0,6474.0,7485.0,16.69,16.71,13.44,20255.0
2026-05-28,14,23925.0,5.19,8.27,6043.0,6195.0,7445.0,15.85,15.9,13.48,19683.0
2026-05-28,15,23739.0,5.55,8.39,6163.0,6347.0,8153.0,16.56,16.59,15.34,20664.0
2026-05-28,16,23543.0,5.66,8.51,7310.0,7637.0,9011.0,22.3,22.11,18.1,23958.0
2026-05-28,17,23648.0,5.42,8.46,8161.0,8564.0,10012.0,26.88,26.54,21.94,26736.0
2026-05-28,18,23830.0,5.04,8.0,8340.0,8747.0,10186.0,28.06,27.67,22.55,27273.0
2026-05-28,19,23817.0,4.69,7.65,8206.0,8601.0,9772.0,27.34,26.95,21.36,26579.0
2026-05-28,20,24059.0,4.37,7.52,8293.0,8703.0,9711.0,27.81,27.4,21.21,26706.0
2026-05-28,21,23354.0,4.11,7.46,7772.0,8086.0,8800.0,24.86,24.58,17.81,24659.0
2026-05-28,22,20919.0,4.04,7.42,5775.0,7088.0,6676.0,17.79,17.79,11.76,19539.0
2026-05-28,23,17279.0,4.36,7.39,-171.0,7807.0,5154.0,8.27,8.71,8.25,12789.0
2026-05-29,0,16740.0,4.7,7.36,-142.0,8500.0,5994.0,8.3,8.73,9.94,14352.0
2026-05-29,1,17112.0,4.89,7.34,-144.0,8615.0,5704.0,8.69,9.11,9.57,14175.0
2026-05-29,2,16014.0,5.21,7.3,-115.0,7307.0,5341.0,7.1,7.56,8.81,12534.0
2026-05-29,3,15552.0,5.51,7.27,-104.0,7082.0,5224.0,6.91,7.37,8.65,12202.0
2026-05-29,4,17683.0,5.71,7.26,115.0,10434.0,6324.0,12.75,13.08,11.58,16873.0
2026-05-29,5,23166.0,5.68,7.21,4821.0,10165.0,9504.0,21.89,21.86,20.42,24490.0
2026-05-29,6,23245.0,5.23,7.21,8815.0,9290.0,11628.0,29.93,29.46,26.88,29733.0
2026-05-29,7,23275.0,4.56,7.41,8477.0,8877.0,11181.0,28.47,28.07,25.82,28535.0
2026-05-29,8,23492.0,4.11,7.71,8111.0,8487.0,10338.0,27.01,26.69,23.18,26936.0
2026-05-29,9,23712.0,3.77,8.04,8075.0,8400.0,9077.0,26.71,26.39,18.89,25552.0
2026-05-29,10,23556.0,3.7,8.28,7368.0,7638.0,7358.0,22.8,22.63,13.47,22364.0
2026-05-29,11,23444.0,3.92,8.37,6564.0,6743.0,6884.0,18.4,18.37,12.04,20191.0
2026-05-29,12,23448.0,4.22,8.29,6472.0,6652.0,7113.0,17.71,17.71,12.48,20238.0
2026-05-29,13,24504.0,4.52,8.29,6457.0,6680.0,7729.0,17.59,17.57,14.12,20866.0
2026-05-29,14,24779.0,4.85,8.31,6458.0,6674.0,7806.0,17.6,17.58,14.42,20938.0
2026-05-29,15,24122.0,5.2,8.42,6402.0,6629.0,7838.0,17.59,17.57,14.42,20868.0
2026-05-29,16,22975.0,5.35,8.46,6956.0,7215.0,8728.0,20.09,19.98,17.0,22900.0
2026-05-29,17,23854.0,5.16,8.16,7951.0,8322.0,10196.0,25.45,25.14,22.14,26469.0
2026-05-29,18,23718.0,4.78,7.76,8381.0,8749.0,10607.0,28.33,27.91,23.93,27737.0
2026-05-29,19,22577.0,4.33,7.5,8235.0,8568.0,10047.0,27.81,27.41,22.22,26850.0
2026-05-29,20,23103.0,3.9,7.41,8189.0,8532.0,9882.0,27.45,27.04,21.49,26604.0
2026-05-29,21,22619.0,3.58,7.36,7951.0,8283.0,8259.0,26.0,25.65,16.45,24493.0
2026-05-29,22,18902.0,3.43,7.31,5383.0,7233.0,6517.0,17.33,17.34,11.35,19132.0
2026-05-29,23,18018.0,3.63,7.28,-177.0,8584.0,5256.0,9.18,9.59,8.33,13664.0
2026-05-30,0,18100.0,4.03,7.28,-134.0,8839.0,5827.0,8.65,9.07,9.28,14531.0
2026-05-30,1,18529.0,4.4,7.27,-94.0,8300.0,6110.0,8.19,8.61,10.01,14315.0
2026-05-30,2,18258.0,4.8,7.27,-95.0,8216.0,5752.0,8.18,8.6,9.35,13874.0
2026-05-30,3,18085.0,5.24,7.27,-96.0,7957.0,5630.0,7.93,8.36,9.12,13491.0
2026-05-30,4,20930.0,5.61,7.2,2301.0,8094.0,6827.0,12.29,12.55,12.44,17221.0
2026-05-30,5,21689.0,5.77,7.1,6938.0,7411.0,8828.0,20.96,20.83,18.76,23177.0
2026-05-30,6,22775.0,5.34,7.07,8216.0,8686.0,10914.0,27.07,26.7,25.15,27816.0
2026-05-30,7,23192.0,4.82,7.33,8369.0,8819.0,11024.0,27.58,27.22,25.28,28211.0
2026-05-30,8,22749.0,4.29,7.87,8283.0,8735.0,10388.0,27.4,27.04,23.21,27406.0
2026-05-30,9,23166.0,3.81,8.12,8300.0,8727.0,10058.0,27.39,27.04,21.82,27084.0
2026-05-30,10,23831.0,3.5,8.28,8212.0,8668.0,8446.0,27.22,26.87,16.64,25326.0
2026-05-30,11,24177.0,3.42,7.98,7912.0,8270.0,7512.0,25.36,25.07,13.67,23693.0
2026-05-30,12,24983.0,3.54,7.87,7564.0,7886.0,7388.0,23.56,23.32,13.49,22838.0
2026-05-30,13,24979.0,3.73,7.86,7495.0,7830.0,7390.0,23.15,22.92,13.43,22715.0
2026-05-30,14,24933.0,3.91,8.18,7502.0,7864.0,7577.0,23.27,23.06,13.79,22944.0
2026-05-30,15,24947.0,4.06,8.58,7512.0,7862.0,7779.0,23.28,23.08,14.39,23153.0
2026-05-30,16,24958.0,4.14,8.56,7830.0,8225.0,8976.0,25.05,24.76,18.11,25030.0
2026-05-30,17,24868.0,3.98,8.1,8177.0,8559.0,10323.0,27.07,26.69,22.93,27058.0
2026-05-30,18,25071.0,3.7,7.76,8172.0,8562.0,10571.0,27.2,26.82,23.96,27305.0
2026-05-30,19,25399.0,3.51,7.56,8101.0,8481.0,9801.0,26.95,26.59,21.56,26383.0
2026-05-30,20,25328.0,3.42,7.47,7577.0,7887.0,9617.0,24.26,23.99,20.99,25081.0
2026-05-30,21,25205.0,3.55,7.42,5757.0,7303.0,8670.0,18.13,18.12,17.73,21731.0
2026-05-30,22,23582.0,4.08,7.39,422.0,9424.0,6228.0,11.52,11.85,10.79,16074.0
2026-05-30,23,15015.0,4.57,7.39,-154.0,7443.0,5293.0,7.71,8.15,8.45,12582.0
2026-05-31,0,16356.0,4.76,7.3,-135.0,8072.0,5964.0,7.67,8.11,9.72,13901.0
2026-05-31,1,15768.0,4.96,7.24,-116.0,7923.0,6083.0,7.67,8.11,10.04,13891.0
2026-05-31,2,15014.0,5.1,7.19,-106.0,7787.0,5661.0,7.67,8.11,9.48,13342.0
2026-05-31,3,15233.0,5.3,7.16,-119.0,7784.0,4949.0,7.67,8.11,7.99,12614.0
2026-05-31,4,20122.0,5.59,7.14,1253.0,8867.0,6592.0,11.95,12.26,12.23,16712.0
2026-05-31,5,22735.0,5.73,7.13,6727.0,7440.0,8389.0,20.96,20.85,17.72,22557.0
2026-05-31,6,23264.0,5.55,7.19,7937.0,8365.0,9944.0,26.03,25.72,22.35,26247.0
2026-05-31,7,22770.0,5.15,7.56,7987.0,8412.0,10418.0,26.34,26.04,23.66,26817.0
2026-05-31,8,23052.0,4.69,7.96,8088.0,8524.0,10648.0,26.67,26.33,24.25,27259.0
2026-05-31,9,23452.0,4.22,8.22,8216.0,8635.0,10601.0,26.97,26.64,23.85,27452.0
2026-05-31,10,24142.0,3.9,8.39,8185.0,8639.0,8820.0,26.98,26.65,17.81,25644.0
2026-05-31,11,24522.0,3.81,8.48,7888.0,8282.0,7801.0,25.28,24.99,14.71,23971.0
2026-05-31,12,25394.0,3.94,8.45,7555.0,7880.0,7634.0,23.27,23.06,14.41,23069.0
2026-05-31,13,25266.0,4.14,8.49,7511.0,7874.0,7633.0,23.26,23.06,14.41,23018.0
2026-05-31,14,25270.0,4.36,8.59,7204.0,7536.0,7714.0,21.81,21.66,14.41,22455.0
2026-05-31,15,24495.0,4.55,8.21,7171.0,7481.0,7897.0,21.73,21.56,14.91,22550.0
2026-05-31,16,24711.0,4.68,7.97,7641.0,8019.0,8745.0,24.44,24.16,17.75,24405.0
2026-05-31,17,24547.0,4.55,7.87,7955.0,8388.0,9744.0,26.26,25.89,21.33,26087.0
2026-05-31,18,24648.0,4.39,7.75,7853.0,8276.0,9383.0,26.05,25.71,20.7,25512.0
2026-05-31,19,25030.0,4.29,7.6,7880.0,8259.0,8940.0,26.22,25.88,19.42,25079.0
2026-05-31,20,25056.0,4.29,7.46,7371.0,7694.0,8945.0,23.33,23.09,19.26,24010.0
2026-05-31,21,25410.0,4.52,7.4,6308.0,6492.0,7939.0,17.93,17.91,16.17,20739.0
2026-05-31,22,24737.0,4.99,7.23,3902.0,6447.0,6336.0,12.82,13.0,11.35,16685.0
2026-05-31,23,13932.0,5.74,6.93,-132.0,8167.0,4352.0,8.8,9.21,7.23,12387.0
2025-03-01,0,21967.0,3.44,6.13,-241.0,9123.0,5038.0,8.6,8.9,7.95,13920.0
2025-03-01,1,18778.0,4.03,6.12,-215.0,8260.0,4541.0,7.78,8.14,7.18,12586.0
2025-03-01,2,17951.0,4.64,6.1,-213.0,7500.0,4579.0,7.12,7.49,7.22,11867.0
2025-03-01,3,15840.0,5.1,6.08,-214.0,7093.0,4492.0,6.74,7.12,7.22,11371.0
2025-03-01,4,17862.0,5.51,6.05,-219.0,9350.0,5309.0,9.76,9.99,9.09,14440.0
2025-03-01,5,21980.0,5.61,6.04,4366.0,10147.0,7726.0,18.98,18.84,15.17,22239.0
2025-03-01,6,22752.0,5.26,6.03,5795.0,12594.0,10173.0,27.39,27.13,22.25,28563.0
2025-03-01,7,23122.0,4.53,6.09,6225.0,13385.0,10957.0,30.25,30.3,24.24,30566.0
2025-03-01,8,23785.0,3.84,6.26,6100.0,13162.0,10771.0,29.34,29.61,23.63,30033.0
2025-03-01,9,24166.0,3.21,6.66,6154.0,13293.0,10139.0,29.72,30.04,21.23,29587.0
2025-03-01,10,24717.0,2.78,7.11,5721.0,12369.0,8658.0,26.16,26.54,16.58,26747.0
2025-03-01,11,24651.0,2.71,7.3,4704.0,10214.0,8605.0,18.74,19.06,15.93,23524.0
2025-03-01,12,24586.0,2.79,7.37,4521.0,9786.0,8730.0,17.65,18.07,16.26,23037.0
2025-03-01,13,24468.0,2.95,7.4,4274.0,9251.0,8750.0,16.26,17.07,16.33,22274.0
2025-03-01,14,24384.0,3.11,7.46,4320.0,9338.0,8716.0,16.58,17.04,16.33,22375.0
2025-03-01,15,24372.0,3.23,7.41,4488.0,9723.0,8831.0,17.54,17.47,16.59,23042.0
2025-03-01,16,25404.0,3.24,7.26,4989.0,10778.0,9980.0,20.51,19.98,20.18,25747.0
2025-03-01,17,24849.0,3.06,6.95,5689.0,12232.0,9958.0,25.81,24.68,20.37,27879.0
2025-03-01,18,24843.0,2.58,6.58,6095.0,13088.0,11111.0,29.26,28.66,24.73,30294.0
2025-03-01,19,25442.0,2.1,6.39,5797.0,12448.0,10109.0,27.39,27.11,21.88,28354.0
2025-03-01,20,25687.0,1.87,6.31,5530.0,11932.0,9226.0,25.76,25.51,19.43,26688.0
2025-03-01,21,26155.0,1.85,6.26,5203.0,11114.0,7875.0,22.74,22.68,15.2,24192.0
2025-03-01,22,26497.0,2.19,6.23,4658.0,10063.0,5419.0,18.96,19.25,8.98,20140.0
2025-03-01,23,25724.0,3.09,6.2,-237.0,9686.0,4856.0,9.79,10.06,7.77,14305.0
2025-03-02,0,19064.0,3.86,6.19,-229.0,9595.0,4900.0,9.24,9.56,7.75,14265.0
2025-03-02,1,18529.0,4.28,6.17,-220.0,9463.0,4552.0,9.3,9.61,7.51,13795.0
2025-03-02,2,18117.0,4.71,6.14,-227.0,9271.0,4342.0,9.22,9.52,7.32,13386.0
2025-03-02,3,17703.0,5.12,6.12,-227.0,9174.0,4375.0,9.21,9.55,7.41,13322.0
2025-03-02,4,18151.0,5.45,6.1,-225.0,10641.0,5376.0,11.43,11.7,9.6,15791.0
2025-03-02,5,19855.0,5.42,6.08,4377.0,10350.0,6895.0,19.94,19.81,13.69,21622.0
2025-03-02,6,22892.0,5.11,6.06,5594.0,12182.0,9169.0,26.57,26.41,19.79,26944.0
2025-03-02,7,23543.0,4.57,6.14,5936.0,12821.0,10694.0,28.34,28.5,23.91,29450.0
2025-03-02,8,23529.0,3.86,6.39,6132.0,13173.0,11592.0,29.55,30.02,26.7,30897.0
2025-03-02,9,24521.0,3.15,6.83,6209.0,13397.0,10833.0,29.96,30.09,23.73,30439.0
2025-03-02,10,25160.0,2.65,7.19,7000.0,12404.0,9345.0,29.83,29.71,18.5,28749.0
2025-03-02,11,25176.0,2.3,7.37,9482.0,9882.0,8619.0,29.91,29.62,16.44,27983.0
2025-03-02,12,25639.0,2.1,7.41,8627.0,8999.0,8362.0,25.64,25.64,15.69,25989.0
2025-03-02,13,25756.0,2.05,7.44,8492.0,8801.0,8354.0,24.97,25.51,15.83,25647.0
2025-03-02,14,25631.0,2.02,7.51,8575.0,8874.0,7818.0,25.38,25.55,14.6,25268.0
2025-03-02,15,25662.0,2.04,7.6,8401.0,8682.0,7617.0,24.32,24.15,13.89,24699.0
2025-03-02,16,25462.0,2.05,7.49,8517.0,8854.0,8031.0,25.02,24.08,14.74,25403.0
2025-03-02,17,25541.0,1.94,7.16,8585.0,8917.0,9304.0,25.17,24.0,18.61,26805.0
2025-03-02,18,26056.0,1.81,6.73,8307.0,8590.0,9419.0,23.9,23.08,18.98,26316.0
2025-03-02,19,26161.0,1.71,6.49,8128.0,8357.0,10274.0,23.52,23.07,22.54,26758.0
2025-03-02,20,26158.0,1.64,6.4,7951.0,8139.0,9624.0,22.74,22.41,21.01,25714.0
2025-03-02,21,26449.0,1.83,6.34,5364.0,8667.0,7375.0,18.08,18.12,14.14,21406.0
2025-03-02,22,26674.0,2.54,6.29,2754.0,8816.0,5052.0,13.21,13.46,8.45,16622.0
2025-03-02,23,20905.0,3.53,6.26,-215.0,8743.0,4614.0,8.92,9.24,7.77,13141.0
2025-03-03,0,13706.0,3.8,6.24,-215.0,8897.0,4391.0,8.29,8.67,6.99,13074.0
2025-03-03,1,13546.0,3.9,6.23,-211.0,7381.0,4016.0,6.76,7.15,6.43,11186.0
2025-03-03,2,18529.0,4.37,6.21,-219.0,6747.0,3856.0,6.39,6.72,6.43,10385.0
2025-03-03,3,19510.0,5.21,6.19,-222.0,7002.0,4072.0,6.52,6.94,6.67,10853.0
2025-03-03,4,16790.0,5.67,6.17,-233.0,10096.0,4968.0,10.68,10.89,8.69,14831.0
2025-03-03,5,20196.0,5.63,6.14,4093.0,11456.0,7698.0,20.95,20.71,15.35,23246.0
2025-03-03,6,23412.0,5.09,6.13,6244.0,13659.0,9957.0,30.87,30.6,21.4,29860.0
2025-03-03,7,23058.0,4.32,6.2,8378.0,12399.0,10350.0,33.68,33.47,22.6,31127.0
2025-03-03,8,23693.0,3.55,6.4,10230.0,10701.0,9452.0,34.46,34.52,19.78,30382.0
2025-03-03,9,24184.0,2.92,6.8,9831.0,10228.0,8727.0,32.27,32.02,17.17,28786.0
2025-03-03,10,24651.0,2.59,7.13,9033.0,9450.0,7668.0,27.88,27.71,13.72,26151.0
2025-03-03,11,24693.0,2.47,7.25,8426.0,8817.0,7752.0,24.64,24.46,13.58,24995.0
2025-03-03,12,24850.0,2.42,7.3,8139.0,8493.0,8051.0,23.0,23.29,14.63,24682.0
2025-03-03,13,24952.0,2.43,7.44,7971.0,8321.0,7663.0,22.27,22.83,14.22,23954.0
2025-03-03,14,24965.0,2.48,7.51,8040.0,8388.0,7515.0,22.6,22.74,13.84,23943.0
2025-03-03,15,24970.0,2.53,7.52,8121.0,8447.0,7545.0,22.81,22.58,13.85,24112.0
2025-03-03,16,24945.0,2.51,7.4,8615.0,8994.0,8301.0,25.45,24.57,15.89,25910.0
2025-03-03,17,24951.0,2.21,7.09,9508.0,9936.0,9769.0,30.32,28.91,20.83,29212.0
2025-03-03,18,25930.0,1.7,6.68,9557.0,10003.0,10845.0,30.83,29.8,24.62,30405.0
2025-03-03,19,26610.0,1.29,6.47,9226.0,9659.0,9875.0,29.52,28.9,21.18,28760.0
2025-03-03,20,26795.0,1.16,6.37,8714.0,9059.0,9132.0,26.57,26.09,18.74,26905.0
2025-03-03,21,26035.0,1.15,6.32,8491.0,8763.0,7502.0,25.5,25.11,14.22,24756.0
2025-03-03,22,25972.0,1.43,6.28,7194.0,7350.0,5326.0,19.34,19.23,8.55,19869.0
2025-03-03,23,25839.0,2.26,6.26,3738.0,6156.0,4809.0,10.68,10.93,7.47,14703.0
2025-03-04,0,23169.0,3.23,6.24,2135.0,7443.0,4841.0,9.54,9.82,7.42,14420.0
2025-03-04,1,20331.0,3.99,6.22,-233.0,9219.0,4554.0,8.83,9.11,7.12,13540.0
2025-03-04,2,18671.0,4.53,6.19,-216.0,9028.0,4293.0,8.58,8.91,6.72,13105.0
2025-03-04,3,18389.0,5.06,6.17,-226.0,8858.0,4091.0,8.44,8.75,6.54,12723.0
2025-03-04,4,18581.0,5.44,6.14,858.0,10641.0,5051.0,13.13,13.21,8.53,16549.0
2025-03-04,5,20487.0,5.31,6.13,8260.0,8761.0,7561.0,24.7,24.24,14.83,24583.0
2025-03-04,6,23587.0,4.72,6.1,9736.0,10209.0,10327.0,31.85,31.16,22.6,30272.0
2025-03-04,7,23257.0,3.88,6.17,10069.0,10548.0,10839.0,33.49,33.35,24.12,31456.0
2025-03-04,8,23989.0,3.18,6.41,9660.0,10071.0,9799.0,31.6,31.44,20.99,29530.0
2025-03-04,9,24760.0,2.68,6.62,9489.0,9915.0,8944.0,30.85,30.59,18.29,28349.0
2025-03-04,10,25128.0,2.4,7.04,8762.0,9113.0,8161.0,26.7,26.68,15.25,26036.0
2025-03-04,11,25190.0,2.37,7.21,7663.0,8751.0,8067.0,22.66,22.67,14.84,24481.0
2025-03-04,12,25428.0,2.45,7.26,4922.0,10712.0,8058.0,20.4,20.87,14.85,23691.0
2025-03-04,13,25283.0,2.59,7.37,4649.0,10690.0,8053.0,19.97,20.75,14.85,23392.0
2025-03-04,14,25306.0,2.74,7.49,4801.0,10430.0,8087.0,19.66,20.04,14.84,23318.0
2025-03-04,15,25238.0,2.92,7.48,4365.0,10071.0,8205.0,18.1,18.26,15.31,22642.0
2025-03-04,16,25237.0,3.03,7.36,5321.0,11585.0,8532.0,23.39,22.87,16.17,25438.0
2025-03-04,17,25729.0,2.78,7.12,6219.0,13407.0,9842.0,30.43,29.17,20.43,29468.0
2025-03-04,18,26106.0,2.29,6.7,6291.0,13489.0,11316.0,30.98,30.12,25.91,31096.0
2025-03-04,19,26308.0,1.86,6.46,6222.0,13374.0,9761.0,31.04,30.55,21.06,29357.0
2025-03-04,20,26546.0,1.56,6.35,6167.0,13258.0,9237.0,30.33,29.9,19.31,28662.0
2025-03-04,21,26641.0,1.38,6.29,6033.0,12985.0,7912.0,29.42,29.08,15.51,26930.0
2025-03-04,22,27074.0,1.57,6.25,5086.0,11122.0,5152.0,22.67,22.66,8.71,21360.0
2025-03-04,23,27488.0,2.35,6.21,-227.0,11463.0,6213.0,11.63,11.9,9.97,17449.0
2025-03-05,0,24668.0,3.23,6.19,-224.0,10430.0,6353.0,9.96,10.27,10.39,16559.0
2025-03-05,1,20456.0,3.86,6.17,-222.0,10226.0,4295.0,10.1,10.4,7.03,14299.0
2025-03-05,2,21174.0,4.45,6.15,-221.0,10061.0,4229.0,10.0,10.29,6.92,14069.0
2025-03-05,3,20731.0,5.13,6.15,-228.0,10249.0,4198.0,10.34,10.67,6.95,14219.0
2025-03-05,4,20158.0,5.54,6.14,-215.0,13016.0,5043.0,15.18,15.28,8.89,17844.0
2025-03-05,5,21359.0,5.45,6.12,4452.0,12917.0,7837.0,25.06,24.83,15.99,25206.0
2025-03-05,6,23853.0,4.84,6.09,6223.0,13445.0,10809.0,30.49,30.17,24.34,30477.0
2025-03-05,7,23542.0,4.11,6.16,8403.0,11150.0,11263.0,30.58,30.56,25.92,30816.0
2025-03-05,8,23759.0,3.43,6.38,9496.0,9885.0,9955.0,30.45,30.57,21.58,29336.0
2025-03-05,9,24220.0,2.92,6.81,9006.0,9381.0,9309.0,28.11,28.12,19.36,27696.0
2025-03-05,10,24638.0,2.68,7.28,8275.0,8568.0,8192.0,24.15,24.24,15.59,25035.0
2025-03-05,11,24627.0,2.7,7.43,4985.0,10558.0,7781.0,20.37,20.67,14.05,23324.0
2025-03-05,12,24686.0,2.8,7.39,4851.0,10477.0,7973.0,19.75,20.11,14.52,23301.0
2025-03-05,13,24633.0,2.92,7.42,4604.0,9949.0,7994.0,18.22,19.14,14.96,22547.0
2025-03-05,14,24476.0,3.09,7.5,4540.0,9831.0,8101.0,17.97,18.54,14.97,22471.0
2025-03-05,15,24428.0,3.23,7.57,4605.0,9969.0,8161.0,18.28,18.65,15.14,22735.0
2025-03-05,16,24552.0,3.26,7.55,5441.0,11742.0,8621.0,24.1,23.46,16.48,25804.0
2025-03-05,17,24734.0,2.87,7.23,7800.0,12434.0,9817.0,32.14,30.53,20.53,30051.0
2025-03-05,18,25116.0,2.23,6.73,10205.0,10683.0,10579.0,34.28,33.04,23.19,31467.0
2025-03-05,19,25218.0,1.63,6.47,9574.0,9968.0,10068.0,31.07,30.41,21.84,29610.0
2025-03-05,20,25180.0,1.29,6.35,8753.0,9067.0,9194.0,26.42,25.84,18.92,27013.0
2025-03-05,21,25018.0,1.12,6.28,6992.0,10984.0,7331.0,26.91,26.55,13.6,25306.0
2025-03-05,22,25560.0,1.29,6.22,3787.0,10733.0,5582.0,19.33,19.5,9.4,20102.0
2025-03-05,23,25334.0,2.1,6.19,-263.0,9681.0,4955.0,10.0,10.33,7.91,14374.0
2025-03-06,0,21515.0,3.02,6.17,-230.0,9548.0,4717.0,9.12,9.43,7.35,14035.0
2025-03-06,1,20249.0,3.62,6.15,-219.0,9545.0,4648.0,9.3,9.6,7.5,13974.0
2025-03-06,2,20305.0,4.23,6.11,-220.0,9088.0,4246.0,8.59,8.92,6.72,13114.0
2025-03-06,3,20173.0,4.92,6.09,-232.0,8925.0,4177.0,8.43,8.74,6.54,12870.0
2025-03-06,4,20455.0,5.44,6.06,2045.0,10270.0,5115.0,14.68,14.86,9.05,17429.0
2025-03-06,5,21136.0,5.3,6.04,5602.0,12200.0,8190.0,26.27,25.92,16.82,25992.0
2025-03-06,6,24043.0,4.64,6.01,9173.0,11575.0,10383.0,33.61,33.06,23.01,31131.0
2025-03-06,7,23621.0,3.82,6.09,10176.0,10656.0,10933.0,34.31,34.02,24.46,31766.0
2025-03-06,8,24340.0,3.12,6.35,9440.0,9834.0,10138.0,30.39,30.73,22.21,29412.0
2025-03-06,9,24856.0,2.71,6.72,8694.0,8982.0,9145.0,26.39,26.15,18.73,26821.0
2025-03-06,10,25049.0,2.65,6.95,7325.0,8430.0,7733.0,21.47,21.75,14.3,23488.0
2025-03-06,11,24807.0,2.85,7.19,4425.0,9502.0,7952.0,17.19,17.65,14.47,21879.0
2025-03-06,12,24775.0,3.09,7.24,4311.0,9346.0,8206.0,16.63,17.09,15.31,21864.0
2025-03-06,13,24479.0,3.34,7.38,4225.0,9148.0,7808.0,15.89,17.09,14.7,21181.0
2025-03-06,14,24269.0,3.6,7.56,4265.0,9252.0,7777.0,16.35,16.96,14.4,21294.0
2025-03-06,15,24100.0,3.8,7.59,4401.0,9538.0,8268.0,17.09,16.98,15.43,22207.0
2025-03-06,16,24019.0,3.86,7.35,5014.0,10808.0,8688.0,21.04,20.2,16.56,24510.0
2025-03-06,17,24538.0,3.58,6.99,5895.0,12722.0,10362.0,27.8,26.6,22.25,28979.0
2025-03-06,18,24973.0,3.02,6.58,6219.0,13385.0,10853.0,30.42,29.65,24.4,30456.0
2025-03-06,19,25908.0,2.53,6.37,6253.0,13441.0,9996.0,31.07,30.62,21.67,29690.0
2025-03-06,20,26109.0,2.17,6.29,6103.0,13151.0,9483.0,29.96,29.69,20.25,28737.0
2025-03-06,21,26123.0,2.0,6.23,5764.0,12368.0,7531.0,27.23,26.96,14.22,25663.0
2025-03-06,22,26316.0,2.3,6.19,3792.0,9973.0,5371.0,17.61,17.81,8.62,19136.0
2025-03-06,23,25625.0,3.25,6.16,-250.0,8887.0,5063.0,8.92,9.24,7.92,13700.0
2025-03-07,0,18525.0,4.05,6.15,-220.0,9690.0,5245.0,9.22,9.51,8.34,14715.0
2025-03-07,1,18736.0,4.36,6.13,-212.0,9636.0,4869.0,9.34,9.65,7.91,14294.0
2025-03-07,2,17882.0,4.82,6.1,-224.0,8800.0,4211.0,8.35,8.69,6.73,12787.0
2025-03-07,3,17883.0,5.26,6.1,-231.0,8517.0,3838.0,8.08,8.53,6.27,12124.0
2025-03-07,4,19247.0,5.65,6.1,853.0,11322.0,5280.0,14.36,14.36,9.46,17455.0
2025-03-07,5,22211.0,5.62,6.06,5151.0,11364.0,7888.0,23.21,23.09,16.16,24403.0
2025-03-07,6,24543.0,5.18,6.05,9078.0,11142.0,10226.0,32.29,31.75,22.37,30446.0
2025-03-07,7,23522.0,4.4,6.1,10345.0,10830.0,10558.0,35.1,34.63,23.39,31733.0
2025-03-07,8,23948.0,3.66,6.19,9908.0,10380.0,9627.0,33.22,32.87,20.52,29915.0
2025-03-07,9,24434.0,3.16,6.33,8856.0,9213.0,9262.0,27.82,27.88,19.42,27330.0
2025-03-07,10,24724.0,3.03,6.58,8013.0,8311.0,7410.0,22.8,23.25,13.41,23734.0
2025-03-07,11,24663.0,3.14,6.99,7633.0,7903.0,7361.0,20.61,20.95,12.87,22897.0
2025-03-07,12,24591.0,3.3,7.36,7220.0,7499.0,7530.0,18.92,19.3,13.38,22249.0
2025-03-07,13,24750.0,3.48,7.39,7273.0,7514.0,7553.0,19.19,19.06,13.56,22340.0
2025-03-07,14,24921.0,3.7,7.18,7034.0,7296.0,7602.0,18.25,18.07,14.06,21931.0
2025-03-07,15,25121.0,3.95,7.0,7189.0,7449.0,7708.0,18.86,18.35,14.47,22346.0
2025-03-07,16,25009.0,4.11,6.62,7756.0,8042.0,8397.0,21.43,20.36,15.93,24195.0
2025-03-07,17,24892.0,4.02,6.2,8576.0,8893.0,9217.0,25.46,24.64,18.61,26685.0
2025-03-07,18,25646.0,3.72,6.01,9258.0,9614.0,10169.0,29.47,28.72,22.37,29041.0
2025-03-07,19,25552.0,3.36,5.93,9276.0,9620.0,9430.0,29.93,29.41,20.32,28327.0
2025-03-07,20,23870.0,3.11,5.89,8422.0,8657.0,8837.0,25.38,25.08,18.69,25916.0
2025-03-07,21,20613.0,2.83,5.87,7826.0,8001.0,7282.0,22.51,22.22,13.98,23109.0
2025-03-07,22,20771.0,2.73,5.85,7006.0,7119.0,4645.0,18.75,18.67,7.55,18770.0
2025-03-07,23,20098.0,3.11,5.81,3257.0,6545.0,4333.0,10.98,11.18,7.04,14135.0
2025-03-08,0,17066.0,3.57,5.77,-242.0,8573.0,4488.0,8.0,8.36,6.9,12819.0
2025-03-08,1,16439.0,3.96,5.77,-220.0,8179.0,4035.0,7.69,8.12,6.43,11994.0
2025-03-08,2,16218.0,4.36,5.78,-209.0,8100.0,4043.0,7.72,8.12,6.43,11934.0
2025-03-08,3,15752.0,4.72,5.78,-223.0,8072.0,4005.0,7.74,8.13,6.54,11854.0
2025-03-08,4,17150.0,4.98,5.77,683.0,9474.0,5090.0,11.11,11.34,8.81,15247.0
2025-03-08,5,21787.0,5.12,5.74,6318.0,6983.0,7670.0,17.19,17.05,15.21,20970.0
2025-03-08,6,23091.0,4.98,5.7,7733.0,8093.0,9635.0,22.29,22.01,20.87,25461.0
2025-03-08,7,23553.0,4.58,5.73,8659.0,9054.0,10362.0,26.55,26.4,22.81,28075.0
2025-03-08,8,24022.0,4.11,5.83,8915.0,9307.0,9991.0,28.03,27.95,21.8,28213.0
2025-03-08,9,24304.0,3.65,6.01,8881.0,9278.0,9812.0,27.64,27.55,21.0,27971.0
2025-03-08,10,24580.0,3.37,6.36,8406.0,8775.0,8579.0,24.86,25.05,16.63,25761.0
2025-03-08,11,24577.0,3.35,6.77,4821.0,9628.0,7922.0,18.17,18.82,14.32,22371.0
2025-03-08,12,24356.0,3.58,6.9,4079.0,8998.0,8190.0,15.43,16.11,14.84,21268.0
2025-03-08,13,24463.0,3.84,7.04,4139.0,9084.0,8384.0,15.73,16.09,15.64,21607.0
2025-03-08,14,24385.0,4.09,6.82,3850.0,8545.0,8518.0,14.27,14.33,15.83,20913.0
2025-03-08,15,24383.0,4.39,6.73,3912.0,8672.0,8450.0,14.69,15.05,15.83,21034.0
2025-03-08,16,23371.0,4.61,6.9,4284.0,9438.0,8813.0,16.93,17.6,16.76,22535.0
2025-03-08,17,21905.0,4.33,6.79,5188.0,11280.0,10069.0,22.99,21.83,21.44,26537.0
2025-03-08,18,20606.0,3.73,6.39,5391.0,11648.0,10472.0,24.64,24.07,23.4,27512.0
2025-03-08,19,21889.0,3.14,6.17,5120.0,11077.0,10108.0,23.11,22.84,22.38,26305.0
2025-03-08,20,22516.0,2.75,6.04,4973.0,10769.0,9317.0,22.14,21.93,19.9,25060.0
2025-03-08,21,24452.0,2.63,5.97,4948.0,10708.0,7409.0,21.77,21.63,14.38,23065.0
2025-03-08,22,24959.0,2.99,5.92,4059.0,9531.0,4971.0,17.12,17.22,8.27,18561.0
2025-03-08,23,21139.0,3.73,5.87,-256.0,8193.0,4885.0,8.19,8.54,7.91,12822.0
2025-03-09,0,15683.0,4.18,5.84,-240.0,9307.0,4619.0,9.05,9.32,7.3,13687.0
2025-03-09,1,16944.0,4.34,5.81,-227.0,9144.0,4422.0,9.06,9.35,7.22,13339.0
2025-03-09,2,18332.0,4.82,5.77,-218.0,8553.0,4194.0,8.48,8.82,7.14,12529.0
2025-03-09,3,17332.0,5.32,5.75,-237.0,8492.0,4251.0,8.5,8.86,7.15,12506.0
2025-03-09,4,17018.0,5.58,5.73,-235.0,11087.0,5108.0,12.51,12.6,9.34,15960.0
2025-03-09,5,20553.0,5.57,5.7,3267.0,11506.0,6768.0,20.51,20.26,14.24,21541.0
2025-03-09,6,22408.0,5.23,5.66,5542.0,12142.0,8932.0,26.93,26.73,19.63,26616.0
2025-03-09,7,24338.0,4.81,5.68,5780.0,12518.0,10083.0,27.83,27.94,22.62,28380.0
2025-03-09,8,23894.0,4.31,5.95,5926.0,12785.0,10630.0,28.58,29.22,24.06,29341.0
2025-03-09,9,24120.0,3.73,6.45,5970.0,12942.0,10328.0,28.93,28.86,22.6,29240.0
2025-03-09,10,24686.0,3.29,6.9,5950.0,12866.0,8740.0,28.55,28.75,17.08,27556.0
2025-03-09,11,25021.0,3.01,7.14,5975.0,12945.0,7820.0,28.9,29.07,14.73,26740.0
2025-03-09,12,25152.0,2.87,7.26,5840.0,12615.0,7198.0,27.91,28.33,13.1,25653.0
2025-03-09,13,25240.0,2.82,7.41,5618.0,12128.0,7206.0,26.23,27.39,13.06,24951.0
2025-03-09,14,25303.0,2.82,7.64,5677.0,12292.0,6994.0,26.76,27.01,12.54,24963.0
2025-03-09,15,26067.0,2.83,7.68,5776.0,12504.0,7225.0,27.52,27.05,13.09,25505.0
2025-03-09,16,25913.0,2.8,7.57,5893.0,12767.0,7826.0,28.46,27.95,14.48,26485.0
2025-03-09,17,25856.0,2.63,7.29,5883.0,12654.0,9423.0,28.0,27.07,19.47,27960.0
2025-03-09,18,26015.0,2.3,6.88,5817.0,12552.0,10657.0,27.88,27.06,24.26,29026.0
2025-03-09,19,26267.0,2.03,6.6,5652.0,12191.0,9982.0,27.12,26.63,22.35,27825.0
2025-03-09,20,26078.0,1.89,6.42,5456.0,11778.0,9084.0,25.47,25.08,19.72,26318.0
2025-03-09,21,26025.0,2.02,6.28,4383.0,9449.0,7367.0,18.23,18.24,14.65,21199.0
2025-03-09,22,26080.0,2.72,6.16,1687.0,9905.0,4677.0,13.63,13.74,8.12,16269.0
2025-03-09,23,21504.0,3.66,6.08,-262.0,8994.0,4147.0,9.39,9.66,6.92,12879.0
2025-03-10,0,16746.0,4.23,6.02,-239.0,9013.0,4196.0,8.65,8.91,6.72,12970.0
2025-03-10,1,13389.0,4.42,5.97,-234.0,8211.0,3772.0,7.78,8.04,6.12,11750.0
2025-03-10,2,14399.0,4.63,5.94,-217.0,7564.0,3895.0,7.17,7.52,6.42,11243.0
2025-03-10,3,14954.0,4.96,5.92,-225.0,6994.0,3882.0,6.69,7.05,6.43,10651.0
2025-03-10,4,16194.0,5.34,5.89,-230.0,9134.0,4851.0,9.48,9.7,8.49,13755.0
2025-03-10,5,21111.0,5.36,5.86,3326.0,10695.0,7319.0,18.1,17.93,14.55,21340.0
2025-03-10,6,23523.0,5.11,5.83,5790.0,12546.0,9650.0,27.35,27.12,20.69,27986.0
2025-03-10,7,23241.0,4.47,6.0,6283.0,13721.0,10860.0,31.65,31.7,24.65,30864.0
2025-03-10,8,23956.0,3.73,6.27,6245.0,13644.0,10278.0,31.6,32.05,22.72,30166.0
2025-03-10,9,24450.0,3.17,6.8,5955.0,12986.0,9318.0,29.08,29.47,19.24,28260.0
2025-03-10,10,24832.0,3.02,7.28,4899.0,10608.0,8184.0,20.75,21.22,15.24,23692.0
2025-03-10,11,24624.0,3.13,7.49,4643.0,10053.0,8240.0,18.6,19.07,15.06,22936.0
2025-03-10,12,24679.0,3.28,7.58,4431.0,9571.0,8328.0,17.09,17.81,15.34,22331.0
2025-03-10,13,24550.0,3.49,7.74,4349.0,9459.0,8371.0,16.75,17.82,15.41,22180.0
2025-03-10,14,24501.0,3.64,7.88,4522.0,9843.0,8290.0,17.94,18.64,15.53,22655.0
2025-03-10,15,24418.0,3.77,7.86,4659.0,10112.0,8121.0,18.77,18.69,14.97,22892.0
2025-03-10,16,24593.0,3.83,7.65,5249.0,11439.0,8798.0,23.06,22.37,16.85,25485.0
2025-03-10,17,24870.0,3.46,7.47,6181.0,13570.0,10341.0,30.73,29.82,22.29,30093.0
2025-03-10,18,25432.0,2.91,7.13,6254.0,13758.0,10474.0,31.63,30.66,23.15,30485.0
2025-03-10,19,25838.0,2.45,6.85,6000.0,13053.0,10252.0,29.66,29.18,22.72,29304.0
2025-03-10,20,25948.0,2.12,6.65,5715.0,12428.0,10033.0,27.39,26.73,21.99,28177.0
2025-03-10,21,26008.0,2.02,6.45,5243.0,11296.0,7857.0,23.49,23.24,15.33,24395.0
2025-03-10,22,26264.0,2.4,6.35,4481.0,8270.0,5430.0,15.8,16.03,9.08,18181.0
2025-03-10,23,20761.0,3.33,6.31,4942.0,2179.0,4778.0,7.66,7.84,7.56,11900.0
2025-03-11,0,19164.0,4.01,6.31,6680.0,1314.0,4900.0,8.13,8.17,7.79,12893.0
2025-03-11,1,17393.0,4.45,6.28,3767.0,4235.0,4425.0,7.81,8.04,7.07,12427.0
2025-03-11,2,15843.0,4.86,6.23,3831.0,3422.0,4356.0,7.18,7.41,7.07,11609.0
2025-03-11,3,13604.0,5.19,6.18,5897.0,393.0,4388.0,6.56,6.54,7.08,10679.0
2025-03-11,4,19667.0,5.51,6.12,4680.0,5894.0,5238.0,12.11,12.18,9.23,15812.0
2025-03-11,5,20529.0,5.53,6.13,4763.0,10282.0,8051.0,20.12,20.11,16.41,23096.0
2025-03-11,6,22590.0,5.02,6.13,5975.0,12922.0,10548.0,28.54,28.26,23.33,29444.0
2025-03-11,7,23509.0,4.31,6.2,6032.0,13108.0,10996.0,29.15,29.31,24.87,30135.0
2025-03-11,8,23897.0,3.71,6.4,5984.0,13099.0,10165.0,29.15,29.39,22.14,29247.0
2025-03-11,9,24327.0,3.2,6.68,6064.0,13256.0,8799.0,30.12,30.45,17.82,28119.0
2025-03-11,10,24795.0,2.91,7.01,6049.0,13263.0,7300.0,29.83,30.03,13.21,26612.0
2025-03-11,11,25052.0,2.77,7.36,5601.0,12222.0,7348.0,25.64,25.56,13.23,25171.0
2025-03-11,12,25240.0,2.76,7.43,5248.0,11402.0,7685.0,22.8,23.23,13.81,24335.0
2025-03-11,13,25111.0,2.93,7.5,5413.0,8730.0,8051.0,17.57,18.51,14.67,22194.0
2025-03-11,14,24932.0,3.18,7.61,6773.0,7099.0,8071.0,17.2,17.63,14.88,21943.0
2025-03-11,15,24937.0,3.43,7.59,6782.0,7096.0,7910.0,17.16,16.98,14.47,21787.0
2025-03-11,16,24871.0,3.61,7.51,7937.0,8304.0,8393.0,22.35,21.59,15.61,24634.0
2025-03-11,17,24981.0,3.36,7.22,9477.0,9930.0,9549.0,30.2,28.61,19.46,28956.0
2025-03-11,18,25455.0,2.81,6.75,10015.0,10451.0,10742.0,33.47,32.29,24.07,31208.0
2025-03-11,19,25825.0,2.25,6.53,9775.0,10199.0,10126.0,32.62,31.9,22.4,30100.0
2025-03-11,20,25751.0,1.83,6.44,9675.0,10030.0,9700.0,31.69,30.99,20.71,29404.0
2025-03-11,21,25927.0,1.57,6.37,9030.0,9359.0,7485.0,28.35,27.84,13.89,25874.0
2025-03-11,22,26336.0,1.75,6.32,7992.0,8192.0,5461.0,23.07,22.89,8.94,21646.0
2025-03-11,23,26336.0,2.45,6.27,5667.0,5994.0,4382.0,13.8,13.85,6.88,16043.0
2025-03-12,0,19169.0,3.28,6.23,52.0,8795.0,4435.0,8.64,8.97,6.91,13283.0
2025-03-12,1,17601.0,3.73,6.2,-225.0,8894.0,4173.0,8.52,8.82,6.62,12842.0
2025-03-12,2,17138.0,4.16,6.18,-204.0,8893.0,4066.0,8.49,8.82,6.42,12755.0
2025-03-12,3,16996.0,4.57,6.18,-221.0,8760.0,4038.0,8.42,8.82,6.45,12576.0
2025-03-12,4,20067.0,4.95,6.16,2814.0,8189.0,5497.0,12.64,12.63,9.7,16500.0
2025-03-12,5,21415.0,5.01,6.15,7589.0,7971.0,7986.0,21.31,21.07,15.93,23546.0
2025-03-12,6,22651.0,4.51,6.11,9317.0,9760.0,10434.0,29.34,28.83,22.81,29511.0
2025-03-12,7,23405.0,3.71,6.24,9694.0,10134.0,10990.0,31.5,31.36,24.73,30818.0
2025-03-12,8,24506.0,3.14,6.5,8837.0,9201.0,10295.0,27.21,27.56,22.42,28332.0
2025-03-12,9,24827.0,2.71,6.82,9267.0,9680.0,9176.0,29.48,29.04,18.71,28123.0
2025-03-12,10,25139.0,2.48,7.16,8895.0,9243.0,7623.0,27.21,27.21,13.96,25761.0
2025-03-12,11,25072.0,2.49,7.38,9866.0,5983.0,7509.0,22.01,22.13,13.36,23357.0
2025-03-12,12,25200.0,2.65,7.44,9562.0,5398.0,7695.0,20.02,19.96,13.79,22655.0
2025-03-12,13,25083.0,2.86,7.49,9376.0,5262.0,7896.0,19.32,19.87,14.22,22534.0
2025-03-12,14,24992.0,3.03,7.54,9628.0,5431.0,7970.0,20.04,20.15,14.55,23030.0
2025-03-12,15,24946.0,3.11,7.5,10316.0,5938.0,7940.0,22.75,22.22,14.54,24194.0
2025-03-12,16,24898.0,3.05,7.37,5775.0,12484.0,8572.0,26.72,25.86,16.13,26830.0
2025-03-12,17,25357.0,2.63,7.07,6408.0,13811.0,10404.0,31.79,30.54,22.32,30623.0
2025-03-12,18,26524.0,2.08,6.68,6317.0,13544.0,11406.0,31.22,30.55,26.39,31268.0
2025-03-12,19,26483.0,1.64,6.51,6233.0,13351.0,10340.0,30.99,30.55,22.92,29924.0
2025-03-12,20,26083.0,1.27,6.43,6122.0,13148.0,9835.0,30.07,29.67,21.13,29104.0
2025-03-12,21,26075.0,1.05,6.38,5684.0,12192.0,8208.0,26.56,26.3,16.07,26085.0
2025-03-12,22,26450.0,1.22,6.33,5160.0,11072.0,5107.0,22.66,22.7,8.54,21339.0
2025-03-12,23,26544.0,1.99,6.3,214.0,11444.0,4342.0,13.24,13.58,6.92,16000.0
2025-03-13,0,23519.0,2.91,6.27,-248.0,11044.0,4588.0,11.24,11.52,7.3,15384.0
2025-03-13,1,22323.0,3.62,6.26,-234.0,10427.0,4243.0,10.39,10.67,6.85,14437.0
2025-03-13,2,21783.0,4.37,6.24,-244.0,10269.0,3823.0,10.33,10.62,6.19,13849.0
2025-03-13,3,20645.0,5.04,6.22,-233.0,10219.0,4210.0,10.34,10.62,6.75,14197.0
2025-03-13,4,20055.0,5.49,6.19,410.0,12150.0,5180.0,14.94,15.03,9.11,17741.0
2025-03-13,5,20932.0,5.32,6.18,5608.0,12330.0,7662.0,26.78,26.46,15.34,25601.0
2025-03-13,6,23886.0,4.69,6.15,6210.0,13527.0,10759.0,30.81,30.54,24.24,30495.0
2025-03-13,7,23726.0,3.95,6.22,6136.0,13352.0,11469.0,30.31,30.55,26.39,30957.0
2025-03-13,8,24326.0,3.31,6.48,6093.0,13227.0,10291.0,30.46,30.55,22.76,29610.0
2025-03-13,9,24636.0,2.8,6.73,6074.0,13163.0,9065.0,30.24,30.37,18.86,28302.0
2025-03-13,10,25217.0,2.51,7.11,5958.0,12879.0,7454.0,29.04,29.27,13.88,26291.0
2025-03-13,11,25350.0,2.47,7.46,5475.0,11942.0,7161.0,24.92,25.06,12.64,24579.0
2025-03-13,12,25526.0,2.5,7.52,5321.0,11641.0,7874.0,23.62,23.99,14.11,24835.0
2025-03-13,13,26529.0,2.6,7.54,5151.0,11172.0,7974.0,22.29,22.91,14.84,24297.0
2025-03-13,14,26494.0,2.82,7.52,4860.0,10521.0,8058.0,20.26,20.49,14.85,23440.0
2025-03-13,15,26430.0,3.03,7.46,5022.0,10916.0,8386.0,21.23,21.04,15.66,24324.0
2025-03-13,16,25607.0,3.09,7.25,5568.0,12062.0,8723.0,25.25,24.07,16.62,26353.0
2025-03-13,17,25645.0,2.76,6.78,6333.0,13740.0,9976.0,31.73,30.64,21.11,30049.0
2025-03-13,18,26091.0,2.26,6.46,6402.0,13834.0,10565.0,32.62,32.04,23.72,30801.0
2025-03-13,19,26081.0,1.82,6.27,6126.0,13237.0,10415.0,31.07,30.6,23.38,29778.0
2025-03-13,20,25945.0,1.56,6.16,5565.0,11984.0,9878.0,26.46,26.23,21.91,27427.0
2025-03-13,21,25822.0,1.41,6.11,5622.0,12049.0,7798.0,26.84,26.61,15.4,25469.0
2025-03-13,22,25862.0,1.61,6.09,4713.0,10193.0,5178.0,20.4,20.45,8.75,20084.0
2025-03-13,23,26080.0,2.41,6.08,1259.0,9053.0,4564.0,11.53,11.81,7.42,14876.0
2025-03-14,0,21365.0,3.42,6.07,-258.0,8857.0,4533.0,8.44,8.76,7.03,13133.0
2025-03-14,1,19842.0,4.09,6.05,-242.0,8904.0,4166.0,8.53,8.81,6.62,12828.0
2025-03-14,2,19194.0,4.73,6.02,-246.0,8481.0,4115.0,7.97,8.32,6.43,12350.0
2025-03-14,3,18316.0,5.33,6.01,-253.0,8375.0,4077.0,7.9,8.24,6.45,12198.0
2025-03-14,4,16982.0,5.64,6.0,20.0,10690.0,5447.0,11.93,12.12,9.49,16156.0
2025-03-14,5,21197.0,5.56,5.99,4902.0,10856.0,7962.0,21.81,21.64,15.95,23720.0
2025-03-14,6,23455.0,5.06,5.97,5984.0,13041.0,11208.0,29.22,28.89,25.69,30233.0
2025-03-14,7,23255.0,4.22,6.02,6396.0,13890.0,11410.0,32.51,32.5,26.6,31696.0
2025-03-14,8,23881.0,3.45,6.32,6391.0,13831.0,10486.0,32.48,33.22,23.68,30708.0
2025-03-14,9,24407.0,2.82,6.92,6155.0,13337.0,9024.0,30.75,30.76,18.55,28516.0
2025-03-14,10,24596.0,2.56,7.38,5230.0,11339.0,7918.0,23.32,23.78,14.52,24486.0
2025-03-14,11,23763.0,2.64,7.47,4537.0,9837.0,8094.0,18.08,18.46,14.92,22468.0
2025-03-14,12,23885.0,2.69,7.37,4520.0,9769.0,8616.0,17.88,18.37,16.26,22905.0
2025-03-14,13,24629.0,2.82,7.45,4275.0,9254.0,8419.0,16.51,17.49,15.75,21948.0
2025-03-14,14,24755.0,3.0,7.55,4624.0,9931.0,8544.0,18.51,18.78,16.11,23099.0
2025-03-14,15,25075.0,3.1,7.5,4755.0,10250.0,8803.0,19.2,19.28,16.96,23808.0
2025-03-14,16,25212.0,3.12,7.37,6423.0,10436.0,8806.0,23.7,22.7,16.88,25665.0
2025-03-14,17,25594.0,2.87,7.07,9708.0,9679.0,9877.0,30.34,29.03,20.59,29264.0
2025-03-14,18,26042.0,2.38,6.67,9889.0,10242.0,10540.0,32.72,31.73,23.57,30671.0
2025-03-14,19,26240.0,1.96,6.45,9188.0,9446.0,10360.0,29.2,28.75,23.1,28994.0
2025-03-14,20,26160.0,1.68,6.36,9413.0,9679.0,9385.0,30.26,29.68,20.0,28478.0
2025-03-14,21,26166.0,1.51,6.31,8662.0,8885.0,7589.0,26.47,26.14,14.41,25136.0
2025-03-14,22,26419.0,1.89,6.27,3888.0,8818.0,5404.0,15.97,16.23,8.77,18110.0
2025-03-14,23,25308.0,3.01,6.23,-230.0,7221.0,5022.0,7.06,7.51,7.86,12013.0
2025-03-15,0,17613.0,3.76,6.2,-243.0,9373.0,5135.0,9.24,9.52,8.25,14266.0
2025-03-15,1,21092.0,4.19,6.17,-231.0,10281.0,5090.0,10.33,10.62,8.33,15141.0
2025-03-15,2,19958.0,4.76,6.14,-248.0,9834.0,4376.0,9.93,10.27,7.27,13963.0
2025-03-15,3,18151.0,5.23,6.12,-200.0,9306.0,4180.0,9.33,9.63,6.75,13286.0
2025-03-15,4,19439.0,5.66,6.1,3670.0,7192.0,5385.0,12.52,12.63,9.67,16247.0
2025-03-15,5,22634.0,5.66,6.09,4880.0,10721.0,7416.0,21.66,21.63,14.84,23017.0
2025-03-15,6,24049.0,5.5,6.08,5759.0,12502.0,10054.0,27.68,27.39,21.96,28314.0
2025-03-15,7,23184.0,4.8,6.22,6327.0,13665.0,11030.0,31.44,31.6,24.78,31022.0
2025-03-15,8,23754.0,4.01,6.49,6442.0,13768.0,10965.0,32.04,32.04,24.74,31175.0
2025-03-15,9,24198.0,3.33,6.67,6596.0,11600.0,10546.0,27.06,27.14,23.09,28743.0
2025-03-15,10,24665.0,2.96,7.25,11118.0,6164.0,9209.0,25.42,25.24,18.38,26490.0
2025-03-15,11,24713.0,2.93,7.4,9397.0,4960.0,8746.0,18.58,18.64,16.37,23104.0
2025-03-15,12,24724.0,3.07,7.48,8898.0,4870.0,8784.0,17.3,17.65,16.44,22552.0
2025-03-15,13,24542.0,3.23,7.54,8675.0,4755.0,8947.0,16.69,17.37,16.86,22377.0
2025-03-15,14,24423.0,3.38,7.58,8792.0,4833.0,8904.0,17.27,17.34,16.7,22529.0
2025-03-15,15,24350.0,3.49,7.52,8848.0,4880.0,8887.0,17.49,17.26,16.83,22615.0
2025-03-15,16,24120.0,3.54,7.38,9904.0,5465.0,9316.0,20.94,19.75,18.16,24685.0
2025-03-15,17,24265.0,3.23,7.07,11868.0,6632.0,10511.0,28.44,26.69,22.33,29012.0
2025-03-15,18,24884.0,2.58,6.67,12482.0,7011.0,11756.0,31.44,30.09,27.52,31249.0
2025-03-15,19,25362.0,2.0,6.46,11859.0,6607.0,10866.0,29.28,28.35,24.77,29331.0
2025-03-15,20,25724.0,1.71,6.37,11146.0,6187.0,9439.0,26.46,25.71,20.32,26772.0
2025-03-15,21,25942.0,1.66,6.32,10602.0,5850.0,7974.0,24.2,23.56,15.69,24426.0
2025-03-15,22,26225.0,1.95,6.28,10122.0,5601.0,5292.0,22.07,21.63,8.58,21015.0
2025-03-15,23,25504.0,2.63,6.25,7192.0,3826.0,5056.0,12.66,12.69,8.04,16074.0
2025-03-16,0,22012.0,3.5,6.22,4546.0,4804.0,4902.0,9.53,9.76,7.77,14253.0
2025-03-16,1,18238.0,4.01,6.19,4034.0,4634.0,4662.0,8.92,9.12,7.43,13330.0
2025-03-16,2,18212.0,4.47,6.16,4005.0,4472.0,4489.0,8.9,9.12,7.43,12965.0
2025-03-16,3,17959.0,4.94,6.15,4185.0,4278.0,4452.0,8.9,9.13,7.43,12915.0
2025-03-16,4,20031.0,5.34,6.13,6505.0,4845.0,5040.0,13.77,13.68,9.23,16390.0
2025-03-16,5,21575.0,5.41,6.11,9859.0,5533.0,7322.0,22.43,21.87,14.94,22713.0
2025-03-16,6,24150.0,5.17,6.1,11387.0,6410.0,9272.0,27.82,27.13,20.12,27069.0
2025-03-16,7,23170.0,4.65,6.19,11924.0,6694.0,10786.0,29.27,28.85,24.57,29404.0
2025-03-16,8,23724.0,3.99,6.41,12030.0,6780.0,11183.0,29.39,29.06,25.45,29992.0
2025-03-16,9,24300.0,3.37,6.76,11934.0,6715.0,10746.0,29.12,28.75,23.83,29395.0
2025-03-16,10,24780.0,2.9,6.97,11893.0,6673.0,9589.0,29.06,28.47,19.77,28155.0
2025-03-16,11,24988.0,2.63,7.1,11600.0,6490.0,8270.0,27.73,27.26,15.64,26360.0
2025-03-16,12,25345.0,2.51,6.99,11150.0,6218.0,7938.0,26.1,25.95,14.85,25305.0
2025-03-16,13,25392.0,2.48,7.22,10943.0,6108.0,7942.0,25.25,25.45,14.85,24993.0
2025-03-16,14,25442.0,2.49,7.39,10887.0,6070.0,8030.0,24.92,24.97,15.03,24987.0
2025-03-16,15,25313.0,2.46,7.51,11070.0,6174.0,8048.0,25.71,25.04,15.33,25292.0
2025-03-16,16,25283.0,2.41,7.41,11356.0,6338.0,8157.0,26.83,25.85,15.53,25850.0
2025-03-16,17,25354.0,2.17,7.19,12053.0,6719.0,9858.0,29.6,27.89,21.1,28630.0
2025-03-16,18,25332.0,1.7,6.76,11764.0,6566.0,11447.0,28.47,27.05,26.84,29777.0
2025-03-16,19,25464.0,1.33,6.49,11345.0,6307.0,9888.0,27.14,26.29,21.82,27541.0
2025-03-16,20,26377.0,1.19,6.39,10880.0,5997.0,9303.0,25.44,24.82,20.27,26179.0
2025-03-16,21,26649.0,1.31,6.33,9510.0,5134.0,7782.0,20.17,19.82,15.58,22426.0
2025-03-16,22,26970.0,2.0,6.28,6188.0,5243.0,4957.0,13.46,13.62,8.55,16388.0
2025-03-16,23,25761.0,3.15,6.25,4071.0,4580.0,4257.0,9.4,9.6,6.93,12908.0
2025-03-17,0,20896.0,4.15,6.23,4217.0,4636.0,4699.0,8.98,9.19,7.58,13553.0
2025-03-17,1,14650.0,4.61,6.21,559.0,6668.0,4481.0,6.91,7.26,7.35,11708.0
2025-03-17,2,12796.0,4.76,6.18,-222.0,7267.0,3947.0,6.78,7.13,6.63,10992.0
2025-03-17,3,16773.0,5.02,6.16,-192.0,7219.0,3743.0,6.72,7.13,6.16,10770.0
2025-03-17,4,17642.0,5.55,6.15,2390.0,7870.0,4857.0,11.55,11.7,8.63,15117.0
2025-03-17,5,20623.0,5.51,6.12,7267.0,8185.0,7619.0,21.13,20.87,15.37,23071.0
2025-03-17,6,22139.0,5.0,6.11,11165.0,7688.0,10491.0,29.32,28.58,23.45,29343.0
2025-03-17,7,23323.0,4.18,6.21,12387.0,7025.0,11327.0,30.94,30.55,25.77,30739.0
2025-03-17,8,24146.0,3.53,6.46,12290.0,6959.0,10050.0,31.01,30.49,21.88,29299.0
2025-03-17,9,24458.0,3.04,6.82,11837.0,6642.0,9615.0,29.18,29.02,20.15,28094.0
2025-03-17,10,24882.0,2.8,7.16,10667.0,5913.0,8606.0,24.09,24.13,16.35,25187.0
2025-03-17,11,24885.0,2.81,7.31,9605.0,5279.0,8604.0,19.59,19.61,16.34,23488.0
2025-03-17,12,24953.0,2.9,7.44,9425.0,5198.0,8710.0,19.0,19.09,16.34,23333.0
2025-03-17,13,24732.0,3.03,7.57,9324.0,5132.0,8687.0,18.7,19.23,16.34,23142.0
2025-03-17,14,24891.0,3.12,7.68,9800.0,5408.0,8277.0,20.46,20.42,15.34,23484.0
2025-03-17,15,25153.0,3.24,7.61,9691.0,5349.0,7972.0,19.98,19.2,15.07,23012.0
2025-03-17,16,25240.0,3.34,7.31,10364.0,5778.0,8831.0,22.45,21.22,17.02,24972.0
2025-03-17,17,25184.0,3.14,7.02,11821.0,6620.0,10136.0,28.39,26.78,21.24,28576.0
2025-03-17,18,25274.0,2.64,6.66,12457.0,6979.0,10912.0,31.26,29.92,24.64,30348.0
2025-03-17,19,25410.0,2.17,6.47,11635.0,6485.0,10333.0,28.32,27.52,22.74,28453.0
2025-03-17,20,25375.0,1.89,6.38,11291.0,6279.0,9830.0,26.87,26.06,21.33,27400.0
2025-03-17,21,25513.0,1.73,6.33,10969.0,6056.0,7500.0,25.67,24.99,14.41,24525.0
2025-03-17,22,25800.0,2.07,6.28,2875.0,10564.0,5141.0,16.97,17.32,8.41,18580.0
2025-03-17,23,25455.0,3.0,6.24,-214.0,9169.0,4982.0,9.3,9.61,8.05,13937.0
2025-03-18,0,19436.0,3.88,6.21,3690.0,4659.0,5154.0,8.17,8.4,8.23,13502.0
2025-03-18,1,18146.0,4.33,6.16,4238.0,3755.0,4749.0,8.07,8.26,7.56,12742.0
2025-03-18,2,18538.0,4.84,6.12,4432.0,3565.0,4549.0,8.03,8.23,7.42,12547.0
2025-03-18,3,18385.0,5.38,6.08,4572.0,3521.0,4551.0,8.11,8.33,7.33,12644.0
2025-03-18,4,18457.0,5.67,6.07,6538.0,5567.0,5515.0,14.81,14.64,9.86,17620.0
2025-03-18,5,20494.0,5.46,6.04,11044.0,6244.0,7864.0,25.95,25.18,15.85,25152.0
2025-03-18,6,23575.0,4.82,6.03,12561.0,7100.0,10544.0,31.5,30.64,23.27,30206.0
2025-03-18,7,23430.0,4.08,6.13,12468.0,7042.0,11287.0,31.6,30.96,25.7,30798.0
2025-03-18,8,23914.0,3.4,6.32,11972.0,6723.0,10605.0,29.93,29.66,23.74,29300.0
2025-03-18,9,24352.0,2.93,6.5,11573.0,6486.0,9079.0,28.27,27.66,18.33,27138.0
2025-03-18,10,24629.0,2.75,6.66,10499.0,5845.0,8022.0,23.66,24.0,14.95,24367.0
2025-03-18,11,24695.0,2.77,7.19,9937.0,5518.0,8265.0,21.04,21.12,15.42,23720.0
2025-03-18,12,24703.0,2.83,7.42,9741.0,5393.0,8373.0,20.12,20.12,15.64,23507.0
2025-03-18,13,24726.0,2.91,7.36,9597.0,5297.0,8309.0,19.55,19.32,15.43,23203.0
2025-03-18,14,24627.0,3.02,7.53,9501.0,5268.0,8123.0,19.48,19.96,15.03,22892.0
2025-03-18,15,24572.0,3.12,7.48,9826.0,5435.0,8062.0,20.46,19.62,14.95,23323.0
2025-03-18,16,24525.0,3.08,7.43,11117.0,6213.0,8954.0,25.26,24.47,17.77,26283.0
2025-03-18,17,24725.0,2.71,7.23,12302.0,6892.0,10243.0,30.16,28.37,22.18,29437.0
2025-03-18,18,25325.0,2.13,6.78,12539.0,7048.0,10991.0,31.63,30.05,24.77,30577.0
2025-03-18,19,25821.0,1.64,6.48,12230.0,6849.0,10486.0,30.69,29.57,23.44,29565.0
2025-03-18,20,25788.0,1.27,6.35,11886.0,6632.0,9898.0,29.23,28.41,21.41,28415.0
2025-03-18,21,25697.0,1.11,6.27,8725.0,7794.0,8096.0,23.98,23.6,15.74,24615.0
2025-03-18,22,26173.0,1.49,6.2,6122.0,6660.0,5511.0,15.95,16.12,8.93,18293.0
2025-03-18,23,24350.0,2.52,6.15,659.0,6669.0,4830.0,7.57,7.98,7.51,12158.0
2025-03-19,0,17451.0,3.29,6.16,-211.0,7480.0,5006.0,6.85,7.22,7.82,12276.0
2025-03-19,1,17914.0,3.81,6.15,-193.0,7388.0,4980.0,6.95,7.28,7.92,12175.0
2025-03-19,2,17594.0,4.34,6.11,-180.0,7083.0,4737.0,6.78,7.08,7.83,11639.0
2025-03-19,3,20489.0,5.0,6.06,-195.0,7511.0,4636.0,7.0,7.28,7.37,11952.0
2025-03-19,4,18656.0,5.6,6.0,4440.0,5010.0,6161.0,10.43,10.37,11.13,15610.0
2025-03-19,5,21014.0,5.56,5.95,9462.0,6228.0,7591.0,22.03,21.41,14.99,23281.0
2025-03-19,6,23460.0,5.07,5.91,12505.0,7060.0,10986.0,31.09,30.07,24.53,30551.0
2025-03-19,7,23302.0,4.26,5.97,12542.0,7079.0,11239.0,31.53,31.0,25.49,30859.0
2025-03-19,8,23726.0,3.57,6.15,12227.0,6869.0,10345.0,30.55,30.05,22.72,29440.0
2025-03-19,9,24226.0,3.01,6.32,12131.0,6807.0,9377.0,30.42,29.74,19.32,28315.0
2025-03-19,10,24620.0,2.71,6.65,11492.0,6410.0,7989.0,27.7,27.29,14.8,25891.0
2025-03-19,11,24623.0,2.68,6.81,9857.0,5464.0,7711.0,20.88,21.05,13.87,23032.0
2025-03-19,12,24607.0,2.79,6.93,9582.0,5286.0,8168.0,19.62,19.88,14.93,23035.0
2025-03-19,13,24602.0,2.9,7.06,9519.0,5258.0,8279.0,19.49,19.84,15.34,23056.0
2025-03-19,14,24578.0,3.0,7.21,9515.0,5246.0,8187.0,19.56,19.79,15.35,22948.0
2025-03-19,15,24565.0,3.14,7.33,9088.0,4993.0,8263.0,18.23,18.18,15.35,22343.0
2025-03-19,16,24439.0,3.19,7.18,10418.0,5801.0,8861.0,22.61,21.2,16.94,25080.0
2025-03-19,17,24650.0,2.88,6.88,12077.0,6767.0,10277.0,29.42,28.07,22.0,29121.0
2025-03-19,18,25023.0,2.32,6.62,12478.0,6992.0,10982.0,31.47,30.02,24.72,30453.0
2025-03-19,19,25329.0,1.81,6.39,12307.0,6873.0,10220.0,31.08,29.94,22.54,29400.0
2025-03-19,20,25831.0,1.47,6.24,11624.0,6447.0,9572.0,28.39,27.53,20.44,27643.0
2025-03-19,21,25891.0,1.38,6.14,11025.0,6075.0,7761.0,25.88,25.06,14.51,24860.0
2025-03-19,22,25732.0,1.61,6.05,9611.0,5228.0,5497.0,20.5,20.11,8.79,20336.0
2025-03-19,23,25515.0,2.36,5.98,6215.0,3910.0,4961.0,11.63,11.61,7.86,15085.0
2025-03-20,0,20453.0,3.22,5.92,4233.0,4828.0,4998.0,9.03,9.2,7.78,14059.0
2025-03-20,1,18703.0,3.7,5.86,3953.0,4510.0,4690.0,8.49,8.62,7.43,13154.0
2025-03-20,2,18439.0,4.19,5.8,4077.0,4381.0,4581.0,8.48,8.63,7.42,13039.0
2025-03-20,3,18176.0,4.69,5.74,4230.0,4040.0,4384.0,8.5,8.65,7.33,12654.0
2025-03-20,4,20468.0,5.14,5.69,5317.0,5364.0,5164.0,12.08,12.02,9.0,15845.0
2025-03-20,5,22778.0,5.37,5.66,9816.0,5493.0,7708.0,21.39,20.75,15.06,23016.0
2025-03-20,6,23869.0,5.01,5.62,12234.0,6916.0,10331.0,30.09,29.19,22.5,29481.0
2025-03-20,7,23128.0,4.29,5.66,12459.0,7022.0,10979.0,31.11,30.47,24.37,30460.0
2025-03-20,8,23713.0,3.64,5.8,11838.0,6636.0,10302.0,29.07,28.82,22.67,28775.0
2025-03-20,9,24074.0,3.16,6.1,11813.0,6637.0,9450.0,28.99,28.57,19.69,27900.0
2025-03-20,10,24650.0,2.83,6.38,12235.0,6887.0,7506.0,30.58,30.06,13.79,26628.0
2025-03-20,11,24783.0,2.72,6.46,10626.0,5923.0,7332.0,23.79,23.71,12.87,23881.0
2025-03-20,12,24687.0,2.85,6.68,9345.0,5140.0,7870.0,19.08,19.25,14.11,22354.0
2025-03-20,13,24662.0,3.02,6.8,9309.0,5143.0,7990.0,18.82,19.58,14.55,22442.0
2025-03-20,14,24581.0,3.14,7.06,9647.0,5354.0,8189.0,19.95,20.07,15.15,23190.0
2025-03-20,15,24462.0,3.2,7.18,9847.0,5462.0,8240.0,20.59,20.08,15.14,23549.0
2025-03-20,16,25024.0,3.18,6.98,11279.0,6306.0,8594.0,26.04,24.57,16.26,26179.0
2025-03-20,17,25252.0,2.86,6.64,12509.0,7031.0,10012.0,31.25,29.69,21.23,29552.0
2025-03-20,18,25616.0,2.34,6.33,12448.0,6978.0,10895.0,31.44,30.04,24.67,30322.0
2025-03-20,19,25843.0,1.92,6.12,11963.0,6677.0,9829.0,29.88,28.84,21.43,28469.0
2025-03-20,20,25735.0,1.65,5.95,11682.0,6500.0,9648.0,28.57,27.64,20.56,27830.0
2025-03-20,21,25862.0,1.48,5.85,11479.0,6354.0,7924.0,27.74,26.95,15.35,25757.0
2025-03-20,22,26050.0,1.7,5.82,9698.0,5261.0,5056.0,20.7,20.37,8.37,20015.0
2025-03-20,23,24884.0,2.52,5.78,3544.0,5534.0,4700.0,10.16,10.45,7.45,13777.0
2025-03-21,0,21042.0,3.48,5.74,-204.0,7394.0,5200.0,6.84,7.12,8.22,12390.0
2025-03-21,1,17294.0,4.14,5.7,-200.0,7016.0,4730.0,6.52,6.84,7.5,11546.0
2025-03-21,2,16953.0,4.58,5.66,-163.0,7215.0,4667.0,6.83,7.13,7.52,11719.0
2025-03-21,3,18937.0,5.19,5.6,-163.0,7196.0,4678.0,6.81,7.13,7.52,11712.0
2025-03-21,4,17676.0,5.64,5.57,3264.0,7348.0,5425.0,12.19,12.25,9.45,16037.0
2025-03-21,5,21053.0,5.5,5.54,8449.0,7764.0,8114.0,23.19,22.56,16.76,24327.0
2025-03-21,6,23063.0,4.93,5.5,12157.0,6829.0,10843.0,30.13,29.22,24.44,29829.0
2025-03-21,7,23384.0,4.18,5.53,12230.0,6868.0,11262.0,30.62,30.04,25.82,30360.0
2025-03-21,8,23855.0,3.56,5.71,12101.0,6810.0,10016.0,30.52,30.04,21.82,28927.0
2025-03-21,9,24242.0,3.06,5.84,12059.0,6769.0,9291.0,30.29,29.72,19.46,28119.0
2025-03-21,10,24723.0,2.77,6.05,11165.0,6187.0,8035.0,26.22,26.13,15.14,25387.0
2025-03-21,11,24608.0,2.81,6.28,9607.0,5267.0,7678.0,19.83,20.04,13.87,22552.0
2025-03-21,12,25120.0,2.97,6.66,9319.0,5125.0,8113.0,18.78,19.09,14.76,22557.0
2025-03-21,13,25357.0,3.22,6.86,8778.0,4823.0,8132.0,16.98,17.65,14.86,21733.0
2025-03-21,14,25127.0,3.51,7.0,8930.0,4895.0,8068.0,17.48,17.59,14.86,21893.0
2025-03-21,15,24482.0,3.7,6.87,9451.0,5214.0,8370.0,19.11,17.79,15.61,23035.0
2025-03-21,16,24379.0,3.68,6.59,10477.0,5838.0,9297.0,22.83,22.38,18.21,25613.0
2025-03-21,17,24166.0,3.34,6.63,11975.0,6669.0,10239.0,28.9,27.59,21.75,28883.0
2025-03-21,18,24651.0,2.76,6.38,12401.0,6924.0,10952.0,31.15,29.75,24.9,30277.0
2025-03-21,19,25197.0,2.24,6.14,12228.0,6799.0,10137.0,30.93,29.87,22.4,29164.0
2025-03-21,20,25443.0,1.88,6.0,11658.0,6474.0,9654.0,28.66,27.76,20.7,27787.0
2025-03-21,21,25442.0,1.74,5.9,10678.0,5819.0,7725.0,24.78,24.08,15.26,24223.0
2025-03-21,22,25656.0,2.1,5.83,8051.0,4833.0,5304.0,16.74,16.64,8.56,18188.0
2025-03-21,23,17190.0,2.63,5.82,-65.0,9157.0,6208.0,10.13,10.23,10.83,15301.0
2025-03-22,0,15577.0,2.69,5.86,-153.0,9145.0,5829.0,8.95,9.21,9.7,14821.0
2025-03-22,1,17904.0,2.99,5.86,-131.0,7386.0,4462.0,6.75,7.08,7.0,11717.0
2025-03-22,2,22198.0,3.85,5.82,-113.0,7028.0,4403.0,6.6,6.9,7.03,11318.0
2025-03-22,3,21455.0,4.9,5.77,-125.0,7052.0,4452.0,6.61,6.94,6.95,11380.0
2025-03-22,4,18232.0,5.62,5.75,2631.0,6833.0,5255.0,10.17,10.4,8.93,14718.0
2025-03-22,5,20510.0,5.59,5.74,9276.0,5300.0,7282.0,19.89,19.49,14.08,21858.0
2025-03-22,6,23658.0,5.34,5.72,11198.0,6256.0,9926.0,26.45,25.65,21.5,27380.0
2025-03-22,7,23015.0,4.75,5.85,11972.0,6707.0,10808.0,29.36,29.05,23.9,29487.0
2025-03-22,8,23414.0,4.09,6.14,11924.0,6669.0,10998.0,29.13,29.03,24.77,29591.0
2025-03-22,9,23999.0,3.45,6.58,12186.0,6805.0,10390.0,30.0,29.49,22.12,29380.0
2025-03-22,10,24755.0,3.01,6.98,11552.0,6449.0,8931.0,27.13,27.0,17.02,26932.0
2025-03-22,11,24816.0,2.94,7.2,9641.0,5320.0,8875.0,19.49,19.63,16.61,23836.0
2025-03-22,12,24804.0,3.01,7.37,9123.0,4991.0,8980.0,17.79,18.17,17.06,23093.0
2025-03-22,13,24724.0,3.14,7.53,9271.0,5099.0,8904.0,18.4,19.3,16.86,23274.0
2025-03-22,14,24654.0,3.23,7.71,9342.0,5150.0,8389.0,18.7,18.92,15.67,22880.0
2025-03-22,15,24915.0,3.41,7.74,9047.0,4984.0,8379.0,17.82,17.61,15.57,22411.0
2025-03-22,16,24616.0,3.5,7.68,10086.0,5599.0,9432.0,21.45,20.65,18.59,25117.0
2025-03-22,17,24868.0,3.21,7.41,11624.0,6466.0,10613.0,27.49,25.82,22.72,28703.0
2025-03-22,18,25299.0,2.73,6.97,12212.0,6809.0,11059.0,30.23,28.72,24.76,30080.0
2025-03-22,19,25114.0,2.27,6.64,11415.0,6307.0,10556.0,27.45,26.52,23.36,28278.0
2025-03-22,20,25875.0,2.06,6.44,10589.0,5810.0,10029.0,24.21,23.42,21.89,26428.0
2025-03-22,21,26132.0,2.08,6.29,10138.0,5511.0,7975.0,22.46,21.78,15.38,23623.0
2025-03-22,22,26362.0,2.5,6.17,8761.0,5109.0,5223.0,18.05,17.84,8.54,19094.0
2025-03-22,23,25076.0,3.41,6.06,3396.0,5427.0,4957.0,9.0,9.22,7.78,13779.0
2025-03-23,0,17010.0,4.03,6.03,-151.0,9135.0,4967.0,8.77,8.99,7.94,13951.0
2025-03-23,1,17775.0,4.39,5.98,-141.0,9066.0,4538.0,8.86,9.12,7.44,13463.0
2025-03-23,2,19723.0,4.91,5.94,-141.0,8875.0,4260.0,8.64,8.94,6.97,12994.0
2025-03-23,3,15515.0,5.39,5.91,-149.0,8632.0,4187.0,8.49,8.82,6.93,12670.0
2025-03-23,4,19630.0,5.63,5.9,5121.0,6290.0,5069.0,13.8,13.79,9.36,16480.0
2025-03-23,5,20925.0,5.67,5.89,9940.0,5586.0,7260.0,22.68,22.11,14.79,22786.0
2025-03-23,6,23716.0,5.36,5.88,11215.0,6250.0,9310.0,27.13,26.44,20.27,26774.0
2025-03-23,7,24120.0,4.97,6.01,11602.0,6475.0,10465.0,28.18,27.94,23.26,28542.0
2025-03-23,8,24233.0,4.44,6.4,11889.0,6622.0,10916.0,29.14,29.3,24.75,29426.0
2025-03-23,9,23848.0,3.85,7.02,12011.0,6690.0,10594.0,29.44,29.02,23.09,29295.0
2025-03-23,10,24342.0,3.37,7.51,11879.0,6642.0,9038.0,28.92,28.67,17.86,27559.0
2025-03-23,11,24738.0,3.09,7.76,11560.0,6461.0,8384.0,27.61,27.27,15.95,26404.0
2025-03-23,12,24897.0,2.95,7.92,10855.0,6026.0,7919.0,24.79,25.02,14.76,24800.0
2025-03-23,13,24829.0,2.97,8.09,10571.0,5852.0,7676.0,23.91,24.54,14.11,24099.0
2025-03-23,14,24938.0,2.98,8.15,10633.0,5902.0,7625.0,23.98,23.49,14.04,24160.0
2025-03-23,15,25024.0,3.03,7.97,10523.0,5820.0,7759.0,23.64,23.04,14.29,24102.0
2025-03-23,16,24884.0,3.0,7.8,11178.0,6219.0,8535.0,26.02,24.83,16.38,25932.0
2025-03-23,17,26077.0,2.79,7.48,12015.0,6680.0,9904.0,29.36,27.67,20.95,28599.0
2025-03-23,18,25499.0,2.38,7.05,11931.0,6606.0,11274.0,29.12,27.77,26.0,29811.0
2025-03-23,19,25526.0,1.95,6.77,11590.0,6435.0,10777.0,28.19,27.16,24.86,28802.0
2025-03-23,20,25619.0,1.71,6.61,10826.0,5927.0,9648.0,25.12,24.33,21.38,26401.0
2025-03-23,21,25845.0,1.76,6.49,9201.0,4915.0,8002.0,19.25,18.9,16.13,22118.0
2025-03-23,22,26013.0,2.36,6.42,7685.0,4065.0,5331.0,14.16,14.02,9.03,17081.0
2025-03-23,23,24443.0,3.34,6.34,5168.0,3870.0,4572.0,9.81,9.92,7.63,13610.0
2025-03-24,0,16294.0,3.99,6.33,4218.0,4222.0,4405.0,8.33,8.54,6.85,12845.0
2025-03-24,1,15363.0,4.28,6.3,4303.0,3756.0,4298.0,7.95,8.13,6.9,12358.0
2025-03-24,2,14979.0,4.56,6.27,4423.0,3564.0,3873.0,7.92,8.12,6.43,11860.0
2025-03-24,3,15367.0,4.85,6.21,4487.0,3493.0,3895.0,7.99,8.15,6.45,11875.0
2025-03-24,4,19332.0,5.17,6.17,5324.0,5009.0,4830.0,11.51,11.5,8.51,15163.0
2025-03-24,5,20867.0,5.32,6.13,9939.0,5525.0,7682.0,21.63,21.01,15.33,23146.0
2025-03-24,6,23425.0,4.85,6.13,11996.0,6714.0,10473.0,28.82,28.03,23.05,29183.0
2025-03-24,7,23354.0,4.13,6.25,12574.0,7031.0,11088.0,31.2,30.72,24.9,30693.0
2025-03-24,8,23826.0,3.45,6.55,12161.0,6799.0,10544.0,30.18,30.15,23.19,29504.0
2025-03-24,9,24260.0,2.95,7.08,11452.0,6374.0,9967.0,27.38,27.05,21.13,27794.0
2025-03-24,10,24474.0,2.65,7.45,10829.0,5999.0,8666.0,24.7,24.46,16.73,25494.0
2025-03-24,11,24466.0,2.64,7.53,10096.0,5534.0,8080.0,21.16,21.06,14.69,23711.0
2025-03-24,12,24554.0,2.67,7.52,9932.0,5456.0,8196.0,20.65,20.8,14.87,23584.0
2025-03-24,13,24408.0,2.78,7.53,9235.0,5029.0,8282.0,18.21,18.57,15.04,22546.0
2025-03-24,14,24427.0,2.92,7.55,9317.0,5097.0,8118.0,18.66,18.58,15.05,22531.0
2025-03-24,15,24336.0,3.03,7.53,9476.0,5176.0,8243.0,19.07,18.73,15.17,22894.0
2025-03-24,16,24318.0,3.08,7.44,10240.0,5664.0,8636.0,21.92,20.85,16.24,24540.0
2025-03-24,17,24448.0,2.79,7.17,11937.0,6621.0,10730.0,28.56,26.9,23.22,29288.0
2025-03-24,18,24865.0,2.19,6.8,12134.0,6739.0,11778.0,29.87,28.58,27.58,30650.0
2025-03-24,19,25019.0,1.65,6.61,11649.0,6433.0,10675.0,28.3,27.43,24.08,28758.0
2025-03-24,20,25057.0,1.35,6.52,10995.0,6031.0,9791.0,25.48,24.79,20.8,26817.0
2025-03-24,21,25031.0,1.23,6.47,10477.0,5733.0,8323.0,23.52,22.92,16.4,24533.0
2025-03-24,22,25657.0,1.5,6.43,8570.0,5109.0,5205.0,18.18,18.04,8.7,18883.0
2025-03-24,23,25464.0,2.5,6.4,1498.0,5234.0,4992.0,7.14,7.48,7.87,11724.0
2025-03-25,0,21914.0,3.67,6.37,-144.0,7581.0,5079.0,6.98,7.32,7.93,12516.0
2025-03-25,1,14890.0,4.21,6.35,-128.0,7299.0,4600.0,6.73,7.11,7.26,11771.0
2025-03-25,2,16306.0,4.59,6.33,-116.0,7281.0,4365.0,6.75,7.12,6.93,11530.0
2025-03-25,3,17881.0,5.06,6.32,-129.0,7772.0,4350.0,7.2,7.55,7.01,11993.0
2025-03-25,4,18742.0,5.52,6.29,1385.0,8831.0,5549.0,11.11,11.24,9.81,15765.0
2025-03-25,5,20744.0,5.55,6.27,7072.0,7877.0,7892.0,20.04,19.84,15.73,22841.0
2025-03-25,6,22674.0,5.06,6.25,11674.0,6764.0,10814.0,28.64,27.76,24.41,29253.0
2025-03-25,7,24033.0,4.33,6.35,12455.0,6984.0,11286.0,31.27,30.75,25.9,30725.0
2025-03-25,8,23767.0,3.7,6.53,11677.0,6474.0,10880.0,28.37,28.1,24.53,29031.0
2025-03-25,9,24087.0,3.2,6.88,11762.0,6561.0,9736.0,28.88,28.65,20.63,28059.0
2025-03-25,10,24759.0,2.91,7.2,11201.0,6186.0,8737.0,26.07,25.75,17.03,26124.0
2025-03-25,11,24812.0,2.85,7.32,9968.0,5468.0,8213.0,20.94,20.91,15.22,23649.0
2025-03-25,12,24807.0,2.95,7.38,9711.0,5314.0,8109.0,19.95,20.08,14.85,23133.0
2025-03-25,13,24803.0,3.1,7.5,9396.0,5118.0,8133.0,19.02,19.51,14.85,22646.0
2025-03-25,14,24571.0,3.29,7.58,8951.0,4870.0,8184.0,17.48,17.55,15.14,22005.0
2025-03-25,15,24726.0,3.47,7.59,9197.0,5009.0,8417.0,18.2,17.98,15.72,22622.0
2025-03-25,16,24863.0,3.53,7.49,10471.0,5758.0,9155.0,22.88,21.72,17.96,25384.0
2025-03-25,17,24911.0,3.2,7.22,12335.0,6840.0,10583.0,30.16,28.52,22.77,29757.0
2025-03-25,18,25343.0,2.64,6.85,12642.0,7062.0,10964.0,32.15,30.75,24.76,30667.0
2025-03-25,19,25538.0,2.14,6.65,12330.0,6866.0,10162.0,31.11,30.08,22.24,29358.0
2025-03-25,20,25456.0,1.74,6.57,12159.0,6720.0,9890.0,30.28,29.37,21.43,28769.0
2025-03-25,21,25598.0,1.54,6.51,10549.0,5706.0,8399.0,24.09,23.51,16.89,24654.0
2025-03-25,22,26147.0,1.87,6.46,8864.0,4684.0,5547.0,17.95,17.83,9.23,19096.0
2025-03-25,23,24787.0,2.77,6.42,4646.0,4343.0,5022.0,9.8,10.02,8.01,14011.0
2025-03-26,0,19670.0,3.62,6.39,1930.0,5595.0,5335.0,7.23,7.51,8.23,12860.0
2025-03-26,1,17776.0,4.14,6.38,-156.0,7902.0,4766.0,7.37,7.72,7.5,12512.0
2025-03-26,2,18011.0,4.67,6.36,-134.0,7662.0,4453.0,7.16,7.53,7.13,11981.0
2025-03-26,3,17388.0,5.2,6.36,-130.0,7679.0,4468.0,7.19,7.64,7.14,12017.0
2025-03-26,4,19659.0,5.61,6.38,5538.0,6204.0,5273.0,13.9,13.92,9.14,17015.0
2025-03-26,5,21264.0,5.51,6.38,10838.0,6039.0,7838.0,24.97,24.32,15.74,24715.0
2025-03-26,6,22746.0,5.0,6.39,11905.0,6648.0,10307.0,28.75,28.03,22.46,28860.0
2025-03-26,7,23148.0,4.24,6.42,12519.0,7006.0,11059.0,31.7,31.03,24.75,30585.0
2025-03-26,8,23920.0,3.56,6.6,12391.0,6921.0,10653.0,31.23,31.05,23.77,29965.0
2025-03-26,9,24310.0,2.98,6.89,12369.0,6888.0,9466.0,30.99,30.28,19.67,28722.0
2025-03-26,10,24904.0,2.65,6.99,11296.0,6278.0,8221.0,26.28,26.23,15.45,25795.0
2025-03-26,11,24966.0,2.62,7.15,6328.0,9936.0,8287.0,22.13,22.34,15.26,24551.0
2025-03-26,12,25145.0,2.7,7.29,4695.0,9858.0,8314.0,18.23,18.6,15.55,22867.0
2025-03-26,13,24946.0,2.92,7.39,4548.0,9583.0,8233.0,17.3,18.04,15.32,22364.0
2025-03-26,14,24854.0,3.08,7.47,4783.0,10103.0,8572.0,18.97,19.19,16.13,23458.0
2025-03-26,15,24557.0,3.17,7.45,4831.0,10192.0,8390.0,19.26,19.1,15.65,23413.0
2025-03-26,16,24654.0,3.22,7.29,5075.0,10724.0,9058.0,20.93,20.19,17.59,24857.0
2025-03-26,17,24891.0,2.95,7.07,5978.0,12585.0,10637.0,27.42,26.68,22.96,29199.0
2025-03-26,18,25360.0,2.43,6.76,6368.0,13066.0,11290.0,30.0,29.24,25.74,30725.0
2025-03-26,19,25569.0,1.89,6.56,9819.0,10076.0,10134.0,32.32,31.61,22.45,30029.0
2025-03-26,20,25512.0,1.49,6.47,9152.0,9388.0,9659.0,28.7,28.25,20.59,28199.0
2025-03-26,21,25305.0,1.35,6.42,8305.0,8449.0,7615.0,24.24,23.92,14.27,24368.0
2025-03-26,22,25455.0,1.66,6.38,5562.0,7775.0,5172.0,16.8,16.97,8.28,18508.0
2025-03-26,23,24869.0,2.52,6.36,-155.0,9218.0,5262.0,9.31,9.67,8.44,14325.0
2025-03-27,0,18492.0,3.29,6.35,-135.0,9513.0,4895.0,9.07,9.44,7.53,14273.0
2025-03-27,1,18538.0,3.69,6.37,-117.0,7839.0,4756.0,7.2,7.69,7.48,12478.0
2025-03-27,2,19965.0,4.34,6.38,-115.0,7180.0,4779.0,6.6,7.04,7.53,11844.0
2025-03-27,3,17611.0,5.11,6.39,-124.0,7743.0,4480.0,7.28,7.69,7.11,12098.0
2025-03-27,4,19716.0,5.38,6.37,1780.0,10199.0,5477.0,14.27,14.3,9.71,17456.0
2025-03-27,5,21574.0,5.31,6.33,5449.0,11639.0,7996.0,24.43,24.3,16.36,25084.0
2025-03-27,6,24088.0,4.8,6.32,8468.0,11309.0,10496.0,31.23,30.78,23.21,30273.0
2025-03-27,7,23293.0,4.05,6.38,9752.0,10095.0,10957.0,31.98,31.72,24.57,30803.0
2025-03-27,8,23833.0,3.34,6.59,9530.0,9843.0,10592.0,30.94,31.04,23.28,29965.0
2025-03-27,9,24331.0,2.76,6.92,9583.0,9898.0,9621.0,31.23,30.98,20.33,29102.0
2025-03-27,10,24864.0,2.45,7.07,8860.0,9114.0,7687.0,27.07,27.36,13.87,25661.0
2025-03-27,11,24804.0,2.39,7.32,8526.0,8755.0,7609.0,24.86,24.66,13.7,24890.0
2025-03-27,12,24889.0,2.37,7.45,7801.0,7992.0,8320.0,21.07,21.45,15.48,24112.0
2025-03-27,13,25049.0,2.45,7.52,7499.0,7622.0,8352.0,19.7,20.08,15.54,23473.0
2025-03-27,14,25318.0,2.57,7.56,7538.0,7673.0,8361.0,19.81,20.07,15.54,23571.0
2025-03-27,15,25638.0,2.72,7.56,7502.0,7633.0,8374.0,19.82,19.67,15.55,23509.0
2025-03-27,16,25579.0,2.83,7.43,8148.0,8359.0,8858.0,22.99,22.13,17.07,25365.0
2025-03-27,17,25466.0,2.61,7.18,9427.0,9744.0,10314.0,29.64,28.43,22.07,29485.0
2025-03-27,18,25861.0,2.04,6.85,9963.0,10330.0,11015.0,32.94,31.92,24.93,31308.0
2025-03-27,19,26186.0,1.56,6.66,9335.0,9632.0,10315.0,29.98,29.39,22.82,29282.0
2025-03-27,20,26321.0,1.3,6.57,8753.0,8970.0,10192.0,26.74,26.28,22.07,27915.0
2025-03-27,21,26134.0,1.23,6.51,8092.0,8227.0,8236.0,23.51,23.16,16.05,24555.0
2025-03-27,22,26571.0,1.63,6.46,6745.0,6774.0,5447.0,17.32,17.22,8.69,18967.0
2025-03-27,23,25949.0,2.54,6.4,3326.0,6856.0,5127.0,11.12,11.32,8.15,15309.0
2025-03-28,0,22820.0,3.47,6.37,396.0,8374.0,5177.0,8.49,8.83,8.28,13947.0
2025-03-28,1,19654.0,4.16,6.36,-133.0,8445.0,4757.0,7.96,8.31,7.65,13069.0
2025-03-28,2,19081.0,4.77,6.36,-114.0,8431.0,4568.0,7.97,8.34,7.16,12885.0
2025-03-28,3,16537.0,5.26,6.33,-124.0,8231.0,4605.0,7.72,8.1,7.22,12712.0
2025-03-28,4,19762.0,5.54,6.34,1032.0,10892.0,5536.0,14.04,14.02,9.91,17459.0
2025-03-28,5,22260.0,5.52,6.32,5443.0,11670.0,7975.0,24.53,24.38,16.09,25089.0
2025-03-28,6,23740.0,4.98,6.31,8083.0,11790.0,10591.0,31.45,31.09,23.18,30464.0
2025-03-28,7,23223.0,4.2,6.37,9954.0,10280.0,11274.0,33.1,32.82,25.75,31508.0
2025-03-28,8,23770.0,3.39,6.61,9892.0,10220.0,10768.0,33.01,33.03,24.37,30880.0
2025-03-28,9,24249.0,2.75,7.06,9733.0,10031.0,9476.0,32.39,32.24,19.9,29241.0
2025-03-28,10,24774.0,2.41,7.53,8475.0,9126.0,7758.0,26.24,26.5,14.12,25358.0
2025-03-28,11,24657.0,2.45,7.86,4888.0,10352.0,7869.0,19.85,20.18,14.07,23110.0
2025-03-28,12,24875.0,2.5,7.9,4561.0,9541.0,8233.0,17.62,18.31,14.86,22335.0
2025-03-28,13,24875.0,2.5,7.9,4561.0,9541.0,8233.0,17.62,18.31,14.86,22335.0
2025-03-28,14,24668.0,2.95,7.95,4598.0,9742.0,7997.0,17.96,18.54,14.85,22336.0
2025-03-28,15,25334.0,3.2,8.01,4512.0,9609.0,8012.0,17.63,17.84,14.85,22133.0
2025-03-28,16,23920.0,3.41,7.93,4787.0,10194.0,8497.0,19.33,18.57,16.04,23478.0
2025-03-28,17,23178.0,3.15,7.58,5625.0,11937.0,9978.0,25.33,24.09,21.09,27540.0
2025-03-28,18,23562.0,2.6,7.05,5783.0,12155.0,10989.0,26.64,25.75,24.83,28927.0
2025-03-28,19,24887.0,2.16,6.71,5430.0,11385.0,10472.0,24.68,24.32,23.53,27287.0
2025-03-28,20,25304.0,2.02,6.53,5146.0,10870.0,9772.0,22.82,22.57,21.0,25788.0
2025-03-28,21,25385.0,1.98,6.44,5076.0,10744.0,8791.0,22.49,22.31,18.2,24611.0
2025-03-28,22,25824.0,2.2,6.42,4648.0,9774.0,6144.0,19.68,19.66,11.57,20566.0
2025-03-28,23,25168.0,2.95,6.41,1330.0,8764.0,4706.0,11.13,11.46,7.48,14800.0
2025-03-29,0,19727.0,3.88,6.37,-172.0,7904.0,4872.0,7.33,7.63,7.54,12603.0
2025-03-29,1,16691.0,4.35,6.35,-149.0,7747.0,4657.0,7.31,7.63,7.42,12256.0
2025-03-29,2,16187.0,4.76,6.33,-156.0,7478.0,4528.0,7.28,7.62,7.42,11850.0
2025-03-29,3,16635.0,5.12,6.3,-160.0,7644.0,4622.0,7.32,7.65,7.42,12105.0
2025-03-29,4,19215.0,5.54,6.28,1015.0,9508.0,5353.0,11.86,11.95,9.27,15876.0
2025-03-29,5,20142.0,5.6,6.25,5831.0,7641.0,7936.0,17.59,17.46,16.0,21408.0
2025-03-29,6,21934.0,5.29,6.23,8246.0,8591.0,10110.0,24.88,24.58,22.3,26947.0
2025-03-29,7,22645.0,4.56,6.38,9468.0,9833.0,10885.0,30.63,30.58,24.2,30186.0
2025-03-29,8,23481.0,3.86,6.67,8823.0,9120.0,11080.0,27.22,27.45,24.85,29024.0
2025-03-29,9,24069.0,3.35,7.03,8780.0,9073.0,10540.0,26.9,26.79,22.9,28392.0
2025-03-29,10,24524.0,2.97,7.26,8590.0,8897.0,9607.0,25.41,25.44,19.39,27095.0
2025-03-29,11,24729.0,2.77,7.56,6817.0,9949.0,8927.0,22.87,23.08,16.96,25693.0
2025-03-29,12,24931.0,2.63,7.6,5362.0,11440.0,9008.0,22.88,23.27,17.32,25810.0
2025-03-29,13,26357.0,2.64,7.65,5033.0,10776.0,8691.0,20.64,21.54,16.29,24500.0
2025-03-29,14,26368.0,2.8,7.8,5007.0,10723.0,8547.0,20.59,20.88,15.85,24278.0
2025-03-29,15,25351.0,2.95,7.76,4916.0,10546.0,8484.0,20.0,19.83,15.84,23946.0
2025-03-29,16,24540.0,2.93,7.58,5177.0,11026.0,9038.0,21.68,21.03,17.5,25242.0
2025-03-29,17,24551.0,2.71,7.29,7724.0,8840.0,11130.0,23.12,22.14,24.71,27694.0
2025-03-29,18,24942.0,2.3,6.92,8356.0,8603.0,12002.0,24.55,23.75,28.59,28960.0
2025-03-29,19,25378.0,1.96,6.69,7910.0,8073.0,11070.0,22.76,22.37,25.31,27053.0
2025-03-29,20,25380.0,1.77,6.59,7863.0,7995.0,10314.0,22.74,22.43,23.04,26173.0
2025-03-29,21,25597.0,1.79,6.52,4982.0,9576.0,8544.0,19.7,19.61,17.22,23102.0
2025-03-29,22,26240.0,2.25,6.48,3777.0,8579.0,5799.0,15.35,15.41,9.61,18155.0
2025-03-29,23,25798.0,3.08,6.45,-157.0,12099.0,5202.0,12.62,12.85,8.34,17144.0
2025-03-30,0,21775.0,3.84,6.42,-160.0,10592.0,5489.0,10.34,10.62,8.78,15921.0
2025-03-30,1,18231.0,4.2,6.4,-150.0,9234.0,5133.0,8.92,9.26,8.42,14217.0
2025-03-30,2,18468.0,4.63,6.38,-143.0,8310.0,4978.0,8.11,8.47,8.41,13145.0
2025-03-30,3,17552.0,5.09,6.39,-143.0,7729.0,4990.0,7.59,8.01,8.41,12575.0
2025-03-30,4,18917.0,5.53,6.38,-155.0,9829.0,5865.0,10.82,10.97,10.67,15539.0
2025-03-30,5,21808.0,5.56,6.36,3199.0,12571.0,7330.0,22.05,21.94,15.38,23099.0
2025-03-30,6,23824.0,5.28,6.33,5633.0,12098.0,9835.0,26.89,26.74,22.07,27567.0
2025-03-30,7,23874.0,4.83,6.37,5791.0,12372.0,10561.0,27.54,27.56,24.19,28725.0
2025-03-30,8,23658.0,4.28,6.44,5858.0,12445.0,11060.0,27.76,27.73,25.52,29363.0
2025-03-30,9,23885.0,3.69,6.54,5845.0,12446.0,10773.0,27.62,27.85,24.53,29063.0
2025-03-30,10,24325.0,3.25,6.99,5828.0,12449.0,9132.0,27.52,27.88,18.61,27410.0
2025-03-30,11,24620.0,2.99,7.2,5806.0,12356.0,8089.0,27.06,27.33,15.51,26251.0
2025-03-30,12,24900.0,2.86,7.33,5556.0,11849.0,7860.0,25.28,24.69,14.86,25264.0
2025-03-30,13,24809.0,2.85,6.82,5251.0,11201.0,7289.0,23.35,22.83,13.66,23741.0
2025-03-30,14,24749.0,2.93,6.56,5231.0,11139.0,7258.0,23.2,23.08,13.36,23628.0
2025-03-30,15,24653.0,2.98,6.6,5397.0,11466.0,7530.0,24.2,24.29,13.91,24393.0
2025-03-30,16,24787.0,2.91,6.67,5617.0,11968.0,8123.0,25.9,25.77,15.55,25708.0
2025-03-30,17,24948.0,2.7,6.63,5917.0,12532.0,9199.0,28.07,27.57,19.2,27648.0
2025-03-30,18,25574.0,2.36,6.5,5890.0,12451.0,10321.0,28.01,27.6,23.16,28661.0
2025-03-30,19,25748.0,2.05,6.41,5831.0,12347.0,9839.0,27.82,27.55,22.02,28017.0
2025-03-30,20,25779.0,1.86,6.38,5457.0,11524.0,9458.0,24.98,24.94,20.79,26440.0
2025-03-30,21,26064.0,1.94,6.35,4505.0,9445.0,8423.0,18.23,18.27,17.31,22373.0
2025-03-30,22,26188.0,2.54,6.28,3486.0,8190.0,5533.0,13.63,13.91,9.47,17209.0
2025-03-30,23,25676.0,3.58,6.23,-155.0,8760.0,4889.0,8.91,9.21,7.93,13495.0
2025-03-31,0,16288.0,4.34,6.19,-135.0,7962.0,4849.0,7.47,7.82,7.73,12676.0
2025-03-31,1,16065.0,4.67,6.18,-122.0,7745.0,4514.0,7.36,7.72,7.42,12137.0
2025-03-31,2,14910.0,5.01,6.15,-124.0,7307.0,4392.0,7.0,7.42,7.31,11575.0
2025-03-31,3,14965.0,5.33,6.15,-132.0,7255.0,4255.0,6.94,7.35,7.14,11378.0
2025-03-31,4,17921.0,5.63,6.14,460.0,10133.0,4929.0,11.98,11.94,8.99,15522.0
2025-03-31,5,20001.0,5.57,6.12,4945.0,10698.0,6941.0,21.6,21.52,13.83,22585.0
2025-03-31,6,22442.0,5.16,6.11,5776.0,12370.0,9968.0,27.19,27.0,21.88,28114.0
2025-03-31,7,22839.0,4.51,6.16,5735.0,12136.0,10514.0,26.91,26.97,23.4,28385.0
2025-03-31,8,23244.0,4.07,6.21,5388.0,11398.0,9787.0,24.46,24.62,21.27,26573.0
2025-03-31,9,23548.0,3.78,6.48,5136.0,10896.0,9295.0,22.71,23.63,19.01,25327.0
2025-03-31,10,23884.0,3.7,6.86,4691.0,9943.0,7915.0,19.39,19.68,14.62,22550.0
2025-03-31,11,23590.0,3.85,6.99,4492.0,9549.0,8102.0,17.55,18.0,14.81,22143.0
2025-03-31,12,23677.0,3.9,7.01,4585.0,9805.0,8433.0,18.04,18.23,15.8,22824.0
2025-03-31,13,23805.0,3.97,7.03,4661.0,9952.0,8343.0,18.49,18.86,15.72,22955.0
2025-03-31,14,24525.0,4.03,7.1,5078.0,10814.0,7997.0,21.2,20.73,14.84,23889.0
2025-03-31,15,24637.0,4.05,6.79,5078.0,10840.0,7861.0,21.41,21.08,14.65,23779.0
2025-03-31,16,24827.0,4.08,6.64,5198.0,11047.0,8520.0,22.11,21.87,16.21,24765.0
2025-03-31,17,24629.0,4.01,6.5,5161.0,10931.0,9626.0,22.54,22.2,19.93,25718.0
2025-03-31,18,24725.0,3.78,6.37,5356.0,11366.0,10516.0,24.32,23.95,23.52,27238.0
2025-03-31,19,24639.0,3.53,6.25,5174.0,10912.0,9868.0,23.08,22.94,21.66,25954.0
2025-03-31,20,24073.0,3.39,6.19,5045.0,10631.0,9741.0,22.02,21.95,20.98,25418.0
2025-03-31,21,24059.0,3.35,6.14,4768.0,10074.0,7420.0,20.46,20.4,14.35,22262.0
2025-03-31,22,24182.0,3.69,6.11,2607.0,9636.0,5296.0,15.19,15.48,8.88,17540.0
2025-03-31,23,14570.0,4.22,6.08,-136.0,6457.0,5098.0,6.93,7.34,8.23,11419.0
2025-04-01,0,14305.0,4.43,6.06,-121.0,7132.0,5165.0,6.74,7.12,8.06,12176.0
2025-04-01,1,14453.0,4.65,6.05,-107.0,7070.0,4631.0,6.71,7.13,7.57,11594.0
2025-04-01,2,14573.0,4.92,6.04,-103.0,6898.0,4344.0,6.79,7.13,7.42,11139.0
2025-04-01,3,14737.0,5.23,6.01,-109.0,7020.0,4510.0,6.83,7.19,7.42,11421.0
2025-04-01,4,18828.0,5.52,5.99,1423.0,8941.0,5183.0,11.71,11.81,9.29,15547.0
2025-04-01,5,20960.0,5.64,5.98,6815.0,7270.0,7873.0,18.79,18.62,15.9,21958.0
2025-04-01,6,22962.0,5.34,6.0,8228.0,8493.0,10762.0,24.35,24.08,23.89,27482.0
2025-04-01,7,22682.0,4.68,6.11,9026.0,9301.0,11528.0,28.33,28.35,26.66,29855.0
2025-04-01,8,23229.0,4.03,6.36,8893.0,9151.0,10296.0,27.93,28.05,23.02,28341.0
2025-04-01,9,23488.0,3.54,6.65,8930.0,9216.0,9365.0,28.0,28.05,19.56,27512.0
2025-04-01,10,24069.0,3.25,6.94,8207.0,8436.0,7952.0,24.2,24.55,14.96,24595.0
2025-04-01,11,23937.0,3.35,7.28,4305.0,8918.0,7894.0,16.13,16.98,14.36,21117.0
2025-04-01,12,23762.0,3.59,7.56,4263.0,9125.0,7918.0,16.24,16.61,14.36,21306.0
2025-04-01,13,23631.0,3.77,7.44,4433.0,9476.0,8001.0,16.99,16.85,14.54,21909.0
2025-04-01,14,24042.0,3.9,7.4,4492.0,9596.0,8370.0,17.47,18.63,15.69,22458.0
2025-04-01,15,23967.0,3.97,7.78,4653.0,9931.0,8594.0,18.53,18.23,16.33,23178.0
2025-04-01,16,23837.0,3.98,7.61,4932.0,10518.0,8867.0,20.4,20.08,17.11,24317.0
2025-04-01,17,23830.0,3.73,7.31,6481.0,11008.0,10228.0,25.34,24.2,21.79,27717.0
2025-04-01,18,24384.0,3.16,6.88,9523.0,9877.0,11041.0,30.62,29.54,24.93,30441.0
2025-04-01,19,24581.0,2.58,6.61,9404.0,9756.0,10578.0,30.16,29.45,23.78,29738.0
2025-04-01,20,24819.0,2.14,6.49,8549.0,8769.0,10245.0,25.49,25.08,22.48,27562.0
2025-04-01,21,25003.0,1.97,6.4,8074.0,8243.0,8208.0,23.35,23.02,16.14,24525.0
2025-04-01,22,20289.0,2.19,6.36,3383.0,7874.0,5921.0,13.4,13.27,10.41,17178.0
2025-04-01,23,17116.0,2.57,6.4,-190.0,7867.0,5251.0,8.57,8.59,8.43,12928.0
2025-04-02,0,16557.0,3.06,6.49,-168.0,7162.0,5324.0,6.95,7.17,7.92,12318.0
2025-04-02,1,20365.0,3.69,6.47,-150.0,6787.0,5056.0,6.49,6.61,7.57,11692.0
2025-04-02,2,20066.0,4.5,6.45,-150.0,6968.0,4799.0,6.52,6.93,7.23,11618.0
2025-04-02,3,17231.0,5.24,6.48,-137.0,6970.0,4729.0,6.53,6.94,7.22,11562.0
2025-04-02,4,18354.0,5.59,6.51,185.0,10443.0,5475.0,11.9,11.97,9.12,16104.0
2025-04-02,5,20152.0,5.55,6.49,4847.0,10491.0,8105.0,20.83,20.72,15.72,23443.0
2025-04-02,6,22240.0,4.95,6.48,6246.0,13291.0,10964.0,30.31,29.99,23.84,30501.0
2025-04-02,7,23128.0,4.1,6.64,6636.0,13052.0,11434.0,30.87,31.15,25.69,31122.0
2025-04-02,8,23913.0,3.36,7.01,9659.0,10002.0,10799.0,31.77,32.05,24.05,30460.0
2025-04-02,9,24529.0,2.72,7.41,9807.0,10106.0,9626.0,32.22,31.79,20.25,29538.0
2025-04-02,10,25157.0,2.34,7.49,9368.0,9671.0,8219.0,29.73,29.75,15.51,27258.0
2025-04-02,11,25404.0,2.21,7.42,8561.0,8824.0,7960.0,25.22,25.1,14.36,25345.0
2025-04-02,12,26190.0,2.32,7.38,7684.0,7832.0,7982.0,20.89,21.06,14.35,23498.0
2025-04-02,13,26159.0,2.54,7.54,7723.0,7891.0,8154.0,21.01,21.08,14.71,23768.0
2025-04-02,14,25966.0,2.72,7.67,7589.0,7769.0,8368.0,20.47,21.05,15.35,23726.0
2025-04-02,15,25754.0,2.84,7.66,7959.0,8226.0,8475.0,22.19,21.5,15.94,24659.0
2025-04-02,16,25680.0,2.86,7.48,8631.0,8940.0,9131.0,25.56,24.44,17.81,26702.0
2025-04-02,17,25718.0,2.52,7.12,9713.0,10074.0,10252.0,31.57,30.63,21.82,30040.0
2025-04-02,18,25954.0,2.0,6.86,9827.0,10205.0,11003.0,32.51,31.42,24.74,31036.0
2025-04-02,19,26388.0,1.51,6.61,9729.0,10122.0,10396.0,32.32,31.54,23.05,30248.0
2025-04-02,20,26357.0,1.15,6.47,7824.0,11254.0,10322.0,30.03,29.51,22.77,29400.0
2025-04-02,21,26387.0,0.93,6.4,5962.0,12813.0,7910.0,28.9,28.68,15.27,26685.0
2025-04-02,22,26732.0,1.05,6.36,5472.0,11668.0,5237.0,24.86,24.82,8.65,22378.0
2025-04-02,23,26210.0,1.68,6.35,808.0,10353.0,5357.0,12.51,12.89,8.58,16517.0
2025-04-03,0,24341.0,2.64,6.34,-205.0,9455.0,5422.0,9.17,9.52,8.63,14671.0
2025-04-03,1,22743.0,3.54,6.31,-169.0,8035.0,4831.0,7.57,7.94,7.72,12697.0
2025-04-03,2,21844.0,4.47,6.29,-146.0,7951.0,4629.0,7.59,7.9,7.48,12434.0
2025-04-03,3,19520.0,5.24,6.26,-158.0,8646.0,4507.0,8.39,8.62,7.42,12995.0
2025-04-03,4,19234.0,5.61,6.21,1107.0,11174.0,5154.0,14.79,14.7,9.21,17435.0
2025-04-03,5,21631.0,5.47,6.2,5549.0,11986.0,7722.0,25.58,25.38,15.59,25257.0
2025-04-03,6,24142.0,4.93,6.17,9135.0,10959.0,10688.0,32.22,31.7,24.0,30782.0
2025-04-03,7,23587.0,4.14,6.26,10065.0,10440.0,11249.0,33.74,33.53,25.63,31754.0
2025-04-03,8,23931.0,3.36,6.57,9917.0,10287.0,10498.0,33.08,33.3,23.2,30702.0
2025-04-03,9,24424.0,2.73,7.13,9907.0,10249.0,9190.0,33.19,32.94,18.95,29346.0
2025-04-03,10,25048.0,2.33,7.29,9321.0,9647.0,8035.0,29.81,29.65,15.06,27003.0
2025-04-03,11,25029.0,2.27,7.36,7896.0,8120.0,7655.0,22.08,22.59,13.76,23670.0
2025-04-03,12,24880.0,2.43,7.6,6925.0,7081.0,8275.0,17.78,18.44,15.12,22281.0
2025-04-03,13,24825.0,2.63,7.83,7253.0,7493.0,8252.0,19.35,19.53,15.2,22998.0
2025-04-03,14,24917.0,2.71,7.57,7738.0,7974.0,8014.0,21.25,20.09,14.6,23726.0
2025-04-03,15,25077.0,2.8,7.24,7537.0,7792.0,8242.0,20.28,20.61,15.35,23571.0
2025-04-03,16,24916.0,2.8,7.39,8392.0,8721.0,8949.0,24.52,23.82,17.35,26062.0
2025-04-03,17,25106.0,2.5,7.02,9155.0,9484.0,10126.0,28.45,27.18,21.43,28764.0
2025-04-03,18,25323.0,2.01,6.64,9677.0,10042.0,10666.0,31.64,30.72,23.65,30386.0
2025-04-03,19,25758.0,1.52,6.47,9340.0,9680.0,10133.0,30.12,29.66,22.08,29154.0
2025-04-03,20,25724.0,1.2,6.36,8095.0,10096.0,10032.0,27.79,27.23,21.58,28223.0
2025-04-03,21,27073.0,1.08,6.19,5658.0,11967.0,8295.0,26.29,25.8,16.49,25919.0
2025-04-03,22,27402.0,1.42,6.09,4826.0,10210.0,5049.0,20.11,20.13,8.21,20085.0
2025-04-03,23,26511.0,2.37,6.05,577.0,8942.0,5018.0,10.1,10.47,7.91,14538.0
2025-04-04,0,21085.0,3.31,6.06,-172.0,9133.0,4994.0,8.78,9.1,7.81,13956.0
2025-04-04,1,19681.0,3.89,6.06,-154.0,8796.0,4816.0,8.43,8.82,7.71,13457.0
2025-04-04,2,18615.0,4.49,6.06,-147.0,8039.0,4621.0,7.64,7.96,7.51,12513.0
2025-04-04,3,18204.0,5.0,6.04,-160.0,8468.0,4480.0,8.1,8.43,7.33,12788.0
2025-04-04,4,20231.0,5.46,6.01,567.0,10849.0,4934.0,12.88,13.0,8.55,16350.0
2025-04-04,5,21137.0,5.5,5.98,4319.0,11746.0,7390.0,22.09,21.93,14.45,23455.0
2025-04-04,6,23898.0,5.05,5.98,7732.0,11888.0,10307.0,30.66,30.41,22.55,29927.0
2025-04-04,7,23343.0,4.35,6.19,6197.0,13475.0,10650.0,30.82,31.04,23.52,30322.0
2025-04-04,8,23875.0,3.69,6.48,6172.0,13378.0,10007.0,30.86,31.05,21.78,29558.0
2025-04-04,9,24179.0,3.15,6.72,6093.0,13200.0,8976.0,30.22,30.13,18.15,28270.0
2025-04-04,10,24747.0,2.88,6.87,5605.0,12064.0,7692.0,25.82,26.38,14.1,25361.0
2025-04-04,11,24598.0,2.91,7.22,5018.0,10722.0,7829.0,21.08,21.41,14.25,23569.0
2025-04-04,12,25745.0,3.0,7.32,5015.0,10698.0,8094.0,20.9,21.38,15.04,23807.0
2025-04-04,13,25849.0,3.18,7.36,4972.0,10635.0,8043.0,20.71,21.43,14.85,23650.0
2025-04-04,14,25853.0,3.35,7.39,5053.0,10816.0,8061.0,21.25,21.36,14.86,23930.0
2025-04-04,15,25774.0,3.48,7.31,5134.0,10998.0,8060.0,21.8,21.45,14.85,24192.0
2025-04-04,16,24609.0,3.44,7.09,5662.0,12239.0,8881.0,25.95,25.04,17.17,26783.0
2025-04-04,17,24616.0,3.05,6.77,6098.0,13211.0,10170.0,29.73,28.83,21.59,29479.0
2025-04-04,18,25165.0,2.46,6.48,6186.0,13426.0,11339.0,30.72,30.16,26.16,30952.0
2025-04-04,19,25424.0,1.9,6.34,5149.0,15167.0,10186.0,32.74,32.34,22.53,30502.0
2025-04-04,20,26143.0,1.46,6.28,4401.0,14981.0,9370.0,30.02,29.8,19.71,28752.0
2025-04-04,21,26942.0,1.36,6.23,3812.0,13956.0,8135.0,26.23,26.11,15.85,25903.0
2025-04-04,22,27282.0,1.67,6.18,3282.0,12171.0,5270.0,20.66,20.85,8.54,20723.0
2025-04-04,23,25830.0,2.51,6.15,208.0,10364.0,5137.0,11.29,11.57,8.14,15708.0
2025-04-05,0,22096.0,3.37,6.13,-160.0,9868.0,4968.0,9.74,10.06,7.73,14676.0
2025-04-05,1,18875.0,3.95,6.11,-161.0,8800.0,4680.0,8.57,8.9,7.42,13319.0
2025-04-05,2,18627.0,4.47,6.09,-166.0,8605.0,4571.0,8.28,8.61,7.42,13010.0
2025-04-05,3,19279.0,5.03,6.06,-169.0,8341.0,4476.0,8.06,8.43,7.33,12648.0
2025-04-05,4,20557.0,5.58,6.05,620.0,11247.0,5132.0,13.98,14.06,9.08,16999.0
2025-04-05,5,21518.0,5.54,6.02,5224.0,11510.0,7546.0,23.74,23.6,15.16,24279.0
2025-04-05,6,23257.0,5.06,5.98,4384.0,15473.0,10335.0,30.83,30.69,22.87,30192.0
2025-04-05,7,23435.0,4.27,6.16,4675.0,15817.0,11029.0,32.57,32.8,24.75,31522.0
2025-04-05,8,23971.0,3.52,6.33,4507.0,15411.0,10484.0,31.38,31.48,23.29,30403.0
2025-04-05,9,24486.0,2.94,6.61,4201.0,14896.0,9993.0,29.15,29.68,21.13,29090.0
2025-04-05,10,25193.0,2.64,7.06,3646.0,13947.0,8311.0,25.31,25.72,15.56,25905.0
2025-04-05,11,25298.0,2.7,7.18,2561.0,12227.0,8651.0,18.68,19.09,16.08,23440.0
2025-04-05,12,25469.0,2.81,7.2,2735.0,12519.0,8659.0,19.58,20.28,16.35,23914.0
2025-04-05,13,25536.0,3.0,7.27,2465.0,12071.0,8585.0,18.13,18.89,16.07,23121.0
2025-04-05,14,25374.0,3.18,7.33,2436.0,12076.0,8774.0,18.03,18.45,16.77,23286.0
2025-04-05,15,25427.0,3.36,7.21,2394.0,11980.0,8703.0,17.79,17.48,16.66,23077.0
2025-04-05,16,25063.0,3.46,7.01,3062.0,13158.0,9267.0,21.54,21.1,18.24,25486.0
2025-04-05,17,25055.0,3.23,6.86,3903.0,14514.0,10084.0,26.92,26.23,21.34,28501.0
2025-04-05,18,25555.0,2.73,6.54,4817.0,15814.0,10944.0,33.05,32.29,24.88,31575.0
2025-04-05,19,26248.0,2.15,6.35,4630.0,15401.0,10416.0,31.79,31.51,23.31,30447.0
2025-04-05,20,26246.0,1.83,6.27,4001.0,14341.0,9945.0,27.37,27.3,21.77,28287.0
2025-04-05,21,26239.0,1.73,6.22,3779.0,14004.0,7786.0,26.06,25.85,15.23,25569.0
2025-04-05,22,27092.0,2.01,6.18,3799.0,11332.0,5124.0,20.23,20.46,8.31,20255.0
2025-04-05,23,26165.0,2.93,6.16,-162.0,10636.0,4819.0,10.67,10.91,7.61,15293.0
2025-04-06,0,22250.0,3.79,6.14,-154.0,11121.0,4860.0,10.85,11.1,7.7,15826.0
2025-04-06,1,20778.0,4.27,6.12,-155.0,11161.0,4712.0,10.74,10.99,7.62,15719.0
2025-04-06,2,20706.0,4.79,6.1,-175.0,10073.0,4395.0,10.1,10.4,7.31,14293.0
2025-04-06,3,18635.0,5.42,6.08,-173.0,9361.0,4136.0,9.28,9.62,6.93,13324.0
2025-04-06,4,17260.0,5.66,6.07,-176.0,11310.0,5160.0,12.66,12.81,9.44,16294.0
2025-04-06,5,19236.0,5.52,6.05,4138.0,11273.0,7305.0,21.2,21.03,14.87,22715.0
2025-04-06,6,22312.0,5.03,6.03,5831.0,12516.0,9256.0,27.93,27.82,20.37,27604.0
2025-04-06,7,23360.0,4.45,6.17,5974.0,12801.0,10443.0,28.87,29.15,23.48,29217.0
2025-04-06,8,23976.0,3.8,6.47,6121.0,13180.0,11267.0,29.8,30.01,26.13,30569.0
2025-04-06,9,24792.0,3.17,6.79,6063.0,13092.0,10756.0,29.44,29.55,24.04,29910.0
2025-04-06,10,25663.0,2.77,7.09,6081.0,13168.0,9004.0,29.63,29.87,17.79,28252.0
2025-04-06,11,26279.0,2.56,7.3,5976.0,12861.0,8161.0,28.48,28.6,15.4,26999.0
2025-04-06,12,26433.0,2.54,7.4,5582.0,12030.0,8046.0,25.45,26.07,15.06,25658.0
2025-04-06,13,26494.0,2.59,7.47,5569.0,11955.0,8013.0,25.48,26.08,15.05,25537.0
2025-04-06,14,26434.0,2.65,7.53,5532.0,11916.0,7917.0,25.06,25.28,14.97,25365.0
2025-04-06,15,26113.0,2.7,7.5,5542.0,11947.0,7933.0,25.19,24.8,15.04,25422.0
2025-04-06,16,26319.0,2.7,7.24,5837.0,12515.0,8465.0,27.27,26.09,16.39,26817.0
2025-04-06,17,26217.0,2.48,6.9,6090.0,13092.0,10038.0,29.52,28.5,21.73,29219.0
2025-04-06,18,26510.0,2.11,6.56,6009.0,12874.0,10827.0,29.16,28.55,24.88,29709.0
2025-04-06,19,26802.0,1.83,6.39,5901.0,12695.0,9693.0,28.65,28.27,21.64,28289.0
2025-04-06,20,27172.0,1.74,6.31,5435.0,11561.0,9624.0,24.71,24.54,21.26,26621.0
2025-04-06,21,27438.0,2.0,6.25,4388.0,9241.0,7909.0,17.54,17.63,15.83,21538.0
2025-04-06,22,26655.0,2.76,6.22,2654.0,8693.0,5380.0,12.97,13.22,9.11,16727.0
2025-04-06,23,25249.0,3.83,6.2,-157.0,8187.0,4673.0,8.54,8.89,7.72,12703.0
2025-04-07,0,15088.0,4.6,6.24,-131.0,7723.0,4747.0,7.44,7.7,7.81,12340.0
2025-04-07,1,13715.0,4.81,6.24,-126.0,6789.0,4826.0,6.56,6.95,7.91,11488.0
2025-04-07,2,12981.0,4.96,6.29,-115.0,6568.0,4602.0,6.49,6.83,7.92,11054.0
2025-04-07,3,16882.0,5.34,6.3,-104.0,6455.0,4634.0,6.43,6.83,7.93,10985.0
2025-04-07,4,15516.0,5.67,6.33,-117.0,9214.0,5251.0,10.31,10.49,9.64,14348.0
2025-04-07,5,20560.0,5.59,6.33,2710.0,12945.0,7660.0,21.5,21.36,15.7,23314.0
2025-04-07,6,24224.0,5.11,6.32,6046.0,12972.0,10952.0,29.09,29.02,25.56,29970.0
2025-04-07,7,23785.0,4.46,6.42,6054.0,13007.0,11360.0,29.47,29.31,26.58,30421.0
2025-04-07,8,23668.0,3.79,6.46,5943.0,12754.0,11147.0,28.64,28.56,26.25,29844.0
2025-04-07,9,24100.0,3.25,6.57,5883.0,12665.0,9701.0,28.33,28.47,20.7,28249.0
2025-04-07,10,24763.0,2.95,6.74,5837.0,12582.0,8095.0,28.03,27.62,15.25,26515.0
2025-04-07,11,25414.0,2.81,6.77,5655.0,12128.0,7838.0,26.34,26.6,14.46,25621.0
2025-04-07,12,25711.0,2.81,7.06,5435.0,11648.0,8001.0,24.38,25.35,14.8,25084.0
2025-04-07,13,25789.0,2.82,7.33,5534.0,11870.0,7861.0,24.89,24.89,14.53,25266.0
2025-04-07,14,25749.0,2.84,7.43,5477.0,11748.0,8133.0,24.63,24.97,15.24,25358.0
2025-04-07,15,26085.0,2.82,7.48,5603.0,12046.0,8373.0,25.4,25.28,16.04,26022.0
2025-04-07,16,26559.0,2.77,7.34,5889.0,12666.0,8450.0,27.63,26.96,16.19,27005.0
2025-04-07,17,26850.0,2.59,7.07,6044.0,13067.0,10406.0,29.28,28.36,22.25,29518.0
2025-04-07,18,27186.0,2.24,6.73,6024.0,12950.0,11470.0,29.16,28.55,26.58,30444.0
2025-04-07,19,27366.0,1.92,6.54,5946.0,12819.0,10738.0,28.89,28.52,24.58,29504.0
2025-04-07,20,27231.0,1.73,6.45,5719.0,12236.0,10118.0,26.7,26.56,22.28,28073.0
2025-04-07,21,27212.0,1.77,6.42,4817.0,10160.0,9065.0,20.01,20.03,18.53,24042.0
2025-04-07,22,27583.0,2.33,6.38,2065.0,9593.0,6590.0,13.63,13.91,11.27,18248.0
2025-04-07,23,26282.0,3.42,6.34,-129.0,8469.0,5570.0,8.84,9.13,9.26,13910.0
2025-04-08,0,19018.0,4.35,6.3,-131.0,8037.0,5034.0,7.56,7.92,7.85,12941.0
2025-04-08,1,16911.0,4.75,6.3,-111.0,7904.0,4828.0,7.31,7.72,7.61,12621.0
2025-04-08,2,16971.0,5.17,6.28,-111.0,7676.0,4620.0,7.28,7.62,7.52,12184.0
2025-04-08,3,16904.0,5.62,6.26,-115.0,7467.0,4563.0,7.18,7.56,7.61,11915.0
2025-04-08,4,14555.0,5.83,6.24,103.0,10951.0,4958.0,12.43,12.57,8.82,16012.0
2025-04-08,5,20731.0,5.5,6.24,5306.0,11402.0,7632.0,23.61,23.32,14.94,24340.0
2025-04-08,6,22343.0,4.87,6.21,5729.0,14614.0,10299.0,32.06,31.84,22.55,30641.0
2025-04-08,7,23380.0,4.04,6.29,5189.0,14733.0,10813.0,31.14,31.27,24.37,30736.0
2025-04-08,8,24703.0,3.43,6.49,6123.0,13231.0,10131.0,30.3,30.53,22.3,29486.0
2025-04-08,9,24976.0,2.98,6.95,6141.0,13253.0,9393.0,30.14,30.5,19.29,28787.0
2025-04-08,10,25368.0,2.66,7.27,6026.0,13006.0,7942.0,29.16,29.15,15.05,26975.0
2025-04-08,11,25464.0,2.7,7.36,4661.0,9903.0,7985.0,18.59,19.09,14.55,22548.0
2025-04-08,12,25312.0,2.97,7.55,4354.0,9169.0,8721.0,16.47,17.11,16.52,22243.0
2025-04-08,13,25053.0,3.24,7.56,4322.0,9207.0,8554.0,16.29,17.12,15.84,22083.0
2025-04-08,14,24863.0,3.41,7.62,4783.0,10240.0,8508.0,19.23,19.61,16.09,23530.0
2025-04-08,15,24955.0,3.47,7.53,5005.0,10782.0,8345.0,20.69,20.32,15.84,24132.0
2025-04-08,16,25187.0,3.46,7.28,5461.0,11741.0,8588.0,24.07,23.11,16.42,25789.0
2025-04-08,17,25662.0,3.29,6.99,7432.0,10752.0,9869.0,27.02,26.26,20.45,28052.0
2025-04-08,18,26048.0,2.96,6.72,8910.0,9238.0,10981.0,27.5,26.73,24.85,29129.0
2025-04-08,19,26286.0,2.66,6.57,8937.0,9234.0,10156.0,27.59,27.06,22.4,28326.0
2025-04-08,20,26404.0,2.42,6.5,9021.0,9341.0,10188.0,28.03,27.49,22.36,28550.0
2025-04-08,21,25931.0,2.16,6.45,9503.0,9851.0,8562.0,30.78,30.17,17.28,27916.0
2025-04-08,22,25975.0,2.11,6.42,8418.0,8879.0,5623.0,25.56,25.57,9.3,22919.0
2025-04-08,23,25209.0,2.81,6.41,680.0,8833.0,5021.0,10.0,10.34,7.92,14534.0
2025-04-09,0,19723.0,3.7,6.4,-138.0,8144.0,4900.0,7.71,8.04,7.66,12907.0
2025-04-09,1,17223.0,4.23,6.37,-109.0,7149.0,4697.0,6.79,7.13,7.42,11737.0
2025-04-09,2,16855.0,4.73,6.34,-108.0,7086.0,4579.0,6.79,7.13,7.42,11558.0
2025-04-09,3,17647.0,5.23,6.3,-112.0,7174.0,4496.0,6.85,7.19,7.43,11558.0
2025-04-09,4,19548.0,5.73,6.28,3696.0,8281.0,5182.0,14.29,14.26,9.12,17160.0
2025-04-09,5,20488.0,5.55,6.25,8118.0,8472.0,7884.0,23.72,23.27,15.73,24474.0
2025-04-09,6,22596.0,4.94,6.23,9518.0,9843.0,11034.0,30.32,29.83,24.85,30395.0
2025-04-09,7,23647.0,4.11,6.41,9719.0,10005.0,11267.0,31.32,31.37,25.74,30991.0
2025-04-09,8,24447.0,3.48,6.68,9257.0,9569.0,10671.0,29.36,29.46,23.76,29497.0
2025-04-09,9,24859.0,3.0,7.04,9374.0,9770.0,9542.0,30.03,29.86,20.06,28685.0
2025-04-09,10,25442.0,2.68,7.28,9329.0,9667.0,7998.0,29.44,29.34,15.2,26994.0
2025-04-09,11,25487.0,2.68,7.44,8028.0,8243.0,7373.0,22.25,22.43,13.13,23644.0
2025-04-09,12,25602.0,2.84,7.48,7681.0,7848.0,7862.0,20.51,20.87,14.36,23392.0
2025-04-09,13,26221.0,3.05,7.51,7466.0,7663.0,7904.0,19.82,20.05,14.35,23033.0
2025-04-09,14,26101.0,3.34,7.53,7388.0,7566.0,8046.0,19.32,19.65,14.73,23000.0
2025-04-09,15,25921.0,3.54,7.55,7792.0,7996.0,8081.0,21.2,20.87,14.86,23869.0
2025-04-09,16,25636.0,3.66,7.4,8279.0,8524.0,8669.0,23.66,22.64,16.44,25472.0
2025-04-09,17,25811.0,3.4,7.13,9713.0,10064.0,10031.0,31.41,30.15,21.26,29809.0
2025-04-09,18,26336.0,2.94,6.82,9387.0,9706.0,11287.0,29.88,29.05,26.05,30379.0
2025-04-09,19,26593.0,2.59,6.65,9027.0,9333.0,10377.0,28.24,27.69,23.05,28738.0
2025-04-09,20,26066.0,2.35,6.58,9088.0,9346.0,10126.0,28.44,27.84,22.35,28560.0
2025-04-09,21,26238.0,2.19,6.53,8688.0,8932.0,8005.0,26.24,25.81,15.36,25626.0
2025-04-09,22,26634.0,2.46,6.49,7706.0,7871.0,5239.0,21.08,21.07,8.54,20816.0
2025-04-09,23,26033.0,3.23,6.45,3805.0,6919.0,4894.0,11.94,12.17,7.86,15619.0
2025-04-10,0,20311.0,4.1,6.44,-126.0,8593.0,5077.0,8.07,8.58,8.04,13544.0
2025-04-10,1,17222.0,4.6,6.43,-107.0,7537.0,4988.0,7.01,7.36,8.07,12418.0
2025-04-10,2,17244.0,5.05,6.42,-96.0,7645.0,4597.0,7.12,7.2,7.36,12146.0
2025-04-10,3,14371.0,5.44,6.27,-88.0,6890.0,4380.0,6.43,6.59,6.94,11182.0
2025-04-10,4,19171.0,5.71,6.16,1547.0,9852.0,5810.0,13.46,13.39,10.39,17209.0
2025-04-10,5,20730.0,5.59,6.1,5244.0,11279.0,7782.0,23.16,23.01,15.68,24305.0
2025-04-10,6,22582.0,5.07,6.07,6285.0,12511.0,10533.0,28.33,28.13,23.43,29329.0
2025-04-10,7,23383.0,4.33,6.15,9613.0,9977.0,10368.0,31.29,31.06,22.92,29958.0
2025-04-10,8,24916.0,3.72,6.35,9807.0,10173.0,9834.0,32.37,32.12,21.4,29814.0
2025-04-10,9,25640.0,3.31,6.58,9626.0,9960.0,8791.0,31.53,31.65,18.03,28377.0
2025-04-10,10,25983.0,3.13,7.04,8885.0,9184.0,7552.0,27.32,27.52,14.09,25621.0
2025-04-10,11,26070.0,3.28,7.32,7608.0,7778.0,7532.0,20.55,20.92,13.58,22918.0
2025-04-10,12,26291.0,3.53,7.5,7189.0,7297.0,8342.0,18.7,19.02,15.75,22827.0
2025-04-10,13,26007.0,3.89,7.48,6615.0,6724.0,8372.0,16.45,16.76,15.85,21710.0
2025-04-10,14,25308.0,4.23,7.43,6564.0,6682.0,8385.0,16.18,16.33,15.63,21631.0
2025-04-10,15,24142.0,4.52,7.42,6555.0,6699.0,8282.0,16.09,16.12,15.42,21536.0
2025-04-10,16,23969.0,4.6,7.24,7672.0,7920.0,8818.0,20.94,19.86,17.05,24409.0
2025-04-10,17,23716.0,4.31,6.92,9010.0,9266.0,10301.0,27.49,26.51,22.33,28578.0
2025-04-10,18,24211.0,3.68,6.68,9777.0,10123.0,10786.0,32.07,31.2,24.48,30686.0
2025-04-10,19,24929.0,3.13,6.56,9284.0,9572.0,9958.0,29.57,28.99,22.04,28813.0
2025-04-10,20,25200.0,2.77,6.49,9368.0,9671.0,9131.0,29.98,29.36,19.43,28170.0
2025-04-10,21,26008.0,2.55,6.44,9114.0,9433.0,7318.0,28.66,28.12,14.29,25865.0
2025-04-10,22,26048.0,2.83,6.41,5563.0,8855.0,4909.0,18.64,18.84,8.08,19327.0
2025-04-10,23,22581.0,3.63,6.37,23.0,9068.0,4620.0,9.36,9.68,7.43,13711.0
2025-04-11,0,16957.0,4.18,6.33,-122.0,9170.0,5012.0,8.84,9.15,8.07,14060.0
2025-04-11,1,15763.0,4.41,6.32,-106.0,8629.0,4333.0,8.3,8.62,6.92,12856.0
2025-04-11,2,15290.0,4.68,6.32,-114.0,8284.0,4205.0,7.84,8.27,6.75,12376.0
2025-04-11,3,19302.0,5.06,6.32,-114.0,8199.0,4774.0,7.81,8.21,7.81,12859.0
2025-04-11,4,18993.0,5.61,6.33,-131.0,10896.0,5218.0,11.95,12.02,9.13,15983.0
2025-04-11,5,19965.0,5.55,6.23,4642.0,10551.0,7561.0,20.34,20.16,15.21,22754.0
2025-04-11,6,23395.0,5.09,6.19,8838.0,9606.0,10417.0,28.17,27.76,23.4,28861.0
2025-04-11,7,23558.0,4.52,6.25,8954.0,9351.0,10383.0,28.02,27.71,23.14,28688.0
2025-04-11,8,23986.0,4.14,6.27,8584.0,8900.0,9038.0,26.34,25.96,19.23,26522.0
2025-04-11,9,24174.0,3.88,6.3,8530.0,8834.0,8414.0,25.83,26.06,17.24,25778.0
2025-04-11,10,24460.0,3.82,6.99,7732.0,7969.0,7190.0,21.63,22.49,13.24,22891.0
2025-04-11,11,24360.0,4.03,7.32,6836.0,6977.0,7724.0,17.22,17.45,13.93,21536.0
2025-04-11,12,24702.0,4.25,7.34,6649.0,6801.0,8346.0,16.53,17.13,15.72,21796.0
2025-04-11,13,25216.0,4.49,7.41,7171.0,7392.0,8090.0,18.57,18.57,15.08,22653.0
2025-04-11,14,25146.0,4.69,7.32,7212.0,7443.0,7785.0,18.76,18.72,14.25,22441.0
2025-04-11,15,25050.0,4.98,7.36,6532.0,6707.0,7952.0,16.17,16.82,14.58,21192.0
2025-04-11,16,24358.0,5.26,7.45,7014.0,7236.0,8575.0,18.34,17.77,16.53,22825.0
2025-04-11,17,23799.0,5.19,7.14,7739.0,7973.0,9734.0,21.6,20.33,20.48,25446.0
2025-04-11,18,22431.0,4.77,6.74,8856.0,9154.0,9926.0,27.23,26.53,21.93,27936.0
2025-04-11,19,22480.0,4.26,6.58,8558.0,8826.0,9458.0,25.91,25.49,20.54,26842.0
2025-04-11,20,22901.0,3.79,6.51,9374.0,9738.0,8534.0,29.55,28.99,17.82,27646.0
2025-04-11,21,24120.0,3.34,6.47,9898.0,10239.0,6801.0,32.22,31.52,13.42,26938.0
2025-04-11,22,24635.0,3.27,6.44,8647.0,8949.0,4362.0,25.63,25.41,7.49,21958.0
2025-04-11,23,23561.0,3.75,6.42,4526.0,8748.0,4295.0,15.3,15.31,6.92,17569.0
2025-04-12,0,20953.0,4.17,6.37,3921.0,9033.0,4276.0,14.24,14.37,6.93,17231.0
2025-04-12,1,18891.0,4.51,6.33,-171.0,11267.0,4190.0,11.04,11.3,6.92,15286.0
2025-04-12,2,18586.0,4.83,6.3,-144.0,11102.0,4075.0,10.91,11.22,6.82,15032.0
2025-04-12,3,18613.0,5.16,6.31,-133.0,11212.0,4067.0,11.04,11.35,6.76,15146.0
2025-04-12,4,20584.0,5.38,6.29,3507.0,11255.0,4786.0,18.54,18.37,8.55,19548.0
2025-04-12,5,21869.0,5.34,6.23,7930.0,8239.0,6375.0,22.85,22.67,12.56,22544.0
2025-04-12,6,20869.0,5.1,6.23,7561.0,7823.0,9122.0,21.45,21.49,19.56,24507.0
2025-04-12,7,20744.0,4.68,6.62,7511.0,7695.0,9627.0,21.09,21.54,20.74,24833.0
2025-04-12,8,22124.0,4.28,6.86,7331.0,7472.0,9406.0,19.94,20.49,19.62,24209.0
2025-04-12,9,22521.0,4.16,7.12,7192.0,7388.0,8139.0,19.06,19.11,14.81,22719.0
2025-04-12,10,22688.0,4.16,7.3,6234.0,8281.0,7579.0,18.78,19.07,13.43,22094.0
2025-04-12,11,22312.0,4.12,7.46,4885.0,10448.0,7548.0,19.54,19.77,13.36,22880.0
2025-04-12,12,22326.0,4.03,7.48,4888.0,10444.0,7555.0,19.44,20.07,13.49,22888.0
2025-04-12,13,22670.0,3.98,7.6,4793.0,10264.0,7662.0,19.1,19.82,14.08,22719.0
2025-04-12,14,22752.0,3.93,7.62,4895.0,10387.0,7558.0,19.58,19.59,13.85,22840.0
2025-04-12,15,22542.0,3.91,7.63,4783.0,10222.0,7552.0,18.95,19.02,13.85,22556.0
2025-04-12,16,22264.0,3.86,7.58,4778.0,10201.0,7625.0,18.69,18.18,13.86,22603.0
2025-04-12,17,22214.0,3.8,7.29,4725.0,10105.0,7783.0,18.47,17.86,14.26,22613.0
2025-04-12,18,22419.0,3.73,6.96,4672.0,9980.0,7786.0,18.62,18.29,14.48,22438.0
2025-04-12,19,22512.0,3.77,6.75,4530.0,9645.0,6985.0,18.1,17.99,12.73,21160.0
2025-04-12,20,19128.0,3.8,6.63,4193.0,8975.0,6127.0,16.63,16.62,10.73,19295.0
2025-04-12,21,14016.0,3.62,6.55,3830.0,8136.0,5389.0,14.48,14.56,9.29,17355.0
2025-04-12,22,13236.0,3.32,6.51,3309.0,7030.0,4281.0,11.8,11.99,7.1,14620.0
2025-04-12,23,13331.0,3.29,6.48,275.0,8661.0,3457.0,9.49,9.81,5.71,12394.0
2025-04-13,0,15069.0,3.47,6.46,-128.0,8417.0,3440.0,7.95,8.2,5.53,11729.0
2025-04-13,1,15337.0,3.86,6.42,-110.0,7776.0,3377.0,7.31,7.63,5.61,11043.0
2025-04-13,2,15373.0,4.27,6.4,-143.0,7702.0,3496.0,7.24,7.62,5.81,11055.0
2025-04-13,3,15201.0,4.67,6.39,-155.0,7620.0,3581.0,7.28,7.62,6.01,11046.0
2025-04-13,4,15834.0,5.05,6.36,-147.0,7698.0,3712.0,7.31,7.62,6.14,11263.0
2025-04-13,5,15830.0,5.5,6.91,-148.0,8098.0,4442.0,7.88,8.19,7.05,12392.0
2025-04-13,6,16112.0,5.64,8.44,-141.0,9993.0,6175.0,10.29,10.76,10.51,16027.0
2025-04-13,7,16741.0,5.47,8.5,-145.0,11881.0,7420.0,13.16,14.0,13.36,19157.0
2025-04-13,8,17139.0,5.13,8.32,-149.0,13477.0,7693.0,16.02,16.92,14.31,21022.0
2025-04-13,9,17974.0,4.76,8.2,-128.0,14161.0,7135.0,17.42,17.71,12.97,21168.0
2025-04-13,10,18411.0,4.48,8.11,-123.0,13868.0,6988.0,17.01,17.6,12.76,20734.0
2025-04-13,11,18590.0,4.28,7.98,-122.0,13685.0,6652.0,16.63,17.58,12.08,20215.0
2025-04-13,12,18702.0,4.11,7.99,-116.0,13977.0,6494.0,17.15,17.71,11.98,20355.0
2025-04-13,13,18405.0,3.92,8.54,-121.0,14007.0,6328.0,17.0,18.25,11.73,20214.0
2025-04-13,14,19110.0,3.81,8.79,-96.0,14040.0,5660.0,17.11,17.39,10.39,19604.0
2025-04-13,15,19283.0,3.74,8.8,-84.0,13711.0,6004.0,16.39,16.79,10.9,19631.0
2025-04-13,16,19526.0,3.61,8.8,-94.0,14173.0,6851.0,17.18,16.33,12.34,20930.0
2025-04-13,17,19377.0,3.45,8.58,-132.0,14296.0,6922.0,17.34,17.28,12.55,21085.0
2025-04-13,18,19628.0,3.26,8.49,-168.0,14583.0,6762.0,17.86,17.29,12.17,21177.0
2025-04-13,19,18731.0,3.1,9.14,-187.0,13864.0,6369.0,16.97,16.91,11.5,20046.0
2025-04-13,20,18027.0,2.97,8.92,-200.0,13517.0,5713.0,16.7,16.76,10.32,19031.0
2025-04-13,21,17471.0,2.92,8.5,-198.0,12344.0,4467.0,14.58,14.82,7.96,16614.0
2025-04-13,22,15787.0,3.04,8.95,-206.0,10706.0,3496.0,11.87,12.18,6.25,13995.0
2025-04-13,23,13745.0,3.23,10.15,-208.0,8881.0,2692.0,9.23,9.43,5.14,11365.0
2025-04-14,0,13652.0,3.47,9.42,-189.0,8390.0,2999.0,7.93,8.12,4.99,11200.0
2025-04-14,1,14965.0,3.75,8.41,-180.0,8090.0,2938.0,7.78,8.13,5.21,10848.0
2025-04-14,2,16924.0,4.23,7.33,-183.0,8126.0,2842.0,7.85,8.12,5.07,10785.0
2025-04-14,3,14944.0,4.68,8.56,-174.0,8012.0,3273.0,7.87,8.11,5.82,11110.0
2025-04-14,4,14077.0,4.99,8.98,-172.0,7737.0,3475.0,7.51,7.79,6.16,11039.0
2025-04-14,5,13403.0,5.19,8.78,-169.0,8108.0,3870.0,7.97,8.28,6.66,11809.0
2025-04-14,6,13844.0,5.27,9.07,-175.0,9207.0,4750.0,9.35,9.76,7.83,13783.0
2025-04-14,7,16577.0,5.2,9.63,-181.0,11357.0,6101.0,12.59,13.12,10.75,17276.0
2025-04-14,8,16860.0,5.02,8.38,-178.0,12766.0,6684.0,15.07,15.6,12.2,19272.0
2025-04-14,9,17033.0,4.74,8.2,-186.0,13576.0,6459.0,16.57,17.15,11.61,19850.0
2025-04-14,10,17480.0,4.47,8.1,-170.0,13688.0,6003.0,16.66,17.21,10.83,19521.0
2025-04-14,11,17641.0,4.27,8.0,-163.0,13571.0,5979.0,16.44,17.2,10.59,19387.0
2025-04-14,12,17970.0,4.1,7.97,-151.0,13405.0,5811.0,16.09,17.13,10.46,19065.0
2025-04-14,13,18556.0,3.98,8.11,-129.0,13843.0,5795.0,16.79,17.05,10.39,19510.0
2025-04-14,14,18951.0,3.86,8.18,-121.0,13730.0,6062.0,16.39,16.33,10.79,19672.0
2025-04-14,15,19277.0,3.82,8.32,-138.0,13821.0,6135.0,16.5,17.36,10.89,19817.0
2025-04-14,16,19154.0,3.7,8.23,-144.0,14252.0,6382.0,17.34,17.44,11.36,20490.0
2025-04-14,17,17891.0,3.49,8.21,-156.0,14124.0,6716.0,16.94,16.68,11.94,20684.0
2025-04-14,18,17797.0,3.18,7.82,-158.0,14115.0,6750.0,17.26,16.69,12.08,20707.0
2025-04-14,19,17744.0,2.92,7.92,-178.0,13691.0,6119.0,16.76,16.59,11.01,19632.0
2025-04-14,20,17488.0,2.76,8.14,-192.0,13296.0,5264.0,16.25,16.29,9.56,18369.0
2025-04-14,21,17549.0,2.74,8.13,-188.0,12283.0,4179.0,14.51,14.71,7.68,16275.0
2025-04-14,22,17736.0,2.99,8.43,-187.0,10601.0,3193.0,11.76,12.03,5.85,13607.0
2025-04-14,23,16406.0,3.46,10.03,-188.0,8394.0,2571.0,8.67,9.01,5.0,10776.0
2025-04-15,0,12440.0,3.78,11.07,-177.0,8074.0,3035.0,7.58,7.85,5.02,10932.0
2025-04-15,1,14670.0,4.01,9.76,-175.0,8382.0,3003.0,8.07,8.32,5.22,11211.0
2025-04-15,2,14953.0,4.34,9.09,-173.0,8306.0,2616.0,8.03,8.32,4.99,10749.0
2025-04-15,3,14716.0,4.75,9.04,-167.0,8163.0,2682.0,7.93,8.32,5.16,10678.0
2025-04-15,4,13141.0,5.03,10.13,-167.0,8240.0,2778.0,7.97,8.32,5.23,10851.0
2025-04-15,5,14198.0,5.26,9.38,-166.0,8033.0,3181.0,7.95,8.34,5.69,11047.0
2025-04-15,6,15478.0,5.44,9.94,-166.0,9495.0,4820.0,9.7,10.16,8.16,14150.0
2025-04-15,7,16448.0,5.41,9.68,-168.0,11718.0,6156.0,12.99,13.77,11.09,17706.0
2025-04-15,8,17045.0,5.16,8.35,-171.0,13461.0,6887.0,15.99,16.9,12.77,20177.0
2025-04-15,9,17238.0,4.78,8.1,-183.0,14100.0,6797.0,17.26,18.19,12.47,20714.0
2025-04-15,10,17730.0,4.42,7.94,-165.0,14226.0,6773.0,17.67,18.05,12.46,20834.0
2025-04-15,11,17921.0,4.13,7.74,-163.0,13914.0,6536.0,16.87,17.68,12.07,20286.0
2025-04-15,12,18181.0,3.88,7.59,-161.0,14053.0,6473.0,17.13,17.67,11.97,20364.0
2025-04-15,13,19446.0,3.68,7.88,-148.0,14407.0,6388.0,17.7,17.65,11.94,20647.0
2025-04-15,14,20104.0,3.57,8.03,-145.0,14647.0,6201.0,18.34,16.7,11.47,20702.0
2025-04-15,15,20701.0,3.56,8.27,-156.0,13444.0,6369.0,15.87,16.51,11.71,19656.0
2025-04-15,16,20561.0,3.61,8.91,-172.0,14521.0,6484.0,17.92,18.33,11.88,20833.0
2025-04-15,17,20194.0,3.49,9.38,-172.0,14608.0,6782.0,17.79,17.24,12.53,21217.0
2025-04-15,18,19518.0,3.38,8.86,-175.0,14170.0,6471.0,17.24,17.11,11.85,20465.0
2025-04-15,19,19622.0,3.31,8.8,-173.0,13646.0,5922.0,16.67,16.89,10.79,19395.0
2025-04-15,20,19299.0,3.33,8.68,-171.0,13236.0,5520.0,16.13,16.4,10.02,18584.0
2025-04-15,21,18695.0,3.42,8.48,-171.0,12378.0,4492.0,14.77,15.12,8.18,16699.0
2025-04-15,22,18063.0,3.67,9.26,-175.0,11085.0,3507.0,12.45,12.78,6.36,14417.0
2025-04-15,23,14815.0,3.96,10.24,-160.0,9519.0,2692.0,10.06,10.4,5.3,12050.0
2025-04-16,0,13990.0,4.22,10.19,-138.0,8530.0,2618.0,8.01,8.47,4.74,11010.0
2025-04-16,1,14014.0,4.49,10.02,-133.0,8327.0,2712.0,7.93,8.42,4.88,10906.0
2025-04-16,2,13931.0,4.77,10.21,-144.0,8250.0,2720.0,8.01,8.42,5.11,10826.0
2025-04-16,3,14010.0,5.04,10.51,-150.0,8313.0,2813.0,8.06,8.42,5.19,10975.0
2025-04-16,4,13656.0,5.29,10.53,-160.0,8280.0,3037.0,8.04,8.42,5.57,11157.0
2025-04-16,5,13072.0,5.47,10.33,-150.0,8344.0,3292.0,8.11,8.46,5.77,11486.0
2025-04-16,6,13462.0,5.46,10.93,-144.0,9371.0,5263.0,9.52,9.96,8.95,14490.0
2025-04-16,7,14945.0,5.31,10.13,-148.0,11077.0,6128.0,12.05,12.62,10.78,17056.0
2025-04-16,8,16348.0,5.01,8.87,-144.0,12686.0,6573.0,14.79,15.52,11.8,19115.0
2025-04-16,9,17224.0,4.69,8.02,-158.0,14130.0,6610.0,17.44,17.74,11.94,20582.0
2025-04-16,10,17480.0,4.34,7.9,-159.0,13805.0,6735.0,17.04,17.1,12.42,20380.0
2025-04-16,11,17650.0,4.06,7.74,-149.0,13491.0,6568.0,16.4,17.42,12.04,19910.0
2025-04-16,12,18039.0,3.81,7.67,-146.0,13928.0,6491.0,16.87,17.81,11.87,20272.0
2025-04-16,13,18958.0,3.57,7.02,-122.0,13821.0,6537.0,16.7,17.43,11.87,20235.0
2025-04-16,14,21751.0,3.57,5.08,-113.0,14055.0,6623.0,16.94,17.56,11.87,20565.0
2025-04-16,15,22777.0,3.7,5.31,-99.0,14138.0,6535.0,17.07,17.09,11.88,20573.0
2025-04-16,16,22633.0,3.87,5.58,-103.0,14611.0,6646.0,17.83,17.51,12.13,21154.0
2025-04-16,17,19402.0,3.76,7.66,-136.0,14782.0,7400.0,18.17,17.58,13.56,22046.0
2025-04-16,18,19780.0,3.53,7.73,-167.0,14453.0,7406.0,17.62,17.59,13.56,21692.0
2025-04-16,19,19986.0,3.36,7.7,-175.0,14224.0,7060.0,17.45,17.59,12.85,21109.0
2025-04-16,20,18893.0,3.19,8.41,-173.0,14026.0,6770.0,17.33,17.51,12.36,20622.0
2025-04-16,21,17981.0,3.07,9.1,-168.0,13099.0,5530.0,15.5,15.74,9.51,18460.0
2025-04-16,22,17279.0,3.13,10.04,-167.0,11042.0,4210.0,12.18,12.52,6.88,15084.0
2025-04-16,23,16909.0,3.41,10.63,-157.0,9207.0,3576.0,9.61,9.95,6.09,12626.0
2025-04-17,0,15677.0,3.82,10.22,-160.0,8517.0,3499.0,8.11,8.46,5.7,11857.0
2025-04-17,1,15243.0,4.17,10.59,-156.0,8141.0,3417.0,7.8,8.13,5.8,11402.0
2025-04-17,2,15501.0,4.55,11.21,-153.0,7952.0,3465.0,7.74,8.12,6.09,11264.0
2025-04-17,3,15117.0,4.93,11.24,-147.0,7890.0,3496.0,7.76,8.12,6.35,11239.0
2025-04-17,4,14974.0,5.26,11.39,-152.0,8295.0,3662.0,8.09,8.12,6.43,11805.0
2025-04-17,5,14221.0,5.52,11.07,-145.0,7995.0,3851.0,7.85,8.21,6.23,11700.0
2025-04-17,6,15825.0,5.63,10.74,-143.0,10506.0,5814.0,11.02,11.35,9.44,16177.0
2025-04-17,7,17990.0,5.49,9.35,-150.0,12554.0,7322.0,14.23,14.81,12.94,19727.0
2025-04-17,8,18856.0,5.22,8.69,-161.0,14192.0,7861.0,17.26,18.13,14.4,21892.0
2025-04-17,9,19861.0,4.92,7.88,-173.0,15039.0,7641.0,18.9,19.57,13.86,22507.0
2025-04-17,10,20248.0,4.66,7.79,-142.0,14972.0,7573.0,18.72,19.34,13.86,22403.0
2025-04-17,11,20492.0,4.39,7.59,-127.0,16001.0,7590.0,20.63,20.99,13.85,23463.0
2025-04-17,12,21010.0,4.12,7.49,-98.0,15152.0,7578.0,18.77,19.52,13.85,22631.0
2025-04-17,13,21786.0,4.07,7.69,-99.0,13940.0,7613.0,16.44,17.56,13.85,21454.0
2025-04-17,14,21940.0,4.08,7.74,-105.0,14188.0,7579.0,16.86,17.57,13.85,21662.0
2025-04-17,15,21880.0,4.07,7.73,-115.0,14365.0,7617.0,17.37,17.58,13.86,21867.0
2025-04-17,16,22313.0,4.06,7.35,2134.0,12488.0,7979.0,18.43,17.58,14.71,22602.0
2025-04-17,17,23355.0,3.97,6.23,-191.0,16670.0,7712.0,22.32,21.63,13.92,24191.0
2025-04-17,18,23520.0,3.84,6.08,-158.0,17049.0,7647.0,23.13,22.77,13.86,24538.0
2025-04-17,19,23635.0,3.76,6.02,4819.0,12062.0,7045.0,24.02,23.69,12.49,23926.0
2025-04-17,20,22831.0,3.65,5.78,5326.0,11418.0,6782.0,23.77,23.63,11.83,23526.0
2025-04-17,21,22794.0,3.64,5.74,4875.0,10412.0,6307.0,20.57,20.52,10.95,21595.0
2025-04-17,22,22089.0,3.87,6.46,4203.0,8908.0,4914.0,16.28,16.48,8.15,18024.0
2025-04-17,23,16010.0,4.21,11.03,361.0,8151.0,4313.0,8.95,9.22,7.04,12825.0
2025-04-18,0,15052.0,4.49,10.22,-158.0,8083.0,4464.0,7.58,7.85,7.15,12389.0
2025-04-18,1,14405.0,4.74,10.72,-120.0,7480.0,4241.0,7.07,7.45,6.92,11600.0
2025-04-18,2,14432.0,5.01,10.93,-116.0,7440.0,4146.0,7.11,7.42,6.81,11469.0
2025-04-18,3,14219.0,5.27,10.98,-128.0,7468.0,4103.0,7.15,7.45,6.77,11442.0
2025-04-18,4,18174.0,5.57,8.05,877.0,9273.0,5258.0,11.33,11.37,9.32,15408.0
2025-04-18,5,20210.0,5.59,7.33,4392.0,9690.0,6837.0,18.18,18.11,13.33,20920.0
2025-04-18,6,22584.0,5.32,6.78,5723.0,12249.0,9716.0,26.81,26.71,21.15,27688.0
2025-04-18,7,22336.0,4.65,6.22,6139.0,13079.0,10005.0,29.77,30.2,21.57,29223.0
2025-04-18,8,22749.0,3.97,5.63,6175.0,13080.0,9811.0,30.09,30.51,21.37,29066.0
2025-04-18,9,23344.0,3.34,5.08,6258.0,13219.0,8930.0,30.71,30.51,18.24,28407.0
2025-04-18,10,23709.0,2.98,4.77,5703.0,12039.0,7727.0,26.19,26.43,14.5,25469.0
2025-04-18,11,23960.0,3.03,4.81,4479.0,9468.0,7495.0,17.49,17.89,13.48,21443.0
2025-04-18,12,23941.0,3.21,4.98,4412.0,9344.0,7953.0,16.98,17.54,14.65,21709.0
2025-04-18,13,23925.0,3.36,5.14,4641.0,9775.0,8220.0,18.04,18.91,15.33,22636.0
2025-04-18,14,24162.0,3.4,5.22,5022.0,10599.0,7825.0,20.59,21.06,14.36,23446.0
2025-04-18,15,24128.0,3.43,5.25,4955.0,10405.0,7947.0,20.16,20.32,14.77,23307.0
2025-04-18,16,24038.0,3.44,5.27,5191.0,10909.0,8387.0,21.71,20.96,16.05,24487.0
2025-04-18,17,24666.0,3.21,5.11,6677.0,11826.0,10055.0,27.93,26.77,21.66,28558.0
2025-04-18,18,25081.0,2.67,4.68,9680.0,10028.0,10733.0,31.8,30.63,24.48,30441.0
2025-04-18,19,25534.0,2.15,4.36,9669.0,10008.0,9934.0,32.11,31.35,22.03,29611.0
2025-04-18,20,25742.0,1.77,4.27,9438.0,9765.0,9405.0,30.78,30.18,20.37,28608.0
2025-04-18,21,26423.0,1.62,4.36,8705.0,8921.0,7267.0,26.74,26.33,14.05,24893.0
2025-04-18,22,26852.0,1.98,4.48,5876.0,9194.0,4862.0,20.44,20.4,8.0,19931.0
2025-04-18,23,25822.0,2.92,4.9,-84.0,9187.0,4642.0,9.27,9.65,7.42,13745.0
2025-04-19,0,17410.0,3.75,9.44,-137.0,8651.0,4788.0,8.22,8.51,7.61,13302.0
2025-04-19,1,15904.0,4.02,9.42,-130.0,8628.0,4252.0,8.33,8.62,6.92,12750.0
2025-04-19,2,18802.0,4.41,7.74,-142.0,8224.0,4272.0,7.81,8.16,6.83,12354.0
2025-04-19,3,19014.0,5.13,7.8,-135.0,7165.0,4342.0,6.76,7.17,6.95,11372.0
2025-04-19,4,17395.0,5.61,8.76,991.0,8989.0,5379.0,11.21,11.38,9.51,15360.0
2025-04-19,5,20726.0,5.57,6.78,6282.0,9158.0,7341.0,21.25,20.96,14.92,22781.0
2025-04-19,6,22382.0,5.16,6.61,8716.0,9101.0,10083.0,27.02,26.66,22.52,27900.0
2025-04-19,7,22594.0,4.52,6.12,8912.0,9312.0,10401.0,28.06,28.19,23.11,28624.0
2025-04-19,8,22893.0,3.89,5.55,8898.0,9285.0,10379.0,28.01,28.21,22.67,28561.0
2025-04-19,9,24057.0,3.37,5.21,8842.0,9212.0,9475.0,27.55,27.22,19.59,27529.0
2025-04-19,10,24534.0,3.21,5.11,7961.0,8254.0,7949.0,22.64,23.06,15.79,24164.0
2025-04-19,11,24521.0,3.26,5.12,7640.0,7912.0,7584.0,20.81,20.82,14.58,23136.0
2025-04-19,12,24828.0,3.35,5.24,7548.0,7849.0,8054.0,20.32,20.09,15.84,23450.0
2025-04-19,13,23896.0,3.43,5.2,7171.0,7466.0,7638.0,19.01,19.71,14.93,22275.0
2025-04-19,14,24722.0,3.62,5.54,7166.0,7434.0,7806.0,18.94,19.39,14.38,22406.0
2025-04-19,15,24725.0,3.77,5.65,7320.0,7621.0,8232.0,19.56,19.07,14.93,23173.0
2025-04-19,16,24483.0,3.84,5.7,7436.0,7695.0,8695.0,19.98,18.95,16.36,23826.0
2025-04-19,17,24515.0,3.74,5.61,8257.0,8594.0,10152.0,24.31,23.39,21.44,27003.0
2025-04-19,18,25216.0,3.37,5.35,8749.0,9060.0,10803.0,26.8,26.06,24.03,28612.0
2025-04-19,19,25503.0,3.04,5.05,8647.0,8964.0,10336.0,26.68,26.06,23.18,27947.0
2025-04-19,20,25105.0,2.85,4.78,7947.0,8225.0,9652.0,23.25,22.91,21.09,25824.0
2025-04-19,21,24615.0,2.78,4.65,7634.0,7823.0,8120.0,21.76,21.53,15.95,23577.0
2025-04-19,22,23931.0,3.07,4.77,5125.0,7720.0,5127.0,16.16,16.33,8.59,17972.0
2025-04-19,23,19502.0,3.73,7.73,-184.0,8383.0,4937.0,8.44,8.77,7.91,13137.0
2025-04-20,0,16722.0,4.14,8.53,-166.0,8139.0,4972.0,7.76,8.09,8.0,12945.0
2025-04-20,1,16190.0,4.48,8.76,-139.0,7950.0,4679.0,7.68,8.04,7.61,12490.0
2025-04-20,2,16078.0,4.82,8.99,-147.0,7985.0,4519.0,7.85,8.21,7.61,12358.0
2025-04-20,3,16083.0,5.18,9.35,-154.0,7733.0,4443.0,7.61,7.93,7.54,12022.0
2025-04-20,4,18660.0,5.55,8.15,-189.0,10506.0,4932.0,11.52,11.71,9.12,15249.0
2025-04-20,5,20676.0,5.61,7.04,4222.0,10969.0,6883.0,20.91,20.59,13.99,22074.0
2025-04-20,6,24008.0,5.32,6.97,5778.0,12466.0,9550.0,27.68,27.64,21.22,27795.0
2025-04-20,7,23622.0,4.82,6.55,5946.0,12828.0,10538.0,28.81,29.04,23.79,29312.0
2025-04-20,8,23707.0,4.2,6.0,5984.0,12934.0,10895.0,29.11,29.39,24.75,29813.0
2025-04-20,9,24154.0,3.57,5.46,6070.0,13207.0,10638.0,29.97,29.81,23.62,29915.0
2025-04-20,10,24756.0,3.07,5.03,6075.0,13150.0,9148.0,29.8,29.89,18.53,28372.0
2025-04-20,11,24879.0,2.76,4.72,5852.0,12679.0,8276.0,27.84,27.94,15.76,26806.0
2025-04-20,12,25116.0,2.62,4.6,5469.0,11826.0,8062.0,24.57,25.16,15.15,25358.0
2025-04-20,13,25143.0,2.61,4.6,5394.0,11668.0,7615.0,24.39,25.05,13.96,24677.0
2025-04-20,14,25260.0,2.61,4.62,5335.0,11496.0,7876.0,23.78,23.98,14.85,24707.0
2025-04-20,15,25268.0,2.62,4.64,5405.0,11606.0,7951.0,24.25,24.01,14.84,24962.0
2025-04-20,16,25038.0,2.55,4.56,5656.0,12254.0,8481.0,26.4,25.41,16.51,26392.0
2025-04-20,17,25947.0,2.3,4.48,6004.0,12971.0,9809.0,28.9,27.96,20.9,28785.0
2025-04-20,18,26234.0,1.91,4.36,6037.0,13025.0,11038.0,29.41,28.55,25.6,30100.0
2025-04-20,19,26497.0,1.55,4.35,5851.0,12577.0,10440.0,28.31,27.85,23.99,28868.0
2025-04-20,20,26386.0,1.36,4.35,5441.0,11653.0,9670.0,24.89,24.66,21.51,26764.0
2025-04-20,21,26207.0,1.45,4.31,4639.0,9798.0,8175.0,19.01,19.0,16.51,22612.0
2025-04-20,22,26044.0,2.05,4.36,3697.0,7744.0,5774.0,13.22,13.38,9.69,17215.0
2025-04-20,23,25338.0,3.04,4.89,-23.0,8575.0,5234.0,9.06,9.35,8.6,13786.0
2025-04-21,0,18555.0,3.95,8.69,-130.0,7306.0,5044.0,6.84,7.23,8.04,12220.0
2025-04-21,1,16131.0,4.41,9.64,-111.0,6736.0,4680.0,6.4,6.75,7.36,11305.0
2025-04-21,2,15859.0,4.85,9.94,-127.0,6903.0,4374.0,6.63,6.98,7.23,11150.0
2025-04-21,3,16521.0,5.27,9.48,-133.0,7097.0,4424.0,6.86,7.21,7.35,11389.0
2025-04-21,4,17908.0,5.71,8.6,1295.0,8982.0,5305.0,11.55,11.67,9.55,15581.0
2025-04-21,5,20181.0,5.63,7.06,4698.0,10193.0,7762.0,19.78,19.61,15.36,22653.0
2025-04-21,6,22465.0,5.14,6.62,8919.0,9988.0,10516.0,29.09,28.71,23.17,29422.0
2025-04-21,7,23112.0,4.37,6.06,9751.0,10172.0,10463.0,32.01,32.04,22.98,30386.0
2025-04-21,8,23332.0,3.66,5.43,9386.0,9767.0,10143.0,30.32,30.28,22.23,29296.0
2025-04-21,9,23983.0,3.1,4.96,9547.0,9919.0,9160.0,31.05,30.66,19.0,28626.0
2025-04-21,10,24749.0,2.74,4.68,9161.0,9503.0,7862.0,28.62,28.65,14.61,26526.0
2025-04-21,11,24867.0,2.6,4.57,6549.0,10368.0,7702.0,23.82,24.2,13.9,24620.0
2025-04-21,12,25381.0,2.71,4.72,4823.0,10323.0,8104.0,19.44,20.09,14.85,23250.0
2025-04-21,13,25476.0,2.91,4.92,4805.0,10246.0,8084.0,19.35,20.06,14.85,23135.0
2025-04-21,14,25402.0,3.08,5.08,4849.0,10407.0,8018.0,19.78,19.92,14.84,23274.0
2025-04-21,15,25288.0,3.24,5.21,4873.0,10455.0,8028.0,20.06,19.05,14.85,23356.0
2025-04-21,16,25000.0,3.34,5.29,6410.0,9666.0,8755.0,22.08,21.26,16.73,24831.0
2025-04-21,17,24629.0,3.13,5.04,8808.0,9177.0,9956.0,26.7,25.72,20.68,27941.0
2025-04-21,18,24895.0,2.67,4.64,9035.0,9410.0,11210.0,28.15,27.27,25.67,29654.0
2025-04-21,19,25288.0,2.13,4.31,9784.0,10181.0,10821.0,32.38,31.5,24.55,30786.0
2025-04-21,20,24233.0,1.54,4.03,9453.0,9771.0,10184.0,30.46,29.9,22.36,29407.0
2025-04-21,21,25242.0,1.24,4.13,8512.0,8744.0,7704.0,25.47,25.05,14.44,24960.0
2025-04-21,22,25702.0,1.39,4.2,7530.0,8204.0,5364.0,21.81,21.65,9.01,21099.0
2025-04-21,23,25643.0,2.14,4.33,341.0,9709.0,4750.0,10.51,10.84,7.43,14799.0
2025-04-22,0,21563.0,3.15,5.75,-153.0,7616.0,5232.0,7.04,7.47,8.28,12695.0
2025-04-22,1,18768.0,3.85,7.65,-120.0,6856.0,4801.0,6.4,6.75,7.61,11537.0
2025-04-22,2,17978.0,4.52,8.38,-120.0,6869.0,4646.0,6.43,6.79,7.4,11395.0
2025-04-22,3,16215.0,5.01,9.44,-117.0,6958.0,4528.0,6.65,6.96,7.29,11368.0
2025-04-22,4,20079.0,5.5,7.23,1604.0,8530.0,5455.0,11.22,11.3,9.62,15589.0
2025-04-22,5,21504.0,5.5,6.81,5438.0,11714.0,8073.0,24.53,24.32,16.4,25225.0
2025-04-22,6,23920.0,4.92,6.64,9056.0,10754.0,11208.0,31.37,30.94,25.5,31018.0
2025-04-22,7,23652.0,4.1,5.88,10026.0,10409.0,11005.0,33.44,33.29,24.76,31439.0
2025-04-22,8,24357.0,3.36,5.26,9960.0,10397.0,10454.0,33.59,33.43,23.39,30810.0
2025-04-22,9,24697.0,2.75,4.73,9686.0,10043.0,9716.0,32.02,31.71,20.65,29445.0
2025-04-22,10,25341.0,2.42,4.49,8778.0,9079.0,8048.0,26.81,26.95,15.26,25905.0
2025-04-22,11,25353.0,2.55,4.58,4553.0,9588.0,8267.0,17.65,18.11,15.14,22407.0
2025-04-22,12,25680.0,2.8,4.82,4513.0,9521.0,8487.0,17.39,18.09,15.84,22521.0
2025-04-22,13,25573.0,3.07,5.08,4488.0,9532.0,8450.0,17.33,18.16,15.84,22470.0
2025-04-22,14,25341.0,3.31,5.29,4549.0,9650.0,8391.0,17.69,18.05,15.84,22589.0
2025-04-22,15,25175.0,3.52,5.47,4644.0,9836.0,8428.0,18.32,18.17,15.83,22908.0
2025-04-22,16,24909.0,3.59,5.53,5362.0,11466.0,8996.0,23.49,22.5,17.35,25824.0
2025-04-22,17,24961.0,3.21,5.18,6892.0,13083.0,10254.0,31.51,30.25,21.59,30229.0
2025-04-22,18,25579.0,2.6,4.69,10115.0,10482.0,11219.0,33.89,32.74,25.5,31816.0
2025-04-22,19,26533.0,2.05,4.47,9786.0,10108.0,10461.0,32.04,31.34,23.23,30356.0
2025-04-22,20,26449.0,1.67,4.39,9727.0,10028.0,9833.0,31.57,30.88,21.1,29588.0
2025-04-22,21,26198.0,1.39,4.31,9343.0,9615.0,8213.0,29.35,28.79,15.77,27172.0
2025-04-22,22,26649.0,1.49,4.39,6716.0,9562.0,5580.0,22.69,22.71,9.51,21858.0
2025-04-22,23,26068.0,2.25,4.46,623.0,10032.0,4764.0,11.5,11.8,7.42,15419.0
2025-04-23,0,23027.0,3.19,4.78,-139.0,9978.0,5107.0,9.84,10.12,8.07,14946.0
2025-04-23,1,21637.0,3.88,5.44,-119.0,9279.0,5142.0,9.01,9.31,8.41,14302.0
2025-04-23,2,20924.0,4.54,6.29,-130.0,9140.0,5071.0,8.85,9.12,8.41,14080.0
2025-04-23,3,20600.0,5.2,6.72,-145.0,8987.0,4555.0,8.8,9.12,7.42,13397.0
2025-04-23,4,20384.0,5.7,7.1,1818.0,10418.0,5665.0,14.61,14.64,10.24,17901.0
2025-04-23,5,21308.0,5.59,6.9,5282.0,11372.0,8328.0,23.49,23.13,17.07,24982.0
2025-04-23,6,23763.0,4.98,6.66,8581.0,11305.0,11111.0,31.27,31.0,25.13,30997.0
2025-04-23,7,24223.0,4.18,6.08,10408.0,10807.0,11204.0,35.34,35.08,25.41,32419.0
2025-04-23,8,24857.0,3.39,5.4,10409.0,10843.0,10364.0,36.22,36.0,22.96,31616.0
2025-04-23,9,25299.0,2.81,4.89,9610.0,9961.0,9172.0,31.75,31.71,18.92,28742.0
2025-04-23,10,25523.0,2.63,4.7,8489.0,8711.0,8082.0,25.29,25.26,15.11,25282.0
2025-04-23,11,25543.0,2.71,4.74,7641.0,7820.0,7986.0,20.81,20.76,14.54,23447.0
2025-04-23,12,25610.0,2.9,4.89,8220.0,6883.0,8342.0,19.65,19.95,15.27,23445.0
2025-04-23,13,25357.0,3.04,5.05,7730.0,7421.0,8478.0,19.77,20.48,15.82,23630.0
2025-04-23,14,25822.0,3.2,5.25,7603.0,7759.0,8368.0,20.33,20.59,15.71,23730.0
2025-04-23,15,25969.0,3.32,5.4,8059.0,8235.0,8283.0,22.45,21.96,15.5,24577.0
2025-04-23,16,25977.0,3.39,5.46,8153.0,8367.0,8880.0,22.99,21.61,16.95,25400.0
2025-04-23,17,25816.0,3.25,5.33,9112.0,9383.0,10250.0,28.07,27.08,21.61,28745.0
2025-04-23,18,26325.0,2.78,4.97,9937.0,10267.0,11106.0,32.75,31.59,25.18,31309.0
2025-04-23,19,26466.0,2.32,4.62,9577.0,9923.0,10587.0,31.15,30.4,23.54,30087.0
2025-04-23,20,26628.0,1.96,4.45,9299.0,9595.0,10334.0,29.53,28.94,22.76,29228.0
2025-04-23,21,26478.0,1.74,4.4,8913.0,9158.0,8772.0,27.46,26.98,17.87,26843.0
2025-04-23,22,27040.0,1.92,4.48,7973.0,8098.0,5838.0,22.66,22.37,9.53,21909.0
2025-04-23,23,25373.0,2.65,5.22,3431.0,7364.0,5016.0,11.91,12.14,7.92,15811.0
2025-04-24,0,20355.0,3.41,7.03,-133.0,9100.0,5228.0,8.72,9.06,8.18,14195.0
2025-04-24,1,19696.0,3.98,7.44,-108.0,8304.0,5117.0,7.83,8.17,8.2,13312.0
2025-04-24,2,19409.0,4.58,7.89,-98.0,8288.0,4898.0,7.88,8.22,8.12,13088.0
2025-04-24,3,18940.0,5.15,8.25,-97.0,8224.0,4981.0,7.82,8.16,8.12,13108.0
2025-04-24,4,20478.0,5.59,7.57,2497.0,9261.0,5388.0,13.68,13.61,9.48,17147.0
2025-04-24,5,22125.0,5.61,7.0,6703.0,9886.0,8395.0,23.58,23.16,17.35,24984.0
2025-04-24,6,24233.0,5.07,6.84,9797.0,10222.0,10941.0,31.86,31.45,24.4,30961.0
2025-04-24,7,23848.0,4.29,6.18,10296.0,10702.0,11117.0,34.89,34.76,25.09,32115.0
2025-04-24,8,24267.0,3.5,5.44,9838.0,10211.0,10598.0,32.82,32.44,23.73,30647.0
2025-04-24,9,24573.0,2.98,4.94,9173.0,9448.0,9162.0,29.19,29.03,18.91,27782.0
2025-04-24,10,25106.0,2.8,4.82,8283.0,8486.0,7946.0,24.43,24.67,14.77,24715.0
2025-04-24,11,24932.0,2.91,4.83,7375.0,7575.0,8000.0,19.66,19.82,14.43,22950.0
2025-04-24,12,24928.0,3.03,4.96,7343.0,7495.0,8525.0,19.28,19.62,16.06,23363.0
2025-04-24,13,24894.0,3.16,5.08,7279.0,7459.0,8484.0,18.99,19.67,15.83,23222.0
2025-04-24,14,24917.0,3.27,5.21,7403.0,7549.0,8445.0,19.4,19.65,15.84,23397.0
2025-04-24,15,25079.0,3.42,5.35,7261.0,7403.0,8249.0,18.81,18.6,15.32,22913.0
2025-04-24,16,25026.0,3.49,5.46,8246.0,8493.0,8825.0,23.44,22.49,16.9,25564.0
2025-04-24,17,25037.0,3.21,5.2,9321.0,9632.0,10378.0,29.14,27.83,22.13,29331.0
2025-04-24,18,25809.0,2.66,4.77,9816.0,10181.0,11135.0,32.08,30.85,25.21,31132.0
2025-04-24,19,26115.0,2.11,4.45,9912.0,10282.0,10748.0,32.89,32.04,24.11,30943.0
2025-04-24,20,25803.0,1.62,4.29,9886.0,10212.0,10222.0,32.49,31.72,22.46,30319.0
2025-04-24,21,25415.0,1.29,4.18,8813.0,9072.0,7896.0,26.74,26.36,14.79,25781.0
2025-04-24,22,26034.0,1.51,4.26,4693.0,9792.0,6109.0,18.62,18.69,9.97,20594.0
2025-04-24,23,26089.0,2.25,4.41,2306.0,8333.0,5133.0,11.57,11.96,8.2,15771.0
2025-04-25,0,22762.0,3.2,4.73,-135.0,9132.0,5142.0,8.54,8.85,7.86,14139.0
2025-04-25,1,19771.0,3.88,6.31,-111.0,8768.0,4982.0,8.24,8.52,7.81,13639.0
2025-04-25,2,19503.0,4.46,6.92,-86.0,8341.0,4694.0,7.97,8.37,7.57,12948.0
2025-04-25,3,18808.0,5.07,7.52,-99.0,7920.0,4579.0,7.61,7.92,7.36,12400.0
2025-04-25,4,19131.0,5.49,7.45,2039.0,9612.0,5285.0,13.44,13.36,9.08,16936.0
2025-04-25,5,20287.0,5.43,6.62,8057.0,8414.0,7637.0,23.63,23.05,15.01,24108.0
2025-04-25,6,22592.0,4.71,6.33,10005.0,10387.0,11077.0,32.9,32.47,24.92,31469.0
2025-04-25,7,23972.0,3.83,5.78,10042.0,10432.0,11295.0,33.34,33.26,25.75,31769.0
2025-04-25,8,24557.0,3.14,5.19,9499.0,9832.0,10683.0,30.55,30.64,23.61,30014.0
2025-04-25,9,24796.0,2.57,4.73,7247.0,12292.0,10025.0,31.09,31.15,21.48,29564.0
2025-04-25,10,25552.0,2.23,4.43,5705.0,12029.0,8834.0,26.12,26.16,17.18,26568.0
2025-04-25,11,25868.0,2.24,4.44,6206.0,9963.0,8342.0,22.0,22.13,15.58,24510.0
2025-04-25,12,26203.0,2.41,4.57,4786.0,10109.0,8791.0,18.89,19.61,16.62,23686.0
2025-04-25,13,25952.0,2.63,4.71,4759.0,10035.0,8697.0,18.76,19.56,16.53,23492.0
2025-04-25,14,26364.0,2.86,4.96,4713.0,9918.0,8576.0,18.53,19.2,16.21,23208.0
2025-04-25,15,25801.0,3.14,5.18,4729.0,10034.0,8442.0,18.62,17.83,15.87,23206.0
2025-04-25,16,25287.0,3.31,5.25,6760.0,8253.0,9269.0,19.52,19.02,18.08,24282.0
2025-04-25,17,25151.0,3.18,5.14,8523.0,8812.0,10657.0,25.08,23.79,22.99,27992.0
2025-04-25,18,25571.0,2.73,4.82,9452.0,9745.0,11286.0,29.92,28.84,26.04,30483.0
2025-04-25,19,25935.0,2.26,4.51,9402.0,9664.0,10516.0,29.87,29.19,23.46,29583.0
2025-04-25,20,25776.0,1.93,4.32,8951.0,9197.0,10172.0,27.53,26.97,22.12,28321.0
2025-04-25,21,25976.0,1.69,4.27,8876.0,9148.0,8603.0,26.93,26.44,17.11,26628.0
2025-04-25,22,26456.0,1.87,4.35,7008.0,7785.0,5553.0,19.54,19.6,9.03,20346.0
2025-04-25,23,26239.0,2.79,4.69,-113.0,8717.0,5425.0,8.7,9.0,8.71,14030.0
2025-04-26,0,21230.0,3.81,6.15,-87.0,7659.0,5561.0,7.02,7.41,8.87,13133.0
2025-04-26,1,17719.0,4.45,8.42,-79.0,6553.0,5104.0,6.23,6.58,8.1,11578.0
2025-04-26,2,15275.0,4.94,10.12,-62.0,6142.0,4741.0,5.98,6.36,7.49,10821.0
2025-04-26,3,13971.0,5.26,11.35,-56.0,6050.0,4791.0,5.81,6.19,7.53,10786.0
2025-04-26,4,19384.0,5.66,7.96,1456.0,8483.0,5474.0,11.4,11.41,9.68,15413.0
2025-04-26,5,20500.0,5.62,6.86,7819.0,8616.0,7594.0,23.46,23.02,15.11,24029.0
2025-04-26,6,21732.0,4.93,6.41,10256.0,10617.0,10698.0,34.47,33.87,23.84,31571.0
2025-04-26,7,23837.0,3.95,5.8,10466.0,10856.0,11277.0,35.69,35.43,25.52,32599.0
2025-04-26,8,24755.0,3.13,5.13,10185.0,10568.0,11125.0,34.28,34.13,25.05,31877.0
2025-04-26,9,25423.0,2.46,4.61,9873.0,10215.0,10525.0,32.67,32.27,22.9,30613.0
2025-04-26,10,26167.0,2.15,4.47,8433.0,8602.0,9213.0,24.62,24.8,17.83,26248.0
2025-04-26,11,26138.0,2.25,4.5,7310.0,7382.0,9334.0,18.89,19.06,17.81,24026.0
2025-04-26,12,26147.0,2.46,4.62,4451.0,9321.0,9396.0,16.71,17.24,18.21,23169.0
2025-04-26,13,25954.0,2.73,4.81,4387.0,9203.0,9343.0,16.42,17.16,18.31,22932.0
2025-04-26,14,25756.0,2.97,5.01,4455.0,9336.0,9336.0,16.9,17.35,18.32,23127.0
2025-04-26,15,25307.0,3.16,5.15,4506.0,9458.0,9162.0,17.23,17.33,17.86,23126.0
2025-04-26,16,25447.0,3.3,5.31,4999.0,10558.0,9470.0,20.52,19.58,18.74,25027.0
2025-04-26,17,25528.0,3.07,5.14,5966.0,12620.0,10898.0,27.73,26.92,24.13,29484.0
2025-04-26,18,25755.0,2.56,4.69,7673.0,11848.0,11796.0,30.53,29.54,27.65,31317.0
2025-04-26,19,25646.0,2.0,4.33,7783.0,11280.0,11005.0,29.84,29.29,25.14,30068.0
2025-04-26,20,25747.0,1.64,4.26,5849.0,12159.0,10376.0,26.74,26.4,22.96,28385.0
2025-04-26,21,25793.0,1.46,4.25,5642.0,11742.0,8418.0,25.2,24.93,16.83,25801.0
2025-04-26,22,26171.0,1.66,4.31,4655.0,10660.0,5588.0,20.74,20.8,9.13,20902.0
2025-04-26,23,26141.0,2.42,4.54,-112.0,10088.0,5469.0,10.78,11.17,8.91,15445.0
2025-04-27,0,24103.0,3.48,5.18,-97.0,8385.0,5735.0,8.15,8.44,9.28,14023.0
2025-04-27,1,19509.0,4.29,7.36,-88.0,8706.0,4988.0,8.55,8.62,8.1,13606.0
2025-04-27,2,15737.0,4.61,10.12,-76.0,8485.0,4813.0,8.39,8.62,7.91,13222.0
2025-04-27,3,19722.0,4.99,7.65,-87.0,8462.0,4767.0,8.36,8.67,7.92,13141.0
2025-04-27,4,20201.0,5.55,7.1,-106.0,11330.0,5237.0,12.82,12.97,9.57,16462.0
2025-04-27,5,20906.0,5.6,6.81,4448.0,11100.0,7445.0,21.73,21.6,15.35,22993.0
2025-04-27,6,24211.0,5.22,6.92,5985.0,12658.0,10461.0,28.46,28.41,23.93,29104.0
2025-04-27,7,23580.0,4.62,6.39,6125.0,12887.0,11223.0,29.27,29.53,26.02,30235.0
2025-04-27,8,24344.0,3.95,5.87,6144.0,12859.0,11607.0,29.17,29.35,27.36,30610.0
2025-04-27,9,24756.0,3.34,5.31,6193.0,12944.0,10694.0,29.52,29.46,23.73,29831.0
2025-04-27,10,25426.0,2.95,5.03,6162.0,12931.0,9011.0,29.25,29.53,17.73,28105.0
2025-04-27,11,25680.0,2.71,4.83,5953.0,12447.0,8582.0,27.35,27.75,16.33,26982.0
2025-04-27,12,25835.0,2.63,4.7,5617.0,11770.0,8238.0,25.09,24.39,15.61,25625.0
2025-04-27,13,25840.0,2.68,4.69,5337.0,11191.0,8019.0,23.18,22.87,15.21,24546.0
2025-04-27,14,25802.0,2.79,4.82,5301.0,11129.0,7923.0,22.89,22.88,15.01,24353.0
2025-04-27,15,25857.0,2.91,4.93,5341.0,11191.0,7632.0,23.1,22.95,14.36,24164.0
2025-04-27,16,26016.0,2.99,5.05,5627.0,11859.0,8182.0,25.33,25.04,15.54,25668.0
2025-04-27,17,26307.0,2.88,5.01,5986.0,12562.0,9683.0,28.0,27.45,20.6,28232.0
2025-04-27,18,27158.0,2.65,4.9,5922.0,12344.0,10527.0,27.67,27.22,23.75,28792.0
2025-04-27,19,27307.0,2.51,4.83,5860.0,12246.0,9741.0,27.36,27.05,21.75,27847.0
2025-04-27,20,27275.0,2.46,4.78,5627.0,11769.0,9445.0,25.49,25.37,20.8,26840.0
2025-04-27,21,26398.0,2.59,4.75,4713.0,9833.0,8391.0,19.2,19.29,17.19,22937.0
2025-04-27,22,24865.0,3.14,4.92,3198.0,8066.0,5473.0,12.99,13.29,9.07,16737.0
2025-04-27,23,21439.0,3.96,6.93,-118.0,9029.0,4814.0,9.38,9.73,8.15,13726.0
2025-04-28,0,16169.0,4.41,10.19,-101.0,8039.0,4855.0,7.53,7.89,7.73,12793.0
2025-04-28,1,15794.0,4.74,10.05,-76.0,7479.0,4618.0,7.08,7.43,7.5,12020.0
2025-04-28,2,15297.0,5.09,10.72,-83.0,7510.0,4268.0,7.13,7.52,7.13,11694.0
2025-04-28,3,14379.0,5.38,11.97,-81.0,7319.0,4440.0,6.94,7.34,7.23,11678.0
2025-04-28,4,16623.0,5.53,9.66,854.0,9876.0,5084.0,12.05,12.04,9.05,15813.0
2025-04-28,5,20550.0,5.45,6.65,4829.0,10429.0,7619.0,20.28,20.08,14.94,22876.0
2025-04-28,6,22621.0,4.96,6.53,7483.0,11726.0,11009.0,29.45,29.28,24.91,30218.0
2025-04-28,7,23681.0,4.22,6.07,6358.0,12351.0,10983.0,28.45,28.84,24.69,29692.0
2025-04-28,8,24079.0,3.66,5.59,5814.0,12496.0,10597.0,27.42,28.03,23.71,28907.0
2025-04-28,9,24362.0,3.17,5.09,5877.0,12645.0,9809.0,28.21,27.55,20.7,28330.0
2025-04-28,10,24958.0,2.92,4.84,5441.0,11507.0,8562.0,24.08,24.49,16.36,25510.0
2025-04-28,11,24979.0,2.97,4.93,4578.0,9839.0,8633.0,18.16,18.78,16.11,23050.0
2025-04-28,12,25582.0,3.14,5.13,4520.0,9683.0,8915.0,17.54,18.37,17.06,23118.0
2025-04-28,13,25450.0,3.37,5.38,4454.0,9676.0,8647.0,17.41,18.38,16.29,22777.0
2025-04-28,14,24920.0,3.53,5.49,4848.0,10343.0,8832.0,19.58,19.73,16.83,24024.0
2025-04-28,15,24550.0,3.55,5.42,4980.0,10602.0,8700.0,20.49,20.05,16.54,24282.0
2025-04-28,16,24680.0,3.52,5.4,5207.0,11107.0,8974.0,22.29,21.62,17.27,25288.0
2025-04-28,17,24680.0,3.27,5.2,5823.0,12405.0,10396.0,26.98,26.11,22.51,28624.0
2025-04-28,18,25397.0,2.79,4.82,5985.0,12723.0,11145.0,28.67,27.85,25.4,29853.0
2025-04-28,19,25744.0,2.39,4.54,5952.0,12671.0,10483.0,28.6,28.24,23.46,29106.0
2025-04-28,20,25749.0,2.04,4.35,5965.0,12759.0,10007.0,28.47,28.15,21.81,28731.0
2025-04-28,21,25471.0,1.84,4.23,5382.0,11435.0,8116.0,23.73,23.65,15.43,24933.0
2025-04-28,22,25941.0,2.21,4.34,3975.0,8282.0,6174.0,14.54,14.77,10.17,18431.0
2025-04-28,23,25698.0,3.13,4.9,309.0,8837.0,5251.0,9.56,9.89,8.21,14398.0
2025-04-29,0,17597.0,3.86,8.61,-62.0,8337.0,5410.0,7.76,8.11,8.36,13684.0
2025-04-29,1,17636.0,4.24,8.42,-65.0,8412.0,4997.0,8.05,8.12,7.91,13344.0
2025-04-29,2,17409.0,4.65,8.7,-68.0,8130.0,4813.0,7.85,8.12,7.9,12875.0
2025-04-29,3,18582.0,5.12,8.99,-78.0,8116.0,4747.0,7.86,8.18,7.62,12786.0
2025-04-29,4,20250.0,5.59,7.23,1191.0,10167.0,5663.0,13.02,13.11,10.08,17022.0
2025-04-29,5,20029.0,5.54,6.72,7704.0,8010.0,8360.0,21.85,21.22,17.04,24074.0
2025-04-29,6,22444.0,4.87,6.39,9534.0,9874.0,10494.0,30.46,30.02,23.35,29902.0
2025-04-29,7,23933.0,4.18,6.04,9730.0,10067.0,10353.0,32.0,31.52,22.79,30151.0
2025-04-29,8,24135.0,3.63,5.52,9131.0,9416.0,9802.0,28.96,28.89,20.93,28348.0
2025-04-29,9,24507.0,3.29,5.25,8576.0,8802.0,9236.0,26.1,26.35,18.88,26614.0
2025-04-29,10,24866.0,3.24,5.23,6852.0,8540.0,8054.0,21.05,21.9,14.94,23447.0
2025-04-29,11,24734.0,3.44,5.37,4294.0,9111.0,8132.0,16.41,17.02,14.85,21537.0
2025-04-29,12,24769.0,3.68,5.6,4405.0,9400.0,8175.0,16.86,17.6,14.85,21981.0
2025-04-29,13,24926.0,3.91,5.79,4476.0,9568.0,8306.0,17.38,17.38,15.21,22350.0
2025-04-29,14,24534.0,4.14,5.97,4241.0,9042.0,8403.0,16.01,17.08,15.72,21686.0
2025-04-29,15,24886.0,4.38,6.27,4389.0,9350.0,8399.0,16.95,16.89,15.64,22137.0
2025-04-29,16,25041.0,4.53,6.45,5035.0,10781.0,8861.0,21.19,20.46,17.04,24677.0
2025-04-29,17,25157.0,4.34,6.32,5839.0,12447.0,10246.0,27.21,26.2,21.82,28533.0
2025-04-29,18,25484.0,3.9,5.97,7079.0,12379.0,10651.0,30.64,29.63,23.72,30109.0
2025-04-29,19,25099.0,3.44,5.49,9074.0,9375.0,10272.0,28.52,27.88,22.68,28721.0
2025-04-29,20,25239.0,3.07,5.13,9265.0,9515.0,9980.0,28.97,28.36,21.72,28759.0
2025-04-29,21,25370.0,2.76,4.81,9126.0,9382.0,8388.0,28.4,27.82,16.9,26896.0
2025-04-29,22,25979.0,2.84,4.82,7988.0,8377.0,5439.0,23.36,23.3,8.96,21805.0
2025-04-29,23,25145.0,3.59,5.38,-95.0,9019.0,5290.0,9.05,9.38,8.39,14213.0
2025-04-30,0,17485.0,4.27,8.71,-81.0,8711.0,5110.0,8.23,8.55,7.96,13739.0
2025-04-30,1,17140.0,4.64,8.9,-67.0,8110.0,4771.0,7.66,7.9,7.75,12814.0
2025-04-30,2,16677.0,5.05,8.91,-62.0,7580.0,4724.0,7.12,7.52,7.61,12242.0
2025-04-30,3,16226.0,5.46,9.17,-72.0,7393.0,4640.0,6.95,7.32,7.52,11962.0
2025-04-30,4,17580.0,5.73,8.22,1136.0,9629.0,5580.0,12.24,12.14,9.81,16345.0
2025-04-30,5,20030.0,5.52,6.78,8399.0,8783.0,8021.0,25.18,24.62,16.24,25203.0
2025-04-30,6,22754.0,4.79,6.44,9960.0,10342.0,10988.0,32.61,32.3,24.77,31290.0
2025-04-30,7,23800.0,3.95,5.91,9723.0,10065.0,11265.0,31.82,31.94,25.78,31053.0
2025-04-30,8,24450.0,3.3,5.37,9372.0,9675.0,10459.0,30.17,30.16,23.33,29505.0
2025-04-30,9,24878.0,2.83,4.97,9385.0,9702.0,9726.0,30.36,30.27,20.78,28813.0
2025-04-30,10,25534.0,2.52,4.73,9130.0,9430.0,8320.0,28.62,28.59,15.99,26879.0
2025-04-30,11,25468.0,2.49,4.53,7998.0,8149.0,8068.0,22.32,22.03,14.79,24214.0
2025-04-30,12,25546.0,2.66,4.66,6270.0,7820.0,8808.0,17.79,18.06,16.83,22899.0
2025-04-30,13,25367.0,2.93,4.89,4260.0,8956.0,8805.0,15.93,17.08,16.83,22021.0
2025-04-30,14,25387.0,3.22,5.19,4474.0,9464.0,8416.0,17.2,17.84,15.83,22354.0
2025-04-30,15,25494.0,3.45,5.37,4627.0,9802.0,8471.0,18.17,18.05,15.83,22900.0
2025-04-30,16,24448.0,3.55,6.14,4978.0,10540.0,9118.0,20.56,19.68,17.73,24636.0
2025-04-30,17,23829.0,3.32,6.26,6787.0,10778.0,10461.0,25.57,24.47,22.68,28026.0
2025-04-30,18,25484.0,2.82,5.58,9361.0,9694.0,10777.0,29.96,28.98,24.43,29831.0
2025-04-30,19,25794.0,2.43,4.71,9188.0,9504.0,10022.0,29.28,28.6,22.21,28713.0
2025-04-30,20,25768.0,2.14,4.73,9120.0,9423.0,9384.0,28.88,28.1,20.32,27926.0
2025-04-30,21,25955.0,1.99,4.38,8945.0,9187.0,7555.0,27.85,27.35,14.79,25687.0
2025-04-30,22,26410.0,2.28,4.39,4720.0,9706.0,5057.0,18.69,18.84,8.31,19483.0
2025-04-30,23,25522.0,3.1,4.82,-102.0,10376.0,5392.0,10.82,11.33,8.58,15667.0
2025-05-01,0,19397.0,3.96,6.74,-93.0,8331.0,5239.0,7.84,8.28,8.29,13476.0
2025-05-01,1,16071.0,4.27,9.12,-66.0,7448.0,5174.0,7.11,7.5,8.4,12555.0
2025-05-01,2,16280.0,4.64,9.11,-71.0,6898.0,5082.0,6.69,6.82,8.41,11909.0
2025-05-01,3,18673.0,5.1,7.92,-77.0,8008.0,4915.0,7.94,7.69,8.41,12846.0
2025-05-01,4,18880.0,5.53,7.56,-97.0,10788.0,5357.0,12.12,12.35,9.79,16047.0
2025-05-01,5,20192.0,5.58,6.8,6315.0,9008.0,6755.0,21.72,21.56,14.07,22078.0
2025-05-01,6,24221.0,5.31,6.86,8590.0,8925.0,8565.0,26.72,26.42,18.54,26080.0
2025-05-01,7,24202.0,5.07,6.86,8730.0,9104.0,9253.0,27.33,27.18,20.28,27087.0
2025-05-01,8,23577.0,4.68,6.61,8824.0,9230.0,9584.0,27.76,28.18,20.88,27638.0
2025-05-01,9,23603.0,4.24,6.32,9034.0,9399.0,9116.0,28.66,29.06,18.91,27549.0
2025-05-01,10,24249.0,3.88,5.99,9088.0,9447.0,8034.0,28.72,28.64,15.7,26569.0
2025-05-01,11,24441.0,3.71,5.59,8648.0,8920.0,7012.0,26.24,25.81,12.8,24580.0
2025-05-01,12,24581.0,3.74,5.57,8078.0,8319.0,7024.0,23.44,23.4,13.15,23421.0
2025-05-01,13,24536.0,3.83,5.59,8157.0,8456.0,6777.0,23.98,22.86,12.51,23390.0
2025-05-01,14,25383.0,3.95,5.66,8002.0,8227.0,6900.0,23.15,23.15,12.86,23130.0
2025-05-01,15,25229.0,4.13,6.07,8040.0,8313.0,6933.0,23.28,23.68,12.92,23285.0
2025-05-01,16,25038.0,4.26,6.28,8388.0,8682.0,7180.0,25.11,25.09,13.83,24250.0
2025-05-01,17,24196.0,4.14,6.11,8977.0,9344.0,8037.0,28.38,27.39,16.19,26359.0
2025-05-01,18,24406.0,3.83,5.7,8969.0,9311.0,9057.0,28.58,27.55,19.49,27336.0
2025-05-01,19,24644.0,3.55,5.45,8904.0,9241.0,8847.0,28.2,27.55,18.81,26992.0
2025-05-01,20,24287.0,3.28,5.19,8625.0,8925.0,8868.0,26.41,25.96,18.81,26418.0
2025-05-01,21,24066.0,3.2,4.98,7360.0,7510.0,7318.0,20.22,20.11,14.12,22188.0
2025-05-01,22,22659.0,3.57,5.55,4787.0,6559.0,5362.0,13.16,13.46,9.02,16707.0
2025-05-01,23,19386.0,4.12,7.71,413.0,8813.0,4871.0,9.75,10.09,8.22,14097.0
2025-05-02,0,15307.0,4.46,9.59,-109.0,7671.0,4715.0,7.11,7.63,7.56,12276.0
2025-05-02,1,15025.0,4.72,9.49,-102.0,7714.0,4617.0,7.35,7.72,7.71,12230.0
2025-05-02,2,15468.0,5.0,9.86,-82.0,7488.0,4439.0,7.18,7.52,7.61,11846.0
2025-05-02,3,15549.0,5.37,10.41,-82.0,7311.0,4347.0,7.1,7.39,7.55,11576.0
2025-05-02,4,15240.0,5.57,10.41,-105.0,10042.0,4915.0,10.59,10.78,8.85,14852.0
2025-05-02,5,19785.0,5.53,7.94,3745.0,10539.0,6607.0,18.29,18.12,12.83,20891.0
2025-05-02,6,21867.0,5.2,6.73,5525.0,11803.0,9705.0,24.65,24.46,20.34,27033.0
2025-05-02,7,22959.0,4.62,6.4,5818.0,12387.0,10149.0,26.86,27.06,22.07,28354.0
2025-05-02,8,23437.0,4.11,6.08,5762.0,12296.0,9835.0,26.84,27.12,20.78,27893.0
2025-05-02,9,23684.0,3.73,5.77,5365.0,11407.0,9200.0,23.89,24.42,18.36,25973.0
2025-05-02,10,23961.0,3.61,5.69,4881.0,10326.0,8052.0,20.29,21.24,14.83,23259.0
2025-05-02,11,23852.0,3.68,5.54,4711.0,9974.0,8379.0,18.85,18.54,15.47,23065.0
2025-05-02,12,24086.0,3.75,5.46,4420.0,9365.0,8670.0,16.89,17.21,16.42,22455.0
2025-05-02,13,24030.0,3.89,5.39,4445.0,9433.0,8142.0,17.19,15.51,15.08,22021.0
2025-05-02,14,24013.0,4.14,5.55,4120.0,8783.0,8126.0,15.48,15.77,15.05,21029.0
2025-05-02,15,23712.0,4.39,5.96,4146.0,8802.0,8138.0,15.43,15.79,15.04,21086.0
2025-05-02,16,21863.0,4.51,6.74,4381.0,9318.0,8444.0,16.95,17.25,16.07,22143.0
2025-05-02,17,20835.0,4.18,7.62,5404.0,11489.0,9316.0,24.21,24.26,19.28,26208.0
2025-05-02,18,21531.0,3.61,7.63,5565.0,11738.0,9390.0,25.19,24.73,19.8,26692.0
2025-05-02,19,21457.0,3.1,7.23,5486.0,11590.0,9325.0,24.72,24.42,19.67,26401.0
2025-05-02,20,21803.0,2.62,6.87,5429.0,11489.0,8892.0,24.35,24.18,18.19,25810.0
2025-05-02,21,22014.0,2.28,6.64,5183.0,10954.0,7756.0,22.6,22.5,14.82,23892.0
2025-05-02,22,22342.0,2.28,6.6,4141.0,9460.0,5555.0,17.1,17.27,9.14,19156.0
2025-05-02,23,21649.0,2.8,6.75,-136.0,8921.0,5231.0,8.92,9.3,8.25,14016.0
2025-05-03,0,20253.0,3.49,7.54,-114.0,8725.0,5233.0,8.19,8.73,8.33,13844.0
2025-05-03,1,18711.0,4.04,7.88,-86.0,8082.0,4798.0,7.67,7.71,7.71,12794.0
2025-05-03,2,18281.0,4.59,8.1,-91.0,7728.0,4729.0,7.36,7.53,7.6,12366.0
2025-05-03,3,17848.0,5.14,8.44,-116.0,7598.0,4676.0,7.33,7.68,7.55,12159.0
2025-05-03,4,19395.0,5.6,7.76,-135.0,9949.0,5597.0,10.88,10.48,10.08,15411.0
2025-05-03,5,19565.0,5.69,6.82,2709.0,10481.0,7673.0,16.59,16.89,15.15,20863.0
2025-05-03,6,23790.0,5.54,6.91,4768.0,10358.0,8823.0,20.61,20.61,18.15,23949.0
2025-05-03,7,23726.0,5.5,7.14,4908.0,10608.0,9000.0,21.54,21.72,18.35,24517.0
2025-05-03,8,23081.0,5.35,6.98,4789.0,10305.0,9377.0,20.66,21.16,19.52,24471.0
2025-05-03,9,23053.0,5.14,6.78,5022.0,10839.0,9105.0,22.26,21.98,18.31,24966.0
2025-05-03,10,20975.0,4.94,7.88,4557.0,9823.0,8168.0,18.82,19.78,15.15,22548.0
2025-05-03,11,20927.0,4.78,8.67,4161.0,8972.0,8772.0,15.89,16.54,16.8,21905.0
2025-05-03,12,21134.0,4.68,9.45,3934.0,8434.0,9241.0,14.39,14.62,18.04,21608.0
2025-05-03,13,21031.0,4.58,10.06,4047.0,8612.0,9060.0,15.0,16.57,17.59,21719.0
2025-05-03,14,21028.0,4.49,10.3,4195.0,8939.0,8838.0,15.91,16.56,16.83,21972.0
2025-05-03,15,19760.0,4.34,10.97,4258.0,9080.0,8507.0,16.42,15.43,16.13,21845.0
2025-05-03,16,18767.0,4.04,11.91,4310.0,9123.0,8979.0,16.64,15.63,17.31,22413.0
2025-05-03,17,18820.0,3.5,11.48,4993.0,10608.0,9445.0,21.14,20.73,19.43,25046.0
2025-05-03,18,21812.0,2.92,9.95,5265.0,11160.0,9924.0,23.18,22.86,21.29,26349.0
2025-05-03,19,26336.0,2.7,6.45,5181.0,11030.0,9570.0,22.85,22.72,20.47,25782.0
2025-05-03,20,26420.0,2.78,5.16,5081.0,10741.0,9275.0,21.97,21.93,19.31,25098.0
2025-05-03,21,25874.0,2.95,4.98,4685.0,9922.0,7958.0,19.51,19.48,15.59,22565.0
2025-05-03,22,22658.0,3.33,5.98,4272.0,9173.0,5657.0,16.29,16.48,9.58,19102.0
2025-05-03,23,19066.0,3.54,8.44,3556.0,7529.0,5042.0,12.14,12.31,8.16,16126.0
2025-05-04,0,18457.0,3.83,8.78,240.0,9676.0,4996.0,9.57,9.88,7.9,14912.0
2025-05-04,1,18059.0,4.16,8.44,-108.0,9441.0,4792.0,9.3,9.62,7.71,14125.0
2025-05-04,2,17932.0,4.55,8.57,-90.0,8737.0,4594.0,8.7,9.05,7.61,13241.0
2025-05-04,3,18478.0,5.0,8.6,-97.0,8538.0,4611.0,8.42,8.77,7.55,13052.0
2025-05-04,4,21024.0,5.53,7.15,1573.0,9422.0,5545.0,12.7,12.81,10.19,16540.0
2025-05-04,5,20456.0,5.63,6.87,6625.0,7983.0,7619.0,20.2,19.99,15.39,22227.0
2025-05-04,6,21365.0,5.16,6.68,8923.0,9259.0,9290.0,28.04,27.82,20.02,27473.0
2025-05-04,7,23363.0,4.56,6.55,9030.0,9395.0,10036.0,28.48,28.8,22.0,28460.0
2025-05-04,8,24745.0,4.07,6.4,9151.0,9507.0,10434.0,29.09,29.17,22.98,29092.0
2025-05-04,9,24493.0,3.56,6.08,9260.0,9594.0,10486.0,29.52,29.45,22.96,29340.0
2025-05-04,10,24701.0,3.12,5.45,9147.0,9432.0,9223.0,28.75,28.53,18.67,27802.0
2025-05-04,11,24904.0,2.88,5.14,8963.0,9251.0,8020.0,27.59,27.53,15.04,26234.0
2025-05-04,12,25991.0,2.84,5.02,8366.0,8585.0,7866.0,24.6,24.8,14.76,24817.0
2025-05-04,13,25884.0,2.96,5.02,8187.0,8391.0,7527.0,23.72,24.09,13.85,24105.0
2025-05-04,14,25904.0,3.08,5.12,8258.0,8481.0,7580.0,24.06,24.37,14.27,24319.0
2025-05-04,15,26149.0,3.24,5.22,8284.0,8478.0,7101.0,24.14,23.8,13.07,23864.0
2025-05-04,16,25948.0,3.36,5.33,8734.0,9009.0,7703.0,26.73,25.43,14.65,25445.0
2025-05-04,17,25695.0,3.25,5.24,9040.0,9314.0,8888.0,28.39,27.41,18.25,27242.0
2025-05-04,18,26247.0,3.05,5.04,8973.0,9217.0,9663.0,27.89,26.9,20.54,27854.0
2025-05-04,19,25985.0,2.83,4.9,9058.0,9351.0,9709.0,28.28,27.68,20.78,28118.0
2025-05-04,20,25175.0,2.6,4.74,8463.0,8669.0,9527.0,25.17,24.83,20.47,26659.0
2025-05-04,21,25446.0,2.61,4.63,6996.0,7269.0,8021.0,18.6,18.54,15.67,22287.0
2025-05-04,22,25621.0,3.18,4.75,3104.0,8190.0,5163.0,13.06,13.24,8.53,16457.0
2025-05-04,23,21663.0,4.15,6.98,-105.0,8491.0,4580.0,8.8,9.1,7.65,12966.0
2025-05-05,0,15169.0,4.61,12.38,-78.0,7231.0,4974.0,6.82,7.15,7.95,12127.0
2025-05-05,1,13952.0,4.9,11.82,-65.0,5682.0,5000.0,5.52,5.93,8.0,10617.0
2025-05-05,2,13132.0,5.18,12.34,-64.0,5398.0,4746.0,5.44,5.83,7.81,10080.0
2025-05-05,3,11621.0,5.4,13.11,-69.0,5458.0,4811.0,5.56,5.92,7.91,10200.0
2025-05-05,4,16276.0,5.54,11.07,-83.0,8110.0,5453.0,8.75,8.97,9.76,13480.0
2025-05-05,5,20437.0,5.67,8.04,1005.0,12026.0,7825.0,15.92,16.0,15.57,20856.0
2025-05-05,6,23459.0,5.37,7.17,5478.0,11746.0,11193.0,24.56,24.58,25.16,28416.0
2025-05-05,7,24250.0,4.76,7.05,6142.0,13084.0,11298.0,29.26,29.66,25.65,30524.0
2025-05-05,8,24005.0,4.13,6.55,6208.0,13186.0,10620.0,30.07,30.1,23.27,30013.0
2025-05-05,9,24049.0,3.52,5.92,9406.0,10158.0,9436.0,31.1,30.9,19.43,29000.0
2025-05-05,10,24755.0,3.19,5.56,8332.0,8567.0,8803.0,24.2,24.37,17.17,25701.0
2025-05-05,11,24757.0,3.14,5.39,8044.0,8237.0,8180.0,22.66,22.56,15.41,24462.0
2025-05-05,12,24759.0,3.17,5.18,7770.0,7913.0,7943.0,21.31,21.57,14.57,23626.0
2025-05-05,13,24639.0,3.26,5.14,7532.0,7655.0,8314.0,20.2,20.77,15.59,23502.0
2025-05-05,14,24657.0,3.36,5.28,7328.0,7424.0,8627.0,19.33,20.07,16.47,23378.0
2025-05-05,15,24856.0,3.46,5.38,7112.0,7209.0,8691.0,18.36,18.37,16.83,23012.0
2025-05-05,16,24633.0,3.56,5.38,7710.0,7843.0,8879.0,21.17,19.95,17.36,24432.0
2025-05-05,17,24410.0,3.39,5.25,8712.0,8944.0,9464.0,25.94,24.86,19.47,27120.0
2025-05-05,18,24775.0,2.94,4.91,9598.0,9864.0,10478.0,30.65,29.43,23.07,29940.0
2025-05-05,19,25277.0,2.44,4.62,9382.0,9670.0,10292.0,29.71,28.98,22.68,29344.0
2025-05-05,20,25631.0,2.06,4.43,9152.0,9422.0,9920.0,28.36,27.75,21.37,28494.0
2025-05-05,21,25741.0,1.83,4.33,8445.0,8647.0,8922.0,24.69,24.37,18.22,26014.0
2025-05-05,22,26168.0,1.99,4.3,6672.0,8269.0,6238.0,19.97,19.82,10.68,21179.0
2025-05-05,23,25570.0,2.83,4.41,-72.0,8709.0,5541.0,8.99,9.27,9.4,14178.0
2025-05-06,0,18296.0,3.6,6.46,-88.0,7552.0,5117.0,6.98,7.42,7.72,12581.0
2025-05-06,1,18174.0,4.22,7.45,-84.0,8082.0,4869.0,7.69,7.97,7.73,12867.0
2025-05-06,2,17611.0,4.68,7.99,-89.0,8321.0,4701.0,7.88,8.21,7.7,12933.0
2025-05-06,3,17659.0,5.13,8.39,-104.0,8120.0,4657.0,7.71,8.05,7.55,12672.0
2025-05-06,4,18373.0,5.49,8.55,249.0,10368.0,5327.0,11.66,11.78,9.31,15944.0
2025-05-06,5,20799.0,5.43,7.56,5260.0,11295.0,7734.0,23.1,22.9,15.08,24288.0
2025-05-06,6,23453.0,4.9,6.89,5883.0,12596.0,10545.0,27.49,26.82,22.81,29024.0
2025-05-06,7,23990.0,4.44,6.49,5393.0,11613.0,10247.0,24.5,24.55,22.07,27253.0
2025-05-06,8,24013.0,4.11,6.41,5564.0,11959.0,9757.0,25.84,26.54,20.74,27280.0
2025-05-06,9,24317.0,3.78,6.32,5612.0,12092.0,8774.0,26.01,26.56,17.68,26478.0
2025-05-06,10,24769.0,3.63,6.08,5548.0,11969.0,7578.0,25.52,25.73,13.76,25094.0
2025-05-06,11,24745.0,3.61,5.85,5097.0,10957.0,8031.0,21.75,22.17,14.79,24085.0
2025-05-06,12,25210.0,3.72,5.76,4736.0,10050.0,8240.0,18.99,19.75,15.34,23025.0
2025-05-06,13,25398.0,3.93,5.84,4543.0,9704.0,8483.0,17.78,18.81,15.89,22730.0
2025-05-06,14,25275.0,4.15,6.02,4571.0,9747.0,8292.0,18.11,18.21,15.36,22610.0
2025-05-06,15,25048.0,4.37,6.03,4598.0,9835.0,8177.0,18.18,17.59,15.14,22610.0
2025-05-06,16,24802.0,4.53,5.97,4800.0,10284.0,8873.0,19.63,18.69,17.13,23957.0
2025-05-06,17,23361.0,4.4,6.34,5456.0,11725.0,9851.0,24.52,24.21,20.53,27032.0
2025-05-06,18,21538.0,3.77,8.08,5690.0,12176.0,10333.0,26.21,25.54,22.33,28199.0
2025-05-06,19,24236.0,3.26,7.56,5820.0,12548.0,9596.0,27.44,26.94,20.13,27964.0
2025-05-06,20,25223.0,2.88,6.71,5830.0,12571.0,9588.0,27.46,27.04,19.99,27989.0
2025-05-06,21,26225.0,2.74,5.69,5623.0,12067.0,7921.0,25.85,25.55,14.88,25611.0
2025-05-06,22,25959.0,3.02,5.28,2983.0,10857.0,5681.0,17.41,17.59,9.13,19521.0
2025-05-06,23,21850.0,3.79,6.03,-107.0,7085.0,4936.0,6.88,7.28,7.32,11914.0
2025-05-07,0,16766.0,4.54,8.92,-100.0,7687.0,5826.0,7.34,7.62,8.82,13413.0
2025-05-07,1,14427.0,4.77,9.82,-97.0,7145.0,5481.0,6.69,7.15,8.26,12529.0
2025-05-07,2,14450.0,4.97,10.35,-103.0,7203.0,5193.0,6.79,7.14,7.83,12293.0
2025-05-07,3,15196.0,5.21,10.44,-118.0,7446.0,5000.0,7.06,7.44,7.59,12328.0
2025-05-07,4,19571.0,5.54,8.66,405.0,10278.0,5905.0,11.97,12.12,9.9,16588.0
2025-05-07,5,21172.0,5.51,7.26,5273.0,11318.0,8362.0,23.39,22.99,16.27,24953.0
2025-05-07,6,23587.0,4.87,6.88,10092.0,10725.0,10961.0,34.21,33.62,23.21,31778.0
2025-05-07,7,23976.0,4.06,6.51,10262.0,10621.0,10858.0,34.81,34.47,23.39,31741.0
2025-05-07,8,24480.0,3.4,6.02,9648.0,9990.0,10003.0,31.85,31.81,20.78,29641.0
2025-05-07,9,24817.0,2.99,5.67,8965.0,9269.0,9373.0,27.83,28.06,18.65,27607.0
2025-05-07,10,25310.0,2.82,5.35,8444.0,8659.0,8161.0,24.99,24.86,14.84,25264.0
2025-05-07,11,25230.0,2.92,5.14,5433.0,9169.0,8236.0,18.8,19.17,14.84,22838.0
2025-05-07,12,25497.0,3.18,5.16,4298.0,9138.0,8731.0,16.4,16.69,16.18,22166.0
2025-05-07,13,25260.0,3.47,5.2,4470.0,9491.0,8604.0,17.27,18.11,15.83,22565.0
2025-05-07,14,25072.0,3.68,5.44,4627.0,9817.0,8524.0,18.43,18.37,15.83,22968.0
2025-05-07,15,25272.0,3.86,5.48,4643.0,9878.0,8622.0,18.47,18.07,16.04,23143.0
2025-05-07,16,25347.0,4.02,5.55,4817.0,10244.0,9255.0,19.58,19.02,17.84,24316.0
2025-05-07,17,25063.0,3.95,5.6,5462.0,11651.0,9954.0,24.06,23.52,20.5,27067.0
2025-05-07,18,24842.0,3.59,5.49,6062.0,12876.0,10258.0,28.7,27.99,21.63,29197.0
2025-05-07,19,25295.0,3.15,5.3,6220.0,13192.0,9835.0,30.25,29.82,20.57,29247.0
2025-05-07,20,25445.0,2.76,5.08,6144.0,13023.0,9677.0,29.47,29.08,20.01,28844.0
2025-05-07,21,25516.0,2.53,4.84,5632.0,11913.0,7515.0,25.39,25.31,13.65,25060.0
2025-05-07,22,25743.0,2.84,4.75,4323.0,9133.0,5958.0,16.78,16.75,9.71,19414.0
2025-05-07,23,22655.0,3.62,5.41,572.0,8391.0,5442.0,9.19,9.53,8.65,14405.0
2025-05-08,0,17318.0,4.11,8.37,-83.0,8431.0,5500.0,7.87,8.27,8.63,13848.0
2025-05-08,1,16924.0,4.44,8.73,-70.0,8143.0,5094.0,7.77,8.13,8.0,13168.0
2025-05-08,2,16732.0,4.79,8.97,-82.0,8061.0,4955.0,7.89,8.21,7.89,12935.0
2025-05-08,3,16586.0,5.16,9.2,-92.0,7918.0,4765.0,7.69,8.05,7.55,12591.0
2025-05-08,4,19337.0,5.49,8.42,388.0,10496.0,5541.0,11.98,12.13,9.57,16425.0
2025-05-08,5,21220.0,5.46,7.29,7759.0,8538.0,8350.0,22.84,22.42,16.42,24647.0
2025-05-08,6,22584.0,4.89,6.82,9307.0,9680.0,10497.0,29.25,28.29,22.75,29484.0
2025-05-08,7,23568.0,4.22,6.31,9194.0,9571.0,10200.0,29.13,28.75,21.96,28965.0
2025-05-08,8,24040.0,3.76,6.03,9001.0,9337.0,9014.0,28.27,28.27,18.45,27353.0
2025-05-08,9,24220.0,3.48,5.83,8777.0,9118.0,8156.0,27.13,27.17,15.72,26051.0
2025-05-08,10,24716.0,3.33,5.85,8569.0,8862.0,7611.0,25.68,25.97,13.97,25043.0
2025-05-08,11,24750.0,3.34,5.75,7534.0,7706.0,7829.0,20.18,20.58,14.06,23070.0
2025-05-08,12,25120.0,3.46,5.61,7062.0,7618.0,8415.0,18.86,19.57,15.67,23094.0
2025-05-08,13,25260.0,3.69,5.65,4443.0,9463.0,8488.0,17.1,18.08,15.83,22395.0
2025-05-08,14,25280.0,3.91,5.75,4568.0,9751.0,8329.0,18.01,18.07,15.56,22648.0
2025-05-08,15,25341.0,4.15,5.79,4674.0,9996.0,8068.0,18.61,18.15,14.84,22738.0
2025-05-08,16,25328.0,4.28,5.73,5241.0,11252.0,8758.0,22.59,21.48,16.69,25251.0
2025-05-08,17,25241.0,4.05,5.67,6185.0,13226.0,9751.0,29.76,28.98,20.08,29162.0
2025-05-08,18,25803.0,3.63,5.59,6263.0,13203.0,9768.0,30.22,29.64,20.48,29233.0
2025-05-08,19,25085.0,3.36,5.59,5566.0,11663.0,9635.0,24.81,24.67,20.09,26864.0
2025-05-08,20,24358.0,3.13,5.7,5495.0,11577.0,9442.0,24.23,24.07,19.29,26514.0
2025-05-08,21,24390.0,2.91,5.54,5520.0,11589.0,8653.0,24.28,24.06,16.83,25762.0
2025-05-08,22,24474.0,2.96,5.46,4799.0,10389.0,5694.0,19.97,20.2,9.5,20882.0
2025-05-08,23,20415.0,3.4,6.76,-113.0,10529.0,4841.0,11.11,11.39,7.7,15257.0
2025-05-09,0,17636.0,3.79,8.89,-103.0,10019.0,5162.0,9.86,10.11,8.17,15078.0
2025-05-09,1,17696.0,3.94,9.0,-89.0,9839.0,5284.0,9.81,10.11,8.73,15034.0
2025-05-09,2,21109.0,4.38,7.79,-101.0,9958.0,4902.0,9.85,10.11,7.91,14758.0
2025-05-09,3,21120.0,5.01,6.98,-99.0,9851.0,4804.0,9.86,10.15,7.94,14556.0
2025-05-09,4,20700.0,5.51,6.78,-96.0,11523.0,6013.0,12.75,12.87,10.87,17439.0
2025-05-09,5,20238.0,5.5,6.73,4268.0,9895.0,9369.0,18.31,18.24,19.64,23532.0
2025-05-09,6,23576.0,4.94,6.7,6511.0,11686.0,11901.0,26.51,26.52,27.73,30098.0
2025-05-09,7,23581.0,4.2,6.68,9418.0,9756.0,11930.0,29.5,29.58,27.67,31105.0
2025-05-09,8,23933.0,3.48,6.37,9418.0,9758.0,10807.0,29.82,29.7,23.87,29982.0
2025-05-09,9,24415.0,2.92,5.81,9426.0,9736.0,9578.0,30.06,29.56,20.13,28741.0
2025-05-09,10,25000.0,2.6,5.56,8633.0,8852.0,8847.0,25.53,25.76,17.18,26332.0
2025-05-09,11,25002.0,2.54,5.22,7731.0,8075.0,8198.0,21.66,21.56,15.42,24005.0
2025-05-09,12,25022.0,2.68,4.99,4765.0,9937.0,8193.0,18.88,19.71,15.34,22895.0
2025-05-09,13,24943.0,2.86,4.96,4688.0,9787.0,8607.0,18.24,19.09,16.31,23082.0
2025-05-09,14,26763.0,3.08,5.03,4713.0,9842.0,8684.0,18.52,19.09,16.82,23239.0
2025-05-09,15,24825.0,3.3,5.16,4720.0,9896.0,8877.0,18.53,18.77,17.15,23493.0
2025-05-09,16,24378.0,3.32,5.16,4988.0,10356.0,9482.0,19.97,18.85,19.04,24826.0
2025-05-09,17,24310.0,3.12,4.97,5436.0,11324.0,10683.0,23.1,22.29,23.12,27443.0
2025-05-09,18,24724.0,2.72,4.68,5803.0,12125.0,11109.0,26.14,25.44,25.03,29037.0
2025-05-09,19,25213.0,2.29,4.46,5909.0,12300.0,10535.0,27.0,26.56,23.28,28744.0
2025-05-09,20,25277.0,1.98,4.33,5584.0,11670.0,10158.0,24.58,24.32,21.82,27412.0
2025-05-09,21,25331.0,1.78,4.26,5568.0,11598.0,9158.0,24.29,24.06,18.46,26323.0
2025-05-09,22,26285.0,1.9,4.23,5016.0,10458.0,6009.0,20.48,20.55,9.99,21483.0
2025-05-09,23,26164.0,2.61,4.28,160.0,10426.0,6002.0,11.19,11.43,9.89,16588.0
2025-05-10,0,20295.0,3.4,4.76,-81.0,8881.0,5406.0,8.36,8.76,8.45,14205.0
2025-05-10,1,18802.0,3.91,5.38,-48.0,8340.0,5065.0,7.79,8.13,8.11,13357.0
2025-05-10,2,18351.0,4.41,5.89,-59.0,8179.0,4904.0,7.8,8.21,8.08,13025.0
2025-05-10,3,18015.0,4.91,6.36,-75.0,7969.0,4759.0,7.66,8.05,7.55,12653.0
2025-05-10,4,18873.0,5.3,6.66,-90.0,10968.0,5602.0,12.09,11.52,9.72,16480.0
2025-05-10,5,19620.0,5.24,6.31,4235.0,10501.0,7719.0,19.36,18.85,15.1,22455.0
2025-05-10,6,22256.0,4.87,6.19,5283.0,11316.0,9343.0,23.32,23.29,19.7,25942.0
2025-05-10,7,22312.0,4.51,6.2,5264.0,11210.0,9485.0,23.16,23.21,19.79,25959.0
2025-05-10,8,23808.0,4.2,6.18,5397.0,11439.0,9156.0,23.97,24.21,18.92,25992.0
2025-05-10,9,23923.0,3.94,6.21,5610.0,11923.0,8637.0,25.49,25.89,17.15,26171.0
2025-05-10,10,24364.0,3.78,6.27,5375.0,11381.0,7931.0,23.5,24.13,14.39,24687.0
2025-05-10,11,24423.0,3.78,6.36,4795.0,10209.0,8577.0,19.32,19.9,15.97,23581.0
2025-05-10,12,24837.0,3.83,6.18,4666.0,9882.0,8904.0,18.38,18.27,17.07,23452.0
2025-05-10,13,25152.0,4.01,5.9,4404.0,9331.0,8593.0,16.91,17.11,16.32,22328.0
2025-05-10,14,25031.0,4.25,5.96,4410.0,9419.0,8610.0,17.09,17.07,16.24,22440.0
2025-05-10,15,24847.0,4.46,5.94,4450.0,9496.0,8425.0,17.31,17.09,15.84,22371.0
2025-05-10,16,22697.0,4.58,6.2,4631.0,9848.0,8957.0,18.47,18.3,17.43,23437.0
2025-05-10,17,21576.0,4.23,6.77,5359.0,11372.0,9995.0,23.6,22.32,21.04,26725.0
2025-05-10,18,22581.0,3.72,6.75,5317.0,11257.0,10124.0,23.47,23.03,21.69,26698.0
2025-05-10,19,24306.0,3.47,6.58,5193.0,10869.0,9134.0,22.58,22.5,18.8,25195.0
2025-05-10,20,24618.0,3.39,6.46,5140.0,10775.0,8812.0,22.15,22.06,18.28,24726.0
2025-05-10,21,22113.0,3.34,6.73,5044.0,10650.0,7136.0,21.46,21.38,13.31,22829.0
2025-05-10,22,21738.0,3.3,7.52,4942.0,10692.0,4484.0,20.94,21.01,7.44,20117.0
2025-05-10,23,19071.0,3.61,8.94,-120.0,10867.0,4369.0,11.12,11.57,6.92,15116.0
2025-05-11,0,17499.0,3.87,10.85,-98.0,10483.0,5044.0,10.16,10.53,8.11,15429.0
2025-05-11,1,17905.0,4.09,10.55,-85.0,10064.0,4824.0,9.72,10.11,7.91,14803.0
2025-05-11,2,19233.0,4.45,9.99,-94.0,9744.0,4504.0,9.54,9.95,7.61,14154.0
2025-05-11,3,20807.0,5.03,8.94,-110.0,9507.0,4715.0,9.49,9.85,8.02,14112.0
2025-05-11,4,20606.0,5.5,8.38,-120.0,11715.0,5578.0,13.18,13.51,10.34,17173.0
2025-05-11,5,21181.0,5.6,7.83,4060.0,11093.0,7328.0,20.93,20.84,14.91,22481.0
2025-05-11,6,23539.0,5.27,7.43,5789.0,12361.0,8822.0,27.27,27.25,18.57,26972.0
2025-05-11,7,24080.0,4.92,7.24,5886.0,12639.0,9308.0,28.31,28.39,19.72,27834.0
2025-05-11,8,23484.0,4.48,7.04,5869.0,12589.0,9515.0,27.99,28.33,20.06,27973.0
2025-05-11,9,23748.0,4.02,6.94,5974.0,12839.0,9094.0,28.56,29.04,18.25,27907.0
2025-05-11,10,24300.0,3.62,6.9,5972.0,12795.0,8694.0,28.61,28.72,16.92,27460.0
2025-05-11,11,24899.0,3.37,6.58,5603.0,11995.0,8168.0,25.62,25.97,15.45,25765.0
2025-05-11,12,26046.0,3.41,6.2,5212.0,11091.0,7876.0,22.77,22.77,14.85,24178.0
2025-05-11,13,25951.0,3.55,5.93,5324.0,11354.0,7865.0,23.43,23.07,14.84,24544.0
2025-05-11,14,25925.0,3.64,5.82,5306.0,11324.0,7856.0,23.42,23.54,14.98,24486.0
2025-05-11,15,25841.0,3.76,5.87,5339.0,11352.0,7861.0,23.64,24.06,14.96,24552.0
2025-05-11,16,25673.0,3.79,5.81,5621.0,12088.0,8188.0,25.95,25.48,15.97,25897.0
2025-05-11,17,25637.0,3.65,5.76,5905.0,12635.0,8781.0,28.18,27.4,18.09,27321.0
2025-05-11,18,24728.0,3.36,5.48,5832.0,12490.0,9505.0,27.65,27.15,20.41,27827.0
2025-05-11,19,25312.0,3.1,5.27,5798.0,12368.0,8827.0,27.53,27.16,18.53,26992.0
2025-05-11,20,26146.0,3.0,5.15,5451.0,11481.0,8825.0,24.46,24.22,18.26,25757.0
2025-05-11,21,23915.0,3.15,5.06,4472.0,9346.0,7367.0,17.84,17.44,14.25,21185.0
2025-05-11,22,21363.0,3.56,5.81,2281.0,8027.0,4595.0,11.92,12.24,7.81,14903.0
2025-05-11,23,15309.0,4.08,8.02,-109.0,7676.0,4060.0,8.35,8.69,6.97,11627.0
2025-05-12,0,13989.0,4.35,9.88,-95.0,7747.0,3593.0,7.94,8.33,6.26,11245.0
2025-05-12,1,15090.0,4.66,10.02,-116.0,7809.0,3583.0,7.76,8.12,6.14,11276.0
2025-05-12,2,15026.0,5.0,10.3,-114.0,7961.0,3603.0,7.78,8.21,6.23,11449.0
2025-05-12,3,15629.0,5.33,10.5,-124.0,7789.0,3739.0,7.73,8.15,6.31,11404.0
2025-05-12,4,16689.0,5.66,10.33,2179.0,8584.0,4778.0,12.56,12.7,8.8,15541.0
2025-05-12,5,20900.0,5.6,9.49,6849.0,8296.0,6902.0,21.15,20.96,13.59,22047.0
2025-05-12,6,22770.0,5.28,8.41,8901.0,9283.0,8848.0,27.99,27.72,18.66,27033.0
2025-05-12,7,22787.0,4.84,7.81,8754.0,9105.0,8927.0,27.25,27.27,18.44,26786.0
2025-05-12,8,23255.0,4.43,7.34,8719.0,9095.0,8883.0,27.0,26.61,18.36,26696.0
2025-05-12,9,23501.0,4.07,7.13,8677.0,9014.0,9088.0,26.57,27.04,18.31,26779.0
2025-05-12,10,24799.0,3.77,7.04,8796.0,9189.0,8689.0,27.23,27.06,17.06,26674.0
2025-05-12,11,24850.0,3.57,6.75,8563.0,8948.0,8414.0,26.09,26.09,16.2,25924.0
2025-05-12,12,25104.0,3.49,6.36,8258.0,8589.0,8163.0,24.37,24.09,15.34,25010.0
2025-05-12,13,25177.0,3.46,6.09,8306.0,8646.0,8113.0,24.35,24.17,15.34,25065.0
2025-05-12,14,25588.0,3.46,5.92,8288.0,8608.0,8104.0,24.43,23.74,15.35,25000.0
2025-05-12,15,25724.0,3.48,5.62,8221.0,8553.0,8199.0,24.3,22.91,15.84,24973.0
2025-05-12,16,25768.0,3.52,5.2,8585.0,8925.0,8354.0,26.18,25.34,16.34,25863.0
2025-05-12,17,25956.0,3.37,5.12,9029.0,9408.0,9329.0,28.52,28.05,19.62,27766.0
2025-05-12,18,26268.0,3.15,5.11,9035.0,9387.0,9723.0,28.6,28.05,21.11,28146.0
2025-05-12,19,26137.0,2.97,5.09,9012.0,9382.0,8934.0,28.49,28.02,18.81,27328.0
2025-05-12,20,25061.0,2.81,5.12,8471.0,8778.0,8989.0,25.41,25.14,18.8,26239.0
2025-05-12,21,24646.0,2.76,5.29,6480.0,8441.0,7760.0,20.17,20.23,15.14,22681.0
2025-05-12,22,23485.0,3.14,5.59,2525.0,9263.0,5730.0,13.97,14.22,9.83,17517.0
2025-05-12,23,19227.0,3.68,7.04,-186.0,8848.0,4932.0,9.16,9.59,8.19,13595.0
2025-05-13,0,15640.0,4.07,9.12,-143.0,7469.0,4944.0,6.96,7.41,7.89,12270.0
2025-05-13,1,14680.0,4.33,10.12,-101.0,7178.0,4761.0,6.73,7.12,7.67,11838.0
2025-05-13,2,15443.0,4.61,10.64,-104.0,7125.0,4469.0,6.74,7.13,7.43,11491.0
2025-05-13,3,18297.0,5.15,10.41,-124.0,7028.0,4270.0,6.71,7.11,6.92,11174.0
2025-05-13,4,17444.0,5.62,10.38,-131.0,9698.0,5195.0,10.42,10.61,9.16,14762.0
2025-05-13,5,22248.0,5.67,9.6,4067.0,11034.0,8056.0,19.94,19.86,16.42,23157.0
2025-05-13,6,24041.0,5.39,8.59,7342.0,9582.0,10559.0,24.33,24.14,23.19,27483.0
2025-05-13,7,24225.0,5.12,7.96,7641.0,7953.0,9639.0,22.08,21.92,20.58,25233.0
2025-05-13,8,22834.0,4.98,7.5,7436.0,7686.0,8987.0,21.11,20.88,18.81,24110.0
2025-05-13,9,22905.0,4.82,7.18,7778.0,8044.0,8024.0,22.36,22.45,15.5,23846.0
2025-05-13,10,23161.0,4.75,7.06,7375.0,7617.0,7616.0,20.21,20.65,13.89,22607.0
2025-05-13,11,23314.0,4.82,7.04,6749.0,6966.0,8332.0,17.21,17.34,15.52,22048.0
2025-05-13,12,22288.0,4.9,7.26,6456.0,6633.0,8721.0,15.9,16.85,16.52,21810.0
2025-05-13,13,18989.0,4.68,8.74,6542.0,6702.0,8853.0,16.1,16.86,17.1,22096.0
2025-05-13,14,20240.0,4.35,9.74,6780.0,6987.0,8293.0,17.2,17.46,15.59,22060.0
2025-05-13,15,21537.0,4.25,9.82,6878.0,7090.0,8211.0,17.62,17.8,15.34,22178.0
2025-05-13,16,21506.0,4.07,9.64,7671.0,7932.0,8596.0,21.08,19.81,16.5,24199.0
2025-05-13,17,21916.0,3.67,9.14,8290.0,8529.0,9325.0,24.05,23.34,19.0,26144.0
2025-05-13,18,25695.0,3.29,7.96,9126.0,9475.0,9780.0,28.56,27.63,20.8,28381.0
2025-05-13,19,25121.0,2.95,6.93,9143.0,9513.0,9785.0,28.9,28.26,20.79,28440.0
2025-05-13,20,25482.0,2.65,6.3,9032.0,9353.0,9208.0,28.14,27.56,18.8,27593.0
2025-05-13,21,25536.0,2.47,5.86,8749.0,9014.0,8008.0,26.56,26.13,15.38,25771.0
2025-05-13,22,25620.0,2.62,5.59,7484.0,7665.0,5805.0,20.36,20.43,9.56,20953.0
2025-05-13,23,24918.0,3.34,5.45,56.0,9097.0,4976.0,9.26,9.73,8.1,14130.0
2025-05-14,0,18008.0,4.1,5.84,-138.0,8263.0,5198.0,7.69,8.07,8.11,13323.0
2025-05-14,1,16762.0,4.5,6.48,-108.0,7597.0,4844.0,7.05,7.42,7.69,12332.0
2025-05-14,2,16425.0,4.91,7.12,-103.0,7442.0,4623.0,7.06,7.42,7.31,11962.0
2025-05-14,3,16553.0,5.36,7.9,-106.0,7363.0,4592.0,7.02,7.34,7.34,11849.0
2025-05-14,4,16662.0,5.62,8.74,-110.0,10422.0,5318.0,11.18,11.36,9.24,15630.0
2025-05-14,5,18962.0,5.41,8.84,4120.0,11248.0,8215.0,20.17,20.04,16.49,23582.0
2025-05-14,6,22840.0,4.81,8.38,8019.0,10849.0,10972.0,28.65,28.57,24.43,29840.0
2025-05-14,7,23596.0,4.1,7.97,9468.0,9816.0,10545.0,30.31,30.21,23.19,29830.0
2025-05-14,8,24048.0,3.52,7.69,9323.0,9709.0,9968.0,30.04,29.87,21.61,29000.0
2025-05-14,9,24445.0,3.13,7.12,8742.0,9026.0,8215.0,27.01,26.17,16.09,25982.0
2025-05-14,10,24557.0,3.15,6.37,7343.0,7493.0,7239.0,20.04,19.33,12.95,22075.0
2025-05-14,11,24644.0,3.4,5.99,6941.0,7081.0,7241.0,17.94,17.98,13.06,21262.0
2025-05-14,12,25233.0,3.73,5.89,6766.0,6880.0,7551.0,17.06,17.04,13.56,21197.0
2025-05-14,13,25193.0,4.08,5.88,6656.0,6767.0,7676.0,16.63,16.74,13.9,21098.0
2025-05-14,14,25165.0,4.39,5.96,6887.0,7028.0,7836.0,17.65,17.87,14.57,21752.0
2025-05-14,15,24995.0,4.69,6.14,6695.0,6848.0,7949.0,16.83,17.03,14.58,21493.0
2025-05-14,16,23711.0,4.83,6.4,7868.0,8105.0,8597.0,21.87,21.74,16.53,24571.0
2025-05-14,17,21560.0,4.39,6.84,8792.0,9102.0,9885.0,26.54,25.93,20.86,27778.0
2025-05-14,18,22354.0,3.71,7.09,9153.0,9498.0,9996.0,28.67,27.98,21.21,28647.0
2025-05-14,19,24922.0,3.24,6.84,8942.0,9237.0,9531.0,27.61,26.72,20.14,27710.0
2025-05-14,20,25341.0,3.04,6.43,8673.0,8951.0,8925.0,26.24,25.8,18.29,26549.0
2025-05-14,21,24891.0,2.94,6.15,8500.0,8746.0,7564.0,25.38,25.06,14.22,24809.0
2025-05-14,22,24688.0,3.12,5.92,5562.0,7763.0,5333.0,17.24,17.34,8.79,18658.0
2025-05-14,23,21102.0,3.91,6.1,-138.0,7823.0,4919.0,7.88,8.35,7.74,12603.0
2025-05-15,0,15495.0,4.41,7.28,-126.0,7372.0,5157.0,6.96,7.43,8.2,12403.0
2025-05-15,1,14316.0,4.68,8.28,-73.0,6379.0,4861.0,6.27,6.78,7.82,11168.0
2025-05-15,2,13898.0,4.95,9.28,-102.0,6114.0,4735.0,5.94,6.42,7.42,10747.0
2025-05-15,3,13957.0,5.23,10.1,-118.0,6253.0,4814.0,6.13,6.57,7.62,10948.0
2025-05-15,4,19866.0,5.58,9.99,470.0,9264.0,5856.0,11.41,11.46,10.35,15590.0
2025-05-15,5,20077.0,5.58,9.12,4926.0,10663.0,8404.0,22.15,22.03,16.97,23993.0
2025-05-15,6,22681.0,5.01,8.53,8512.0,9093.0,10622.0,27.44,27.23,23.34,28227.0
2025-05-15,7,23291.0,4.52,8.19,8343.0,8668.0,10206.0,26.34,26.39,22.02,27217.0
2025-05-15,8,23423.0,4.16,8.09,8324.0,8627.0,9307.0,26.6,26.84,19.4,26258.0
2025-05-15,9,23607.0,3.86,8.0,8322.0,8622.0,8700.0,26.42,26.48,17.31,25645.0
2025-05-15,10,23960.0,3.73,7.8,7551.0,7776.0,7807.0,22.33,22.58,14.51,23133.0
2025-05-15,11,23726.0,3.89,7.64,6740.0,6877.0,7723.0,18.16,18.48,13.99,21339.0
2025-05-15,12,24675.0,4.1,7.49,6690.0,6842.0,8115.0,17.76,18.09,14.84,21646.0
2025-05-15,13,23073.0,4.34,7.46,6359.0,6469.0,8401.0,16.32,16.85,15.67,21229.0
2025-05-15,14,22092.0,4.41,7.66,5143.0,7323.0,8038.0,15.6,15.58,14.89,20504.0
2025-05-15,15,21894.0,4.53,7.94,3984.0,8563.0,8336.0,15.8,15.95,15.74,20884.0
2025-05-15,16,21793.0,4.51,7.99,4416.0,9510.0,8698.0,18.47,17.82,16.79,22624.0
2025-05-15,17,21820.0,4.24,7.83,5156.0,11026.0,9794.0,23.63,23.11,20.55,25977.0
2025-05-15,18,22239.0,3.72,7.75,5571.0,11844.0,9996.0,26.89,26.49,21.45,27411.0
2025-05-15,19,22731.0,3.24,7.74,5605.0,11965.0,9134.0,27.31,27.05,18.7,26704.0
2025-05-15,20,22605.0,2.85,7.69,5564.0,11807.0,8893.0,26.81,26.3,17.81,26264.0
2025-05-15,21,22609.0,2.61,7.57,5022.0,10648.0,7027.0,22.72,22.56,12.53,22697.0
2025-05-15,22,25224.0,2.87,7.42,4091.0,8688.0,5262.0,16.65,16.74,8.58,18041.0
2025-05-15,23,25452.0,3.81,7.15,345.0,8001.0,5090.0,9.1,9.54,8.34,13436.0
2025-05-16,0,17526.0,4.68,7.45,-128.0,7601.0,5211.0,7.37,7.74,8.57,12683.0
2025-05-16,1,14493.0,4.92,8.29,-119.0,7244.0,5086.0,7.06,7.42,8.61,12211.0
2025-05-16,2,14812.0,5.16,8.72,-83.0,7112.0,4762.0,6.95,7.32,8.01,11790.0
2025-05-16,3,14752.0,5.42,9.12,-82.0,7167.0,4829.0,6.93,7.32,7.92,11914.0
2025-05-16,4,16781.0,5.57,9.41,1914.0,8955.0,5314.0,12.94,13.02,9.21,16183.0
2025-05-16,5,21139.0,5.45,9.07,7981.0,8377.0,7920.0,24.25,23.86,15.56,24278.0
2025-05-16,6,22681.0,4.91,8.69,8700.0,9059.0,10832.0,27.68,27.51,23.72,28590.0
2025-05-16,7,23709.0,4.41,8.48,8409.0,8712.0,10220.0,26.7,26.86,22.15,27341.0
2025-05-16,8,23739.0,4.1,8.47,7937.0,8203.0,9617.0,24.44,24.96,20.14,25757.0
2025-05-16,9,23864.0,3.86,8.56,7984.0,8206.0,9058.0,24.51,24.79,18.34,25248.0
2025-05-16,10,24522.0,3.81,8.36,7413.0,7581.0,8024.0,21.72,21.74,15.01,23018.0
2025-05-16,11,24556.0,3.99,8.05,6848.0,6972.0,7996.0,18.3,18.58,14.84,21816.0
2025-05-16,12,23530.0,4.23,8.13,4697.0,8400.0,8385.0,16.62,17.27,15.62,21482.0
2025-05-16,13,21685.0,4.24,8.07,4374.0,9399.0,8273.0,18.01,16.8,15.51,22046.0
2025-05-16,14,21766.0,4.25,7.44,4019.0,8627.0,7820.0,15.99,15.18,14.54,20467.0
2025-05-16,15,19898.0,4.32,7.44,3785.0,8161.0,7585.0,14.6,15.06,13.85,19531.0
2025-05-16,16,19925.0,4.28,8.16,4346.0,9336.0,8043.0,18.08,18.35,15.01,21725.0
2025-05-16,17,19944.0,3.8,8.81,5257.0,11214.0,9544.0,24.52,24.37,19.64,26014.0
2025-05-16,18,21402.0,3.27,8.88,5161.0,11013.0,9875.0,24.17,23.89,21.08,26049.0
2025-05-16,19,22042.0,2.82,8.72,5209.0,11068.0,9291.0,24.52,24.3,19.18,25567.0
2025-05-16,20,22299.0,2.48,8.59,5172.0,10989.0,9087.0,23.98,23.83,18.67,25248.0
2025-05-16,21,22447.0,2.22,8.51,5044.0,10705.0,7864.0,22.94,22.91,14.89,23614.0
2025-05-16,22,22293.0,2.26,8.42,3173.0,10108.0,5890.0,17.43,17.59,9.83,19171.0
2025-05-16,23,21714.0,2.76,8.36,-131.0,8895.0,5164.0,9.49,9.95,8.24,13928.0
2025-05-17,0,19929.0,3.47,8.32,-116.0,7592.0,5543.0,7.45,7.89,8.88,13019.0
2025-05-17,1,18749.0,4.08,8.27,-117.0,7047.0,4976.0,6.98,7.33,7.91,11907.0
2025-05-17,2,16031.0,4.68,8.33,-83.0,6296.0,4850.0,6.24,6.63,7.91,11063.0
2025-05-17,3,13767.0,4.99,8.82,-76.0,6157.0,4941.0,6.1,6.54,7.91,11022.0
2025-05-17,4,20156.0,5.38,8.95,-91.0,9336.0,5930.0,10.51,10.59,10.4,15174.0
2025-05-17,5,20396.0,5.54,8.7,292.0,13024.0,8140.0,17.39,17.46,16.35,21456.0
2025-05-17,6,22178.0,5.23,8.5,4963.0,10797.0,10287.0,22.63,22.76,22.33,26048.0
2025-05-17,7,22929.0,4.73,8.59,8553.0,10107.0,10424.0,30.3,30.22,22.56,29084.0
2025-05-17,8,23225.0,4.17,8.52,8203.0,8395.0,10479.0,25.2,25.27,22.64,27077.0
2025-05-17,9,23732.0,3.8,8.45,8238.0,8487.0,9682.0,25.42,25.67,19.89,26408.0
2025-05-17,10,23996.0,3.61,8.49,7683.0,7862.0,8809.0,22.36,22.46,16.82,24354.0
2025-05-17,11,23070.0,3.59,8.36,6597.0,6620.0,9281.0,17.01,17.5,17.89,22499.0
2025-05-17,12,23415.0,3.6,8.48,6602.0,6647.0,9630.0,16.78,17.4,19.05,22879.0
2025-05-17,13,24006.0,3.67,8.44,6671.0,6721.0,9234.0,17.17,17.84,17.88,22627.0
2025-05-17,14,24062.0,3.78,8.48,6545.0,6614.0,9171.0,16.8,16.81,17.81,22330.0
2025-05-17,15,24000.0,3.95,8.11,6275.0,6317.0,8815.0,15.73,14.54,16.82,21406.0
2025-05-17,16,23825.0,4.08,7.64,7343.0,7482.0,8943.0,20.57,19.75,17.48,23768.0
2025-05-17,17,23811.0,3.89,7.35,8212.0,8410.0,9851.0,25.0,24.41,20.69,26473.0
2025-05-17,18,25061.0,3.56,7.14,8754.0,8956.0,10176.0,28.05,27.47,21.77,27886.0
2025-05-17,19,24740.0,3.32,6.86,8203.0,8361.0,9646.0,25.42,24.92,20.19,26211.0
2025-05-17,20,24768.0,3.22,6.65,7748.0,7878.0,9298.0,23.05,22.67,19.22,24924.0
2025-05-17,21,24698.0,3.26,6.51,7774.0,7908.0,7489.0,23.11,22.71,13.99,23171.0
2025-05-17,22,24776.0,3.56,6.41,6280.0,6455.0,5718.0,16.69,16.9,9.57,18453.0
2025-05-17,23,18744.0,4.13,6.7,486.0,7633.0,5152.0,8.8,9.26,8.08,13271.0
2025-05-18,0,16654.0,4.56,7.27,-91.0,7845.0,5736.0,7.59,7.87,9.19,13490.0
2025-05-18,1,15963.0,4.82,7.58,-97.0,7408.0,5432.0,7.21,7.52,8.88,12743.0
2025-05-18,2,15380.0,5.13,7.89,-93.0,6976.0,5118.0,6.97,7.34,8.42,12001.0
2025-05-18,3,13516.0,5.34,8.3,-73.0,6951.0,4924.0,6.84,7.26,8.02,11803.0
2025-05-18,4,18852.0,5.55,8.54,-86.0,8855.0,5911.0,9.53,9.78,10.66,14680.0
2025-05-18,5,18894.0,5.72,8.46,3342.0,9316.0,8017.0,16.69,16.63,16.24,20675.0
2025-05-18,6,22386.0,5.42,8.36,4927.0,10444.0,9269.0,22.0,22.02,19.91,24640.0
2025-05-18,7,24019.0,5.27,8.36,4719.0,10044.0,10219.0,20.52,20.97,22.31,24982.0
2025-05-18,8,23774.0,5.03,8.65,5010.0,10695.0,10896.0,22.48,23.17,24.4,26601.0
2025-05-18,9,23072.0,4.67,9.07,5029.0,10716.0,10513.0,22.47,22.94,22.48,26258.0
2025-05-18,10,23228.0,4.41,9.03,4707.0,9945.0,10011.0,20.08,20.24,20.42,24663.0
2025-05-18,11,23410.0,4.17,8.76,5399.0,11556.0,9044.0,25.31,25.39,17.75,25999.0
2025-05-18,12,23742.0,3.95,8.65,5126.0,10993.0,8731.0,23.37,24.05,16.83,24850.0
2025-05-18,13,23811.0,3.81,8.67,5152.0,11048.0,8707.0,23.36,24.08,16.83,24907.0
2025-05-18,14,23958.0,3.68,8.58,5194.0,11116.0,8519.0,23.59,24.04,16.43,24829.0
2025-05-18,15,24204.0,3.56,8.45,5352.0,11410.0,8291.0,24.68,24.07,15.83,25052.0
2025-05-18,16,24246.0,3.42,8.1,5518.0,11841.0,8749.0,26.18,24.95,17.12,26107.0
2025-05-18,17,24688.0,3.14,7.65,5675.0,12184.0,9915.0,27.74,26.98,20.99,27774.0
2025-05-18,18,25027.0,2.81,7.21,5528.0,11785.0,10527.0,26.74,26.16,23.42,27841.0
2025-05-18,19,25343.0,2.55,6.91,5487.0,11672.0,9960.0,26.43,26.05,21.84,27119.0
2025-05-18,20,25843.0,2.4,6.7,5160.0,10917.0,9919.0,23.66,23.62,21.66,25997.0
2025-05-18,21,25396.0,2.53,6.56,4342.0,9061.0,8084.0,17.75,17.8,15.77,21487.0
2025-05-18,22,24900.0,3.12,6.43,2949.0,7456.0,5476.0,12.22,12.51,9.13,15881.0
2025-05-18,23,20103.0,3.99,6.52,-106.0,8056.0,5180.0,8.58,8.88,8.41,13130.0
2025-05-19,0,16382.0,4.41,6.89,-91.0,7696.0,5122.0,7.52,7.83,8.36,12727.0
2025-05-19,1,14435.0,4.75,7.16,-88.0,6153.0,4670.0,6.0,6.41,7.57,10735.0
2025-05-19,2,13086.0,5.06,7.57,-69.0,5695.0,4554.0,5.6,6.02,7.31,10180.0
2025-05-19,3,13528.0,5.28,8.01,-69.0,6068.0,4626.0,6.04,6.41,7.4,10624.0
2025-05-19,4,18237.0,5.61,8.23,128.0,9805.0,5386.0,11.49,11.58,9.51,15318.0
2025-05-19,5,20242.0,5.61,8.15,4671.0,9988.0,8371.0,20.11,20.08,16.91,23030.0
2025-05-19,6,21889.0,5.04,8.1,8426.0,9577.0,11013.0,28.12,27.79,24.37,29015.0
2025-05-19,7,23347.0,4.4,8.26,8850.0,9127.0,10531.0,28.68,29.07,23.15,28508.0
2025-05-19,8,23946.0,3.87,8.4,9313.0,9602.0,9596.0,31.6,30.54,20.28,28511.0
2025-05-19,9,24187.0,3.48,7.81,8890.0,9153.0,8830.0,29.39,28.06,17.83,26873.0
2025-05-19,10,24646.0,3.31,7.5,8400.0,8623.0,7526.0,26.37,27.04,14.06,24550.0
2025-05-19,11,24618.0,3.39,7.97,7345.0,7504.0,7533.0,20.65,21.11,13.57,22382.0
2025-05-19,12,24123.0,3.6,7.95,6827.0,6895.0,8076.0,18.21,17.91,14.93,21798.0
2025-05-19,13,23256.0,3.71,7.78,6947.0,7040.0,8101.0,18.63,18.59,14.84,22088.0
2025-05-19,14,23497.0,3.83,7.82,6742.0,6789.0,7911.0,17.93,18.38,14.66,21442.0
2025-05-19,15,23533.0,4.01,7.8,6421.0,6452.0,8288.0,16.46,16.1,15.46,21160.0
2025-05-19,16,23245.0,4.13,7.69,6958.0,7056.0,8744.0,18.8,18.56,16.78,22758.0
2025-05-19,17,22917.0,3.98,7.63,7873.0,8089.0,9510.0,23.38,22.84,19.38,25472.0
2025-05-19,18,23408.0,3.61,7.49,8652.0,8913.0,9936.0,27.68,26.93,21.27,27501.0
2025-05-19,19,24002.0,3.18,7.37,8818.0,9061.0,9722.0,28.59,28.05,20.34,27602.0
2025-05-19,20,23964.0,2.84,7.32,8680.0,8916.0,9319.0,27.74,27.26,19.12,26915.0
2025-05-19,21,23861.0,2.61,7.26,8216.0,8385.0,7614.0,25.18,24.81,13.94,24215.0
2025-05-19,22,25356.0,2.8,7.18,6937.0,6983.0,5761.0,19.05,18.98,9.48,19682.0
2025-05-19,23,25069.0,3.58,7.09,2135.0,7114.0,4953.0,10.52,10.83,7.93,14203.0
2025-05-20,0,17543.0,4.41,7.12,-94.0,7505.0,5248.0,7.3,7.7,8.06,12659.0
2025-05-20,1,15736.0,4.74,7.26,-94.0,7319.0,4979.0,6.94,7.37,7.92,12205.0
2025-05-20,2,15054.0,5.04,7.39,-90.0,7334.0,4729.0,6.93,7.24,7.4,11973.0
2025-05-20,3,15049.0,5.3,7.49,-78.0,7762.0,4553.0,7.37,7.66,7.27,12238.0
2025-05-20,4,16927.0,5.42,7.6,2166.0,9294.0,5783.0,13.27,13.27,9.94,17243.0
2025-05-20,5,22490.0,5.24,7.57,8422.0,8791.0,8444.0,24.91,24.29,16.71,25658.0
2025-05-20,6,24188.0,4.69,7.54,9777.0,10116.0,11366.0,31.35,30.91,25.32,31259.0
2025-05-20,7,23678.0,3.95,7.78,9748.0,10098.0,10466.0,31.79,31.8,22.85,30312.0
2025-05-20,8,24173.0,3.34,8.07,9466.0,9774.0,9733.0,30.37,30.41,20.65,28973.0
2025-05-20,9,24384.0,2.95,8.14,8556.0,8796.0,9203.0,25.86,25.84,18.69,26556.0
2025-05-20,10,24889.0,2.82,8.24,7978.0,8146.0,8104.0,22.63,22.72,15.36,24228.0
2025-05-20,11,24799.0,2.94,8.21,7315.0,7472.0,7917.0,19.23,19.63,14.44,22703.0
2025-05-20,12,24843.0,3.16,8.1,6658.0,6754.0,8273.0,16.49,17.1,15.23,21685.0
2025-05-20,13,24670.0,3.43,8.05,6494.0,6578.0,8364.0,15.91,16.9,15.63,21437.0
2025-05-20,14,24488.0,3.7,8.09,6439.0,6490.0,8434.0,15.71,16.23,15.77,21363.0
2025-05-20,15,24874.0,3.98,8.1,6626.0,6727.0,8333.0,16.5,16.21,15.34,21686.0
2025-05-20,16,24614.0,4.18,7.98,7267.0,7434.0,9066.0,19.37,18.06,17.58,23768.0
2025-05-20,17,23988.0,4.0,7.6,8422.0,8704.0,10354.0,24.65,23.62,22.09,27480.0
2025-05-20,18,25317.0,3.58,7.25,8893.0,9156.0,10660.0,26.97,26.1,23.33,28708.0
2025-05-20,19,24752.0,3.23,7.01,8890.0,9130.0,10190.0,26.84,26.24,22.06,28209.0
2025-05-20,20,24031.0,2.83,6.89,8842.0,9074.0,9809.0,26.43,25.93,20.7,27725.0
2025-05-20,21,23760.0,2.54,6.82,8325.0,8543.0,8170.0,24.18,23.79,16.08,25039.0
2025-05-20,22,24401.0,2.63,6.76,4097.0,9237.0,6105.0,16.48,16.58,10.18,19439.0
2025-05-20,23,24681.0,3.33,6.72,-54.0,9555.0,7012.0,9.13,9.42,11.5,16514.0
2025-05-21,0,18673.0,3.87,6.81,-81.0,8851.0,6981.0,8.34,8.62,11.87,15751.0
2025-05-21,1,17950.0,4.07,6.91,-86.0,8171.0,6689.0,7.54,7.83,11.32,14774.0
2025-05-21,2,19287.0,4.43,6.96,-95.0,7989.0,6281.0,7.31,7.62,10.38,14174.0
2025-05-21,3,20561.0,5.03,6.95,-121.0,7468.0,5719.0,6.99,7.35,9.36,13066.0
2025-05-21,4,19252.0,5.56,6.92,-136.0,10599.0,6063.0,11.59,11.22,10.64,16527.0
2025-05-21,5,21046.0,5.41,6.71,5718.0,10889.0,8893.0,23.26,22.78,18.29,25500.0
2025-05-21,6,24451.0,4.86,6.72,9245.0,9593.0,11453.0,28.81,28.48,26.0,30291.0
2025-05-21,7,23808.0,4.18,7.15,9324.0,9754.0,10786.0,30.07,30.32,23.98,29863.0
2025-05-21,8,24181.0,3.69,7.19,8738.0,9072.0,9453.0,27.13,26.36,20.01,27263.0
2025-05-21,9,24326.0,3.5,6.81,8120.0,8373.0,7917.0,24.17,23.16,15.55,24411.0
2025-05-21,10,24510.0,3.55,6.62,7501.0,7750.0,7357.0,20.95,21.5,13.43,22608.0
2025-05-21,11,23551.0,3.76,6.94,6905.0,7079.0,7444.0,17.96,18.4,13.42,21427.0
2025-05-21,12,24161.0,3.88,7.02,6787.0,6941.0,8126.0,17.29,17.12,15.11,21854.0
2025-05-21,13,24006.0,4.11,6.96,6592.0,6761.0,7882.0,16.63,16.95,14.59,21236.0
2025-05-21,14,24110.0,4.3,7.04,6688.0,6869.0,7989.0,17.11,16.95,14.83,21547.0
2025-05-21,15,23920.0,4.5,7.05,6803.0,7023.0,7960.0,17.7,17.9,14.89,21786.0
2025-05-21,16,23224.0,4.59,7.09,7283.0,7532.0,8708.0,19.51,19.05,16.75,23523.0
2025-05-21,17,22189.0,4.26,7.07,8839.0,9176.0,9488.0,27.11,26.49,19.53,27503.0
2025-05-21,18,23645.0,3.67,6.99,9224.0,9591.0,9793.0,29.28,28.55,20.77,28608.0
2025-05-21,19,24158.0,3.24,6.88,8948.0,9281.0,9468.0,27.79,27.24,19.81,27696.0
2025-05-21,20,24232.0,2.88,6.8,8788.0,9152.0,9196.0,27.0,26.48,18.8,27136.0
2025-05-21,21,23713.0,2.63,6.73,8288.0,8570.0,7948.0,24.43,24.12,15.1,24806.0
2025-05-21,22,25524.0,2.77,6.65,7091.0,7226.0,5489.0,18.86,18.86,8.93,19805.0
2025-05-21,23,24729.0,3.55,6.6,482.0,8789.0,5160.0,9.59,9.96,8.41,14432.0
2025-05-22,0,17211.0,4.18,6.62,-154.0,8843.0,5055.0,8.35,8.74,8.09,13744.0
2025-05-22,1,16751.0,4.51,6.67,-155.0,7917.0,4945.0,7.39,7.81,7.8,12706.0
2025-05-22,2,16559.0,4.89,6.74,-132.0,7381.0,4907.0,6.99,7.44,7.91,12155.0
2025-05-22,3,16960.0,5.31,6.81,-145.0,7560.0,4861.0,7.31,7.66,8.02,12275.0
2025-05-22,4,18122.0,5.58,6.86,-8.0,10996.0,5494.0,12.44,12.46,9.69,16482.0
2025-05-22,5,21503.0,5.48,6.83,6793.0,10405.0,8473.0,24.87,24.37,17.13,25671.0
2025-05-22,6,24381.0,4.87,6.87,9687.0,10095.0,11004.0,31.12,30.89,24.44,30785.0
2025-05-22,7,23693.0,4.17,7.28,9628.0,10068.0,10573.0,31.55,31.64,23.07,30270.0
2025-05-22,8,24137.0,3.52,7.63,9657.0,10078.0,9499.0,32.11,31.96,19.98,29234.0
2025-05-22,9,24385.0,3.14,7.75,8658.0,8995.0,8504.0,26.84,26.64,16.53,26157.0
2025-05-22,10,24736.0,3.08,7.69,7963.0,8220.0,7614.0,22.84,22.99,13.66,23797.0
2025-05-22,11,24588.0,3.2,7.69,7003.0,7194.0,7910.0,18.24,18.45,14.35,22107.0
2025-05-22,12,24776.0,3.4,7.55,6860.0,7050.0,8284.0,17.51,17.72,15.13,22194.0
2025-05-22,13,24652.0,3.59,7.63,7062.0,7282.0,8377.0,18.45,18.53,15.78,22722.0
2025-05-22,14,24513.0,3.77,7.61,6856.0,7036.0,8011.0,17.52,18.06,14.71,21903.0
2025-05-22,15,25332.0,4.0,7.56,6931.0,7131.0,7935.0,17.99,17.71,14.65,21997.0
2025-05-22,16,25458.0,4.2,7.53,7156.0,7362.0,8105.0,18.95,18.5,14.92,22624.0
2025-05-22,18,25483.0,3.7,7.03,9047.0,9402.0,10082.0,28.26,27.47,21.61,28531.0
2025-05-22,19,25616.0,3.35,6.87,9263.0,9625.0,9928.0,29.36,28.69,21.04,28816.0
2025-05-22,20,25269.0,3.03,6.76,8860.0,9199.0,9790.0,27.34,26.88,20.83,27849.0
2025-05-22,21,24670.0,2.82,6.67,8271.0,8499.0,8278.0,24.3,23.9,15.89,25048.0
2025-05-22,22,24855.0,2.97,6.58,6209.0,7709.0,5581.0,17.95,18.08,9.06,19499.0
2025-05-22,23,24643.0,3.76,6.54,-146.0,9288.0,5052.0,9.37,9.78,8.05,14193.0
2025-05-23,0,15821.0,4.37,6.67,-152.0,7639.0,5380.0,7.11,7.58,8.54,12867.0
2025-05-23,1,15045.0,4.64,6.81,-147.0,7002.0,5047.0,6.68,7.01,8.11,11902.0
2025-05-23,2,15274.0,4.93,6.9,-135.0,6866.0,5110.0,6.61,6.93,8.3,11841.0
2025-05-23,3,15099.0,5.25,6.96,-137.0,6734.0,5042.0,6.56,6.89,8.27,11639.0
2025-05-23,4,19554.0,5.52,6.99,1449.0,10179.0,5768.0,13.75,13.71,10.14,17397.0
2025-05-23,5,20867.0,5.34,6.93,7067.0,10675.0,8481.0,26.17,25.6,17.19,26224.0
2025-05-23,6,23454.0,4.63,6.94,9782.0,10254.0,10966.0,31.94,31.55,24.19,31002.0
2025-05-23,7,23914.0,3.87,7.27,9930.0,10312.0,10362.0,33.15,33.01,22.39,30604.0
2025-05-23,8,24270.0,3.44,7.51,9818.0,10237.0,9314.0,32.98,32.76,19.26,29368.0
2025-05-23,16,24933.0,3.71,7.32,7953.0,8206.0,8614.0,22.4,21.41,16.35,24773.0
2025-05-23,17,24993.0,3.57,7.08,8472.0,8764.0,9816.0,24.99,24.2,20.71,27053.0
2025-05-23,18,25071.0,3.5,7.01,8436.0,8749.0,9685.0,24.83,24.12,21.79,26870.0
2025-05-23,19,25000.0,3.0,6.75,8871.0,9183.0,9613.0,27.41,26.81,20.21,27667.0
2025-05-23,20,25345.0,2.7,6.64,8785.0,9093.0,9109.0,26.9,26.43,18.53,26987.0
2025-05-23,21,25293.0,2.65,6.56,7862.0,8114.0,7362.0,22.36,22.16,13.11,23338.0
2025-05-23,22,25383.0,3.0,6.48,6737.0,6858.0,5858.0,17.31,16.68,9.56,19453.0
2025-05-23,23,22193.0,3.62,6.3,4747.0,5842.0,4731.0,11.77,11.9,7.45,15320.0
2025-05-24,0,17814.0,4.11,6.29,212.0,9036.0,4942.0,9.1,9.42,7.51,14191.0
2025-05-24,1,16799.0,4.4,6.3,-131.0,8996.0,4940.0,8.77,9.12,7.91,13805.0
2025-05-24,2,16981.0,4.72,6.35,-105.0,8221.0,4651.0,7.87,8.24,7.48,12767.0
2025-05-24,3,17305.0,5.12,6.39,-121.0,8170.0,4773.0,7.75,8.12,7.59,12822.0
2025-05-24,4,20219.0,5.51,6.39,1650.0,10234.0,5792.0,13.97,14.0,10.16,17676.0
2025-05-24,5,20098.0,5.35,6.4,6811.0,10726.0,7439.0,26.13,25.69,14.51,24976.0
2025-05-24,6,21479.0,4.69,6.41,8949.0,9290.0,9871.0,27.67,27.49,20.86,28110.0
2025-05-24,7,23753.0,4.14,6.64,8354.0,8652.0,10577.0,24.71,25.16,22.76,27583.0
2025-05-24,8,24152.0,3.79,6.93,8020.0,8231.0,10507.0,23.02,23.07,22.77,26758.0
2025-05-24,9,24190.0,3.5,7.07,7932.0,8133.0,10253.0,22.28,22.65,21.39,26317.0
2025-05-24,10,24597.0,3.28,7.42,8179.0,8525.0,9523.0,23.63,23.59,18.81,26227.0
2025-05-24,11,24713.0,3.14,7.47,7469.0,7706.0,9537.0,20.07,20.28,18.81,24711.0
2025-05-24,12,24832.0,3.19,7.34,6851.0,7009.0,8972.0,17.44,17.46,16.89,22832.0
2025-05-24,13,24574.0,3.38,7.2,6458.0,6512.0,9163.0,15.87,15.77,17.51,22133.0
2025-05-24,14,24519.0,3.59,7.04,6427.0,6509.0,9088.0,15.88,15.6,17.61,22024.0
2025-05-24,15,24441.0,3.76,6.83,6480.0,6632.0,9109.0,16.01,15.6,17.61,22221.0
2025-05-24,16,24205.0,3.87,6.68,7214.0,7454.0,9274.0,19.25,18.87,18.28,23941.0
2025-05-24,17,24008.0,3.72,6.55,8120.0,8448.0,9620.0,23.55,22.82,19.81,26188.0
2025-05-24,18,24788.0,3.44,6.28,8437.0,8727.0,9994.0,25.14,24.47,21.34,27158.0
2025-05-24,19,24194.0,3.18,6.16,8266.0,8567.0,9613.0,24.55,24.23,20.03,26447.0
2025-05-24,20,24313.0,3.0,6.16,7883.0,8134.0,9085.0,22.64,22.38,18.6,25102.0
2025-05-24,21,24492.0,2.96,6.18,7591.0,7810.0,7602.0,21.58,21.39,14.29,23004.0
2025-05-24,22,23902.0,3.28,6.2,4900.0,8351.0,5153.0,16.68,16.88,8.5,18404.0
2025-05-24,23,20874.0,3.98,6.23,-155.0,7965.0,4931.0,8.15,8.5,7.86,12741.0
2025-05-25,0,14825.0,4.34,6.57,-148.0,8728.0,5537.0,8.45,8.76,9.13,14117.0
2025-05-25,1,15616.0,4.39,6.76,-126.0,8908.0,5082.0,8.72,9.12,8.39,13864.0
2025-05-25,2,17280.0,4.66,6.85,-117.0,8783.0,4864.0,8.69,9.0,8.08,13529.0
2025-05-25,3,19422.0,5.1,6.85,-127.0,8502.0,4687.0,8.3,8.65,7.71,13063.0
2025-05-25,4,20007.0,5.6,6.86,25.0,11291.0,5656.0,12.86,13.06,10.23,16972.0
2025-05-25,5,21552.0,5.61,6.84,5760.0,9674.0,7773.0,21.68,21.19,15.78,23207.0
2025-05-25,6,24005.0,5.28,6.83,8799.0,9267.0,9179.0,27.52,27.27,19.57,27245.0
2025-05-25,7,24001.0,4.92,6.92,8907.0,9364.0,9861.0,28.01,27.87,21.17,28133.0
2025-05-25,8,23719.0,4.43,7.0,8972.0,9383.0,10100.0,28.21,27.97,21.81,28455.0
2025-05-25,9,24192.0,3.94,7.16,9086.0,9556.0,9860.0,28.61,28.79,20.79,28501.0
2025-05-25,10,24757.0,3.52,7.39,9180.0,9639.0,9029.0,29.24,28.42,17.87,27849.0
2025-05-25,11,25187.0,3.28,7.2,8646.0,9027.0,8313.0,26.26,26.21,15.76,25987.0
2025-05-25,12,25716.0,3.21,7.32,8377.0,8753.0,8309.0,24.73,25.11,15.67,25438.0
2025-05-25,13,25958.0,3.23,7.49,8297.0,8589.0,8028.0,24.17,23.54,14.99,24914.0
2025-05-25,14,26725.0,3.35,7.36,8310.0,8668.0,7915.0,24.62,24.05,14.85,24893.0
2025-05-25,15,26558.0,3.49,7.21,8311.0,8648.0,8142.0,24.44,23.89,15.33,25100.0
2025-05-25,16,26177.0,3.51,7.09,8631.0,8984.0,8580.0,26.12,25.61,16.91,26195.0
2025-05-25,17,25705.0,3.37,7.0,8943.0,9327.0,9161.0,27.78,27.46,18.66,27432.0
2025-05-25,18,25523.0,3.14,6.93,8993.0,9366.0,9369.0,28.29,27.55,19.78,27727.0
2025-05-25,19,25319.0,2.88,6.81,8901.0,9242.0,9318.0,28.07,27.47,19.8,27461.0
2025-05-25,20,25498.0,2.69,6.72,8556.0,8875.0,8922.0,26.05,25.59,18.37,26353.0
2025-05-25,21,25544.0,2.71,6.52,7299.0,7476.0,7679.0,20.02,19.36,14.81,22454.0
2025-05-25,22,25549.0,3.26,6.35,4321.0,7099.0,5517.0,13.56,13.95,9.39,16936.0
2025-05-25,23,22313.0,4.21,6.39,-156.0,8294.0,5150.0,8.55,8.96,8.64,13288.0
2025-05-26,0,14112.0,4.69,6.7,-129.0,6759.0,4795.0,6.35,6.58,7.78,11425.0
2025-05-26,1,13172.0,4.86,6.82,-85.0,6530.0,4690.0,6.0,6.33,7.61,11134.0
2025-05-26,2,13129.0,5.08,6.99,-96.0,6001.0,4628.0,5.71,6.13,7.5,10533.0
2025-05-26,3,12916.0,5.3,7.14,-113.0,6060.0,4434.0,5.87,6.28,7.34,10382.0
2025-05-26,4,17629.0,5.47,7.26,-141.0,10034.0,5206.0,10.79,11.06,9.12,15099.0
2025-05-26,5,20220.0,5.51,7.26,4497.0,11045.0,7872.0,20.8,20.56,15.51,23414.0
2025-05-26,6,23413.0,5.0,7.35,5811.0,12534.0,10400.0,27.2,27.36,22.62,28745.0
2025-05-26,7,23225.0,4.54,7.58,5184.0,11054.0,10337.0,22.96,23.55,22.18,26576.0
2025-05-26,8,23132.0,4.26,7.61,4878.0,10360.0,9592.0,21.09,21.07,20.17,24831.0
2025-05-26,9,23246.0,4.08,7.51,5302.0,11404.0,8083.0,24.34,24.07,15.82,24789.0
2025-05-26,10,23794.0,3.92,7.59,5543.0,11864.0,6822.0,25.42,25.79,12.33,24229.0
2025-05-26,11,23704.0,3.94,7.91,4969.0,10654.0,7088.0,20.79,21.64,12.55,22711.0
2025-05-26,12,24424.0,4.01,8.21,4800.0,10235.0,7944.0,19.38,19.22,14.48,22979.0
2025-05-26,13,24608.0,4.18,8.07,4713.0,9955.0,7661.0,18.6,18.58,13.85,22329.0
2025-05-26,14,24512.0,4.38,7.97,4544.0,9707.0,7587.0,18.07,18.02,13.85,21839.0
2025-05-26,15,24426.0,4.63,7.9,4378.0,9420.0,7623.0,17.12,17.57,13.84,21421.0
2025-05-26,16,24238.0,4.79,8.06,5003.0,10744.0,8209.0,21.31,21.18,15.56,23956.0
2025-05-26,17,24224.0,4.58,8.02,7288.0,11102.0,9175.0,28.08,26.84,18.73,27565.0
2025-05-26,18,24793.0,4.2,7.51,8938.0,9263.0,9878.0,27.73,27.05,20.95,28080.0
2025-05-26,19,24996.0,3.9,7.35,8802.0,9096.0,9255.0,26.97,26.53,19.2,27153.0
2025-05-26,20,25145.0,3.67,7.22,8757.0,9064.0,9131.0,26.85,26.32,18.8,26952.0
2025-05-26,21,25140.0,3.53,7.19,8566.0,8856.0,7473.0,25.97,25.67,13.97,24895.0
2025-05-26,22,24178.0,3.81,7.18,5321.0,7808.0,4969.0,16.73,16.99,8.12,18098.0
2025-05-26,23,14178.0,4.17,7.46,-103.0,7716.0,4850.0,7.81,8.27,7.74,12463.0
2025-05-27,0,13898.0,4.29,7.78,-115.0,7591.0,5147.0,7.15,7.62,8.21,12622.0
2025-05-27,1,15366.0,4.5,7.86,-94.0,7374.0,4958.0,7.05,7.3,8.03,12238.0
2025-05-27,2,16435.0,4.82,7.81,-76.0,7306.0,4613.0,6.98,7.12,7.42,11842.0
2025-05-27,3,14309.0,5.24,7.77,-97.0,7020.0,4616.0,6.7,7.13,7.51,11540.0
2025-05-27,4,19458.0,5.48,7.83,1053.0,9987.0,5415.0,12.97,12.97,9.53,16455.0
2025-05-27,5,20738.0,5.39,7.79,5746.0,11724.0,7861.0,25.28,24.81,15.62,25330.0
2025-05-27,6,22934.0,4.77,7.69,9069.0,9456.0,10466.0,28.15,27.8,22.85,28990.0
2025-05-27,7,23185.0,4.33,7.66,7754.0,7960.0,9546.0,22.18,22.06,20.03,25260.0
2025-05-27,8,23066.0,4.19,7.59,7445.0,7673.0,8480.0,21.09,20.91,17.32,23598.0
2025-05-27,9,23154.0,4.08,7.59,7626.0,7856.0,8141.0,22.07,22.01,16.02,23623.0
2025-05-27,10,21831.0,4.07,7.67,5368.0,9462.0,7146.0,19.84,20.39,12.89,21976.0
2025-05-27,11,20959.0,3.97,8.07,4396.0,9496.0,7816.0,17.4,18.2,14.17,21708.0
2025-05-27,12,21268.0,3.84,8.42,4506.0,9744.0,8055.0,17.92,18.33,14.73,22304.0
2025-05-27,13,21351.0,3.79,8.58,4120.0,8872.0,8237.0,15.58,16.24,15.07,21229.0
2025-05-27,14,21471.0,3.75,8.42,4162.0,8913.0,8095.0,16.12,15.37,15.03,21170.0
2025-05-27,15,22254.0,3.84,8.28,3814.0,8191.0,8218.0,14.13,14.68,15.31,20224.0
2025-05-27,16,22629.0,3.95,8.42,4514.0,9672.0,8876.0,18.01,17.95,16.94,23062.0
2025-05-27,17,22514.0,3.67,8.44,5457.0,11672.0,9621.0,24.56,24.19,19.86,26750.0
2025-05-27,18,22099.0,3.14,8.24,5734.0,12154.0,9931.0,26.55,26.06,20.91,27819.0
2025-05-27,19,24897.0,2.68,8.0,5591.0,11834.0,9916.0,25.6,25.36,21.06,27341.0
2025-05-27,20,25276.0,2.5,7.85,5332.0,11294.0,9631.0,23.64,23.5,19.78,26257.0
2025-05-27,21,25276.0,2.45,7.74,5151.0,10992.0,8044.0,22.41,22.32,15.1,24186.0
2025-05-27,22,25408.0,2.7,7.65,4474.0,9490.0,5796.0,18.4,18.6,9.51,19759.0
2025-05-27,23,23091.0,3.48,7.65,64.0,7923.0,4853.0,8.76,9.38,7.76,12840.0
2025-05-28,0,17641.0,4.24,7.69,-120.0,7844.0,5007.0,7.68,8.13,8.13,12731.0
2025-05-28,1,15459.0,4.6,7.74,-86.0,6862.0,4763.0,6.51,6.86,7.64,11539.0
2025-05-28,2,15252.0,4.94,7.78,-77.0,7176.0,4636.0,6.7,7.09,7.4,11735.0
2025-05-28,3,14981.0,5.26,7.81,-78.0,7174.0,4429.0,6.77,7.2,7.15,11525.0
2025-05-28,4,17350.0,5.44,7.84,2565.0,9123.0,5321.0,13.95,13.83,9.67,17009.0
2025-05-28,5,21026.0,5.26,7.8,8399.0,8776.0,8045.0,24.72,24.26,15.96,25220.0
2025-05-28,6,23013.0,4.6,7.78,9329.0,9744.0,10837.0,29.39,29.05,24.09,29909.0
2025-05-28,7,23815.0,4.01,8.04,8882.0,9219.0,10533.0,27.39,27.71,23.23,28635.0
2025-05-28,8,24082.0,3.54,8.54,8815.0,9163.0,9880.0,27.39,27.16,21.46,27858.0
2025-05-28,9,24516.0,3.18,8.5,8790.0,9109.0,9081.0,26.91,27.05,18.7,26981.0
2025-05-28,10,25004.0,3.02,8.6,8655.0,8968.0,7535.0,26.24,25.88,13.91,25158.0
2025-05-28,11,24895.0,3.12,8.62,7205.0,7333.0,7768.0,18.92,19.28,14.12,22306.0
2025-05-28,12,25620.0,3.37,8.66,5227.0,8771.0,8021.0,17.39,18.03,14.85,22019.0
2025-05-28,13,26293.0,3.76,8.7,4276.0,9188.0,8040.0,16.27,17.11,14.84,21505.0
2025-05-28,14,22822.0,4.04,8.74,4344.0,9306.0,8008.0,16.63,17.07,14.84,21659.0
2025-05-28,15,21915.0,4.05,8.75,4254.0,9161.0,8093.0,16.19,16.27,14.94,21508.0
2025-05-28,16,23819.0,4.11,8.86,4732.0,10124.0,8890.0,19.21,18.44,17.39,23746.0
2025-05-28,17,23621.0,3.87,8.71,5345.0,11435.0,9748.0,23.46,22.7,20.48,26528.0
2025-05-28,18,25044.0,3.56,8.27,5862.0,11910.0,10465.0,25.88,25.21,23.12,28237.0
2025-05-28,19,25821.0,3.21,7.97,9353.0,9688.0,10073.0,29.63,28.88,21.87,29114.0
2025-05-28,20,25277.0,2.83,7.83,9343.0,9658.0,9652.0,29.57,28.58,20.68,28653.0
2025-05-28,21,25530.0,2.58,7.56,8930.0,9207.0,8050.0,27.47,26.92,15.57,26187.0
2025-05-28,22,25636.0,2.73,7.41,6997.0,8154.0,5422.0,20.51,20.3,9.03,20574.0
2025-05-28,23,23783.0,3.46,7.27,610.0,8825.0,4856.0,10.11,10.41,7.88,14292.0
2025-05-29,0,16460.0,4.04,7.29,-104.0,8786.0,5326.0,8.4,8.76,8.52,14009.0
2025-05-29,1,15645.0,4.2,7.34,-53.0,8764.0,4966.0,8.33,8.74,7.91,13677.0
2025-05-29,2,18682.0,4.52,7.39,-63.0,8066.0,5084.0,7.53,7.93,8.17,13087.0
2025-05-29,3,20444.0,5.19,7.41,-53.0,8104.0,4900.0,7.49,7.84,7.73,12951.0
2025-05-29,4,19483.0,5.61,7.44,1858.0,10487.0,6020.0,14.67,14.62,10.75,18365.0
2025-05-29,5,20998.0,5.3,7.43,9387.0,9782.0,8726.0,29.2,28.6,18.04,27894.0
2025-05-29,6,24013.0,4.51,7.46,9540.0,9861.0,11403.0,29.63,29.32,26.3,30804.0
2025-05-29,7,24513.0,3.96,7.55,8841.0,9167.0,10638.0,26.67,26.72,23.77,28645.0
2025-05-29,8,24352.0,3.65,7.84,8097.0,8313.0,9554.0,23.42,23.9,20.22,25964.0
2025-05-29,9,24733.0,3.53,8.11,8008.0,8214.0,8503.0,23.17,22.98,17.22,24725.0
2025-05-29,10,24785.0,3.55,8.05,7892.0,8095.0,7521.0,22.4,22.31,13.96,23509.0
2025-05-29,11,22004.0,3.68,8.03,6598.0,6642.0,7477.0,16.43,16.5,13.64,20717.0
2025-05-29,12,21027.0,3.72,7.99,6443.0,6455.0,7504.0,15.79,15.67,13.65,20402.0
2025-05-29,13,23882.0,3.91,7.9,4059.0,8045.0,7889.0,14.1,14.29,14.76,19992.0
2025-05-29,14,25817.0,4.3,7.86,4356.0,9263.0,8067.0,16.72,17.1,15.15,21686.0
2025-05-29,15,23944.0,4.55,7.98,4576.0,9790.0,8071.0,18.1,18.16,15.02,22437.0
2025-05-29,16,22055.0,4.48,7.98,5004.0,10794.0,8581.0,20.93,20.67,16.74,24380.0
2025-05-29,17,25056.0,4.2,7.86,5607.0,11981.0,9505.0,25.16,24.16,19.63,27093.0
2025-05-29,18,24611.0,3.92,7.55,5721.0,12077.0,10241.0,25.75,25.49,22.22,28039.0
2025-05-29,19,23643.0,3.54,7.46,5802.0,12225.0,9657.0,26.26,26.05,20.73,27684.0
2025-05-29,20,24841.0,3.18,7.44,5815.0,12153.0,9397.0,26.2,26.05,19.79,27364.0
2025-05-29,21,25061.0,3.01,7.45,5450.0,11399.0,8008.0,23.75,23.81,15.5,24856.0
2025-05-29,22,24729.0,3.21,7.46,4247.0,10205.0,5505.0,18.31,18.78,9.34,19957.0
2025-05-29,23,23748.0,3.89,7.44,-85.0,9185.0,5044.0,9.5,9.96,8.46,14144.0
2025-05-30,0,16956.0,4.55,7.44,-72.0,8444.0,5424.0,7.84,8.26,8.94,13796.0
2025-05-30,1,16237.0,4.81,7.45,-70.0,7947.0,5042.0,7.31,7.72,8.2,12918.0
2025-05-30,2,16800.0,5.16,7.5,-72.0,7746.0,4795.0,7.2,7.72,7.82,12469.0
2025-05-30,3,16852.0,5.56,7.57,-45.0,7681.0,5047.0,7.29,7.72,8.21,12683.0
2025-05-30,4,15484.0,5.71,7.63,1177.0,10130.0,5822.0,12.51,12.68,10.14,17129.0
2025-05-30,5,20834.0,5.36,7.64,5575.0,11926.0,8672.0,24.74,24.5,17.5,26174.0
2025-05-30,6,23334.0,4.63,7.62,6071.0,12855.0,11251.0,28.25,28.14,25.69,30177.0
2025-05-30,7,24341.0,4.09,7.65,5735.0,12155.0,10700.0,26.31,26.3,24.03,28589.0
2025-05-30,8,24138.0,3.76,7.68,5386.0,11416.0,9293.0,24.21,24.42,19.61,26095.0
2025-05-30,9,24163.0,3.61,7.84,5216.0,11119.0,8374.0,22.89,23.26,16.45,24709.0
2025-05-30,10,24490.0,3.55,7.96,5245.0,11194.0,8012.0,23.12,22.74,15.12,24451.0
2025-05-30,11,24304.0,3.59,8.03,4804.0,10225.0,7929.0,19.62,20.14,14.65,22958.0
2025-05-30,12,24539.0,3.72,8.14,4454.0,9490.0,8606.0,17.37,17.69,15.83,22550.0
2025-05-30,13,24714.0,3.91,8.11,4338.0,9231.0,8562.0,16.72,17.11,15.83,22130.0
2025-05-30,14,24538.0,4.15,8.21,4371.0,9199.0,8469.0,16.71,17.77,15.71,22039.0
2025-05-30,15,24199.0,4.26,8.27,4693.0,9937.0,8430.0,18.92,17.94,15.8,23060.0
2025-05-30,16,24129.0,4.32,8.03,4973.0,10530.0,8706.0,20.7,20.5,16.77,24208.0
2025-05-30,17,24295.0,4.12,7.91,5516.0,11673.0,10135.0,24.6,24.04,21.45,27325.0
2025-05-30,18,24902.0,3.79,7.72,5478.0,11601.0,10419.0,24.37,24.06,22.44,27498.0
2025-05-30,19,25480.0,3.55,7.6,5442.0,11506.0,10148.0,24.22,24.04,21.72,27095.0
2025-05-30,20,25622.0,3.43,7.53,5112.0,10732.0,9836.0,21.74,21.45,20.61,25680.0
2025-05-30,21,24326.0,3.43,7.42,4975.0,10433.0,8415.0,20.85,20.74,16.03,23822.0
2025-05-30,22,22456.0,3.64,7.34,3103.0,9659.0,5715.0,15.51,15.69,9.3,18477.0
2025-05-30,23,17291.0,3.98,7.32,-85.0,8232.0,5478.0,8.36,8.65,8.78,13625.0
2025-05-31,0,15775.0,4.24,7.37,-72.0,7618.0,5680.0,7.03,7.51,9.01,13225.0
2025-05-31,1,15985.0,4.51,7.4,-53.0,7145.0,5475.0,6.72,7.14,8.97,12567.0
2025-05-31,2,16008.0,4.81,7.45,-50.0,7323.0,5305.0,6.93,7.32,8.6,12578.0
2025-05-31,3,16422.0,5.21,7.48,-58.0,6957.0,5364.0,6.58,7.03,8.63,12263.0
2025-05-31,4,20711.0,5.55,7.53,441.0,10452.0,5895.0,12.3,12.49,10.47,16788.0
2025-05-31,5,21022.0,5.54,7.54,5294.0,11322.0,8403.0,23.53,23.39,16.76,25019.0
2025-05-31,6,22719.0,4.98,7.56,5520.0,11686.0,10895.0,24.43,24.54,24.05,28101.0
2025-05-31,7,23345.0,4.46,7.62,5479.0,11657.0,10931.0,24.37,24.49,24.18,28066.0
2025-05-31,8,23553.0,4.05,7.72,5467.0,11628.0,10007.0,24.51,24.69,21.33,27102.0
2025-05-31,9,23837.0,3.66,7.89,5593.0,11881.0,9903.0,25.29,25.5,20.66,27377.0
2025-05-31,10,24310.0,3.35,8.12,5620.0,11975.0,8871.0,25.4,25.6,16.81,26466.0
2025-05-31,11,24415.0,3.25,8.15,4616.0,9704.0,8917.0,18.0,18.08,16.82,23237.0
2025-05-31,12,24438.0,3.4,8.04,4363.0,9166.0,8905.0,16.47,16.6,16.82,22434.0
2025-05-31,13,24477.0,3.58,8.14,4114.0,8553.0,9207.0,15.12,16.54,17.75,21874.0
2025-05-31,14,24688.0,3.82,8.42,4093.0,8626.0,9257.0,15.38,15.89,17.81,21976.0
2025-05-31,15,24513.0,4.0,8.33,4322.0,9220.0,9217.0,16.75,16.09,17.8,22760.0
2025-05-31,16,24277.0,4.08,8.07,4789.0,10331.0,9256.0,20.13,19.52,18.07,24375.0
2025-05-31,17,24388.0,3.87,7.85,5354.0,11561.0,9929.0,23.96,23.69,20.39,26844.0
2025-05-31,18,22701.0,3.55,7.58,5200.0,11206.0,10417.0,22.98,21.67,22.17,26822.0
2025-05-31,19,23049.0,3.15,7.13,5037.0,10836.0,10068.0,22.13,21.95,21.61,25941.0
2025-05-31,20,21901.0,2.87,7.06,4853.0,10369.0,9082.0,20.83,20.89,18.5,24303.0
2025-05-31,21,21412.0,2.65,7.12,4746.0,10114.0,7725.0,20.0,20.07,14.51,22585.0
2025-05-31,22,21780.0,2.73,7.18,3920.0,8243.0,5378.0,14.86,15.17,8.89,17541.0
2025-05-31,23,21480.0,3.31,7.25,906.0,7495.0,4654.0,9.08,9.53,7.44,13055.0
