date,hour,KT_Qin,KT_Level,KT_Inlet,KT_F_Sukhum,KT_F_Praka,KT_F_Ram4_1500,KT_F_Ram4_1000,KT_P_Sukhum,KT_P_Praka,KT_P_Ram4_1500,KT_P_Ram4_1000,TotalFlow
2026-03-01,0,3371.0,3.31,13.56,3413.0,2627.0,1648.0,260.0,4.01,4.31,3.21,4.55,7949.0
2026-03-01,1,3297.0,3.74,13.0,3325.0,2934.0,1549.0,273.0,4.22,4.61,3.57,4.86,8080.0
2026-03-01,2,2964.0,4.15,13.64,3231.0,2860.0,1260.0,253.0,4.36,4.72,3.81,4.96,7605.0
2026-03-01,3,4189.0,4.58,13.31,3016.0,2598.0,1017.0,265.0,4.3,4.48,3.72,4.71,6896.0
2026-03-01,4,7480.0,5.14,12.77,3571.0,3394.0,2151.0,410.0,4.68,5.85,4.36,6.18,9526.0
2026-03-01,5,13385.0,5.23,12.07,4566.0,4788.0,3068.0,434.0,6.04,8.83,6.2,9.84,12856.0
2026-03-01,6,16167.0,5.35,12.51,5161.0,5423.0,3107.0,468.0,7.62,11.02,8.0,12.2,14160.0
2026-03-01,7,14323.0,5.42,13.09,5120.0,5564.0,2657.0,501.0,7.49,11.68,7.89,12.82,13842.0
2026-03-01,8,13480.0,5.29,12.84,5213.0,5621.0,2477.0,547.0,7.2,11.57,7.58,12.73,13858.0
2026-03-01,9,12569.0,5.01,12.86,5515.0,5798.0,2661.0,499.0,6.96,11.74,7.38,13.0,14473.0
2026-03-01,10,12572.0,4.66,12.71,5315.0,5155.0,2369.0,478.0,6.53,9.75,6.84,10.84,13317.0
2026-03-01,11,12581.0,4.68,12.68,4366.0,3895.0,1414.0,365.0,5.24,6.81,5.27,7.5,10040.0
2026-03-01,12,11157.0,4.94,13.3,4210.0,3509.0,1035.0,350.0,5.0,6.05,4.81,6.64,9103.0
2026-03-01,13,1630.0,5.09,14.22,4335.0,3396.0,1955.0,320.0,5.07,5.97,4.82,6.27,10006.0
2026-03-01,14,12.0,5.1,14.66,4356.0,3399.0,977.0,326.0,5.03,5.94,4.78,6.2,9058.0
2026-03-01,15,12.0,5.11,15.02,4306.0,3446.0,900.0,328.0,5.08,5.98,4.86,6.24,8979.0
2026-03-01,16,8769.0,5.14,14.06,4595.0,3946.0,1344.0,397.0,5.47,6.99,5.43,7.61,10281.0
2026-03-01,17,12406.0,5.1,14.37,5145.0,5066.0,2210.0,453.0,6.51,9.41,6.72,10.44,12875.0
2026-03-01,18,12417.0,4.86,14.37,5151.0,5465.0,2373.0,489.0,6.87,10.91,7.14,12.03,13478.0
2026-03-01,19,11339.0,4.6,14.84,5078.0,5280.0,2469.0,475.0,6.81,10.78,7.09,11.87,13301.0
2026-03-01,20,10051.0,4.09,16.2,5093.0,5326.0,2518.0,465.0,6.76,10.78,7.05,11.88,13402.0
2026-03-01,21,10384.0,3.63,15.73,4761.0,4914.0,2156.0,473.0,6.15,9.51,6.35,10.47,12303.0
2026-03-01,22,5627.0,3.47,16.03,3997.0,3614.0,1117.0,368.0,4.98,6.64,4.83,7.12,9096.0
2026-03-01,23,2493.0,3.67,16.09,3558.0,2634.0,678.0,287.0,4.36,4.92,3.8,5.18,7158.0
2026-03-02,0,2316.0,3.99,14.35,3294.0,2933.0,1482.0,311.0,3.98,4.63,3.16,4.88,8020.0
2026-03-02,1,2465.0,4.3,16.69,3166.0,2842.0,1154.0,283.0,4.08,4.55,3.33,4.81,7445.0
2026-03-02,2,2802.0,4.64,15.73,3063.0,2644.0,1050.0,248.0,4.13,4.57,3.44,4.83,7004.0
2026-03-02,3,2752.0,5.01,15.16,2965.0,2513.0,1078.0,243.0,4.19,4.66,3.55,4.92,6799.0
2026-03-02,4,5829.0,5.38,14.4,3417.0,3406.0,2183.0,317.0,4.58,6.26,4.21,6.66,9324.0
2026-03-02,5,12397.0,5.41,11.94,4425.0,5169.0,3057.0,436.0,6.16,10.07,6.34,11.14,13086.0
2026-03-02,6,12822.0,5.15,12.05,5218.0,5778.0,3133.0,505.0,7.57,11.94,7.95,13.35,14633.0
2026-03-02,7,12909.0,4.7,11.88,5834.0,5899.0,3363.0,557.0,8.24,12.26,8.66,13.85,15653.0
2026-03-02,8,13214.0,4.23,11.92,5997.0,5938.0,3504.0,523.0,8.06,12.26,8.49,13.89,15962.0
2026-03-02,9,13100.0,3.73,11.37,6077.0,5981.0,3477.0,504.0,7.87,12.21,8.3,13.87,16039.0
2026-03-02,10,13335.0,3.33,11.44,5524.0,5250.0,2773.0,470.0,6.72,9.97,7.07,11.3,14016.0
2026-03-02,11,13352.0,3.42,11.49,4513.0,3797.0,2160.0,356.0,5.12,6.72,5.12,7.43,10826.0
2026-03-02,12,3221.0,3.78,12.72,4329.0,3107.0,771.0,322.0,4.77,5.55,4.45,5.87,8528.0
2026-03-02,13,2172.0,4.08,12.8,4307.0,3087.0,784.0,313.0,4.74,5.56,4.35,5.88,8491.0
2026-03-02,14,11995.0,4.37,11.8,4354.0,3268.0,1118.0,356.0,4.89,5.92,4.56,6.5,9096.0
2026-03-02,15,12832.0,4.78,11.69,4382.0,3426.0,1191.0,339.0,4.93,5.99,4.62,6.61,9338.0
2026-03-02,16,12719.0,5.09,11.73,4801.0,4092.0,1555.0,384.0,5.34,7.09,5.26,7.87,10832.0
2026-03-02,17,12724.0,5.03,11.79,5564.0,5292.0,2273.0,471.0,6.64,9.89,6.91,11.08,13600.0
2026-03-02,18,12805.0,4.63,11.62,5909.0,5689.0,3237.0,498.0,7.55,11.39,7.97,12.92,15334.0
2026-03-02,19,12502.0,4.21,12.53,5717.0,5510.0,3173.0,492.0,7.62,11.3,8.03,12.74,14892.0
2026-03-02,20,12586.0,3.8,13.21,5616.0,5457.0,3091.0,483.0,7.62,11.14,8.04,12.56,14647.0
2026-03-02,21,12613.0,3.47,12.99,5265.0,4992.0,2869.0,490.0,6.73,9.86,7.02,11.03,13616.0
2026-03-02,22,8286.0,3.34,13.04,4341.0,3973.0,2056.0,382.0,5.31,7.12,5.26,7.8,10752.0
2026-03-02,23,3040.0,3.61,14.7,3746.0,2933.0,1284.0,284.0,4.44,5.1,4.01,5.37,8248.0
2026-03-03,0,2246.0,3.97,13.66,3421.0,2771.0,1773.0,259.0,3.94,4.28,3.12,4.56,8224.0
2026-03-03,1,1907.0,4.23,12.44,3372.0,2930.0,1906.0,263.0,4.04,4.49,3.29,4.76,8472.0
2026-03-03,2,1942.0,4.48,12.95,3104.0,2672.0,1520.0,238.0,4.03,4.29,3.32,4.56,7535.0
2026-03-03,3,2007.0,4.74,13.62,3029.0,2609.0,1563.0,247.0,4.15,4.47,3.52,4.74,7448.0
2026-03-03,4,6537.0,5.06,13.1,3593.0,3466.0,2345.0,307.0,4.7,5.92,4.41,6.27,9711.0
2026-03-03,5,13369.0,5.49,13.41,4678.0,5026.0,3208.0,422.0,6.3,9.17,6.52,10.19,13334.0
2026-03-03,6,13576.0,5.39,13.76,5016.0,5390.0,2413.0,479.0,7.26,10.97,7.62,12.1,13299.0
2026-03-03,7,13311.0,5.28,13.2,5018.0,5581.0,2509.0,489.0,7.01,11.69,7.4,12.85,13596.0
2026-03-03,8,12358.0,5.07,12.82,5223.0,5775.0,2342.0,503.0,6.89,11.82,7.25,13.03,13843.0
2026-03-03,9,11651.0,4.62,12.15,5497.0,5765.0,2674.0,516.0,7.0,11.66,7.42,12.92,14451.0
2026-03-03,10,11066.0,4.15,12.42,5204.0,5371.0,2536.0,488.0,6.36,10.4,6.65,11.54,13599.0
2026-03-03,11,10389.0,3.88,12.43,4441.0,4041.0,1428.0,392.0,5.13,7.27,5.15,8.0,10303.0
2026-03-03,12,9706.0,3.88,12.07,4287.0,3473.0,1012.0,351.0,4.9,5.92,4.69,6.54,9122.0
2026-03-03,13,9764.0,3.91,12.2,4264.0,3529.0,844.0,336.0,5.01,5.99,4.8,6.59,8973.0
2026-03-03,14,10644.0,3.98,11.63,4271.0,3482.0,1365.0,341.0,5.01,6.01,4.78,6.62,9459.0
2026-03-03,15,10982.0,4.15,11.57,4270.0,3455.0,962.0,339.0,5.06,6.07,4.83,6.69,9026.0
2026-03-03,16,11115.0,4.31,11.44,4526.0,3967.0,1486.0,379.0,5.33,6.85,5.25,7.58,10357.0
2026-03-03,17,12620.0,4.22,11.13,5303.0,5202.0,2550.0,453.0,6.43,9.34,6.65,10.44,13508.0
2026-03-03,18,12741.0,3.88,11.08,5727.0,5507.0,2983.0,534.0,7.28,10.9,7.68,12.26,14752.0
2026-03-03,19,12984.0,3.54,11.28,5623.0,5410.0,2975.0,490.0,7.37,10.8,7.79,12.2,14498.0
2026-03-03,20,13333.0,3.27,11.73,5579.0,5444.0,2898.0,483.0,7.34,10.72,7.76,12.1,14403.0
2026-03-03,21,12567.0,3.1,13.24,5116.0,4892.0,2663.0,429.0,6.52,9.28,6.8,10.47,13101.0
2026-03-03,22,9110.0,2.94,14.37,4205.0,3901.0,1888.0,371.0,5.31,6.95,5.3,7.63,10366.0
2026-03-03,23,2657.0,3.2,15.32,3625.0,2767.0,1412.0,295.0,4.49,5.14,4.08,5.43,8099.0
2026-03-04,0,2521.0,3.54,13.98,3235.0,2492.0,1692.0,253.0,3.91,4.16,3.09,4.44,7673.0
2026-03-04,1,2522.0,3.87,14.01,3222.0,2546.0,1598.0,249.0,4.07,4.41,3.38,4.69,7615.0
2026-03-04,2,2612.0,4.21,14.86,3161.0,2731.0,1691.0,241.0,4.18,4.61,3.58,4.91,7825.0
2026-03-04,3,2723.0,4.56,15.98,3160.0,2882.0,1712.0,263.0,4.35,4.9,3.87,5.19,8016.0
2026-03-04,4,6273.0,4.98,14.82,3493.0,3379.0,2227.0,299.0,4.74,5.91,4.5,6.3,9398.0
2026-03-04,5,14627.0,5.19,14.88,4668.0,5080.0,3416.0,442.0,6.6,9.73,6.86,10.87,13606.0
2026-03-04,6,16485.0,5.28,13.0,5547.0,5893.0,3633.0,517.0,8.07,12.02,8.48,13.6,15591.0
2026-03-04,7,15253.0,5.16,11.29,5988.0,6045.0,3437.0,540.0,8.17,12.31,8.57,13.94,16010.0
2026-03-04,8,13812.0,4.84,10.59,6108.0,5967.0,3508.0,543.0,8.0,12.26,8.39,13.94,16126.0
2026-03-04,9,12573.0,4.34,10.66,6132.0,6020.0,3563.0,524.0,7.87,12.14,8.28,13.81,16238.0
2026-03-04,10,12372.0,3.84,10.74,5572.0,5215.0,3078.0,450.0,6.72,10.1,7.02,11.4,14315.0
2026-03-04,11,10024.0,3.64,12.09,4582.0,3820.0,1598.0,353.0,5.16,6.96,5.24,7.72,10354.0
2026-03-04,12,9842.0,3.65,12.14,4277.0,3139.0,630.0,311.0,4.75,5.71,4.52,6.29,8356.0
2026-03-04,13,9812.0,3.75,12.21,4294.0,3125.0,751.0,336.0,4.75,5.65,4.44,6.22,8507.0
2026-03-04,14,10612.0,3.89,12.29,4282.0,3163.0,1812.0,331.0,4.84,5.77,4.56,6.35,9587.0
2026-03-04,15,10806.0,4.1,12.75,4320.0,3239.0,1052.0,329.0,4.87,5.8,4.59,6.39,8940.0
2026-03-04,16,12612.0,4.31,12.43,4790.0,3975.0,1498.0,407.0,5.27,6.97,5.2,7.76,10670.0
2026-03-04,17,13298.0,4.27,12.35,5767.0,5446.0,2894.0,487.0,6.74,10.18,7.04,11.58,14594.0
2026-03-04,18,13190.0,3.85,11.95,6049.0,5957.0,3437.0,522.0,7.72,11.85,8.13,13.5,15966.0
2026-03-04,19,13323.0,3.4,11.71,5935.0,5811.0,3408.0,527.0,7.77,11.8,8.17,13.39,15681.0
2026-03-04,20,13372.0,3.0,11.61,5805.0,5719.0,3294.0,501.0,7.76,11.71,8.19,13.27,15319.0
2026-03-04,21,13497.0,2.71,11.4,5321.0,5199.0,2776.0,460.0,6.86,10.35,7.2,11.49,13755.0
2026-03-04,22,10739.0,2.61,13.64,4316.0,3839.0,1922.0,398.0,5.26,7.24,5.26,7.87,10474.0
2026-03-04,23,4118.0,2.86,14.25,3697.0,2752.0,1171.0,289.0,4.41,5.12,3.98,5.27,7909.0
2026-03-05,0,3335.0,3.33,13.45,3405.0,2791.0,1945.0,265.0,3.95,4.57,3.19,4.73,8405.0
2026-03-05,1,3295.0,3.75,13.15,3312.0,2570.0,1825.0,253.0,3.97,4.56,3.27,4.71,7961.0
2026-03-05,2,3437.0,4.19,14.13,3185.0,2481.0,1531.0,244.0,4.05,4.53,3.4,4.68,7441.0
2026-03-05,3,4412.0,4.67,14.97,2937.0,2472.0,1210.0,236.0,4.12,4.44,3.52,4.6,6855.0
2026-03-05,4,7142.0,5.29,14.52,3540.0,3396.0,2259.0,307.0,4.68,6.05,4.43,6.33,9501.0
2026-03-05,5,13030.0,5.28,13.02,4833.0,5130.0,3610.0,463.0,6.65,10.07,6.91,11.27,14035.0
2026-03-05,6,15905.0,5.17,12.15,5620.0,5881.0,3584.0,538.0,8.12,12.2,8.51,13.72,15622.0
2026-03-05,7,15374.0,5.0,11.38,6009.0,6025.0,3586.0,553.0,8.34,12.59,8.74,14.17,16173.0
2026-03-05,8,14437.0,4.75,11.3,6110.0,6002.0,3602.0,563.0,8.07,12.5,8.52,14.1,16277.0
2026-03-05,9,13605.0,4.25,11.32,6497.0,6119.0,3943.0,557.0,8.82,12.64,9.27,14.42,17116.0
2026-03-05,10,13682.0,3.81,11.31,5573.0,5245.0,2907.0,472.0,7.04,10.22,7.4,11.49,14198.0
2026-03-05,11,12510.0,3.89,12.01,4471.0,3625.0,1367.0,359.0,4.98,6.67,4.97,7.26,9822.0
2026-03-05,12,11722.0,4.26,12.48,4242.0,3301.0,744.0,328.0,4.8,5.97,4.6,6.47,8616.0
2026-03-05,13,11000.0,4.5,12.79,4284.0,3410.0,1234.0,343.0,4.83,5.95,4.58,6.45,9271.0
2026-03-05,14,10965.0,4.7,12.85,4336.0,3408.0,677.0,370.0,4.89,6.04,4.66,6.55,8791.0
2026-03-05,15,11679.0,4.94,12.47,4382.0,3463.0,1668.0,348.0,4.93,6.12,4.71,6.64,9861.0
2026-03-05,16,11477.0,5.11,12.31,4804.0,4163.0,1598.0,383.0,5.34,7.31,5.31,8.04,10948.0
2026-03-05,17,11487.0,4.84,12.08,5780.0,5515.0,2774.0,476.0,6.87,10.53,7.18,11.86,14545.0
2026-03-05,18,12419.0,4.24,11.52,6011.0,5886.0,3444.0,538.0,7.53,11.85,7.94,13.38,15879.0
2026-03-05,19,13112.0,3.75,11.76,5852.0,5740.0,3334.0,504.0,7.55,11.7,7.95,13.2,15430.0
2026-03-05,20,13673.0,3.39,12.47,5811.0,5752.0,3272.0,497.0,7.6,11.7,8.0,13.18,15331.0
2026-03-05,21,13723.0,3.13,12.31,5369.0,5175.0,2883.0,489.0,6.75,10.13,7.09,11.38,13915.0
2026-03-05,22,10647.0,3.2,12.3,4261.0,3834.0,1794.0,378.0,5.13,6.91,5.1,7.5,10266.0
2026-03-05,23,3730.0,3.64,12.91,3637.0,2717.0,1022.0,273.0,4.3,4.93,3.84,5.12,7649.0
2026-03-06,0,2227.0,4.02,13.43,3481.0,2974.0,1845.0,261.0,3.93,4.57,3.21,4.78,8562.0
2026-03-06,1,2268.0,4.31,14.29,3301.0,2767.0,1598.0,251.0,3.97,4.5,3.31,4.7,7917.0
2026-03-06,2,2224.0,4.61,13.86,3061.0,2520.0,1299.0,246.0,4.0,4.36,3.35,4.56,7126.0
2026-03-06,3,3026.0,4.95,13.58,3021.0,2473.0,1230.0,239.0,4.06,4.43,3.46,4.63,6964.0
2026-03-06,4,4768.0,5.34,15.38,3505.0,3612.0,2211.0,334.0,4.55,6.58,4.27,6.86,9662.0
2026-03-06,5,13595.0,5.5,13.28,4503.0,5325.0,3148.0,453.0,6.2,10.47,6.41,11.6,13429.0
2026-03-06,6,14622.0,5.38,12.71,5585.0,5920.0,3640.0,529.0,8.18,12.32,8.55,13.87,15674.0
2026-03-06,7,14047.0,5.03,11.66,6002.0,6104.0,3583.0,548.0,8.37,12.62,8.77,14.27,16237.0
2026-03-06,8,13961.0,4.6,11.1,6183.0,6117.0,3614.0,558.0,8.15,12.66,8.56,14.34,16473.0
2026-03-06,9,13965.0,4.14,10.73,6308.0,6145.0,3580.0,536.0,8.1,12.65,8.51,14.38,16569.0
2026-03-06,10,13442.0,3.74,11.0,5635.0,5269.0,2906.0,457.0,6.71,10.19,7.05,11.5,14266.0
2026-03-06,11,13468.0,3.84,11.12,4536.0,3687.0,1513.0,354.0,5.02,6.68,5.03,7.35,10090.0
2026-03-06,12,13286.0,4.34,11.35,4286.0,3202.0,1584.0,345.0,4.68,5.83,4.47,6.38,9418.0
2026-03-06,13,12092.0,4.75,11.86,4337.0,3294.0,1103.0,357.0,4.7,5.86,4.44,6.42,9091.0
2026-03-06,14,11988.0,5.07,11.9,4330.0,3391.0,1305.0,333.0,4.79,5.97,4.55,6.54,9360.0
2026-03-06,15,11901.0,5.35,11.96,4370.0,3439.0,1264.0,346.0,4.89,6.12,4.69,6.69,9419.0
2026-03-06,16,10579.0,5.44,12.53,4832.0,4226.0,1695.0,401.0,5.35,7.4,5.39,8.18,11154.0
2026-03-06,17,10738.0,5.05,12.63,5806.0,5413.0,2852.0,508.0,6.67,10.15,6.98,11.49,14580.0
2026-03-06,18,10918.0,4.32,12.47,6045.0,5882.0,3284.0,524.0,7.68,11.79,8.07,13.37,15735.0
2026-03-06,19,12651.0,3.69,11.85,5844.0,5663.0,3336.0,506.0,7.63,11.59,8.05,13.1,15349.0
2026-03-06,20,13494.0,3.31,11.99,5729.0,5670.0,3283.0,528.0,7.73,11.59,8.13,13.06,15209.0
2026-03-06,21,13549.0,3.03,11.94,5386.0,5126.0,3019.0,484.0,6.77,10.11,7.13,11.39,14015.0
2026-03-06,22,10604.0,3.1,12.34,4296.0,3724.0,1661.0,370.0,5.12,6.83,5.11,7.41,10051.0
2026-03-06,23,4117.0,3.56,13.61,3721.0,2739.0,1110.0,280.0,4.26,4.87,3.79,5.1,7850.0
2026-03-07,0,2555.0,4.0,13.49,3530.0,3051.0,1784.0,273.0,3.9,4.5,3.21,4.75,8638.0
2026-03-07,1,2414.0,4.33,12.39,3397.0,2806.0,1951.0,258.0,3.84,4.41,3.09,4.64,8412.0
2026-03-07,2,2439.0,4.65,12.99,3199.0,2568.0,1811.0,257.0,3.93,4.39,3.22,4.62,7834.0
2026-03-07,3,2465.0,4.97,13.44,3052.0,2461.0,1693.0,259.0,3.94,4.34,3.27,4.57,7466.0
2026-03-07,4,8325.0,5.19,12.65,3733.0,3641.0,2433.0,339.0,4.68,6.28,4.5,6.87,10146.0
2026-03-07,5,15522.0,5.3,10.82,4724.0,4936.0,3206.0,441.0,6.29,9.27,6.55,10.39,13306.0
2026-03-07,6,14719.0,5.47,12.76,5119.0,5388.0,3055.0,487.0,7.53,11.03,7.92,12.34,14050.0
2026-03-07,7,12401.0,5.23,12.99,5366.0,5688.0,2810.0,532.0,7.46,11.92,7.85,13.28,14395.0
2026-03-07,8,12133.0,4.8,12.12,5545.0,5854.0,2865.0,527.0,7.17,11.99,7.56,13.41,14791.0
2026-03-07,9,12085.0,4.32,11.63,5662.0,5909.0,2871.0,559.0,6.95,11.93,7.37,13.39,15001.0
2026-03-07,10,12350.0,3.85,11.77,5436.0,5518.0,2539.0,517.0,6.27,10.61,6.56,11.91,14010.0
2026-03-07,11,12482.0,3.79,11.94,4520.0,4098.0,1346.0,413.0,4.91,7.2,4.9,7.91,10378.0
2026-03-07,12,12473.0,4.12,12.14,4230.0,3646.0,1651.0,358.0,4.67,6.15,4.42,6.74,9884.0
2026-03-07,13,12272.0,4.49,12.11,4191.0,3661.0,859.0,377.0,4.67,6.12,4.37,6.71,9088.0
2026-03-07,14,12062.0,4.81,11.9,4235.0,3639.0,568.0,361.0,4.74,6.22,4.46,6.82,8803.0
2026-03-07,15,11737.0,5.13,12.11,4214.0,3667.0,698.0,356.0,4.81,6.31,4.56,6.89,8934.0
2026-03-07,16,11326.0,5.32,12.35,4547.0,4149.0,1282.0,421.0,5.03,7.14,4.92,7.85,10398.0
2026-03-07,17,11303.0,5.18,12.26,5211.0,5157.0,2039.0,492.0,6.02,9.58,6.22,10.66,12899.0
2026-03-07,18,11764.0,4.75,12.35,5489.0,5678.0,2687.0,530.0,6.79,11.33,7.17,12.69,14384.0
2026-03-07,19,12384.0,4.37,12.85,5379.0,5521.0,2640.0,502.0,6.81,11.2,7.19,12.51,14042.0
2026-03-07,20,12486.0,4.06,12.89,5322.0,5452.0,2697.0,490.0,6.73,11.07,7.1,12.38,13961.0
2026-03-07,21,11823.0,3.77,12.63,5130.0,5307.0,2477.0,455.0,6.28,10.15,6.54,11.36,13368.0
2026-03-07,22,8817.0,3.4,14.38,4333.0,4485.0,1994.0,420.0,5.29,8.04,5.4,8.88,11232.0
2026-03-07,23,11222.0,3.16,14.23,4179.0,4446.0,2071.0,393.0,4.95,7.69,4.94,8.52,11089.0
2026-03-08,0,13120.0,3.12,13.6,4205.0,4548.0,2698.0,367.0,4.57,7.58,4.29,8.48,11818.0
2026-03-08,1,14642.0,3.32,13.08,4003.0,4442.0,2868.0,363.0,4.77,7.72,4.63,8.59,11675.0
2026-03-08,2,14922.0,3.69,13.73,3766.0,4255.0,2842.0,350.0,4.89,7.75,4.82,8.57,11213.0
2026-03-08,3,15175.0,4.15,14.71,3464.0,3882.0,2741.0,332.0,4.79,7.23,4.67,7.96,10419.0
2026-03-08,4,7230.0,4.65,16.35,3347.0,3619.0,2258.0,328.0,4.56,6.47,4.31,6.95,9551.0
2026-03-08,5,14929.0,4.84,13.99,4331.0,4896.0,2879.0,407.0,6.0,9.56,6.2,10.6,12513.0
2026-03-08,6,15562.0,5.06,14.03,4880.0,5424.0,2747.0,470.0,7.38,11.47,7.77,12.73,13521.0
2026-03-08,7,14801.0,5.12,12.84,5218.0,5708.0,2746.0,500.0,7.78,12.16,8.18,13.52,14172.0
2026-03-08,8,14222.0,5.05,12.66,5481.0,5838.0,2798.0,518.0,7.41,12.09,7.8,13.52,14636.0
2026-03-08,9,12643.0,4.69,12.9,5867.0,5949.0,3209.0,545.0,7.63,12.0,8.06,13.54,15571.0
2026-03-08,10,12697.0,4.22,12.63,5627.0,5450.0,2940.0,489.0,6.8,10.37,7.16,11.7,14506.0
2026-03-08,11,10781.0,4.05,13.12,4633.0,4113.0,1649.0,384.0,5.27,7.18,5.39,7.95,10780.0
2026-03-08,12,9753.0,4.04,13.62,4242.0,3420.0,1806.0,337.0,4.78,5.84,4.61,6.42,9805.0
2026-03-08,13,9815.0,4.1,13.83,4176.0,3347.0,885.0,339.0,4.8,5.84,4.59,6.41,8748.0
2026-03-08,14,10208.0,4.17,13.8,4235.0,3297.0,1938.0,367.0,4.85,5.87,4.64,6.43,9837.0
2026-03-08,15,11061.0,4.37,13.55,4174.0,3356.0,638.0,360.0,4.92,5.98,4.74,6.55,8529.0
2026-03-08,16,11849.0,4.56,13.19,4584.0,4041.0,1604.0,377.0,5.31,7.04,5.34,7.79,10605.0
2026-03-08,17,11958.0,4.46,13.34,5418.0,5178.0,2353.0,451.0,6.59,9.57,6.9,10.77,13400.0
2026-03-08,18,12118.0,4.0,13.37,5842.0,5708.0,3166.0,524.0,7.47,11.27,7.91,12.77,15239.0
2026-03-08,19,12477.0,3.53,13.81,5712.0,5640.0,3071.0,501.0,7.54,11.23,7.94,12.67,14923.0
2026-03-08,20,12804.0,3.13,13.72,5662.0,5757.0,3102.0,505.0,7.45,11.13,7.87,12.56,15025.0
2026-03-08,21,12060.0,2.79,13.92,5157.0,5025.0,2893.0,462.0,6.62,9.81,6.94,10.9,13537.0
2026-03-08,22,10158.0,2.6,13.96,4211.0,3904.0,1927.0,393.0,5.25,7.09,5.26,7.78,10435.0
2026-03-08,23,4247.0,2.83,13.76,3605.0,2547.0,1153.0,277.0,4.27,4.89,3.82,5.11,7582.0
2026-03-09,0,3477.0,3.32,12.42,3391.0,2709.0,1590.0,259.0,3.96,4.46,3.28,4.69,7948.0
2026-03-09,1,2827.0,3.73,13.47,3391.0,2820.0,1662.0,256.0,4.04,4.62,3.43,4.84,8130.0
2026-03-09,2,2831.0,4.1,14.09,3193.0,2756.0,1339.0,244.0,4.1,4.55,3.54,4.78,7532.0
2026-03-09,3,4686.0,4.53,13.76,2871.0,2436.0,1075.0,244.0,3.99,4.2,3.38,4.42,6626.0
2026-03-09,4,7859.0,5.23,13.44,3579.0,3407.0,2340.0,307.0,4.62,5.99,4.4,6.35,9633.0
2026-03-09,5,14143.0,5.29,12.24,4879.0,5173.0,3564.0,466.0,6.66,9.99,6.94,10.87,14082.0
2026-03-09,6,16042.0,5.22,12.39,5686.0,6052.0,3714.0,502.0,8.18,12.2,8.58,13.13,15954.0
2026-03-09,7,15469.0,5.05,11.61,6055.0,6124.0,3595.0,509.0,8.38,12.6,8.8,13.6,16282.0
2026-03-09,8,15424.0,4.8,11.27,6231.0,6087.0,3668.0,523.0,8.25,12.6,8.67,13.6,16509.0
2026-03-09,9,12616.0,4.38,11.74,6264.0,6025.0,3678.0,509.0,8.07,12.48,8.5,13.49,16476.0
2026-03-09,10,12227.0,3.75,11.41,5864.0,5518.0,3285.0,471.0,7.06,10.82,7.46,11.68,15137.0
2026-03-09,11,10058.0,3.43,12.46,4667.0,4019.0,1609.0,365.0,5.13,7.07,5.21,7.82,10661.0
2026-03-09,12,10770.0,3.47,12.2,4268.0,3380.0,941.0,342.0,4.73,5.83,4.51,6.39,8930.0
2026-03-09,13,10762.0,3.65,12.32,4284.0,3455.0,1059.0,328.0,4.73,5.79,4.44,6.36,9126.0
2026-03-09,14,10804.0,3.8,12.52,4359.0,3344.0,972.0,329.0,4.8,5.93,4.53,6.5,9004.0
2026-03-09,15,11142.0,3.97,12.45,4297.0,3384.0,1154.0,351.0,4.84,5.94,4.57,6.51,9186.0
2026-03-09,16,13410.0,4.23,11.47,4725.0,4033.0,1602.0,425.0,5.23,7.02,5.19,7.76,10784.0
2026-03-09,17,15188.0,4.35,10.8,5732.0,5397.0,2717.0,537.0,6.64,10.03,6.95,11.34,14383.0
2026-03-09,18,14932.0,4.19,10.87,6095.0,5952.0,3502.0,534.0,7.56,11.77,7.99,13.38,16082.0
2026-03-09,19,15065.0,3.96,11.28,5942.0,5777.0,3480.0,522.0,7.6,11.69,8.03,13.25,15722.0
2026-03-09,20,15146.0,3.79,11.22,5828.0,5750.0,3304.0,522.0,7.67,11.61,8.08,13.12,15403.0
2026-03-09,21,14612.0,3.69,10.86,5364.0,5187.0,2984.0,466.0,6.83,10.18,7.18,11.48,14002.0
2026-03-09,22,7224.0,3.6,12.61,4314.0,3854.0,1773.0,401.0,5.15,6.91,5.14,7.52,10342.0
2026-03-09,23,2293.0,3.68,13.53,3686.0,2826.0,1224.0,280.0,4.26,4.91,3.83,5.16,8016.0
2026-03-10,0,2273.0,3.99,13.86,3566.0,2973.0,1670.0,267.0,3.94,4.51,3.26,4.77,8477.0
2026-03-10,1,2282.0,4.28,14.2,3293.0,2673.0,1541.0,250.0,3.99,4.43,3.34,4.67,7757.0
2026-03-10,2,2361.0,4.59,14.89,3095.0,2519.0,1339.0,240.0,4.04,4.42,3.47,4.67,7193.0
2026-03-10,3,2637.0,4.92,13.9,2868.0,2242.0,1177.0,238.0,4.01,4.24,3.39,4.47,6525.0
2026-03-10,4,6207.0,5.16,13.22,3642.0,3350.0,2358.0,337.0,4.63,6.04,4.42,6.47,9687.0
2026-03-10,5,15263.0,5.26,10.63,4894.0,5212.0,3654.0,431.0,6.66,10.04,6.96,11.32,14191.0
2026-03-10,6,15546.0,5.23,11.81,5671.0,5968.0,3648.0,542.0,8.11,12.22,8.48,13.82,15830.0
2026-03-10,7,14448.0,4.95,10.97,5971.0,6089.0,3442.0,553.0,8.34,12.56,8.76,14.2,16055.0
2026-03-10,8,14334.0,4.57,10.42,6176.0,6120.0,3550.0,536.0,8.3,12.65,8.73,14.37,16382.0
2026-03-10,9,14317.0,4.16,10.09,6261.0,6203.0,3448.0,534.0,8.13,12.73,8.59,14.47,16445.0
2026-03-10,10,14433.0,3.88,10.02,5607.0,5189.0,2766.0,491.0,6.67,10.08,7.04,11.37,14054.0
2026-03-10,11,14358.0,4.13,10.07,4610.0,3725.0,1420.0,358.0,5.0,6.74,5.03,7.44,10113.0
2026-03-10,12,3513.0,4.57,11.77,4284.0,3019.0,646.0,303.0,4.56,5.4,4.28,5.71,8252.0
2026-03-10,13,2293.0,4.88,11.93,4266.0,2914.0,703.0,317.0,4.54,5.27,4.18,5.56,8200.0
2026-03-10,14,1999.0,5.18,12.14,4322.0,2915.0,752.0,301.0,4.62,5.4,4.29,5.7,8290.0
2026-03-10,15,7.0,5.3,13.3,4384.0,3066.0,868.0,314.0,4.74,5.7,4.49,6.0,8632.0
2026-03-10,16,9508.0,5.18,12.51,4812.0,4022.0,1679.0,388.0,5.13,7.09,5.13,7.84,10901.0
2026-03-10,17,11540.0,4.89,12.44,5758.0,5487.0,2845.0,496.0,6.64,10.18,6.96,11.55,14587.0
2026-03-10,18,11531.0,4.26,12.06,6029.0,5966.0,3310.0,538.0,7.6,11.8,7.99,13.41,15843.0
2026-03-10,19,11336.0,3.59,11.21,5905.0,5769.0,3117.0,515.0,7.63,11.7,8.04,13.22,15306.0
2026-03-10,20,11528.0,2.97,11.11,5797.0,5679.0,3147.0,528.0,7.56,11.54,7.98,13.01,15151.0
2026-03-10,21,11715.0,2.46,11.11,5413.0,5143.0,2909.0,529.0,6.72,10.11,7.08,11.39,13993.0
2026-03-10,22,11183.0,2.23,9.87,4286.0,3792.0,1962.0,369.0,4.99,6.99,4.96,7.63,10409.0
2026-03-10,23,5233.0,2.6,9.93,3651.0,2521.0,1026.0,304.0,4.11,4.74,3.61,4.91,7502.0
2026-03-11,0,4778.0,3.26,10.06,3396.0,2393.0,1720.0,266.0,3.7,4.21,2.87,4.39,7774.0
2026-03-11,1,4928.0,3.87,10.38,3318.0,2695.0,1586.0,249.0,3.87,4.43,3.18,4.63,7848.0
2026-03-11,2,4673.0,4.51,12.07,3146.0,2726.0,1584.0,245.0,3.95,4.54,3.35,4.71,7701.0
2026-03-11,3,4029.0,5.07,13.48,3021.0,2601.0,1511.0,260.0,3.97,4.48,3.36,4.64,7392.0
2026-03-11,4,7244.0,5.43,14.76,3653.0,3765.0,2366.0,327.0,4.58,6.65,4.4,7.12,10110.0
2026-03-11,5,14291.0,5.45,13.34,4460.0,5313.0,3052.0,450.0,6.12,10.59,6.35,11.68,13274.0
2026-03-11,6,14187.0,5.34,13.51,5580.0,5877.0,3573.0,514.0,7.96,12.31,8.37,13.81,15545.0
2026-03-11,7,13245.0,4.93,11.73,5956.0,5980.0,3396.0,538.0,8.33,12.5,8.74,14.03,15871.0
2026-03-11,8,13267.0,4.45,11.25,6054.0,5932.0,3365.0,585.0,7.97,12.27,8.4,13.79,15936.0
2026-03-11,9,13330.0,3.97,10.94,6143.0,5933.0,3343.0,515.0,7.96,12.28,8.39,13.84,15934.0
2026-03-11,10,13472.0,3.55,10.89,5828.0,5512.0,3137.0,474.0,7.02,10.9,7.44,12.3,14951.0
2026-03-11,11,13609.0,3.5,11.01,4796.0,4183.0,1788.0,383.0,5.31,7.43,5.42,8.23,11149.0
2026-03-11,12,1412.0,3.73,13.49,4285.0,3343.0,894.0,324.0,4.72,5.87,4.59,6.13,8845.0
2026-03-11,13,11.0,3.75,13.75,4270.0,3338.0,881.0,319.0,4.69,5.88,4.51,6.13,8808.0
2026-03-11,14,11.0,3.76,14.05,4317.0,3290.0,983.0,315.0,4.7,5.94,4.51,6.2,8904.0
2026-03-11,15,15.0,3.77,14.46,4373.0,3353.0,1026.0,343.0,4.7,6.01,4.52,6.28,9095.0
2026-03-11,16,11483.0,3.94,12.47,4662.0,4008.0,1355.0,371.0,5.0,7.07,4.98,7.68,10395.0
2026-03-11,17,13527.0,4.03,12.35,5372.0,5359.0,2415.0,485.0,6.16,10.05,6.42,11.25,13632.0
2026-03-11,18,13237.0,3.77,11.69,5657.0,5935.0,2779.0,514.0,6.97,11.87,7.38,13.28,14885.0
2026-03-11,19,13491.0,3.44,11.88,5544.0,5945.0,2923.0,510.0,7.12,12.1,7.52,13.5,14922.0
2026-03-11,20,13804.0,3.18,12.24,5421.0,5877.0,2941.0,515.0,7.18,12.05,7.57,13.43,14754.0
2026-03-11,21,13714.0,3.01,12.02,4988.0,5130.0,2620.0,492.0,6.21,10.25,6.48,11.38,13230.0
2026-03-11,22,11843.0,3.08,12.75,4123.0,3932.0,1769.0,393.0,4.93,7.35,4.9,8.02,10217.0
2026-03-11,23,4956.0,3.34,15.57,3528.0,2640.0,992.0,272.0,4.04,4.91,3.52,5.17,7431.0
2026-03-12,0,2553.0,3.71,14.16,3215.0,2675.0,1462.0,260.0,3.64,4.37,2.83,4.58,7611.0
2026-03-12,1,2693.0,4.05,14.17,3060.0,2599.0,1265.0,247.0,3.74,4.34,2.99,4.55,7171.0
2026-03-12,2,2794.0,4.41,14.62,3005.0,2555.0,1171.0,249.0,3.87,4.51,3.23,4.71,6980.0
2026-03-12,3,2886.0,4.79,15.7,2993.0,2599.0,1024.0,247.0,3.99,4.62,3.44,4.83,6862.0
2026-03-12,4,6910.0,5.12,16.27,3425.0,3504.0,2188.0,309.0,4.39,6.28,4.1,6.74,9426.0
2026-03-12,5,13610.0,5.1,15.09,4476.0,4958.0,3092.0,436.0,5.95,9.89,6.19,10.95,12963.0
2026-03-12,6,14800.0,5.11,13.93,5086.0,5733.0,3022.0,503.0,7.6,12.25,7.97,13.59,14344.0
2026-03-12,7,14313.0,4.96,12.25,5322.0,5911.0,2923.0,600.0,7.95,12.73,8.34,14.1,14757.0
2026-03-12,8,14855.0,4.82,11.51,5430.0,5893.0,2952.0,554.0,7.72,12.7,8.11,14.11,14830.0
2026-03-12,9,14514.0,4.68,10.87,5508.0,5879.0,3000.0,504.0,7.59,12.59,8.0,14.03,14891.0
2026-03-12,10,14388.0,4.62,10.63,4999.0,5018.0,2135.0,441.0,6.31,10.01,6.61,11.07,12593.0
2026-03-12,11,12436.0,4.94,11.53,4276.0,3635.0,1050.0,337.0,4.83,6.79,4.88,7.38,9297.0
2026-03-12,12,142.0,5.07,13.55,4186.0,3256.0,643.0,310.0,4.53,5.97,4.45,6.22,8394.0
2026-03-12,13,15.0,5.07,13.78,4204.0,3213.0,728.0,332.0,4.52,5.96,4.37,6.19,8477.0
2026-03-12,14,12.0,5.08,13.91,4152.0,3223.0,806.0,340.0,4.56,5.99,4.39,6.23,8522.0
2026-03-12,15,-17.0,5.09,14.29,4217.0,3278.0,735.0,331.0,4.67,6.18,4.57,6.43,8561.0
2026-03-12,16,6373.0,5.06,14.96,4449.0,3785.0,1198.0,365.0,4.96,7.09,5.01,7.63,9797.0
2026-03-12,17,9849.0,4.72,14.23,5112.0,5197.0,2283.0,465.0,6.23,9.98,6.5,11.0,13057.0
2026-03-12,18,10015.0,4.07,14.16,5474.0,5949.0,2854.0,519.0,7.17,11.91,7.59,13.29,14796.0
2026-03-12,19,11844.0,3.49,13.63,5316.0,5647.0,2697.0,532.0,7.05,11.55,7.44,12.84,14192.0
2026-03-12,20,13006.0,3.18,13.8,5187.0,5808.0,2778.0,496.0,7.0,11.46,7.39,12.76,14270.0
2026-03-12,21,10818.0,2.89,14.48,4925.0,5363.0,2627.0,477.0,6.36,10.37,6.66,11.43,13392.0
2026-03-12,22,9340.0,2.53,15.06,4083.0,3854.0,1647.0,381.0,4.92,7.18,4.94,7.85,9966.0
2026-03-12,23,4061.0,2.78,15.03,3585.0,2746.0,740.0,280.0,4.05,4.94,3.65,5.18,7351.0
2026-03-13,0,3103.0,3.23,16.03,3299.0,3056.0,1364.0,254.0,3.74,4.55,3.07,4.8,7973.0
2026-03-13,1,3142.0,3.64,16.26,3188.0,2857.0,1185.0,245.0,3.86,4.64,3.3,4.89,7475.0
2026-03-13,2,3425.0,4.06,16.82,3102.0,2755.0,1057.0,241.0,4.0,4.78,3.55,5.03,7155.0
2026-03-13,3,3977.0,4.55,18.26,2912.0,2491.0,701.0,238.0,3.97,4.45,3.51,4.69,6341.0
2026-03-13,4,6588.0,5.03,18.01,3376.0,3527.0,2176.0,311.0,4.49,6.4,4.31,6.89,9390.0
2026-03-13,5,13709.0,4.96,11.25,4537.0,5383.0,3158.0,465.0,6.26,10.44,6.54,11.63,13542.0
2026-03-13,6,15306.0,4.93,11.27,5204.0,5942.0,3261.0,547.0,7.61,12.58,8.0,14.01,14955.0
2026-03-13,7,14813.0,4.82,10.52,5422.0,6078.0,3024.0,615.0,7.92,12.78,8.33,14.19,15138.0
2026-03-13,8,14345.0,4.61,10.21,5880.0,6283.0,3344.0,530.0,8.23,12.71,8.62,14.27,16037.0
2026-03-13,9,14606.0,4.27,10.89,6083.0,6244.0,3418.0,542.0,8.26,12.56,8.68,14.14,16287.0
2026-03-13,10,12986.0,3.96,11.89,5603.0,5377.0,2965.0,481.0,7.04,10.54,7.44,11.83,14425.0
2026-03-13,11,12626.0,3.91,12.15,4561.0,4002.0,1571.0,367.0,5.2,7.12,5.36,7.86,10501.0
2026-03-13,12,3291.0,4.28,13.28,4346.0,3247.0,989.0,316.0,4.74,5.65,4.67,5.96,8898.0
2026-03-13,13,1225.0,4.48,14.13,4432.0,3237.0,1114.0,314.0,4.77,5.63,4.72,5.94,9097.0
2026-03-13,14,1230.0,4.65,14.23,4479.0,3223.0,1045.0,342.0,4.78,5.61,4.71,5.92,9089.0
2026-03-13,15,1243.0,4.82,14.25,4453.0,3223.0,1007.0,337.0,4.86,5.72,4.81,6.03,9020.0
2026-03-13,16,10798.0,4.88,13.55,4709.0,3868.0,1569.0,390.0,5.17,6.94,5.28,7.66,10537.0
2026-03-13,17,13174.0,4.84,12.58,5523.0,5237.0,2650.0,475.0,6.57,9.82,6.89,11.03,13885.0
2026-03-13,18,13363.0,4.49,12.7,5960.0,6064.0,3263.0,518.0,7.78,11.94,8.21,13.47,15805.0
2026-03-13,19,13530.0,4.14,12.71,5682.0,5620.0,3106.0,512.0,7.72,11.54,8.13,12.98,14921.0
2026-03-13,20,13815.0,3.88,13.01,5570.0,5493.0,3157.0,522.0,7.73,11.47,8.15,12.86,14741.0
2026-03-13,21,13126.0,3.67,13.72,5224.0,4993.0,2884.0,475.0,6.81,10.11,7.21,11.33,13576.0
2026-03-13,22,8024.0,3.65,15.86,4116.0,3623.0,1884.0,363.0,5.06,6.79,5.13,7.38,9986.0
2026-03-13,23,325.0,3.66,18.66,3636.0,2651.0,1006.0,279.0,4.17,4.9,3.85,5.15,7572.0
2026-03-14,0,3111.0,3.91,14.47,3419.0,2919.0,1837.0,281.0,3.77,4.45,3.15,4.72,8456.0
2026-03-14,1,2626.0,4.28,14.0,3247.0,2586.0,1726.0,255.0,3.79,4.39,3.19,4.66,7815.0
2026-03-14,2,2681.0,4.63,14.46,3063.0,2362.0,1425.0,238.0,3.8,4.27,3.24,4.52,7088.0
2026-03-14,3,3091.0,5.01,14.74,2948.0,2284.0,1346.0,238.0,3.9,4.35,3.41,4.6,6816.0
2026-03-14,4,7050.0,5.39,14.85,3639.0,3427.0,2341.0,307.0,4.56,6.16,4.47,6.63,9713.0
2026-03-14,5,13516.0,5.47,12.8,4549.0,4786.0,3180.0,473.0,6.26,9.31,6.56,10.33,12988.0
2026-03-14,6,14765.0,5.45,13.28,5037.0,5340.0,3116.0,519.0,7.67,11.1,8.05,12.36,14012.0
2026-03-14,7,13872.0,5.43,13.11,5001.0,5671.0,2464.0,533.0,7.37,11.85,7.76,13.1,13669.0
2026-03-14,8,13144.0,5.22,11.75,5694.0,5788.0,3100.0,514.0,7.89,12.02,8.3,13.5,15097.0
2026-03-14,9,12969.0,4.76,11.08,6001.0,5837.0,3253.0,525.0,7.92,11.99,8.37,13.54,15615.0
2026-03-14,10,12970.0,4.4,10.8,5434.0,4981.0,2681.0,491.0,6.57,9.72,6.96,10.93,13587.0
2026-03-14,11,12816.0,4.48,10.59,4481.0,3593.0,1385.0,358.0,4.96,6.63,5.08,7.3,9817.0
2026-03-14,12,3310.0,4.82,11.79,4244.0,3030.0,616.0,334.0,4.51,5.42,4.4,5.74,8224.0
2026-03-14,13,2154.0,5.12,12.08,4235.0,3028.0,612.0,323.0,4.56,5.39,4.4,5.69,8198.0
2026-03-14,14,92.0,5.27,13.22,4302.0,3116.0,797.0,321.0,4.7,5.71,4.63,6.03,8536.0
2026-03-14,15,10.0,5.28,13.57,4301.0,3159.0,879.0,312.0,4.7,5.74,4.61,6.06,8650.0
2026-03-14,16,10407.0,5.27,12.72,4657.0,3872.0,1508.0,362.0,5.13,6.93,5.21,7.65,10400.0
2026-03-14,17,11419.0,5.1,12.36,5489.0,5085.0,2456.0,484.0,6.62,9.7,6.99,10.86,13514.0
2026-03-14,18,11714.0,4.6,12.65,5774.0,5506.0,2949.0,492.0,7.59,11.19,8.0,12.61,14720.0
2026-03-14,19,11641.0,4.12,13.52,5605.0,5343.0,2888.0,513.0,7.56,11.01,7.98,12.36,14349.0
2026-03-14,20,11807.0,3.66,14.23,5594.0,5373.0,2878.0,476.0,7.57,11.02,7.98,12.38,14320.0
2026-03-14,21,9755.0,3.17,15.26,5172.0,4915.0,2692.0,444.0,6.7,9.75,7.09,10.95,13222.0
2026-03-14,22,9564.0,2.71,17.09,4225.0,4170.0,1895.0,364.0,5.23,7.08,5.34,7.88,10654.0
2026-03-14,23,6273.0,2.94,18.32,3535.0,3003.0,1132.0,264.0,4.16,4.81,3.83,5.13,7934.0
2026-03-15,0,3995.0,3.6,15.89,3444.0,2927.0,1806.0,275.0,3.77,4.39,3.18,4.67,8452.0
2026-03-15,1,3337.0,4.05,16.0,3464.0,2987.0,1949.0,261.0,3.91,4.71,3.43,5.0,8661.0
2026-03-15,2,3274.0,4.49,17.2,3325.0,2911.0,1778.0,252.0,4.01,4.8,3.63,5.09,8266.0
2026-03-15,3,2816.0,4.88,17.72,3098.0,2620.0,1495.0,260.0,3.99,4.59,3.6,4.87,7473.0
2026-03-15,4,6863.0,5.25,15.06,3646.0,3609.0,2391.0,303.0,4.67,6.21,4.58,6.66,9948.0
2026-03-15,5,13848.0,5.41,13.13,4583.0,4821.0,3348.0,384.0,6.29,9.26,6.6,10.31,13137.0
2026-03-15,6,14993.0,5.48,13.31,5057.0,5248.0,3032.0,445.0,7.7,10.98,8.1,12.26,13782.0
2026-03-15,7,14428.0,5.48,12.98,5153.0,5549.0,2648.0,536.0,7.74,11.84,8.16,13.15,13886.0
2026-03-15,8,13781.0,5.34,12.8,5449.0,5765.0,2859.0,526.0,7.57,11.95,7.97,13.36,14600.0
2026-03-15,9,13644.0,5.01,12.43,5942.0,5885.0,3284.0,521.0,7.97,12.03,8.41,13.62,15633.0
2026-03-15,10,13662.0,4.68,12.15,5459.0,5407.0,2979.0,497.0,6.88,10.31,7.28,11.65,14342.0
2026-03-15,11,13391.0,4.8,12.17,4431.0,3916.0,1457.0,373.0,5.1,6.85,5.25,7.54,10177.0
2026-03-15,12,265.0,5.01,14.32,4343.0,3469.0,969.0,331.0,4.8,5.94,4.77,6.26,9113.0
2026-03-15,13,14.0,5.02,14.54,4334.0,3509.0,1025.0,332.0,4.83,5.96,4.79,6.31,9200.0
2026-03-15,14,11.0,5.03,14.6,4334.0,3534.0,1038.0,338.0,4.92,6.08,4.91,6.42,9243.0
2026-03-15,15,-23.0,5.04,13.36,4214.0,3295.0,818.0,330.0,4.78,5.78,4.74,6.11,8657.0
2026-03-15,16,7075.0,4.99,13.36,4524.0,3876.0,1418.0,376.0,5.31,7.01,5.45,7.65,10194.0
2026-03-15,17,11111.0,4.78,13.29,5219.0,4941.0,2349.0,440.0,6.47,9.29,6.78,10.34,12949.0
2026-03-15,18,12863.0,4.35,12.23,5823.0,5682.0,3127.0,526.0,7.74,11.47,8.16,12.94,15158.0
2026-03-15,19,13199.0,3.98,11.99,5709.0,5554.0,3188.0,493.0,7.82,11.53,8.24,13.0,14944.0
2026-03-15,20,13328.0,3.67,11.88,5574.0,5379.0,3101.0,478.0,7.54,11.08,7.96,12.47,14532.0
2026-03-15,21,13193.0,3.47,11.51,5159.0,4823.0,2821.0,451.0,6.6,9.65,6.97,10.84,13254.0
2026-03-15,22,10387.0,3.39,13.14,4192.0,3742.0,1964.0,383.0,5.16,7.03,5.28,7.76,10280.0
2026-03-15,23,3475.0,3.46,14.74,3532.0,2510.0,1100.0,270.0,4.18,4.85,3.86,5.15,7412.0
2026-03-16,0,2880.0,3.86,13.66,3345.0,2720.0,1722.0,258.0,3.77,4.34,3.19,4.63,8044.0
2026-03-16,1,2478.0,4.2,14.05,3237.0,2683.0,1476.0,247.0,3.91,4.45,3.43,4.73,7643.0
2026-03-16,2,2496.0,4.53,14.3,3191.0,2708.0,1398.0,242.0,4.1,4.72,3.75,5.01,7539.0
2026-03-16,3,2538.0,4.86,14.76,3030.0,2607.0,1273.0,254.0,4.12,4.69,3.82,4.98,7164.0
2026-03-16,4,7266.0,4.96,14.82,3530.0,3429.0,2506.0,356.0,4.62,6.18,4.52,6.81,9821.0
2026-03-16,5,15893.0,5.0,12.37,4590.0,4853.0,3275.0,439.0,6.57,9.61,6.87,10.81,13158.0
2026-03-16,6,16103.0,5.12,12.4,5519.0,5875.0,3720.0,514.0,8.3,12.25,8.69,13.84,15628.0
2026-03-16,7,15348.0,4.99,11.39,5815.0,5932.0,3454.0,561.0,8.53,12.5,8.94,14.09,15761.0
2026-03-16,8,15301.0,4.8,11.16,6075.0,5950.0,3354.0,531.0,8.28,12.42,8.69,14.05,15911.0
2026-03-16,9,12458.0,4.4,11.89,6173.0,5933.0,3479.0,523.0,8.05,12.31,8.47,13.94,16108.0
2026-03-16,10,12466.0,3.86,11.95,5683.0,5255.0,2963.0,460.0,6.95,10.53,7.33,11.88,14361.0
2026-03-16,11,12291.0,3.78,12.33,4665.0,3913.0,1607.0,352.0,5.19,7.14,5.37,7.93,10537.0
2026-03-16,12,2827.0,3.98,13.38,4355.0,3132.0,867.0,303.0,4.61,5.75,4.62,6.11,8658.0
2026-03-16,13,1650.0,4.2,13.56,4318.0,3145.0,881.0,330.0,4.61,5.69,4.56,6.03,8674.0
2026-03-16,14,1643.0,4.43,14.0,4347.0,3132.0,1044.0,336.0,4.7,5.85,4.67,6.19,8859.0
2026-03-16,15,1652.0,4.65,14.26,4412.0,3142.0,975.0,315.0,4.8,6.05,4.86,6.4,8845.0
2026-03-16,16,10288.0,4.8,14.69,4542.0,3683.0,1474.0,354.0,5.13,6.89,5.29,7.56,10053.0
2026-03-16,17,12385.0,4.79,14.06,5339.0,4934.0,2530.0,435.0,6.7,9.71,7.07,10.88,13237.0
2026-03-16,18,11645.0,4.39,14.34,5711.0,5591.0,3119.0,508.0,7.78,11.43,8.19,12.89,14929.0
2026-03-16,19,11285.0,3.8,14.28,5633.0,5498.0,3228.0,489.0,7.82,11.49,8.24,12.94,14848.0
2026-03-16,20,11406.0,3.25,14.22,5537.0,5412.0,3151.0,527.0,7.79,11.35,8.2,12.75,14628.0
2026-03-16,21,11519.0,2.76,14.24,5273.0,4993.0,2981.0,481.0,6.92,10.26,7.3,11.44,13728.0
2026-03-16,22,10118.0,2.5,14.27,4214.0,3860.0,2029.0,365.0,5.23,7.32,5.38,7.98,10468.0
2026-03-16,23,4913.0,2.77,13.95,3610.0,2860.0,1257.0,270.0,4.18,5.17,3.99,5.33,7997.0
2026-03-17,0,3490.0,3.32,13.6,3437.0,2747.0,2045.0,258.0,3.68,4.57,3.13,4.73,8488.0
2026-03-17,1,3411.0,3.76,14.18,3245.0,2584.0,1829.0,245.0,3.79,4.62,3.33,4.79,7902.0
2026-03-17,2,3533.0,4.22,15.16,2997.0,2266.0,1617.0,250.0,3.83,4.51,3.39,4.67,7130.0
2026-03-17,3,3640.0,4.69,15.94,2910.0,2397.0,1522.0,235.0,3.93,4.63,3.58,4.79,7063.0
2026-03-17,4,6680.0,5.07,13.46,3575.0,3429.0,2536.0,308.0,4.63,6.35,4.6,6.67,9847.0
2026-03-17,5,14628.0,5.22,11.53,4786.0,5050.0,3645.0,432.0,6.74,10.16,7.06,11.36,13913.0
2026-03-17,6,16415.0,5.21,12.98,5528.0,5787.0,3650.0,526.0,8.2,12.23,8.59,13.73,15491.0
2026-03-17,7,16066.0,5.16,12.39,5809.0,5964.0,3374.0,533.0,8.52,12.62,8.95,14.15,15680.0
2026-03-17,8,14747.0,4.98,12.17,5957.0,5948.0,3461.0,545.0,8.32,12.53,8.74,14.06,15911.0
2026-03-17,9,12281.0,4.52,12.03,6033.0,6010.0,3543.0,529.0,8.28,12.59,8.69,14.15,16116.0
2026-03-17,10,12333.0,3.99,12.15,5556.0,5163.0,3013.0,462.0,6.92,10.54,7.32,11.77,14194.0
2026-03-17,11,9729.0,3.75,13.43,4551.0,3656.0,1659.0,357.0,4.99,6.96,5.13,7.6,10224.0
2026-03-17,12,2808.0,3.89,13.33,4397.0,3022.0,995.0,327.0,4.48,5.7,4.41,5.94,8740.0
2026-03-17,13,1619.0,4.12,13.58,4460.0,3084.0,869.0,336.0,4.51,5.66,4.4,5.9,8749.0
2026-03-17,14,1619.0,4.34,13.66,4501.0,3107.0,869.0,311.0,4.62,5.81,4.56,6.06,8788.0
2026-03-17,15,1617.0,4.55,13.91,4443.0,3078.0,932.0,322.0,4.68,5.91,4.63,6.16,8775.0
2026-03-17,16,10257.0,4.6,13.91,4732.0,3872.0,1533.0,385.0,5.15,7.12,5.29,7.78,10522.0
2026-03-17,17,13684.0,4.55,12.59,5602.0,5195.0,2736.0,515.0,6.57,9.96,6.94,11.15,14047.0
2026-03-17,18,14867.0,4.32,12.21,5996.0,5809.0,3371.0,521.0,7.72,11.83,8.16,13.35,15696.0
2026-03-17,19,14862.0,4.12,12.12,5790.0,5721.0,3208.0,513.0,7.84,11.75,8.25,13.2,15233.0
2026-03-17,20,14879.0,3.96,12.09,5699.0,5659.0,3133.0,528.0,7.83,11.62,8.26,13.05,15018.0
2026-03-17,21,12875.0,3.75,12.88,5278.0,5059.0,2902.0,486.0,6.79,10.15,7.2,11.22,13725.0
2026-03-17,22,8312.0,3.62,14.56,4262.0,3860.0,1948.0,352.0,5.13,7.05,5.27,7.66,10421.0
2026-03-17,23,1591.0,3.71,16.35,3710.0,3134.0,1330.0,281.0,4.13,5.09,3.89,5.31,8455.0
2026-03-18,0,2385.0,4.02,15.07,3470.0,2932.0,1820.0,269.0,3.76,4.55,3.25,4.78,8491.0
2026-03-18,1,2378.0,4.33,15.42,3300.0,2680.0,1778.0,264.0,3.79,4.53,3.28,4.75,8022.0
2026-03-18,2,2420.0,4.65,16.07,3065.0,2393.0,1487.0,242.0,3.8,4.38,3.33,4.6,7187.0
2026-03-18,3,2429.0,4.97,16.41,3039.0,2371.0,1530.0,238.0,3.91,4.58,3.53,4.8,7178.0
2026-03-18,4,4506.0,5.27,16.83,3651.0,3333.0,2441.0,323.0,4.72,6.41,4.69,6.72,9748.0
2026-03-18,5,13523.0,5.28,13.2,4765.0,5010.0,3517.0,455.0,6.82,10.18,7.15,11.37,13747.0
2026-03-18,6,16047.0,5.23,12.39,5504.0,5796.0,3589.0,512.0,8.29,12.26,8.69,13.76,15400.0
2026-03-18,7,14328.0,5.04,11.62,5898.0,5968.0,3435.0,544.0,8.51,12.63,8.93,14.18,15844.0
2026-03-18,8,14288.0,4.68,11.16,6051.0,5944.0,3505.0,564.0,8.23,12.56,8.66,14.14,16064.0
2026-03-18,9,14248.0,4.3,10.91,6207.0,5948.0,3604.0,531.0,8.11,12.58,8.55,14.18,16290.0
2026-03-18,10,14231.0,4.04,10.58,5491.0,4956.0,2675.0,463.0,6.63,9.94,7.01,11.14,13585.0
2026-03-18,11,13574.0,4.27,9.85,4544.0,3390.0,1424.0,374.0,4.83,6.56,4.96,7.17,9731.0
2026-03-18,12,1690.0,4.6,11.88,4335.0,2896.0,848.0,296.0,4.42,5.49,4.32,5.77,8375.0
2026-03-18,13,-3.0,4.62,12.25,4310.0,2816.0,808.0,293.0,4.36,5.35,4.2,5.62,8227.0
2026-03-18,14,7.0,4.63,12.29,4386.0,2768.0,795.0,304.0,4.46,5.45,4.3,5.72,8252.0
2026-03-18,15,9.0,4.63,12.28,4341.0,2826.0,744.0,321.0,4.49,5.45,4.34,5.71,8232.0
2026-03-18,16,11199.0,4.69,10.66,4716.0,3703.0,1618.0,400.0,5.06,6.93,5.17,7.61,10436.0
2026-03-18,17,11171.0,4.53,11.84,5669.0,5173.0,2701.0,486.0,6.71,10.05,7.07,11.28,14029.0
2026-03-18,18,11287.0,3.88,12.53,5954.0,5716.0,3333.0,522.0,7.66,11.66,8.07,13.17,15525.0
2026-03-18,19,11767.0,3.28,13.08,5819.0,5529.0,3244.0,532.0,7.69,11.6,8.11,13.02,15125.0
2026-03-18,20,11887.0,2.75,12.96,5676.0,5442.0,3186.0,529.0,7.62,11.37,8.03,12.76,14833.0
2026-03-18,21,11963.0,2.33,12.8,5297.0,4932.0,2825.0,467.0,6.68,9.89,7.07,11.1,13521.0
2026-03-18,22,12067.0,2.18,12.95,4397.0,4050.0,2144.0,381.0,5.22,7.41,5.4,8.11,10972.0
2026-03-18,23,7582.0,2.52,12.76,3624.0,2497.0,866.0,279.0,4.09,4.9,3.95,5.13,7267.0
2026-03-19,0,3415.0,3.11,13.34,3352.0,2445.0,1901.0,281.0,3.57,4.31,3.08,4.46,7979.0
2026-03-19,1,2895.0,3.48,12.75,3320.0,2566.0,1910.0,262.0,3.71,4.54,3.34,4.7,8058.0
2026-03-19,2,3022.0,3.87,13.14,3234.0,2596.0,1746.0,251.0,3.84,4.68,3.59,4.85,7826.0
2026-03-19,3,3013.0,4.27,13.64,3003.0,2290.0,1413.0,243.0,3.77,4.39,3.46,4.54,6950.0
2026-03-19,4,9826.0,4.85,11.88,3607.0,3305.0,2362.0,317.0,4.53,6.17,4.55,6.54,9591.0
2026-03-19,5,14482.0,5.12,12.31,4935.0,5208.0,3656.0,468.0,6.9,10.49,7.35,11.74,14266.0
2026-03-19,6,14993.0,4.97,11.6,5516.0,5798.0,3617.0,537.0,8.11,12.16,8.6,13.61,15467.0
2026-03-19,7,14269.0,4.69,9.72,5976.0,6195.0,3414.0,613.0,8.34,12.54,8.84,14.06,16198.0
2026-03-19,8,14705.0,4.34,9.98,6099.0,6200.0,3521.0,541.0,8.13,12.48,8.65,14.03,16362.0
2026-03-19,9,15322.0,4.1,10.51,6140.0,6101.0,3502.0,559.0,7.95,12.3,8.49,13.85,16302.0
2026-03-19,10,15361.0,3.98,10.43,5632.0,5214.0,2892.0,478.0,6.68,10.19,7.21,11.41,14216.0
2026-03-19,11,15281.0,4.33,10.58,4633.0,3643.0,1491.0,362.0,5.04,6.99,5.34,7.62,10129.0
2026-03-19,12,1182.0,4.79,13.32,4400.0,3152.0,819.0,331.0,4.55,5.9,4.63,6.14,8702.0
2026-03-19,13,7.0,4.81,12.88,4336.0,3071.0,714.0,318.0,4.44,5.68,4.48,5.92,8439.0
2026-03-19,14,2.0,4.82,12.79,4403.0,2990.0,750.0,322.0,4.47,5.67,4.44,5.9,8465.0
2026-03-19,15,102.0,4.83,13.27,4407.0,3091.0,753.0,345.0,4.47,5.7,4.45,5.93,8596.0
2026-03-19,16,8594.0,4.79,13.49,4644.0,3810.0,1395.0,407.0,4.89,6.95,5.1,7.57,10256.0
2026-03-19,17,10242.0,4.39,13.38,5355.0,5152.0,2329.0,500.0,6.02,9.88,6.43,10.97,13336.0
2026-03-19,18,12838.0,3.9,12.41,5627.0,5906.0,3057.0,535.0,6.96,12.0,7.46,13.41,15126.0
2026-03-19,19,13214.0,3.54,12.75,5515.0,5816.0,2919.0,541.0,7.14,12.02,7.63,13.38,14792.0
2026-03-19,20,13314.0,3.24,12.65,5438.0,5776.0,2851.0,542.0,7.11,11.93,7.6,13.27,14607.0
2026-03-19,21,13312.0,3.02,12.47,5018.0,5146.0,2553.0,480.0,6.3,10.28,6.75,11.41,13196.0
2026-03-19,22,10175.0,2.94,13.65,4207.0,3967.0,1642.0,384.0,4.83,7.25,5.02,7.92,10200.0
2026-03-19,23,4956.0,3.16,14.11,3697.0,2964.0,989.0,316.0,3.98,5.16,3.78,5.4,7966.0
2026-03-20,0,3021.0,3.59,13.09,3305.0,2796.0,1466.0,276.0,3.5,4.41,2.97,4.62,7842.0
2026-03-20,1,3022.0,3.99,13.39,3221.0,2712.0,1519.0,261.0,3.61,4.6,3.16,4.81,7714.0
2026-03-20,2,2967.0,4.38,13.51,3144.0,2552.0,1407.0,271.0,3.66,4.58,3.26,4.79,7374.0
2026-03-20,3,2981.0,4.77,14.05,2989.0,2423.0,1157.0,286.0,3.69,4.44,3.32,4.64,6854.0
2026-03-20,4,8066.0,5.01,14.02,3477.0,3556.0,2165.0,327.0,4.29,6.41,4.26,6.95,9525.0
2026-03-20,5,14475.0,5.06,13.1,4441.0,5103.0,3088.0,438.0,6.09,10.13,6.48,11.16,13071.0
2026-03-20,6,14936.0,5.09,13.01,5188.0,5870.0,3151.0,539.0,7.45,12.33,7.92,13.71,14748.0
2026-03-20,7,15072.0,4.96,11.63,5533.0,5950.0,2961.0,545.0,7.6,12.56,8.1,13.97,14989.0
2026-03-20,8,15230.0,4.83,11.01,6059.0,5944.0,3357.0,548.0,8.11,12.45,8.6,14.02,15909.0
2026-03-20,9,14981.0,4.57,10.45,6106.0,5999.0,3513.0,545.0,7.96,12.35,8.48,13.93,16163.0
2026-03-20,10,15367.0,4.38,10.71,5751.0,5388.0,3000.0,486.0,6.94,10.66,7.45,12.03,14626.0
2026-03-20,11,14660.0,4.63,11.17,4732.0,3942.0,1677.0,381.0,5.06,7.1,5.36,7.84,10732.0
2026-03-20,12,650.0,4.85,13.86,4391.0,3150.0,890.0,311.0,4.57,5.75,4.66,6.04,8742.0
2026-03-20,13,13.0,4.86,13.88,4422.0,3157.0,1005.0,318.0,4.54,5.72,4.6,6.01,8903.0
2026-03-20,14,11.0,4.87,13.88,4463.0,3098.0,1028.0,324.0,4.59,5.76,4.64,6.05,8913.0
2026-03-20,15,8.0,4.88,13.93,4431.0,3099.0,970.0,340.0,4.55,5.73,4.59,6.01,8840.0
2026-03-20,16,10503.0,5.01,13.04,4777.0,3849.0,1661.0,387.0,5.07,7.06,5.32,7.71,10674.0
2026-03-20,17,11988.0,4.88,13.31,5663.0,5164.0,2678.0,471.0,6.54,9.96,7.01,11.2,13976.0
2026-03-20,18,12053.0,4.35,13.2,6007.0,5803.0,3273.0,531.0,7.73,11.75,8.23,13.28,15613.0
2026-03-20,19,12228.0,3.8,13.23,5834.0,5680.0,3315.0,506.0,7.81,11.72,8.3,13.19,15335.0
2026-03-20,20,11094.0,3.22,13.95,5750.0,5646.0,3221.0,536.0,7.86,11.66,8.35,13.1,15152.0
2026-03-20,21,11155.0,2.64,13.8,5299.0,5078.0,3190.0,458.0,6.7,10.22,7.18,11.31,14025.0
2026-03-20,22,11238.0,2.39,14.11,4300.0,3907.0,1967.0,398.0,5.2,7.3,5.49,7.94,10572.0
2026-03-20,23,5178.0,2.76,14.39,3701.0,2900.0,1184.0,287.0,4.08,5.06,4.05,5.23,8073.0
2026-03-21,0,3418.0,3.31,12.87,3410.0,2624.0,1899.0,258.0,3.57,4.38,3.15,4.55,8190.0
2026-03-21,1,3307.0,3.74,12.49,3322.0,2412.0,1843.0,248.0,3.64,4.43,3.27,4.59,7824.0
2026-03-21,2,3379.0,4.18,13.0,3194.0,2151.0,1670.0,239.0,3.69,4.43,3.38,4.58,7253.0
2026-03-21,3,3128.0,4.61,15.16,3118.0,2075.0,1493.0,240.0,3.81,4.55,3.59,4.71,6925.0
2026-03-21,4,8915.0,4.9,15.48,3786.0,3473.0,2532.0,342.0,4.52,6.42,4.66,6.95,10132.0
2026-03-21,5,14601.0,4.95,11.75,4808.0,4926.0,3260.0,421.0,6.4,9.6,6.88,10.75,13415.0
2026-03-21,6,15763.0,5.01,11.91,5335.0,5466.0,3223.0,471.0,7.69,11.3,8.23,12.62,14497.0
2026-03-21,7,15784.0,5.01,11.93,5740.0,5691.0,3217.0,525.0,8.13,11.99,8.69,13.41,15175.0
2026-03-21,8,15541.0,4.92,11.55,5914.0,5764.0,3342.0,543.0,7.92,12.0,8.47,13.47,15562.0
2026-03-21,9,15347.0,4.76,11.14,6054.0,5912.0,3348.0,548.0,7.88,12.15,8.46,13.68,15863.0
2026-03-21,10,15286.0,4.65,10.95,5474.0,5161.0,2707.0,457.0,6.63,9.94,7.18,11.15,13799.0
2026-03-21,11,13725.0,4.99,11.63,4484.0,3634.0,1479.0,366.0,4.96,6.81,5.29,7.42,9963.0
2026-03-21,12,544.0,5.11,14.14,4352.0,3210.0,966.0,329.0,4.61,5.86,4.75,6.1,8857.0
2026-03-21,13,12.0,5.12,14.15,4415.0,3237.0,977.0,345.0,4.68,5.91,4.81,6.16,8973.0
2026-03-21,14,12.0,5.13,14.28,4455.0,3178.0,940.0,343.0,4.67,5.94,4.81,6.18,8916.0
2026-03-21,15,13.0,5.14,14.31,4443.0,3199.0,1081.0,327.0,4.7,5.99,4.85,6.25,9050.0
2026-03-21,16,12189.0,5.24,12.59,4643.0,3811.0,1553.0,385.0,5.09,7.0,5.4,7.66,10392.0
2026-03-21,17,12885.0,5.28,12.13,5499.0,5060.0,2630.0,468.0,6.52,9.72,7.03,10.86,13657.0
2026-03-21,18,12942.0,4.94,12.1,5834.0,5579.0,3076.0,493.0,7.43,11.23,7.99,12.64,14982.0
2026-03-21,19,13161.0,4.58,12.24,5726.0,5487.0,3091.0,503.0,7.52,11.2,8.08,12.58,14807.0
2026-03-21,20,13389.0,4.29,12.44,5580.0,5400.0,2955.0,473.0,7.51,11.09,8.06,12.44,14407.0
2026-03-21,21,12325.0,4.04,13.02,5054.0,4838.0,2677.0,463.0,6.53,9.6,7.06,10.59,13032.0
2026-03-21,22,5824.0,3.89,14.57,4108.0,3572.0,1557.0,344.0,4.98,6.63,5.23,7.13,9581.0
2026-03-21,23,14.0,3.88,16.24,3690.0,2654.0,1087.0,280.0,4.13,5.04,4.12,5.25,7712.0
2026-03-22,0,1980.0,4.01,12.09,3468.0,2616.0,1819.0,253.0,3.57,4.31,3.16,4.54,8156.0
2026-03-22,1,2198.0,4.3,13.07,3335.0,2492.0,1627.0,246.0,3.69,4.42,3.38,4.63,7700.0
2026-03-22,2,2354.0,4.6,15.38,3209.0,2429.0,1220.0,242.0,3.81,4.41,3.57,4.62,7100.0
2026-03-22,3,3239.0,4.97,15.69,3089.0,2436.0,1308.0,243.0,3.9,4.55,3.75,4.76,7076.0
2026-03-22,4,8290.0,5.34,15.3,3703.0,3443.0,2447.0,326.0,4.57,6.35,4.7,6.87,9920.0
2026-03-22,5,13959.0,5.43,12.11,4658.0,4873.0,3158.0,414.0,6.3,9.41,6.77,10.45,13103.0
2026-03-22,6,15385.0,5.44,12.36,5092.0,5379.0,3017.0,521.0,7.7,11.23,8.23,12.51,14008.0
2026-03-22,7,14024.0,5.45,12.61,5242.0,5645.0,2698.0,517.0,7.67,11.91,8.21,13.21,14103.0
2026-03-22,8,13804.0,5.25,12.35,5605.0,5797.0,2992.0,514.0,7.67,12.07,8.21,13.5,14908.0
2026-03-22,9,13816.0,4.91,12.16,5992.0,5851.0,3408.0,529.0,7.95,12.07,8.52,13.61,15780.0
2026-03-22,10,13914.0,4.64,12.06,5364.0,4968.0,2721.0,456.0,6.55,9.76,7.08,10.94,13508.0
2026-03-22,11,13799.0,4.86,12.06,4474.0,3610.0,1378.0,355.0,4.95,6.72,5.27,7.36,9818.0
2026-03-22,12,852.0,5.16,14.16,4334.0,3345.0,973.0,338.0,4.7,5.93,4.89,6.23,8990.0
2026-03-22,13,15.0,5.17,13.52,4304.0,3189.0,885.0,348.0,4.57,5.67,4.68,5.95,8727.0
2026-03-22,14,7.0,5.18,13.46,4269.0,3189.0,933.0,319.0,4.69,5.8,4.83,6.09,8710.0
2026-03-22,15,0.0,5.18,13.4,4272.0,3198.0,826.0,314.0,4.7,5.78,4.82,6.07,8610.0
2026-03-22,16,10949.0,5.22,12.87,4579.0,3785.0,1387.0,383.0,5.09,6.81,5.36,7.47,10135.0
2026-03-22,17,13098.0,5.24,12.45,5390.0,5001.0,2427.0,479.0,6.53,9.6,7.04,10.72,13296.0
2026-03-22,18,13179.0,4.92,12.44,5786.0,5648.0,3154.0,525.0,7.56,11.31,8.09,12.75,15113.0
2026-03-22,19,13300.0,4.59,12.39,5661.0,5427.0,3083.0,539.0,7.46,11.1,8.0,12.47,14710.0
2026-03-22,20,13752.0,4.32,13.01,5605.0,5447.0,3048.0,505.0,7.44,11.06,7.99,12.44,14605.0
2026-03-22,21,12473.0,4.08,13.54,5112.0,4911.0,2908.0,450.0,6.5,9.7,7.0,10.73,13381.0
2026-03-22,22,6304.0,3.9,14.84,4232.0,3741.0,1838.0,336.0,4.97,6.78,5.23,7.35,10146.0
2026-03-22,23,0.0,3.87,16.53,3596.0,2618.0,1168.0,264.0,4.05,4.87,3.96,5.12,7647.0
2026-03-23,0,2212.0,4.02,14.0,3445.0,2683.0,2001.0,282.0,3.64,4.43,3.25,4.68,8412.0
2026-03-23,1,2289.0,4.31,14.26,3200.0,2439.0,1767.0,262.0,3.69,4.38,3.37,4.62,7668.0
2026-03-23,2,2220.0,4.61,14.07,3033.0,2253.0,1622.0,234.0,3.68,4.27,3.37,4.51,7142.0
2026-03-23,3,2995.0,4.95,13.5,2933.0,2205.0,1607.0,233.0,3.73,4.27,3.42,4.52,6979.0
2026-03-23,4,7654.0,5.28,12.17,3695.0,3442.0,2463.0,316.0,4.58,6.33,4.68,6.85,9917.0
2026-03-23,5,15006.0,5.35,11.0,5024.0,5242.0,3714.0,451.0,6.87,10.51,7.35,11.86,14431.0
2026-03-23,6,14935.0,5.22,10.85,5592.0,5843.0,3707.0,526.0,8.19,12.24,8.72,13.79,15668.0
2026-03-23,7,14596.0,4.94,10.3,5973.0,6000.0,3461.0,553.0,8.38,12.59,8.92,14.17,15987.0
2026-03-23,8,14561.0,4.59,9.97,6216.0,6069.0,3463.0,573.0,8.06,12.51,8.63,14.16,16322.0
2026-03-23,9,14596.0,4.21,9.65,6290.0,6055.0,3628.0,550.0,8.07,12.64,8.64,14.3,16523.0
2026-03-23,10,14726.0,3.94,9.55,5663.0,5236.0,2778.0,471.0,6.75,10.23,7.3,11.57,14149.0
2026-03-23,11,14375.0,4.14,9.52,4702.0,3855.0,1493.0,374.0,5.02,7.0,5.34,7.74,10425.0
2026-03-23,12,525.0,4.43,12.18,4308.0,3020.0,744.0,304.0,4.33,5.39,4.39,5.7,8376.0
2026-03-23,13,10.0,4.43,12.05,4305.0,3034.0,580.0,306.0,4.33,5.34,4.32,5.63,8225.0
2026-03-23,14,8.0,4.44,11.87,4300.0,3005.0,499.0,301.0,4.43,5.42,4.44,5.71,8105.0
2026-03-23,15,3.0,4.44,12.72,4368.0,3047.0,727.0,315.0,4.45,5.52,4.48,5.81,8457.0
2026-03-23,16,8782.0,4.39,12.28,4774.0,3852.0,1419.0,387.0,5.11,7.03,5.39,7.73,10433.0
2026-03-23,17,11268.0,4.12,12.94,5551.0,5091.0,2543.0,455.0,6.45,9.71,6.94,10.84,13639.0
2026-03-23,18,12786.0,3.58,12.26,6061.0,5872.0,3292.0,527.0,7.72,11.77,8.25,13.32,15752.0
2026-03-23,19,13757.0,3.17,12.1,5917.0,5776.0,3341.0,505.0,7.78,11.75,8.33,13.27,15539.0
2026-03-23,20,12686.0,2.79,12.63,5836.0,5703.0,3218.0,511.0,7.75,11.65,8.27,13.13,15268.0
2026-03-23,21,12170.0,2.32,13.14,5362.0,5177.0,3091.0,481.0,6.7,10.11,7.23,11.41,14111.0
2026-03-23,22,12177.0,2.18,13.03,4325.0,3941.0,1957.0,360.0,5.07,7.17,5.35,7.82,10582.0
2026-03-23,23,7391.0,2.77,12.2,3696.0,2725.0,1015.0,275.0,4.03,4.91,3.95,5.07,7712.0
2026-03-24,0,3253.0,3.47,13.38,3505.0,2848.0,1699.0,282.0,3.73,4.58,3.42,4.75,8334.0
2026-03-24,1,2886.0,3.85,13.94,3334.0,2674.0,1593.0,255.0,3.82,4.65,3.59,4.82,7856.0
2026-03-24,2,2987.0,4.23,14.63,3129.0,2410.0,1320.0,242.0,3.83,4.52,3.63,4.69,7101.0
2026-03-24,3,3005.0,4.62,15.03,3051.0,2383.0,1233.0,234.0,3.89,4.55,3.73,4.71,6901.0
2026-03-24,4,10136.0,4.98,13.01,3621.0,3410.0,2528.0,316.0,4.64,6.47,4.77,7.0,9876.0
2026-03-24,5,15326.0,5.15,11.69,4794.0,5075.0,3561.0,442.0,6.76,10.19,7.23,11.35,13872.0
2026-03-24,6,15155.0,5.09,11.13,5647.0,5901.0,3584.0,506.0,8.13,12.28,8.65,13.81,15637.0
2026-03-24,7,14555.0,4.8,10.21,6104.0,6080.0,3385.0,570.0,8.28,12.57,8.82,14.13,16139.0
2026-03-24,8,14277.0,4.44,9.91,6160.0,6101.0,3413.0,574.0,8.17,12.52,8.72,14.1,16248.0
2026-03-24,9,13855.0,4.0,9.72,6137.0,6057.0,3581.0,552.0,8.15,12.54,8.69,14.14,16327.0
2026-03-24,10,13590.0,3.63,9.84,5670.0,5273.0,3064.0,499.0,6.87,10.63,7.43,11.89,14505.0
2026-03-24,11,12128.0,3.54,11.04,4745.0,3899.0,1708.0,393.0,5.15,7.25,5.49,7.94,10745.0
2026-03-24,12,2777.0,3.82,11.96,4300.0,3019.0,767.0,318.0,4.4,5.48,4.47,5.7,8404.0
2026-03-24,13,1576.0,4.03,12.28,4344.0,2935.0,849.0,317.0,4.38,5.42,4.4,5.65,8445.0
2026-03-24,14,1576.0,4.15,12.43,4428.0,2893.0,850.0,317.0,4.39,5.43,4.4,5.66,8488.0
2026-03-25,9,15280.0,4.64,10.73,6288.0,5966.0,3529.0,543.0,7.95,12.52,8.54,14.13,16326.0
2026-03-25,10,13172.0,4.4,11.61,5689.0,5164.0,2930.0,488.0,6.78,10.44,7.33,11.66,14270.0
2026-03-25,11,11015.0,4.23,12.75,4643.0,3812.0,1698.0,367.0,4.99,7.0,5.33,7.63,10520.0
2026-03-25,12,1194.0,4.37,13.58,4400.0,3102.0,1020.0,320.0,4.58,5.9,4.75,6.15,8841.0
2026-03-25,13,1.0,4.38,14.09,4469.0,3152.0,1065.0,258.0,4.58,5.9,4.69,6.17,8943.0
2026-03-25,14,0.0,4.38,14.2,4523.0,3121.0,1046.0,251.0,4.65,6.0,4.79,6.27,8942.0
2026-03-25,15,-1.0,4.39,14.29,4532.0,3116.0,1090.0,317.0,4.66,6.02,4.82,6.28,9054.0
2026-03-25,16,11287.0,4.43,12.85,4804.0,3788.0,1538.0,441.0,5.03,7.04,5.33,7.69,10571.0
2026-03-25,17,13202.0,4.36,12.12,5640.0,5124.0,2639.0,509.0,6.42,9.78,6.93,10.96,13912.0
2026-03-25,18,13337.0,4.0,11.97,6086.0,5747.0,3313.0,520.0,7.55,11.67,8.08,13.19,15667.0
2026-03-25,19,14148.0,3.63,11.63,5895.0,5751.0,3284.0,522.0,7.62,11.63,8.15,13.08,15453.0
2026-03-25,20,15303.0,3.45,11.09,5763.0,5729.0,3233.0,518.0,7.69,11.61,8.22,13.06,15244.0
2026-03-25,21,15277.0,3.4,10.95,5304.0,5124.0,2955.0,463.0,6.75,10.2,7.26,11.31,13844.0
2026-03-25,22,9567.0,3.58,12.93,4285.0,3701.0,1890.0,358.0,5.0,6.85,5.25,7.44,10234.0
2026-03-25,23,2401.0,3.79,15.82,3620.0,2593.0,1191.0,307.0,3.99,4.86,3.91,5.07,7712.0
2026-03-26,0,2241.0,4.1,13.88,3438.0,2708.0,2002.0,273.0,3.62,4.5,3.25,4.72,8421.0
2026-03-26,1,2129.0,4.39,13.05,3314.0,2549.0,1883.0,254.0,3.61,4.39,3.27,4.61,7999.0
2026-03-26,2,2107.0,4.66,13.0,3118.0,2363.0,1744.0,241.0,3.65,4.36,3.35,4.58,7465.0
2026-03-26,3,2988.0,4.99,14.39,2970.0,2179.0,1511.0,236.0,3.71,4.33,3.46,4.55,6895.0
2026-03-26,4,5617.0,5.32,14.37,3627.0,3296.0,2498.0,315.0,4.54,6.25,4.65,6.61,9737.0
2026-03-26,5,14078.0,5.32,13.44,4815.0,5060.0,3562.0,448.0,6.58,9.92,7.01,11.12,13885.0
2026-03-26,6,14665.0,5.19,12.87,5606.0,5848.0,3610.0,516.0,8.19,12.18,8.69,13.69,15579.0
2026-03-26,7,14426.0,4.89,12.28,6020.0,6013.0,3395.0,594.0,8.32,12.51,8.82,14.07,16023.0
2026-03-26,8,14438.0,4.53,11.98,6146.0,6091.0,3506.0,564.0,8.16,12.57,8.68,14.18,16307.0
2026-03-26,9,14431.0,4.16,11.69,6175.0,6049.0,3559.0,535.0,8.14,12.55,8.71,14.16,16318.0
2026-03-26,10,14513.0,3.93,11.59,5467.0,4967.0,2819.0,462.0,6.52,9.86,7.06,11.06,13716.0
2026-03-26,11,15798.0,4.31,11.19,4448.0,3509.0,1577.0,356.0,4.83,6.61,5.14,7.24,9890.0
2026-03-26,12,1394.0,4.74,13.62,4409.0,3141.0,1038.0,315.0,4.55,5.83,4.72,6.14,8902.0
2026-03-26,13,10.0,4.74,13.77,4369.0,3158.0,1069.0,318.0,4.54,5.74,4.66,6.03,8914.0
2026-03-26,14,11.0,4.75,13.83,4413.0,3100.0,996.0,341.0,4.57,5.78,4.69,6.07,8849.0
2026-03-26,15,-4.0,4.75,13.87,4416.0,3150.0,952.0,350.0,4.6,5.79,4.71,6.08,8868.0
2026-03-26,16,12348.0,4.84,11.98,4826.0,4019.0,1728.0,398.0,5.18,7.31,5.48,8.06,10971.0
2026-03-26,17,12247.0,4.73,12.08,5779.0,5371.0,2786.0,488.0,6.72,10.31,7.23,11.63,14424.0
2026-03-26,18,12725.0,4.2,12.56,6106.0,5881.0,3399.0,513.0,7.62,11.84,8.15,13.41,15899.0
2026-03-26,19,12925.0,3.71,12.62,5914.0,5742.0,3312.0,513.0,7.74,11.72,8.24,13.21,15481.0
2026-03-26,20,13033.0,3.28,12.54,5786.0,5668.0,3231.0,495.0,7.69,11.59,8.18,13.04,15179.0
2026-03-26,21,13048.0,2.95,12.29,5272.0,5121.0,2893.0,466.0,6.7,10.04,7.21,11.16,13752.0
2026-03-26,22,10095.0,2.94,13.14,4371.0,3844.0,1683.0,357.0,5.05,6.92,5.33,7.54,10254.0
2026-03-26,23,5940.0,3.54,13.7,3787.0,2889.0,1288.0,293.0,4.06,5.05,4.02,5.3,8257.0
2026-03-27,0,2342.0,4.01,14.06,3489.0,2670.0,2007.0,256.0,3.56,4.42,3.2,4.66,8422.0
2026-03-27,1,2135.0,4.3,13.17,3341.0,2464.0,1785.0,248.0,3.61,4.36,3.28,4.61,7838.0
2026-03-27,2,2483.0,4.59,13.56,3158.0,2274.0,1637.0,236.0,3.65,4.3,3.34,4.54,7306.0
2026-03-27,3,3386.0,4.98,14.4,3100.0,2420.0,1465.0,238.0,3.78,4.46,3.58,4.7,7222.0
2026-03-27,4,5990.0,5.37,13.77,3841.0,3621.0,2536.0,318.0,4.69,6.51,4.84,6.87,10317.0
2026-03-27,5,13936.0,5.46,13.51,4966.0,5225.0,3727.0,431.0,6.74,10.35,7.19,11.65,14350.0
2026-03-27,6,14999.0,5.31,13.23,5631.0,5909.0,3657.0,514.0,8.18,12.24,8.64,13.8,15710.0
2026-03-27,7,14548.0,5.03,12.37,5996.0,6035.0,3486.0,593.0,8.28,12.48,8.76,14.06,16109.0
2026-03-27,8,14383.0,4.68,11.77,6123.0,6046.0,3579.0,552.0,8.05,12.38,8.58,14.01,16300.0
2026-03-27,9,14388.0,4.31,11.47,6168.0,5988.0,3494.0,535.0,7.94,12.33,8.49,13.94,16185.0
2026-03-27,10,14465.0,4.01,11.33,5753.0,5416.0,3123.0,474.0,6.96,10.69,7.51,12.08,14766.0
2026-03-27,11,14525.0,4.15,11.53,4732.0,3911.0,1660.0,372.0,5.03,7.1,5.36,7.85,10674.0
2026-03-27,12,1903.0,4.57,13.52,4447.0,3220.0,883.0,308.0,4.51,5.71,4.66,6.03,8858.0
2026-03-27,13,6.0,4.59,14.11,4500.0,3244.0,965.0,314.0,4.59,5.83,4.73,6.14,9022.0
2026-03-27,14,7.0,4.59,15.02,4459.0,3168.0,950.0,344.0,4.55,5.78,4.68,6.07,8921.0
2026-03-27,15,570.0,4.6,15.39,4365.0,3084.0,873.0,308.0,4.55,5.7,4.66,5.97,8630.0
2026-03-27,16,12376.0,4.68,13.56,4903.0,3974.0,1639.0,384.0,5.13,7.22,5.43,7.98,10899.0
2026-03-27,17,12935.0,4.62,13.44,5773.0,5312.0,2689.0,457.0,6.57,10.04,7.06,11.33,14230.0
2026-03-27,18,12884.0,4.17,13.01,6158.0,6013.0,3376.0,504.0,7.74,11.99,8.26,13.59,16050.0
2026-03-27,19,13000.0,3.67,12.88,5934.0,5802.0,3332.0,521.0,7.88,11.99,8.38,13.51,15589.0
2026-03-27,20,13072.0,3.22,12.71,5858.0,5737.0,3333.0,508.0,7.85,11.87,8.34,13.37,15437.0
2026-03-27,21,13439.0,2.87,13.15,5367.0,5159.0,3039.0,475.0,6.73,10.07,7.21,11.34,14040.0
2026-03-27,22,11031.0,2.82,14.78,4366.0,3915.0,1860.0,352.0,5.02,7.01,5.34,7.78,10492.0
2026-03-27,23,5586.0,3.05,15.5,3679.0,2870.0,961.0,293.0,4.08,4.95,4.07,5.25,7803.0
2026-03-28,0,4664.0,3.65,14.58,3401.0,2586.0,1611.0,248.0,3.55,4.19,3.17,4.45,7846.0
2026-03-28,1,4033.0,4.23,14.35,3366.0,2653.0,1795.0,253.0,3.65,4.44,3.36,4.71,8068.0
2026-03-28,2,1830.0,4.6,15.94,3256.0,2583.0,1587.0,248.0,3.8,4.56,3.58,4.82,7674.0
2026-03-28,3,1726.0,4.83,16.44,3155.0,2444.0,1442.0,241.0,3.84,4.57,3.7,4.83,7281.0
2026-03-28,4,4775.0,5.0,14.97,3592.0,3268.0,2334.0,305.0,4.36,5.87,4.4,6.37,9499.0
2026-03-28,5,14354.0,4.91,13.95,4612.0,4746.0,3101.0,425.0,6.14,9.17,6.55,10.2,12884.0
2026-03-28,6,14828.0,4.99,12.77,5320.0,5459.0,3277.0,510.0,7.73,11.24,8.2,12.6,14566.0
2026-03-28,7,14627.0,4.81,12.26,5783.0,5803.0,3239.0,554.0,8.34,12.17,8.81,13.66,15379.0
2026-03-28,8,14621.0,4.57,12.06,6025.0,5932.0,3343.0,509.0,8.0,12.02,8.5,13.59,15808.0
2026-03-28,9,14435.0,4.27,11.59,6110.0,6011.0,3298.0,519.0,7.91,12.07,8.41,13.69,15938.0
2026-03-28,10,12574.0,3.9,12.06,5564.0,5176.0,2845.0,467.0,6.71,10.14,7.24,11.41,14052.0
2026-03-28,11,12547.0,3.85,12.0,4639.0,3872.0,1603.0,376.0,5.05,7.0,5.37,7.74,10490.0
2026-03-28,12,3580.0,4.19,13.22,4355.0,3241.0,906.0,356.0,4.55,5.74,4.73,6.08,8858.0
2026-03-28,13,0.0,4.28,14.31,4423.0,3344.0,937.0,341.0,4.7,5.91,4.87,6.24,9045.0
2026-03-28,14,5.0,4.28,14.28,4448.0,3355.0,959.0,332.0,4.63,5.81,4.76,6.15,9095.0
2026-03-28,15,67.0,4.29,14.32,4367.0,3408.0,969.0,320.0,4.64,5.83,4.81,6.17,9064.0
2026-03-28,16,11424.0,4.46,12.79,4664.0,3913.0,1347.0,376.0,4.97,6.76,5.25,7.45,10300.0
2026-03-28,17,11996.0,4.37,13.08,5514.0,5111.0,2380.0,454.0,6.4,9.52,6.86,10.72,13459.0
2026-03-28,18,12135.0,3.9,13.01,5863.0,5684.0,3041.0,521.0,7.41,11.17,7.91,12.65,15109.0
2026-03-28,19,12524.0,3.43,13.52,5757.0,5576.0,3019.0,482.0,7.63,11.28,8.09,12.72,14834.0
2026-03-28,20,12881.0,3.05,14.05,5636.0,5522.0,3001.0,475.0,7.55,11.12,8.05,12.53,14634.0
2026-03-28,21,13314.0,2.78,13.78,5216.0,5090.0,2924.0,429.0,6.76,9.97,7.21,11.12,13659.0
2026-03-28,22,11864.0,2.75,14.2,4335.0,4140.0,2211.0,373.0,5.16,7.27,5.46,8.07,11058.0
2026-03-28,23,4474.0,3.05,18.29,3756.0,3515.0,1314.0,282.0,4.04,5.05,4.04,5.35,8866.0
2026-03-29,0,3809.0,3.57,17.46,3661.0,3533.0,1956.0,283.0,3.72,4.72,3.47,5.02,9434.0
2026-03-29,1,3218.0,4.02,17.25,3546.0,3468.0,1810.0,263.0,3.8,4.81,3.68,5.13,9087.0
2026-03-29,2,3255.0,4.44,17.93,3279.0,3177.0,1520.0,245.0,3.85,4.66,3.73,4.95,8221.0
2026-03-29,3,3222.0,4.86,17.7,3121.0,2910.0,1359.0,235.0,3.83,4.55,3.74,4.84,7625.0
2026-03-29,4,5446.0,5.19,15.4,3724.0,3576.0,2488.0,322.0,4.47,6.16,4.6,6.57,10110.0
2026-03-29,5,14670.0,5.23,12.65,4666.0,4960.0,3391.0,393.0,6.19,9.37,6.59,10.56,13410.0
2026-03-29,6,15372.0,5.29,11.5,5239.0,5378.0,3290.0,453.0,7.76,11.24,8.21,12.62,14360.0
2026-03-29,7,15080.0,5.26,12.51,5593.0,5682.0,3150.0,487.0,8.23,11.88,8.68,13.35,14912.0
2026-03-29,8,14709.0,5.09,12.2,5849.0,5829.0,3260.0,494.0,7.94,11.9,8.42,13.43,15431.0
2026-03-29,9,14851.0,4.85,12.26,6000.0,5898.0,3330.0,562.0,7.93,11.99,8.43,13.54,15790.0
2026-03-29,10,14333.0,4.69,12.26,5432.0,5115.0,2632.0,474.0,6.71,9.86,7.21,11.09,13652.0
2026-03-29,11,12660.0,4.82,13.01,4471.0,3693.0,1397.0,377.0,4.92,6.69,5.24,7.37,9938.0
2026-03-29,12,843.0,4.96,15.0,4382.0,3347.0,1134.0,325.0,4.61,5.95,4.83,6.27,9188.0
2026-03-29,13,6.0,4.97,14.98,4342.0,3299.0,1025.0,347.0,4.62,5.88,4.8,6.16,9012.0
2026-03-29,14,12.0,4.97,15.16,4306.0,3323.0,1047.0,321.0,4.68,5.95,4.88,6.24,8997.0
2026-03-29,15,5.0,4.98,15.26,4361.0,3351.0,991.0,321.0,4.71,5.98,4.91,6.27,9024.0
2026-03-29,16,11250.0,5.02,13.98,4640.0,3869.0,1457.0,381.0,5.14,7.02,5.46,7.73,10347.0
2026-03-29,17,12106.0,4.97,13.69,5380.0,5058.0,2433.0,466.0,6.49,9.57,6.97,10.74,13336.0
2026-03-29,18,12144.0,4.54,13.6,5790.0,5597.0,3141.0,488.0,7.46,11.17,7.94,12.64,15015.0
2026-03-29,19,12324.0,4.08,13.6,5663.0,5466.0,3106.0,470.0,7.43,11.04,7.91,12.48,14704.0
2026-03-29,20,12461.0,3.67,13.55,5626.0,5441.0,3163.0,467.0,7.38,10.96,7.84,12.39,14696.0
2026-03-29,21,12668.0,3.35,13.75,5104.0,5159.0,2919.0,456.0,6.53,9.66,6.97,10.75,13638.0
2026-03-29,22,8614.0,3.38,14.54,4142.0,3705.0,1692.0,352.0,4.89,6.58,5.11,7.15,9892.0
2026-03-29,23,3265.0,3.69,18.19,3604.0,2657.0,1144.0,275.0,4.0,4.92,4.02,5.21,7681.0
2026-03-30,0,2655.0,4.11,14.95,3429.0,2858.0,1784.0,251.0,3.6,4.45,3.37,4.75,8323.0
2026-03-30,1,2254.0,4.42,14.68,3275.0,2635.0,1766.0,270.0,3.65,4.47,3.43,4.75,7946.0
2026-03-30,2,2308.0,4.72,15.5,3103.0,2204.0,1477.0,239.0,3.59,4.24,3.35,4.52,7023.0
2026-03-30,3,2317.0,5.02,15.84,3057.0,2198.0,1638.0,239.0,3.68,4.43,3.52,4.71,7133.0
2026-03-30,4,6824.0,5.35,14.82,3697.0,3448.0,2547.0,315.0,4.61,6.38,4.76,6.82,10007.0
2026-03-30,5,13729.0,5.49,12.78,4953.0,5150.0,3595.0,445.0,6.83,10.3,7.24,11.6,14143.0
2026-03-30,6,14627.0,5.28,12.6,5599.0,5901.0,3498.0,507.0,8.32,12.16,8.74,13.73,15505.0
2026-03-30,7,14504.0,5.01,12.22,5936.0,6071.0,3286.0,593.0,8.4,12.48,8.84,14.09,15886.0
2026-03-30,8,14407.0,4.65,11.77,6184.0,6096.0,3426.0,560.0,8.22,12.54,8.67,14.2,16266.0
2026-03-30,9,14406.0,4.27,11.41,6198.0,6036.0,3437.0,520.0,8.03,12.45,8.53,14.13,16192.0
2026-03-30,10,14498.0,4.01,11.36,5582.0,5032.0,2782.0,451.0,6.52,9.85,7.0,11.15,13848.0
2026-03-30,11,14532.0,4.26,11.57,4629.0,3606.0,1475.0,368.0,4.71,6.59,5.01,7.3,10079.0
2026-03-30,12,3105.0,4.75,13.32,4452.0,3137.0,1025.0,316.0,4.4,5.68,4.56,6.04,8931.0
2026-03-30,13,11.0,4.79,14.22,4501.0,3181.0,1073.0,317.0,4.44,5.69,4.55,6.04,9073.0
2026-03-30,14,6.0,4.8,14.27,4525.0,3187.0,1084.0,321.0,4.48,5.76,4.62,6.11,9117.0
2026-03-30,15,9.0,4.8,14.28,4468.0,3197.0,1012.0,335.0,4.53,5.78,4.67,6.13,9011.0
2026-03-30,16,12218.0,4.89,12.6,4858.0,3969.0,1683.0,410.0,5.01,7.09,5.29,7.87,10919.0
2026-03-30,17,13059.0,4.84,12.27,5778.0,5310.0,2850.0,476.0,6.67,10.19,7.13,11.53,14415.0
2026-03-30,18,13123.0,4.41,12.13,6045.0,5931.0,3338.0,499.0,7.67,11.75,8.12,13.33,15813.0
2026-03-30,19,13384.0,4.01,12.27,5846.0,5618.0,3191.0,506.0,7.69,11.52,8.14,13.03,15161.0
2026-03-30,20,13618.0,3.68,12.38,5754.0,5722.0,3243.0,501.0,7.7,11.47,8.13,12.96,15220.0
2026-03-30,21,13758.0,3.44,12.53,5366.0,5123.0,2889.0,460.0,6.88,10.13,7.31,11.42,13838.0
2026-03-30,22,9374.0,3.37,14.05,4377.0,3965.0,2021.0,384.0,5.04,7.03,5.3,7.78,10747.0
2026-03-30,23,2717.0,3.57,15.7,3851.0,3024.0,1419.0,304.0,4.05,5.19,4.09,5.5,8598.0
2026-03-31,0,2173.0,3.89,15.21,3464.0,2737.0,1802.0,260.0,3.47,4.35,3.22,4.65,8263.0
2026-03-31,1,2091.0,4.17,14.48,3406.0,2728.0,1969.0,260.0,3.61,4.6,3.42,4.9,8364.0
2026-03-31,2,2010.0,4.43,13.55,3281.0,2633.0,1854.0,249.0,3.67,4.6,3.53,4.9,8017.0
2026-03-31,3,2079.0,4.7,14.42,3325.0,2761.0,1881.0,256.0,3.8,4.87,3.75,5.18,8224.0
2026-03-31,4,6952.0,5.1,13.25,3804.0,3570.0,2569.0,319.0,4.64,6.45,4.78,6.85,10262.0
2026-03-31,5,14007.0,5.35,12.08,4871.0,5147.0,3758.0,451.0,6.79,10.24,7.14,11.49,14226.0
2026-03-31,6,15911.0,5.28,12.14,5655.0,5880.0,3665.0,503.0,8.14,12.16,8.54,13.78,15702.0
2026-03-31,7,15633.0,5.12,11.62,6020.0,6298.0,3480.0,585.0,8.35,12.49,8.77,14.14,16383.0
2026-03-31,8,13395.0,4.81,11.45,6139.0,6301.0,3476.0,536.0,8.2,12.47,8.64,14.13,16452.0
2026-03-31,9,12500.0,4.22,11.26,6146.0,6129.0,3590.0,519.0,8.0,12.37,8.51,14.02,16384.0
2026-03-31,10,12747.0,3.69,11.28,5737.0,5386.0,3003.0,467.0,6.92,10.58,7.44,12.0,14593.0
2026-03-31,11,12876.0,3.61,11.47,4783.0,3973.0,1805.0,376.0,5.2,7.36,5.58,8.21,10938.0
2026-03-31,12,1991.0,3.78,13.01,4275.0,3170.0,984.0,313.0,4.42,5.62,4.6,6.02,8742.0
2026-03-31,13,8.0,3.78,13.63,4386.0,3148.0,946.0,310.0,4.44,5.65,4.58,6.0,8791.0
2026-03-31,14,13.0,3.79,14.88,4507.0,3271.0,1102.0,338.0,4.62,5.94,4.77,6.31,9218.0
2026-03-31,15,11.0,3.8,14.98,4535.0,3250.0,1116.0,346.0,4.61,5.99,4.79,6.35,9246.0
2026-03-31,16,9099.0,3.79,13.84,4819.0,4006.0,1621.0,383.0,5.17,7.17,5.44,7.9,10829.0
2026-03-31,17,13666.0,3.72,12.66,5613.0,5337.0,2506.0,455.0,6.58,9.82,7.02,11.09,13912.0
2026-03-31,18,15106.0,3.54,11.89,6068.0,6230.0,3288.0,492.0,7.8,11.9,8.25,13.55,16078.0
2026-03-31,19,13036.0,3.23,12.9,5912.0,5994.0,3341.0,513.0,7.92,11.81,8.33,13.41,15760.0
2026-03-31,20,13137.0,2.78,12.7,5760.0,5775.0,3336.0,492.0,7.8,11.6,8.22,13.16,15363.0
2026-03-31,21,13600.0,2.49,12.22,5373.0,5228.0,3038.0,461.0,6.83,10.11,7.22,11.47,14100.0
2026-03-31,22,13764.0,2.57,12.26,4273.0,3905.0,1837.0,382.0,4.96,6.86,5.21,7.64,10397.0
2026-03-31,23,2932.0,2.99,14.78,3725.0,2853.0,1092.0,287.0,3.97,4.88,3.94,5.19,7957.0
2026-04-01,0,2616.0,3.33,14.53,3471.0,2806.0,1775.0,253.0,3.44,4.24,3.13,4.56,8304.0
2026-04-01,1,2658.0,3.68,14.85,3452.0,2874.0,1995.0,258.0,3.61,4.57,3.39,4.9,8579.0
2026-04-01,2,2957.0,4.04,15.45,3327.0,2765.0,1811.0,249.0,3.71,4.66,3.57,4.98,8152.0
2026-04-01,3,3247.0,4.45,15.9,3147.0,2564.0,1678.0,240.0,3.72,4.57,3.59,4.88,7629.0
2026-04-01,4,9603.0,4.94,14.42,3624.0,3563.0,2542.0,308.0,4.45,6.17,4.54,6.69,10036.0
2026-04-01,5,14085.0,5.1,12.81,4804.0,5110.0,3554.0,430.0,6.65,9.97,7.01,11.3,13898.0
2026-04-01,6,16359.0,5.06,11.16,5635.0,5859.0,3689.0,562.0,8.06,12.03,8.46,13.7,15744.0
2026-04-01,7,16230.0,4.98,10.52,5995.0,6157.0,3500.0,559.0,8.32,12.39,8.72,14.12,16212.0
2026-04-01,8,16363.0,4.88,10.62,6172.0,6336.0,3535.0,540.0,8.21,12.4,8.65,14.19,16583.0
2026-04-01,9,16007.0,4.75,10.57,6183.0,6075.0,3438.0,527.0,8.19,12.49,8.65,14.26,16222.0
2026-04-01,10,13317.0,4.56,11.86,5613.0,5222.0,2886.0,459.0,6.74,10.15,7.21,11.56,14180.0
2026-04-01,11,8188.0,4.22,13.83,4637.0,3786.0,1511.0,377.0,4.96,6.92,5.27,7.67,10310.0
2026-04-01,12,148.0,4.14,13.92,4401.0,3172.0,983.0,319.0,4.46,5.72,4.65,6.1,8876.0
2026-04-01,13,-4.0,4.15,14.05,4471.0,3271.0,938.0,330.0,4.49,5.71,4.65,6.08,9010.0
2026-04-01,14,4.0,4.15,14.09,4475.0,3191.0,929.0,350.0,4.57,5.78,4.72,6.14,8946.0
2026-04-01,15,-22.0,4.16,14.1,4476.0,3101.0,986.0,326.0,4.6,5.91,4.79,6.28,8888.0
2026-04-01,16,10074.0,4.13,13.45,4745.0,3762.0,1597.0,375.0,5.13,7.05,5.37,7.8,10479.0
2026-04-01,17,12290.0,4.06,13.47,5480.0,5017.0,2708.0,442.0,6.46,9.62,6.88,10.85,13647.0
2026-04-01,18,12240.0,3.62,13.07,5854.0,5639.0,3178.0,515.0,7.62,11.4,8.05,12.99,15186.0
2026-04-01,19,12762.0,3.14,12.7,5758.0,5586.0,3187.0,494.0,7.74,11.39,8.15,12.98,15025.0
2026-04-01,20,13588.0,2.81,11.78,5612.0,5511.0,3240.0,495.0,7.71,11.28,8.1,12.85,14858.0
2026-04-01,21,14718.0,2.63,10.91,5370.0,5111.0,3070.0,499.0,6.98,10.24,7.37,11.64,14050.0
2026-04-01,22,12167.0,2.71,12.36,4413.0,3959.0,1979.0,383.0,5.13,7.22,5.39,8.04,10733.0
2026-04-01,23,3526.0,2.97,13.92,3718.0,2770.0,1366.0,281.0,3.9,4.93,3.86,5.24,8136.0
2026-04-02,0,2794.0,3.35,13.67,3492.0,2883.0,1952.0,263.0,3.47,4.38,3.16,4.69,8589.0
2026-04-02,1,2718.0,3.71,12.87,3376.0,2645.0,1897.0,255.0,3.5,4.41,3.23,4.72,8172.0
2026-04-02,2,2742.0,4.06,13.21,3263.0,2395.0,1727.0,259.0,3.57,4.4,3.35,4.7,7644.0
2026-04-02,3,3471.0,4.44,13.7,2996.0,2147.0,1485.0,230.0,3.5,4.1,3.23,4.39,6858.0
2026-04-02,4,11241.0,4.87,12.13,3601.0,3441.0,2479.0,334.0,4.43,6.18,4.51,6.87,9855.0
2026-04-02,5,13943.0,4.9,13.65,4753.0,5031.0,3812.0,446.0,6.48,9.89,6.82,11.07,14042.0
2026-04-02,6,16428.0,4.8,12.34,5741.0,5992.0,3721.0,524.0,8.15,12.22,8.52,13.9,15979.0
2026-04-02,7,16104.0,4.69,11.29,6045.0,6123.0,3536.0,572.0,8.44,12.57,8.85,14.28,16276.0
2026-04-02,8,15835.0,4.51,10.82,6173.0,6169.0,3481.0,543.0,8.27,12.61,8.69,14.38,16367.0
2026-04-02,9,15351.0,4.27,10.21,6237.0,6067.0,3542.0,535.0,8.16,12.53,8.62,14.3,16381.0
2026-04-02,10,14184.0,4.0,10.79,5688.0,5306.0,3040.0,507.0,7.0,10.64,7.47,12.0,14540.0
2026-04-02,11,14423.0,4.13,11.28,4681.0,3903.0,1702.0,378.0,5.05,7.13,5.38,7.92,10664.0
2026-04-02,12,1830.0,4.43,13.94,4478.0,3283.0,995.0,340.0,4.48,5.78,4.67,6.17,9096.0
2026-04-02,13,-1.0,4.44,14.66,4477.0,3377.0,1049.0,322.0,4.59,5.87,4.76,6.26,9225.0
2026-04-02,14,8.0,4.44,14.67,4552.0,3280.0,1091.0,326.0,4.53,5.85,4.69,6.22,9249.0
2026-04-02,15,3.0,4.45,14.82,4518.0,3310.0,1143.0,334.0,4.56,5.92,4.74,6.3,9305.0
2026-04-02,16,10838.0,4.43,13.64,4778.0,3970.0,1566.0,393.0,5.03,6.99,5.28,7.77,10707.0
2026-04-02,17,13544.0,4.4,12.75,5702.0,5218.0,2672.0,465.0,6.53,9.82,6.96,11.16,14057.0
2026-04-02,18,13603.0,4.08,12.64,6004.0,5779.0,3292.0,516.0,7.6,11.52,8.03,13.15,15591.0
2026-04-02,19,13936.0,3.73,12.95,5825.0,5724.0,3269.0,522.0,7.68,11.48,8.12,13.09,15340.0
2026-04-02,20,14084.0,3.47,13.05,5738.0,5676.0,3092.0,497.0,7.73,11.41,8.15,12.97,15003.0
2026-04-02,21,13822.0,3.27,12.42,5333.0,5107.0,2934.0,477.0,6.68,9.93,7.08,11.15,13851.0
2026-04-02,22,9935.0,3.36,12.85,4269.0,3702.0,1832.0,351.0,4.89,6.73,5.12,7.4,10155.0
2026-04-02,23,2787.0,3.7,14.63,3742.0,2797.0,910.0,287.0,3.94,4.84,3.96,5.15,7736.0
2026-04-03,0,2609.0,4.06,14.12,3523.0,2809.0,1697.0,272.0,3.49,4.36,3.25,4.69,8301.0
2026-04-03,1,2645.0,4.4,14.82,3338.0,2525.0,1673.0,256.0,3.49,4.28,3.25,4.6,7792.0
2026-04-03,2,2649.0,4.74,15.32,3201.0,2414.0,1405.0,243.0,3.54,4.25,3.34,4.57,7263.0
2026-04-03,3,2665.0,5.09,15.72,3101.0,2355.0,1418.0,241.0,3.64,4.37,3.51,4.68,7116.0
2026-04-03,4,4983.0,5.36,15.66,3733.0,3380.0,2525.0,319.0,4.49,6.24,4.61,6.69,9957.0
2026-04-03,5,14405.0,5.34,13.31,4846.0,5100.0,3455.0,447.0,6.64,9.91,7.0,11.26,13848.0
2026-04-03,6,16243.0,5.35,12.65,5673.0,5916.0,3560.0,550.0,8.12,12.03,8.51,13.71,15700.0
2026-04-03,7,14766.0,5.17,12.21,6000.0,6033.0,3451.0,569.0,8.3,12.36,8.72,14.1,16052.0
2026-04-03,8,14613.0,4.84,11.81,6166.0,6097.0,3465.0,587.0,8.16,12.42,8.6,14.19,16314.0
2026-04-03,9,14629.0,4.47,11.48,6275.0,6034.0,3463.0,530.0,8.03,12.36,8.53,14.13,16302.0
2026-04-03,10,14588.0,4.24,11.2,5672.0,5134.0,2599.0,475.0,6.77,10.05,7.27,11.41,13880.0
2026-04-03,11,14447.0,4.5,11.26,4617.0,3561.0,1409.0,361.0,4.77,6.61,5.07,7.34,9948.0
2026-04-03,12,911.0,4.84,14.11,4462.0,3218.0,1015.0,341.0,4.4,5.72,4.59,6.1,9037.0
2026-04-03,13,3.0,4.85,14.82,4560.0,3274.0,1209.0,331.0,4.43,5.78,4.57,6.16,9375.0
2026-04-03,14,5.0,4.86,14.96,4552.0,3281.0,1109.0,335.0,4.54,5.87,4.68,6.26,9277.0
2026-04-03,15,-16.0,4.86,15.03,4559.0,3335.0,1090.0,343.0,4.51,5.88,4.69,6.27,9328.0
2026-04-03,16,12628.0,4.94,13.21,4929.0,4069.0,1625.0,426.0,5.07,7.22,5.36,8.07,11048.0
2026-04-03,17,13049.0,4.9,12.16,5748.0,5320.0,2876.0,477.0,6.56,10.0,6.98,11.39,14421.0
2026-04-03,18,13177.0,4.47,12.01,6077.0,5861.0,3407.0,524.0,7.57,11.59,8.03,13.29,15869.0
2026-04-03,19,13618.0,4.06,12.57,5901.0,5757.0,3125.0,510.0,7.76,11.57,8.2,13.2,15293.0
2026-04-03,20,12889.0,3.69,13.63,5751.0,5655.0,3210.0,514.0,7.77,11.42,8.18,13.0,15130.0
2026-04-03,21,12954.0,3.33,13.59,5415.0,5194.0,3030.0,495.0,6.87,10.18,7.29,11.6,14133.0
2026-04-03,22,10734.0,3.14,14.83,4395.0,4049.0,2006.0,396.0,5.03,7.17,5.32,8.06,10846.0
2026-04-03,23,4092.0,3.31,15.37,3807.0,2872.0,1243.0,289.0,3.9,4.94,3.89,5.29,8211.0
2026-04-04,0,2664.0,3.71,13.99,3563.0,2831.0,2085.0,281.0,3.44,4.47,3.18,4.81,8760.0
2026-04-04,1,2437.0,4.03,13.11,3449.0,2695.0,1978.0,275.0,3.46,4.43,3.23,4.75,8396.0
2026-04-04,2,2423.0,4.35,13.0,3306.0,2712.0,1981.0,266.0,3.54,4.53,3.38,4.86,8266.0
2026-04-04,3,2519.0,4.67,13.86,3245.0,2728.0,1915.0,269.0,3.7,4.73,3.62,5.06,8158.0
2026-04-04,4,6852.0,5.05,13.05,3806.0,3573.0,2565.0,319.0,4.47,6.26,4.6,6.7,10264.0
2026-04-04,5,14204.0,5.36,11.81,4689.0,4851.0,3340.0,426.0,6.18,9.15,6.53,10.35,13306.0
2026-04-04,6,16159.0,5.45,12.55,5354.0,5440.0,3143.0,528.0,7.68,11.02,8.1,12.51,14464.0
2026-04-04,7,14817.0,5.41,12.36,5784.0,5680.0,3184.0,528.0,8.05,11.72,8.49,13.32,15175.0
2026-04-04,8,14601.0,5.19,11.99,6020.0,5904.0,3277.0,534.0,7.88,11.84,8.34,13.54,15734.0
2026-04-04,9,14589.0,4.89,11.71,6166.0,5969.0,3274.0,539.0,7.83,11.96,8.31,13.69,15947.0
2026-04-04,10,14495.0,4.65,11.44,5576.0,5181.0,2752.0,535.0,6.54,9.87,7.02,11.23,14045.0
2026-04-04,11,12598.0,4.78,12.01,4564.0,3685.0,1514.0,417.0,4.8,6.63,5.1,7.36,10179.0
2026-04-04,12,574.0,4.92,13.67,4414.0,3179.0,900.0,353.0,4.36,5.62,4.54,6.01,8847.0
2026-04-04,13,10.0,4.92,14.01,4468.0,3245.0,943.0,339.0,4.38,5.6,4.52,5.98,8994.0
2026-04-04,14,11.0,4.93,14.07,4462.0,3274.0,881.0,333.0,4.46,5.7,4.63,6.08,8950.0
2026-04-04,15,-7.0,4.93,14.17,4396.0,3321.0,981.0,341.0,4.49,5.74,4.68,6.13,9039.0
2026-04-04,16,12162.0,4.99,12.55,4751.0,3999.0,1427.0,429.0,4.96,6.88,5.2,7.68,10607.0
2026-04-04,17,12035.0,4.98,12.69,5537.0,5030.0,2350.0,466.0,6.21,9.2,6.61,10.44,13383.0
2026-04-04,18,11041.0,4.46,13.06,5942.0,5711.0,3011.0,498.0,7.47,11.15,7.91,12.77,15162.0
2026-04-04,19,11135.0,3.81,14.09,5729.0,5564.0,2992.0,488.0,7.53,11.06,7.99,12.62,14773.0
2026-04-04,20,10935.0,3.23,13.3,5652.0,5416.0,2989.0,494.0,7.47,10.9,7.91,12.4,14552.0
2026-04-04,21,10972.0,2.71,12.99,5254.0,4907.0,2645.0,443.0,6.64,9.55,7.05,10.86,13249.0
2026-04-04,22,10982.0,2.49,12.81,4233.0,3807.0,1695.0,361.0,4.94,6.77,5.22,7.57,10096.0
2026-04-04,23,5264.0,2.89,12.78,3795.0,2871.0,1133.0,294.0,4.01,5.04,4.07,5.38,8093.0
2026-04-05,0,2517.0,3.34,12.84,3485.0,2823.0,1674.0,267.0,3.53,4.41,3.34,4.74,8248.0
2026-04-05,1,3468.0,3.74,14.12,3461.0,2732.0,1663.0,264.0,3.58,4.48,3.42,4.82,8120.0
2026-04-05,2,3511.0,4.19,14.7,3481.0,2754.0,1637.0,261.0,3.85,4.92,3.84,5.26,8133.0
2026-04-05,3,3608.0,4.66,15.44,3082.0,2677.0,1176.0,238.0,3.68,4.35,3.6,4.69,7173.0
2026-04-05,4,6527.0,5.09,12.74,3803.0,3764.0,2425.0,303.0,4.49,6.21,4.61,6.66,10295.0
2026-04-05,5,13984.0,5.34,11.94,4721.0,5141.0,3230.0,410.0,6.34,9.28,6.7,10.52,13501.0
2026-04-05,6,14230.0,5.28,12.04,5298.0,5489.0,3179.0,475.0,7.77,11.08,8.19,12.59,14441.0
2026-04-05,7,14173.0,5.1,11.81,5412.0,5758.0,2842.0,502.0,7.76,11.87,8.19,13.4,14513.0
2026-04-05,8,14586.0,4.96,12.29,5524.0,5822.0,2785.0,536.0,7.3,11.83,7.76,13.36,14667.0
2026-04-05,9,14149.0,4.8,12.26,5597.0,5972.0,2811.0,529.0,7.15,11.84,7.63,13.37,14909.0
2026-04-05,10,13392.0,4.6,12.34,5214.0,5318.0,2436.0,471.0,6.22,10.29,6.68,11.55,13439.0
2026-04-05,11,9802.0,4.48,14.13,4407.0,3916.0,1308.0,396.0,4.7,6.93,4.99,7.66,10027.0
2026-04-05,12,1091.0,4.53,14.61,4245.0,3540.0,907.0,387.0,4.51,6.19,4.7,6.57,9079.0
2026-04-05,13,1.0,4.54,14.83,4261.0,3547.0,989.0,342.0,4.51,6.21,4.66,6.6,9138.0
2026-04-05,14,10.0,4.54,15.78,4289.0,3469.0,966.0,341.0,4.49,6.26,4.66,6.61,9065.0
2026-04-05,15,-11.0,4.55,16.89,4324.0,3465.0,818.0,356.0,4.49,6.17,4.66,6.51,8963.0
2026-04-05,16,10205.0,4.54,16.02,4408.0,3878.0,1098.0,369.0,4.85,6.93,5.07,7.65,9753.0
2026-04-05,17,12011.0,4.51,14.86,5091.0,5026.0,2105.0,460.0,5.97,9.43,6.36,10.57,12683.0
2026-04-05,18,12674.0,4.25,14.31,5428.0,5651.0,2605.0,484.0,6.88,11.17,7.31,12.65,14168.0
2026-04-05,19,12690.0,3.94,14.15,5322.0,5529.0,2658.0,488.0,6.97,11.21,7.39,12.66,13997.0
2026-04-05,20,12105.0,3.66,14.38,5245.0,5429.0,2707.0,487.0,6.91,11.04,7.32,12.46,13867.0
2026-04-05,21,8999.0,3.2,15.17,4904.0,4915.0,2375.0,452.0,6.11,9.71,6.51,10.94,12646.0
2026-04-05,22,8478.0,2.71,15.83,4138.0,3902.0,1686.0,392.0,4.78,7.15,5.02,7.94,10117.0
2026-04-05,23,4309.0,2.86,15.79,3551.0,2703.0,943.0,288.0,3.73,4.93,3.68,5.27,7484.0
2026-04-06,0,3625.0,3.36,15.34,3342.0,2800.0,1528.0,268.0,3.33,4.47,3.0,4.8,7938.0
2026-04-06,1,3555.0,3.82,14.84,3206.0,2722.0,1352.0,253.0,3.45,4.52,3.21,4.85,7533.0
2026-04-06,2,3401.0,4.27,13.75,3016.0,2535.0,1257.0,240.0,3.5,4.44,3.31,4.76,7048.0
2026-04-06,3,3758.0,4.72,15.34,2911.0,2590.0,1116.0,239.0,3.71,4.69,3.66,5.03,6856.0
2026-04-06,4,6148.0,5.24,14.92,3477.0,3570.0,2163.0,311.0,4.17,6.19,4.24,6.64,9522.0
2026-04-06,5,13632.0,5.35,11.01,4383.0,4977.0,2796.0,402.0,5.68,9.18,6.02,10.31,12559.0
2026-04-06,6,15215.0,5.4,11.32,5031.0,5514.0,2730.0,490.0,7.1,11.1,7.53,12.04,13764.0
2026-04-06,7,14837.0,5.4,11.82,5421.0,5793.0,2823.0,527.0,7.54,11.88,7.99,12.8,14564.0
2026-04-06,8,14044.0,5.26,10.81,5574.0,5836.0,2813.0,512.0,7.27,11.8,7.72,12.74,14734.0
2026-04-06,9,13638.0,4.99,10.56,5726.0,6114.0,2920.0,508.0,7.18,11.99,7.66,12.98,15267.0
2026-04-06,10,12800.0,4.71,10.65,5339.0,5518.0,2451.0,466.0,6.15,10.26,6.62,11.25,13774.0
2026-04-06,11,9698.0,4.55,11.79,4456.0,3929.0,1260.0,372.0,4.63,6.98,4.9,7.74,10016.0
2026-04-06,12,1187.0,4.56,12.25,4141.0,3149.0,646.0,317.0,4.19,5.61,4.3,5.98,8252.0
2026-04-06,13,13.0,4.58,12.76,4207.0,3216.0,653.0,337.0,4.24,5.65,4.32,6.01,8413.0
2026-04-06,14,10.0,4.58,12.75,4278.0,3193.0,550.0,328.0,4.34,5.77,4.44,6.14,8349.0
2026-04-06,15,-13.0,4.59,13.14,4300.0,3230.0,624.0,341.0,4.37,5.88,4.51,6.24,8494.0
2026-04-06,16,9549.0,4.55,12.62,4507.0,3883.0,1161.0,382.0,4.69,6.86,4.92,7.58,9932.0
2026-04-06,17,12675.0,4.5,11.48,5228.0,5056.0,2035.0,458.0,5.88,9.53,6.28,10.71,12778.0
2026-04-06,18,13321.0,4.3,12.16,5527.0,5675.0,2625.0,489.0,6.71,11.06,7.15,12.54,14316.0
2026-04-06,19,12338.0,4.01,12.63,5397.0,5582.0,2584.0,489.0,6.86,11.13,7.27,12.59,14051.0
2026-04-06,20,12314.0,3.69,12.6,5259.0,5448.0,2581.0,512.0,6.81,10.92,7.23,12.32,13800.0
2026-04-06,21,12434.0,3.47,12.68,4760.0,4821.0,2239.0,443.0,5.92,9.45,6.33,10.52,12263.0
2026-04-06,22,7164.0,3.53,13.93,4030.0,3571.0,1453.0,342.0,4.49,6.57,4.68,7.17,9395.0
2026-04-06,23,2824.0,3.76,15.03,3545.0,2572.0,919.0,278.0,3.64,4.79,3.58,5.12,7314.0
2026-04-07,0,2677.0,4.12,14.32,3307.0,2793.0,1406.0,279.0,3.34,4.43,3.04,4.76,7784.0
2026-04-07,1,2354.0,4.45,14.84,3188.0,2596.0,1306.0,254.0,3.42,4.45,3.19,4.78,7344.0
2026-04-07,2,2363.0,4.76,15.46,3049.0,2577.0,1135.0,246.0,3.54,4.48,3.4,4.81,7007.0
2026-04-07,3,2336.0,5.07,15.59,3003.0,2594.0,1129.0,247.0,3.62,4.61,3.53,4.94,6974.0
2026-04-07,4,5449.0,5.3,13.93,3466.0,3504.0,2349.0,355.0,4.15,6.32,4.23,6.79,9674.0
2026-04-07,5,14319.0,5.41,12.48,4451.0,5056.0,3086.0,435.0,6.04,9.81,6.37,11.05,13028.0
2026-04-07,6,14920.0,5.4,12.96,5237.0,5944.0,3111.0,509.0,7.44,12.04,7.84,13.62,14802.0
2026-04-07,7,14540.0,5.21,12.33,5837.0,6085.0,3246.0,570.0,8.07,12.41,8.51,14.11,15738.0
2026-04-07,8,14519.0,4.87,12.04,6150.0,6066.0,3532.0,534.0,8.11,12.38,8.56,14.15,16281.0
2026-04-07,9,14611.0,4.52,11.88,6237.0,6098.0,3462.0,518.0,8.15,12.5,8.64,14.28,16315.0
2026-04-07,10,14235.0,4.27,11.13,5536.0,5063.0,2670.0,452.0,6.61,9.82,7.06,11.14,13721.0
2026-04-07,11,11748.0,4.36,12.63,4602.0,3634.0,1354.0,367.0,4.76,6.61,5.05,7.36,9957.0
2026-04-07,12,490.0,4.45,13.9,4448.0,3210.0,1021.0,340.0,4.36,5.66,4.53,6.05,9019.0
2026-04-07,13,10.0,4.46,13.91,4422.0,3179.0,1022.0,317.0,4.38,5.62,4.5,6.01,8940.0
2026-04-07,14,11.0,4.46,14.26,4472.0,3181.0,1123.0,320.0,4.4,5.72,4.54,6.12,9096.0
2026-04-07,15,-21.0,4.47,14.75,4505.0,3272.0,1129.0,327.0,4.5,5.85,4.66,6.27,9233.0
2026-04-07,16,12391.0,4.54,13.0,4786.0,4059.0,1591.0,387.0,5.16,7.2,5.44,8.08,10823.0
2026-04-07,17,13239.0,4.55,12.21,5668.0,5372.0,2816.0,479.0,6.77,10.12,7.18,11.55,14335.0
2026-04-07,18,13078.0,4.12,11.6,6016.0,5983.0,3349.0,523.0,7.76,11.76,8.21,13.47,15870.0
2026-04-07,19,12980.0,3.65,11.09,5785.0,5726.0,3523.0,521.0,7.48,11.48,7.91,13.14,15556.0
2026-04-07,20,12762.0,3.21,10.41,5713.0,5660.0,3120.0,496.0,7.73,11.38,8.18,12.99,14988.0
2026-04-07,21,12887.0,2.87,10.35,5187.0,5145.0,2828.0,472.0,6.69,9.9,7.11,11.16,13631.0
2026-04-07,22,10072.0,2.85,11.17,4191.0,3896.0,1877.0,355.0,4.91,6.74,5.16,7.49,10319.0
2026-04-07,23,6118.0,3.38,11.86,3650.0,2861.0,1318.0,273.0,3.77,4.76,3.76,5.1,8102.0
2026-04-08,0,3083.0,4.01,11.63,3518.0,2652.0,1730.0,270.0,3.33,4.17,3.04,4.53,8169.0
2026-04-08,1,2352.0,4.35,11.25,3401.0,2756.0,1574.0,263.0,3.54,4.42,3.41,4.78,7995.0
2026-04-08,2,2436.0,4.66,13.13,3193.0,2664.0,1416.0,260.0,3.58,4.36,3.49,4.71,7532.0
2026-04-08,3,2701.0,5.0,16.03,3021.0,2455.0,1411.0,240.0,3.61,4.38,3.54,4.73,7128.0
2026-04-08,4,5801.0,5.33,14.77,3920.0,3795.0,2612.0,329.0,4.72,6.65,4.91,7.16,10655.0
2026-04-08,5,13527.0,5.46,13.94,4986.0,5216.0,3710.0,442.0,6.72,10.23,7.1,11.62,14355.0
2026-04-08,6,13090.0,5.11,14.01,5663.0,5916.0,3547.0,535.0,8.1,12.04,8.52,13.73,15660.0
2026-04-08,7,13592.0,4.64,12.4,5976.0,6064.0,3501.0,547.0,8.33,12.39,8.76,14.14,16088.0
2026-04-08,8,13863.0,4.21,12.09,6105.0,6151.0,3465.0,537.0,8.13,12.34,8.56,14.12,16258.0
2026-04-08,9,14034.0,3.78,11.99,6085.0,6059.0,3449.0,542.0,7.98,12.19,8.46,13.95,16135.0
2026-04-08,10,13910.0,3.45,11.54,5685.0,5346.0,3088.0,467.0,6.76,10.27,7.21,11.79,14586.0
2026-04-08,11,13555.0,3.5,11.68,4845.0,4112.0,1911.0,392.0,5.16,7.31,5.51,8.24,11260.0
2026-04-08,12,74.0,3.69,14.36,4394.0,3314.0,932.0,329.0,4.37,5.64,4.55,6.06,8968.0
2026-04-08,13,9.0,3.7,15.5,4504.0,3465.0,1151.0,330.0,4.52,5.87,4.66,6.29,9450.0
2026-04-08,14,1.0,3.7,14.92,4467.0,3386.0,1233.0,326.0,4.47,5.77,4.62,6.18,9413.0
2026-04-08,15,-32.0,3.71,14.35,4455.0,3258.0,1094.0,314.0,4.39,5.66,4.54,6.08,9120.0
2026-04-08,16,9623.0,3.77,13.02,4759.0,3911.0,1552.0,368.0,4.89,6.71,5.11,7.53,10591.0
2026-04-08,17,11892.0,3.6,12.51,5725.0,5401.0,2666.0,466.0,6.53,9.84,6.96,11.27,14257.0
2026-04-08,18,13632.0,3.09,11.65,6111.0,6048.0,3412.0,536.0,7.77,11.83,8.21,13.56,16107.0
2026-04-08,19,15014.0,2.79,11.11,6006.0,5975.0,3444.0,518.0,7.88,11.88,8.32,13.6,15943.0
2026-04-08,20,15278.0,2.62,11.08,5927.0,5965.0,3360.0,514.0,7.94,11.89,8.37,13.58,15765.0
2026-04-08,21,13998.0,2.41,11.67,5298.0,5220.0,3019.0,472.0,6.75,9.95,7.16,11.4,14008.0
2026-04-08,22,11442.0,2.44,13.13,4209.0,3873.0,1798.0,359.0,4.9,6.7,5.16,7.6,10238.0
2026-04-08,23,4059.0,2.68,15.45,3688.0,2899.0,1198.0,293.0,3.87,4.81,3.91,5.25,8078.0
2026-04-09,0,3384.0,3.13,13.76,3375.0,2690.0,1622.0,248.0,3.39,4.13,3.17,4.54,7936.0
2026-04-09,1,3314.0,3.49,13.27,3271.0,2766.0,1746.0,248.0,3.5,4.35,3.4,4.77,8032.0
2026-04-09,2,3318.0,3.53,13.26,3249.0,2761.0,1791.0,249.0,3.51,4.38,3.44,4.81,8050.0
2026-04-09,3,3414.0,3.95,14.03,3263.0,2864.0,1780.0,257.0,3.71,4.64,3.68,5.07,8164.0
2026-04-09,4,11482.0,4.95,14.62,3649.0,3682.0,2576.0,327.0,4.45,6.23,4.6,6.99,10233.0
2026-04-09,5,14263.0,5.13,13.46,4771.0,5125.0,3510.0,439.0,6.66,9.91,7.03,11.28,13844.0
2026-04-09,6,16380.0,5.06,12.33,5691.0,6041.0,3656.0,540.0,8.23,12.28,8.66,14.02,15928.0
2026-04-09,7,16288.0,4.96,11.53,6012.0,6159.0,3466.0,573.0,8.37,12.53,8.82,14.3,16210.0
2026-04-09,8,15849.0,4.8,10.82,6101.0,6173.0,3582.0,565.0,8.21,12.42,8.65,14.22,16420.0
2026-04-09,9,15527.0,4.57,10.22,6221.0,6140.0,3449.0,534.0,8.13,12.44,8.6,14.25,16344.0
2026-04-09,10,14600.0,4.43,10.96,5558.0,5217.0,2880.0,457.0,6.73,10.02,7.15,11.49,14112.0
2026-04-09,11,12194.0,4.43,12.47,4640.0,4026.0,1734.0,371.0,5.06,7.06,5.38,8.0,10772.0
2026-04-09,12,1270.0,4.64,13.66,4299.0,3277.0,1019.0,320.0,4.38,5.55,4.56,6.03,8915.0
2026-04-09,13,12.0,4.66,14.14,4402.0,3280.0,1098.0,315.0,4.36,5.55,4.5,6.04,9096.0
2026-04-09,14,10.0,4.66,14.2,4436.0,3220.0,1067.0,344.0,4.36,5.57,4.5,6.05,9066.0
2026-04-09,15,9.0,4.67,14.34,4427.0,3244.0,1005.0,331.0,4.46,5.67,4.6,6.15,9008.0
2026-04-09,16,12706.0,4.75,12.52,4785.0,4152.0,1713.0,401.0,5.09,7.14,5.36,8.09,11050.0
2026-04-09,17,13044.0,4.7,11.72,5681.0,5323.0,2707.0,472.0,6.64,9.91,7.06,11.35,14183.0
2026-04-09,18,14551.0,4.37,9.8,6094.0,6094.0,3345.0,531.0,7.72,11.73,8.16,13.46,16064.0
2026-04-09,19,15017.0,4.11,9.34,5917.0,5889.0,3320.0,545.0,7.82,11.73,8.27,13.41,15671.0
2026-04-09,20,15070.0,3.91,9.25,5789.0,5883.0,3245.0,522.0,7.85,11.66,8.29,13.33,15438.0
2026-04-09,21,15609.0,3.81,9.57,5435.0,5459.0,3145.0,496.0,7.02,10.42,7.44,11.94,14536.0
2026-04-09,22,11652.0,3.84,11.54,4378.0,4187.0,2077.0,395.0,5.11,7.19,5.39,8.16,11036.0
2026-04-09,23,8010.0,3.83,14.71,3516.0,2805.0,1153.0,307.0,3.67,4.56,3.69,5.21,7782.0
2026-04-10,0,2177.0,3.97,14.43,3560.0,3070.0,2186.0,283.0,3.45,4.57,3.28,5.01,9100.0
2026-04-10,1,1928.0,4.22,14.85,3493.0,2968.0,2164.0,276.0,3.48,4.59,3.34,5.03,8900.0
2026-04-10,2,1970.0,4.47,15.51,3243.0,2503.0,1823.0,258.0,3.5,4.35,3.36,4.8,7827.0
2026-04-10,3,2007.0,4.73,16.09,3043.0,2402.0,1496.0,246.0,3.45,4.14,3.32,4.58,7188.0
2026-04-10,4,11131.0,4.94,14.21,3763.0,3701.0,2586.0,347.0,4.45,6.38,4.61,7.25,10397.0
2026-04-10,5,15318.0,5.05,12.03,5071.0,5405.0,3773.0,477.0,6.84,10.45,7.23,12.0,14725.0
2026-04-10,6,16514.0,4.97,12.12,5730.0,6110.0,3702.0,610.0,8.19,12.22,8.61,13.93,16153.0
2026-04-10,7,16172.0,4.88,11.36,5974.0,6256.0,3461.0,558.0,8.47,12.55,8.92,14.32,16249.0
2026-04-10,8,15965.0,4.73,11.01,6140.0,6366.0,3522.0,527.0,8.29,12.52,8.74,14.36,16555.0
2026-04-10,9,14824.0,4.49,11.61,6270.0,6163.0,3519.0,542.0,8.17,12.46,8.64,14.28,16494.0
2026-04-10,10,14141.0,4.18,11.92,5652.0,5386.0,2918.0,487.0,6.81,10.27,7.27,11.78,14443.0
2026-04-10,11,13781.0,4.29,12.3,4657.0,3820.0,1568.0,376.0,4.89,6.76,5.17,7.66,10420.0
2026-04-10,12,1103.0,4.53,14.4,4355.0,3310.0,1035.0,344.0,4.42,5.67,4.59,6.13,9044.0
2026-04-10,13,13.0,4.53,14.58,4352.0,3351.0,1069.0,340.0,4.36,5.6,4.5,6.03,9111.0
2026-04-10,14,13.0,4.54,14.65,4437.0,3347.0,1081.0,328.0,4.37,5.59,4.51,6.03,9194.0
2026-04-10,15,-16.0,4.54,14.69,4505.0,3342.0,1055.0,346.0,4.34,5.59,4.49,6.02,9248.0
2026-04-10,16,11014.0,4.67,12.22,4863.0,4116.0,1608.0,416.0,5.03,7.02,5.31,7.9,11003.0
2026-04-10,17,12829.0,4.57,12.31,5657.0,5351.0,2762.0,496.0,6.55,9.86,6.98,11.31,14265.0
2026-04-10,18,12276.0,4.08,12.64,6073.0,6163.0,3315.0,540.0,7.68,11.71,8.13,13.45,16091.0
2026-04-10,19,14175.0,3.6,11.89,5886.0,5869.0,3279.0,517.0,7.76,11.62,8.19,13.29,15551.0
2026-04-10,20,14945.0,3.39,11.57,5809.0,6036.0,3204.0,547.0,7.75,11.54,8.19,13.15,15595.0
2026-04-10,21,15071.0,3.31,11.67,5244.0,5357.0,2971.0,461.0,6.81,9.96,7.22,11.23,14034.0
2026-04-10,22,9970.0,3.54,13.16,4199.0,3948.0,1802.0,361.0,4.92,6.7,5.18,7.47,10309.0
2026-04-10,23,2338.0,3.8,15.96,3687.0,2958.0,1205.0,288.0,3.75,4.67,3.76,5.12,8138.0
2026-04-11,0,2195.0,4.11,13.41,3570.0,3082.0,1780.0,286.0,3.43,4.35,3.25,4.81,8718.0
2026-04-11,1,2135.0,4.39,13.13,3374.0,2812.0,1620.0,258.0,3.45,4.29,3.33,4.73,8064.0
2026-04-11,2,2370.0,4.69,16.17,3241.0,2614.0,1143.0,270.0,3.64,4.37,3.62,4.81,7269.0
2026-04-11,3,2624.0,5.0,15.9,3112.0,2650.0,1097.0,253.0,3.78,4.48,3.81,4.92,7112.0
2026-04-11,4,7944.0,5.33,15.84,3685.0,3554.0,2384.0,316.0,4.39,6.09,4.54,6.83,9939.0
2026-04-11,5,14117.0,5.4,13.46,4615.0,4931.0,3217.0,409.0,6.28,9.29,6.67,10.51,13172.0
2026-04-11,6,14828.0,5.4,12.91,5205.0,5414.0,3196.0,466.0,7.59,10.91,8.01,12.42,14281.0
2026-04-11,7,14279.0,5.25,12.0,5640.0,5695.0,3410.0,515.0,8.04,11.76,8.46,13.39,15260.0
2026-04-11,8,14111.0,4.95,11.54,5815.0,5839.0,3367.0,529.0,7.89,11.84,8.3,13.53,15550.0
2026-04-11,9,14113.0,4.61,11.24,5937.0,5823.0,3413.0,515.0,7.7,11.82,8.15,13.52,15687.0
2026-04-11,10,14092.0,4.37,11.36,5405.0,5002.0,2871.0,507.0,6.45,9.63,6.9,11.01,13785.0
2026-04-11,11,12397.0,4.45,12.18,4469.0,3670.0,1560.0,427.0,4.85,6.58,5.13,7.42,10126.0
2026-04-11,12,560.0,4.61,14.05,4307.0,3301.0,944.0,330.0,4.42,5.6,4.61,6.1,8883.0
2026-04-11,13,3.0,4.61,13.73,4322.0,3282.0,957.0,327.0,4.44,5.57,4.61,6.06,8888.0
2026-04-11,14,4.0,4.62,13.81,4364.0,3294.0,959.0,335.0,4.47,5.61,4.65,6.1,8952.0
2026-04-11,15,-22.0,4.62,13.92,4390.0,3241.0,963.0,344.0,4.48,5.63,4.64,6.12,8938.0
2026-04-11,16,12414.0,4.73,12.48,4712.0,3927.0,1487.0,416.0,5.06,6.89,5.33,7.77,10543.0
2026-04-11,17,12835.0,4.74,11.69,5554.0,5227.0,2617.0,461.0,6.5,9.64,6.94,11.02,13858.0
2026-04-11,18,12783.0,4.35,11.36,5756.0,5691.0,3150.0,498.0,7.45,11.19,7.88,12.81,15095.0
2026-04-11,19,13055.0,4.05,11.58,5160.0,5434.0,2375.0,500.0,6.78,10.98,7.19,12.34,13469.0
2026-04-11,20,13695.0,3.96,12.68,5016.0,5359.0,2288.0,478.0,6.7,10.84,7.12,12.18,13141.0
2026-04-11,21,13041.0,3.96,12.98,4706.0,4897.0,2196.0,440.0,5.91,9.64,6.3,10.85,12239.0
2026-04-11,22,8378.0,3.84,15.55,3916.0,3949.0,1629.0,375.0,4.72,7.19,4.95,8.05,9870.0
2026-04-11,23,4496.0,3.94,16.65,3473.0,2926.0,1005.0,327.0,3.77,5.15,3.78,5.61,7731.0
2026-04-12,0,2005.0,4.3,17.41,3199.0,2688.0,1356.0,275.0,3.2,4.33,2.88,4.78,7518.0
2026-04-12,1,1896.0,4.55,16.34,3107.0,2502.0,1315.0,260.0,3.25,4.34,2.96,4.78,7183.0
2026-04-12,2,1467.0,4.78,17.21,3140.0,2642.0,1340.0,257.0,3.42,4.65,3.27,5.1,7378.0
2026-04-12,3,1386.0,4.97,17.64,3075.0,2560.0,1082.0,245.0,3.49,4.57,3.38,5.02,6962.0
2026-04-12,4,2546.0,5.13,16.63,3521.0,3587.0,2046.0,306.0,4.01,6.23,4.05,6.73,9460.0
2026-04-12,5,13761.0,5.34,13.06,4358.0,5042.0,2817.0,418.0,5.68,9.36,6.03,10.41,12636.0
2026-04-12,6,14522.0,5.47,12.53,5021.0,5411.0,2664.0,458.0,7.13,10.98,7.54,12.38,13555.0
2026-04-12,7,14349.0,5.41,12.15,5349.0,5599.0,2925.0,492.0,7.74,11.76,8.15,13.27,14365.0
2026-04-12,8,14356.0,5.23,12.06,5669.0,5711.0,3429.0,516.0,8.01,11.77,8.43,13.39,15326.0
2026-04-12,9,14371.0,4.96,11.9,5777.0,5780.0,3385.0,557.0,7.86,11.75,8.33,13.4,15499.0
2026-04-12,10,13975.0,4.75,11.75,5362.0,5187.0,2876.0,480.0,6.89,10.1,7.32,11.47,13904.0
2026-04-12,11,9804.0,4.68,14.08,4102.0,3586.0,1481.0,380.0,5.14,6.74,5.44,7.54,9550.0
2026-04-12,12,1030.0,4.74,14.96,3959.0,3123.0,1047.0,333.0,4.55,5.68,4.77,6.13,8463.0
2026-04-12,13,11.0,4.76,15.18,4005.0,3159.0,1038.0,325.0,4.63,5.75,4.83,6.2,8528.0
2026-04-12,14,9.0,4.76,14.36,3919.0,3065.0,883.0,318.0,4.7,5.73,4.89,6.17,8185.0
2026-04-12,15,4.0,4.77,13.97,3931.0,2977.0,823.0,340.0,4.57,5.57,4.76,6.01,8071.0
2026-04-12,16,9267.0,4.78,12.18,4375.0,3562.0,1256.0,392.0,5.01,6.57,5.27,7.34,9585.0
2026-04-12,17,11991.0,4.73,10.67,5018.0,4735.0,2351.0,450.0,6.44,9.13,6.86,10.31,12553.0
2026-04-12,18,10922.0,4.35,11.5,5458.0,5275.0,3030.0,495.0,7.47,10.77,7.91,12.25,14259.0
2026-04-12,19,10382.0,3.75,12.34,5284.0,5054.0,3094.0,482.0,7.56,10.72,7.97,12.14,13915.0
2026-04-12,20,12215.0,3.32,13.41,5181.0,5062.0,2919.0,455.0,7.39,10.47,7.82,11.87,13617.0
2026-04-12,21,13269.0,3.13,13.81,4910.0,4636.0,2701.0,418.0,6.61,9.32,7.02,10.57,12665.0
2026-04-12,22,11564.0,3.27,14.99,4067.0,3663.0,1965.0,368.0,5.13,6.95,5.43,7.81,10062.0
2026-04-12,23,4777.0,3.61,18.09,3377.0,2462.0,910.0,286.0,3.87,4.62,3.92,5.05,7035.0
2026-04-13,0,2465.0,4.05,18.11,3290.0,2469.0,1333.0,254.0,3.34,3.94,3.13,4.39,7346.0
2026-04-13,1,2399.0,4.36,17.73,3298.0,2590.0,1519.0,254.0,3.52,4.31,3.42,4.78,7661.0
2026-04-13,2,2426.0,4.68,18.35,3240.0,2563.0,1630.0,255.0,3.62,4.51,3.58,4.96,7688.0
2026-04-13,3,2013.0,4.97,18.96,3113.0,2434.0,1507.0,250.0,3.69,4.52,3.68,4.96,7304.0
2026-04-13,4,3152.0,5.22,18.45,3556.0,3308.0,2273.0,322.0,4.24,5.71,4.38,6.21,9459.0
2026-04-13,5,13728.0,5.31,16.03,4594.0,4817.0,3101.0,434.0,6.17,9.0,6.54,10.2,12947.0
2026-04-13,6,15855.0,5.37,13.02,5324.0,5450.0,3135.0,468.0,7.73,11.07,8.16,12.58,14377.0
2026-04-13,7,15907.0,5.43,12.61,5614.0,5675.0,3212.0,487.0,8.24,11.78,8.67,13.4,14988.0
2026-04-13,8,15192.0,5.38,12.32,5598.0,5662.0,3345.0,492.0,8.02,11.73,8.46,13.35,15098.0
2026-04-13,9,14666.0,5.19,12.03,5763.0,5804.0,3450.0,513.0,7.93,11.78,8.37,13.46,15531.0
2026-04-13,10,13640.0,5.0,12.5,5359.0,5186.0,2976.0,473.0,6.94,10.17,7.4,11.56,13993.0
2026-04-13,11,9904.0,4.85,14.47,4322.0,3784.0,1636.0,366.0,5.15,6.88,5.47,7.73,10108.0
2026-04-13,12,2230.0,5.02,14.73,4102.0,3156.0,962.0,329.0,4.5,5.64,4.72,6.09,8548.0
2026-04-13,13,15.0,5.06,15.3,4153.0,3197.0,827.0,335.0,4.56,5.63,4.75,6.07,8512.0
2026-04-13,14,6.0,5.06,14.56,4104.0,3107.0,745.0,322.0,4.49,5.5,4.68,5.94,8279.0
2026-04-13,15,-10.0,5.07,14.27,4127.0,3018.0,704.0,329.0,4.43,5.42,4.6,5.86,8178.0
2026-04-13,16,8815.0,5.02,13.45,4504.0,3648.0,1195.0,378.0,4.97,6.59,5.26,7.38,9726.0
2026-04-13,17,11573.0,4.91,12.59,5208.0,4816.0,2299.0,529.0,6.35,9.09,6.78,10.27,12852.0
2026-04-13,18,11593.0,4.47,12.23,5566.0,5499.0,3114.0,508.0,7.39,10.81,7.82,12.35,14687.0
2026-04-13,19,14558.0,4.14,11.06,5437.0,5432.0,3133.0,497.0,7.6,10.96,8.02,12.49,14499.0
2026-04-13,20,15298.0,4.12,11.47,5306.0,5321.0,3086.0,482.0,7.58,10.84,8.01,12.31,14195.0
2026-04-13,21,13959.0,4.13,12.11,4997.0,4818.0,2947.0,451.0,6.74,9.69,7.14,11.02,13212.0
2026-04-13,22,9626.0,4.04,13.94,4055.0,3636.0,2077.0,364.0,5.06,6.93,5.34,7.79,10133.0
2026-04-13,23,2742.0,4.14,17.73,3466.0,2553.0,1203.0,284.0,3.9,4.8,3.96,5.25,7506.0
2026-04-14,0,1997.0,4.42,15.13,3377.0,2681.0,1759.0,277.0,3.26,4.1,3.05,4.55,8093.0
2026-04-14,1,1461.0,4.65,13.32,3332.0,2650.0,1487.0,281.0,3.5,4.3,3.41,4.74,7750.0
2026-04-14,2,1216.0,4.82,15.91,3304.0,2550.0,1228.0,252.0,3.73,4.52,3.74,4.96,7334.0
2026-04-14,3,1572.0,4.99,16.58,3178.0,2479.0,984.0,246.0,3.86,4.61,3.93,5.06,6887.0
2026-04-14,4,4283.0,5.2,16.36,3641.0,3319.0,2359.0,297.0,4.41,5.99,4.56,6.53,9617.0
2026-04-14,5,14308.0,5.3,13.26,4625.0,4785.0,3200.0,397.0,6.14,9.02,6.49,10.27,13006.0
2026-04-14,6,15677.0,5.35,12.26,5367.0,5450.0,3091.0,463.0,7.67,10.99,8.09,12.5,14371.0
2026-04-14,7,15779.0,5.39,12.1,5581.0,5567.0,3181.0,477.0,8.16,11.7,8.6,13.28,14806.0
2026-04-14,8,15353.0,5.36,11.45,5668.0,5638.0,3382.0,520.0,7.94,11.7,8.4,13.32,15210.0
2026-04-14,9,15101.0,5.22,11.0,5842.0,5813.0,3419.0,503.0,7.92,11.79,8.36,13.46,15576.0
2026-04-14,10,14282.0,5.13,11.06,5184.0,4862.0,2607.0,499.0,6.62,9.5,7.06,10.77,13153.0
2026-04-14,11,7337.0,5.15,12.67,4140.0,3544.0,1325.0,359.0,4.98,6.48,5.29,7.2,9368.0
2026-04-14,12,-8.0,5.16,13.35,4145.0,3283.0,915.0,335.0,4.52,5.61,4.74,6.1,8678.0
2026-04-14,13,5.0,5.16,13.47,4169.0,3325.0,891.0,331.0,4.55,5.61,4.75,6.11,8716.0
2026-04-14,14,7.0,5.17,13.68,4156.0,3305.0,922.0,329.0,4.59,5.69,4.81,6.19,8712.0
2026-04-14,15,-11.0,5.17,13.93,4239.0,3322.0,961.0,329.0,4.62,5.79,4.86,6.28,8852.0
2026-04-14,16,11923.0,5.27,13.05,4598.0,3934.0,1421.0,392.0,5.08,6.82,5.37,7.69,10345.0
2026-04-14,17,11950.0,5.22,12.88,5381.0,5127.0,2583.0,507.0,6.53,9.53,6.95,10.83,13597.0
2026-04-14,18,11986.0,4.75,12.75,5644.0,5619.0,3251.0,506.0,7.47,11.07,7.91,12.65,15021.0
2026-04-14,19,12132.0,4.29,12.72,5474.0,5389.0,3149.0,488.0,7.51,10.9,7.94,12.4,14500.0
2026-04-14,20,12329.0,3.89,12.75,5361.0,5359.0,3072.0,473.0,7.48,10.78,7.9,12.27,14265.0
2026-04-14,21,13744.0,3.73,12.24,4937.0,4798.0,2823.0,437.0,6.5,9.34,6.91,10.5,12995.0
2026-04-14,22,9002.0,3.83,13.75,3945.0,3542.0,1715.0,357.0,4.92,6.51,5.19,7.23,9559.0
2026-04-14,23,160.0,4.01,17.74,3408.0,2631.0,1181.0,298.0,3.84,4.68,3.88,5.11,7517.0
2026-04-15,0,2463.0,4.16,14.95,3403.0,3020.0,1799.0,298.0,3.54,4.45,3.43,4.91,8521.0
2026-04-15,1,2618.0,4.51,14.24,3265.0,2752.0,1560.0,263.0,3.49,4.28,3.39,4.74,7839.0
2026-04-15,2,2595.0,4.84,14.53,3109.0,2486.0,1378.0,246.0,3.47,4.18,3.4,4.62,7219.0
2026-04-15,3,2740.0,5.19,16.42,3107.0,2527.0,1278.0,249.0,3.72,4.48,3.72,4.92,7161.0
2026-04-15,4,8031.0,5.45,18.41,3785.0,3620.0,2480.0,332.0,4.51,6.33,4.68,7.07,10217.0
2026-04-15,5,14303.0,5.48,14.6,4683.0,4965.0,3168.0,461.0,6.24,9.2,6.63,10.46,13277.0
2026-04-15,6,15057.0,5.49,13.34,5275.0,5505.0,3151.0,455.0,7.72,10.98,8.13,12.49,14385.0
2026-04-15,7,14909.0,5.43,13.07,5570.0,5561.0,3190.0,496.0,8.07,11.68,8.51,13.26,14818.0
2026-04-15,8,14460.0,5.25,12.22,5705.0,5686.0,3450.0,505.0,7.99,11.8,8.41,13.45,15346.0
2026-04-15,9,13957.0,4.97,11.33,5803.0,5731.0,3420.0,506.0,7.81,11.74,8.24,13.42,15460.0
2026-04-15,10,13553.0,4.72,10.51,5234.0,4855.0,2638.0,471.0,6.47,9.4,6.9,10.7,13199.0
2026-04-15,11,9406.0,4.81,11.61,4210.0,3505.0,1327.0,363.0,4.93,6.45,5.22,7.2,9404.0
2026-04-15,12,8.0,4.88,13.28,4161.0,3174.0,911.0,357.0,4.56,5.64,4.74,6.12,8603.0
2026-04-15,13,10.0,4.89,14.49,4156.0,3354.0,1016.0,345.0,4.6,5.78,4.84,6.26,8870.0
2026-04-15,14,8.0,4.89,14.73,4147.0,3327.0,949.0,336.0,4.59,5.69,4.77,6.14,8758.0
2026-04-15,15,-15.0,4.9,14.72,4205.0,3319.0,964.0,333.0,4.52,5.67,4.72,6.11,8821.0
2026-04-15,16,11927.0,4.99,13.08,4528.0,3819.0,1408.0,381.0,4.95,6.61,5.2,7.46,10137.0
2026-04-15,17,11422.0,4.97,13.04,5421.0,5176.0,2647.0,508.0,6.42,9.51,6.85,10.85,13752.0
2026-04-15,18,11126.0,4.35,13.32,5819.0,5765.0,3286.0,513.0,7.34,11.1,7.77,12.74,15383.0
2026-04-15,19,12422.0,3.78,12.92,5558.0,5481.0,3209.0,502.0,7.36,10.88,7.79,12.43,14750.0
2026-04-15,20,13734.0,3.51,12.32,5428.0,5339.0,3127.0,487.0,7.36,10.77,7.79,12.28,14381.0
2026-04-15,21,13830.0,3.39,12.43,4912.0,4789.0,2840.0,459.0,6.44,9.24,6.84,10.47,13001.0
2026-04-15,22,9397.0,3.58,13.89,3848.0,3537.0,1845.0,349.0,4.77,6.34,5.0,7.07,9579.0
2026-04-15,23,2849.0,3.93,16.46,3523.0,2682.0,1223.0,307.0,3.83,4.74,3.89,5.18,7735.0
2026-04-16,0,2602.0,4.29,14.35,3348.0,2675.0,1906.0,290.0,3.31,4.19,3.13,4.64,8219.0
2026-04-16,1,2550.0,4.62,14.01,3436.0,3001.0,1918.0,323.0,3.63,4.7,3.57,5.15,8678.0
2026-04-16,2,1730.0,4.91,14.72,3146.0,2506.0,1541.0,271.0,3.42,4.17,3.32,4.62,7464.0
2026-04-16,3,1744.0,5.13,15.88,3052.0,2530.0,1492.0,252.0,3.63,4.41,3.61,4.86,7325.0
2026-04-16,4,9473.0,5.45,15.81,3712.0,3707.0,2573.0,337.0,4.64,6.5,4.84,7.3,10329.0
2026-04-16,5,14702.0,5.54,13.73,4873.0,5275.0,3819.0,453.0,6.91,10.34,7.3,11.8,14420.0
2026-04-16,6,15038.0,5.39,13.19,5554.0,5898.0,3718.0,505.0,8.22,12.12,8.64,13.81,15675.0
2026-04-16,7,14709.0,5.16,12.52,5754.0,5923.0,3424.0,549.0,8.45,12.29,8.88,13.97,15650.0
2026-04-16,8,14632.0,4.89,12.23,5980.0,6032.0,3385.0,521.0,8.28,12.32,8.72,14.08,15919.0
2026-04-16,9,14334.0,4.57,11.51,6091.0,5973.0,3382.0,528.0,8.07,12.19,8.53,13.93,15974.0
2026-04-16,10,14003.0,4.24,10.74,5836.0,5600.0,3269.0,490.0,7.34,11.06,7.78,12.69,15195.0
2026-04-16,11,14403.0,4.13,11.27,5061.0,4723.0,2294.0,421.0,5.86,8.48,6.25,9.71,12499.0
2026-04-16,12,2442.0,4.4,13.97,4313.0,3354.0,1038.0,332.0,4.42,5.63,4.6,6.12,9038.0
2026-04-16,13,8.0,4.42,14.65,4372.0,3418.0,1056.0,314.0,4.41,5.65,4.59,6.11,9160.0
2026-04-16,14,5.0,4.43,14.54,4370.0,3350.0,2081.0,331.0,4.43,5.68,4.62,6.14,10131.0
2026-04-16,15,-2.0,4.43,14.67,4402.0,3336.0,1118.0,334.0,4.46,5.72,4.64,6.17,9190.0
2026-04-16,16,10253.0,4.55,13.1,4720.0,3999.0,1537.0,392.0,5.01,6.9,5.33,7.72,10647.0
2026-04-16,17,11545.0,4.43,13.1,5515.0,5141.0,2576.0,493.0,6.43,9.5,6.86,10.78,13726.0
2026-04-16,18,13209.0,3.94,12.25,5948.0,5874.0,3196.0,506.0,7.71,11.58,8.16,13.26,15524.0
2026-04-16,19,14265.0,3.63,11.91,5796.0,5733.0,3322.0,510.0,7.81,11.58,8.24,13.2,15361.0
2026-04-16,20,14400.0,3.42,11.94,5613.0,5560.0,3239.0,497.0,7.74,11.33,8.18,12.9,14909.0
2026-04-16,21,14409.0,3.3,11.89,5188.0,5011.0,3006.0,468.0,6.69,9.79,7.1,11.16,13672.0
2026-04-16,22,14590.0,3.5,12.61,4173.0,3836.0,2002.0,364.0,5.08,6.98,5.36,7.91,10376.0
2026-04-16,23,4336.0,4.15,15.61,3653.0,2805.0,1361.0,299.0,3.98,5.0,4.06,5.46,8118.0
2026-04-17,0,2059.0,4.51,16.27,3444.0,2828.0,1777.0,261.0,3.44,4.38,3.33,4.84,8310.0
2026-04-17,1,1392.0,4.73,17.42,3308.0,2696.0,1801.0,254.0,3.46,4.39,3.39,4.85,8058.0
2026-04-17,2,1423.0,4.92,17.94,3176.0,2589.0,1609.0,247.0,3.57,4.44,3.55,4.9,7621.0
2026-04-17,3,1429.0,5.1,18.15,3149.0,2630.0,1585.0,248.0,3.78,4.71,3.84,5.17,7611.0
2026-04-17,4,6743.0,5.28,19.08,3601.0,3498.0,2486.0,339.0,4.45,6.17,4.63,6.86,9924.0
2026-04-17,5,13706.0,5.31,13.3,4783.0,5122.0,3652.0,456.0,6.68,9.99,7.07,11.4,14013.0
2026-04-17,6,14789.0,5.07,11.47,5566.0,5944.0,3819.0,511.0,8.13,12.08,8.54,13.8,15841.0
2026-04-17,7,15805.0,4.88,11.64,5864.0,6079.0,3345.0,583.0,8.5,12.39,8.92,14.09,15871.0
2026-04-17,8,15706.0,4.73,11.38,6053.0,6126.0,3379.0,550.0,8.26,12.35,8.7,14.11,16109.0
2026-04-17,9,15576.0,4.52,11.02,6132.0,6126.0,3463.0,549.0,8.13,12.33,8.59,14.11,16269.0
2026-04-17,10,15608.0,4.37,10.95,5732.0,5389.0,3047.0,489.0,6.97,10.52,7.42,12.05,14657.0
2026-04-17,11,12734.0,4.58,12.52,4687.0,3949.0,1691.0,378.0,5.01,7.01,5.33,7.92,10704.0
2026-04-17,12,169.0,4.65,14.87,4442.0,3329.0,1086.0,329.0,4.39,5.7,4.59,6.15,9186.0
2026-04-17,13,9.0,4.66,15.0,4446.0,3306.0,1095.0,321.0,4.34,5.65,4.54,6.11,9168.0
2026-04-17,14,11.0,4.66,14.97,4461.0,3306.0,1059.0,324.0,4.4,5.71,4.61,6.16,9150.0
2026-04-17,15,-5.0,4.67,14.98,4460.0,3311.0,1025.0,353.0,4.4,5.67,4.58,6.11,9149.0
2026-04-17,16,11771.0,4.78,12.75,4758.0,3982.0,1669.0,396.0,4.86,6.8,5.13,7.67,10805.0
2026-04-17,17,13222.0,4.84,11.5,5698.0,5288.0,2687.0,477.0,6.43,9.7,6.86,11.13,14150.0
2026-04-17,18,14061.0,4.48,10.95,6059.0,5971.0,3263.0,535.0,7.69,11.64,8.15,13.37,15828.0
2026-04-17,19,13571.0,4.14,11.54,5844.0,5709.0,3251.0,497.0,7.75,11.46,8.2,13.1,15302.0
2026-04-17,20,14065.0,3.84,11.58,5643.0,6084.0,3223.0,504.0,7.68,11.27,8.11,12.84,15454.0
2026-04-17,21,14927.0,3.72,11.25,5385.0,5498.0,3100.0,489.0,6.98,10.3,7.39,11.75,14473.0
2026-04-17,22,11847.0,3.8,12.98,4231.0,4226.0,2192.0,399.0,5.14,7.18,5.45,8.12,11048.0
2026-04-17,23,3138.0,3.99,15.68,3548.0,2755.0,1298.0,280.0,3.83,4.8,3.91,5.25,7881.0
2026-04-18,0,1624.0,4.27,16.39,3397.0,2719.0,1612.0,263.0,3.31,4.16,3.18,4.61,7991.0
2026-04-18,1,1186.0,4.44,16.18,3250.0,2534.0,1750.0,263.0,3.36,4.22,3.25,4.67,7797.0
2026-04-18,2,1209.0,4.6,16.78,3145.0,2238.0,1696.0,271.0,3.41,4.28,3.36,4.72,7351.0
2026-04-18,3,2165.0,4.81,16.72,3033.0,2500.0,1593.0,249.0,3.43,4.21,3.38,4.66,7376.0
2026-04-18,4,11513.0,5.13,15.1,3671.0,3549.0,2372.0,320.0,4.36,6.08,4.53,6.9,9911.0
2026-04-18,5,15460.0,5.4,14.08,4861.0,5179.0,3386.0,428.0,6.45,9.63,6.81,11.0,13853.0
2026-04-18,6,14554.0,5.38,14.78,5551.0,5747.0,3280.0,499.0,7.85,11.44,8.29,13.05,15076.0
2026-04-18,7,13843.0,5.1,13.53,5805.0,5889.0,3226.0,546.0,8.27,12.02,8.72,13.67,15466.0
2026-04-18,8,13635.0,4.75,12.93,5915.0,5920.0,3182.0,582.0,8.05,11.82,8.49,13.47,15599.0
2026-04-18,9,13474.0,4.34,12.31,6054.0,6003.0,3348.0,548.0,7.83,11.83,8.3,13.55,15953.0
2026-04-18,10,13434.0,3.94,11.96,5606.0,5437.0,2931.0,498.0,6.77,10.18,7.21,11.66,14472.0
2026-04-18,11,12835.0,3.95,12.16,4606.0,4076.0,1649.0,373.0,4.93,6.85,5.23,7.77,10703.0
2026-04-18,12,1374.0,4.12,13.88,4342.0,3493.0,908.0,324.0,4.38,5.55,4.57,6.07,9067.0
2026-04-18,13,-3.0,4.14,14.21,4368.0,3421.0,996.0,355.0,4.36,5.54,4.55,6.04,9140.0
2026-04-18,14,0.0,4.14,13.77,4385.0,3272.0,942.0,318.0,4.29,5.48,4.51,5.99,8916.0
2026-04-18,15,-10.0,4.15,13.46,4330.0,3251.0,843.0,322.0,4.35,5.47,4.55,5.98,8746.0
2026-04-18,16,6734.0,3.77,14.01,4699.0,3980.0,1459.0,389.0,4.84,6.64,5.15,7.5,10527.0
2026-04-18,17,15390.0,3.76,10.73,5540.0,5298.0,2441.0,460.0,6.35,9.38,6.79,10.77,13739.0
2026-04-18,18,16084.0,3.79,10.27,5892.0,5789.0,3065.0,504.0,7.4,11.07,7.86,12.7,15250.0
2026-04-18,19,15976.0,3.8,10.15,5709.0,5655.0,3036.0,515.0,7.55,11.06,7.98,12.63,14916.0
2026-04-18,20,16207.0,3.85,10.48,5601.0,5571.0,3023.0,482.0,7.55,11.01,8.0,12.56,14677.0
2026-04-18,21,15065.0,3.91,10.74,5187.0,5326.0,2883.0,433.0,6.52,9.58,6.93,10.86,13830.0
2026-04-18,22,7151.0,3.98,12.99,4097.0,3763.0,1657.0,351.0,4.81,6.5,5.11,7.24,9867.0
2026-04-18,23,4.0,3.98,15.49,3693.0,2762.0,1153.0,279.0,3.82,4.83,3.95,5.27,7885.0
2026-04-19,0,2277.0,4.12,13.83,3512.0,2962.0,1693.0,270.0,3.35,4.34,3.29,4.8,8438.0
2026-04-19,1,2582.0,4.45,14.04,3319.0,2764.0,1640.0,263.0,3.36,4.27,3.33,4.73,7986.0
2026-04-19,2,2548.0,4.79,14.12,3141.0,2713.0,1473.0,242.0,3.46,4.28,3.48,4.74,7569.0
2026-04-19,3,2542.0,5.12,14.5,3056.0,2634.0,1288.0,238.0,3.53,4.33,3.59,4.78,7217.0
2026-04-19,4,5295.0,5.42,15.15,3698.0,3740.0,2402.0,307.0,4.32,5.98,4.51,6.55,10148.0
2026-04-19,5,14610.0,5.51,13.59,4808.0,5160.0,3253.0,433.0,6.29,9.31,6.67,10.67,13654.0
2026-04-19,6,15734.0,5.51,13.64,5462.0,5790.0,3229.0,487.0,7.83,11.3,8.26,12.91,14969.0
2026-04-19,7,15110.0,5.45,12.92,5674.0,6015.0,3235.0,518.0,8.3,11.93,8.76,13.57,15441.0
2026-04-19,8,14798.0,5.28,12.3,5776.0,5812.0,3294.0,515.0,8.11,11.82,8.56,13.48,15397.0
2026-04-19,9,14617.0,5.04,11.88,6005.0,6019.0,3366.0,525.0,7.94,11.94,8.41,13.67,15915.0
2026-04-19,10,13287.0,4.78,12.16,5383.0,5322.0,2820.0,496.0,6.56,9.74,7.0,11.18,14021.0
2026-04-19,11,9663.0,4.64,12.82,4449.0,3967.0,1509.0,392.0,4.81,6.58,5.15,7.41,10317.0
2026-04-19,12,0.0,4.66,13.41,4214.0,3299.0,947.0,337.0,4.26,5.4,4.47,5.9,8796.0
2026-04-19,13,7.0,4.66,13.57,4152.0,3552.0,874.0,364.0,4.2,5.23,4.37,5.73,8941.0
2026-04-19,14,6.0,4.67,14.27,4264.0,3616.0,935.0,330.0,4.31,5.45,4.53,5.97,9146.0
2026-04-19,15,-3.0,4.67,14.64,4372.0,3478.0,1047.0,342.0,4.47,5.75,4.73,6.26,9239.0
2026-04-19,16,12282.0,4.77,12.73,4707.0,4183.0,1587.0,397.0,5.02,6.93,5.36,7.85,10874.0
2026-04-19,17,12951.0,4.75,11.89,5645.0,5435.0,2599.0,480.0,6.58,9.82,7.05,11.26,14159.0
2026-04-19,18,13013.0,4.34,11.75,5869.0,5885.0,3266.0,514.0,7.52,11.27,7.98,12.95,15534.0
2026-04-19,19,13190.0,3.93,11.67,5679.0,5734.0,3219.0,509.0,7.56,11.12,8.0,12.73,15141.0
2026-04-19,20,14362.0,3.68,10.93,5449.0,5725.0,3001.0,491.0,7.3,11.01,7.74,12.55,14665.0
2026-04-19,21,14172.0,3.61,10.57,4892.0,5219.0,2538.0,448.0,5.94,9.61,6.35,10.9,13097.0
2026-04-19,22,10046.0,3.77,12.04,4209.0,3917.0,1771.0,369.0,4.64,6.59,4.96,7.36,10266.0
2026-04-19,23,17.0,3.99,15.93,3757.0,2981.0,1308.0,306.0,3.77,4.86,3.89,5.31,8353.0
2026-04-20,0,1510.0,4.06,15.32,3474.0,2950.0,1815.0,270.0,3.3,4.31,3.24,4.77,8509.0
2026-04-20,1,2425.0,4.35,15.8,3402.0,2967.0,1583.0,261.0,3.49,4.45,3.51,4.92,8213.0
2026-04-20,2,2391.0,4.67,15.95,3290.0,2890.0,1622.0,255.0,3.55,4.56,3.63,5.02,8057.0
2026-04-20,3,3182.0,5.0,16.83,3167.0,2743.0,1417.0,249.0,3.65,4.56,3.75,5.03,7575.0
2026-04-20,4,4344.0,5.42,16.76,3904.0,3949.0,2698.0,322.0,4.72,6.65,4.97,7.18,10873.0
2026-04-20,5,14293.0,5.39,12.38,5030.0,5437.0,3688.0,455.0,7.05,10.46,7.38,11.97,14610.0
2026-04-20,6,15891.0,5.28,12.08,5732.0,6132.0,3705.0,520.0,8.18,12.23,8.61,14.0,16090.0
2026-04-20,7,15315.0,5.07,11.21,6029.0,6184.0,3436.0,630.0,8.46,12.54,8.89,14.3,16278.0
2026-04-20,8,15509.0,4.8,11.26,6190.0,6452.0,3620.0,530.0,8.2,12.49,8.66,14.3,16793.0
2026-04-20,9,15872.0,4.57,11.51,6298.0,6532.0,3588.0,529.0,8.08,12.48,8.53,14.35,16947.0
2026-04-20,10,15852.0,4.37,11.38,5999.0,6152.0,3338.0,506.0,7.03,11.0,7.49,12.7,15995.0
2026-04-20,11,15727.0,4.51,11.26,5055.0,4847.0,2106.0,418.0,5.18,7.67,5.59,8.8,12427.0
2026-04-20,12,2858.0,4.82,13.65,4451.0,3754.0,1114.0,322.0,4.19,5.55,4.43,6.13,9641.0
2026-04-20,13,11.0,4.84,14.25,4438.0,3631.0,984.0,323.0,4.15,5.36,4.35,5.88,9375.0
2026-04-20,14,7.0,4.84,14.25,4370.0,3577.0,1033.0,329.0,4.22,5.43,4.42,5.95,9308.0
2026-04-20,15,10.0,4.85,14.41,4362.0,3633.0,1093.0,321.0,4.26,5.48,4.46,5.99,9409.0
2026-04-20,16,10797.0,4.86,13.72,4768.0,4471.0,1677.0,406.0,4.86,6.83,5.19,7.77,11322.0
2026-04-20,17,13476.0,4.76,12.86,5843.0,5901.0,2922.0,493.0,6.59,10.05,7.04,11.62,15158.0
2026-04-20,18,13886.0,4.34,12.42,6173.0,6485.0,3440.0,523.0,7.77,11.89,8.2,13.71,16621.0
2026-04-20,19,14214.0,3.96,12.11,5964.0,6258.0,3413.0,515.0,7.82,11.77,8.27,13.49,16150.0
2026-04-20,20,14291.0,3.65,12.03,5874.0,6219.0,3398.0,533.0,7.75,11.65,8.21,13.33,16024.0
2026-04-20,21,14859.0,3.45,11.42,5411.0,5635.0,3086.0,496.0,6.74,10.04,7.15,11.53,14629.0
2026-04-20,22,12520.0,3.49,13.03,4335.0,4312.0,2006.0,368.0,4.99,7.0,5.31,7.97,11022.0
2026-04-20,23,4181.0,3.73,15.8,3749.0,3332.0,1417.0,293.0,3.91,5.07,4.05,5.59,8791.0
2026-04-21,0,2734.0,4.09,15.68,3512.0,3297.0,1897.0,276.0,3.41,4.52,3.41,5.0,8981.0
2026-04-21,1,2281.0,4.42,16.14,3306.0,3094.0,1876.0,279.0,3.37,4.37,3.34,4.83,8554.0
2026-04-21,2,2185.0,4.71,15.66,3238.0,3017.0,1783.0,265.0,3.46,4.45,3.48,4.91,8303.0
2026-04-21,3,2236.0,5.0,16.46,3221.0,3037.0,1780.0,269.0,3.58,4.58,3.63,5.04,8308.0
2026-04-21,4,6340.0,5.27,17.74,3667.0,3819.0,2497.0,342.0,4.34,6.11,4.54,6.8,10325.0
2026-04-21,5,11550.0,5.09,16.1,5076.0,5729.0,3683.0,481.0,6.95,10.48,7.31,12.03,14969.0
2026-04-21,6,14004.0,4.5,12.31,5916.0,6597.0,3838.0,523.0,8.28,12.62,8.71,14.49,16874.0
2026-04-21,7,15543.0,4.18,12.0,6122.0,6642.0,3571.0,537.0,8.51,12.77,8.96,14.63,16871.0
2026-04-21,8,15710.0,3.92,11.76,6193.0,6598.0,3651.0,558.0,8.26,12.67,8.69,14.53,16999.0
2026-04-21,9,16178.0,3.69,11.24,6228.0,6620.0,3587.0,564.0,8.14,12.54,8.58,14.4,16999.0
2026-04-21,10,16218.0,3.56,11.17,5727.0,5865.0,3283.0,480.0,6.75,10.42,7.17,11.99,15355.0
2026-04-21,11,14297.0,3.82,12.25,4729.0,4326.0,1805.0,391.0,4.92,7.03,5.28,8.02,11252.0
2026-04-21,12,2895.0,4.09,13.92,4354.0,3483.0,1035.0,350.0,4.28,5.57,4.53,6.12,9222.0
2026-04-21,13,4.0,4.13,14.6,4394.0,3463.0,1092.0,332.0,4.22,5.47,4.43,5.99,9281.0
2026-04-21,14,7.0,4.13,14.54,4449.0,3426.0,1098.0,332.0,4.24,5.54,4.47,6.06,9304.0
2026-04-21,15,1708.0,4.22,14.04,4408.0,3379.0,957.0,323.0,4.24,5.45,4.45,5.95,9067.0
2026-04-21,16,10640.0,4.24,13.45,4814.0,4210.0,1662.0,410.0,4.86,6.89,5.19,7.85,11096.0
2026-04-21,17,14564.0,4.24,12.16,5811.0,5635.0,2867.0,526.0,6.48,9.97,6.91,11.53,14840.0
2026-04-21,18,14677.0,3.92,12.14,6139.0,6154.0,3447.0,531.0,7.67,11.81,8.13,13.6,16272.0
2026-04-21,19,15456.0,3.67,12.0,6056.0,6086.0,3285.0,537.0,7.8,11.86,8.26,13.62,15963.0
2026-04-21,20,15538.0,3.49,11.96,5941.0,6031.0,3392.0,537.0,7.83,11.84,8.27,13.58,15901.0
2026-04-21,21,15377.0,3.35,11.82,5578.0,5612.0,3310.0,511.0,6.99,10.56,7.41,12.13,15011.0
2026-04-21,22,12886.0,3.35,12.84,4528.0,4402.0,2531.0,415.0,5.1,7.48,5.45,8.53,11876.0
2026-04-21,23,2703.0,3.57,14.99,3818.0,3016.0,1401.0,303.0,3.72,4.88,3.88,5.35,8538.0
2026-04-22,0,2289.0,3.86,18.44,3582.0,3263.0,2046.0,285.0,3.35,4.58,3.36,5.06,9176.0
2026-04-22,1,2296.0,4.16,18.43,3363.0,2946.0,1928.0,281.0,3.3,4.38,3.32,4.85,8518.0
2026-04-22,2,3251.0,4.5,16.24,3042.0,2495.0,1573.0,253.0,3.21,4.02,3.19,4.49,7363.0
2026-04-22,3,3211.0,4.97,16.38,3011.0,2579.0,1621.0,252.0,3.32,4.17,3.35,4.64,7463.0
2026-04-22,4,5135.0,5.24,15.71,3717.0,3715.0,2637.0,368.0,4.31,6.1,4.54,6.67,10436.0
2026-04-22,5,16038.0,5.33,12.79,4973.0,5315.0,3710.0,477.0,6.55,10.0,6.91,11.5,14474.0
2026-04-22,6,16427.0,5.32,12.87,5825.0,6186.0,3825.0,522.0,8.06,12.25,8.48,14.08,16358.0
2026-04-22,7,15985.0,5.17,12.22,6085.0,6284.0,3510.0,552.0,8.4,12.58,8.85,14.4,16432.0
2026-04-22,8,15902.0,4.96,11.92,6202.0,6238.0,3581.0,571.0,8.21,12.58,8.66,14.43,16593.0
2026-04-22,9,15158.0,4.72,12.01,6236.0,6175.0,3610.0,540.0,8.14,12.5,8.59,14.35,16560.0
2026-04-22,10,14262.0,4.36,12.35,5888.0,5761.0,3363.0,485.0,7.08,10.96,7.54,12.64,15498.0
2026-04-22,11,11580.0,4.26,13.49,4820.0,4413.0,1974.0,381.0,5.01,7.23,5.36,8.27,11588.0
2026-04-22,12,1485.0,4.28,14.44,4458.0,3614.0,1017.0,336.0,4.18,5.43,4.38,5.97,9425.0
2026-04-22,13,6.0,4.29,14.69,4546.0,3645.0,1035.0,320.0,4.34,5.52,4.49,6.04,9547.0
2026-04-22,14,7.0,4.3,14.59,4443.0,3559.0,1073.0,318.0,4.26,5.54,4.49,6.07,9393.0
2026-04-22,15,9.0,4.3,14.66,4425.0,3452.0,1112.0,340.0,4.27,5.56,4.51,6.08,9329.0
2026-04-22,16,11458.0,4.35,13.01,4795.0,4125.0,1645.0,396.0,4.82,6.79,5.17,7.7,10960.0
2026-04-22,17,15426.0,4.44,11.36,5800.0,5561.0,2731.0,487.0,6.57,9.99,7.02,11.53,14580.0
2026-04-22,18,15454.0,4.29,10.86,6147.0,6159.0,3340.0,548.0,7.67,11.83,8.13,13.63,16193.0
2026-04-22,19,15479.0,4.06,10.72,6057.0,6078.0,3366.0,516.0,7.81,11.85,8.27,13.62,16018.0
2026-04-22,20,15589.0,3.89,10.77,5955.0,5984.0,3362.0,517.0,7.78,11.72,8.21,13.46,15818.0
2026-04-22,21,14811.0,3.76,10.77,5358.0,5320.0,3131.0,484.0,6.74,10.13,7.15,11.47,14293.0
2026-04-22,22,9432.0,3.9,12.82,4306.0,3933.0,1959.0,398.0,4.83,6.78,5.15,7.59,10595.0
2026-04-22,23,50.0,4.0,15.45,3618.0,2692.0,1090.0,280.0,3.61,4.56,3.74,5.01,7681.0
2026-04-23,0,2479.0,4.17,12.69,3562.0,2963.0,1663.0,267.0,3.22,4.25,3.19,4.71,8456.0
2026-04-23,1,2529.0,4.5,13.38,3409.0,2814.0,1697.0,260.0,3.32,4.32,3.33,4.78,8180.0
2026-04-23,2,2576.0,4.83,14.24,3151.0,2642.0,1381.0,251.0,3.28,4.12,3.31,4.57,7426.0
2026-04-23,3,2608.0,5.17,14.74,3126.0,2689.0,1407.0,271.0,3.43,4.3,3.51,4.75,7494.0
2026-04-23,4,5790.0,5.44,14.93,3819.0,3888.0,2708.0,373.0,4.39,6.29,4.62,6.88,10788.0
2026-04-23,5,14485.0,5.39,11.32,4977.0,5371.0,3645.0,459.0,6.6,10.02,6.98,11.54,14453.0
2026-04-23,6,16404.0,5.29,10.94,5845.0,6206.0,3716.0,527.0,8.06,12.27,8.51,14.08,16294.0
2026-04-23,7,16082.0,5.14,10.5,6088.0,6217.0,3478.0,562.0,8.4,12.58,8.87,14.41,16345.0
2026-04-23,8,16405.0,4.96,10.75,6200.0,6157.0,3672.0,560.0,8.13,12.5,8.57,14.34,16589.0
2026-04-23,9,16510.0,4.83,10.72,6240.0,6154.0,3601.0,550.0,8.16,12.51,8.62,14.34,16546.0
2026-04-23,10,12885.0,4.68,12.33,5500.0,5061.0,2718.0,455.0,6.54,9.8,6.98,11.21,13734.0
2026-04-23,11,9657.0,4.59,13.31,4551.0,3501.0,1398.0,360.0,4.61,6.38,4.95,7.15,9811.0
2026-04-23,12,8.0,4.7,14.69,4488.0,3262.0,1072.0,334.0,4.26,5.67,4.51,6.16,9156.0
2026-04-23,13,3.0,4.71,15.06,4475.0,3297.0,1296.0,356.0,4.31,5.71,4.53,6.21,9425.0
2026-04-23,14,0.0,4.71,15.08,4518.0,3269.0,1177.0,344.0,4.28,5.7,4.53,6.21,9309.0
2026-04-23,15,-24.0,4.72,14.65,4451.0,3218.0,1240.0,346.0,4.25,5.6,4.46,6.11,9255.0
2026-04-23,16,12423.0,4.8,12.52,4854.0,4119.0,1924.0,425.0,4.92,7.14,5.27,8.11,11322.0
2026-04-23,17,12361.0,4.63,12.29,5922.0,5639.0,2970.0,516.0,6.68,10.3,7.13,11.9,15047.0
2026-04-23,18,13442.0,4.06,11.77,6130.0,6152.0,3488.0,532.0,7.56,11.71,8.02,13.5,16301.0
2026-04-23,19,14452.0,3.73,11.4,5960.0,5940.0,3441.0,537.0,7.69,11.67,8.13,13.39,15878.0
2026-04-23,20,14296.0,3.42,11.88,5872.0,5838.0,3281.0,527.0,7.66,11.53,8.1,13.2,15519.0
2026-04-23,21,14377.0,3.22,11.81,5359.0,5171.0,2953.0,495.0,6.6,9.85,7.01,11.28,13979.0
2026-04-23,22,12534.0,3.38,12.24,4274.0,3775.0,2067.0,379.0,4.68,6.63,5.0,7.48,10495.0
2026-04-23,23,2974.0,3.85,16.0,3687.0,2698.0,1232.0,327.0,3.59,4.66,3.75,5.11,7944.0
2026-04-24,0,2533.0,4.21,13.65,3609.0,2917.0,1925.0,303.0,3.16,4.31,3.13,4.77,8754.0
2026-04-24,1,2415.0,4.52,12.76,3584.0,3045.0,1848.0,275.0,3.32,4.5,3.37,4.96,8752.0
2026-04-24,2,2455.0,4.84,13.6,3387.0,3003.0,1721.0,268.0,3.46,4.55,3.56,5.01,8378.0
2026-04-24,3,2399.0,5.16,14.34,3322.0,2973.0,1664.0,267.0,3.65,4.69,3.75,5.16,8226.0
2026-04-24,4,5322.0,5.42,13.43,3973.0,3970.0,2725.0,357.0,4.62,6.65,4.89,7.23,11025.0
2026-04-24,5,15551.0,5.48,13.25,5123.0,5485.0,3834.0,488.0,6.92,10.49,7.28,12.03,14929.0
2026-04-24,6,17166.0,5.54,12.27,5846.0,6128.0,3688.0,537.0,8.13,12.28,8.55,14.06,16198.0
2026-04-24,7,16259.0,5.45,11.9,6109.0,6184.0,3513.0,606.0,8.33,12.56,8.78,14.38,16411.0
2026-04-24,8,16033.0,5.28,11.48,6240.0,6175.0,3673.0,529.0,8.12,12.55,8.58,14.39,16617.0
2026-04-24,9,15970.0,5.07,11.25,6228.0,6167.0,3605.0,562.0,8.12,12.47,8.57,14.31,16561.0
2026-04-24,10,15963.0,4.92,11.19,5799.0,5502.0,3154.0,488.0,7.0,10.69,7.43,12.3,14942.0
2026-04-24,11,11808.0,5.1,13.17,4719.0,3881.0,1722.0,375.0,4.86,6.91,5.24,7.82,10697.0
2026-04-24,12,173.0,5.11,14.67,4501.0,3342.0,1137.0,330.0,4.28,5.66,4.55,6.18,9310.0
2026-04-24,13,5.0,5.12,14.7,4511.0,3312.0,1118.0,338.0,4.24,5.6,4.48,6.13,9280.0
2026-04-24,14,7.0,5.12,14.67,4587.0,3280.0,905.0,361.0,4.35,5.67,4.57,6.17,9133.0
2026-04-24,15,-10.0,5.12,14.6,4508.0,3295.0,1100.0,329.0,4.29,5.67,4.56,6.18,9233.0
2026-04-24,16,10122.0,5.03,13.8,4936.0,4130.0,1695.0,395.0,4.99,7.2,5.38,8.16,11157.0
2026-04-24,17,10860.0,4.66,13.7,5964.0,5713.0,2968.0,512.0,6.79,10.51,7.25,12.13,15157.0
2026-04-24,18,11251.0,3.86,13.57,6226.0,6184.0,3485.0,517.0,7.76,11.95,8.23,13.78,16412.0
2026-04-24,19,14853.0,3.31,12.37,6027.0,6037.0,3373.0,522.0,7.83,11.85,8.28,13.6,15959.0
2026-04-24,20,15304.0,3.1,12.15,6033.0,5988.0,3327.0,524.0,7.72,11.72,8.16,13.45,15872.0
2026-04-24,21,15329.0,2.94,12.01,5664.0,5609.0,3292.0,512.0,6.92,10.59,7.35,12.18,15077.0
2026-04-24,22,12882.0,2.94,13.31,4649.0,4508.0,2459.0,392.0,5.13,7.53,5.49,8.59,12008.0
2026-04-24,23,4229.0,3.24,15.02,3824.0,3166.0,1374.0,301.0,3.74,4.92,3.92,5.39,8665.0
2026-04-25,0,2906.0,3.67,13.86,3540.0,2999.0,1843.0,273.0,3.18,4.27,3.17,4.74,8654.0
2026-04-25,1,2878.0,4.05,13.57,3461.0,3041.0,1885.0,269.0,3.32,4.46,3.38,4.92,8656.0
2026-04-25,2,2937.0,4.42,14.02,3398.0,3024.0,1695.0,260.0,3.43,4.5,3.52,4.97,8376.0
2026-04-25,3,2980.0,4.81,14.38,3289.0,3088.0,1594.0,260.0,3.54,4.57,3.68,5.05,8231.0
2026-04-25,4,10681.0,5.17,16.56,3936.0,4077.0,2722.0,347.0,4.5,6.65,4.78,7.55,11082.0
2026-04-25,5,15650.0,5.26,15.56,5066.0,5477.0,3524.0,448.0,6.58,9.93,6.97,11.46,14514.0
2026-04-25,6,15743.0,5.25,14.21,5748.0,5976.0,3412.0,503.0,7.88,11.67,8.32,13.38,15639.0
2026-04-25,7,14647.0,5.06,12.42,5897.0,6047.0,3278.0,552.0,8.27,12.12,8.71,13.83,15773.0
2026-04-25,8,14556.0,4.76,12.08,6050.0,6039.0,3269.0,528.0,8.08,12.06,8.54,13.8,15886.0
2026-04-25,9,14413.0,4.46,11.6,6095.0,6054.0,3356.0,557.0,7.99,11.94,8.44,13.69,16062.0
2026-04-25,10,13288.0,4.15,11.26,5577.0,5349.0,2861.0,478.0,6.74,10.07,7.17,11.53,14265.0
2026-04-25,11,10560.0,4.0,12.5,4564.0,3777.0,1544.0,380.0,4.75,6.65,5.15,7.53,10265.0
2026-04-25,12,1298.0,4.1,13.13,4321.0,3210.0,851.0,338.0,4.19,5.43,4.49,5.95,8720.0
2026-04-25,13,-9.0,4.11,13.48,4348.0,3313.0,834.0,318.0,4.29,5.49,4.57,6.01,8812.0
2026-04-25,14,2.0,4.12,14.15,4324.0,3371.0,977.0,341.0,4.4,5.66,4.68,6.18,9014.0
2026-04-25,15,2153.0,4.26,13.57,4323.0,3261.0,915.0,323.0,4.31,5.5,4.55,6.0,8822.0
2026-04-25,16,11990.0,4.47,12.75,4595.0,3947.0,1494.0,389.0,4.7,6.54,5.08,7.43,10425.0
2026-04-25,17,14334.0,4.6,11.71,5537.0,5304.0,2550.0,461.0,6.38,9.41,6.83,10.79,13852.0
2026-04-25,18,14282.0,4.38,11.44,6001.0,5979.0,3209.0,532.0,7.47,11.29,7.93,13.01,15720.0
2026-04-25,19,14737.0,4.13,11.91,5892.0,5802.0,3233.0,501.0,7.52,11.24,7.96,12.91,15429.0
2026-04-25,20,15228.0,3.99,12.59,5745.0,5678.0,3090.0,495.0,7.44,11.01,7.9,12.6,15009.0
2026-04-25,21,14992.0,3.97,12.21,5272.0,5334.0,3076.0,457.0,6.71,9.95,7.12,11.29,14140.0
2026-04-25,22,15364.0,3.95,12.8,5201.0,5550.0,3594.0,475.0,6.63,10.22,7.03,11.66,14819.0
2026-04-25,23,16027.0,3.93,13.85,5078.0,5649.0,3947.0,463.0,6.3,9.97,6.66,11.44,15136.0
2026-04-26,0,17356.0,4.03,11.91,5069.0,5809.0,3948.0,448.0,5.65,9.37,6.0,10.87,15275.0
2026-04-26,1,17770.0,4.21,10.62,5004.0,5861.0,3856.0,424.0,6.16,9.76,6.51,11.27,15146.0
2026-04-26,2,19652.0,4.57,12.69,4984.0,5901.0,3807.0,421.0,6.57,10.18,6.94,11.68,15112.0
2026-04-26,3,16794.0,4.97,14.2,4594.0,5404.0,3689.0,390.0,5.94,9.14,6.3,10.49,14077.0
2026-04-26,4,15203.0,5.16,14.4,4413.0,5018.0,3519.0,410.0,5.85,8.76,6.2,9.98,13360.0
2026-04-26,5,16654.0,5.37,15.87,4692.0,5119.0,3447.0,422.0,6.59,9.69,6.98,11.06,13681.0
2026-04-26,6,15146.0,5.48,13.95,5586.0,5809.0,3253.0,470.0,7.89,11.51,8.34,13.17,15118.0
2026-04-26,7,14873.0,5.31,12.57,5876.0,5975.0,3175.0,510.0,8.48,12.22,8.93,13.93,15536.0
2026-04-26,8,14891.0,5.07,12.47,5974.0,6115.0,3349.0,534.0,8.34,12.32,8.79,14.08,15972.0
2026-04-26,9,14740.0,4.76,12.03,6123.0,6174.0,3504.0,577.0,8.18,12.31,8.65,14.09,16377.0
2026-04-26,10,14662.0,4.56,11.76,5331.0,5053.0,2578.0,495.0,6.45,9.41,6.86,10.76,13457.0
2026-04-26,11,11020.0,4.87,12.29,4375.0,3542.0,1499.0,358.0,4.62,6.32,4.99,7.08,9773.0
2026-04-26,12,5.0,5.09,14.43,4328.0,3208.0,1194.0,336.0,4.35,5.76,4.67,6.26,9066.0
2026-04-26,13,2.0,5.1,14.57,4349.0,3261.0,1034.0,326.0,4.32,5.68,4.62,6.14,8970.0
2026-04-26,14,5.0,5.1,14.71,4328.0,3223.0,992.0,350.0,4.42,5.73,4.7,6.18,8893.0
2026-04-26,15,6.0,5.11,14.86,4254.0,3248.0,1057.0,332.0,4.46,5.78,4.76,6.24,8891.0
2026-04-26,16,11251.0,5.15,13.96,4527.0,3834.0,1405.0,378.0,4.97,6.82,5.36,7.7,10144.0
2026-04-26,17,11907.0,5.07,13.32,5399.0,5211.0,2557.0,463.0,6.7,9.7,7.13,11.05,13629.0
2026-04-26,18,11777.0,4.59,12.82,5696.0,5656.0,3147.0,523.0,7.47,11.01,7.92,12.62,15021.0
2026-04-26,19,11937.0,4.06,12.75,5630.0,5644.0,3112.0,494.0,7.49,11.03,7.93,12.62,14880.0
2026-04-26,20,12352.0,3.59,13.24,5579.0,5586.0,3088.0,503.0,7.35,10.88,7.79,12.44,14757.0
2026-04-26,21,12543.0,3.25,13.37,5117.0,4986.0,2820.0,456.0,6.43,9.44,6.84,10.66,13378.0
2026-04-26,22,8657.0,3.24,13.79,4113.0,3728.0,1839.0,363.0,4.64,6.38,4.97,7.12,10045.0
2026-04-26,23,3212.0,3.62,15.06,3596.0,2735.0,1008.0,276.0,3.71,4.67,3.88,5.12,7614.0
2026-04-27,0,3119.0,4.04,14.7,3480.0,3067.0,1787.0,269.0,3.26,4.4,3.35,4.87,8604.0
2026-04-27,1,3143.0,4.45,15.2,3262.0,2869.0,1748.0,254.0,3.27,4.32,3.35,4.79,8133.0
2026-04-27,2,3121.0,4.86,15.42,3159.0,2659.0,1508.0,257.0,3.26,4.21,3.36,4.67,7583.0
2026-04-27,3,2607.0,5.24,16.61,3140.0,2561.0,1431.0,249.0,3.4,4.31,3.5,4.77,7381.0
2026-04-27,4,4762.0,5.52,18.97,3906.0,3921.0,2692.0,335.0,4.61,6.79,4.9,7.19,10852.0
2026-04-27,5,15097.0,5.5,14.79,5087.0,5521.0,3726.0,496.0,6.87,10.67,7.24,11.99,14830.0
2026-04-27,6,17302.0,5.53,12.29,5838.0,6223.0,3782.0,520.0,8.19,12.57,8.62,14.16,16362.0
2026-04-27,7,15123.0,5.38,12.11,6023.0,6127.0,3531.0,583.0,8.29,12.59,8.75,14.06,16264.0
2026-04-27,8,14819.0,5.06,11.5,6244.0,6159.0,3601.0,553.0,7.99,12.51,8.46,13.89,16557.0
2026-04-27,9,14691.0,4.7,11.07,6273.0,6131.0,3520.0,533.0,7.94,12.56,8.41,14.2,16457.0
2026-04-27,10,14839.0,4.46,11.01,5625.0,5068.0,2860.0,450.0,6.38,9.95,6.83,11.17,14002.0
2026-04-27,11,13598.0,4.79,11.41,4635.0,3351.0,1309.0,373.0,4.5,6.51,4.84,7.07,9667.0
2026-04-27,12,9.0,5.09,13.95,4504.0,3082.0,1076.0,331.0,4.09,5.69,4.35,5.96,8994.0
2026-04-27,13,0.0,5.1,14.04,4425.0,3140.0,1156.0,325.0,4.13,5.69,4.36,5.97,9047.0
2026-04-27,14,5.0,5.1,14.02,4467.0,3116.0,1160.0,324.0,4.19,5.74,4.41,6.02,9067.0
2026-04-27,15,5.0,5.11,14.11,4509.0,3130.0,1105.0,327.0,4.18,5.76,4.43,6.03,9072.0
2026-04-27,16,10677.0,5.11,12.82,4885.0,4083.0,1715.0,398.0,4.91,7.28,5.29,8.02,11081.0
2026-04-27,17,11131.0,4.77,12.78,5864.0,5565.0,2848.0,508.0,6.75,10.43,7.2,11.79,14785.0
2026-04-27,18,11236.0,4.05,12.52,6121.0,6084.0,3356.0,518.0,7.64,11.87,8.08,13.46,16079.0
2026-04-27,19,12494.0,3.37,11.94,5995.0,5960.0,3273.0,527.0,7.7,11.78,8.14,13.33,15754.0
2026-04-27,20,13595.0,2.93,11.45,5884.0,5874.0,3384.0,514.0,7.66,11.73,8.1,13.23,15655.0
2026-04-27,21,13521.0,2.6,11.16,5507.0,5341.0,2996.0,493.0,6.74,10.26,7.17,11.56,14338.0
2026-04-27,22,13712.0,2.61,11.57,4461.0,4111.0,1914.0,380.0,4.99,7.27,5.35,8.05,10866.0
2026-04-27,23,7682.0,3.18,13.99,3758.0,3015.0,1344.0,291.0,3.77,5.16,3.95,5.46,8407.0
2026-04-28,0,3077.0,3.77,13.72,3488.0,2965.0,1921.0,278.0,3.11,4.46,3.11,4.71,8652.0
2026-04-28,1,2603.0,4.12,13.64,3430.0,3226.0,1797.0,288.0,3.33,4.65,3.41,4.91,8741.0
2026-04-28,2,2669.0,4.46,14.29,3381.0,3247.0,1898.0,277.0,3.55,4.95,3.68,5.21,8803.0
2026-04-28,3,2756.0,4.82,15.16,3167.0,2931.0,1724.0,256.0,3.39,4.66,3.52,4.9,8078.0
2026-04-28,4,7705.0,5.09,14.16,3980.0,4000.0,2835.0,340.0,4.55,6.87,4.83,7.42,11154.0
2026-04-28,5,16782.0,5.22,12.07,5082.0,5451.0,3725.0,467.0,6.91,10.66,7.3,12.03,14726.0
2026-04-28,6,17488.0,5.32,12.16,5885.0,6187.0,3645.0,537.0,8.14,12.47,8.56,14.12,16254.0
2026-04-28,7,16422.0,5.27,11.67,6104.0,6188.0,3498.0,582.0,8.31,12.65,8.75,14.31,16371.0
2026-04-28,8,15977.0,5.08,11.31,6216.0,6223.0,3580.0,568.0,8.14,12.67,8.59,14.36,16587.0
2026-04-28,9,15789.0,4.86,11.09,6278.0,6103.0,3574.0,536.0,8.09,12.62,8.55,14.3,16490.0
2026-04-28,10,12522.0,4.49,12.45,5722.0,5347.0,2973.0,473.0,6.78,10.53,7.23,11.85,14515.0
2026-04-28,11,10932.0,4.36,13.3,4640.0,3654.0,1548.0,370.0,4.77,6.95,5.16,7.65,10212.0
2026-04-28,12,1287.0,4.43,14.26,4449.0,3174.0,1027.0,321.0,4.21,5.78,4.51,6.06,8971.0
2026-04-28,13,8.0,4.45,14.46,4404.0,3224.0,1086.0,321.0,4.16,5.69,4.4,5.95,9036.0
2026-04-28,14,2.0,4.45,14.57,4464.0,3186.0,1069.0,313.0,4.23,5.77,4.47,6.03,9033.0
2026-04-28,15,-9.0,4.46,14.63,4449.0,3270.0,1021.0,327.0,4.3,5.82,4.55,6.08,9067.0
2026-04-28,16,11627.0,4.53,12.96,4733.0,3952.0,1664.0,392.0,4.75,6.96,5.14,7.67,10742.0
2026-04-28,17,14548.0,4.53,12.13,5784.0,5521.0,2875.0,509.0,6.52,10.11,6.97,11.45,14689.0
2026-04-28,18,13611.0,4.22,12.83,6098.0,6194.0,3301.0,529.0,7.56,11.75,8.02,13.34,16121.0
2026-04-28,19,13800.0,3.83,13.4,6010.0,6056.0,3262.0,506.0,7.59,11.73,8.06,13.28,15834.0
2026-04-28,20,13998.0,3.48,13.49,5893.0,6164.0,3275.0,506.0,7.63,11.66,8.08,13.19,15838.0
2026-04-28,21,14034.0,3.2,13.36,5507.0,5680.0,3053.0,487.0,6.77,10.33,7.18,11.71,14726.0
2026-04-28,22,12239.0,3.18,13.7,4480.0,3985.0,1779.0,363.0,4.71,6.94,5.06,7.72,10606.0
2026-04-28,23,6256.0,3.53,14.05,3823.0,2777.0,1217.0,303.0,3.67,4.99,3.83,5.28,8121.0
2026-04-29,0,3724.0,4.17,14.0,3494.0,2907.0,1830.0,281.0,3.09,4.41,3.12,4.67,8512.0
2026-04-29,1,2722.0,4.56,13.67,3386.0,2870.0,1941.0,276.0,3.18,4.52,3.24,4.78,8473.0
2026-04-29,2,2046.0,4.87,13.57,3344.0,2896.0,1919.0,258.0,3.33,4.69,3.44,4.96,8417.0
2026-04-29,3,1959.0,5.13,13.71,3318.0,2893.0,1845.0,257.0,3.59,4.95,3.73,5.22,8313.0
2026-04-29,4,4476.0,5.29,13.4,3934.0,3864.0,2699.0,333.0,4.51,6.74,4.81,7.16,10830.0
2026-04-29,5,15549.0,5.33,12.44,5039.0,5434.0,3699.0,448.0,6.62,10.21,7.01,11.51,14620.0
2026-04-29,6,16222.0,5.3,11.63,5949.0,6299.0,3756.0,564.0,8.06,12.48,8.48,14.16,16568.0
2026-04-29,7,15954.0,5.11,11.53,6147.0,6270.0,3551.0,584.0,8.28,12.71,8.74,14.4,16551.0
2026-04-29,8,15795.0,4.88,11.3,6258.0,7070.0,3576.0,571.0,8.09,12.63,8.56,14.32,17474.0
2026-04-29,9,15785.0,4.65,11.09,6240.0,6445.0,3608.0,530.0,8.06,12.56,8.55,14.24,16823.0
2026-04-29,10,15298.0,4.52,11.38,5673.0,5508.0,3074.0,484.0,6.57,10.23,7.06,11.57,14739.0
2026-04-29,11,12369.0,4.62,12.66,4884.0,4369.0,1754.0,390.0,4.93,7.33,5.35,8.11,11397.0
2026-04-29,12,104.0,4.64,14.31,4443.0,3535.0,1081.0,331.0,4.21,5.79,4.52,6.1,9390.0
2026-04-29,13,4.0,4.65,14.38,4458.0,3433.0,1128.0,337.0,4.16,5.7,4.41,6.02,9356.0
2026-04-29,14,1.0,4.65,14.47,4526.0,3419.0,1091.0,348.0,4.23,5.78,4.5,6.1,9384.0
2026-04-29,15,-24.0,4.66,14.55,4500.0,3498.0,1055.0,351.0,4.29,5.82,4.57,6.14,9404.0
2026-04-29,16,9454.0,4.61,13.35,4986.0,4488.0,1746.0,416.0,5.04,7.49,5.44,8.28,11636.0
2026-04-29,17,13493.0,4.38,12.28,6080.0,6210.0,3057.0,509.0,7.05,11.03,7.53,12.56,15857.0
2026-04-29,18,13955.0,3.9,12.29,6279.0,6655.0,3480.0,544.0,7.86,12.34,8.33,14.05,16957.0
2026-04-29,19,14315.0,3.49,12.04,6057.0,6376.0,3310.0,538.0,7.81,12.09,8.27,13.71,16280.0
2026-04-29,20,15543.0,3.22,11.28,6013.0,6290.0,3364.0,542.0,7.77,11.89,8.21,13.47,16208.0
2026-04-29,21,15660.0,3.12,10.95,5596.0,5773.0,3025.0,504.0,6.76,10.39,7.2,11.78,14898.0
2026-04-29,22,12817.0,3.25,11.65,4343.0,4277.0,2148.0,400.0,4.64,6.9,4.98,7.68,11168.0
2026-04-29,23,3911.0,3.55,12.93,3754.0,3153.0,1259.0,298.0,3.54,4.83,3.72,5.11,8464.0
2026-04-30,0,3211.0,4.0,12.61,3517.0,3032.0,2004.0,278.0,2.95,4.29,2.94,4.57,8831.0
2026-04-30,1,2508.0,4.37,13.7,3384.0,3154.0,1839.0,269.0,3.16,4.46,3.23,4.74,8647.0
2026-04-30,2,2131.0,4.68,14.46,3242.0,3021.0,1671.0,256.0,3.25,4.44,3.34,4.72,8190.0
2026-04-30,3,2087.0,4.95,15.0,3082.0,2808.0,1482.0,245.0,3.24,4.33,3.35,4.61,7617.0
2026-04-30,4,10184.0,5.18,13.54,3923.0,4197.0,2854.0,348.0,4.48,6.82,4.75,7.55,11323.0
2026-04-30,5,15960.0,5.18,11.67,5231.0,5961.0,3927.0,484.0,7.07,11.02,7.47,12.52,15603.0
2026-04-30,6,17553.0,5.16,12.19,5986.0,6631.0,3912.0,548.0,8.35,12.85,8.76,14.6,17078.0
2026-04-30,7,16784.0,5.09,11.23,6146.0,6621.0,3602.0,632.0,8.46,13.0,8.93,14.73,17002.0
2026-04-30,8,16708.0,4.95,10.98,6279.0,6629.0,3640.0,553.0,8.31,12.92,8.8,14.68,17101.0
2026-04-30,9,16595.0,4.79,10.75,6330.0,6618.0,3679.0,538.0,8.2,12.89,8.68,14.67,17166.0
2026-04-30,10,16442.0,4.71,10.89,5741.0,5704.0,3238.0,480.0,6.9,10.75,7.36,12.17,15163.0
2026-04-30,11,10234.0,4.79,13.86,4724.0,4031.0,1658.0,372.0,4.92,7.19,5.34,7.93,10784.0
2026-04-30,12,446.0,4.71,14.8,4524.0,3415.0,1151.0,312.0,4.23,5.87,4.56,6.23,9403.0
2026-04-30,13,6.0,4.71,14.84,4518.0,3463.0,1162.0,324.0,4.24,5.86,4.54,6.21,9467.0
2026-04-30,14,5.0,4.71,14.82,4523.0,3445.0,1100.0,343.0,4.24,5.84,4.55,6.19,9410.0
2026-04-30,15,-9.0,4.72,14.87,4628.0,3434.0,1140.0,330.0,4.26,5.9,4.58,6.25,9532.0
2026-04-30,16,10814.0,4.81,13.21,4941.0,4342.0,1721.0,417.0,4.96,7.34,5.37,8.11,11421.0
2026-04-30,17,13331.0,4.61,12.84,5936.0,5957.0,3042.0,497.0,6.9,10.7,7.36,12.17,15432.0
2026-04-30,18,14877.0,4.25,12.15,6148.0,6379.0,3446.0,516.0,7.83,12.18,8.28,13.84,16489.0
2026-04-30,19,15015.0,3.98,12.14,5982.0,6229.0,3374.0,505.0,7.87,12.06,8.34,13.66,16090.0
2026-04-30,20,15233.0,3.78,12.36,5810.0,6134.0,3470.0,494.0,7.89,11.89,8.33,13.45,15907.0
2026-04-30,21,14873.0,3.67,11.71,5349.0,5513.0,3152.0,492.0,6.76,10.24,7.18,11.44,14506.0
2026-04-30,22,10113.0,3.84,13.05,4327.0,4004.0,2027.0,364.0,4.66,6.8,5.01,7.46,10722.0
2026-04-30,23,77.0,3.96,16.13,3756.0,2984.0,1313.0,280.0,3.49,4.79,3.66,5.08,8333.0
2026-05-01,0,2611.0,4.15,13.99,3634.0,3310.0,1836.0,269.0,3.14,4.55,3.23,4.85,9048.0
2026-05-01,1,2645.0,4.48,14.54,3447.0,3109.0,1728.0,267.0,3.24,4.52,3.33,4.81,8551.0
2026-05-01,2,2587.0,4.83,16.23,3262.0,2967.0,1489.0,263.0,3.26,4.44,3.4,4.74,7980.0
2026-05-01,3,2527.0,5.16,16.9,3181.0,2862.0,1394.0,244.0,3.34,4.46,3.48,4.76,7681.0
2026-05-01,4,9487.0,5.37,18.03,4101.0,4371.0,2861.0,350.0,4.68,7.13,4.99,7.93,11683.0
2026-05-01,5,15654.0,5.34,14.4,5245.0,5889.0,3656.0,463.0,6.85,10.59,7.24,12.09,15252.0
2026-05-01,6,16160.0,5.25,13.89,5789.0,6395.0,3588.0,519.0,8.06,12.24,8.49,13.88,16290.0
2026-05-01,7,16070.0,5.14,12.24,5987.0,6377.0,3423.0,580.0,8.43,12.61,8.88,14.24,16366.0
2026-05-01,8,15819.0,4.98,11.75,6108.0,6450.0,3460.0,555.0,8.25,12.58,8.73,14.25,16573.0
2026-05-01,9,15582.0,4.77,11.27,6174.0,6461.0,3408.0,538.0,8.19,12.53,8.67,14.21,16580.0
2026-05-01,10,15436.0,4.69,11.0,5259.0,5147.0,2634.0,452.0,6.32,9.42,6.76,10.6,13492.0
2026-05-01,11,9665.0,5.09,12.18,4359.0,3710.0,1326.0,354.0,4.66,6.46,5.06,7.03,9749.0
2026-05-01,12,8.0,5.23,14.35,4341.0,3448.0,1086.0,347.0,4.36,5.91,4.71,6.26,9222.0
2026-05-01,13,8.0,5.23,15.01,4395.0,3545.0,1115.0,352.0,4.47,6.07,4.84,6.41,9407.0
2026-05-01,14,6.0,5.24,15.12,4344.0,3476.0,1086.0,330.0,4.4,5.99,4.78,6.3,9237.0
2026-05-01,15,-16.0,5.24,15.16,4434.0,3440.0,1046.0,334.0,4.44,6.01,4.78,6.31,9254.0
2026-05-01,16,11282.0,5.3,14.04,4678.0,3897.0,1340.0,371.0,4.91,6.97,5.34,7.69,10285.0
2026-05-01,17,12008.0,5.23,13.62,5501.0,5149.0,2490.0,472.0,6.63,9.78,7.08,10.99,13612.0
2026-05-01,18,12019.0,4.78,13.46,5807.0,5580.0,2923.0,489.0,7.55,11.17,8.01,12.62,14799.0
2026-05-01,19,12584.0,4.36,14.35,5634.0,5641.0,2944.0,487.0,7.52,11.05,7.97,12.45,14706.0
2026-05-01,20,12989.0,4.04,14.99,5543.0,5531.0,2902.0,481.0,7.53,10.96,7.97,12.32,14456.0
2026-05-01,21,13377.0,3.86,15.86,5015.0,4865.0,2624.0,438.0,6.34,9.32,6.77,10.37,12943.0
2026-05-01,22,6713.0,3.93,18.37,4043.0,3657.0,1701.0,357.0,4.58,6.41,4.94,6.96,9758.0
2026-05-01,23,184.0,3.96,20.98,3701.0,2905.0,1358.0,285.0,3.7,5.06,3.92,5.37,8250.0
2026-05-02,0,2523.0,4.16,16.97,3542.0,3135.0,1949.0,270.0,3.17,4.58,3.27,4.91,8896.0
2026-05-02,1,2435.0,4.48,16.37,3430.0,3098.0,1805.0,259.0,3.26,4.57,3.37,4.89,8593.0
2026-05-02,2,2485.0,4.8,17.25,3192.0,2831.0,1475.0,244.0,3.25,4.37,3.38,4.69,7741.0
2026-05-02,3,2488.0,5.13,17.67,3125.0,2809.0,1432.0,242.0,3.4,4.5,3.56,4.81,7607.0
2026-05-02,4,4546.0,5.39,17.29,4018.0,4161.0,2723.0,348.0,4.66,6.91,4.98,7.33,11251.0
2026-05-02,5,14700.0,5.51,14.05,4962.0,5623.0,3343.0,436.0,6.59,9.87,6.99,11.17,14364.0
2026-05-02,6,15847.0,5.58,14.83,5474.0,6138.0,3360.0,511.0,7.99,11.64,8.43,13.17,15484.0
2026-05-02,7,14531.0,5.45,12.64,5673.0,5885.0,3152.0,498.0,8.35,11.99,8.8,13.54,15209.0
2026-05-02,8,14326.0,5.25,12.06,5708.0,5921.0,3196.0,495.0,8.19,11.86,8.63,13.42,15320.0
2026-05-02,9,14206.0,5.01,11.69,5758.0,5809.0,3253.0,498.0,7.94,11.75,8.38,13.29,15317.0
2026-05-02,10,13445.0,4.82,11.74,5230.0,5030.0,2725.0,464.0,6.49,9.59,6.93,10.82,13447.0
2026-05-02,11,7930.0,4.67,14.06,4349.0,3445.0,1559.0,359.0,4.72,6.64,5.13,7.33,9712.0
2026-05-02,12,14.0,4.46,14.2,4329.0,3228.0,1063.0,342.0,4.3,5.83,4.68,6.19,8962.0
2026-05-02,13,5.0,4.47,14.14,4438.0,3281.0,907.0,335.0,4.28,5.8,4.65,6.17,8960.0
2026-05-02,14,6.0,4.47,14.27,4464.0,3249.0,997.0,328.0,4.34,5.9,4.72,6.27,9038.0
2026-05-02,15,-17.0,4.48,14.39,4381.0,3243.0,1026.0,349.0,4.49,6.0,4.85,6.37,8999.0
2026-05-02,16,8180.0,4.46,13.83,4557.0,3731.0,1254.0,357.0,4.86,6.79,5.28,7.46,9899.0
2026-05-02,17,13783.0,4.43,12.25,5362.0,5138.0,2361.0,436.0,6.49,9.5,6.95,10.68,13297.0
2026-05-02,18,14554.0,4.3,11.72,5803.0,5830.0,3096.0,490.0,7.66,11.42,8.13,12.98,15219.0
2026-05-02,19,14594.0,4.12,11.7,5684.0,5837.0,3074.0,494.0,7.66,11.32,8.13,12.85,15089.0
2026-05-02,20,14573.0,3.96,11.52,5580.0,5693.0,3147.0,534.0,7.69,11.28,8.14,12.77,14955.0
2026-05-02,21,14354.0,3.85,11.45,5247.0,5266.0,2943.0,455.0,6.84,10.03,7.26,11.37,13911.0
2026-05-02,22,10603.0,3.8,13.78,4247.0,3969.0,1867.0,358.0,5.04,7.16,5.44,7.97,10440.0
2026-05-02,23,3964.0,3.99,15.82,4178.0,2238.0,2495.0,316.0,4.39,6.39,4.72,6.73,9227.0
2026-05-03,0,2193.0,4.35,14.66,4028.0,2448.0,2345.0,303.0,3.68,5.65,3.9,5.98,9124.0
2026-05-03,1,2010.0,4.62,14.51,3850.0,2658.0,2107.0,318.0,3.77,5.86,3.98,6.19,8933.0
2026-05-03,2,2048.0,4.88,14.92,3740.0,2736.0,2019.0,297.0,3.93,6.01,4.21,6.35,8791.0
2026-05-03,3,1661.0,5.13,15.34,3515.0,2836.0,2057.0,288.0,4.04,5.99,4.36,6.33,8696.0
2026-05-03,4,8714.0,5.29,16.68,3818.0,3533.0,2797.0,338.0,4.48,7.2,4.8,7.9,10486.0
2026-05-03,5,13416.0,5.15,13.95,4608.0,5212.0,3212.0,438.0,6.15,9.57,6.53,10.73,13470.0
2026-05-03,6,17911.0,5.34,13.29,5362.0,5809.0,3192.0,483.0,7.7,11.15,8.12,12.7,14847.0
2026-05-03,7,15575.0,5.45,12.01,5528.0,6198.0,3001.0,513.0,8.05,12.08,8.5,13.68,15240.0
2026-05-03,8,15218.0,5.34,11.49,5731.0,6092.0,3279.0,527.0,8.09,11.89,8.57,13.51,15629.0
2026-05-03,9,15060.0,5.17,11.22,5902.0,6154.0,3327.0,561.0,7.87,11.81,8.36,13.45,15944.0
2026-05-03,10,13118.0,4.99,11.77,5338.0,5238.0,2845.0,452.0,6.48,9.73,6.97,11.01,13873.0
2026-05-03,11,6790.0,4.71,13.92,4404.0,3672.0,1298.0,357.0,4.7,6.59,5.12,7.26,9732.0
2026-05-03,12,0.0,4.62,14.01,4358.0,3336.0,883.0,345.0,4.34,5.81,4.73,6.19,8922.0
2026-05-03,13,8.0,4.63,14.2,4396.0,3281.0,959.0,338.0,4.36,5.86,4.74,6.25,8974.0
2026-05-03,14,4.0,4.63,14.45,4437.0,3343.0,981.0,330.0,4.44,5.95,4.82,6.34,9091.0
2026-05-03,15,-17.0,4.64,14.5,4423.0,3401.0,940.0,326.0,4.49,6.0,4.87,6.4,9089.0
2026-05-03,16,9730.0,4.69,13.3,4679.0,4024.0,1474.0,369.0,5.01,7.06,5.42,7.8,10546.0
2026-05-03,17,12472.0,4.59,13.08,5465.0,5384.0,2708.0,456.0,6.58,9.76,7.04,11.11,14013.0
2026-05-03,18,13643.0,4.21,12.42,5888.0,5975.0,3280.0,498.0,7.64,11.46,8.11,13.15,15642.0
2026-05-03,19,14082.0,3.92,12.39,5612.0,5728.0,3171.0,511.0,7.66,11.24,8.1,12.83,15023.0
2026-05-03,20,14314.0,3.71,12.84,5600.0,5663.0,3144.0,497.0,7.51,11.08,7.97,12.66,14904.0
2026-05-03,21,14186.0,3.5,12.26,5403.0,5573.0,3170.0,464.0,7.02,10.49,7.46,12.03,14610.0
2026-05-03,22,14332.0,3.53,12.48,4619.0,4693.0,2617.0,391.0,5.64,8.31,6.04,9.35,12320.0
2026-05-03,23,14633.0,3.68,13.16,4527.0,4814.0,3032.0,395.0,5.36,8.2,5.74,9.3,12769.0
2026-05-04,0,14644.0,3.81,13.19,4468.0,4845.0,3360.0,371.0,4.79,7.8,5.13,8.92,13044.0
2026-05-04,1,15640.0,4.0,13.39,4403.0,4892.0,3276.0,380.0,5.35,8.23,5.71,9.36,12952.0
2026-05-04,2,15231.0,4.24,12.98,4273.0,4844.0,3196.0,363.0,5.65,8.45,6.02,9.58,12675.0
2026-05-04,3,13463.0,4.53,14.54,3599.0,3721.0,2685.0,279.0,4.02,5.66,4.29,6.45,10285.0
2026-05-04,4,14541.0,4.92,15.66,3862.0,4188.0,2751.0,322.0,4.58,6.66,4.91,7.54,11123.0
2026-05-04,5,15044.0,5.17,13.26,4882.0,5616.0,3413.0,427.0,6.4,9.76,6.78,11.17,14337.0
2026-05-04,6,14877.0,5.01,12.93,5498.0,6413.0,3495.0,512.0,7.94,11.74,8.36,13.47,15919.0
2026-05-04,7,14813.0,4.79,12.6,5786.0,6240.0,3273.0,563.0,8.26,12.16,8.71,13.88,15862.0
2026-05-04,8,14450.0,4.51,11.75,5957.0,6053.0,3338.0,523.0,7.95,12.07,8.43,13.8,15870.0
2026-05-04,9,14374.0,4.2,11.38,6009.0,6064.0,3280.0,506.0,7.79,11.86,8.27,13.59,15860.0
2026-05-04,10,14046.0,3.95,11.26,5503.0,5293.0,2860.0,486.0,6.53,10.06,7.01,11.4,14142.0
2026-05-04,11,11163.0,3.91,12.55,4513.0,3769.0,1549.0,380.0,4.76,6.88,5.19,7.64,10211.0
2026-05-04,12,3025.0,4.13,12.92,4254.0,3092.0,934.0,306.0,4.05,5.53,4.42,5.93,8586.0
2026-05-04,13,241.0,4.31,13.86,4386.0,3241.0,1037.0,311.0,4.14,5.66,4.49,6.06,8974.0
2026-05-04,14,-9.0,4.32,13.96,4379.0,3242.0,978.0,320.0,4.18,5.72,4.55,6.1,8919.0
2026-05-04,15,-4.0,4.32,14.06,4382.0,3307.0,894.0,340.0,4.25,5.74,4.59,6.13,8923.0
2026-05-04,16,11834.0,4.38,12.68,4722.0,4011.0,1543.0,402.0,4.8,6.93,5.21,7.72,10677.0
2026-05-04,17,14629.0,4.51,11.96,5500.0,5318.0,2659.0,466.0,6.47,9.69,6.91,11.07,13942.0
2026-05-04,18,14640.0,4.37,12.1,5770.0,5873.0,3090.0,493.0,7.58,11.33,8.05,12.98,15227.0
2026-05-04,19,14589.0,4.2,11.94,5625.0,5773.0,2990.0,483.0,7.6,11.14,8.04,12.74,14870.0
2026-05-04,20,14607.0,4.06,11.83,5560.0,5699.0,3030.0,492.0,7.56,11.06,7.99,12.63,14781.0
2026-05-04,21,14560.0,3.98,11.83,5074.0,5117.0,2900.0,446.0,6.43,9.62,6.85,10.85,13536.0
2026-05-04,22,7490.0,4.03,15.29,4173.0,3941.0,2038.0,360.0,4.72,6.82,5.09,7.54,10512.0
2026-05-04,23,-6.0,4.0,17.06,3594.0,2751.0,1191.0,282.0,3.6,4.86,3.82,5.21,7818.0
2026-05-05,0,2336.0,4.15,15.46,3396.0,2934.0,1630.0,260.0,3.12,4.4,3.26,4.76,8221.0
2026-05-05,1,2361.0,4.46,15.17,3318.0,2961.0,1577.0,271.0,3.24,4.48,3.4,4.84,8125.0
2026-05-05,2,2377.0,4.76,15.83,3083.0,2783.0,1232.0,236.0,3.23,4.23,3.37,4.58,7335.0
2026-05-05,3,2461.0,5.08,17.2,3112.0,2957.0,1263.0,239.0,3.45,4.55,3.66,4.91,7572.0
2026-05-05,4,7726.0,5.33,16.7,3848.0,4173.0,2678.0,332.0,4.56,6.75,4.89,7.31,11031.0
2026-05-05,5,14653.0,5.4,12.74,5039.0,5929.0,3724.0,469.0,6.92,10.56,7.3,12.1,15161.0
2026-05-05,6,16467.0,5.3,12.92,5805.0,6713.0,3812.0,575.0,8.32,12.72,8.75,14.57,16904.0
2026-05-05,7,15848.0,5.11,11.97,5960.0,6596.0,3606.0,567.0,8.58,12.88,9.03,14.7,16730.0
2026-05-05,8,15548.0,4.89,11.4,6057.0,6568.0,3596.0,580.0,8.37,12.77,8.83,14.59,16800.0
2026-05-05,9,15347.0,4.65,10.98,6087.0,6520.0,3555.0,524.0,8.35,12.77,8.83,14.58,16685.0
2026-05-05,10,15359.0,4.48,10.79,5445.0,5472.0,2952.0,457.0,6.71,10.19,7.17,11.58,14327.0
2026-05-05,11,11651.0,4.86,11.65,4473.0,3605.0,1387.0,354.0,4.57,6.54,5.0,7.19,9820.0
2026-05-05,12,2.0,5.08,13.87,4381.0,3347.0,1002.0,321.0,4.15,5.72,4.54,6.12,9051.0
2026-05-05,13,5.0,5.09,13.97,4425.0,3349.0,928.0,337.0,4.15,5.68,4.48,6.08,9040.0
2026-05-05,14,6.0,5.09,14.15,4498.0,3317.0,992.0,326.0,4.18,5.75,4.51,6.15,9134.0
2026-05-05,15,12.0,5.1,14.73,4484.0,3449.0,1091.0,330.0,4.28,5.91,4.65,6.32,9354.0
2026-05-05,16,11301.0,5.15,13.45,4705.0,4194.0,1660.0,412.0,4.81,7.07,5.23,7.93,10971.0
2026-05-05,17,12182.0,4.96,13.29,5616.0,5846.0,2915.0,482.0,6.67,10.18,7.12,11.7,14859.0
2026-05-05,18,12387.0,4.4,13.34,6005.0,6515.0,3416.0,518.0,7.93,12.11,8.37,13.91,16454.0
2026-05-05,19,12519.0,3.83,13.14,5880.0,6264.0,3346.0,519.0,7.93,11.92,8.36,13.61,16009.0
2026-05-05,20,14836.0,3.45,11.89,5766.0,6226.0,3274.0,507.0,7.84,11.76,8.29,13.44,15772.0
2026-05-05,21,14939.0,3.29,11.64,5485.0,5999.0,3268.0,483.0,7.11,10.82,7.56,12.41,15234.0
2026-05-05,22,14497.0,3.35,11.96,4409.0,4750.0,2404.0,412.0,5.11,7.58,5.51,8.58,11975.0
2026-05-05,23,5664.0,3.82,15.23,3832.0,3461.0,1459.0,311.0,3.74,5.26,4.02,5.67,9063.0
2026-05-06,0,2166.0,4.22,15.36,3515.0,3319.0,2013.0,272.0,3.05,4.49,3.15,4.86,9120.0
2026-05-06,1,1936.0,4.48,14.24,3360.0,3239.0,1844.0,258.0,3.16,4.5,3.31,4.87,8701.0
2026-05-06,2,1904.0,4.73,13.84,3258.0,3173.0,1785.0,249.0,3.31,4.63,3.5,5.0,8465.0
2026-05-06,3,1931.0,4.98,14.16,3270.0,3259.0,1768.0,249.0,3.47,4.78,3.66,5.15,8546.0
2026-05-06,4,5607.0,5.22,13.05,3871.0,4202.0,2592.0,322.0,4.41,6.54,4.73,7.06,10987.0
2026-05-06,5,14571.0,5.21,10.84,5067.0,5997.0,3734.0,463.0,6.96,10.7,7.33,12.29,15261.0
2026-05-06,6,16191.0,5.07,10.6,5838.0,6756.0,3754.0,556.0,8.23,12.73,8.65,14.62,16904.0
2026-05-06,7,15632.0,4.82,9.82,6049.0,6732.0,3535.0,588.0,8.56,12.97,9.04,14.82,16905.0
2026-05-06,8,16392.0,4.6,10.47,6173.0,6733.0,3731.0,567.0,8.35,12.9,8.79,14.77,17203.0
2026-05-06,9,16412.0,4.4,10.28,6314.0,6735.0,3718.0,565.0,8.25,12.92,8.71,14.81,17332.0
2026-05-06,10,16499.0,4.34,10.36,5517.0,5477.0,2894.0,492.0,6.55,10.03,7.01,11.46,14381.0
2026-05-06,11,10743.0,4.86,11.62,4382.0,3398.0,1199.0,349.0,4.26,6.06,4.65,6.64,9329.0
2026-05-06,12,6.0,5.14,13.84,4377.0,3339.0,1091.0,320.0,4.06,5.6,4.41,6.01,9127.0
2026-05-06,13,2.0,5.14,14.0,4359.0,3375.0,1097.0,324.0,4.1,5.61,4.44,6.05,9154.0
2026-05-06,14,8.0,5.15,14.23,4431.0,3378.0,986.0,341.0,4.2,5.73,4.55,6.18,9135.0
2026-05-06,15,-7.0,5.16,14.4,4443.0,3242.0,1082.0,360.0,4.15,5.71,4.53,6.16,9126.0
2026-05-06,16,11926.0,5.23,12.53,4753.0,3931.0,1642.0,402.0,4.79,6.99,5.21,7.89,10729.0
2026-05-06,17,11769.0,5.12,12.76,5734.0,5602.0,2818.0,490.0,6.79,10.28,7.23,11.79,14645.0
2026-05-06,18,11124.0,4.41,12.93,5974.0,6169.0,3408.0,535.0,7.82,11.99,8.27,13.77,16086.0
2026-05-06,19,11388.0,3.67,12.6,5889.0,6046.0,3281.0,532.0,7.77,11.86,8.23,13.57,15747.0
2026-05-06,20,14840.0,3.21,11.2,5826.0,6057.0,3406.0,538.0,7.81,11.84,8.27,13.56,15828.0
2026-05-06,21,14723.0,3.03,11.1,5406.0,5413.0,3067.0,502.0,6.88,10.38,7.32,11.88,14388.0
2026-05-06,22,15265.0,3.18,12.03,4418.0,4233.0,2142.0,409.0,4.93,7.21,5.32,8.2,11201.0
2026-05-06,23,7325.0,3.85,14.52,3797.0,3004.0,1283.0,298.0,3.65,5.05,3.92,5.52,8382.0
2026-05-07,0,2215.0,4.28,13.42,3418.0,2990.0,1777.0,281.0,2.98,4.23,3.08,4.62,8466.0
2026-05-07,1,1860.0,4.54,12.93,3344.0,3202.0,1786.0,263.0,3.11,4.37,3.25,4.78,8594.0
2026-05-07,2,1882.0,4.78,13.24,3317.0,3246.0,1787.0,267.0,3.4,4.65,3.57,5.07,8616.0
2026-05-07,3,1930.0,5.03,13.8,3148.0,3134.0,1560.0,260.0,3.44,4.6,3.65,5.02,8101.0
2026-05-07,4,4791.0,5.25,13.05,3837.0,4099.0,2654.0,334.0,4.31,6.37,4.62,6.93,10924.0
2026-05-07,5,15665.0,5.31,10.87,5113.0,5718.0,3758.0,477.0,6.82,10.58,7.21,12.17,15065.0
2026-05-07,6,16825.0,5.26,11.46,5898.0,6442.0,3828.0,600.0,8.2,12.63,8.63,14.51,16768.0
2026-05-07,7,16337.0,5.09,10.77,6150.0,6467.0,3530.0,639.0,8.52,13.01,8.97,14.85,16787.0
2026-05-07,8,15849.0,4.87,10.08,6215.0,6496.0,3672.0,560.0,8.39,12.95,8.84,14.88,16943.0
2026-05-07,9,15275.0,4.56,9.97,6243.0,6479.0,3630.0,544.0,8.17,12.77,8.65,14.68,16896.0
2026-05-07,10,14465.0,4.26,10.46,5633.0,5643.0,3157.0,485.0,6.8,10.56,7.24,12.1,14918.0
2026-05-07,11,10549.0,4.2,12.8,4487.0,3714.0,1508.0,372.0,4.64,6.64,5.07,7.52,10081.0
2026-05-07,12,2326.0,4.39,13.52,4330.0,3198.0,845.0,337.0,4.1,5.5,4.5,6.02,8709.0
2026-05-07,13,3.0,4.45,14.6,4498.0,3370.0,955.0,340.0,4.15,5.68,4.55,6.19,9164.0
2026-05-07,14,6.0,4.45,14.73,4490.0,3331.0,951.0,337.0,4.27,5.81,4.63,6.29,9108.0
2026-05-07,15,9.0,4.46,14.76,4459.0,3417.0,1045.0,330.0,4.27,5.82,4.66,6.31,9252.0
2026-05-07,16,10910.0,4.43,13.48,4782.0,4029.0,1746.0,397.0,4.84,7.02,5.27,7.94,10954.0
2026-05-07,17,14530.0,4.44,11.92,5698.0,5621.0,2987.0,505.0,6.73,10.35,7.19,11.89,14811.0
2026-05-07,18,14746.0,4.18,12.05,5970.0,6190.0,3382.0,526.0,7.9,12.04,8.38,13.81,16068.0
2026-05-07,19,14980.0,3.92,12.21,5871.0,6373.0,3388.0,529.0,7.98,11.99,8.42,13.72,16160.0
2026-05-07,20,15194.0,3.72,12.35,5793.0,6344.0,3314.0,539.0,7.95,11.88,8.39,13.59,15989.0
2026-05-07,21,13967.0,3.51,13.02,5418.0,5610.0,3138.0,510.0,7.02,10.62,7.45,12.19,14676.0
2026-05-07,22,11902.0,3.4,13.67,4296.0,4117.0,2094.0,366.0,4.79,7.01,5.16,7.98,10873.0
2026-05-07,23,6085.0,3.45,13.0,3636.0,2764.0,1226.0,272.0,3.32,4.58,3.56,5.12,7898.0
2026-05-08,0,3683.0,3.82,13.7,3462.0,3039.0,1959.0,271.0,2.98,4.3,3.07,4.75,8731.0
2026-05-08,1,2923.0,4.18,14.08,3317.0,2838.0,1792.0,271.0,3.03,4.27,3.19,4.71,8218.0
2026-05-08,2,3411.0,4.61,14.44,3167.0,2597.0,1526.0,248.0,3.14,4.23,3.3,4.68,7537.0
2026-05-08,3,2437.0,5.01,15.39,3097.0,2705.0,1453.0,267.0,3.26,4.32,3.46,4.78,7523.0
2026-05-08,4,6563.0,5.27,15.35,3883.0,3988.0,2698.0,330.0,4.5,6.7,4.85,7.32,10899.0
2026-05-08,5,16348.0,5.4,13.23,5079.0,5692.0,3894.0,474.0,6.77,10.61,7.15,12.25,15138.0
2026-05-08,6,17141.0,5.36,11.93,5840.0,6500.0,4000.0,550.0,8.28,12.83,8.71,14.74,16890.0
2026-05-08,7,16830.0,5.27,11.48,6047.0,6650.0,3528.0,605.0,8.6,13.03,9.06,14.88,16830.0
2026-05-08,8,16350.0,5.13,10.77,6076.0,6719.0,3592.0,531.0,8.51,12.94,8.92,14.81,16918.0
2026-05-08,9,15012.0,4.9,11.16,6154.0,6587.0,3539.0,525.0,8.27,12.71,8.75,14.56,16805.0
2026-05-08,10,14374.0,4.64,11.49,5606.0,5454.0,2912.0,492.0,6.77,10.38,7.22,11.84,14464.0
2026-05-08,11,9656.0,4.52,13.75,4550.0,3683.0,1587.0,371.0,4.66,6.61,5.07,7.47,10191.0
2026-05-08,12,986.0,4.53,14.1,4431.0,3200.0,1047.0,325.0,4.2,5.72,4.57,6.19,9002.0
2026-05-08,13,-3.0,4.54,14.26,4390.0,3159.0,1012.0,328.0,4.1,5.61,4.48,6.05,8889.0
2026-05-08,14,0.0,4.55,14.29,4416.0,3182.0,938.0,328.0,4.11,5.61,4.49,6.05,8864.0
2026-05-08,15,7.0,4.55,14.62,4381.0,3229.0,1061.0,353.0,4.16,5.65,4.54,6.1,9024.0
2026-05-08,16,11068.0,4.58,13.27,4723.0,3884.0,1613.0,398.0,4.78,6.94,5.2,7.85,10618.0
2026-05-08,17,14427.0,4.55,11.83,5652.0,5764.0,2882.0,485.0,6.77,10.24,7.22,11.75,14784.0
2026-05-08,18,14549.0,4.29,11.76,5942.0,6142.0,3414.0,513.0,7.85,12.05,8.32,13.8,16011.0
2026-05-08,19,14669.0,4.02,11.87,5757.0,6169.0,3335.0,525.0,7.96,11.87,8.4,13.57,15787.0
2026-05-08,20,14828.0,3.8,11.84,5713.0,5930.0,3257.0,534.0,7.91,11.8,8.36,13.47,15434.0
2026-05-08,21,14731.0,3.66,11.61,5241.0,5377.0,3066.0,470.0,6.9,10.31,7.3,11.65,14154.0
2026-05-08,22,10467.0,3.81,12.18,4187.0,3948.0,1880.0,369.0,4.89,6.91,5.29,7.73,10384.0
2026-05-08,23,-2.0,3.97,16.32,3633.0,2806.0,922.0,283.0,3.49,4.62,3.78,5.07,7644.0
2026-05-09,0,2742.0,4.15,16.03,3522.0,3076.0,2056.0,295.0,2.9,4.34,3.02,4.8,8948.0
2026-05-09,1,2672.0,4.52,16.33,3354.0,2785.0,1809.0,277.0,3.0,4.24,3.14,4.7,8224.0
2026-05-09,2,2571.0,4.85,17.16,3154.0,2692.0,1450.0,248.0,3.1,4.16,3.27,4.62,7544.0
2026-05-09,3,2577.0,5.19,17.63,3126.0,2796.0,1545.0,251.0,3.27,4.33,3.45,4.8,7718.0
2026-05-09,4,5695.0,5.47,18.89,3929.0,4095.0,2639.0,334.0,4.4,6.56,4.73,7.16,10997.0
2026-05-09,5,14160.0,5.47,13.62,4962.0,5497.0,3455.0,438.0,6.43,9.84,6.83,11.31,14352.0
2026-05-09,6,16279.0,5.49,12.73,5528.0,6027.0,3312.0,523.0,7.91,11.73,8.35,13.43,15389.0
2026-05-09,7,14844.0,5.37,12.35,5657.0,6302.0,3196.0,514.0,8.39,12.13,8.83,13.83,15669.0
2026-05-09,8,14623.0,5.13,11.99,5841.0,6378.0,3226.0,524.0,8.12,12.07,8.57,13.81,15968.0
2026-05-09,9,14529.0,4.83,11.62,5982.0,6459.0,3304.0,558.0,8.02,12.13,8.48,13.91,16304.0
2026-05-09,10,14461.0,4.6,11.44,5407.0,5202.0,2769.0,497.0,6.44,9.69,6.89,11.1,13875.0
2026-05-09,11,7813.0,4.67,13.02,4409.0,3596.0,1332.0,371.0,4.53,6.31,4.95,7.05,9707.0
2026-05-09,12,2515.0,4.95,13.23,4296.0,3186.0,869.0,315.0,4.11,5.49,4.51,6.0,8665.0
2026-05-09,13,1822.0,5.26,13.55,4364.0,3213.0,911.0,318.0,4.11,5.52,4.49,6.03,8806.0
2026-05-09,14,-5.0,5.35,14.2,4452.0,3306.0,956.0,355.0,4.23,5.68,4.61,6.18,9068.0
2026-05-09,15,-3.0,5.35,14.42,4408.0,3294.0,1019.0,357.0,4.17,5.68,4.59,6.19,9078.0
2026-05-09,16,10782.0,5.41,13.59,4642.0,3936.0,1385.0,386.0,4.75,6.74,5.15,7.61,10348.0
2026-05-09,17,11780.0,5.28,13.21,5392.0,5295.0,2439.0,471.0,6.44,9.55,6.9,10.87,13597.0
2026-05-09,18,11903.0,4.78,13.17,5802.0,5894.0,3068.0,524.0,7.5,11.26,7.97,12.91,15288.0
2026-05-09,19,12023.0,4.26,13.05,5651.0,5748.0,3029.0,517.0,7.55,11.13,7.99,12.71,14945.0
2026-05-09,20,12122.0,3.78,13.04,5574.0,5634.0,3127.0,486.0,7.45,11.04,7.91,12.63,14822.0
2026-05-09,21,12727.0,3.39,14.07,5269.0,5238.0,2926.0,524.0,6.59,9.81,7.02,11.24,13957.0
2026-05-09,22,13019.0,3.33,14.83,4279.0,4220.0,2104.0,382.0,4.89,7.08,5.29,8.09,10985.0
2026-05-09,23,7178.0,3.73,17.01,3720.0,3120.0,1360.0,305.0,3.59,5.04,3.91,5.62,8505.0
2026-05-10,0,2601.0,4.15,15.95,3393.0,2874.0,1767.0,263.0,2.86,4.12,3.01,4.6,8298.0
2026-05-10,1,1904.0,4.44,14.52,3248.0,2852.0,1514.0,254.0,2.99,4.08,3.16,4.55,7869.0
2026-05-10,2,1922.0,4.69,15.47,3251.0,3036.0,1513.0,257.0,3.31,4.46,3.54,4.93,8058.0
2026-05-10,3,2090.0,4.95,17.93,3386.0,3318.0,1716.0,268.0,3.58,4.96,3.9,5.44,8689.0
2026-05-10,4,5214.0,5.27,17.51,3832.0,4023.0,2534.0,342.0,4.31,6.29,4.62,6.84,10731.0
2026-05-10,5,14588.0,5.46,14.68,4740.0,5426.0,3388.0,439.0,6.42,9.6,6.81,11.01,13993.0
2026-05-10,6,15124.0,5.46,13.48,5318.0,5974.0,3239.0,497.0,7.84,11.37,8.28,13.0,15028.0
2026-05-10,7,14502.0,5.26,12.38,5587.0,6109.0,3216.0,505.0,8.36,12.1,8.81,13.79,15416.0
2026-05-10,8,14339.0,5.03,11.98,5715.0,5939.0,3266.0,524.0,8.02,11.89,8.47,13.56,15444.0
2026-05-10,9,14274.0,4.74,11.58,5864.0,5989.0,3326.0,529.0,7.8,11.83,8.28,13.54,15708.0
2026-05-10,10,14185.0,4.49,11.27,5424.0,5348.0,2908.0,480.0,6.57,9.97,7.03,11.45,14159.0
2026-05-10,11,10352.0,4.55,12.47,4352.0,3767.0,1429.0,372.0,4.68,6.57,5.1,7.4,9920.0
2026-05-10,12,6.0,4.64,13.98,4233.0,3349.0,999.0,335.0,4.23,5.66,4.66,6.17,8916.0
2026-05-10,13,-2.0,4.64,14.23,4210.0,3365.0,1030.0,364.0,4.31,5.73,4.72,6.24,8969.0
2026-05-10,14,5.0,4.65,14.26,4275.0,3413.0,999.0,336.0,4.4,5.81,4.8,6.34,9023.0
2026-05-10,15,-5.0,4.65,14.34,4252.0,3417.0,1021.0,332.0,4.45,5.87,4.85,6.39,9021.0
2026-05-10,16,10859.0,4.74,12.91,4486.0,3980.0,1328.0,385.0,5.04,6.95,5.46,7.79,10179.0
2026-05-10,17,13093.0,4.79,12.42,5256.0,5355.0,2624.0,482.0,6.8,9.87,7.25,11.25,13717.0
2026-05-10,18,13140.0,4.46,12.33,5617.0,5918.0,3113.0,507.0,7.71,11.39,8.14,13.03,15155.0
2026-05-10,19,13429.0,4.1,12.61,5605.0,5829.0,3145.0,511.0,7.64,11.28,8.1,12.9,15089.0
2026-05-10,20,13480.0,3.78,12.5,5527.0,5772.0,3175.0,506.0,7.52,11.15,7.96,12.74,14980.0
2026-05-10,21,13484.0,3.52,12.33,5163.0,5338.0,2979.0,485.0,6.71,9.94,7.12,11.39,13966.0
2026-05-10,22,13463.0,3.53,12.34,4186.0,4200.0,2155.0,375.0,4.91,7.09,5.3,8.07,10916.0
2026-05-10,23,4185.0,3.96,14.15,3573.0,3041.0,1460.0,329.0,3.67,5.01,4.0,5.49,8403.0
2026-05-11,0,3531.0,4.41,15.96,3527.0,3361.0,1987.0,288.0,3.26,4.73,3.5,5.22,9163.0
2026-05-11,1,3337.0,4.86,14.53,3393.0,3243.0,1774.0,290.0,3.34,4.63,3.57,5.1,8700.0
2026-05-11,2,2863.0,5.29,14.99,3238.0,3171.0,1619.0,263.0,3.46,4.71,3.76,5.19,8291.0
2026-05-11,3,807.0,5.5,18.18,3105.0,2995.0,1159.0,248.0,3.6,4.66,3.93,5.14,7507.0
2026-05-11,4,8566.0,5.43,19.12,3754.0,3994.0,2550.0,347.0,4.53,6.66,4.87,7.56,10644.0
2026-05-11,5,14692.0,5.29,13.98,5017.0,5762.0,3847.0,472.0,6.95,10.73,7.34,12.39,15099.0
2026-05-11,6,15045.0,5.02,12.87,5766.0,6524.0,3932.0,533.0,8.39,12.78,8.81,14.71,16754.0
2026-05-11,7,14562.0,4.62,10.96,5997.0,6530.0,3583.0,566.0,8.72,13.05,9.15,14.93,16676.0
2026-05-11,8,14434.0,4.22,10.41,6013.0,6319.0,3548.0,547.0,8.44,12.84,8.89,14.7,16426.0
2026-05-11,9,14492.0,3.82,10.17,6059.0,6245.0,3507.0,536.0,8.27,12.67,8.73,14.5,16347.0
2026-05-11,10,14818.0,3.54,10.4,5491.0,5411.0,3022.0,489.0,6.75,10.3,7.19,11.79,14413.0
2026-05-11,11,14760.0,3.81,11.5,4506.0,3781.0,1611.0,396.0,4.71,6.81,5.13,7.71,10293.0
2026-05-11,12,1544.0,4.17,13.76,4277.0,3157.0,1114.0,318.0,4.14,5.63,4.54,6.14,8867.0
2026-05-11,13,10.0,4.2,14.32,4361.0,3239.0,997.0,322.0,4.13,5.65,4.52,6.12,8918.0
2026-05-11,14,5.0,4.2,14.43,4437.0,3261.0,1145.0,322.0,4.17,5.73,4.6,6.21,9165.0
2026-05-11,15,2.0,4.21,14.45,4418.0,3262.0,1259.0,331.0,4.16,5.71,4.56,6.18,9269.0
2026-05-11,16,9429.0,3.96,13.62,4667.0,3924.0,1598.0,397.0,4.8,6.9,5.22,7.81,10586.0
2026-05-11,17,15642.0,4.05,11.41,5604.0,5668.0,2818.0,484.0,6.81,10.27,7.28,11.83,14575.0
2026-05-11,18,16159.0,3.99,11.49,5908.0,6195.0,3434.0,520.0,7.8,11.91,8.27,13.68,16058.0
2026-05-11,19,16266.0,3.91,11.38,5875.0,6068.0,3274.0,548.0,7.85,11.96,8.32,13.68,15764.0
2026-05-11,20,14459.0,3.73,12.15,5836.0,6137.0,3456.0,541.0,7.88,11.96,8.34,13.7,15970.0
2026-05-11,21,13437.0,3.44,12.11,5428.0,5629.0,3112.0,482.0,6.96,10.54,7.42,12.11,14650.0
2026-05-11,22,12388.0,3.29,12.24,4289.0,4222.0,2175.0,371.0,4.8,7.04,5.21,8.02,11057.0
2026-05-11,23,4258.0,3.68,14.12,3735.0,2991.0,1357.0,300.0,3.52,4.88,3.83,5.35,8382.0
2026-05-12,0,2863.0,4.1,14.1,3459.0,3055.0,1754.0,277.0,3.01,4.29,3.2,4.76,8546.0
2026-05-12,1,2071.0,4.42,14.57,3431.0,3065.0,1660.0,283.0,3.24,4.53,3.49,5.0,8439.0
2026-05-12,2,2100.0,4.69,15.71,3264.0,2995.0,1421.0,257.0,3.37,4.54,3.66,5.01,7938.0
2026-05-12,3,2150.0,4.97,16.39,3129.0,3020.0,1316.0,266.0,3.57,4.67,3.88,5.14,7731.0
2026-05-12,4,6598.0,5.21,15.59,3850.0,4020.0,2759.0,378.0,4.4,6.59,4.75,7.2,11007.0
2026-05-12,5,15071.0,5.27,11.19,5144.0,5768.0,3775.0,504.0,6.95,10.7,7.35,12.33,15191.0
2026-05-12,6,16981.0,5.16,11.59,5831.0,6548.0,3785.0,542.0,8.44,12.91,8.87,14.81,16706.0
2026-05-12,7,16711.0,5.05,11.21,5954.0,6502.0,3591.0,539.0,8.76,13.05,9.2,14.92,16587.0
2026-05-12,8,16604.0,4.97,11.05,5944.0,6221.0,3547.0,533.0,8.46,12.75,8.92,14.56,16244.0
2026-05-12,9,16431.0,4.9,11.13,5957.0,6096.0,3470.0,537.0,8.42,12.7,8.88,14.47,16060.0
2026-05-12,10,12544.0,4.68,13.07,5268.0,5064.0,2729.0,459.0,6.75,9.99,7.19,11.33,13521.0
2026-05-12,11,9131.0,4.58,14.5,4349.0,3503.0,1314.0,355.0,4.73,6.47,5.14,7.25,9520.0
2026-05-12,12,9.0,4.64,15.22,4225.0,3206.0,869.0,319.0,4.3,5.68,4.68,6.16,8620.0
2026-05-12,13,0.0,4.65,15.14,4206.0,3101.0,924.0,306.0,4.04,5.42,4.41,5.89,8537.0
2026-05-12,14,2.0,4.65,15.17,4178.0,3055.0,935.0,328.0,4.06,5.46,4.45,5.92,8496.0
2026-05-12,15,-9.0,4.66,15.18,4204.0,3080.0,887.0,316.0,4.1,5.47,4.47,5.94,8487.0
2026-05-12,16,10740.0,4.59,13.72,4613.0,3793.0,1476.0,382.0,4.8,6.82,5.21,7.71,10264.0
2026-05-12,17,14891.0,4.71,11.96,5514.0,5347.0,2729.0,467.0,6.75,10.1,7.19,11.55,14058.0
2026-05-12,18,16008.0,4.62,11.79,5896.0,6085.0,3417.0,526.0,7.85,11.97,8.31,13.72,15923.0
2026-05-12,19,16012.0,4.53,11.71,5760.0,6050.0,3245.0,551.0,7.96,11.92,8.41,13.61,15607.0
2026-05-12,20,15931.0,4.45,11.68,5745.0,6133.0,3320.0,514.0,7.97,11.92,8.42,13.65,15711.0
2026-05-12,21,14012.0,4.32,12.19,5318.0,5564.0,3113.0,461.0,6.89,10.42,7.31,11.82,14456.0
2026-05-12,22,7372.0,4.08,14.24,4313.0,4150.0,2057.0,379.0,4.88,7.06,5.26,7.96,10899.0
2026-05-12,23,2.0,3.95,16.18,3647.0,2883.0,1009.0,291.0,3.5,4.7,3.84,5.17,7829.0
2026-05-13,0,2212.0,4.06,14.72,3497.0,3108.0,1822.0,287.0,3.0,4.37,3.2,4.84,8713.0
2026-05-13,1,2943.0,4.45,14.47,3256.0,2928.0,1737.0,259.0,3.04,4.29,3.27,4.76,8180.0
2026-05-13,2,2291.0,4.78,14.84,3139.0,2907.0,1525.0,249.0,3.16,4.29,3.4,4.76,7819.0
2026-05-13,3,2306.0,5.08,15.45,3020.0,2806.0,1442.0,261.0,3.27,4.35,3.55,4.82,7529.0
2026-05-13,4,6411.0,5.32,15.06,3740.0,3901.0,2512.0,330.0,4.23,6.21,4.58,6.81,10484.0
2026-05-13,5,15115.0,5.48,12.7,4817.0,5503.0,3289.0,446.0,6.4,9.59,6.81,11.06,14055.0
2026-05-13,6,16057.0,5.47,12.42,5589.0,6304.0,3319.0,546.0,7.93,11.67,8.35,13.43,15758.0
2026-05-13,7,15658.0,5.33,11.72,5842.0,6318.0,3373.0,528.0,8.28,12.31,8.73,14.11,16061.0
2026-05-13,8,15252.0,5.16,11.18,5908.0,5947.0,3290.0,529.0,8.03,12.04,8.49,13.76,15673.0
2026-05-13,9,15223.0,4.99,11.02,5916.0,5911.0,3243.0,542.0,7.92,11.92,8.38,13.62,15612.0
2026-05-13,10,15199.0,4.92,10.87,5265.0,4983.0,2630.0,458.0,6.43,9.6,6.87,10.94,13335.0
2026-05-13,11,7196.0,5.07,13.11,4278.0,3302.0,1312.0,350.0,4.58,6.29,4.98,7.01,9242.0
2026-05-13,12,2414.0,5.27,13.0,4244.0,3053.0,859.0,339.0,4.16,5.52,4.54,6.01,8495.0
2026-05-13,13,154.0,5.45,14.07,4404.0,3239.0,951.0,338.0,4.21,5.69,4.62,6.22,8932.0
2026-05-13,14,4.0,5.46,14.38,4436.0,3299.0,947.0,343.0,4.34,5.81,4.73,6.32,9026.0
2026-05-13,15,6.0,5.46,14.66,4483.0,3273.0,1008.0,347.0,4.27,5.86,4.73,6.38,9112.0
2026-05-13,16,10303.0,5.48,13.82,4666.0,3818.0,2671.0,386.0,4.78,6.82,5.19,7.71,11542.0
2026-05-13,17,11902.0,5.31,13.55,5430.0,5322.0,2598.0,491.0,6.51,9.67,6.96,11.06,13841.0
2026-05-13,18,12057.0,4.82,13.5,5738.0,5820.0,3121.0,527.0,7.41,11.22,7.88,12.87,15206.0
2026-05-13,19,12235.0,4.32,13.29,5638.0,5683.0,3097.0,510.0,7.44,11.09,7.9,12.67,14928.0
2026-05-13,20,14839.0,4.04,11.91,5608.0,5664.0,3071.0,510.0,7.35,10.98,7.81,12.57,14853.0
2026-05-13,21,14619.0,3.96,11.56,5200.0,5272.0,2882.0,454.0,6.48,9.71,6.91,10.99,13808.0
2026-05-13,22,8954.0,4.03,12.91,4268.0,4077.0,1940.0,396.0,4.61,6.69,5.0,7.55,10681.0
2026-05-13,23,32.0,4.0,17.56,3668.0,2964.0,1274.0,304.0,3.48,4.77,3.79,5.23,8211.0
2026-05-14,0,2432.0,4.17,15.99,3506.0,3274.0,2013.0,285.0,3.05,4.5,3.27,4.99,9077.0
2026-05-14,1,2277.0,4.48,14.35,3316.0,3019.0,1596.0,263.0,3.11,4.31,3.33,4.79,8195.0
2026-05-14,2,2263.0,4.78,14.56,3139.0,2983.0,1497.0,254.0,3.25,4.36,3.48,4.84,7873.0
2026-05-14,3,2407.0,5.08,16.43,3076.0,2881.0,1547.0,257.0,3.31,4.47,3.59,4.95,7761.0
2026-05-14,4,5450.0,5.38,15.23,3889.0,4025.0,2625.0,361.0,4.53,6.64,4.86,7.21,10900.0
2026-05-14,5,14906.0,5.49,12.24,5088.0,5758.0,3687.0,483.0,6.99,10.75,7.37,12.35,15016.0
2026-05-14,6,15881.0,5.32,12.08,5859.0,6546.0,3776.0,598.0,8.34,12.8,8.77,14.7,16778.0
2026-05-14,7,15452.0,5.03,11.32,6037.0,6540.0,3538.0,578.0,8.69,13.06,9.14,14.95,16693.0
2026-05-14,8,15385.0,4.76,11.04,5996.0,6244.0,3529.0,563.0,8.45,12.84,8.92,14.64,16332.0
2026-05-14,9,15350.0,4.51,10.76,6070.0,6170.0,3472.0,556.0,8.28,12.65,8.74,14.46,16269.0
2026-05-14,10,15437.0,4.34,10.73,5525.0,5556.0,2964.0,508.0,6.87,10.42,7.33,11.94,14553.0
2026-05-14,11,12863.0,4.59,12.14,4452.0,3885.0,1611.0,377.0,4.81,6.79,5.25,7.65,10326.0
2026-05-14,12,179.0,4.75,14.0,4307.0,3404.0,1012.0,333.0,4.24,5.7,4.64,6.21,9055.0
2026-05-14,13,11.0,4.76,14.12,4389.0,3273.0,1058.0,334.0,4.11,5.64,4.52,6.15,9054.0
2026-05-14,14,10.0,4.77,14.35,4427.0,3207.0,1103.0,341.0,4.17,5.69,4.55,6.2,9077.0
2026-05-14,15,1.0,4.77,14.54,4400.0,3234.0,1114.0,345.0,4.27,5.82,4.67,6.34,9093.0
2026-05-14,16,8238.0,4.81,13.53,4710.0,3956.0,1624.0,419.0,4.92,7.02,5.35,7.83,10709.0
2026-05-14,17,12166.0,4.63,13.0,5655.0,5616.0,2832.0,520.0,6.75,10.32,7.22,11.81,14623.0
2026-05-14,18,14125.0,4.16,12.04,6008.0,6350.0,3394.0,545.0,7.85,12.13,8.32,13.93,16298.0
2026-05-14,19,14265.0,3.8,11.92,5897.0,6362.0,3377.0,553.0,7.8,11.94,8.26,13.68,16190.0
2026-05-14,20,14468.0,3.48,12.01,5862.0,6359.0,3363.0,549.0,7.75,11.89,8.21,13.62,16133.0
2026-05-14,21,14581.0,3.24,12.09,5454.0,5841.0,3174.0,492.0,6.94,10.51,7.39,12.06,14962.0
2026-05-14,22,14714.0,3.35,12.32,4459.0,4405.0,2050.0,414.0,4.9,7.19,5.32,8.21,11328.0
2026-05-14,23,6182.0,3.96,14.42,3821.0,3186.0,1197.0,324.0,3.67,5.02,4.02,5.52,8528.0
2026-05-15,0,2590.0,4.43,16.77,3571.0,3316.0,2196.0,291.0,2.88,4.4,3.03,4.89,9375.0
2026-05-15,1,1821.0,4.71,16.11,3289.0,3100.0,1790.0,275.0,3.03,4.29,3.23,4.76,8453.0
2026-05-15,2,1833.0,4.95,16.23,3220.0,2897.0,1755.0,267.0,3.14,4.4,3.37,4.87,8138.0
2026-05-15,3,1863.0,5.19,16.7,2975.0,2669.0,1508.0,253.0,3.04,4.09,3.26,4.56,7405.0
2026-05-15,4,7958.0,5.4,15.67,3684.0,3816.0,2384.0,339.0,4.16,6.16,4.48,6.97,10223.0
2026-05-15,5,15273.0,5.39,13.6,5093.0,6016.0,3843.0,512.0,6.89,10.68,7.3,12.31,15464.0
2026-05-15,6,15943.0,5.19,11.24,5808.0,6887.0,3834.0,555.0,8.39,12.82,8.82,14.73,17084.0
2026-05-15,7,16268.0,4.96,10.57,6016.0,6868.0,3620.0,617.0,8.85,13.3,9.29,15.18,17121.0
2026-05-15,8,16166.0,4.76,10.21,6076.0,6529.0,3672.0,563.0,8.57,13.05,9.04,14.93,16840.0
2026-05-15,9,16117.0,4.56,9.99,6127.0,6575.0,3619.0,579.0,8.28,12.88,8.77,14.74,16899.0
2026-05-15,10,14921.0,4.39,10.92,5573.0,5585.0,3149.0,496.0,6.99,10.75,7.46,12.31,14803.0
2026-05-15,11,10359.0,4.5,12.66,4381.0,3600.0,1401.0,357.0,4.64,6.5,5.08,7.27,9740.0
2026-05-15,12,-5.0,4.67,14.31,4345.0,3306.0,1107.0,325.0,4.2,5.76,4.61,6.23,9083.0
2026-05-15,13,4.0,4.68,14.49,4371.0,3341.0,1169.0,325.0,4.17,5.71,4.57,6.19,9206.0
2026-05-15,14,5.0,4.69,14.63,4468.0,3253.0,1169.0,329.0,4.19,5.77,4.61,6.25,9220.0
2026-05-15,15,-9.0,4.69,14.81,4400.0,3278.0,1270.0,363.0,4.23,5.79,4.62,6.26,9311.0
2026-05-15,16,10450.0,4.71,13.12,4823.0,4127.0,1742.0,422.0,4.99,7.25,5.42,8.22,11115.0
2026-05-15,17,13298.0,4.57,12.57,5769.0,5861.0,2997.0,500.0,6.9,10.63,7.37,12.26,15127.0
2026-05-15,18,14259.0,4.15,12.11,5946.0,6377.0,3449.0,527.0,7.91,12.12,8.38,13.9,16300.0
2026-05-15,19,15133.0,3.87,11.7,5832.0,6250.0,3425.0,520.0,8.1,12.12,8.55,13.87,16026.0
2026-05-15,20,15384.0,3.7,11.39,5734.0,6086.0,3436.0,533.0,7.95,11.98,8.41,13.69,15788.0
2026-05-15,21,14427.0,3.55,12.14,5383.0,5598.0,3091.0,485.0,6.97,10.49,7.41,12.02,14558.0
2026-05-15,22,10938.0,3.46,13.95,4270.0,4165.0,2081.0,392.0,4.91,7.08,5.3,8.03,10907.0
2026-05-15,23,2607.0,3.59,15.7,3770.0,3108.0,1412.0,294.0,3.5,4.91,3.84,5.38,8584.0
2026-05-16,0,2003.0,3.86,15.48,3584.0,3176.0,1992.0,277.0,3.09,4.56,3.3,5.04,9028.0
2026-05-16,1,1969.0,4.12,14.97,3352.0,3014.0,1734.0,283.0,3.11,4.38,3.33,4.85,8382.0
2026-05-16,2,2576.0,4.42,14.93,3178.0,2689.0,1542.0,253.0,3.13,4.29,3.37,4.76,7662.0
2026-05-16,3,2634.0,4.76,15.52,3077.0,2662.0,1474.0,249.0,3.24,4.34,3.49,4.81,7462.0
2026-05-16,4,11507.0,5.05,14.98,3767.0,3953.0,2557.0,332.0,4.18,6.31,4.52,7.22,10609.0
2026-05-16,5,14673.0,5.08,12.5,4908.0,5642.0,3472.0,451.0,6.23,9.66,6.64,11.14,14472.0
2026-05-16,6,16983.0,5.09,11.49,5533.0,6467.0,3457.0,503.0,7.9,11.76,8.32,13.51,15960.0
2026-05-16,7,17093.0,5.11,11.57,5828.0,6696.0,3410.0,569.0,8.55,12.67,9.0,14.48,16502.0
2026-05-16,8,16808.0,5.09,11.18,5947.0,6385.0,3331.0,550.0,8.12,12.26,8.58,14.05,16214.0
2026-05-16,9,15063.0,4.96,11.46,6095.0,6168.0,3269.0,547.0,7.86,12.08,8.35,13.85,16079.0
2026-05-16,10,13615.0,4.73,11.54,5489.0,5276.0,2752.0,471.0,6.55,9.91,7.01,11.31,13988.0
2026-05-16,11,9856.0,4.64,12.82,4508.0,3718.0,2371.0,377.0,4.68,6.61,5.13,7.44,10973.0
2026-05-16,12,11.0,4.69,14.06,4357.0,3319.0,771.0,350.0,4.22,5.67,4.64,6.13,8797.0
2026-05-16,13,-1.0,4.7,14.16,4360.0,3254.0,976.0,330.0,4.07,5.57,4.48,6.03,8919.0
2026-05-16,14,3.0,4.7,14.25,4312.0,3207.0,943.0,358.0,4.15,5.63,4.55,6.08,8819.0
2026-05-16,15,3.0,4.71,14.35,4289.0,3347.0,1006.0,352.0,4.16,5.67,4.58,6.12,8994.0
2026-05-16,16,10229.0,4.74,13.01,4537.0,3662.0,1366.0,377.0,4.65,6.54,5.07,7.34,9942.0
2026-05-16,17,13919.0,4.86,11.97,5367.0,5090.0,2384.0,450.0,6.35,9.36,6.79,10.7,13290.0
2026-05-16,18,14523.0,4.72,11.91,5721.0,5843.0,2959.0,497.0,7.44,11.13,7.92,12.77,15020.0
2026-05-16,19,14113.0,4.55,12.02,5626.0,5633.0,3009.0,503.0,7.46,11.06,7.92,12.64,14771.0
2026-05-16,20,13916.0,4.32,12.28,5570.0,5655.0,2914.0,506.0,7.41,10.95,7.87,12.5,14645.0
2026-05-16,21,14010.0,4.18,12.39,5128.0,5164.0,2565.0,472.0,6.57,9.68,7.0,10.93,13329.0
2026-05-16,22,5423.0,4.08,14.91,4126.0,3837.0,1791.0,347.0,4.69,6.59,5.08,7.36,10101.0
2026-05-16,23,-4.0,3.99,16.96,3524.0,2558.0,1111.0,276.0,3.38,4.56,3.69,5.01,7469.0
2026-05-17,0,2733.0,4.17,15.14,3552.0,3015.0,1817.0,279.0,3.02,4.41,3.25,4.88,8663.0
2026-05-17,1,2483.0,4.53,14.49,3346.0,2822.0,1608.0,273.0,3.06,4.31,3.3,4.78,8049.0
2026-05-17,2,2226.0,4.83,14.62,3125.0,2703.0,1367.0,252.0,3.17,4.25,3.4,4.71,7446.0
2026-05-17,3,2369.0,5.13,16.57,3108.0,2716.0,1268.0,256.0,3.37,4.46,3.68,4.93,7349.0
2026-05-17,4,4840.0,5.41,16.53,3694.0,3651.0,2335.0,331.0,4.22,6.15,4.58,6.71,10011.0
2026-05-17,5,14559.0,5.44,13.06,4783.0,5215.0,3231.0,468.0,6.25,9.35,6.65,10.76,13697.0
2026-05-17,6,15484.0,5.49,13.61,5376.0,5937.0,3162.0,518.0,7.76,11.35,8.22,12.98,14993.0
2026-05-17,7,15019.0,5.36,12.74,5605.0,6120.0,3169.0,530.0,8.43,12.13,8.89,13.82,15424.0
2026-05-17,8,14782.0,5.17,12.28,5818.0,6203.0,3279.0,551.0,8.08,12.03,8.55,13.75,15851.0
2026-05-17,9,14615.0,4.9,11.85,5996.0,6399.0,3413.0,524.0,7.9,12.11,8.37,13.88,16332.0
2026-05-17,10,14556.0,4.69,11.58,5367.0,5461.0,2759.0,464.0,6.49,9.72,6.94,11.14,14051.0
2026-05-17,11,12168.0,4.97,11.92,4402.0,3782.0,1380.0,372.0,4.59,6.43,5.01,7.23,9935.0
2026-05-17,12,1347.0,5.34,13.73,4212.0,3361.0,1002.0,366.0,4.08,5.53,4.5,6.04,8941.0
2026-05-17,13,5.0,5.39,14.42,4279.0,3509.0,1119.0,349.0,4.14,5.65,4.57,6.17,9256.0
2026-05-17,14,-5.0,5.4,14.42,4363.0,3511.0,1023.0,339.0,4.27,5.77,4.7,6.29,9236.0
2026-05-17,15,2.0,5.4,14.55,4331.0,3533.0,1053.0,346.0,4.31,5.83,4.76,6.35,9263.0
2026-05-17,16,11234.0,5.48,13.4,4501.0,4071.0,1473.0,394.0,4.83,6.78,5.26,7.65,10439.0
2026-05-17,17,11754.0,5.37,13.08,5338.0,5578.0,2596.0,479.0,6.5,9.62,6.94,10.98,13991.0
2026-05-17,18,11810.0,4.86,12.9,5708.0,6181.0,3150.0,524.0,7.49,11.3,7.96,12.95,15563.0
2026-05-17,19,11955.0,4.32,12.9,5597.0,5928.0,3053.0,536.0,7.48,11.11,7.94,12.69,15114.0
2026-05-17,20,12337.0,3.86,13.35,5568.0,5860.0,3074.0,490.0,7.38,10.99,7.82,12.56,14991.0
2026-05-17,21,12944.0,3.52,14.4,5171.0,5499.0,2876.0,480.0,6.65,9.8,7.07,11.22,14026.0
2026-05-17,22,13053.0,3.51,14.64,4203.0,4317.0,1993.0,366.0,4.89,7.0,5.28,7.98,10880.0
2026-05-17,23,4111.0,3.92,17.13,3663.0,3302.0,1443.0,291.0,3.75,5.17,4.13,5.67,8700.0
2026-05-18,0,2405.0,4.27,17.72,3430.0,3317.0,1898.0,293.0,3.02,4.43,3.27,4.91,8938.0
2026-05-18,1,2309.0,4.58,16.38,3253.0,3223.0,1803.0,275.0,3.13,4.41,3.38,4.88,8553.0
2026-05-18,2,2302.0,4.88,16.31,3159.0,3099.0,1623.0,265.0,3.21,4.44,3.5,4.91,8146.0
2026-05-18,3,2332.0,5.19,16.76,3062.0,3142.0,1501.0,252.0,3.4,4.59,3.73,5.07,7956.0
2026-05-18,4,3435.0,5.44,16.54,3835.0,4223.0,2589.0,364.0,4.56,6.67,4.92,7.23,11012.0
2026-05-18,5,14758.0,5.34,10.98,5143.0,6091.0,3808.0,499.0,6.99,10.84,7.39,12.46,15541.0
2026-05-18,6,16519.0,5.2,11.07,5906.0,6920.0,3747.0,552.0,8.18,12.71,8.64,14.64,17125.0
2026-05-18,7,16422.0,5.03,10.94,6088.0,6860.0,3566.0,558.0,8.61,13.0,9.07,14.9,17072.0
2026-05-18,8,16268.0,4.87,10.56,6107.0,6560.0,3532.0,590.0,8.34,12.77,8.79,14.62,16788.0
2026-05-18,9,16247.0,4.7,10.39,6129.0,6566.0,3684.0,538.0,8.21,12.77,8.68,14.63,16917.0
2026-05-18,10,16309.0,4.65,10.41,5412.0,5461.0,3007.0,479.0,6.63,10.08,7.08,11.54,14360.0
2026-05-18,11,11290.0,5.13,11.7,4388.0,3493.0,1389.0,366.0,4.51,6.34,4.94,7.07,9636.0
2026-05-18,12,1.0,5.36,14.02,4318.0,3339.0,1150.0,354.0,4.18,5.67,4.57,6.18,9161.0
2026-05-18,13,3.0,5.37,14.0,4357.0,3366.0,1032.0,342.0,4.11,5.62,4.52,6.13,9096.0
2026-05-18,14,4.0,5.38,14.12,4388.0,3350.0,1055.0,330.0,4.16,5.69,4.58,6.2,9123.0
2026-05-18,15,5.0,5.38,14.32,4393.0,3353.0,1054.0,333.0,4.15,5.74,4.59,6.25,9133.0
2026-05-18,16,9709.0,5.38,13.53,4734.0,4091.0,1446.0,418.0,4.8,6.97,5.22,7.84,10689.0
2026-05-18,17,11988.0,5.15,13.07,5713.0,5835.0,2886.0,546.0,6.63,10.22,7.1,11.71,14980.0
2026-05-18,18,13143.0,4.6,12.23,6030.0,6534.0,3462.0,566.0,7.78,12.09,8.25,13.89,16593.0
2026-05-18,19,13252.0,4.1,11.99,5928.0,6406.0,3454.0,536.0,7.75,11.93,8.23,13.69,16323.0
2026-05-18,20,13308.0,3.64,11.77,5865.0,6321.0,3362.0,538.0,7.72,11.79,8.18,13.51,16086.0
2026-05-18,21,13256.0,3.25,11.39,5415.0,5785.0,3073.0,506.0,6.8,10.41,7.27,11.95,14779.0
2026-05-18,22,13951.0,3.23,12.55,4288.0,4415.0,2090.0,418.0,4.89,7.13,5.3,8.11,11211.0
2026-05-18,23,4834.0,3.72,15.29,3610.0,3131.0,1247.0,291.0,3.58,4.91,3.95,5.41,8279.0
2026-05-19,0,2800.0,4.14,16.01,3483.0,3298.0,1956.0,277.0,2.99,4.41,3.21,4.9,9014.0
2026-05-19,1,2302.0,4.46,16.69,3357.0,3215.0,1899.0,270.0,3.15,4.51,3.4,4.99,8741.0
2026-05-19,2,2342.0,4.76,17.16,3253.0,3185.0,1723.0,275.0,3.33,4.62,3.61,5.1,8436.0
2026-05-19,3,2413.0,5.07,18.12,3080.0,2918.0,1528.0,282.0,3.33,4.51,3.64,4.97,7807.0
2026-05-19,4,4027.0,5.37,18.39,3773.0,4051.0,2542.0,340.0,4.49,6.52,4.84,7.06,10707.0
2026-05-19,5,15609.0,5.47,13.16,5128.0,6007.0,3745.0,497.0,6.99,10.77,7.37,12.36,15377.0
2026-05-19,6,16563.0,5.42,11.09,5925.0,6880.0,3771.0,583.0,8.24,12.8,8.69,14.73,17159.0
2026-05-19,7,16141.0,5.19,10.4,6148.0,6836.0,3597.0,605.0,8.56,13.04,9.02,14.95,17186.0
2026-05-19,8,15941.0,4.96,10.09,6108.0,6635.0,3555.0,567.0,8.36,12.84,8.83,14.7,16865.0
2026-05-19,9,15917.0,4.75,9.9,6097.0,6533.0,3485.0,561.0,8.24,12.74,8.71,14.57,16676.0
2026-05-19,10,16003.0,4.66,10.21,5589.0,5580.0,3105.0,464.0,6.83,10.5,7.3,12.03,14738.0
2026-05-19,11,10904.0,4.85,12.49,4433.0,3394.0,1440.0,362.0,4.69,6.59,5.12,7.39,9629.0
2026-05-19,12,7.0,4.96,13.73,4282.0,3191.0,969.0,322.0,4.06,5.53,4.46,5.99,8763.0
2026-05-19,13,2.0,4.96,14.13,4400.0,3288.0,1054.0,329.0,4.07,5.65,4.5,6.12,9071.0
2026-05-19,14,4.0,4.97,14.25,4354.0,3271.0,1045.0,352.0,4.21,5.75,4.59,6.2,9022.0
2026-05-19,15,-8.0,4.97,14.34,4424.0,3307.0,1170.0,331.0,4.18,5.75,4.6,6.22,9232.0
2026-05-19,16,8247.0,4.85,14.07,4801.0,4258.0,1580.0,410.0,4.95,7.15,5.38,8.06,11049.0
2026-05-19,17,12157.0,4.49,12.76,5651.0,5954.0,3040.0,488.0,6.77,10.44,7.24,11.99,15133.0
2026-05-19,18,14781.0,4.08,11.62,6026.0,6581.0,3454.0,540.0,7.9,12.23,8.36,14.05,16601.0
2026-05-19,19,15753.0,3.85,11.13,5856.0,6427.0,3328.0,561.0,7.87,12.03,8.33,13.76,16172.0
2026-05-19,20,15740.0,3.71,11.28,5789.0,6402.0,3340.0,532.0,7.9,11.99,8.36,13.74,16063.0
2026-05-19,21,14538.0,3.57,11.52,5389.0,5842.0,3154.0,510.0,7.02,10.58,7.45,12.11,14894.0
2026-05-19,22,10420.0,3.45,13.29,4211.0,4277.0,2043.0,397.0,4.81,6.99,5.2,7.94,10929.0
2026-05-19,23,3244.0,3.58,14.79,3671.0,3075.0,1388.0,292.0,3.47,4.88,3.84,5.35,8426.0
2026-05-20,0,2764.0,3.96,13.88,3427.0,3120.0,1861.0,269.0,2.89,4.28,3.13,4.76,8677.0
2026-05-20,1,1877.0,4.26,14.02,3388.0,3144.0,1768.0,270.0,3.16,4.53,3.44,5.01,8570.0
2026-05-20,2,2035.0,4.52,16.98,3186.0,2860.0,1410.0,261.0,3.33,4.51,3.64,4.98,7718.0
2026-05-20,3,2053.0,4.79,17.34,3045.0,2769.0,1375.0,258.0,3.29,4.42,3.6,4.89,7446.0
2026-05-20,4,7950.0,4.99,14.73,3603.0,3602.0,2479.0,338.0,4.1,6.08,4.42,6.88,10022.0
2026-05-20,5,15623.0,5.02,10.14,5170.0,5842.0,3909.0,492.0,6.94,10.93,7.33,12.6,15413.0
2026-05-20,6,16792.0,4.85,11.2,5889.0,6665.0,3919.0,572.0,8.19,12.81,8.62,14.74,17045.0
2026-05-20,7,16782.0,4.69,11.09,6061.0,6850.0,3557.0,616.0,8.56,13.12,9.02,15.0,17084.0
2026-05-20,8,16738.0,4.57,10.95,6093.0,6490.0,3698.0,579.0,8.43,12.93,8.87,14.76,16860.0
2026-05-20,9,16597.0,4.51,10.79,6032.0,6336.0,3472.0,270.0,8.39,12.87,8.84,14.72,16110.0
2026-05-20,10,13869.0,4.43,12.08,5359.0,5387.0,2820.0,482.0,6.88,10.32,7.31,11.71,14047.0
2026-05-20,11,9307.0,4.38,13.57,4293.0,3390.0,1291.0,359.0,4.62,6.38,5.03,7.12,9334.0
2026-05-20,12,67.0,4.61,14.67,4212.0,2963.0,1011.0,330.0,4.0,5.47,4.39,5.93,8516.0
2026-05-20,13,6.0,4.62,14.65,4292.0,3056.0,959.0,351.0,3.89,5.37,4.3,5.83,8658.0
2026-05-20,14,5.0,4.62,14.63,4308.0,3112.0,1057.0,333.0,4.02,5.53,4.42,5.99,8811.0
2026-05-20,15,-23.0,4.63,14.72,4311.0,3120.0,1013.0,337.0,4.07,5.59,4.46,6.04,8781.0
2026-05-20,16,9736.0,4.59,13.43,4712.0,3960.0,1577.0,408.0,4.76,6.87,5.18,7.73,10657.0
2026-05-20,17,14329.0,4.59,11.64,5626.0,5417.0,2894.0,501.0,6.52,10.04,6.97,11.53,14438.0
2026-05-20,18,14423.0,4.32,11.57,5995.0,6074.0,3304.0,556.0,7.6,11.89,8.09,13.64,15928.0
2026-05-20,19,14641.0,4.03,11.72,5817.0,5924.0,3334.0,530.0,7.72,11.82,8.17,13.52,15605.0
2026-05-20,20,14690.0,3.78,11.68,5728.0,5943.0,3388.0,537.0,7.76,11.82,8.21,13.5,15596.0
2026-05-20,21,14766.0,3.62,11.71,5323.0,5355.0,2990.0,511.0,6.89,10.38,7.33,11.73,14179.0
2026-05-20,22,14857.0,3.79,12.38,4217.0,4079.0,2138.0,397.0,4.92,7.16,5.32,8.13,10830.0
2026-05-20,23,233.0,4.04,15.88,3560.0,2569.0,1373.0,282.0,3.26,4.59,3.61,5.07,7783.0
2026-05-21,0,1874.0,4.15,13.75,3498.0,2809.0,1857.0,268.0,2.81,4.22,3.05,4.69,8431.0
2026-05-21,1,2236.0,4.45,14.22,3356.0,2581.0,1829.0,280.0,2.89,4.24,3.12,4.72,8045.0
2026-05-21,2,2317.0,4.75,15.17,3200.0,2452.0,1309.0,258.0,3.0,4.16,3.29,4.63,7218.0
2026-05-21,3,2331.0,5.05,15.72,3118.0,2434.0,1282.0,262.0,3.06,4.17,3.38,4.65,7096.0
2026-05-21,4,4885.0,5.31,15.52,3857.0,3672.0,2438.0,346.0,4.34,6.41,4.69,7.0,10313.0
2026-05-21,5,15196.0,5.24,11.33,5082.0,5612.0,3747.0,476.0,6.73,10.53,7.12,12.15,14917.0
2026-05-21,6,17856.0,5.28,11.11,5889.0,6462.0,3714.0,549.0,8.2,12.64,8.64,14.53,16614.0
2026-05-21,7,17407.0,5.27,10.66,6027.0,6481.0,3412.0,604.0,8.72,13.02,9.18,14.87,16524.0
2026-05-21,8,17244.0,5.27,10.4,6087.0,6212.0,3292.0,543.0,8.57,12.88,9.04,14.7,16133.0
2026-05-21,9,13680.0,5.14,11.72,6051.0,6069.0,3220.0,515.0,8.5,12.68,8.97,14.44,15855.0
2026-05-21,10,12350.0,4.71,12.39,5294.0,4896.0,2452.0,459.0,6.7,9.76,7.17,11.07,13101.0
2026-05-21,11,8044.0,4.84,13.0,4366.0,3213.0,1175.0,381.0,4.69,6.31,5.13,6.97,9134.0
2026-05-21,12,2151.0,5.18,13.52,4388.0,3155.0,720.0,330.0,4.33,5.76,4.78,6.27,8593.0
2026-05-21,13,-3.0,5.3,14.13,4525.0,3330.0,753.0,321.0,4.41,5.9,4.87,6.42,8928.0
2026-05-21,14,4.0,5.31,13.93,4509.0,3220.0,767.0,321.0,4.34,5.81,4.79,6.33,8816.0
2026-05-21,15,7.0,5.32,13.95,4470.0,3153.0,875.0,325.0,4.35,5.84,4.78,6.35,8822.0
2026-05-21,16,11797.0,5.39,12.39,4799.0,3939.0,1468.0,408.0,5.06,7.24,5.49,8.17,10614.0
2026-05-21,17,12747.0,5.32,12.04,5630.0,5585.0,2666.0,481.0,6.87,10.35,7.33,11.81,14362.0
2026-05-21,18,12928.0,4.87,12.08,5953.0,6108.0,3339.0,519.0,7.82,11.96,8.27,13.71,15919.0
2026-05-21,19,13109.0,4.39,12.05,5884.0,6169.0,3211.0,567.0,7.93,11.92,8.4,13.61,15832.0
2026-05-21,20,13251.0,3.95,11.96,5853.0,6293.0,3121.0,516.0,7.93,11.91,8.4,13.61,15782.0
2026-05-21,21,13288.0,3.61,11.8,5410.0,5445.0,2825.0,492.0,6.92,10.28,7.36,11.74,14173.0
2026-05-21,22,9750.0,3.46,13.27,4323.0,3999.0,1782.0,386.0,4.74,6.83,5.14,7.72,10490.0
2026-05-21,23,4959.0,3.86,16.18,3794.0,2662.0,1003.0,273.0,3.43,4.61,3.8,5.08,7732.0
2026-05-22,0,3400.0,4.46,15.66,3623.0,2864.0,1671.0,280.0,3.05,4.24,3.32,4.71,8438.0
2026-05-22,1,1757.0,4.75,16.2,3637.0,3113.0,1682.0,274.0,3.33,4.59,3.65,5.08,8707.0
2026-05-22,2,1807.0,4.98,17.09,3404.0,3005.0,1577.0,266.0,3.26,4.41,3.58,4.89,8252.0
2026-05-22,3,1849.0,5.22,17.84,3244.0,2907.0,1817.0,256.0,3.42,4.61,3.76,5.1,8224.0
2026-05-22,4,4861.0,5.43,15.4,3918.0,4074.0,2675.0,324.0,4.49,6.56,4.88,7.15,10991.0
2026-05-22,5,14949.0,5.48,13.01,5172.0,5726.0,3868.0,470.0,6.93,10.75,7.3,12.4,15235.0
2026-05-22,6,16948.0,5.4,11.75,5906.0,6788.0,3841.0,537.0,8.17,12.79,8.63,14.75,17073.0
2026-05-22,7,16308.0,5.24,10.92,5988.0,6648.0,3565.0,570.0,8.5,12.95,8.97,14.83,16771.0
2026-05-22,8,16179.0,5.1,10.7,5982.0,6234.0,3455.0,570.0,8.41,12.72,8.87,14.52,16241.0
2026-05-22,9,16189.0,4.99,10.6,6021.0,6179.0,3458.0,540.0,8.3,12.63,8.76,14.44,16197.0
2026-05-22,10,13201.0,4.85,12.15,5317.0,5009.0,2901.0,468.0,6.7,10.06,7.15,11.48,13694.0
2026-05-22,11,9227.0,4.79,13.52,4281.0,3298.0,1461.0,380.0,4.59,6.43,5.0,7.18,9420.0
2026-05-22,12,-3.0,4.86,14.28,4266.0,3175.0,1033.0,342.0,4.21,5.76,4.61,6.24,8816.0
2026-05-22,13,-6.0,4.87,14.4,4325.0,3333.0,998.0,334.0,4.04,5.58,4.44,6.06,8989.0
2026-05-22,14,-1.0,4.87,14.34,4409.0,3234.0,942.0,321.0,4.02,5.6,4.44,6.08,8906.0
2026-05-22,15,-14.0,4.88,14.42,4341.0,3281.0,1080.0,321.0,4.14,5.68,4.53,6.16,9022.0
2026-05-22,16,7963.0,4.84,13.58,4759.0,4025.0,1564.0,396.0,4.89,7.07,5.3,7.95,10744.0
2026-05-22,17,13385.0,4.66,12.35,5562.0,5345.0,2744.0,504.0,6.71,10.13,7.15,11.57,14155.0
2026-05-22,18,14496.0,4.44,11.87,5877.0,5831.0,3319.0,545.0,7.71,11.8,8.16,13.49,15571.0
2026-05-22,19,14232.0,4.19,12.03,5718.0,5771.0,3281.0,521.0,7.82,11.82,8.26,13.48,15292.0
2026-05-22,20,13854.0,3.9,12.08,5627.0,5720.0,3333.0,520.0,7.77,11.7,8.21,13.34,15200.0
2026-05-22,21,13976.0,3.67,12.14,5237.0,5432.0,3177.0,497.0,6.83,10.28,7.28,11.75,14344.0
2026-05-22,22,13992.0,3.74,12.2,4270.0,4244.0,2115.0,382.0,4.93,7.21,5.33,8.2,11012.0
2026-05-22,23,3551.0,4.14,17.25,3779.0,3216.0,1543.0,327.0,3.62,5.19,4.01,5.7,8865.0
2026-05-23,0,2108.0,4.44,15.29,3470.0,3103.0,1790.0,293.0,2.89,4.3,3.14,4.78,8656.0
2026-05-23,1,2072.0,4.72,14.98,3459.0,3245.0,1674.0,281.0,3.15,4.55,3.46,5.03,8659.0
2026-05-23,2,1895.0,4.98,15.03,3262.0,3022.0,1477.0,262.0,3.22,4.49,3.55,4.97,8023.0
2026-05-23,3,1735.0,5.22,15.74,3152.0,2830.0,1328.0,255.0,3.33,4.52,3.69,5.0,7565.0
2026-05-23,4,8868.0,5.45,16.84,3785.0,3713.0,2396.0,329.0,4.15,6.27,4.51,7.06,10224.0
2026-05-23,5,14547.0,5.5,15.47,4753.0,4973.0,3329.0,416.0,6.19,9.42,6.57,10.68,13471.0
2026-05-23,6,14605.0,5.53,14.62,5402.0,5681.0,3232.0,516.0,7.6,11.22,8.04,12.8,14830.0
2026-05-23,7,14374.0,5.3,12.79,5635.0,6219.0,3121.0,579.0,8.12,11.91,8.56,13.56,15555.0
2026-05-23,8,14416.0,5.06,12.16,5810.0,6211.0,3298.0,548.0,7.87,11.88,8.34,13.58,15867.0
2026-05-23,9,14264.0,4.77,11.69,5910.0,6234.0,3312.0,532.0,7.75,11.82,8.23,13.55,15988.0
2026-05-23,10,13897.0,4.54,11.49,5431.0,5407.0,2706.0,478.0,6.52,9.84,7.0,11.27,14022.0
2026-05-23,11,11074.0,4.55,12.49,4410.0,3855.0,1469.0,383.0,4.61,6.59,5.06,7.47,10116.0
2026-05-23,12,-9.0,4.56,12.94,4225.0,3300.0,808.0,340.0,3.89,5.24,4.31,5.76,8673.0
2026-05-23,13,-9.0,4.57,13.16,4167.0,3328.0,874.0,358.0,3.88,5.26,4.32,5.77,8727.0
2026-05-23,14,2.0,4.58,13.29,4182.0,3360.0,848.0,332.0,3.95,5.33,4.39,5.84,8722.0
2026-05-23,15,6.0,4.58,13.4,4214.0,3359.0,840.0,325.0,4.02,5.4,4.45,5.91,8737.0
2026-05-23,16,10011.0,4.59,12.1,4650.0,4080.0,1364.0,388.0,4.78,6.83,5.23,7.71,10482.0
2026-05-23,17,13418.0,4.61,11.2,5541.0,5330.0,2566.0,492.0,6.47,9.78,6.93,11.21,13928.0
2026-05-23,18,13455.0,4.28,11.09,5901.0,5923.0,3168.0,524.0,7.5,11.5,7.98,13.2,15516.0
2026-05-23,19,13558.0,3.93,10.96,5644.0,5591.0,3020.0,514.0,7.34,11.07,7.8,12.66,14769.0
2026-05-23,20,14007.0,3.69,10.9,5552.0,5499.0,3069.0,501.0,7.27,10.91,7.74,12.47,14620.0
2026-05-23,21,14022.0,3.57,11.09,5205.0,5065.0,2860.0,465.0,6.56,9.82,7.0,11.23,13594.0
2026-05-23,22,9489.0,3.45,12.93,4278.0,3797.0,1777.0,370.0,4.54,6.61,4.96,7.52,10221.0
2026-05-23,23,3251.0,3.57,13.08,3831.0,2807.0,1060.0,284.0,3.46,4.78,3.82,5.25,7981.0
2026-05-24,0,2714.0,3.94,12.56,3466.0,2870.0,1647.0,260.0,2.76,4.1,3.01,4.57,8243.0
2026-05-24,1,2856.0,4.3,13.83,3468.0,2970.0,1825.0,271.0,2.97,4.4,3.24,4.88,8534.0
2026-05-24,2,2143.0,4.63,15.42,3304.0,2832.0,1693.0,286.0,3.09,4.4,3.38,4.87,8114.0
2026-05-24,3,2119.0,4.91,15.72,3247.0,2906.0,1685.0,256.0,3.21,4.55,3.53,5.02,8094.0
2026-05-24,4,10696.0,5.22,14.82,3858.0,3819.0,2588.0,324.0,4.21,6.41,4.57,7.27,10589.0
2026-05-24,5,15662.0,5.4,14.45,4814.0,5016.0,3321.0,420.0,6.14,9.49,6.54,10.77,13571.0
2026-05-24,6,15259.0,5.5,14.81,5376.0,5540.0,3252.0,471.0,7.63,11.28,8.09,12.86,14639.0
2026-05-24,7,14842.0,5.38,13.05,5610.0,5819.0,3245.0,510.0,8.23,12.04,8.69,13.7,15184.0
2026-05-24,8,14326.0,5.17,12.18,5672.0,5863.0,3341.0,536.0,7.95,11.86,8.41,13.52,15412.0
2026-05-24,9,14268.0,4.9,11.87,5853.0,5890.0,3238.0,526.0,7.72,11.81,8.22,13.52,15506.0
2026-05-24,10,13774.0,4.68,11.78,5390.0,5193.0,2754.0,489.0,6.44,9.85,6.94,11.21,13826.0
2026-05-24,11,11774.0,4.66,12.54,4498.0,4019.0,1588.0,431.0,4.88,7.01,5.34,7.93,10535.0
2026-05-24,12,970.0,4.75,13.86,4190.0,3407.0,1036.0,366.0,3.97,5.42,4.41,5.96,8999.0
2026-05-24,13,7.0,4.76,14.17,4286.0,3420.0,998.0,327.0,4.11,5.57,4.53,6.1,9030.0
2026-05-24,14,4.0,4.77,14.29,4288.0,3445.0,1016.0,329.0,4.2,5.65,4.62,6.18,9078.0
2026-05-24,15,0.0,4.77,14.65,4287.0,3444.0,1113.0,349.0,4.22,5.7,4.63,6.23,9194.0
2026-05-24,16,10060.0,4.73,13.75,4496.0,3922.0,1428.0,382.0,4.69,6.69,5.13,7.57,10228.0
2026-05-24,17,13673.0,4.72,11.82,5384.0,5154.0,2694.0,451.0,6.24,9.47,6.69,10.86,13682.0
2026-05-24,18,14104.0,4.52,11.27,5692.0,5653.0,3107.0,500.0,7.34,11.12,7.8,12.75,14951.0
2026-05-24,19,14185.0,4.32,11.29,5630.0,5522.0,3025.0,527.0,7.31,11.0,7.79,12.57,14704.0
2026-05-24,20,14118.0,4.14,11.06,5609.0,5582.0,3011.0,496.0,7.36,10.99,7.81,12.57,14699.0
2026-05-24,21,14057.0,4.0,11.05,5167.0,5184.0,2603.0,465.0,6.51,9.73,6.95,11.0,13419.0
2026-05-24,22,7029.0,4.0,13.19,4204.0,3853.0,1898.0,378.0,4.69,6.69,5.1,7.47,10334.0
2026-05-24,23,7.0,3.98,15.52,3552.0,2774.0,1050.0,278.0,3.47,4.71,3.84,5.17,7655.0
2026-05-25,0,2359.0,4.12,14.28,3458.0,2981.0,1638.0,265.0,2.97,4.33,3.27,4.81,8343.0
2026-05-25,1,2442.0,4.46,14.92,3329.0,2885.0,1720.0,260.0,3.05,4.42,3.35,4.9,8194.0
2026-05-25,2,2241.0,4.76,15.98,3204.0,2765.0,1527.0,252.0,3.17,4.43,3.48,4.91,7748.0
2026-05-25,3,2392.0,5.06,17.99,3209.0,2851.0,1427.0,263.0,3.37,4.62,3.72,5.1,7750.0
2026-05-25,4,4026.0,5.34,20.12,3727.0,3720.0,2479.0,311.0,4.41,6.39,4.76,6.96,10237.0
2026-05-25,5,14666.0,5.41,14.13,4893.0,5301.0,3594.0,451.0,6.62,10.2,7.02,11.69,14240.0
2026-05-25,6,15909.0,5.29,12.98,5736.0,6223.0,3727.0,550.0,8.01,12.44,8.45,14.28,16235.0
2026-05-25,7,15600.0,5.1,11.66,5933.0,6293.0,3472.0,595.0,8.47,12.8,8.92,14.6,16293.0
2026-05-25,8,15394.0,4.88,11.22,5976.0,6053.0,3517.0,540.0,8.25,12.61,8.71,14.4,16085.0
2026-05-25,9,15385.0,4.67,11.04,6054.0,5973.0,3550.0,522.0,8.07,12.53,8.57,14.3,16099.0
2026-05-25,10,15454.0,4.57,11.07,5313.0,5025.0,2914.0,448.0,6.58,9.97,7.04,11.37,13700.0
2026-05-25,11,11833.0,4.99,12.02,4367.0,3474.0,1441.0,342.0,4.57,6.43,5.02,7.19,9624.0
2026-05-25,12,982.0,5.33,13.86,4309.0,3251.0,1032.0,328.0,4.02,5.57,4.49,6.09,8920.0
2026-05-25,13,-9.0,5.37,14.26,4410.0,3296.0,1112.0,330.0,4.08,5.61,4.47,6.13,9148.0
2026-05-25,14,-6.0,5.37,14.38,4431.0,3244.0,1018.0,338.0,4.04,5.62,4.48,6.14,9031.0
2026-05-25,15,2.0,5.38,14.34,4405.0,3263.0,1125.0,327.0,4.17,5.73,4.59,6.26,9120.0
2026-05-25,16,10495.0,5.36,13.27,4707.0,4027.0,1581.0,385.0,4.72,6.92,5.15,7.85,10700.0
2026-05-25,17,12918.0,5.28,12.21,5577.0,5425.0,2858.0,486.0,6.65,10.21,7.13,11.68,14347.0
2026-05-25,18,13006.0,4.84,12.1,5922.0,5925.0,3441.0,535.0,7.59,11.87,8.07,13.6,15823.0
2026-05-25,19,13285.0,4.39,12.27,5858.0,5845.0,3338.0,518.0,7.65,11.76,8.11,13.47,15560.0
2026-05-25,20,13667.0,4.01,12.68,5758.0,5776.0,3376.0,520.0,7.71,11.79,8.16,13.45,15429.0
2026-05-25,21,13647.0,3.72,12.45,5369.0,5346.0,3048.0,511.0,6.81,10.33,7.24,11.85,14274.0
2026-05-25,22,13624.0,3.73,12.35,4272.0,4129.0,2002.0,376.0,4.95,7.12,5.34,8.1,10779.0
2026-05-25,23,4338.0,4.14,14.96,3805.0,3220.0,1455.0,295.0,3.79,5.31,4.18,5.84,8776.0
2026-05-26,0,2057.0,4.44,16.4,3590.0,3324.0,1987.0,288.0,3.16,4.73,3.46,5.23,9189.0
2026-05-26,1,1906.0,4.69,17.09,3381.0,3082.0,1780.0,271.0,3.13,4.58,3.47,5.07,8514.0
2026-05-26,2,1912.0,4.95,17.28,3221.0,2914.0,1641.0,258.0,3.26,4.58,3.59,5.06,8035.0
2026-05-26,3,1868.0,5.2,17.42,3186.0,2936.0,1609.0,255.0,3.46,4.77,3.8,5.25,7986.0
2026-05-26,4,4310.0,5.41,15.01,3748.0,3641.0,2536.0,314.0,4.34,6.37,4.7,6.93,10238.0
2026-05-26,5,15081.0,5.5,11.83,4972.0,5311.0,3772.0,455.0,6.67,10.39,7.05,11.87,14510.0
2026-05-26,6,16598.0,5.5,11.39,5775.0,6221.0,3872.0,561.0,8.06,12.52,8.51,14.37,16429.0
2026-05-26,7,16328.0,5.36,10.89,6013.0,6275.0,3530.0,608.0,8.36,12.75,8.83,14.57,16426.0
2026-05-26,8,15688.0,5.21,10.87,6136.0,6113.0,3448.0,533.0,8.12,12.64,8.6,14.48,16229.0
2026-05-26,9,15422.0,4.97,10.65,6189.0,6044.0,3463.0,541.0,8.08,12.66,8.57,14.47,16236.0
2026-05-26,10,15606.0,4.86,10.72,5379.0,5045.0,2890.0,478.0,6.49,9.95,6.99,11.33,13793.0
2026-05-26,11,9552.0,5.15,12.49,4373.0,3527.0,1428.0,369.0,4.51,6.39,4.98,7.14,9697.0
2026-05-26,12,1010.0,5.36,13.6,4272.0,3219.0,964.0,341.0,4.02,5.49,4.46,6.01,8796.0
2026-05-26,13,-2.0,5.39,13.99,4298.0,3301.0,1127.0,319.0,3.98,5.51,4.41,6.04,9044.0
2026-05-26,14,-2.0,5.4,14.09,4388.0,3303.0,1001.0,322.0,3.99,5.52,4.43,6.05,9014.0
2026-05-26,15,3.0,5.41,14.22,4384.0,3316.0,1050.0,327.0,4.02,5.59,4.48,6.12,9077.0
2026-05-26,16,11497.0,5.44,12.73,4738.0,4111.0,1642.0,410.0,4.82,7.04,5.24,7.99,10902.0
2026-05-26,17,12774.0,5.34,12.14,5619.0,5460.0,2847.0,500.0,6.65,10.28,7.12,11.77,14426.0
2026-05-26,18,12889.0,4.86,12.08,5981.0,5927.0,3470.0,534.0,7.55,11.84,8.03,13.6,15912.0
2026-05-26,19,13000.0,4.38,11.98,5886.0,5872.0,3424.0,543.0,7.56,11.73,8.02,13.46,15725.0
2026-05-26,20,13201.0,3.92,11.6,5807.0,5838.0,3342.0,573.0,7.57,11.68,8.05,13.36,15561.0
2026-05-26,21,13887.0,3.59,11.49,5483.0,5419.0,3136.0,498.0,6.74,10.4,7.17,11.94,14535.0
2026-05-26,22,13370.0,3.55,10.6,4643.0,4375.0,2242.0,386.0,5.01,7.54,5.43,8.65,11646.0
2026-05-26,23,6252.0,3.69,8.15,3709.0,2819.0,973.0,310.0,3.38,4.7,3.76,5.36,7811.0
2026-05-27,0,4654.0,3.64,11.92,3487.0,2875.0,1610.0,276.0,2.84,4.18,3.1,4.75,8248.0
2026-05-27,1,2389.0,3.94,12.11,3540.0,2868.0,1857.0,274.0,3.05,4.49,3.31,4.98,8538.0
2026-05-27,2,2517.0,4.26,13.36,3419.0,2713.0,1886.0,265.0,3.08,4.61,3.41,5.08,8282.0
2026-05-27,3,2591.0,4.6,13.87,3171.0,2536.0,1691.0,249.0,2.94,4.23,3.23,4.7,7647.0
2026-05-27,4,6118.0,4.92,12.57,3849.0,3642.0,2667.0,365.0,4.0,6.18,4.37,6.74,10523.0
2026-05-27,5,15841.0,5.24,12.12,5171.0,5420.0,3822.0,487.0,6.62,10.47,7.02,11.94,14900.0
2026-05-27,6,16626.0,5.29,11.27,5888.0,6232.0,3797.0,571.0,7.99,12.49,8.42,14.34,16488.0
2026-05-27,7,16038.0,5.11,10.52,6125.0,6292.0,3558.0,569.0,8.27,12.78,8.73,14.65,16543.0
2026-05-27,8,15641.0,4.91,9.9,6099.0,6185.0,3571.0,545.0,8.12,12.64,8.57,14.44,16400.0
2026-05-27,9,15591.0,4.7,9.67,6137.0,6076.0,3645.0,522.0,7.99,12.52,8.45,14.35,16379.0
2026-05-27,10,13764.0,4.52,10.5,5527.0,5248.0,3019.0,482.0,6.47,10.17,6.94,11.62,14277.0
2026-05-27,11,11239.0,4.47,12.41,4496.0,3676.0,1652.0,382.0,4.5,6.58,4.93,7.46,10206.0
2026-05-27,12,979.0,4.6,13.31,4299.0,3196.0,990.0,318.0,3.85,5.32,4.25,5.84,8804.0
2026-05-27,13,-3.0,4.62,13.55,4358.0,3255.0,1013.0,313.0,3.83,5.33,4.25,5.86,8939.0
2026-05-27,14,0.0,4.62,13.79,4414.0,3294.0,1001.0,307.0,3.91,5.41,4.33,5.94,9016.0
2026-05-27,15,-8.0,4.63,13.85,4370.0,3369.0,999.0,308.0,3.97,5.47,4.39,5.99,9046.0
2026-05-27,16,8494.0,4.32,13.44,4779.0,4062.0,1597.0,386.0,4.65,6.94,5.09,7.89,10824.0
2026-05-27,17,15990.0,4.35,10.4,5731.0,5553.0,3069.0,503.0,6.43,10.2,6.91,11.78,14856.0
2026-05-27,18,16073.0,4.29,9.91,6071.0,5980.0,3465.0,520.0,7.47,11.9,7.94,13.67,16036.0
2026-05-27,19,15980.0,4.19,9.69,5924.0,6013.0,3403.0,534.0,7.6,11.83,8.07,13.55,15874.0
2026-05-27,20,16081.0,4.11,9.78,5905.0,6178.0,3336.0,529.0,7.58,11.76,8.05,13.48,15948.0
2026-05-27,21,14402.0,3.99,9.99,5484.0,5468.0,3211.0,495.0,6.57,10.36,7.01,11.76,14658.0
2026-05-27,22,8014.0,3.99,12.43,4412.0,3894.0,2116.0,360.0,4.44,6.73,4.86,7.57,10782.0
2026-05-27,23,7.0,4.01,15.68,3819.0,2862.0,1253.0,279.0,3.31,4.72,3.67,5.19,8214.0
2026-05-28,0,2223.0,4.14,14.89,3620.0,3097.0,2099.0,310.0,2.8,4.41,3.04,4.89,9126.0
2026-05-28,1,2628.0,4.48,15.42,3465.0,2994.0,1767.0,281.0,2.97,4.42,3.27,4.9,8506.0
2026-05-28,2,2666.0,4.83,16.22,3250.0,2689.0,1549.0,244.0,2.99,4.25,3.31,4.73,7732.0
2026-05-28,3,2689.0,5.18,16.85,3101.0,2609.0,1445.0,242.0,3.04,4.22,3.36,4.69,7397.0
2026-05-28,4,5287.0,5.48,16.7,3777.0,3637.0,2631.0,316.0,4.12,6.27,4.48,6.86,10361.0
2026-05-28,5,14555.0,5.47,11.11,5018.0,5279.0,3666.0,461.0,6.54,10.29,6.94,11.83,14423.0
2026-05-28,6,16956.0,5.42,11.75,5857.0,6176.0,3876.0,569.0,7.96,12.47,8.4,14.32,16478.0
2026-05-28,7,16492.0,5.32,11.11,6068.0,6265.0,3575.0,580.0,8.3,12.79,8.75,14.63,16488.0
2026-05-28,8,16138.0,5.2,10.97,6078.0,6127.0,3511.0,534.0,8.2,12.72,8.68,14.54,16250.0
2026-05-28,9,15647.0,5.01,10.97,6123.0,5999.0,3604.0,531.0,8.07,12.61,8.58,14.41,16258.0
2026-05-28,10,13695.0,4.84,11.78,5401.0,5074.0,2998.0,485.0,6.52,10.15,7.02,11.54,13958.0
2026-05-28,11,10144.0,4.73,13.96,4424.0,3652.0,1688.0,377.0,4.61,6.66,5.06,7.53,10141.0
2026-05-28,12,1282.0,4.77,14.36,4333.0,3249.0,1046.0,314.0,3.99,5.58,4.44,6.09,8942.0
2026-05-28,13,9.0,4.79,14.69,4366.0,3296.0,1068.0,312.0,4.08,5.63,4.47,6.1,9042.0
2026-05-28,14,7.0,4.79,14.65,4380.0,3260.0,1063.0,319.0,3.99,5.58,4.41,6.05,9022.0
2026-05-28,15,-2.0,4.8,14.7,4405.0,3305.0,1018.0,332.0,4.01,5.58,4.44,6.05,9059.0
2026-05-28,16,10448.0,4.74,13.49,4744.0,4009.0,1590.0,398.0,4.75,6.96,5.19,7.9,10741.0
2026-05-28,17,14128.0,4.68,11.84,5659.0,5458.0,2871.0,495.0,6.64,10.23,7.11,11.76,14482.0
2026-05-28,18,14406.0,4.43,11.56,5956.0,5923.0,3364.0,549.0,7.57,11.83,8.03,13.56,15792.0
2026-05-28,19,14550.0,4.14,11.61,5936.0,5857.0,3396.0,562.0,7.54,11.76,8.01,13.48,15751.0
2026-05-28,20,14630.0,3.88,11.45,5876.0,5839.0,3331.0,537.0,7.56,11.72,8.03,13.42,15584.0
2026-05-28,21,14245.0,3.67,10.81,5421.0,5320.0,3196.0,484.0,6.57,10.21,7.01,11.73,14422.0
2026-05-28,22,13903.0,3.69,10.37,4539.0,4378.0,2329.0,419.0,5.06,7.62,5.46,8.66,11666.0
2026-05-28,23,7960.0,4.07,10.58,3684.0,2887.0,1293.0,347.0,3.37,4.78,3.75,5.38,8211.0
2026-05-29,0,954.0,4.21,14.5,3502.0,3077.0,2012.0,296.0,2.86,4.4,3.11,4.88,8887.0
2026-05-29,1,3158.0,4.53,14.09,3425.0,2912.0,2013.0,280.0,2.95,4.49,3.24,4.97,8630.0
2026-05-29,2,3170.0,4.94,14.69,3390.0,2961.0,1928.0,273.0,3.22,4.72,3.53,5.2,8552.0
2026-05-29,3,2026.0,5.29,15.97,3106.0,2572.0,1638.0,262.0,3.05,4.3,3.35,4.77,7577.0
2026-05-29,4,4757.0,5.48,17.1,3839.0,3699.0,2709.0,344.0,4.31,6.5,4.67,7.09,10590.0
2026-05-29,5,14460.0,5.44,11.7,5043.0,5287.0,3727.0,479.0,6.62,10.35,7.01,11.87,14536.0
2026-05-29,6,15360.0,5.32,11.51,5944.0,6230.0,3745.0,544.0,7.95,12.47,8.4,14.34,16463.0
2026-05-29,7,15000.0,4.99,11.54,6100.0,6346.0,3603.0,556.0,8.32,12.87,8.78,14.74,16605.0
2026-05-29,8,14972.0,4.67,11.27,6110.0,6119.0,3592.0,583.0,8.04,12.61,8.52,14.43,16405.0
2026-05-29,9,14739.0,4.36,10.71,6188.0,6047.0,3479.0,531.0,7.99,12.54,8.46,14.36,16245.0
2026-05-29,10,14487.0,4.1,10.2,5576.0,5238.0,2984.0,481.0,6.62,10.26,7.08,11.76,14279.0
2026-05-29,11,11654.0,4.29,11.26,4474.0,3622.0,1560.0,358.0,4.42,6.41,4.85,7.25,10013.0
2026-05-29,12,5.0,4.42,13.06,4248.0,3174.0,946.0,332.0,3.77,5.21,4.2,5.73,8700.0
2026-05-29,13,3.0,4.43,13.61,4320.0,3274.0,957.0,334.0,3.88,5.34,4.29,5.86,8884.0
2026-05-29,14,7.0,4.43,13.31,4367.0,3155.0,943.0,314.0,3.83,5.31,4.25,5.82,8780.0
2026-05-29,15,147.0,4.44,14.21,4409.0,3248.0,1062.0,331.0,3.95,5.55,4.38,6.07,9050.0
2026-05-29,16,13009.0,4.57,12.39,4869.0,4138.0,1856.0,422.0,4.85,7.28,5.31,8.26,11286.0
2026-05-29,17,13261.0,4.49,11.91,5749.0,5515.0,2975.0,499.0,6.64,10.46,7.12,11.95,14737.0
2026-05-29,18,13757.0,4.1,11.55,6031.0,5966.0,3462.0,542.0,7.64,11.99,8.12,13.75,16000.0
2026-05-29,19,13919.0,3.74,11.56,5808.0,5715.0,3271.0,527.0,7.63,11.72,8.1,13.39,15320.0
2026-05-29,20,13967.0,3.44,11.45,5814.0,5698.0,3292.0,545.0,7.59,11.64,8.04,13.29,15348.0
2026-05-29,21,14142.0,3.2,11.44,5470.0,5266.0,3027.0,500.0,6.72,10.27,7.16,11.76,14263.0
2026-05-29,22,14315.0,3.29,11.92,4318.0,4060.0,2121.0,405.0,4.8,7.1,5.2,8.09,10905.0
2026-05-29,23,3749.0,3.75,15.07,3836.0,2965.0,1332.0,316.0,3.44,4.88,3.79,5.37,8448.0
2026-05-30,0,2634.0,4.11,14.62,3499.0,3004.0,1940.0,277.0,2.71,4.19,2.96,4.68,8721.0
2026-05-30,1,2652.0,4.45,14.93,3492.0,3129.0,1903.0,274.0,2.95,4.47,3.26,4.96,8798.0
2026-05-30,2,2831.0,4.81,16.71,3282.0,2879.0,1600.0,262.0,3.02,4.35,3.35,4.83,8022.0
2026-05-30,3,2696.0,5.18,15.33,2988.0,2436.0,1327.0,258.0,2.88,3.97,3.17,4.43,7009.0
2026-05-30,4,10002.0,5.47,14.65,3785.0,3638.0,2517.0,323.0,4.06,6.2,4.4,7.06,10263.0
2026-05-30,5,13969.0,5.46,12.32,4826.0,5057.0,3400.0,429.0,6.1,9.52,6.49,10.83,13712.0
2026-05-30,6,15052.0,5.36,11.31,5487.0,5701.0,3296.0,504.0,7.52,11.31,7.96,12.95,14987.0
2026-05-30,7,15078.0,5.21,11.11,5777.0,5946.0,3254.0,569.0,8.02,12.02,8.46,13.71,15546.0
2026-05-30,8,14777.0,5.0,10.61,5910.0,5956.0,3321.0,556.0,7.75,11.89,8.21,13.62,15743.0
2026-05-30,9,14753.0,4.74,10.38,5998.0,5904.0,3295.0,576.0,7.54,11.76,8.01,13.48,15772.0
2026-05-30,10,14611.0,4.55,10.16,5470.0,5200.0,2840.0,478.0,6.38,9.86,6.84,11.33,13988.0
2026-05-30,11,11602.0,4.63,11.23,4498.0,3832.0,1624.0,383.0,4.61,6.7,5.05,7.6,10336.0
2026-05-30,12,71.0,4.72,13.23,4205.0,3248.0,904.0,340.0,4.01,5.41,4.43,5.93,8697.0
2026-05-30,13,5.0,4.73,13.97,4346.0,3352.0,936.0,329.0,4.02,5.51,4.46,6.04,8962.0
2026-05-30,14,9.0,4.74,14.26,4392.0,3374.0,963.0,328.0,4.11,5.6,4.52,6.14,9056.0
2026-05-30,15,9.0,4.74,14.33,4353.0,3354.0,1047.0,346.0,4.12,5.63,4.54,6.16,9101.0
2026-05-30,16,11986.0,4.81,12.72,4739.0,4064.0,1676.0,417.0,4.77,6.99,5.21,7.93,10896.0
2026-05-30,17,12988.0,4.79,12.47,5544.0,5284.0,2659.0,478.0,6.41,9.81,6.87,11.23,13965.0
2026-05-30,18,12702.0,4.42,12.54,5762.0,5650.0,3081.0,492.0,7.36,11.18,7.83,12.81,14985.0
2026-05-30,19,12683.0,4.03,12.72,5624.0,5469.0,2987.0,480.0,7.33,11.03,7.81,12.59,14560.0
2026-05-30,20,13259.0,3.73,12.23,5508.0,5382.0,2994.0,499.0,7.33,10.87,7.78,12.4,14384.0
2026-05-30,21,13543.0,3.54,12.04,5140.0,4939.0,2686.0,442.0,6.49,9.56,6.95,10.93,13207.0
2026-05-30,22,8312.0,3.4,15.17,4096.0,3744.0,1805.0,365.0,4.72,6.73,5.13,7.62,10010.0
2026-05-30,23,3602.0,3.49,17.02,3590.0,2821.0,1306.0,299.0,3.61,4.94,3.95,5.41,8016.0
2026-05-31,0,2050.0,3.84,17.14,3525.0,3100.0,1759.0,279.0,2.96,4.43,3.26,4.92,8663.0
2026-05-31,1,2035.0,4.11,16.95,3417.0,3051.0,1860.0,287.0,3.1,4.56,3.39,5.04,8614.0
2026-05-31,2,2064.0,4.38,17.36,3354.0,3044.0,1713.0,262.0,3.24,4.64,3.58,5.14,8373.0
2026-05-31,3,2106.0,4.65,17.84,3180.0,2860.0,1464.0,254.0,3.28,4.55,3.64,5.03,7758.0
2026-05-31,4,12074.0,5.01,16.64,3773.0,3714.0,2399.0,319.0,4.19,6.28,4.54,7.14,10205.0
2026-05-31,5,14818.0,5.24,16.12,4812.0,5018.0,3441.0,418.0,6.11,9.55,6.5,10.85,13689.0
2026-05-31,6,14215.0,5.17,14.86,5410.0,5589.0,3402.0,482.0,7.6,11.38,8.03,13.0,14882.0
2026-05-31,7,14094.0,4.91,13.24,5590.0,5739.0,3161.0,500.0,8.17,12.0,8.62,13.65,14989.0
2026-05-31,8,14796.0,4.73,12.48,5696.0,5680.0,3271.0,529.0,7.89,11.8,8.34,13.46,15178.0
2026-05-31,9,14674.0,4.53,12.15,5805.0,5762.0,3319.0,583.0,7.54,11.62,8.01,13.29,15468.0
2026-05-31,10,14579.0,4.36,11.87,5444.0,5133.0,2862.0,477.0,6.49,9.96,6.97,11.37,13916.0
2026-05-31,11,12866.0,4.51,12.69,4420.0,3856.0,1602.0,374.0,4.73,6.78,5.19,7.68,10251.0
2026-05-31,12,1085.0,4.72,14.67,4216.0,3512.0,913.0,345.0,4.2,5.69,4.66,6.19,8986.0
2026-05-31,13,10.0,4.73,15.14,4249.0,3401.0,988.0,325.0,4.31,5.76,4.73,6.24,8963.0
2026-05-31,14,7.0,4.74,16.44,4225.0,3417.0,1070.0,324.0,4.43,5.96,4.87,6.45,9036.0
2026-05-31,15,5.0,4.75,14.07,3958.0,3081.0,3448.0,326.0,4.2,5.49,4.61,5.97,10811.0
2026-05-31,16,10637.0,4.79,14.69,4270.0,3659.0,1181.0,355.0,4.75,6.55,5.17,7.38,9465.0
2026-05-31,17,12663.0,4.87,14.23,4974.0,4799.0,2350.0,448.0,6.29,9.06,6.72,10.26,12570.0
2026-05-31,18,13916.0,4.72,13.55,5467.0,5360.0,3112.0,482.0,7.35,10.93,7.79,12.47,14421.0
2026-05-31,19,13181.0,4.54,14.31,5345.0,5266.0,3001.0,485.0,7.41,10.84,7.85,12.33,14097.0
2026-05-31,20,10739.0,4.14,16.09,5269.0,5414.0,3019.0,473.0,7.34,10.75,7.79,12.24,14174.0
2026-05-31,21,11100.0,3.68,16.17,4964.0,4862.0,2707.0,451.0,6.52,9.47,6.95,10.77,12984.0
2026-05-31,22,9960.0,3.47,16.86,4304.0,3979.0,2038.0,384.0,5.25,7.46,5.65,8.42,10704.0
2026-05-31,23,3482.0,3.47,18.44,3496.0,2773.0,1211.0,280.0,3.53,4.84,3.9,5.32,7760.0
2025-03-01,0,4382.0,3.38,16.42,3792.0,2674.0,2299.0,276.0,4.65,4.2,5.17,4.39,9041.0
2025-03-01,1,3456.0,3.82,16.95,3633.0,2476.0,2154.0,240.0,4.67,4.33,5.26,4.42,8503.0
2025-03-01,2,3613.0,4.26,18.35,3417.0,2292.0,1985.0,221.0,4.74,4.44,5.34,4.53,7915.0
2025-03-01,3,3654.0,4.71,18.64,3315.0,2334.0,2205.0,224.0,4.85,4.69,5.57,4.73,8078.0
2025-03-01,4,2665.0,5.11,18.99,3444.0,2560.0,2402.0,239.0,4.98,4.89,5.61,5.0,8645.0
2025-03-01,5,9277.0,5.16,17.6,4212.0,3601.0,2690.0,318.0,5.9,6.7,6.92,7.26,10821.0
2025-03-01,6,11875.0,5.01,15.82,4872.0,4450.0,2598.0,436.0,7.3,8.75,8.72,9.5,12356.0
2025-03-01,7,11996.0,4.68,12.91,5602.0,5237.0,3168.0,526.0,7.97,10.22,9.52,11.25,14533.0
2025-03-01,8,13286.0,4.25,11.46,6043.0,5577.0,3597.0,476.0,7.96,10.55,9.45,11.72,15693.0
2025-03-01,9,12835.0,3.74,10.27,6296.0,5612.0,3742.0,464.0,7.86,10.57,9.36,11.76,16114.0
2025-03-01,10,12035.0,3.21,10.42,5801.0,5174.0,3080.0,425.0,6.97,9.04,8.33,10.05,14480.0
2025-03-01,11,11836.0,2.94,10.25,4983.0,4434.0,2049.0,400.0,5.87,6.88,6.81,7.61,11867.0
2025-03-01,12,11522.0,2.91,9.75,4565.0,4117.0,1088.0,349.0,5.46,6.21,6.2,6.8,10119.0
2025-03-01,13,11580.0,2.99,9.9,4547.0,3942.0,835.0,346.0,5.44,6.17,6.2,6.72,9670.0
2025-03-01,14,11544.0,3.08,9.99,4572.0,3927.0,1125.0,337.0,5.48,6.18,6.23,6.73,9962.0
2025-03-01,15,11590.0,3.17,10.07,4565.0,3870.0,1053.0,336.0,5.45,6.21,6.22,6.74,9824.0
2025-03-01,16,11592.0,3.25,10.15,4559.0,4114.0,1066.0,370.0,5.55,6.29,6.31,6.85,10108.0
2025-03-01,17,11779.0,3.26,10.54,5025.0,4781.0,1837.0,398.0,6.18,8.09,7.21,8.89,12040.0
2025-03-01,18,12551.0,2.96,11.77,5920.0,5231.0,3432.0,443.0,7.51,9.63,8.85,10.77,15026.0
2025-03-01,19,13239.0,2.63,12.78,5829.0,5000.0,3269.0,433.0,7.54,9.6,8.96,10.65,14531.0
2025-03-01,20,14014.0,2.45,14.32,5557.0,4909.0,3063.0,402.0,7.52,9.59,8.85,10.45,13931.0
2025-03-01,21,13375.0,2.39,16.34,5193.0,4473.0,3131.0,402.0,6.57,8.32,7.79,9.1,13198.0
2025-03-01,22,6981.0,2.11,19.28,4156.0,3383.0,1968.0,319.0,5.32,5.83,6.02,6.26,9826.0
2025-03-01,23,5248.0,2.03,16.66,3902.0,2801.0,1780.0,264.0,4.93,4.8,5.51,4.96,8748.0
2025-03-02,0,4958.0,2.61,15.05,3739.0,2741.0,2212.0,235.0,4.66,4.38,5.19,4.51,8926.0
2025-03-02,1,5035.0,3.23,15.87,3623.0,2602.0,2121.0,221.0,4.69,4.48,5.2,4.57,8566.0
2025-03-02,2,5234.0,3.87,17.44,3337.0,2295.0,1977.0,212.0,4.67,4.4,5.24,4.52,7821.0
2025-03-02,3,5209.0,4.52,17.63,3201.0,2314.0,2022.0,221.0,4.77,4.74,5.37,4.69,7759.0
2025-03-02,4,5072.0,5.16,17.21,3486.0,2698.0,2405.0,249.0,5.08,5.3,5.86,5.31,8838.0
2025-03-02,5,10259.0,5.45,16.52,4007.0,3518.0,2518.0,296.0,5.81,6.72,6.83,7.15,10339.0
2025-03-02,6,13301.0,5.52,15.83,4685.0,4367.0,2728.0,455.0,7.19,8.93,8.59,9.61,12235.0
2025-03-02,7,12280.0,5.39,13.62,5220.0,5174.0,2953.0,468.0,7.58,10.25,9.01,11.16,13817.0
2025-03-02,8,11754.0,4.92,12.21,5944.0,5468.0,3404.0,452.0,7.98,10.41,9.48,11.56,15268.0
2025-03-02,9,12229.0,4.32,12.64,6134.0,5646.0,3679.0,451.0,7.95,10.44,9.44,11.64,15909.0
2025-03-02,10,12354.0,3.76,12.39,5882.0,5302.0,3596.0,430.0,7.32,9.52,8.69,10.57,15211.0
2025-03-02,11,12441.0,3.5,12.34,4943.0,4458.0,2188.0,411.0,6.07,7.22,7.11,7.93,12001.0
2025-03-02,12,12333.0,3.57,12.27,4565.0,3850.0,1131.0,363.0,5.59,6.08,6.34,6.59,9910.0
2025-03-02,13,11523.0,3.69,12.69,4572.0,3809.0,1297.0,346.0,5.62,6.06,6.38,6.57,10025.0
2025-03-02,14,11633.0,3.77,13.2,4579.0,3747.0,1235.0,325.0,5.64,6.05,6.4,6.57,9886.0
2025-03-02,15,11738.0,3.88,13.61,4571.0,3754.0,1929.0,314.0,5.64,6.06,6.41,6.58,10567.0
2025-03-02,16,11669.0,4.0,13.48,4544.0,3847.0,1306.0,359.0,5.63,6.03,6.4,6.55,10056.0
2025-03-02,17,11698.0,4.03,13.67,5102.0,4491.0,2106.0,376.0,6.27,7.44,7.33,8.18,12075.0
2025-03-02,18,11121.0,3.66,14.02,5813.0,5204.0,3225.0,418.0,7.38,9.42,8.69,10.45,14659.0
2025-03-02,19,11039.0,3.1,13.72,5730.0,5152.0,3321.0,446.0,7.51,9.56,8.94,10.6,14649.0
2025-03-02,20,11313.0,2.59,13.98,5576.0,5074.0,3122.0,428.0,7.5,9.49,8.85,10.46,14201.0
2025-03-02,21,11924.0,2.2,15.35,5190.0,4637.0,2871.0,391.0,6.74,8.53,8.0,9.29,13089.0
2025-03-02,22,9560.0,1.97,17.11,4320.0,3728.0,2089.0,336.0,5.57,6.26,6.37,6.75,10473.0
2025-03-02,23,4631.0,2.18,17.78,3749.0,2680.0,1679.0,256.0,4.84,4.67,5.47,4.75,8365.0
2025-03-03,0,4513.0,2.75,17.77,3515.0,2502.0,1939.0,231.0,4.54,4.32,5.09,4.27,8186.0
2025-03-03,1,4437.0,3.3,17.56,3390.0,2336.0,1854.0,217.0,4.6,4.27,5.15,4.35,7797.0
2025-03-03,2,4398.0,3.85,17.95,3299.0,2329.0,2035.0,216.0,4.75,4.66,5.32,4.65,7879.0
2025-03-03,3,4460.0,4.39,19.01,3246.0,2395.0,2186.0,219.0,4.81,4.76,5.45,4.76,8046.0
2025-03-03,4,4281.0,4.94,18.98,3330.0,2570.0,2321.0,239.0,4.9,4.88,5.57,5.0,8460.0
2025-03-03,5,11079.0,5.24,16.96,4076.0,3602.0,2943.0,320.0,5.67,6.55,6.57,7.06,10941.0
2025-03-03,6,14832.0,5.32,14.49,5386.0,4689.0,3401.0,450.0,7.41,8.83,8.9,9.7,13926.0
2025-03-03,7,13336.0,5.1,11.85,5966.0,5468.0,3442.0,530.0,7.87,10.43,9.42,11.54,15407.0
2025-03-03,8,13262.0,4.64,11.38,6198.0,5535.0,3826.0,480.0,7.88,10.41,9.39,11.61,16039.0
2025-03-03,9,13272.0,4.11,10.93,6590.0,5477.0,4033.0,455.0,8.32,10.33,9.92,11.65,16556.0
2025-03-03,10,13341.0,3.59,10.56,6218.0,5087.0,3667.0,420.0,7.47,9.15,8.83,10.27,15393.0
2025-03-03,11,13577.0,3.41,10.86,5387.0,4353.0,2701.0,386.0,6.28,7.32,7.42,8.05,12828.0
2025-03-03,12,13555.0,3.53,10.91,5076.0,3971.0,2047.0,320.0,5.88,6.43,6.77,7.05,11414.0
2025-03-03,13,13330.0,3.73,11.13,4914.0,3730.0,1610.0,317.0,5.76,6.27,6.58,6.83,10571.0
2025-03-03,14,11148.0,3.86,12.09,4714.0,3628.0,1481.0,318.0,5.66,6.13,6.41,6.66,10141.0
2025-03-03,15,10734.0,3.82,11.9,4698.0,3725.0,1487.0,320.0,5.68,6.13,6.43,6.67,10230.0
2025-03-03,16,11207.0,3.76,12.85,4836.0,3961.0,1668.0,376.0,5.75,6.37,6.54,6.97,10842.0
2025-03-03,17,11490.0,3.56,12.22,5542.0,4842.0,2528.0,426.0,6.6,8.32,7.83,9.18,13338.0
2025-03-03,18,13515.0,3.18,10.79,6185.0,5445.0,3727.0,441.0,7.73,10.23,9.24,11.4,15798.0
2025-03-03,19,13443.0,2.86,11.61,5914.0,5177.0,3521.0,431.0,7.65,9.95,9.07,11.02,15044.0
2025-03-03,20,13276.0,2.55,12.41,5745.0,5114.0,3386.0,429.0,7.55,9.74,8.97,10.75,14674.0
2025-03-03,21,13048.0,2.3,11.84,5371.0,4638.0,3287.0,393.0,6.79,8.8,8.07,9.64,13689.0
2025-03-03,22,10568.0,2.11,13.49,4427.0,3699.0,2419.0,346.0,5.62,6.58,6.47,7.12,10892.0
2025-03-03,23,6033.0,2.21,14.61,3787.0,2797.0,1890.0,267.0,4.93,4.94,5.47,5.14,8741.0
2025-03-04,0,2779.0,2.57,13.27,3590.0,2607.0,1995.0,228.0,4.57,4.26,5.06,4.35,8419.0
2025-03-04,1,2877.0,2.91,14.19,3612.0,2613.0,2237.0,226.0,4.75,4.61,5.29,4.72,8688.0
2025-03-04,2,4091.0,3.31,15.92,3534.0,2659.0,2236.0,222.0,4.9,4.95,5.49,4.99,8651.0
2025-03-04,3,5495.0,3.94,16.49,3318.0,2470.0,2059.0,215.0,4.79,4.75,5.44,4.77,8062.0
2025-03-04,4,5269.0,4.61,15.69,3305.0,2548.0,2178.0,234.0,4.89,4.93,5.53,4.96,8265.0
2025-03-04,5,10726.0,4.99,12.5,4187.0,3791.0,2483.0,340.0,6.0,7.14,7.07,7.65,10801.0
2025-03-04,6,11448.0,4.73,12.56,5274.0,4841.0,3148.0,461.0,7.39,9.31,8.79,10.24,13723.0
2025-03-04,7,13260.0,4.28,10.03,6075.0,5560.0,3879.0,526.0,8.1,10.74,9.58,11.93,16041.0
2025-03-04,8,13300.0,3.79,9.7,6235.0,5587.0,3777.0,470.0,8.01,10.74,9.54,11.96,16069.0
2025-03-04,9,13417.0,3.31,9.43,6297.0,5472.0,3745.0,461.0,7.89,10.61,9.38,11.84,15975.0
2025-03-04,10,13793.0,2.88,9.62,5932.0,5122.0,3617.0,422.0,7.18,9.53,8.53,10.53,15092.0
2025-03-04,11,14127.0,2.83,10.06,5130.0,4296.0,2079.0,357.0,6.0,7.23,7.05,7.96,11863.0
2025-03-04,12,14701.0,3.15,11.45,4744.0,3925.0,1382.0,327.0,5.62,6.32,6.37,6.84,10378.0
2025-03-04,13,13799.0,3.51,11.48,4712.0,3909.0,1455.0,312.0,5.64,6.3,6.39,6.85,10387.0
2025-03-04,14,12894.0,3.76,12.07,4636.0,3782.0,1577.0,315.0,5.67,6.29,6.42,6.83,10310.0
2025-03-04,15,13051.0,3.98,12.58,4611.0,3762.0,1486.0,330.0,5.66,6.25,6.41,6.77,10189.0
2025-03-04,16,13177.0,4.23,14.15,4644.0,3950.0,1293.0,355.0,5.7,6.34,6.46,6.88,10241.0
2025-03-04,17,12492.0,4.34,15.18,5283.0,4583.0,2620.0,387.0,6.32,7.8,7.46,8.57,12872.0
2025-03-04,18,12478.0,4.04,15.36,5919.0,5245.0,3679.0,436.0,7.48,9.79,8.83,10.84,15279.0
2025-03-04,19,12587.0,3.6,15.39,5926.0,5203.0,3594.0,454.0,7.69,10.01,9.1,11.11,15177.0
2025-03-04,20,12727.0,3.21,15.34,5691.0,5157.0,3314.0,416.0,7.65,9.88,9.0,10.88,14578.0
2025-03-04,21,10755.0,2.81,16.17,5151.0,4516.0,3249.0,373.0,6.58,8.43,7.82,9.26,13288.0
2025-03-04,22,9998.0,2.47,17.18,4292.0,3591.0,2529.0,349.0,5.53,6.34,6.31,6.93,10761.0
2025-03-04,23,6906.0,2.57,17.46,3872.0,3041.0,1852.0,264.0,4.8,4.75,5.38,4.92,9028.0
2025-03-05,0,4950.0,3.17,14.85,3798.0,3057.0,2313.0,232.0,4.6,4.52,5.16,4.57,9400.0
2025-03-05,1,3816.0,3.71,16.62,3573.0,2614.0,2116.0,215.0,4.58,4.41,5.18,4.5,8518.0
2025-03-05,2,2866.0,4.13,17.77,3415.0,2297.0,2064.0,205.0,4.67,4.39,5.21,4.56,7981.0
2025-03-05,3,2644.0,4.46,18.53,3310.0,2279.0,2312.0,205.0,4.75,4.54,5.31,4.73,8105.0
2025-03-05,4,2507.0,4.78,17.04,3280.0,2535.0,2370.0,230.0,4.94,4.9,5.6,5.06,8416.0
2025-03-05,5,10385.0,5.03,15.13,4143.0,3703.0,2781.0,334.0,5.83,6.89,6.91,7.4,10961.0
2025-03-05,6,13404.0,4.98,13.82,5418.0,4992.0,3233.0,482.0,7.34,9.47,8.76,10.45,14126.0
2025-03-05,7,12643.0,4.57,11.39,6020.0,5619.0,3749.0,541.0,8.16,10.73,9.79,11.97,15929.0
2025-03-05,8,12817.0,4.0,10.41,6267.0,5688.0,4053.0,488.0,8.06,10.94,9.6,12.19,16495.0
2025-03-05,9,12988.0,3.4,10.19,6397.0,5729.0,3885.0,458.0,8.13,11.02,9.65,12.29,16468.0
2025-03-05,10,12687.0,2.89,10.83,5741.0,4968.0,3380.0,412.0,6.91,9.04,8.26,10.03,14501.0
2025-03-05,11,12661.0,2.76,11.14,4822.0,4029.0,2173.0,380.0,5.76,6.79,6.74,7.47,11405.0
2025-03-05,12,12716.0,2.91,11.5,4583.0,3764.0,1611.0,324.0,5.49,6.15,6.28,6.73,10282.0
2025-03-05,13,12770.0,3.15,11.85,4539.0,3735.0,1324.0,323.0,5.44,6.13,6.21,6.7,9921.0
2025-03-05,14,12723.0,3.38,11.96,4574.0,3688.0,1403.0,316.0,5.6,6.18,6.39,6.75,9981.0
2025-03-05,15,11410.0,3.52,12.81,4477.0,3725.0,1449.0,313.0,5.58,6.17,6.34,6.74,9964.0
2025-03-05,16,11750.0,3.6,13.82,4596.0,3939.0,1268.0,353.0,5.59,6.38,6.38,6.95,10156.0
2025-03-05,17,11641.0,3.5,13.46,5449.0,4749.0,2797.0,396.0,6.59,8.3,7.84,9.21,13391.0
2025-03-05,18,11369.0,3.04,12.47,5884.0,5249.0,3387.0,433.0,7.62,9.85,9.01,11.02,14953.0
2025-03-05,19,11638.0,2.49,11.77,5803.0,5126.0,3356.0,441.0,7.63,9.93,9.02,11.0,14726.0
2025-03-05,20,12869.0,2.07,11.65,5733.0,5067.0,3507.0,471.0,7.61,9.89,8.98,10.87,14778.0
2025-03-05,21,13105.0,1.81,11.67,5282.0,4566.0,2986.0,413.0,6.83,8.68,8.25,9.47,13247.0
2025-03-05,22,9593.0,1.8,13.48,4104.0,3300.0,1884.0,310.0,5.91,5.97,6.36,6.38,9599.0
2025-03-05,23,5040.0,1.9,13.78,3780.0,2762.0,1767.0,248.0,5.45,4.92,5.66,5.01,8556.0
2025-03-06,0,4643.0,2.47,13.54,3666.0,2755.0,2258.0,228.0,5.12,4.42,5.18,4.52,8907.0
2025-03-06,1,4844.0,3.07,15.07,3586.0,2717.0,2241.0,229.0,5.25,4.73,5.37,4.74,8773.0
2025-03-06,2,5066.0,3.7,16.88,3340.0,2506.0,2027.0,215.0,5.24,4.57,5.3,4.67,8089.0
2025-03-06,3,5134.0,4.35,17.53,3160.0,2402.0,1944.0,213.0,5.3,4.67,5.43,4.72,7719.0
2025-03-06,4,5137.0,5.01,18.03,3334.0,2714.0,2434.0,241.0,5.62,5.23,5.79,5.38,8724.0
2025-03-06,5,10400.0,5.42,17.34,4043.0,3705.0,2801.0,327.0,6.38,6.93,6.95,7.47,10877.0
2025-03-06,6,12659.0,5.38,14.86,5215.0,4950.0,3085.0,451.0,7.65,9.43,8.88,10.33,13702.0
2025-03-06,7,11506.0,4.89,12.2,5944.0,5507.0,3550.0,533.0,8.43,10.72,9.81,11.93,15534.0
2025-03-06,8,11466.0,4.2,11.53,6168.0,5553.0,3602.0,473.0,8.26,10.79,9.62,12.01,15796.0
2025-03-06,9,11628.0,3.49,11.23,6208.0,5535.0,3511.0,449.0,8.26,10.74,9.63,12.0,15704.0
2025-03-06,10,11662.0,2.87,10.86,5749.0,5041.0,3118.0,438.0,7.46,9.37,8.55,10.39,14346.0
2025-03-06,11,11769.0,2.59,10.82,4874.0,4189.0,2326.0,349.0,6.42,7.03,6.94,7.76,11738.0
2025-03-06,12,12318.0,2.65,10.74,4510.0,3759.0,1315.0,318.0,6.07,6.1,6.31,6.63,9901.0
2025-03-06,13,13583.0,2.94,11.2,4528.0,3657.0,1464.0,309.0,6.07,6.03,6.28,6.58,9958.0
2025-03-06,14,13219.0,3.3,11.01,4481.0,3610.0,1150.0,302.0,6.05,6.02,6.3,6.55,9542.0
2025-03-06,15,13189.0,3.63,11.18,4437.0,3625.0,1216.0,306.0,6.06,6.01,6.28,6.54,9584.0
2025-03-06,16,12397.0,3.91,12.15,4559.0,3793.0,1421.0,341.0,6.08,6.12,6.32,6.66,10115.0
2025-03-06,17,12126.0,3.95,15.18,5261.0,4624.0,2326.0,427.0,6.84,7.84,7.54,8.68,12638.0
2025-03-06,18,11892.0,3.58,15.38,5920.0,5285.0,3493.0,481.0,7.72,9.84,8.88,10.95,15179.0
2025-03-06,19,11566.0,3.09,14.14,5748.0,5068.0,3356.0,423.0,7.78,9.79,8.99,10.87,14595.0
2025-03-06,20,11424.0,2.59,13.45,5681.0,5021.0,3292.0,406.0,7.71,9.72,8.93,10.76,14400.0
2025-03-06,21,11282.0,2.12,12.76,5278.0,4546.0,3054.0,388.0,7.18,8.77,8.14,9.59,13266.0
2025-03-06,22,9325.0,1.84,15.56,4193.0,3433.0,2284.0,309.0,6.04,6.28,6.39,6.76,10219.0
2025-03-06,23,3583.0,1.96,17.88,3585.0,2483.0,1504.0,234.0,5.33,4.58,5.38,4.75,7805.0
2025-03-07,0,3494.0,2.4,16.72,3610.0,2678.0,2093.0,221.0,5.06,4.3,5.07,4.41,8602.0
2025-03-07,1,4530.0,2.91,17.2,3349.0,2324.0,1789.0,217.0,5.05,4.26,5.1,4.32,7679.0
2025-03-07,2,4637.0,3.49,18.1,3321.0,2323.0,1905.0,223.0,5.16,4.55,5.3,4.55,7773.0
2025-03-07,3,4709.0,4.08,18.49,3174.0,2293.0,2015.0,219.0,5.28,4.75,5.42,4.74,7702.0
2025-03-07,4,5932.0,4.74,17.19,3325.0,2514.0,2289.0,246.0,5.41,4.9,5.47,5.04,8374.0
2025-03-07,5,10827.0,5.23,16.53,4016.0,3609.0,2487.0,318.0,6.35,6.86,6.92,7.33,10430.0
2025-03-07,6,13461.0,5.28,15.66,5001.0,4749.0,2710.0,407.0,7.45,8.99,8.63,9.83,12867.0
2025-03-07,7,12399.0,5.01,13.28,5791.0,5317.0,3495.0,559.0,8.19,10.38,9.56,11.51,15163.0
2025-03-07,8,11615.0,4.44,11.45,6033.0,5357.0,3690.0,497.0,8.1,10.52,9.4,11.65,15577.0
2025-03-07,9,11870.0,3.79,11.43,6158.0,5417.0,3651.0,466.0,8.13,10.6,9.36,11.84,15692.0
2025-03-07,10,12137.0,3.24,11.38,5573.0,4821.0,3375.0,385.0,7.27,9.0,8.3,10.03,14153.0
2025-03-07,11,12501.0,3.1,12.04,4755.0,4034.0,2036.0,341.0,6.33,6.85,6.83,7.5,11166.0
2025-03-07,12,12558.0,3.28,12.34,4543.0,3683.0,1248.0,311.0,5.98,6.05,6.24,6.58,9785.0
2025-03-07,13,11434.0,3.44,12.9,4527.0,3610.0,2396.0,325.0,6.01,6.06,6.27,6.57,10858.0
2025-03-07,14,11748.0,3.56,13.84,4471.0,3490.0,1345.0,333.0,6.05,6.07,6.33,6.58,9639.0
2025-03-07,15,12273.0,3.78,15.39,4365.0,3510.0,1359.0,304.0,6.03,6.04,6.3,6.52,9538.0
2025-03-07,16,12321.0,4.04,15.68,4600.0,3786.0,1421.0,344.0,6.17,6.38,6.54,6.96,10151.0
2025-03-07,17,12020.0,4.07,14.99,5196.0,4502.0,2532.0,397.0,6.91,8.05,7.71,8.87,12628.0
2025-03-07,18,11940.0,3.71,14.63,5818.0,5073.0,3309.0,424.0,7.94,10.0,9.25,11.15,14625.0
2025-03-07,19,12053.0,3.29,14.49,5661.0,4910.0,3301.0,414.0,7.86,9.93,9.16,10.93,14286.0
2025-03-07,20,12179.0,2.92,14.48,5563.0,4890.0,3339.0,404.0,7.93,9.98,9.19,10.98,14196.0
2025-03-07,21,12431.0,2.61,14.82,5238.0,4509.0,3101.0,396.0,7.46,9.21,8.64,10.11,13244.0
2025-03-07,22,12422.0,2.57,14.74,4418.0,3692.0,2704.0,323.0,6.42,7.25,7.03,7.81,11137.0
2025-03-07,23,5317.0,2.75,15.91,3718.0,2796.0,2111.0,292.0,5.54,5.42,5.8,5.55,8918.0
2025-03-08,0,2302.0,3.05,17.0,3678.0,2733.0,2295.0,240.0,5.14,4.6,5.25,4.7,8945.0
2025-03-08,1,1941.0,3.31,18.01,3677.0,2803.0,2418.0,234.0,5.37,5.1,5.56,5.15,9131.0
2025-03-08,2,3816.0,3.61,18.53,3412.0,2628.0,2281.0,222.0,5.37,5.09,5.56,5.1,8543.0
2025-03-08,3,6081.0,4.3,17.86,3260.0,2597.0,2171.0,220.0,5.43,4.98,5.61,5.13,8248.0
2025-03-08,4,5427.0,5.06,17.84,3498.0,2865.0,2466.0,245.0,5.66,5.68,5.99,5.65,9074.0
2025-03-08,5,10062.0,5.42,16.51,4190.0,3694.0,2620.0,317.0,6.44,7.22,7.31,7.79,10821.0
2025-03-08,6,12898.0,5.46,15.55,4732.0,4505.0,2691.0,446.0,7.56,9.43,8.89,10.24,12374.0
2025-03-08,7,12147.0,5.29,13.83,5002.0,4975.0,3018.0,515.0,7.82,10.43,9.21,11.31,13511.0
2025-03-08,8,12384.0,4.99,14.1,5440.0,5146.0,3141.0,452.0,7.83,10.34,9.13,11.34,14179.0
2025-03-08,9,12360.0,4.6,13.71,5669.0,5288.0,3398.0,461.0,7.65,10.38,8.95,11.45,14816.0
2025-03-08,10,11991.0,4.18,12.57,5435.0,5029.0,3011.0,428.0,7.01,9.24,8.18,10.24,13903.0
2025-03-08,11,11352.0,3.97,12.73,4750.0,4313.0,1983.0,354.0,6.11,7.07,6.73,7.74,11399.0
2025-03-08,12,10595.0,3.88,12.47,4608.0,4041.0,1199.0,339.0,5.89,6.49,6.34,7.06,10187.0
2025-03-08,13,10506.0,3.81,12.16,4558.0,3948.0,1100.0,320.0,5.92,6.35,6.35,6.94,9925.0
2025-03-08,14,10540.0,3.78,12.32,4479.0,3802.0,1051.0,319.0,5.9,6.28,6.29,6.82,9650.0
2025-03-08,15,11186.0,3.83,13.83,4351.0,3768.0,1221.0,322.0,5.93,6.29,6.34,6.83,9662.0
2025-03-08,16,11289.0,3.92,14.25,4513.0,3882.0,1293.0,370.0,6.03,6.51,6.51,7.09,10057.0
2025-03-08,17,11364.0,3.85,14.3,5074.0,4741.0,2227.0,391.0,6.87,8.42,7.85,9.22,12433.0
2025-03-08,18,11593.0,3.48,14.61,5562.0,5213.0,3326.0,423.0,7.7,10.13,9.02,11.22,14524.0
2025-03-08,19,11678.0,3.09,14.5,5406.0,4988.0,2987.0,406.0,7.63,10.09,8.94,11.04,13787.0
2025-03-08,20,10791.0,2.66,14.65,5347.0,4967.0,3200.0,396.0,7.59,10.02,8.95,11.0,13910.0
2025-03-08,21,11197.0,2.23,15.62,4966.0,4514.0,2951.0,365.0,6.73,8.68,7.72,9.47,12796.0
2025-03-08,22,11625.0,2.09,17.06,4212.0,3691.0,2403.0,311.0,5.8,6.64,6.24,7.15,10616.0
2025-03-08,23,9490.0,2.58,17.23,3664.0,2710.0,1565.0,239.0,5.08,4.87,5.27,4.95,8177.0
2025-03-09,0,7893.0,3.61,15.66,3423.0,2552.0,1744.0,221.0,4.78,4.28,4.8,4.35,7939.0
2025-03-09,1,3904.0,4.44,16.95,3340.0,2389.0,1821.0,215.0,4.87,4.39,5.01,4.44,7764.0
2025-03-09,2,1967.0,4.73,18.5,3295.0,2319.0,2009.0,209.0,5.05,4.63,5.17,4.66,7833.0
2025-03-09,3,1557.0,4.96,19.18,3205.0,2460.0,2090.0,222.0,5.19,4.83,5.41,4.92,7977.0
2025-03-09,4,1482.0,5.15,18.95,3449.0,2790.0,2525.0,239.0,5.46,5.23,5.81,5.49,9003.0
2025-03-09,5,9516.0,5.24,18.36,4128.0,3696.0,2647.0,331.0,6.43,7.38,7.32,7.86,10801.0
2025-03-09,6,11674.0,5.03,16.36,4676.0,4468.0,2733.0,438.0,7.56,9.49,8.9,10.22,12317.0
2025-03-09,7,12522.0,4.95,14.44,4719.0,5096.0,2379.0,416.0,7.36,10.51,8.69,11.35,12609.0
2025-03-09,8,12411.0,4.72,13.94,5433.0,5332.0,2932.0,435.0,7.7,10.63,9.04,11.62,14133.0
2025-03-09,9,12328.0,4.26,13.37,6029.0,5553.0,3523.0,428.0,8.27,10.62,9.61,11.83,15532.0
2025-03-09,10,12342.0,3.74,13.01,5779.0,5133.0,3487.0,404.0,7.41,9.54,8.68,10.55,14804.0
2025-03-09,11,12399.0,3.57,12.96,4637.0,4175.0,1796.0,360.0,6.21,6.97,6.87,7.61,10968.0
2025-03-09,12,12217.0,3.75,12.8,4336.0,3847.0,1088.0,330.0,5.8,6.26,6.13,6.77,9601.0
2025-03-09,13,12406.0,4.0,13.63,4349.0,3737.0,1120.0,307.0,5.87,6.33,6.2,6.83,9514.0
2025-03-09,14,11946.0,4.25,14.52,4375.0,3790.0,911.0,299.0,5.9,6.31,6.25,6.8,9375.0
2025-03-09,15,11051.0,4.42,15.11,4310.0,3795.0,1020.0,309.0,5.91,6.35,6.28,6.81,9434.0
2025-03-09,16,10596.0,4.51,14.38,4399.0,3926.0,934.0,329.0,5.96,6.45,6.36,6.98,9588.0
2025-03-09,17,10455.0,4.35,13.47,5269.0,4747.0,2455.0,370.0,7.07,8.44,8.07,9.32,12841.0
2025-03-09,18,10700.0,3.79,12.69,5701.0,5373.0,3059.0,466.0,7.72,10.29,9.01,11.4,14599.0
2025-03-09,19,11179.0,3.24,13.46,5505.0,5192.0,2932.0,422.0,7.65,10.21,8.95,11.2,14052.0
2025-03-09,20,10310.0,2.74,15.29,5340.0,5086.0,2948.0,411.0,7.57,9.97,8.82,10.94,13785.0
2025-03-09,21,9944.0,2.22,16.05,5058.0,4699.0,2779.0,405.0,6.91,8.98,7.99,9.74,12942.0
2025-03-09,22,7348.0,1.74,18.23,4114.0,3687.0,1606.0,327.0,5.82,6.36,6.39,6.8,9734.0
2025-03-09,23,5633.0,1.8,18.3,3697.0,2850.0,1527.0,271.0,5.21,5.04,5.54,5.09,8345.0
2025-03-10,0,5174.0,2.46,17.15,3479.0,2771.0,1902.0,237.0,4.9,4.5,5.07,4.59,8388.0
2025-03-10,1,5130.0,3.12,17.16,3398.0,2619.0,1937.0,219.0,5.0,4.63,5.21,4.75,8173.0
2025-03-10,2,5129.0,3.77,17.64,3227.0,2504.0,1858.0,212.0,5.03,4.7,5.13,4.77,7802.0
2025-03-10,3,5182.0,4.43,18.2,3126.0,2442.0,1894.0,220.0,5.12,4.89,5.32,4.92,7682.0
2025-03-10,4,4996.0,5.08,17.54,3420.0,2815.0,2516.0,246.0,5.53,5.52,5.98,5.63,8997.0
2025-03-10,5,9139.0,5.29,20.16,4122.0,3819.0,2883.0,327.0,6.51,7.45,7.4,8.03,11152.0
2025-03-10,6,12815.0,5.17,17.33,5184.0,4835.0,2973.0,416.0,7.79,9.51,9.16,10.44,13408.0
2025-03-10,7,13425.0,4.88,12.74,5835.0,5453.0,3553.0,506.0,8.41,10.69,9.82,11.88,15347.0
2025-03-10,8,13243.0,4.47,11.96,6051.0,5439.0,3586.0,469.0,8.31,10.62,9.66,11.87,15544.0
2025-03-10,9,13300.0,4.02,11.69,6138.0,5439.0,3769.0,459.0,8.15,10.69,9.53,11.82,15805.0
2025-03-10,10,12234.0,3.55,11.59,5811.0,4995.0,3343.0,400.0,7.3,9.43,8.46,10.46,14549.0
2025-03-10,11,12152.0,3.3,11.63,4954.0,4184.0,2334.0,331.0,6.24,6.97,6.89,7.71,11803.0
2025-03-10,12,12285.0,3.38,12.01,4594.0,3765.0,1426.0,313.0,5.9,6.12,6.27,6.65,10097.0
2025-03-10,13,12594.0,3.59,12.8,4553.0,3715.0,1058.0,312.0,5.92,6.03,6.24,6.56,9638.0
2025-03-10,14,12638.0,3.86,13.56,4612.0,3686.0,1344.0,307.0,5.92,6.05,6.27,6.59,9949.0
2025-03-10,15,11067.0,3.98,13.71,4534.0,3737.0,1503.0,348.0,5.93,6.07,6.3,6.62,10121.0
2025-03-10,16,11028.0,3.98,13.66,4702.0,3902.0,1656.0,347.0,6.02,6.29,6.42,6.88,10608.0
2025-03-10,17,11407.0,3.83,14.44,5378.0,4624.0,2560.0,406.0,6.85,8.14,7.74,9.02,12968.0
2025-03-10,18,11356.0,3.35,13.97,6019.0,5241.0,3506.0,428.0,7.9,10.13,9.2,11.31,15194.0
2025-03-10,19,11546.0,2.78,13.92,5841.0,5175.0,3331.0,447.0,8.05,10.28,9.37,11.32,14794.0
2025-03-10,20,11333.0,2.23,13.08,5788.0,5131.0,3201.0,440.0,7.95,10.26,9.32,11.2,14561.0
2025-03-10,21,11443.0,1.74,13.19,5415.0,4729.0,3215.0,387.0,7.34,9.17,8.55,10.02,13747.0
2025-03-10,22,10417.0,1.48,15.27,4393.0,3734.0,2211.0,316.0,7.22,6.68,6.8,7.21,10654.0
2025-03-10,23,6821.0,1.34,17.89,3617.0,2699.0,1387.0,249.0,6.8,4.82,5.54,5.09,7952.0
2025-03-11,0,6056.0,1.59,14.27,3640.0,2688.0,2170.0,231.0,6.21,4.42,5.22,4.46,8729.0
2025-03-11,1,6362.0,2.38,15.9,3354.0,2467.0,1904.0,217.0,6.1,4.24,5.17,4.27,7943.0
2025-03-11,2,7372.0,3.25,16.34,3202.0,2205.0,1798.0,211.0,6.21,4.29,5.21,4.33,7415.0
2025-03-11,3,7335.0,4.2,16.8,3141.0,2244.0,1861.0,206.0,6.42,4.46,5.34,4.56,7452.0
2025-03-11,4,3931.0,4.96,17.2,3430.0,2721.0,2335.0,251.0,6.82,5.24,5.77,5.35,8736.0
2025-03-11,5,11775.0,5.22,16.77,4205.0,3724.0,2808.0,329.0,6.79,7.15,7.02,7.77,11067.0
2025-03-11,6,13395.0,5.24,13.63,5239.0,4816.0,2891.0,487.0,7.88,9.56,8.9,10.41,13432.0
2025-03-11,7,13363.0,4.94,12.55,5961.0,5478.0,3660.0,473.0,8.45,10.84,9.7,11.97,15572.0
2025-03-11,8,13016.0,4.49,11.62,6159.0,5522.0,3484.0,436.0,8.33,10.79,9.53,11.98,15601.0
2025-03-11,9,12923.0,3.97,10.94,6243.0,5477.0,3774.0,436.0,8.31,10.79,9.5,12.01,15932.0
2025-03-11,10,12924.0,3.47,10.55,5958.0,5063.0,3605.0,391.0,7.79,9.48,8.88,10.56,15017.0
2025-03-11,11,13129.0,3.3,11.67,4934.0,4148.0,2409.0,366.0,6.66,7.0,7.27,7.69,11857.0
2025-03-11,12,12772.0,3.46,12.66,4605.0,3739.0,1635.0,317.0,6.29,6.13,6.76,6.66,10295.0
2025-03-11,13,12622.0,3.66,12.79,4595.0,3700.0,1664.0,300.0,6.31,6.1,6.71,6.61,10259.0
2025-03-11,14,12633.0,3.86,13.01,4550.0,3664.0,1609.0,310.0,6.33,6.08,6.72,6.59,10133.0
2025-03-11,15,11443.0,4.04,13.61,4504.0,3612.0,1344.0,315.0,6.32,6.09,6.71,6.56,9775.0
2025-03-11,16,11294.0,4.08,14.32,4701.0,3810.0,1669.0,344.0,6.4,6.25,6.8,6.79,10525.0
2025-03-11,17,11405.0,3.94,14.5,5474.0,4638.0,3094.0,389.0,7.27,8.17,7.94,9.04,13595.0
2025-03-11,18,11419.0,3.39,14.07,6302.0,5391.0,3894.0,421.0,8.3,10.33,9.49,11.54,16008.0
2025-03-11,19,11389.0,2.71,13.52,6162.0,5238.0,3862.0,434.0,8.27,10.2,9.4,11.39,15696.0
2025-03-11,20,11533.0,2.07,13.39,6036.0,5179.0,3719.0,434.0,8.3,10.24,9.48,11.32,15367.0
2025-03-11,21,11633.0,1.49,13.54,5598.0,4783.0,3494.0,415.0,7.82,9.31,8.84,10.28,14290.0
2025-03-11,22,12008.0,1.2,14.52,4584.0,3838.0,2782.0,349.0,8.37,6.89,7.17,7.51,11553.0
2025-03-11,23,7199.0,1.51,15.99,3973.0,2955.0,2371.0,266.0,7.19,5.2,6.11,5.41,9565.0
2025-03-12,0,5138.0,2.18,15.44,3793.0,2842.0,2492.0,259.0,6.38,4.67,5.75,4.67,9386.0
2025-03-12,1,5123.0,2.83,15.7,3795.0,2743.0,2588.0,253.0,6.54,4.88,5.92,4.96,9379.0
2025-03-12,2,6015.0,3.5,16.78,3641.0,2717.0,2431.0,216.0,6.6,5.07,6.01,5.06,9005.0
2025-03-12,3,5336.0,4.33,17.9,3282.0,2422.0,2046.0,211.0,6.48,4.64,5.77,4.74,7961.0
2025-03-12,4,4623.0,4.88,17.25,3406.0,2724.0,2426.0,243.0,6.73,5.27,6.19,5.32,8800.0
2025-03-12,5,11763.0,5.19,15.02,4180.0,3814.0,2709.0,331.0,7.42,7.33,7.37,7.92,11034.0
2025-03-12,6,13730.0,5.26,13.37,5157.0,4879.0,3041.0,450.0,8.41,9.37,8.93,10.28,13528.0
2025-03-12,7,13154.0,4.96,12.19,6028.0,5528.0,3524.0,499.0,9.09,10.75,9.95,11.97,15579.0
2025-03-12,8,13186.0,4.41,11.74,6596.0,5812.0,4051.0,462.0,9.43,11.46,10.41,12.87,16921.0
2025-03-12,9,13181.0,3.74,11.16,6661.0,5800.0,4137.0,451.0,9.43,11.62,10.36,12.98,17049.0
2025-03-12,10,13177.0,3.13,10.66,6246.0,5061.0,3770.0,397.0,8.67,9.5,9.38,10.62,15474.0
2025-03-12,11,13414.0,2.98,10.93,5079.0,3996.0,2489.0,352.0,7.32,6.78,7.61,7.42,11917.0
2025-03-12,12,12646.0,3.13,12.3,4697.0,3690.0,2071.0,319.0,6.96,6.1,7.15,6.63,10777.0
2025-03-12,13,12629.0,3.29,12.49,4654.0,3648.0,2031.0,302.0,7.0,6.08,7.17,6.61,10636.0
2025-03-12,14,12413.0,3.49,12.26,4586.0,3580.0,1508.0,313.0,6.95,6.1,7.15,6.6,9988.0
2025-03-12,15,12293.0,3.68,12.19,4482.0,3522.0,1536.0,318.0,6.92,6.01,7.12,6.5,9859.0
2025-03-12,16,12598.0,3.83,12.97,5035.0,4022.0,2173.0,342.0,7.37,6.88,7.57,7.52,11573.0
2025-03-12,17,12882.0,3.67,13.38,5904.0,5070.0,3307.0,461.0,8.49,9.43,8.84,10.52,14743.0
2025-03-12,18,12965.0,3.27,13.19,6019.0,5281.0,3508.0,445.0,8.78,10.5,9.3,11.67,15254.0
2025-03-12,19,13070.0,2.88,13.05,5915.0,5144.0,3529.0,421.0,8.87,10.41,9.48,11.54,15009.0
2025-03-12,20,12983.0,2.49,12.63,5914.0,5234.0,3605.0,436.0,8.86,10.51,9.42,11.59,15189.0
2025-03-12,21,13297.0,2.16,13.02,5454.0,4745.0,3282.0,398.0,8.32,9.38,8.8,10.28,13879.0
2025-03-12,22,11841.0,2.12,15.01,4338.0,3665.0,2327.0,346.0,7.03,6.59,7.18,7.12,10675.0
2025-03-12,23,8130.0,2.45,16.35,3728.0,2601.0,1866.0,288.0,6.26,4.98,6.3,5.05,8483.0
2025-03-13,0,4580.0,3.16,15.23,3605.0,2587.0,2016.0,275.0,5.9,4.26,5.92,4.37,8483.0
2025-03-13,1,4034.0,3.69,16.25,3498.0,2486.0,2074.0,221.0,5.95,4.45,5.96,4.47,8279.0
2025-03-13,2,2423.0,4.09,17.31,3457.0,2431.0,2009.0,218.0,6.09,4.69,6.08,4.7,8114.0
2025-03-13,3,2441.0,4.39,17.93,3251.0,2298.0,1964.0,210.0,6.07,4.62,6.1,4.64,7724.0
2025-03-13,4,6220.0,4.81,14.51,3367.0,2563.0,2282.0,250.0,6.26,5.07,6.3,5.23,8462.0
2025-03-13,5,14466.0,5.25,15.08,4504.0,4031.0,2945.0,361.0,7.28,8.0,7.77,8.67,11842.0
2025-03-13,6,13670.0,5.24,13.13,5492.0,5063.0,3641.0,479.0,8.39,10.4,9.39,11.42,14675.0
2025-03-13,7,12882.0,4.84,11.56,6077.0,5503.0,3732.0,484.0,8.78,11.4,9.94,12.59,15797.0
2025-03-13,8,12978.0,4.26,11.24,6398.0,5652.0,3961.0,461.0,9.06,11.48,10.34,12.79,16472.0
2025-03-13,9,13220.0,3.66,11.13,6410.0,5556.0,3876.0,464.0,8.95,11.44,10.18,12.73,16306.0
2025-03-13,10,13578.0,3.25,11.46,5642.0,4781.0,3215.0,430.0,7.86,9.34,8.58,10.26,14068.0
2025-03-13,11,12867.0,3.29,12.86,4582.0,3728.0,2012.0,373.0,6.69,6.68,6.99,7.19,10694.0
2025-03-13,12,12798.0,3.55,13.0,4420.0,3538.0,1277.0,319.0,6.42,6.02,6.74,6.46,9554.0
2025-03-13,13,11967.0,3.81,13.61,4343.0,3449.0,1255.0,310.0,6.45,5.97,6.76,6.43,9357.0
2025-03-13,14,11822.0,4.01,13.5,4365.0,3439.0,1249.0,310.0,6.47,6.01,6.75,6.46,9362.0
2025-03-13,15,12102.0,4.25,14.34,4239.0,3370.0,1087.0,322.0,6.38,6.05,6.68,6.48,9018.0
2025-03-13,16,11685.0,4.44,15.24,4894.0,3882.0,2184.0,367.0,7.06,6.99,7.45,7.6,11328.0
2025-03-13,17,10296.0,4.12,15.87,5682.0,4763.0,3253.0,442.0,8.1,9.16,8.85,10.14,14140.0
2025-03-13,18,9475.0,3.4,16.15,5687.0,5114.0,3170.0,464.0,8.25,10.48,9.06,11.51,14435.0
2025-03-13,19,10323.0,2.71,15.59,5575.0,4991.0,3149.0,445.0,8.26,10.39,9.12,11.42,14161.0
2025-03-13,20,10782.0,2.18,15.13,5419.0,5003.0,3004.0,467.0,8.06,10.4,8.85,11.28,13894.0
2025-03-13,21,10619.0,1.73,14.43,4826.0,4486.0,2798.0,416.0,7.35,9.31,7.83,9.99,12526.0
2025-03-13,22,10142.0,1.54,13.98,3874.0,3403.0,1788.0,345.0,6.96,6.55,6.69,6.98,9410.0
2025-03-13,23,5881.0,1.83,15.47,3437.0,2598.0,1347.0,265.0,6.49,5.11,6.04,5.12,7647.0
2025-03-14,0,4915.0,2.45,14.99,3333.0,2509.0,1628.0,232.0,5.78,4.31,5.44,4.42,7702.0
2025-03-14,1,5272.0,3.09,17.45,3344.0,2438.0,1660.0,230.0,5.94,4.54,5.62,4.65,7672.0
2025-03-14,2,5253.0,3.76,17.9,3193.0,2459.0,1726.0,228.0,6.16,4.68,5.7,4.85,7605.0
2025-03-14,3,5406.0,4.43,19.37,3076.0,2297.0,1914.0,218.0,6.33,4.7,5.9,4.78,7505.0
2025-03-14,4,5076.0,5.1,17.58,3464.0,2796.0,2651.0,260.0,6.79,5.67,6.43,5.74,9171.0
2025-03-14,5,11542.0,5.43,15.31,4344.0,3861.0,2975.0,396.0,6.7,7.75,7.68,8.42,11575.0
2025-03-14,6,13966.0,5.42,13.84,5197.0,4917.0,2881.0,468.0,7.7,10.15,9.02,11.04,13463.0
2025-03-14,7,12918.0,5.19,11.99,5580.0,5460.0,3054.0,521.0,7.87,11.29,9.27,12.34,14614.0
2025-03-14,8,12608.0,4.74,11.11,6099.0,5441.0,3702.0,463.0,8.26,11.23,9.68,12.47,15706.0
2025-03-14,9,12629.0,4.16,10.66,6373.0,5440.0,3716.0,440.0,8.46,11.19,9.94,12.51,15968.0
2025-03-14,10,12776.0,3.63,10.47,5864.0,4929.0,3537.0,401.0,7.43,9.63,8.8,10.67,14730.0
2025-03-14,11,12417.0,3.47,10.86,4879.0,4143.0,2173.0,352.0,6.21,7.08,7.36,7.72,11548.0
2025-03-14,12,12147.0,3.55,11.07,4527.0,3769.0,1371.0,334.0,5.86,6.15,6.91,6.66,10000.0
2025-03-14,13,12270.0,3.73,11.87,4498.0,3647.0,1416.0,316.0,5.83,6.04,6.88,6.53,9876.0
2025-03-14,14,11628.0,3.9,13.14,4494.0,3533.0,1279.0,306.0,5.82,5.93,6.86,6.41,9612.0
2025-03-14,15,12220.0,4.08,14.7,4481.0,3466.0,1212.0,309.0,5.81,5.96,6.86,6.42,9468.0
2025-03-14,16,12399.0,4.28,15.13,4724.0,3825.0,1704.0,381.0,6.14,6.64,7.2,7.21,10635.0
2025-03-14,17,12432.0,4.2,15.23,5557.0,4820.0,3193.0,438.0,7.21,8.89,8.45,9.88,14008.0
2025-03-14,18,12888.0,3.8,16.04,6100.0,5223.0,3632.0,451.0,8.15,10.58,9.52,11.77,15406.0
2025-03-14,19,12756.0,3.39,15.48,5902.0,5066.0,3596.0,432.0,8.09,10.42,9.5,11.55,14996.0
2025-03-14,20,12688.0,2.99,15.06,5832.0,4974.0,3614.0,445.0,8.04,10.25,9.41,11.35,14865.0
2025-03-14,21,12550.0,2.62,14.46,5520.0,4700.0,3336.0,409.0,7.49,9.53,8.78,10.51,13965.0
2025-03-14,22,10816.0,2.38,14.32,4507.0,3818.0,2524.0,367.0,6.23,7.06,7.28,7.7,11216.0
2025-03-14,23,3382.0,2.48,14.5,3776.0,2824.0,2022.0,271.0,5.29,4.91,6.2,5.1,8894.0
2025-03-15,0,2494.0,2.8,13.68,3661.0,2659.0,2179.0,252.0,4.93,4.39,5.78,4.46,8751.0
2025-03-15,1,2783.0,3.13,16.69,3602.0,2579.0,2205.0,243.0,5.01,4.61,5.87,4.65,8629.0
2025-03-15,2,3206.0,3.5,18.32,3423.0,2433.0,2163.0,232.0,5.13,4.76,6.05,4.84,8251.0
2025-03-15,3,5792.0,4.1,18.11,3197.0,2178.0,2034.0,221.0,5.07,4.45,5.93,4.67,7630.0
2025-03-15,4,6810.0,4.79,16.95,3598.0,2698.0,2539.0,279.0,5.42,5.47,6.31,5.59,9113.0
2025-03-15,5,14561.0,5.15,15.95,4434.0,3803.0,2845.0,363.0,6.6,7.82,7.73,8.48,11445.0
2025-03-15,6,14841.0,5.42,15.56,5001.0,4564.0,3004.0,453.0,7.9,9.75,9.28,10.58,13022.0
2025-03-15,7,13781.0,5.33,13.41,5659.0,5315.0,3410.0,474.0,8.36,11.11,9.77,12.27,14858.0
2025-03-15,8,13243.0,4.93,12.21,6191.0,5525.0,3947.0,470.0,8.57,11.29,10.01,12.57,16132.0
2025-03-15,9,12685.0,4.35,10.81,6378.0,5596.0,3949.0,471.0,8.41,11.17,9.82,12.49,16395.0
2025-03-15,10,12809.0,3.75,10.51,5980.0,5324.0,3607.0,434.0,7.58,9.91,8.96,11.04,15345.0
2025-03-15,11,11840.0,3.5,11.25,5030.0,4355.0,2238.0,370.0,6.27,7.19,7.34,7.95,11993.0
2025-03-15,12,9796.0,3.31,12.12,4697.0,3927.0,1432.0,339.0,5.86,6.19,6.88,6.8,10395.0
2025-03-15,13,9702.0,3.09,12.1,4720.0,3895.0,2322.0,327.0,5.93,6.22,6.92,6.79,11264.0
2025-03-15,14,10228.0,2.91,11.61,4711.0,3860.0,1272.0,308.0,5.95,6.29,6.98,6.83,10151.0
2025-03-15,15,11534.0,2.88,11.72,4668.0,3756.0,1361.0,327.0,5.99,6.28,7.0,6.83,10113.0
2025-03-15,16,11709.0,2.91,11.11,4845.0,4036.0,2574.0,387.0,6.2,6.77,7.27,7.36,11842.0
2025-03-15,17,12799.0,2.8,10.14,5594.0,4915.0,2906.0,423.0,7.14,8.85,8.39,9.75,13837.0
2025-03-15,18,13768.0,2.55,9.91,5937.0,5378.0,3195.0,447.0,7.68,10.54,9.07,11.67,14958.0
2025-03-15,19,14212.0,2.34,10.5,5748.0,5173.0,3124.0,425.0,7.64,10.46,9.0,11.45,14471.0
2025-03-15,20,13880.0,2.19,12.2,5582.0,5116.0,3410.0,427.0,7.76,10.53,9.17,11.5,14535.0
2025-03-15,21,13560.0,2.02,12.65,5341.0,4894.0,2946.0,396.0,7.25,9.69,8.51,10.57,13577.0
2025-03-15,22,12899.0,2.05,13.69,4361.0,3881.0,2303.0,355.0,6.0,6.92,7.01,7.46,10899.0
2025-03-15,23,3452.0,2.36,12.94,3691.0,2651.0,1460.0,255.0,5.05,4.79,5.89,4.8,8057.0
2025-03-16,0,4986.0,2.58,7.69,3571.0,2786.0,1651.0,236.0,4.95,4.57,5.79,4.63,8244.0
2025-03-16,1,3901.0,2.97,15.76,3309.0,2316.0,1727.0,217.0,4.76,4.18,5.52,4.28,7569.0
2025-03-16,2,4935.0,3.54,16.68,3227.0,2196.0,1777.0,216.0,4.89,4.42,5.69,4.46,7415.0
2025-03-16,3,5493.0,4.2,16.74,3078.0,2268.0,1800.0,214.0,5.03,4.54,5.87,4.7,7360.0
2025-03-16,4,5371.0,4.89,16.41,3473.0,2798.0,2317.0,244.0,5.43,5.56,6.42,5.7,8831.0
2025-03-16,5,12426.0,5.24,15.32,4384.0,3915.0,2993.0,319.0,6.48,7.98,7.54,8.69,11611.0
2025-03-16,6,13756.0,5.28,16.91,5074.0,4552.0,2992.0,434.0,7.95,9.89,9.33,10.81,13051.0
2025-03-16,7,12890.0,5.05,14.25,5397.0,5241.0,3245.0,550.0,8.16,11.28,9.56,12.28,14433.0
2025-03-16,8,13846.0,4.77,12.97,5747.0,5588.0,3279.0,454.0,8.09,11.18,9.5,12.39,15068.0
2025-03-16,9,13431.0,4.39,11.92,5992.0,5635.0,3382.0,468.0,8.14,11.2,9.57,12.41,15477.0
2025-03-16,10,13301.0,3.99,11.43,5695.0,5328.0,3272.0,458.0,7.41,9.98,8.73,11.08,14752.0
2025-03-16,11,13350.0,3.9,11.4,4771.0,4346.0,1954.0,367.0,6.19,7.19,7.23,7.88,11438.0
2025-03-16,12,10802.0,3.99,11.74,4527.0,3915.0,1286.0,328.0,5.86,6.31,6.84,6.87,10056.0
2025-03-16,13,10744.0,3.93,12.57,4521.0,3756.0,1260.0,336.0,5.91,6.3,6.88,6.84,9873.0
2025-03-16,14,11251.0,3.97,13.85,4513.0,3771.0,1665.0,327.0,5.94,6.34,6.91,6.87,10275.0
2025-03-16,15,10932.0,4.02,13.12,4457.0,3805.0,1291.0,307.0,6.01,6.36,7.0,6.91,9860.0
2025-03-16,16,11174.0,4.03,13.68,4568.0,3986.0,1278.0,353.0,6.16,6.75,7.17,7.31,10184.0
2025-03-16,17,11401.0,3.92,14.07,5255.0,4774.0,2542.0,393.0,7.03,8.77,8.24,9.64,12965.0
2025-03-16,18,12352.0,3.51,13.13,5836.0,5329.0,3313.0,416.0,7.79,10.62,9.17,11.7,14894.0
2025-03-16,19,12614.0,3.12,12.81,5713.0,5233.0,3242.0,426.0,7.83,10.5,9.22,11.58,14614.0
2025-03-16,20,12716.0,2.75,12.82,5609.0,5188.0,3314.0,445.0,7.78,10.42,9.13,11.48,14555.0
2025-03-16,21,13164.0,2.46,13.45,5256.0,4723.0,3246.0,424.0,6.88,8.94,7.99,9.89,13649.0
2025-03-16,22,11073.0,2.39,15.84,4322.0,3701.0,2423.0,319.0,5.8,6.61,6.73,7.15,10765.0
2025-03-16,23,7620.0,2.55,16.87,3732.0,2721.0,1603.0,250.0,5.17,5.05,6.01,5.13,8307.0
2025-03-17,0,4459.0,3.21,16.24,3536.0,2626.0,1699.0,228.0,4.85,4.45,5.71,4.45,8089.0
2025-03-17,1,4278.0,3.76,15.91,3371.0,2491.0,1874.0,222.0,4.9,4.3,5.72,4.53,7958.0
2025-03-17,2,3900.0,4.27,16.69,3229.0,2342.0,1829.0,215.0,4.96,4.49,5.77,4.59,7615.0
2025-03-17,3,2537.0,4.7,17.71,3204.0,2209.0,1794.0,214.0,4.99,4.55,5.81,4.64,7422.0
2025-03-17,4,1943.0,4.96,17.75,3382.0,2656.0,2378.0,263.0,5.38,5.49,6.38,5.52,8678.0
2025-03-17,5,10929.0,5.04,17.01,4287.0,3981.0,3142.0,364.0,6.49,7.94,7.6,8.6,11774.0
2025-03-17,6,12713.0,4.9,14.87,5244.0,4959.0,3266.0,438.0,7.72,10.15,9.1,11.14,13908.0
2025-03-17,7,12061.0,4.43,12.79,6057.0,5526.0,3706.0,557.0,8.53,11.41,9.98,12.59,15845.0
2025-03-17,8,13382.0,3.81,11.75,6411.0,5614.0,3875.0,462.0,8.75,11.47,10.23,12.82,16360.0
2025-03-17,9,13512.0,3.25,11.41,6616.0,5521.0,4200.0,435.0,8.83,11.47,10.33,12.7,16772.0
2025-03-17,10,13112.0,2.73,11.09,6082.0,4958.0,3668.0,421.0,7.79,9.52,9.16,10.56,15128.0
2025-03-17,11,12718.0,2.55,11.22,5023.0,3967.0,2377.0,340.0,6.24,6.81,7.33,7.42,11707.0
2025-03-17,12,12910.0,2.71,11.71,4526.0,3701.0,1434.0,301.0,5.75,6.1,6.75,6.59,9962.0
2025-03-17,13,13177.0,3.0,12.5,4541.0,3694.0,1420.0,309.0,5.75,6.13,6.74,6.61,9963.0
2025-03-17,14,12986.0,3.28,12.34,4558.0,3684.0,1421.0,312.0,5.8,6.2,6.78,6.7,9976.0
2025-03-17,15,12999.0,3.58,12.65,4434.0,3640.0,1132.0,314.0,5.72,6.21,6.7,6.69,9519.0
2025-03-17,16,12985.0,3.83,12.79,4814.0,4125.0,1824.0,397.0,6.13,7.09,7.16,7.71,11160.0
2025-03-17,17,12626.0,3.75,12.08,5739.0,4905.0,3119.0,441.0,7.25,9.11,8.51,10.1,14204.0
2025-03-17,18,12524.0,3.28,11.51,6245.0,5358.0,3731.0,454.0,8.1,10.72,9.52,11.91,15788.0
2025-03-17,19,13116.0,2.79,12.24,6097.0,5287.0,3561.0,429.0,8.17,10.64,9.57,11.87,15373.0
2025-03-17,20,13247.0,2.37,12.2,5906.0,5194.0,3507.0,443.0,8.15,10.53,9.52,11.6,15050.0
2025-03-17,21,11912.0,2.03,12.91,5382.0,4676.0,3247.0,434.0,7.28,9.19,8.51,10.08,13739.0
2025-03-17,22,9174.0,1.71,15.63,4304.0,3545.0,2084.0,327.0,6.03,6.5,7.09,7.01,10260.0
2025-03-17,23,5439.0,1.81,16.86,3745.0,2693.0,1605.0,260.0,5.27,4.89,6.14,4.97,8303.0
2025-03-18,0,4953.0,2.43,15.31,3630.0,2710.0,2058.0,238.0,5.02,4.49,5.85,4.57,8636.0
2025-03-18,1,5111.0,3.07,16.56,3569.0,2612.0,2226.0,229.0,5.1,4.79,5.98,4.78,8636.0
2025-03-18,2,5260.0,3.72,18.02,3315.0,2408.0,1993.0,218.0,5.07,4.51,5.84,4.66,7935.0
2025-03-18,3,5279.0,4.39,18.49,3209.0,2398.0,2024.0,217.0,5.14,4.68,6.02,4.77,7848.0
2025-03-18,4,4988.0,5.04,17.12,3546.0,2798.0,2692.0,257.0,5.53,5.56,6.38,5.7,9292.0
2025-03-18,5,10947.0,5.36,15.21,4315.0,3964.0,2739.0,373.0,6.43,7.92,7.58,8.61,11391.0
2025-03-18,6,12755.0,5.21,14.86,5432.0,5117.0,3146.0,443.0,7.86,10.43,9.28,11.42,14139.0
2025-03-18,7,12076.0,4.74,13.13,6023.0,5541.0,3802.0,504.0,8.37,11.38,9.91,12.55,15871.0
2025-03-18,8,11626.0,4.05,11.62,6349.0,5578.0,3976.0,467.0,8.53,11.35,10.08,12.64,16369.0
2025-03-18,9,11753.0,3.28,11.28,6403.0,5553.0,3935.0,466.0,8.44,11.27,9.93,12.56,16357.0
2025-03-18,10,11913.0,2.6,11.05,5886.0,5059.0,3440.0,435.0,7.49,9.79,8.88,10.83,14820.0
2025-03-18,11,12455.0,2.36,11.96,4882.0,4034.0,2055.0,347.0,6.09,7.0,7.26,7.61,11318.0
2025-03-18,12,12455.0,2.47,12.06,4617.0,3664.0,1474.0,317.0,5.77,6.17,6.87,6.67,10072.0
2025-03-18,13,13470.0,2.72,11.77,4539.0,3560.0,1268.0,325.0,5.7,6.01,6.8,6.49,9692.0
2025-03-18,14,14048.0,3.13,12.19,4566.0,3550.0,1527.0,313.0,5.78,6.07,6.86,6.56,9956.0
2025-03-18,15,14270.0,3.6,12.94,4462.0,3494.0,1331.0,333.0,5.77,6.05,6.82,6.52,9621.0
2025-03-18,16,13799.0,3.99,12.48,4840.0,3913.0,1814.0,362.0,5.98,6.64,7.1,7.22,10930.0
2025-03-18,17,13655.0,4.04,12.87,5627.0,4873.0,2983.0,429.0,7.09,8.94,8.38,9.84,13913.0
2025-03-18,18,12933.0,3.69,13.35,6158.0,5308.0,3694.0,444.0,8.13,10.56,9.54,11.8,15604.0
2025-03-18,19,12907.0,3.23,12.95,6048.0,5228.0,3580.0,448.0,8.18,10.62,9.6,11.77,15304.0
2025-03-18,20,13065.0,2.81,12.99,5938.0,5208.0,3514.0,462.0,8.16,10.52,9.57,11.63,15122.0
2025-03-18,21,12926.0,2.43,12.4,5650.0,4894.0,3463.0,452.0,7.62,9.85,8.95,10.84,14459.0
2025-03-18,22,12206.0,2.22,13.56,4843.0,4277.0,2797.0,376.0,6.32,7.53,7.45,8.22,12292.0
2025-03-18,23,6744.0,2.37,12.34,3688.0,2643.0,1264.0,248.0,4.97,4.52,5.91,4.71,7843.0
2025-03-19,0,3957.0,2.93,15.93,3735.0,3021.0,2200.0,242.0,4.85,4.51,5.83,4.57,9198.0
2025-03-19,1,3008.0,3.33,17.56,3778.0,3199.0,2418.0,241.0,5.06,4.92,6.06,5.04,9635.0
2025-03-19,2,3041.0,3.71,18.06,3683.0,2776.0,2477.0,231.0,5.19,5.12,6.14,5.27,9167.0
2025-03-19,3,3424.0,4.11,18.49,3232.0,2370.0,2020.0,217.0,5.0,4.7,5.94,4.76,7840.0
2025-03-19,4,7491.0,4.69,17.01,3519.0,2796.0,2530.0,261.0,5.32,5.54,6.33,5.61,9105.0
2025-03-19,5,14112.0,5.05,14.74,4442.0,4041.0,3017.0,373.0,6.63,8.04,7.84,8.74,11873.0
2025-03-19,6,15558.0,5.18,14.22,5411.0,5056.0,3294.0,443.0,7.94,10.27,9.39,11.25,14204.0
2025-03-19,7,14515.0,5.06,12.68,6021.0,5592.0,3624.0,524.0,8.53,11.42,10.08,12.66,15760.0
2025-03-19,8,13165.0,4.59,10.83,6341.0,5543.0,3817.0,448.0,8.52,11.4,10.01,12.71,16149.0
2025-03-19,9,12668.0,3.99,10.75,6564.0,5517.0,4022.0,445.0,8.71,11.36,10.31,12.68,16548.0
2025-03-19,10,12393.0,3.33,10.68,6088.0,4944.0,3712.0,420.0,7.7,9.54,9.08,10.58,15164.0
2025-03-19,11,12502.0,3.12,10.78,4864.0,3918.0,2548.0,342.0,5.97,6.74,7.06,7.31,11672.0
2025-03-19,12,12936.0,3.31,11.71,4570.0,3601.0,1333.0,301.0,5.66,6.01,6.63,6.53,9804.0
2025-03-19,13,12609.0,3.55,11.3,4603.0,3595.0,1331.0,306.0,5.72,6.11,6.72,6.61,9836.0
2025-03-19,14,12716.0,3.78,11.71,4526.0,3594.0,1426.0,311.0,5.66,6.13,6.65,6.61,9857.0
2025-03-19,15,13275.0,4.07,12.98,4504.0,3578.0,2364.0,349.0,5.65,6.12,6.66,6.6,10795.0
2025-03-19,16,13615.0,4.35,13.88,5180.0,4107.0,2368.0,372.0,6.35,7.05,7.52,7.74,12027.0
2025-03-19,17,12135.0,4.15,14.17,6013.0,4971.0,3440.0,405.0,7.53,9.33,8.93,10.4,14828.0
2025-03-19,18,12104.0,3.6,13.95,6124.0,5333.0,3727.0,441.0,8.07,10.61,9.52,11.84,15625.0
2025-03-19,19,12100.0,3.07,13.49,5950.0,5166.0,3484.0,436.0,8.03,10.53,9.48,11.66,15036.0
2025-03-19,20,12096.0,2.57,13.1,5851.0,5176.0,3590.0,430.0,8.03,10.55,9.42,11.6,15047.0
2025-03-19,21,12265.0,2.11,13.07,5494.0,4792.0,3313.0,433.0,7.49,9.72,8.88,10.64,14032.0
2025-03-19,22,12394.0,1.89,13.32,4670.0,4190.0,2553.0,373.0,6.13,7.3,7.26,7.95,11786.0
2025-03-19,23,3717.0,2.14,15.31,3874.0,3112.0,1874.0,257.0,5.09,4.92,6.05,5.03,9116.0
2025-03-20,0,3424.0,2.57,16.27,3686.0,3162.0,2251.0,248.0,4.83,4.48,5.7,4.64,9347.0
2025-03-20,1,3987.0,3.04,17.04,3427.0,2867.0,2019.0,233.0,4.74,4.33,5.61,4.41,8546.0
2025-03-20,2,4571.0,3.58,17.86,3306.0,2904.0,1963.0,216.0,4.87,4.56,5.69,4.61,8388.0
2025-03-20,3,4678.0,4.16,18.48,3170.0,2749.0,1973.0,214.0,4.92,4.55,5.71,4.67,8106.0
2025-03-20,4,6008.0,4.8,15.46,3429.0,2866.0,2357.0,261.0,5.14,5.39,6.06,5.57,8913.0
2025-03-20,5,12172.0,5.29,15.82,4467.0,3969.0,2878.0,348.0,6.59,7.92,7.8,8.56,11662.0
2025-03-20,6,12944.0,5.17,15.4,5508.0,5015.0,3340.0,453.0,8.0,10.27,9.48,11.29,14317.0
2025-03-20,7,11736.0,4.67,12.56,5944.0,5542.0,3256.0,526.0,8.36,11.39,9.84,12.49,15267.0
2025-03-20,8,11719.0,3.99,11.98,6275.0,5552.0,3808.0,464.0,8.55,11.43,10.06,12.66,16099.0
2025-03-20,9,11782.0,3.25,11.42,6310.0,5543.0,3968.0,465.0,8.37,11.26,9.94,12.55,16287.0
2025-03-20,10,12114.0,2.59,11.55,5841.0,5004.0,3491.0,426.0,7.43,9.74,8.78,10.77,14762.0
2025-03-20,11,12690.0,7101.51,12.63,4804.0,3996.0,1930.0,373.0,6.01,7.01,7.07,7.59,11102.0
2025-03-20,12,12518.0,2.61,12.39,4508.0,3455.0,2374.0,315.0,5.67,6.16,6.62,6.62,10653.0
2025-03-20,13,12513.0,2.85,12.6,4477.0,3391.0,1422.0,312.0,5.71,6.16,6.65,6.61,9602.0
2025-03-20,14,12442.0,3.11,12.71,4497.0,3384.0,1499.0,299.0,5.73,6.17,6.67,6.62,9680.0
2025-03-20,15,12393.0,3.35,12.78,4472.0,3375.0,2514.0,324.0,5.73,6.18,6.68,6.64,10684.0
2025-03-20,16,12286.0,3.55,12.7,4713.0,3681.0,1513.0,349.0,5.94,6.63,6.95,7.18,10256.0
2025-03-20,17,12190.0,3.51,12.57,5434.0,4443.0,3085.0,391.0,6.9,8.65,8.14,9.5,13353.0
2025-03-20,18,12439.0,3.1,12.72,6015.0,4949.0,3639.0,438.0,7.99,10.39,9.39,11.5,15041.0
2025-03-20,19,12686.0,2.68,12.92,5841.0,4830.0,3584.0,434.0,8.16,10.54,9.61,11.57,14689.0
2025-03-20,20,12709.0,2.32,12.7,5722.0,4764.0,3395.0,444.0,8.01,10.36,9.43,11.28,14324.0
2025-03-20,21,13100.0,2.07,13.36,5138.0,4099.0,3435.0,410.0,6.95,8.78,8.23,9.57,13082.0
2025-03-20,22,13707.0,2.17,14.91,4202.0,3217.0,2713.0,322.0,5.81,6.7,6.79,7.18,10454.0
2025-03-20,23,7600.0,2.76,12.88,3369.0,2016.0,1231.0,229.0,4.87,4.46,5.68,4.59,6845.0
2025-03-21,0,2623.0,3.21,10.88,3469.0,2070.0,1615.0,232.0,4.66,4.32,5.58,4.28,7387.0
2025-03-21,1,3315.0,3.6,16.72,3386.0,2286.0,2052.0,246.0,4.79,4.45,5.52,4.54,7970.0
2025-03-21,2,3361.0,4.02,17.29,3243.0,2064.0,1972.0,225.0,4.86,4.56,5.64,4.64,7503.0
2025-03-21,3,3240.0,4.45,16.13,3069.0,1965.0,1952.0,215.0,4.87,4.57,5.7,4.62,7201.0
2025-03-21,4,2509.0,4.82,14.09,3277.0,2328.0,2456.0,242.0,5.17,5.21,6.06,5.31,8303.0
2025-03-21,5,10109.0,4.9,14.48,4460.0,3716.0,3322.0,341.0,6.45,7.88,7.67,8.46,11839.0
2025-03-21,6,13205.0,4.74,11.65,5308.0,4616.0,3027.0,459.0,7.92,9.97,9.36,10.87,13409.0
2025-03-21,7,13961.0,4.51,11.84,5942.0,5076.0,3736.0,529.0,8.44,11.01,9.95,12.16,15283.0
2025-03-21,8,13873.0,4.17,11.42,6196.0,5211.0,3814.0,446.0,8.46,11.24,10.01,12.42,15667.0
2025-03-21,9,12493.0,3.71,11.7,6380.0,5171.0,3825.0,419.0,8.49,11.1,10.04,12.39,15795.0
2025-03-21,10,12435.0,3.15,11.33,6038.0,4580.0,3588.0,384.0,7.56,9.32,8.99,10.34,14590.0
2025-03-21,11,12501.0,3.04,11.39,4896.0,3515.0,2174.0,333.0,5.91,6.46,6.96,7.07,10918.0
2025-03-21,12,12447.0,3.24,11.48,4581.0,3327.0,1444.0,296.0,5.52,5.89,6.47,6.37,9648.0
2025-03-21,13,11951.0,3.48,11.92,4521.0,3296.0,1407.0,303.0,5.61,5.92,6.57,6.43,9527.0
2025-03-21,14,11854.0,3.66,13.44,4404.0,3413.0,1230.0,299.0,5.58,5.95,6.52,6.43,9345.0
2025-03-21,15,11944.0,3.86,13.75,4410.0,3519.0,1393.0,305.0,5.56,6.03,6.5,6.53,9627.0
2025-03-21,16,11803.0,3.95,13.52,4927.0,4071.0,1761.0,377.0,5.97,6.94,7.01,7.59,11136.0
2025-03-21,17,11762.0,3.73,13.29,5703.0,4904.0,3038.0,408.0,7.05,9.0,8.37,9.97,14054.0
2025-03-21,18,12217.0,3.2,12.88,6078.0,5241.0,3730.0,437.0,8.01,10.47,9.4,11.68,15487.0
2025-03-21,19,12892.0,2.77,12.73,5702.0,5080.0,3376.0,443.0,7.67,10.44,9.02,11.52,14602.0
2025-03-21,20,12501.0,2.43,13.56,5489.0,5020.0,3226.0,461.0,7.69,10.45,9.09,11.43,14195.0
2025-03-21,21,11987.0,2.1,14.49,5177.0,4627.0,3062.0,424.0,7.12,9.57,8.43,10.4,13290.0
2025-03-21,22,11284.0,1.94,14.4,4333.0,3629.0,2303.0,332.0,5.91,6.89,6.94,7.43,10597.0
2025-03-21,23,3740.0,2.14,16.88,3634.0,2481.0,1771.0,239.0,4.96,4.75,5.82,4.84,8125.0
2025-03-22,0,2883.0,2.51,16.73,3577.0,2506.0,2071.0,255.0,4.6,4.08,5.35,4.25,8409.0
2025-03-22,1,3929.0,2.94,16.96,3494.0,2514.0,2064.0,233.0,4.75,4.38,5.58,4.49,8305.0
2025-03-22,2,3997.0,3.44,17.39,3280.0,2286.0,1947.0,211.0,4.78,4.29,5.48,4.49,7724.0
2025-03-22,3,4900.0,4.01,17.47,3206.0,2196.0,1928.0,213.0,4.85,4.6,5.66,4.62,7544.0
2025-03-22,4,5298.0,4.63,16.15,3456.0,2691.0,2342.0,250.0,5.15,5.55,6.16,5.56,8739.0
2025-03-22,5,12419.0,5.12,16.22,4286.0,3963.0,2731.0,330.0,6.23,7.91,7.35,8.56,11310.0
2025-03-22,6,13966.0,5.22,13.8,4826.0,4671.0,2818.0,422.0,7.48,10.06,8.86,10.87,12737.0
2025-03-22,7,13538.0,5.13,13.0,5420.0,5268.0,3255.0,506.0,7.89,11.17,9.28,12.2,14450.0
2025-03-22,8,13205.0,4.81,12.11,5959.0,5539.0,3668.0,454.0,8.16,11.32,9.7,12.52,15621.0
2025-03-22,9,13088.0,4.34,11.51,6147.0,5622.0,3498.0,462.0,8.08,11.39,9.59,12.66,15728.0
2025-03-22,10,13021.0,3.9,11.54,5693.0,5213.0,2928.0,444.0,7.06,9.62,8.4,10.71,14278.0
2025-03-22,11,11999.0,3.74,11.59,4820.0,4261.0,1906.0,388.0,5.88,7.04,6.92,7.7,11375.0
2025-03-22,12,10996.0,3.79,11.82,4442.0,3804.0,983.0,323.0,5.57,6.08,6.52,6.6,9552.0
2025-03-22,13,10452.0,3.81,12.03,4420.0,3781.0,1075.0,318.0,5.58,5.95,6.52,6.46,9594.0
2025-03-22,14,10502.0,3.83,12.15,4468.0,3591.0,1062.0,304.0,5.59,5.96,6.53,6.45,9425.0
2025-03-22,15,11515.0,3.93,11.82,4419.0,3573.0,902.0,305.0,5.55,5.92,6.51,6.4,9198.0
2025-03-22,16,11553.0,4.06,11.54,4700.0,3996.0,1292.0,352.0,5.82,6.56,6.82,7.15,10339.0
2025-03-22,17,11641.0,3.91,11.63,5462.0,4925.0,2523.0,416.0,6.8,8.83,8.0,9.77,13327.0
2025-03-22,18,11866.0,3.42,11.69,5934.0,5438.0,3337.0,449.0,7.83,10.69,9.21,11.85,15158.0
2025-03-22,19,12093.0,2.91,11.83,5781.0,5264.0,3410.0,421.0,7.87,10.6,9.26,11.72,14876.0
2025-03-22,20,12711.0,2.51,12.73,5660.0,5116.0,3337.0,427.0,7.83,10.53,9.23,11.52,14541.0
2025-03-22,21,11872.0,2.15,13.99,5321.0,4753.0,3197.0,429.0,7.06,9.54,8.38,10.37,13699.0
2025-03-22,22,11416.0,1.93,16.12,4381.0,3817.0,2356.0,335.0,5.83,6.94,6.83,7.5,10889.0
2025-03-22,23,4399.0,2.18,17.88,3656.0,2693.0,1337.0,244.0,4.9,4.87,5.82,4.86,7931.0
2025-03-23,0,3458.0,2.62,17.18,3438.0,2645.0,1290.0,230.0,4.74,4.45,5.54,4.47,7603.0
2025-03-23,1,3884.0,3.09,16.43,3204.0,2355.0,1633.0,213.0,4.59,4.11,5.34,4.24,7404.0
2025-03-23,2,4655.0,3.63,18.42,3242.0,2427.0,1907.0,218.0,4.81,4.67,5.69,4.73,7794.0
2025-03-23,3,4727.0,4.23,19.03,3192.0,2349.0,1966.0,215.0,4.86,4.74,5.7,4.79,7722.0
2025-03-23,4,5001.0,4.84,18.78,3435.0,2735.0,2402.0,243.0,5.14,5.49,6.1,5.54,8815.0
2025-03-23,5,11861.0,5.22,19.07,4253.0,3899.0,2828.0,372.0,6.12,7.77,7.35,8.34,11352.0
2025-03-23,6,13964.0,5.32,14.43,5013.0,4631.0,2872.0,388.0,7.62,9.92,9.13,10.73,12904.0
2025-03-23,7,13436.0,5.19,12.86,5635.0,5255.0,3364.0,476.0,8.35,11.16,9.94,12.33,14730.0
2025-03-23,8,13181.0,4.81,12.11,5992.0,5498.0,3460.0,461.0,8.37,11.32,9.91,12.19,15411.0
2025-03-23,9,13141.0,4.35,11.58,6134.0,5554.0,3500.0,470.0,8.26,11.41,9.87,12.14,15659.0
2025-03-23,10,12312.0,3.88,11.67,5635.0,5084.0,3234.0,425.0,7.07,9.68,8.46,10.63,14379.0
2025-03-23,11,11588.0,3.69,12.13,4677.0,4011.0,2155.0,356.0,5.66,6.86,6.84,7.47,11199.0
2025-03-23,12,10849.0,3.75,12.25,4397.0,3675.0,919.0,327.0,5.37,5.98,6.46,6.46,9318.0
2025-03-23,13,10655.0,3.79,12.48,4320.0,3663.0,919.0,310.0,5.44,6.0,6.54,6.47,9213.0
2025-03-23,14,10695.0,3.86,12.63,4333.0,3660.0,846.0,305.0,5.49,6.03,6.61,6.5,9145.0
2025-03-23,15,12172.0,4.01,13.59,4251.0,3684.0,1047.0,302.0,5.52,6.09,6.64,6.57,9285.0
2025-03-23,16,12484.0,4.27,13.73,4558.0,3954.0,1336.0,354.0,5.69,6.6,6.82,7.17,10201.0
2025-03-23,17,12417.0,4.27,13.48,5328.0,4942.0,2410.0,391.0,6.67,8.69,7.99,9.62,13072.0
2025-03-23,18,12006.0,3.86,12.39,5944.0,5429.0,3450.0,441.0,7.73,10.57,9.19,11.75,15264.0
2025-03-23,19,12421.0,3.37,12.85,5788.0,5257.0,3154.0,446.0,7.83,10.64,9.31,11.79,14644.0
2025-03-23,20,12727.0,2.99,13.21,5628.0,5201.0,3324.0,420.0,7.75,10.53,9.24,11.61,14573.0
2025-03-23,21,13108.0,2.66,13.73,5437.0,5005.0,3340.0,438.0,7.28,9.88,8.64,10.9,14221.0
2025-03-23,22,13743.0,2.62,15.17,4475.0,4079.0,2590.0,330.0,5.82,7.25,6.98,7.96,11474.0
2025-03-23,23,4800.0,3.02,16.99,3688.0,2735.0,1709.0,248.0,4.78,4.83,5.74,5.0,8380.0
2025-03-24,0,2857.0,3.4,16.53,3434.0,2559.0,1931.0,244.0,4.51,4.32,5.4,4.47,8167.0
2025-03-24,1,3072.0,3.78,17.53,3427.0,2626.0,2055.0,244.0,4.61,4.66,5.62,4.75,8352.0
2025-03-24,2,3500.0,4.21,17.7,3333.0,2666.0,2090.0,235.0,4.81,4.97,5.72,5.05,8323.0
2025-03-24,3,3199.0,4.65,19.3,3162.0,2600.0,2090.0,223.0,4.8,4.84,5.7,5.02,8075.0
2025-03-24,4,2478.0,5.0,19.05,3305.0,2838.0,2503.0,246.0,5.06,5.59,6.08,5.6,8892.0
2025-03-24,5,12070.0,5.16,15.17,4199.0,3936.0,2729.0,367.0,6.14,7.86,7.43,8.44,11231.0
2025-03-24,6,14460.0,5.25,13.33,5207.0,4901.0,3218.0,463.0,7.5,10.01,8.96,11.0,13789.0
2025-03-24,7,13482.0,4.99,12.19,5945.0,5569.0,3489.0,510.0,8.23,11.37,9.83,12.64,15514.0
2025-03-24,8,13195.0,4.52,11.53,6143.0,5692.0,3749.0,499.0,7.97,11.45,9.58,12.74,16083.0
2025-03-24,9,13221.0,4.0,11.08,6246.0,5695.0,3787.0,469.0,7.96,11.35,9.53,12.68,16197.0
2025-03-24,10,13344.0,3.56,10.86,5755.0,5138.0,3332.0,450.0,6.99,9.85,8.42,10.89,14675.0
2025-03-24,11,13319.0,3.48,10.72,4884.0,4114.0,1972.0,348.0,5.69,7.0,6.89,7.73,11318.0
2025-03-24,12,13124.0,3.7,10.58,4573.0,3782.0,1400.0,326.0,5.42,6.14,6.51,6.75,10081.0
2025-03-24,13,12804.0,3.94,10.31,4571.0,3798.0,1412.0,325.0,5.45,6.21,6.53,6.81,10106.0
2025-03-24,14,11846.0,4.12,11.03,4502.0,3730.0,1507.0,330.0,5.51,6.26,6.6,6.83,10069.0
2025-03-24,15,11945.0,4.25,12.02,4494.0,3697.0,1369.0,319.0,5.47,6.15,6.57,6.73,9879.0
2025-03-24,16,12307.0,4.38,12.88,4809.0,4095.0,1583.0,376.0,5.72,6.76,6.84,7.46,10863.0
2025-03-24,17,12080.0,4.23,12.3,5679.0,5041.0,2889.0,442.0,6.77,9.26,8.08,10.24,14051.0
2025-03-24,18,11936.0,3.71,11.61,6045.0,5317.0,3592.0,445.0,7.63,10.51,9.08,11.72,15398.0
2025-03-24,19,12291.0,3.15,11.91,6068.0,5275.0,3626.0,436.0,7.95,10.55,9.49,11.76,15405.0
2025-03-24,20,12638.0,2.65,12.19,5937.0,5228.0,3619.0,442.0,7.87,10.39,9.38,11.55,15226.0
2025-03-24,21,12780.0,2.25,12.18,5437.0,4663.0,3422.0,436.0,6.94,9.09,8.28,10.02,13957.0
2025-03-24,22,12652.0,2.16,13.68,4413.0,3648.0,2599.0,355.0,5.6,6.64,6.69,7.22,11015.0
2025-03-24,23,6703.0,2.54,16.3,3711.0,2602.0,1915.0,266.0,4.83,4.85,5.86,4.93,8493.0
2025-03-25,0,3849.0,3.15,15.45,3533.0,2629.0,2056.0,238.0,4.5,4.28,5.45,4.34,8457.0
2025-03-25,1,3691.0,3.62,15.52,3496.0,2554.0,2120.0,227.0,4.62,4.46,5.51,4.55,8397.0
2025-03-25,2,3168.0,4.06,18.73,3389.0,2460.0,2088.0,227.0,4.73,4.68,5.7,4.74,8164.0
2025-03-25,3,3086.0,4.46,20.18,3327.0,2532.0,2089.0,225.0,4.86,4.95,5.88,4.95,8173.0
2025-03-25,4,3013.0,4.85,18.77,3559.0,2842.0,2617.0,259.0,5.19,5.66,6.24,5.67,9277.0
2025-03-25,5,12384.0,4.98,15.65,4704.0,4193.0,3223.0,403.0,6.67,8.42,8.01,9.16,12523.0
2025-03-25,6,14641.0,4.9,13.61,5621.0,5108.0,3480.0,463.0,8.18,10.53,9.76,11.64,14672.0
2025-03-25,7,14179.0,4.62,12.19,6197.0,5659.0,3946.0,483.0,8.65,11.57,10.17,12.86,16286.0
2025-03-25,8,13928.0,4.15,11.41,6575.0,5732.0,4204.0,494.0,8.84,11.59,10.4,12.99,17006.0
2025-03-25,9,13609.0,3.52,10.36,6978.0,5724.0,4364.0,473.0,9.51,11.77,11.12,13.25,17539.0
2025-03-25,10,13841.0,2.91,10.21,6390.0,5180.0,4000.0,437.0,8.2,10.07,9.74,11.28,16007.0
2025-03-25,11,12720.0,2.77,10.76,4959.0,3939.0,2155.0,324.0,5.92,6.69,7.13,7.3,11377.0
2025-03-25,12,12414.0,2.88,11.04,4648.0,3671.0,1321.0,308.0,5.51,5.99,6.56,6.53,9948.0
2025-03-25,13,12316.0,3.1,11.06,4498.0,3619.0,1390.0,302.0,5.41,5.97,6.47,6.46,9809.0
2025-03-25,14,12234.0,3.29,10.98,4507.0,3632.0,1310.0,321.0,5.42,6.05,6.48,6.55,9769.0
2025-03-25,15,12274.0,3.48,11.26,4515.0,3598.0,1328.0,345.0,5.44,6.11,6.5,6.6,9786.0
2025-03-25,16,12598.0,3.61,12.0,5111.0,4028.0,2383.0,343.0,6.0,7.0,7.18,7.68,11864.0
2025-03-25,17,12717.0,3.4,12.04,5978.0,5021.0,3369.0,405.0,7.34,9.33,8.76,10.42,14773.0
2025-03-25,18,13121.0,2.93,12.5,6239.0,5442.0,3913.0,449.0,7.98,10.81,9.46,12.07,16043.0
2025-03-25,19,13828.0,2.49,13.04,6144.0,5378.0,3368.0,451.0,8.13,10.9,9.64,12.11,15340.0
2025-03-25,20,14065.0,2.14,13.08,6048.0,5367.0,3648.0,454.0,8.08,10.89,9.67,12.03,15518.0
2025-03-25,21,13794.0,1.86,13.39,5515.0,4844.0,3446.0,448.0,7.23,9.52,8.6,10.52,14253.0
2025-03-25,22,10498.0,1.68,15.88,4404.0,3799.0,2378.0,342.0,6.41,6.85,7.04,7.43,10923.0
2025-03-25,23,5732.0,1.84,17.56,3730.0,2629.0,1621.0,242.0,6.1,4.75,5.88,4.87,8222.0
2025-03-26,0,4689.0,2.45,13.48,3593.0,2590.0,2137.0,225.0,5.77,4.31,5.45,4.35,8545.0
2025-03-26,1,4746.0,3.05,14.01,3605.0,2566.0,2216.0,225.0,5.93,4.54,5.68,4.64,8611.0
2025-03-26,2,5140.0,3.69,16.88,3280.0,2320.0,1998.0,221.0,5.93,4.5,5.7,4.58,7818.0
2025-03-26,3,5223.0,4.35,17.79,3152.0,2281.0,1953.0,227.0,6.0,4.58,5.68,4.68,7613.0
2025-03-26,4,4968.0,5.01,16.53,3380.0,2786.0,2542.0,259.0,6.32,5.56,6.05,5.66,8967.0
2025-03-26,5,11936.0,5.33,14.5,4466.0,3989.0,2981.0,373.0,6.63,8.08,7.73,8.65,11808.0
2025-03-26,6,13413.0,5.19,12.88,5734.0,5227.0,3556.0,458.0,8.2,10.76,9.75,11.84,14975.0
2025-03-26,7,12823.0,4.66,11.46,6383.0,5642.0,4064.0,537.0,9.09,11.61,10.69,12.89,16627.0
2025-03-26,8,12738.0,3.97,10.7,6785.0,5710.0,4296.0,483.0,9.35,11.73,10.99,13.12,17275.0
2025-03-26,9,12852.0,3.21,10.27,6953.0,5768.0,4287.0,457.0,9.31,11.75,10.92,13.25,17465.0
2025-03-26,10,12761.0,2.53,9.56,6234.0,5074.0,3849.0,456.0,7.83,9.71,9.27,10.8,15612.0
2025-03-26,11,12956.0,2.35,9.69,4949.0,4054.0,2086.0,358.0,5.89,6.86,6.91,7.49,11447.0
2025-03-26,12,13017.0,2.56,9.96,4473.0,3683.0,1503.0,334.0,5.47,6.13,6.29,6.6,9994.0
2025-03-26,13,13119.0,2.87,10.07,4519.0,3653.0,1138.0,323.0,5.48,6.13,6.27,6.59,9632.0
2025-03-26,14,14201.0,3.26,9.9,4515.0,3648.0,1091.0,320.0,5.51,6.17,6.31,6.62,9574.0
2025-03-26,15,14120.0,3.7,10.16,4526.0,3645.0,1210.0,371.0,5.52,6.18,6.3,6.66,9751.0
2025-03-26,16,13422.0,4.07,11.37,4807.0,4025.0,1679.0,369.0,5.77,6.77,6.62,7.39,10880.0
2025-03-26,17,12759.0,4.01,12.1,5658.0,4987.0,3193.0,413.0,6.76,9.14,7.96,10.09,14251.0
2025-03-26,18,12530.0,3.56,11.34,6173.0,5484.0,3798.0,444.0,7.77,10.97,9.12,12.19,15899.0
2025-03-26,19,12630.0,3.03,11.09,5988.0,5387.0,3527.0,447.0,7.78,10.88,9.2,12.05,15349.0
2025-03-26,20,12657.0,2.55,10.79,5874.0,5414.0,3565.0,445.0,7.75,10.73,9.11,11.9,15298.0
2025-03-26,21,12491.0,2.12,10.27,5576.0,5013.0,3425.0,414.0,7.13,9.9,8.43,10.9,14428.0
2025-03-26,22,10187.0,1.74,8.94,4540.0,4178.0,2617.0,361.0,5.78,7.1,6.76,7.75,11696.0
2025-03-26,23,10403.0,1.67,9.34,3751.0,3228.0,1577.0,262.0,4.87,4.98,5.56,5.36,8819.0
2025-03-27,0,11932.0,1.88,10.05,3498.0,2949.0,1867.0,229.0,5.53,4.41,5.23,4.77,8543.0
2025-03-27,1,14970.0,2.5,10.5,3254.0,2780.0,1724.0,216.0,6.24,4.37,5.29,4.68,7974.0
2025-03-27,2,14631.0,3.36,10.71,2955.0,2437.0,1493.0,203.0,6.18,4.17,5.25,4.41,7087.0
2025-03-27,3,13868.0,4.26,12.48,3010.0,2339.0,1571.0,204.0,6.26,4.23,5.28,4.48,7125.0
2025-03-27,4,12626.0,4.79,14.49,3594.0,2996.0,2296.0,266.0,7.06,5.7,5.95,6.07,9152.0
2025-03-27,5,14721.0,5.09,13.93,4556.0,4217.0,3163.0,383.0,8.8,8.45,7.71,9.14,12319.0
2025-03-27,6,14742.0,5.16,12.86,5490.0,5212.0,3348.0,469.0,9.85,10.48,9.3,11.48,14519.0
2025-03-27,7,14355.0,4.89,11.5,6338.0,5683.0,4056.0,551.0,10.56,11.81,10.37,13.09,16629.0
2025-03-27,8,13962.0,4.41,10.55,6464.0,5776.0,3993.0,474.0,10.46,11.76,10.21,13.11,16707.0
2025-03-27,9,14049.0,3.86,10.22,6854.0,5580.0,4295.0,465.0,10.88,11.56,10.87,12.95,17194.0
2025-03-27,10,14237.0,3.34,10.04,6383.0,5020.0,3961.0,435.0,10.01,9.9,9.59,11.07,15799.0
2025-03-27,11,14248.0,3.3,9.97,5069.0,3969.0,2437.0,342.0,8.47,6.87,7.46,7.5,11816.0
2025-03-27,12,13000.0,3.55,10.09,4600.0,3741.0,1762.0,321.0,7.78,6.23,6.88,6.73,10423.0
2025-03-27,13,12331.0,3.77,11.06,4388.0,3591.0,1437.0,309.0,7.46,6.14,6.69,6.61,9725.0
2025-03-27,14,12393.0,4.0,11.95,4439.0,3626.0,1277.0,338.0,7.52,6.17,6.7,6.65,9680.0
2025-03-27,15,12083.0,4.23,16.07,4453.0,3632.0,1290.0,331.0,7.46,6.14,6.69,6.63,9706.0
2025-03-27,16,11181.0,4.27,17.26,4797.0,4007.0,1859.0,364.0,8.02,6.88,7.02,7.5,11028.0
2025-03-27,17,11935.0,3.93,15.31,6033.0,4943.0,3470.0,434.0,9.66,9.21,8.94,10.33,14880.0
2025-03-27,18,14231.0,3.46,12.91,6527.0,5389.0,4133.0,456.0,10.53,10.95,10.33,12.31,16506.0
2025-03-27,19,13637.0,3.01,12.81,6337.0,5295.0,4142.0,433.0,10.51,10.84,10.26,12.12,16208.0
2025-03-27,20,12922.0,2.49,12.56,6292.0,5241.0,3970.0,436.0,10.37,10.75,10.11,11.93,15939.0
2025-03-27,21,12882.0,1.97,12.19,5887.0,4728.0,3950.0,410.0,9.78,9.68,9.24,10.74,14975.0
2025-03-27,22,13301.0,1.72,12.97,5077.0,4054.0,3237.0,400.0,8.8,7.69,7.82,8.42,12768.0
2025-03-27,23,8603.0,1.98,14.52,4088.0,2878.0,2253.0,269.0,7.16,5.26,6.35,5.47,9487.0
2025-03-28,0,3090.0,2.54,13.05,3647.0,2266.0,2229.0,215.0,6.11,4.15,5.65,4.14,8357.0
2025-03-28,1,3987.0,2.92,13.89,3631.0,2315.0,2223.0,212.0,6.25,4.28,5.74,4.34,8381.0
2025-03-28,2,4497.0,3.48,14.35,3526.0,2409.0,2285.0,209.0,6.37,4.38,5.79,4.52,8429.0
2025-03-28,3,4553.0,4.06,15.15,3458.0,2508.0,2380.0,220.0,6.62,4.83,6.04,4.93,8566.0
2025-03-28,4,4497.0,4.64,15.22,3556.0,2759.0,2714.0,246.0,6.87,5.34,6.35,5.42,9275.0
2025-03-28,5,12719.0,4.86,12.55,4660.0,4141.0,3350.0,377.0,7.96,8.38,7.97,9.19,12528.0
2025-03-28,6,14802.0,4.81,12.07,5636.0,5137.0,3630.0,437.0,9.12,10.7,9.72,11.82,14840.0
2025-03-28,7,14279.0,4.54,11.1,6206.0,5596.0,4045.0,518.0,9.63,11.58,10.57,13.0,16363.0
2025-03-28,8,13808.0,4.04,10.05,6471.0,5612.0,4145.0,465.0,9.72,11.6,10.6,13.18,16693.0
2025-03-28,9,13798.0,3.51,9.52,6568.0,5537.0,4206.0,445.0,9.59,11.43,10.51,12.98,16755.0
2025-03-28,10,13976.0,3.03,9.45,6195.0,5099.0,3840.0,432.0,8.82,9.87,9.27,11.29,15567.0
2025-03-28,11,13846.0,3.01,9.3,4813.0,3980.0,1992.0,329.0,7.29,6.73,7.1,7.41,11113.0
2025-03-28,12,13599.0,3.35,9.13,4537.0,3719.0,1221.0,327.0,6.96,6.11,6.64,6.63,9804.0
2025-03-28,13,13421.0,3.69,9.21,4677.0,3758.0,1713.0,323.0,6.78,5.99,6.39,6.55,10471.0
2025-03-28,14,13199.0,3.95,9.55,4550.0,3737.0,1440.0,312.0,7.0,6.32,6.61,6.88,10040.0
2025-03-28,15,13409.0,4.31,10.99,4230.0,3517.0,1088.0,281.0,7.04,6.16,6.67,6.63,9116.0
2025-03-28,16,10373.0,4.6,13.99,4291.0,3379.0,1120.0,287.0,6.93,5.62,6.54,6.08,9076.0
2025-03-28,17,9751.0,4.45,13.5,4864.0,4122.0,2275.0,352.0,7.61,7.07,7.35,7.77,11614.0
2025-03-28,18,10705.0,3.93,12.33,5864.0,4980.0,3432.0,401.0,8.86,9.72,9.21,10.84,14677.0
2025-03-28,19,11983.0,3.29,11.95,6102.0,5176.0,3763.0,407.0,9.36,10.69,10.07,11.95,15449.0
2025-03-28,20,12233.0,2.75,12.03,5836.0,5032.0,3688.0,408.0,9.3,10.48,9.95,11.64,14964.0
2025-03-28,21,12507.0,2.3,12.24,5463.0,4621.0,3845.0,391.0,8.64,9.52,8.94,10.47,14319.0
2025-03-28,22,13329.0,1.95,13.83,5680.0,4691.0,4047.0,394.0,8.68,9.78,9.0,10.82,14812.0
2025-03-28,23,12393.0,1.86,14.37,4297.0,3249.0,3174.0,285.0,7.25,6.1,6.57,6.54,11006.0
2025-03-29,0,5827.0,2.72,13.23,3658.0,2586.0,2160.0,217.0,6.26,4.29,5.56,4.33,8621.0
2025-03-29,1,3054.0,3.22,14.22,3649.0,2569.0,2349.0,213.0,6.51,4.48,5.71,4.67,8780.0
2025-03-29,2,3145.0,3.61,15.57,3416.0,2242.0,2063.0,213.0,6.4,4.38,5.65,4.51,7935.0
2025-03-29,3,3247.0,4.02,16.56,3152.0,2136.0,1828.0,217.0,6.3,4.24,5.65,4.32,7333.0
2025-03-29,4,3193.0,4.43,15.92,3567.0,2713.0,2343.0,231.0,6.84,5.22,6.14,5.26,8855.0
2025-03-29,5,12848.0,4.75,15.01,4545.0,3902.0,2848.0,319.0,7.83,7.66,7.65,8.19,11613.0
2025-03-29,6,16316.0,5.12,11.69,5164.0,4596.0,3102.0,397.0,8.69,9.8,9.19,10.64,13259.0
2025-03-29,7,16223.0,5.26,10.37,5552.0,5286.0,3332.0,441.0,8.91,11.14,9.56,12.18,14610.0
2025-03-29,8,14495.0,5.18,10.37,5881.0,5493.0,3720.0,451.0,9.01,11.3,9.65,12.43,15544.0
2025-03-29,9,14116.0,4.8,10.3,6325.0,5645.0,4052.0,437.0,9.18,11.32,9.93,12.64,16459.0
2025-03-29,10,13281.0,4.34,10.49,5944.0,5299.0,3556.0,409.0,8.5,9.94,8.91,11.06,15207.0
2025-03-29,11,12230.0,4.14,10.8,5003.0,4418.0,2481.0,356.0,7.34,7.24,7.16,7.96,12258.0
2025-03-29,12,10576.0,4.0,11.05,4698.0,4042.0,1753.0,316.0,6.97,6.34,6.7,6.89,10808.0
2025-03-29,13,10663.0,3.88,11.15,4615.0,3924.0,1530.0,315.0,6.98,6.23,6.68,6.79,10384.0
2025-03-29,14,10750.0,3.81,11.18,4579.0,3762.0,1502.0,363.0,6.96,6.16,6.7,6.68,10207.0
2025-03-29,15,11225.0,3.81,10.96,4583.0,3777.0,1343.0,344.0,6.95,6.14,6.68,6.64,10047.0
2025-03-29,16,11095.0,3.77,10.86,4870.0,4071.0,1879.0,332.0,7.17,6.66,6.88,7.3,11152.0
2025-03-29,17,11426.0,3.51,10.6,5580.0,4893.0,3086.0,380.0,8.17,8.83,8.25,9.77,13939.0
2025-03-29,18,11727.0,2.96,10.75,6076.0,5344.0,3537.0,417.0,9.0,10.59,9.59,11.79,15374.0
2025-03-29,19,12386.0,2.43,11.58,5868.0,5162.0,3763.0,408.0,8.96,10.45,9.46,11.55,15201.0
2025-03-29,20,12488.0,2.01,11.52,5527.0,5105.0,3520.0,445.0,8.66,10.57,9.1,11.49,14596.0
2025-03-29,21,12674.0,1.72,11.66,5041.0,4607.0,2890.0,407.0,8.04,9.17,8.18,10.02,12945.0
2025-03-29,22,10996.0,1.66,16.9,4190.0,3695.0,2218.0,316.0,7.12,6.68,6.82,7.21,10419.0
2025-03-29,23,7097.0,1.9,19.27,3834.0,3247.0,1628.0,249.0,6.34,4.74,5.76,5.01,8959.0
2025-03-30,0,4980.0,2.56,15.82,3658.0,2978.0,2170.0,279.0,6.04,4.53,5.46,4.63,9086.0
2025-03-30,1,4998.0,3.2,16.09,3550.0,2793.0,2126.0,225.0,6.15,4.76,5.6,4.76,8693.0
2025-03-30,2,5002.0,3.83,16.62,3322.0,2435.0,1837.0,207.0,6.09,4.49,5.46,4.59,7800.0
2025-03-30,3,3848.0,4.43,17.48,3158.0,2251.0,1818.0,204.0,6.19,4.62,5.61,4.63,7431.0
2025-03-30,4,3136.0,4.83,16.99,3451.0,2742.0,2291.0,255.0,6.5,5.48,6.01,5.57,8740.0
2025-03-30,5,14356.0,4.99,12.48,4390.0,3982.0,2780.0,348.0,6.76,7.94,7.4,8.63,11499.0
2025-03-30,6,14908.0,5.27,13.56,4963.0,4588.0,2850.0,386.0,7.81,9.86,8.97,10.71,12786.0
2025-03-30,7,13823.0,5.21,12.28,5527.0,5239.0,3204.0,429.0,8.48,11.17,9.84,12.26,14399.0
2025-03-30,8,13507.0,4.93,11.57,5737.0,5490.0,3461.0,455.0,8.37,11.34,9.7,12.47,15143.0
2025-03-30,9,13337.0,4.51,10.94,6095.0,5551.0,3504.0,438.0,8.46,10.99,9.82,12.24,15588.0
2025-03-30,10,13502.0,4.05,10.86,6141.0,5466.0,3795.0,447.0,8.23,10.81,9.55,12.12,15849.0
2025-03-30,11,12732.0,3.7,11.36,5017.0,4655.0,2502.0,373.0,6.86,8.31,7.62,9.17,12546.0
2025-03-30,12,12567.0,3.85,11.4,4299.0,3766.0,1295.0,315.0,6.0,6.1,6.43,6.62,9675.0
2025-03-30,13,11077.0,4.05,11.09,4238.0,3687.0,918.0,305.0,6.05,6.08,6.45,6.57,9149.0
2025-03-30,14,10300.0,4.09,10.55,4167.0,3655.0,997.0,304.0,6.06,6.09,6.46,6.57,9123.0
2025-03-30,15,10334.0,4.13,10.63,4186.0,3611.0,1017.0,320.0,6.03,6.09,6.43,6.54,9134.0
2025-03-30,16,10556.0,4.14,11.04,4407.0,3941.0,1098.0,345.0,6.27,6.64,6.73,7.2,9790.0
2025-03-30,17,10821.0,3.91,11.39,5323.0,4793.0,2850.0,369.0,7.38,8.85,8.3,9.76,13335.0
2025-03-30,18,11004.0,3.36,11.38,5562.0,5233.0,3384.0,424.0,7.86,10.54,8.98,11.59,14602.0
2025-03-30,19,11278.0,2.83,11.46,5471.0,5112.0,3325.0,410.0,7.87,10.41,9.06,11.47,14319.0
2025-03-30,20,11787.0,2.35,12.21,5503.0,5061.0,3356.0,422.0,7.84,10.27,9.05,11.26,14341.0
2025-03-30,21,12390.0,1.98,13.39,5205.0,4763.0,2979.0,410.0,7.22,9.19,8.11,10.01,13356.0
2025-03-30,22,12530.0,1.96,14.4,4216.0,3784.0,1922.0,312.0,6.2,6.63,6.68,7.16,10233.0
2025-03-30,23,3624.0,2.3,16.04,3617.0,2621.0,1336.0,226.0,5.28,4.58,5.6,4.68,7800.0
2025-03-31,0,3618.0,2.76,16.54,3423.0,2490.0,1901.0,214.0,5.05,4.12,5.25,4.34,8027.0
2025-03-31,1,3693.0,3.23,17.15,3313.0,2316.0,1790.0,211.0,5.05,4.29,5.28,4.32,7630.0
2025-03-31,2,3772.0,3.7,17.9,3253.0,2299.0,1878.0,250.0,5.19,4.47,5.45,4.56,7681.0
2025-03-31,3,3867.0,4.19,18.92,3207.0,2445.0,2035.0,212.0,5.35,4.74,5.63,4.87,7900.0
2025-03-31,4,4269.0,4.7,18.31,3490.0,2851.0,2655.0,250.0,5.74,5.81,6.13,5.93,9246.0
2025-03-31,5,13256.0,5.11,16.39,4255.0,3976.0,2910.0,346.0,6.45,8.02,7.38,8.64,11486.0
2025-03-31,6,14018.0,5.23,13.87,5245.0,4987.0,3284.0,418.0,7.79,10.39,9.2,11.33,13934.0
2025-03-31,7,13062.0,4.91,12.05,5939.0,5414.0,3899.0,458.0,8.64,11.53,10.17,12.71,15711.0
2025-03-31,8,12683.0,4.36,10.95,6228.0,5444.0,3889.0,456.0,8.83,11.63,10.35,12.87,16017.0
2025-03-31,9,12881.0,3.75,11.1,6480.0,5385.0,4382.0,431.0,9.13,11.56,10.68,12.94,16678.0
2025-03-31,10,11655.0,3.09,12.14,5998.0,4848.0,3890.0,428.0,7.86,9.66,9.2,10.72,15163.0
2025-03-31,11,11611.0,2.81,12.07,4616.0,3929.0,2037.0,339.0,6.03,6.78,6.88,7.36,10922.0
2025-03-31,12,11630.0,2.91,12.22,4251.0,3628.0,1223.0,296.0,5.67,6.07,6.39,6.55,9399.0
2025-03-31,13,11906.0,3.1,12.95,4260.0,3537.0,1142.0,292.0,5.66,6.04,6.36,6.5,9231.0
2025-03-31,14,12158.0,3.34,13.71,4179.0,3596.0,1140.0,293.0,5.63,6.04,6.31,6.49,9208.0
2025-03-31,15,12154.0,3.63,14.04,4137.0,3542.0,1908.0,298.0,5.51,6.13,6.12,6.53,9885.0
2025-03-31,16,12552.0,3.94,15.24,4488.0,3932.0,1398.0,314.0,5.84,6.8,6.57,7.35,10131.0
2025-03-31,17,12137.0,3.91,14.29,5385.0,4766.0,2867.0,386.0,7.04,9.27,8.25,10.14,13403.0
2025-03-31,18,12078.0,3.46,13.7,5888.0,5248.0,3612.0,439.0,8.19,10.76,9.63,11.92,15186.0
2025-03-31,19,11779.0,2.92,12.63,5785.0,5033.0,3546.0,424.0,8.33,10.65,9.71,11.82,14789.0
2025-03-31,20,11965.0,2.4,12.64,5689.0,5054.0,3417.0,446.0,8.19,10.64,9.63,11.62,14606.0
2025-03-31,21,12196.0,1.95,12.85,5349.0,4705.0,3332.0,405.0,7.47,9.66,8.82,10.53,13791.0
2025-03-31,22,12149.0,1.76,13.27,4526.0,3905.0,2718.0,329.0,6.31,7.47,7.24,8.09,11478.0
2025-03-31,23,5961.0,2.07,15.59,3743.0,2823.0,2216.0,245.0,5.18,5.12,5.79,5.17,9027.0
2025-04-01,0,5054.0,2.73,15.11,3464.0,2462.0,2054.0,223.0,4.77,4.1,5.2,4.27,8203.0
2025-04-01,1,3677.0,3.33,16.91,3488.0,2560.0,2122.0,229.0,4.92,4.61,5.38,4.6,8399.0
2025-04-01,2,2598.0,3.68,17.98,3354.0,2371.0,2045.0,209.0,4.98,4.62,5.47,4.67,7979.0
2025-04-01,3,4002.0,4.08,17.83,3196.0,2282.0,1963.0,204.0,4.99,4.6,5.47,4.64,7646.0
2025-04-01,4,6473.0,4.75,15.47,3302.0,2636.0,2379.0,241.0,5.26,5.45,5.8,5.49,8558.0
2025-04-01,5,11896.0,5.26,13.38,4285.0,3950.0,2898.0,365.0,6.45,8.06,7.44,8.66,11498.0
2025-04-01,6,13249.0,5.18,12.45,5422.0,4980.0,3507.0,428.0,8.0,10.43,9.39,11.41,14337.0
2025-04-01,7,12804.0,4.75,11.45,5909.0,5477.0,3812.0,544.0,8.58,11.54,10.09,12.68,15743.0
2025-04-01,8,12884.0,4.2,11.08,6336.0,5544.0,4091.0,446.0,8.86,11.52,10.45,12.81,16416.0
2025-04-01,9,13088.0,3.6,10.83,6449.0,5555.0,4192.0,422.0,8.79,11.37,10.35,12.68,16617.0
2025-04-01,10,13387.0,3.05,10.87,6132.0,5187.0,3685.0,397.0,8.05,10.27,9.48,11.39,15401.0
2025-04-01,11,13496.0,2.9,10.93,4883.0,4199.0,2267.0,365.0,6.3,7.36,7.21,8.02,11715.0
2025-04-01,12,13425.0,3.13,10.97,4523.0,3901.0,1403.0,328.0,5.86,6.38,6.6,6.9,10155.0
2025-04-01,13,13327.0,3.41,11.1,4582.0,3749.0,1489.0,312.0,5.87,6.32,6.57,6.88,10130.0
2025-04-01,14,13232.0,3.69,11.17,4615.0,3694.0,1446.0,303.0,5.86,6.29,6.56,6.83,10058.0
2025-04-01,15,12900.0,3.94,10.83,4598.0,3685.0,1548.0,338.0,5.85,6.29,6.53,6.82,10169.0
2025-04-01,16,12981.0,4.14,11.12,4873.0,3994.0,1676.0,344.0,6.16,6.96,6.95,7.58,10887.0
2025-04-01,17,12920.0,4.07,11.04,5655.0,4967.0,3015.0,409.0,7.26,9.21,8.51,10.23,14047.0
2025-04-01,18,13107.0,3.65,11.02,6105.0,5390.0,3834.0,444.0,8.31,10.94,9.7,12.17,15774.0
2025-04-01,19,13486.0,3.2,11.28,6058.0,5334.0,3762.0,440.0,8.37,10.99,9.77,12.18,15593.0
2025-04-01,20,13746.0,2.83,11.42,5939.0,5253.0,3711.0,468.0,8.28,10.79,9.71,12.03,15370.0
2025-04-01,21,13955.0,2.51,11.55,5514.0,4828.0,3696.0,435.0,7.49,9.75,8.77,10.78,14473.0
2025-04-01,22,13988.0,2.47,11.5,4561.0,3912.0,2954.0,348.0,6.14,7.29,6.96,7.97,11774.0
2025-04-01,23,6141.0,2.82,10.21,3519.0,2469.0,1680.0,237.0,4.93,4.59,5.45,4.65,7905.0
2025-04-02,0,2665.0,3.2,10.8,3558.0,2485.0,1887.0,250.0,4.73,4.14,5.18,4.24,8180.0
2025-04-02,1,2800.0,3.55,11.73,3521.0,2566.0,2142.0,219.0,4.89,4.41,5.44,4.57,8447.0
2025-04-02,2,2206.0,3.88,12.68,3387.0,2491.0,2194.0,209.0,4.95,4.53,5.42,4.63,8281.0
2025-04-02,3,1957.0,4.14,12.33,3278.0,2370.0,2089.0,206.0,4.94,4.5,5.47,4.6,7943.0
2025-04-02,4,2113.0,4.4,14.14,3462.0,2646.0,2386.0,242.0,5.24,5.08,5.75,5.25,8736.0
2025-04-02,5,13099.0,4.53,17.33,4731.0,4158.0,3413.0,383.0,6.84,8.54,8.0,9.33,12684.0
2025-04-02,6,15298.0,4.53,12.6,5654.0,5095.0,3535.0,459.0,8.18,10.61,9.57,11.72,14744.0
2025-04-02,7,14693.0,4.28,11.47,6096.0,5472.0,3914.0,484.0,8.63,11.52,10.17,12.79,15965.0
2025-04-02,8,14614.0,3.93,11.05,6268.0,5600.0,4127.0,465.0,8.65,11.62,10.1,12.98,16460.0
2025-04-02,9,14507.0,3.53,10.51,6378.0,5661.0,3993.0,456.0,8.59,11.68,10.16,13.08,16488.0
2025-04-02,10,14342.0,3.16,10.0,5872.0,5067.0,3609.0,424.0,7.52,9.91,8.82,11.02,14972.0
2025-04-02,11,12992.0,3.16,10.59,4793.0,4035.0,2027.0,328.0,6.03,6.87,6.84,7.51,11183.0
2025-04-02,12,12187.0,3.33,11.76,4522.0,3658.0,1419.0,301.0,5.69,6.03,6.42,6.59,9901.0
2025-04-02,13,11471.0,3.45,12.52,4443.0,3609.0,1475.0,300.0,5.7,6.01,6.39,6.57,9827.0
2025-04-02,14,11637.0,3.57,12.93,4397.0,3572.0,1276.0,313.0,5.75,6.02,6.44,6.55,9559.0
2025-04-02,15,12748.0,3.77,13.79,4380.0,3562.0,1321.0,329.0,5.71,5.97,6.37,6.47,9594.0
2025-04-02,16,12912.0,4.03,14.27,4882.0,4028.0,1944.0,360.0,6.12,6.95,6.92,7.62,11214.0
2025-04-02,17,11841.0,3.85,13.53,5652.0,4960.0,3063.0,411.0,7.26,9.2,8.46,10.29,14086.0
2025-04-02,18,11889.0,3.27,13.28,6063.0,5294.0,3761.0,450.0,8.22,10.86,9.61,12.06,15568.0
2025-04-02,19,12748.0,2.72,14.89,5975.0,5224.0,3932.0,440.0,8.28,10.88,9.69,12.08,15571.0
2025-04-02,20,12492.0,2.23,14.59,5837.0,5177.0,3642.0,439.0,8.23,10.84,9.65,11.91,15095.0
2025-04-02,21,12636.0,1.82,15.15,5348.0,4596.0,3628.0,423.0,7.32,9.55,8.57,10.43,13995.0
2025-04-02,22,12263.0,1.71,16.04,4407.0,3693.0,2519.0,327.0,6.14,6.93,6.93,7.46,10945.0
2025-04-02,23,5574.0,1.97,17.08,3889.0,2686.0,1994.0,254.0,5.33,4.97,5.74,5.1,8824.0
2025-04-03,0,4868.0,2.58,15.27,3784.0,2636.0,2370.0,263.0,4.95,4.33,5.14,4.46,9053.0
2025-04-03,1,4825.0,3.2,15.21,3584.0,2484.0,2168.0,264.0,5.0,4.48,5.34,4.5,8500.0
2025-04-03,2,4788.0,3.81,15.41,3412.0,2341.0,2075.0,210.0,5.0,4.45,5.35,4.48,8037.0
2025-04-03,3,3291.0,4.33,16.84,3278.0,2262.0,1953.0,204.0,5.04,4.5,5.31,4.54,7697.0
2025-04-03,4,6622.0,4.78,16.4,3531.0,2811.0,2635.0,249.0,5.56,5.6,5.97,5.78,9227.0
2025-04-03,5,14538.0,5.08,15.31,4566.0,4066.0,3073.0,352.0,6.82,8.26,7.75,9.03,12056.0
2025-04-03,6,14994.0,5.16,13.19,5477.0,4924.0,3509.0,430.0,8.24,10.45,9.65,11.56,14340.0
2025-04-03,7,14380.0,4.93,11.5,6038.0,5454.0,3944.0,495.0,8.95,11.64,10.46,13.1,15931.0
2025-04-03,8,13911.0,4.52,10.54,6260.0,5540.0,3940.0,486.0,8.82,11.63,10.23,13.16,16226.0
2025-04-03,9,14052.0,4.04,10.27,6419.0,5583.0,4075.0,470.0,8.81,11.72,10.22,13.27,16548.0
2025-04-03,10,13809.0,3.65,10.43,5789.0,5012.0,3477.0,404.0,7.6,9.73,8.8,10.96,14681.0
2025-04-03,11,11257.0,3.48,11.34,4722.0,4033.0,2150.0,346.0,6.26,6.98,6.92,7.63,11251.0
2025-04-03,12,10600.0,3.42,11.55,4455.0,3667.0,1398.0,338.0,5.85,6.06,6.38,6.58,9858.0
2025-04-03,13,11798.0,3.46,11.6,4419.0,3610.0,1665.0,298.0,5.8,5.95,6.3,6.47,9993.0
2025-04-03,14,12205.0,3.63,12.58,4417.0,3530.0,1215.0,295.0,5.87,5.95,6.36,6.46,9457.0
2025-04-03,15,12989.0,3.9,14.56,4471.0,3575.0,1247.0,299.0,5.85,5.98,6.34,6.47,9593.0
2025-04-03,16,13054.0,4.16,14.85,4812.0,4020.0,1864.0,337.0,6.19,6.73,6.79,7.39,11033.0
2025-04-03,17,11888.0,4.04,15.49,5650.0,4873.0,3245.0,430.0,7.29,9.09,8.36,10.07,14198.0
2025-04-03,18,11428.0,3.45,14.32,6127.0,5283.0,3798.0,465.0,8.3,10.92,9.67,12.12,15672.0
2025-04-03,19,11735.0,2.8,14.55,5954.0,5235.0,3580.0,467.0,8.37,10.91,9.73,12.05,15236.0
2025-04-03,20,11945.0,2.22,14.72,5874.0,5170.0,3724.0,456.0,8.27,10.8,9.63,11.88,15225.0
2025-04-03,21,10746.0,1.65,15.64,5481.0,4675.0,3490.0,423.0,7.6,9.72,8.85,10.67,14069.0
2025-04-03,22,10472.0,1.26,15.91,4314.0,3569.0,2316.0,321.0,8.01,6.77,6.9,7.3,10520.0
2025-04-03,23,5308.0,1.6,16.2,3586.0,2384.0,1507.0,237.0,6.55,4.57,5.48,4.66,7714.0
2025-04-04,0,4954.0,2.25,14.75,3633.0,2531.0,2027.0,262.0,6.03,4.24,5.36,4.32,8452.0
2025-04-04,1,5109.0,2.89,16.16,3387.0,2326.0,1908.0,230.0,5.98,4.2,5.26,4.23,7852.0
2025-04-04,2,5183.0,3.55,16.97,3259.0,2226.0,1839.0,209.0,6.06,4.2,5.3,4.29,7533.0
2025-04-04,3,4833.0,4.19,17.51,3202.0,2289.0,1882.0,210.0,6.21,4.49,5.46,4.51,7584.0
2025-04-04,4,6991.0,4.81,16.54,3553.0,2789.0,2553.0,260.0,6.5,5.63,6.46,5.83,9155.0
2025-04-04,5,14179.0,5.09,14.31,4563.0,3991.0,3078.0,351.0,6.85,8.29,8.94,9.02,11984.0
2025-04-04,6,14982.0,5.16,12.72,5481.0,4866.0,3583.0,445.0,8.19,10.44,10.62,11.53,14375.0
2025-04-04,7,14093.0,4.88,10.97,6099.0,5456.0,3906.0,550.0,8.84,11.64,11.28,13.07,16012.0
2025-04-04,8,13985.0,4.44,10.44,6335.0,5521.0,4126.0,472.0,8.72,11.56,11.26,13.05,16454.0
2025-04-04,9,13916.0,3.98,9.96,6325.0,5408.0,4138.0,449.0,8.59,11.44,11.02,12.97,16320.0
2025-04-04,10,14015.0,3.58,9.78,5860.0,4973.0,3659.0,415.0,7.57,9.89,10.3,11.04,14906.0
2025-04-04,11,13903.0,3.55,9.66,4873.0,4091.0,2390.0,342.0,6.33,7.17,9.0,7.88,11695.0
2025-04-04,12,12097.0,3.7,10.47,4628.0,3727.0,1754.0,354.0,5.95,6.27,8.39,6.82,10463.0
2025-04-04,13,12018.0,3.8,10.37,4572.0,3634.0,1696.0,307.0,5.94,6.18,8.33,6.71,10209.0
2025-04-04,14,12316.0,3.94,11.06,4603.0,3598.0,1380.0,310.0,5.99,6.21,8.38,6.74,9890.0
2025-04-04,15,12509.0,4.13,11.54,4551.0,3611.0,1559.0,321.0,5.97,6.26,8.34,6.76,10042.0
2025-04-04,16,12862.0,4.29,12.27,4902.0,4039.0,1904.0,336.0,6.32,6.99,8.67,7.65,11181.0
2025-04-04,17,13235.0,4.21,12.95,5716.0,4906.0,3153.0,429.0,7.36,9.34,9.68,10.33,14205.0
2025-04-04,18,13068.0,3.8,12.36,6155.0,5295.0,3829.0,436.0,8.2,10.78,10.47,12.04,15716.0
2025-04-04,19,13247.0,3.34,12.38,6029.0,5177.0,3871.0,428.0,8.37,10.91,10.5,12.13,15504.0
2025-04-04,20,13465.0,2.95,12.51,5905.0,5073.0,3795.0,432.0,8.34,10.87,10.55,12.02,15205.0
2025-04-04,21,13390.0,2.66,12.5,5478.0,4681.0,3581.0,396.0,7.58,9.71,9.98,10.7,14135.0
2025-04-04,22,9855.0,2.43,14.89,4475.0,3727.0,2660.0,341.0,6.28,7.09,8.61,7.71,11203.0
2025-04-04,23,3254.0,2.49,16.04,3681.0,2412.0,1698.0,289.0,5.13,4.47,6.82,4.66,8080.0
2025-04-05,0,2732.0,2.86,14.87,3584.0,2305.0,2029.0,228.0,4.87,4.09,6.41,4.21,8146.0
2025-04-05,1,2709.0,3.2,14.9,3529.0,2407.0,2070.0,222.0,4.97,4.34,6.54,4.43,8228.0
2025-04-05,2,2892.0,3.56,16.57,3453.0,2383.0,2105.0,223.0,5.09,4.55,6.68,4.64,8164.0
2025-04-05,3,2933.0,3.93,17.04,3350.0,2315.0,2148.0,217.0,5.14,4.62,6.78,4.74,8030.0
2025-04-05,4,3696.0,4.32,15.86,3658.0,2694.0,2495.0,250.0,5.48,5.34,7.18,5.49,9097.0
2025-04-05,5,13223.0,4.69,13.84,4575.0,3957.0,3178.0,339.0,6.72,8.0,8.45,8.68,12049.0
2025-04-05,6,15128.0,4.8,12.65,5287.0,4691.0,3364.0,403.0,7.93,10.02,9.65,11.0,13745.0
2025-04-05,7,14463.0,4.69,11.36,5606.0,5286.0,3475.0,503.0,8.31,11.2,9.96,12.3,14870.0
2025-04-05,8,13899.0,4.44,10.83,5898.0,5428.0,3577.0,478.0,8.43,11.23,10.07,12.47,15380.0
2025-04-05,9,13397.0,3.96,10.57,6383.0,5610.0,3848.0,462.0,8.7,11.29,10.4,12.71,16302.0
2025-04-05,10,13571.0,3.46,10.42,6007.0,5024.0,3724.0,418.0,7.79,9.56,9.59,10.69,15173.0
2025-04-05,11,12914.0,3.34,10.79,4890.0,4221.0,2514.0,355.0,6.39,7.05,8.17,7.71,11980.0
2025-04-05,12,12398.0,3.44,10.78,4559.0,3730.0,1701.0,341.0,5.91,6.17,7.59,6.71,10331.0
2025-04-05,13,12261.0,3.59,10.65,4558.0,3773.0,1321.0,321.0,5.89,6.15,7.58,6.68,9972.0
2025-04-05,14,12224.0,3.76,10.72,4359.0,3686.0,2266.0,313.0,5.87,6.15,7.56,6.62,10624.0
2025-04-05,15,12059.0,3.99,10.61,4297.0,3657.0,1031.0,326.0,5.81,6.16,7.48,6.6,9312.0
2025-04-05,16,11854.0,4.13,10.41,4733.0,4116.0,1418.0,382.0,6.2,6.92,7.91,7.53,10649.0
2025-04-05,17,12231.0,3.97,11.01,5593.0,4835.0,3023.0,424.0,7.34,9.11,9.18,10.08,13874.0
2025-04-05,18,12369.0,3.52,10.9,5827.0,5201.0,3413.0,459.0,7.92,10.56,9.68,11.68,14901.0
2025-04-05,19,13015.0,3.15,12.84,5533.0,5062.0,3380.0,425.0,7.72,10.38,9.47,11.43,14400.0
2025-04-05,20,12037.0,2.8,12.98,5402.0,4906.0,3265.0,462.0,7.63,10.25,9.37,11.26,14035.0
2025-04-05,21,11668.0,2.45,14.38,5079.0,4488.0,3194.0,385.0,6.8,8.89,8.54,9.72,13146.0
2025-04-05,22,9264.0,2.17,19.28,4055.0,3419.0,2030.0,298.0,5.69,6.11,7.29,6.6,9803.0
2025-04-05,23,8656.0,2.3,17.44,3710.0,2820.0,1297.0,262.0,5.1,4.66,6.66,4.9,8090.0
2025-04-06,0,3778.0,3.01,15.57,3597.0,2669.0,1884.0,253.0,4.81,4.31,6.34,4.39,8403.0
2025-04-06,1,2930.0,3.42,12.23,3383.0,2709.0,1898.0,220.0,4.83,4.3,6.28,4.35,8210.0
2025-04-06,2,2936.0,3.78,12.21,3232.0,2387.0,1916.0,212.0,4.94,4.55,6.39,4.52,7747.0
2025-04-06,3,2995.0,4.16,12.7,3106.0,2149.0,1781.0,208.0,4.98,4.4,6.3,4.51,7244.0
2025-04-06,4,2995.0,4.54,12.72,3221.0,2520.0,2019.0,240.0,5.11,5.1,6.58,5.23,8001.0
2025-04-06,5,12849.0,4.78,12.68,4341.0,3839.0,2787.0,330.0,6.43,7.92,7.49,8.55,11296.0
2025-04-06,6,16183.0,5.02,14.19,5175.0,4852.0,3039.0,439.0,7.64,10.24,8.9,11.14,13506.0
2025-04-06,7,14180.0,5.05,12.47,5370.0,5215.0,3094.0,515.0,7.88,11.12,9.22,12.27,14194.0
2025-04-06,8,13725.0,4.79,11.8,5899.0,5515.0,3676.0,466.0,8.31,11.46,9.67,12.82,15556.0
2025-04-06,9,13769.0,4.4,11.4,6034.0,5519.0,3748.0,477.0,8.34,11.44,9.69,12.83,15777.0
2025-04-06,10,13300.0,4.03,11.48,5581.0,5046.0,3277.0,434.0,7.33,9.82,8.6,10.92,14338.0
2025-04-06,11,10966.0,3.85,12.97,4522.0,4014.0,2032.0,379.0,6.14,6.98,7.15,7.57,10946.0
2025-04-06,12,10320.0,3.81,14.04,4283.0,3581.0,1279.0,340.0,5.81,6.11,6.75,6.56,9482.0
2025-04-06,13,10362.0,3.8,14.1,4316.0,3593.0,1013.0,319.0,5.85,6.1,6.81,6.57,9241.0
2025-04-06,14,10408.0,3.81,14.24,4268.0,3582.0,1140.0,316.0,5.9,6.11,6.84,6.56,9307.0
2025-04-06,15,11706.0,3.93,13.93,4249.0,3619.0,922.0,297.0,5.86,6.05,6.79,6.5,9088.0
2025-04-06,16,11671.0,4.09,13.9,4516.0,3925.0,1332.0,359.0,6.1,6.64,7.0,7.18,10132.0
2025-04-06,17,11656.0,4.0,13.85,5268.0,4726.0,2550.0,423.0,7.05,8.86,8.11,9.72,12967.0
2025-04-06,18,11443.0,3.52,13.96,5765.0,5180.0,3470.0,443.0,7.83,10.61,9.13,11.68,14858.0
2025-04-06,19,11684.0,3.01,14.18,5556.0,5053.0,3415.0,429.0,7.83,10.49,9.15,11.53,14453.0
2025-04-06,20,11845.0,2.57,14.29,5467.0,4935.0,3112.0,421.0,7.77,10.29,9.1,11.29,13935.0
2025-04-06,21,10676.0,2.13,15.57,5125.0,4597.0,3069.0,419.0,7.04,9.21,8.17,10.05,13209.0
2025-04-06,22,9466.0,1.77,16.04,4173.0,3631.0,2115.0,345.0,5.95,6.63,6.9,7.14,10263.0
2025-04-06,23,5354.0,1.89,15.65,3755.0,2733.0,1467.0,248.0,5.23,4.93,6.04,5.02,8203.0
2025-04-07,0,4798.0,2.5,14.3,3550.0,2642.0,2064.0,230.0,4.89,4.31,5.64,4.5,8485.0
2025-04-07,1,4765.0,3.11,14.34,3459.0,2526.0,2031.0,220.0,4.98,4.54,5.77,4.63,8235.0
2025-04-07,2,4935.0,3.72,15.76,3249.0,2272.0,1870.0,206.0,4.98,4.54,5.7,4.58,7597.0
2025-04-07,3,4661.0,4.35,16.49,3090.0,2150.0,1786.0,205.0,5.0,4.66,5.82,4.58,7231.0
2025-04-07,4,5375.0,4.91,16.36,3514.0,2756.0,2406.0,242.0,5.41,5.51,6.23,5.65,8918.0
2025-04-07,5,13032.0,5.15,15.75,4333.0,3892.0,2677.0,330.0,6.53,7.88,7.53,8.52,11232.0
2025-04-07,6,14381.0,5.24,13.83,5235.0,4875.0,2954.0,442.0,7.77,10.09,9.14,11.0,13506.0
2025-04-07,7,14134.0,5.11,11.98,5675.0,5284.0,3425.0,506.0,8.41,11.26,9.79,12.39,14891.0
2025-04-07,8,13266.0,4.77,11.04,5725.0,5259.0,3521.0,443.0,8.34,11.25,9.71,12.41,14948.0
2025-04-07,9,13761.0,4.46,11.61,5694.0,5090.0,3512.0,413.0,8.31,11.16,9.7,12.35,14709.0
2025-04-07,10,12747.0,4.24,12.68,5223.0,4676.0,2933.0,404.0,7.39,9.65,8.66,10.59,13236.0
2025-04-07,11,11666.0,4.15,13.21,4260.0,3691.0,1720.0,337.0,6.11,6.96,7.03,7.5,10008.0
2025-04-07,12,11390.0,4.33,13.57,4055.0,3556.0,1091.0,316.0,5.79,6.1,6.63,6.56,9018.0
2025-04-07,13,10469.0,4.43,14.85,4134.0,3558.0,1045.0,303.0,5.76,6.05,6.65,6.52,9040.0
2025-04-07,14,10440.0,4.48,14.89,4184.0,3518.0,1145.0,311.0,5.82,6.12,6.7,6.59,9158.0
2025-04-07,15,10447.0,4.54,14.96,4112.0,3552.0,960.0,309.0,5.85,6.14,6.74,6.58,8933.0
2025-04-07,16,10896.0,4.59,16.2,4382.0,3806.0,1478.0,344.0,6.06,6.62,6.96,7.19,10010.0
2025-04-07,17,11281.0,4.44,17.32,5160.0,4701.0,2747.0,394.0,7.05,8.96,8.23,9.84,13002.0
2025-04-07,18,11569.0,4.01,17.86,5499.0,5067.0,3119.0,412.0,7.82,10.45,9.13,11.53,14096.0
2025-04-07,19,11681.0,3.56,17.83,5383.0,4976.0,3182.0,407.0,7.75,10.27,9.08,11.29,13948.0
2025-04-07,20,11700.0,3.16,17.75,5361.0,4914.0,3174.0,424.0,7.67,10.11,9.01,11.12,13873.0
2025-04-07,21,8922.0,2.63,18.48,5013.0,4546.0,3133.0,411.0,7.05,9.11,8.24,9.99,13103.0
2025-04-07,22,8826.0,2.14,17.82,4055.0,3589.0,2153.0,331.0,5.96,6.67,6.87,7.22,10128.0
2025-04-07,23,3464.0,2.24,18.25,3503.0,2482.0,1460.0,239.0,5.1,4.81,5.91,4.86,7683.0
2025-04-08,0,3087.0,2.64,16.99,3390.0,2496.0,1874.0,228.0,4.73,4.2,5.36,4.29,7989.0
2025-04-08,1,4024.0,3.09,16.44,3183.0,2390.0,1760.0,212.0,4.76,4.19,5.53,4.28,7545.0
2025-04-08,2,4066.0,3.61,16.8,3114.0,2304.0,1788.0,206.0,4.88,4.39,5.6,4.47,7412.0
2025-04-08,3,4858.0,4.17,16.9,3045.0,2279.0,1822.0,209.0,4.96,4.57,5.72,4.61,7354.0
2025-04-08,4,4598.0,4.78,14.89,3261.0,2604.0,2291.0,244.0,5.31,5.18,6.1,5.39,8401.0
2025-04-08,5,11458.0,5.01,13.61,4402.0,4065.0,3350.0,345.0,6.66,8.4,7.72,9.15,12162.0
2025-04-08,6,14522.0,4.95,12.84,5301.0,5074.0,3198.0,440.0,8.07,10.58,9.43,11.67,14013.0
2025-04-08,7,14309.0,4.75,12.4,5743.0,5506.0,3686.0,513.0,8.59,11.56,10.05,12.83,15448.0
2025-04-08,8,14325.0,4.47,12.12,5867.0,5471.0,3719.0,455.0,8.39,11.53,9.78,12.82,15513.0
2025-04-08,9,14015.0,4.13,11.24,5996.0,5403.0,3710.0,439.0,8.27,11.5,9.62,12.78,15547.0
2025-04-08,10,13842.0,3.82,10.7,5528.0,4896.0,3024.0,393.0,7.26,9.78,8.49,10.77,13841.0
2025-04-08,11,12217.0,3.8,11.66,4629.0,4016.0,2117.0,371.0,6.08,6.98,7.03,7.64,11133.0
2025-04-08,12,11637.0,3.86,12.43,4389.0,3715.0,1562.0,314.0,5.8,6.25,6.69,6.8,9979.0
2025-04-08,13,11437.0,3.94,12.05,4394.0,3684.0,1305.0,303.0,5.82,6.28,6.72,6.85,9686.0
2025-04-08,14,11325.0,4.01,11.87,4377.0,3595.0,1471.0,308.0,5.85,6.27,6.76,6.81,9751.0
2025-04-08,15,11441.0,4.1,12.28,4332.0,3672.0,1661.0,328.0,5.84,6.24,6.73,6.78,9994.0
2025-04-08,16,11551.0,4.17,12.47,4544.0,3890.0,1821.0,328.0,6.06,6.7,6.94,7.33,10583.0
2025-04-08,17,11879.0,4.05,13.27,5322.0,4819.0,2869.0,409.0,6.98,8.92,8.1,9.86,13419.0
2025-04-08,18,11948.0,3.59,13.04,5812.0,5266.0,3587.0,435.0,7.88,10.77,9.26,11.98,15101.0
2025-04-08,19,12102.0,3.08,12.98,5689.0,5137.0,3492.0,442.0,7.92,10.84,9.29,11.93,14761.0
2025-04-08,20,12295.0,2.62,12.98,5511.0,5064.0,3358.0,476.0,7.84,10.55,9.22,11.63,14410.0
2025-04-08,21,14263.0,2.32,12.4,5177.0,4702.0,3228.0,438.0,7.17,9.67,8.36,10.54,13546.0
2025-04-08,22,15367.0,2.57,12.56,4297.0,3677.0,2437.0,358.0,6.07,7.1,6.98,7.64,10768.0
2025-04-08,23,5209.0,3.25,13.92,3578.0,2534.0,1517.0,255.0,5.08,4.76,5.9,4.82,7884.0
2025-04-09,0,1122.0,3.54,8.89,3358.0,1975.0,1458.0,221.0,4.65,4.01,5.34,4.01,7011.0
2025-04-09,1,1284.0,3.69,13.33,3434.0,2438.0,1856.0,237.0,4.9,4.57,5.66,4.56,7965.0
2025-04-09,2,1456.0,3.87,16.53,3302.0,2444.0,2008.0,223.0,5.0,4.75,5.8,4.76,7976.0
2025-04-09,3,1484.0,4.06,17.23,3292.0,2457.0,2068.0,226.0,5.13,4.91,5.85,5.0,8043.0
2025-04-09,4,2161.0,4.27,17.06,3431.0,2818.0,2464.0,266.0,5.49,5.61,6.31,5.8,8978.0
2025-04-09,5,14362.0,4.63,13.3,4399.0,4082.0,3180.0,358.0,6.65,8.3,7.77,9.04,12019.0
2025-04-09,6,14798.0,4.76,11.88,5331.0,5086.0,3210.0,443.0,7.97,10.6,9.37,11.66,14070.0
2025-04-09,7,14692.0,4.53,11.57,6105.0,5460.0,3967.0,496.0,8.97,11.54,10.53,12.35,16028.0
2025-04-09,8,14589.0,4.17,11.12,6383.0,5519.0,4141.0,489.0,9.12,11.59,10.67,12.44,16532.0
2025-04-09,9,14016.0,3.69,11.25,6560.0,5468.0,4367.0,433.0,9.15,11.46,10.77,12.4,16828.0
2025-04-09,10,14138.0,3.26,11.2,6012.0,4779.0,3846.0,379.0,7.99,9.55,9.39,10.23,15017.0
2025-04-09,11,13658.0,3.27,12.07,4785.0,3790.0,2263.0,329.0,6.23,6.62,7.2,7.2,11166.0
2025-04-09,12,13485.0,3.57,12.85,4401.0,3592.0,2358.0,337.0,5.78,6.07,6.68,6.59,10689.0
2025-04-09,13,13629.0,3.92,13.43,4425.0,3575.0,1476.0,324.0,5.8,6.12,6.7,6.66,9801.0
2025-04-09,14,13752.0,4.31,14.01,4416.0,3623.0,1606.0,305.0,5.86,6.18,6.76,6.7,9950.0
2025-04-09,15,12013.0,4.63,14.26,4315.0,3588.0,1380.0,301.0,5.72,6.15,6.61,6.66,9585.0
2025-04-09,16,11907.0,4.75,14.26,4824.0,3984.0,1842.0,361.0,6.24,6.96,7.2,7.64,11011.0
2025-04-09,17,12219.0,4.56,14.78,5624.0,4979.0,3119.0,406.0,7.25,9.26,8.47,10.32,14128.0
2025-04-09,18,12506.0,4.11,15.13,5954.0,5359.0,3662.0,439.0,7.94,10.67,9.3,11.92,15414.0
2025-04-09,19,12648.0,3.6,15.07,5988.0,5205.0,3657.0,425.0,8.37,10.8,9.76,12.01,15274.0
2025-04-09,20,12542.0,3.12,14.43,5916.0,5190.0,3736.0,470.0,8.29,10.72,9.7,11.86,15313.0
2025-04-09,21,11007.0,2.61,15.44,5479.0,4707.0,3616.0,452.0,7.44,9.53,8.7,10.58,14254.0
2025-04-09,22,9827.0,2.09,17.28,4489.0,3849.0,2778.0,364.0,6.16,7.04,7.1,7.66,11479.0
2025-04-09,23,8806.0,2.24,15.55,3680.0,2494.0,1649.0,245.0,5.12,4.73,5.93,4.88,8068.0
2025-04-10,0,5450.0,3.09,12.71,3551.0,2395.0,1925.0,226.0,4.8,4.15,5.54,4.23,8098.0
2025-04-10,1,4323.0,3.69,12.59,3442.0,2371.0,2027.0,219.0,4.86,4.27,5.63,4.32,8058.0
2025-04-10,2,2206.0,4.09,13.38,3435.0,2464.0,2104.0,222.0,5.04,4.58,5.77,4.67,8226.0
2025-04-10,3,2212.0,4.37,13.68,3228.0,2279.0,1965.0,214.0,5.03,4.6,5.79,4.64,7685.0
2025-04-10,4,2073.0,4.65,12.19,3123.0,2475.0,2091.0,242.0,5.11,5.14,5.84,5.2,7930.0
2025-04-10,5,11087.0,4.77,11.89,4025.0,3965.0,2632.0,353.0,6.31,7.99,7.28,8.66,10976.0
2025-04-10,6,14041.0,4.74,13.49,5284.0,5034.0,3361.0,446.0,8.05,10.51,9.45,11.51,14124.0
2025-04-10,7,13896.0,4.5,12.88,5845.0,5301.0,3692.0,521.0,8.59,11.33,10.07,12.29,15359.0
2025-04-10,8,13846.0,4.11,12.51,6211.0,5388.0,3850.0,481.0,8.84,11.43,10.38,12.17,15930.0
2025-04-10,9,13872.0,3.68,12.07,6326.0,5356.0,3911.0,437.0,8.72,11.39,10.24,12.15,16029.0
2025-04-10,10,13679.0,3.29,11.69,5793.0,4869.0,3456.0,421.0,7.55,9.58,8.87,10.37,14538.0
2025-04-10,11,11994.0,3.21,12.39,4847.0,3946.0,1755.0,358.0,6.11,6.78,7.09,7.44,10905.0
2025-04-10,12,11188.0,3.23,13.06,4573.0,3702.0,1296.0,317.0,5.79,6.04,6.71,6.55,9889.0
2025-04-10,13,11354.0,3.3,13.41,4569.0,3552.0,1214.0,312.0,5.75,5.9,6.66,6.42,9647.0
2025-04-10,14,11989.0,3.42,13.98,4503.0,3516.0,1138.0,299.0,5.77,5.89,6.68,6.39,9456.0
2025-04-10,15,12825.0,3.69,13.7,4523.0,3569.0,1202.0,330.0,5.77,5.88,6.67,6.4,9625.0
2025-04-10,16,13144.0,3.92,14.51,4892.0,3962.0,1780.0,382.0,6.12,6.75,7.1,7.4,11015.0
2025-04-10,17,13111.0,3.85,14.42,5790.0,4982.0,3210.0,444.0,7.4,9.39,8.64,10.41,14427.0
2025-04-10,18,13101.0,3.42,14.11,6178.0,5296.0,3862.0,454.0,8.32,10.97,9.7,12.19,15789.0
2025-04-10,19,13411.0,2.98,14.46,5982.0,5187.0,3929.0,436.0,8.43,10.88,9.85,12.09,15534.0
2025-04-10,20,13740.0,2.65,14.83,5833.0,5110.0,3623.0,458.0,8.3,10.6,9.65,11.76,15024.0
2025-04-10,21,12101.0,2.31,15.72,5455.0,4766.0,3526.0,406.0,7.51,9.55,8.78,10.45,14153.0
2025-04-10,22,9066.0,1.94,18.66,4341.0,3622.0,2316.0,318.0,6.05,6.77,6.98,7.31,10598.0
2025-04-10,23,5910.0,2.02,18.83,3816.0,2811.0,1584.0,256.0,5.25,5.03,6.07,5.06,8467.0
2025-04-11,0,5281.0,2.67,17.0,3738.0,2702.0,2153.0,231.0,4.94,4.4,5.66,4.58,8824.0
2025-04-11,1,4846.0,3.31,15.85,3618.0,2563.0,2144.0,223.0,4.94,4.48,5.61,4.55,8548.0
2025-04-11,2,4375.0,3.9,15.39,3413.0,2341.0,1960.0,221.0,4.96,4.47,5.7,4.53,7935.0
2025-04-11,3,3729.0,4.42,14.9,3202.0,2195.0,1773.0,211.0,4.95,4.44,5.73,4.45,7381.0
2025-04-11,4,6572.0,4.84,14.17,3680.0,2840.0,2427.0,259.0,5.52,5.59,6.3,5.92,9207.0
2025-04-11,5,14363.0,5.03,11.96,4535.0,3964.0,3263.0,357.0,6.73,8.14,7.82,8.87,12119.0
2025-04-11,6,15045.0,5.12,12.35,5448.0,4910.0,3280.0,467.0,8.2,10.3,9.57,11.33,14106.0
2025-04-11,7,14885.0,4.96,12.08,6067.0,5279.0,3853.0,479.0,8.86,11.48,10.33,12.9,15678.0
2025-04-11,8,15196.0,4.7,12.33,6225.0,5383.0,3961.0,481.0,8.84,11.51,10.38,12.97,16051.0
2025-04-11,9,14449.0,4.36,12.37,6643.0,5397.0,4187.0,469.0,9.14,11.64,10.71,13.24,16697.0
2025-04-11,10,14525.0,3.98,12.26,6037.0,4984.0,3686.0,435.0,7.83,9.61,9.15,10.95,15142.0
2025-04-11,11,13955.0,4.02,13.01,4984.0,3997.0,2240.0,360.0,6.18,6.73,7.15,7.44,11582.0
2025-04-11,12,13327.0,4.27,12.88,4471.0,3692.0,1232.0,320.0,5.77,6.06,6.63,6.59,9715.0
2025-04-11,13,13280.0,4.61,13.05,4518.0,3660.0,1205.0,314.0,5.78,6.09,6.62,6.62,9697.0
2025-04-11,14,13545.0,4.94,13.84,4590.0,3647.0,1315.0,310.0,5.77,6.13,6.62,6.65,9863.0
2025-04-11,15,13665.0,5.3,14.31,4532.0,3686.0,1359.0,309.0,5.75,6.12,6.62,6.63,9885.0
2025-04-11,16,12137.0,5.49,15.19,4962.0,4070.0,1783.0,361.0,6.2,7.02,7.17,7.68,11176.0
2025-04-11,17,13336.0,5.37,15.98,5776.0,4936.0,3218.0,422.0,7.44,9.38,8.71,10.52,14352.0
2025-04-11,18,13854.0,5.01,16.79,6138.0,5228.0,3760.0,428.0,8.21,10.81,9.54,11.98,15555.0
2025-04-11,19,13248.0,4.71,15.45,5765.0,5090.0,3234.0,416.0,8.06,10.75,9.44,11.87,14505.0
2025-04-11,20,4565.0,4.35,10.5,4660.0,5100.0,2209.0,363.0,6.99,8.31,8.16,9.0,12332.0
2025-04-11,21,44.0,4.3,16.68,3766.0,4603.0,1741.0,311.0,5.89,6.11,6.73,6.39,10420.0
2025-04-11,22,46.0,4.31,16.26,3652.0,4380.0,1985.0,348.0,5.72,5.81,6.57,6.12,10365.0
2025-04-11,23,43.0,4.32,16.73,3593.0,4160.0,2081.0,286.0,5.4,5.48,6.25,5.68,10120.0
2025-04-12,0,551.0,4.36,13.42,3917.0,4286.0,2420.0,264.0,5.04,5.0,5.71,5.27,10888.0
2025-04-12,1,355.0,4.43,1.42,3739.0,4144.0,2297.0,241.0,5.04,5.15,5.77,5.17,10421.0
2025-04-12,2,249.0,4.47,1.0,3512.0,4012.0,2217.0,231.0,5.06,4.8,5.76,5.11,9972.0
2025-04-12,3,246.0,4.51,1.04,3434.0,4029.0,2223.0,243.0,5.12,5.13,5.96,5.23,9928.0
2025-04-12,4,5520.0,4.77,10.89,3378.0,3658.0,2071.0,238.0,5.03,4.75,5.75,5.0,9346.0
2025-04-12,5,12913.0,5.29,12.87,4469.0,4974.0,2704.0,365.0,6.45,8.06,7.54,8.92,12512.0
2025-04-12,6,14369.0,5.22,11.43,5133.0,5110.0,3166.0,419.0,7.82,10.47,9.21,11.44,13828.0
2025-04-12,7,13118.0,5.08,10.8,5360.0,5214.0,3156.0,466.0,8.21,11.28,9.65,12.36,14196.0
2025-04-12,8,12641.0,4.66,9.97,5810.0,5386.0,3876.0,463.0,8.3,11.41,9.74,12.57,15535.0
2025-04-12,9,11231.0,4.07,11.22,5882.0,5323.0,3750.0,465.0,8.07,11.21,9.49,12.37,15419.0
2025-04-12,10,10252.0,3.38,13.01,5442.0,4897.0,3176.0,434.0,7.11,9.56,8.36,10.53,13949.0
2025-04-12,11,10265.0,3.01,13.19,4536.0,4028.0,1941.0,383.0,6.0,6.94,6.9,7.53,10888.0
2025-04-12,12,10957.0,2.89,12.24,4356.0,3786.0,1500.0,341.0,5.72,6.28,6.55,6.78,9982.0
2025-04-12,13,12202.0,3.05,11.78,4297.0,3606.0,2339.0,319.0,5.7,6.15,6.54,6.64,10561.0
2025-04-12,14,11915.0,3.25,11.44,4356.0,3598.0,1051.0,319.0,5.72,6.2,6.58,6.67,9324.0
2025-04-12,15,11432.0,3.4,10.6,4286.0,3540.0,1338.0,327.0,5.75,6.18,6.59,6.66,9492.0
2025-04-12,16,11528.0,3.49,10.85,4535.0,3782.0,1750.0,338.0,6.0,6.56,6.88,7.1,10406.0
2025-04-12,17,12187.0,3.42,12.1,5237.0,4566.0,2650.0,390.0,6.93,8.44,8.05,9.3,12842.0
2025-04-12,18,13106.0,3.1,12.07,5687.0,4905.0,3491.0,406.0,7.81,9.91,9.19,11.07,14490.0
2025-04-12,19,14039.0,2.87,13.71,5548.0,4767.0,3508.0,409.0,8.0,10.12,9.36,11.14,14232.0
2025-04-12,20,13031.0,2.71,13.61,5351.0,4579.0,3398.0,469.0,7.85,9.86,9.23,10.81,13797.0
2025-04-12,21,11576.0,2.4,16.52,5182.0,4369.0,3088.0,387.0,7.27,9.14,8.6,9.98,13026.0
2025-04-12,22,10940.0,2.24,17.19,4350.0,3623.0,2155.0,310.0,6.19,7.03,7.12,7.57,10438.0
2025-04-12,23,2581.0,2.42,16.88,3837.0,2774.0,2125.0,249.0,5.28,5.23,6.01,5.27,8985.0
2025-04-13,0,2321.0,2.73,15.82,3718.0,2697.0,2252.0,238.0,4.9,4.6,5.63,4.66,8905.0
2025-04-13,1,2389.0,3.02,15.89,3542.0,2472.0,2085.0,237.0,4.84,4.44,5.52,4.51,8337.0
2025-04-13,2,2466.0,3.33,16.65,3389.0,2353.0,2010.0,214.0,4.86,4.38,5.48,4.51,7965.0
2025-04-13,3,2536.0,3.66,17.27,3389.0,2418.0,2112.0,217.0,5.03,4.85,5.77,4.81,8136.0
2025-04-13,4,2695.0,3.98,15.83,3601.0,2661.0,2349.0,227.0,5.21,5.09,5.98,5.22,8838.0
2025-04-13,5,13368.0,4.27,11.8,4545.0,3866.0,2940.0,303.0,6.46,7.68,7.54,8.37,11654.0
2025-04-13,6,14640.0,4.37,11.38,5129.0,4566.0,2829.0,374.0,7.6,9.35,8.96,10.25,12898.0
2025-04-13,7,14556.0,4.47,11.34,5136.0,4621.0,2937.0,451.0,7.75,9.55,9.1,10.44,13144.0
2025-04-13,8,13797.0,4.48,11.07,5295.0,4666.0,3100.0,404.0,7.61,9.47,8.96,10.42,13466.0
2025-04-13,9,13250.0,4.32,10.63,5409.0,4785.0,3083.0,399.0,7.6,9.63,8.92,10.57,13676.0
2025-04-13,10,12233.0,4.07,10.93,5273.0,4346.0,3083.0,357.0,7.12,8.34,8.39,9.26,13059.0
2025-04-13,11,12208.0,4.03,10.95,4360.0,3574.0,1660.0,325.0,6.03,6.5,6.99,7.06,9920.0
2025-04-13,12,10883.0,4.23,11.65,3971.0,3364.0,1017.0,328.0,5.6,5.9,6.43,6.32,8680.0
2025-04-13,13,11318.0,4.43,12.84,3982.0,3382.0,912.0,306.0,5.64,5.98,6.46,6.43,8581.0
2025-04-13,14,11083.0,4.64,12.52,4005.0,3433.0,917.0,310.0,5.67,6.06,6.53,6.5,8665.0
2025-04-13,15,9834.0,4.74,13.54,4025.0,3504.0,804.0,305.0,5.72,6.12,6.63,6.57,8638.0
2025-04-13,16,9812.0,4.71,13.6,4326.0,3758.0,1517.0,347.0,6.02,6.7,6.98,7.24,9948.0
2025-04-13,17,9440.0,4.4,12.42,4868.0,4381.0,2460.0,410.0,6.73,8.37,7.83,9.15,12119.0
2025-04-13,18,10041.0,3.89,13.69,5050.0,4618.0,3029.0,410.0,7.09,9.31,8.38,10.21,13108.0
2025-04-13,19,10347.0,3.44,14.11,4890.0,4410.0,2878.0,448.0,7.07,9.21,8.35,10.02,12628.0
2025-04-13,20,10714.0,3.12,14.84,4645.0,4317.0,2405.0,392.0,6.8,9.18,7.98,9.93,11759.0
2025-04-13,21,11086.0,2.9,15.89,4435.0,4097.0,2356.0,378.0,6.36,8.26,7.39,8.94,11266.0
2025-04-13,22,9123.0,2.86,17.09,3799.0,3343.0,1838.0,318.0,5.58,6.38,6.4,6.87,9297.0
2025-04-13,23,5526.0,2.81,16.01,3346.0,2457.0,1215.0,252.0,4.92,4.7,5.65,4.97,7270.0
2025-04-14,0,3677.0,3.31,14.4,3225.0,2423.0,1439.0,237.0,4.58,4.14,5.25,4.32,7325.0
2025-04-14,1,3144.0,3.75,14.23,3302.0,2543.0,1790.0,228.0,4.69,4.54,5.27,4.68,7863.0
2025-04-14,2,3138.0,4.15,14.58,3148.0,2350.0,1673.0,215.0,4.73,4.46,5.42,4.66,7386.0
2025-04-14,3,3184.0,4.55,14.86,3111.0,2340.0,1659.0,225.0,4.76,4.68,5.47,4.72,7335.0
2025-04-14,4,3074.0,4.95,14.05,3270.0,2613.0,1850.0,235.0,4.92,5.16,5.61,5.32,7969.0
2025-04-14,5,9570.0,5.1,11.47,3937.0,3713.0,2107.0,302.0,5.9,7.46,6.81,8.04,10059.0
2025-04-14,6,11037.0,4.96,11.23,4591.0,4410.0,1995.0,384.0,6.96,9.08,8.25,9.83,11379.0
2025-04-14,7,11155.0,4.78,11.31,4597.0,4412.0,2298.0,430.0,7.08,9.34,8.4,10.1,11736.0
2025-04-14,8,11405.0,4.56,11.67,4862.0,4470.0,2813.0,376.0,7.15,9.29,8.48,10.12,12520.0
2025-04-14,9,11578.0,4.28,11.68,5080.0,4569.0,2943.0,386.0,7.19,9.38,8.51,10.29,12978.0
2025-04-14,10,10873.0,3.98,12.04,4913.0,4312.0,2625.0,383.0,6.7,8.52,7.91,9.35,12232.0
2025-04-14,11,10908.0,3.8,12.9,4308.0,3778.0,1703.0,353.0,6.0,6.89,6.92,7.51,10141.0
2025-04-14,12,10151.0,3.81,13.44,4305.0,3577.0,1262.0,335.0,5.68,6.12,6.55,6.54,9478.0
2025-04-14,13,10133.0,3.83,13.63,4111.0,3476.0,896.0,311.0,5.61,5.93,6.45,6.4,8794.0
2025-04-14,14,10524.0,3.9,14.69,4147.0,3358.0,1132.0,302.0,5.6,5.84,6.43,6.33,8939.0
2025-04-14,15,10719.0,4.04,15.38,4186.0,3447.0,950.0,308.0,5.59,5.87,6.4,6.34,8891.0
2025-04-14,16,10711.0,4.12,15.48,4384.0,3758.0,1365.0,351.0,5.8,6.37,6.67,6.92,9859.0
2025-04-14,17,9774.0,3.96,15.46,4912.0,4430.0,2388.0,387.0,6.5,8.11,7.6,8.89,12118.0
2025-04-14,18,8847.0,3.35,14.95,5281.0,4752.0,3131.0,399.0,7.12,9.4,8.41,10.35,13563.0
2025-04-14,19,8902.0,2.68,15.03,4940.0,4572.0,2603.0,412.0,6.92,9.28,8.23,10.13,12527.0
2025-04-14,20,9181.0,2.13,15.77,4817.0,4357.0,2525.0,432.0,6.87,9.09,8.13,9.85,12130.0
2025-04-14,21,9395.0,1.7,16.36,4491.0,4025.0,2363.0,381.0,6.41,8.13,7.46,8.75,11260.0
2025-04-14,22,9841.0,1.54,16.49,3735.0,3151.0,1623.0,316.0,5.53,6.14,6.42,6.52,8825.0
2025-04-14,23,5984.0,1.86,15.86,3524.0,2530.0,1579.0,258.0,4.99,4.96,5.69,5.0,7891.0
2025-04-15,0,4697.0,2.49,13.27,3400.0,2535.0,1788.0,238.0,4.6,4.2,5.19,4.35,7961.0
2025-04-15,1,4663.0,3.08,13.26,3337.0,2578.0,1808.0,234.0,4.74,4.57,5.39,4.56,7956.0
2025-04-15,2,4663.0,3.67,13.64,3241.0,2371.0,1751.0,221.0,4.75,4.55,5.49,4.56,7584.0
2025-04-15,3,4641.0,4.26,13.88,3171.0,2323.0,1715.0,209.0,4.82,4.51,5.39,4.65,7419.0
2025-04-15,4,6701.0,4.82,13.36,3455.0,2686.0,2142.0,237.0,5.17,5.33,5.9,5.49,8520.0
2025-04-15,5,13426.0,5.09,11.46,4272.0,3753.0,2573.0,324.0,6.22,7.54,7.14,8.19,10923.0
2025-04-15,6,13461.0,5.28,11.85,4625.0,4366.0,2276.0,395.0,7.0,9.13,8.27,9.85,11662.0
2025-04-15,7,12483.0,5.3,12.25,4684.0,4501.0,2374.0,406.0,7.13,9.56,8.44,10.32,11965.0
2025-04-15,8,11402.0,5.16,12.24,4963.0,4708.0,2658.0,404.0,7.07,9.65,8.37,10.43,12733.0
2025-04-15,9,10938.0,4.76,12.06,5339.0,4819.0,2924.0,402.0,7.23,9.6,8.58,10.55,13484.0
2025-04-15,10,11173.0,4.33,12.22,5062.0,4531.0,2907.0,411.0,6.74,8.68,7.93,9.54,12912.0
2025-04-15,11,9768.0,4.08,12.44,4413.0,3878.0,1820.0,355.0,5.92,6.8,6.84,7.37,10466.0
2025-04-15,12,9580.0,3.95,12.11,4181.0,3429.0,1102.0,307.0,5.56,5.84,6.39,6.31,9018.0
2025-04-15,13,9863.0,3.93,12.93,4206.0,3415.0,864.0,296.0,5.6,5.9,6.39,6.36,8781.0
2025-04-15,14,10096.0,3.97,13.58,4218.0,3436.0,814.0,309.0,5.66,5.99,6.44,6.41,8777.0
2025-04-15,15,10499.0,4.06,14.79,4157.0,3342.0,898.0,296.0,5.64,5.98,6.43,6.4,8692.0
2025-04-15,16,10423.0,4.16,14.61,4321.0,3601.0,1228.0,316.0,5.8,6.44,6.66,6.91,9464.0
2025-04-15,17,9031.0,3.93,14.9,4858.0,4351.0,2200.0,377.0,6.52,8.09,7.61,8.83,11786.0
2025-04-15,18,9218.0,3.34,15.77,5091.0,4505.0,2758.0,388.0,7.16,9.33,8.48,10.18,12742.0
2025-04-15,19,9650.0,2.82,16.92,4920.0,4389.0,2699.0,416.0,7.09,9.12,8.39,9.96,12424.0
2025-04-15,20,9734.0,2.36,16.93,4835.0,4317.0,2706.0,427.0,7.08,9.08,8.39,9.88,12286.0
2025-04-15,21,9805.0,1.95,16.93,4587.0,4016.0,2538.0,352.0,6.69,8.42,7.88,9.1,11493.0
2025-04-15,22,7414.0,1.64,18.48,3832.0,3188.0,1547.0,303.0,5.72,6.39,6.58,6.78,8870.0
2025-04-15,23,4214.0,1.74,17.12,3276.0,2186.0,1096.0,233.0,4.82,4.41,5.44,4.49,6791.0
2025-04-16,0,3851.0,2.25,15.43,3294.0,2294.0,1676.0,227.0,4.59,4.12,5.19,4.22,7491.0
2025-04-16,1,4527.0,2.77,14.95,3254.0,2275.0,1761.0,223.0,4.64,4.31,5.27,4.34,7513.0
2025-04-16,2,4781.0,3.38,15.25,3124.0,2059.0,1635.0,210.0,4.68,4.37,5.38,4.37,7027.0
2025-04-16,3,5984.0,4.06,15.06,3056.0,2055.0,1572.0,200.0,4.71,4.32,5.35,4.36,6883.0
2025-04-16,4,7121.0,4.8,14.9,3422.0,2650.0,2180.0,243.0,5.12,5.27,5.85,5.43,8495.0
2025-04-16,5,12580.0,5.1,12.73,4282.0,3835.0,2514.0,325.0,6.24,7.69,7.25,8.3,10956.0
2025-04-16,6,13177.0,5.17,12.18,4787.0,4376.0,2501.0,368.0,7.21,9.15,8.55,9.89,12033.0
2025-04-16,7,12629.0,5.13,11.3,4953.0,4474.0,2704.0,437.0,7.41,9.52,8.73,10.31,12568.0
2025-04-16,8,12433.0,4.98,10.9,4984.0,4547.0,2816.0,395.0,7.2,9.33,8.54,10.21,12742.0
2025-04-16,9,12404.0,4.8,10.67,5128.0,4614.0,2717.0,381.0,7.09,9.37,8.44,10.24,12840.0
2025-04-16,10,11627.0,4.58,11.05,4922.0,4301.0,2592.0,361.0,6.58,8.39,7.71,9.18,12176.0
2025-04-16,11,11546.0,4.49,11.27,4435.0,3879.0,2033.0,347.0,5.95,6.95,6.84,7.54,10694.0
2025-04-16,12,9614.0,4.47,11.99,4239.0,3543.0,1271.0,299.0,5.62,6.16,6.43,6.62,9352.0
2025-04-16,13,9378.0,4.36,11.99,4312.0,3527.0,1102.0,288.0,5.57,6.03,6.37,6.5,9229.0
2025-04-16,14,9484.0,4.27,12.18,4379.0,3455.0,1068.0,299.0,5.57,5.98,6.38,6.45,9201.0
2025-04-16,15,9645.0,4.2,12.54,4276.0,3448.0,1083.0,316.0,5.63,6.04,6.43,6.49,9122.0
2025-04-16,16,9674.0,4.13,12.55,4370.0,3630.0,1194.0,317.0,5.74,6.32,6.57,6.81,9511.0
2025-04-16,17,9640.0,3.88,12.36,4997.0,4244.0,2445.0,359.0,6.45,8.03,7.47,8.82,12045.0
2025-04-16,18,9845.0,3.34,12.45,5309.0,4645.0,2970.0,386.0,7.03,9.29,8.32,10.24,13310.0
2025-04-16,19,10290.0,2.81,13.16,5212.0,4586.0,2843.0,403.0,7.03,9.29,8.32,10.17,13043.0
2025-04-16,20,10422.0,2.33,13.23,5118.0,4570.0,2874.0,429.0,6.97,9.2,8.24,10.05,12990.0
2025-04-16,21,10997.0,1.92,14.51,4931.0,4404.0,2788.0,373.0,6.71,8.78,7.88,9.55,12495.0
2025-04-16,22,11191.0,1.77,15.17,4093.0,3547.0,2174.0,317.0,5.82,6.72,6.68,7.21,10131.0
2025-04-16,23,3678.0,2.09,14.73,3644.0,2667.0,1802.0,256.0,5.04,5.01,5.8,5.05,8369.0
2025-04-17,0,3326.0,2.52,15.29,3597.0,2699.0,2103.0,238.0,4.81,4.57,5.46,4.74,8638.0
2025-04-17,1,3299.0,2.94,15.75,3437.0,2486.0,2026.0,215.0,4.85,4.75,5.47,4.72,8164.0
2025-04-17,2,3377.0,3.37,16.21,3270.0,2313.0,1938.0,211.0,4.9,4.82,5.64,4.78,7733.0
2025-04-17,3,4848.0,3.86,15.24,3123.0,2287.0,1846.0,207.0,4.96,4.79,5.62,4.81,7463.0
2025-04-17,4,5453.0,4.55,14.02,3290.0,2459.0,2182.0,230.0,5.17,5.28,5.85,5.31,8161.0
2025-04-17,5,12036.0,4.9,13.09,4347.0,3779.0,2920.0,339.0,6.41,8.07,7.48,8.71,11384.0
2025-04-17,6,12590.0,4.76,13.26,5196.0,4797.0,3283.0,428.0,7.9,10.38,9.36,11.37,13703.0
2025-04-17,7,12296.0,4.38,12.33,5640.0,5228.0,3526.0,454.0,8.48,11.46,9.98,12.56,14848.0
2025-04-17,8,12151.0,3.86,11.66,5866.0,5383.0,3593.0,455.0,8.42,11.6,9.91,12.82,15296.0
2025-04-17,9,12250.0,3.28,11.37,6080.0,5431.0,3599.0,444.0,8.32,11.61,9.78,12.85,15553.0
2025-04-17,10,12358.0,2.73,11.22,5737.0,4947.0,3478.0,413.0,7.47,9.79,8.82,10.82,14574.0
2025-04-17,11,12463.0,2.56,11.21,4847.0,3985.0,2022.0,337.0,6.04,6.87,6.95,7.57,11191.0
2025-04-17,12,12463.0,2.67,11.32,4542.0,3666.0,1537.0,325.0,5.7,6.13,6.5,6.67,10070.0
2025-04-17,13,12486.0,2.86,11.5,4454.0,3600.0,1383.0,311.0,5.68,6.1,6.49,6.64,9749.0
2025-04-17,14,13079.0,3.12,12.07,4438.0,3548.0,1262.0,303.0,5.61,6.16,6.39,6.65,9551.0
2025-04-17,15,12778.0,3.44,11.81,4402.0,3558.0,1177.0,303.0,5.59,6.16,6.41,6.65,9440.0
2025-04-17,16,12664.0,3.72,11.82,4667.0,3762.0,1984.0,321.0,5.83,6.49,6.71,6.92,10734.0
2025-04-17,17,12560.0,3.73,11.6,5420.0,4734.0,2611.0,399.0,6.96,8.93,8.16,9.92,13164.0
2025-04-17,18,12829.0,3.36,11.86,5854.0,5173.0,3368.0,500.0,7.89,10.75,9.32,11.91,14896.0
2025-04-17,19,13604.0,3.01,13.09,5743.0,5068.0,3591.0,446.0,7.98,10.75,9.38,11.89,14849.0
2025-04-17,20,13931.0,2.78,13.55,5719.0,5060.0,3418.0,432.0,7.84,10.66,9.24,11.74,14630.0
2025-04-17,21,13963.0,2.63,13.54,5169.0,4580.0,3065.0,386.0,7.0,9.23,8.21,10.14,13200.0
2025-04-17,22,10654.0,2.64,13.86,4306.0,3770.0,2480.0,365.0,5.99,7.07,6.87,7.7,10920.0
2025-04-17,23,5967.0,2.69,14.47,3525.0,2473.0,1219.0,229.0,4.91,4.56,5.58,4.78,7446.0
2025-04-18,0,3503.0,3.23,14.18,3378.0,2402.0,1796.0,233.0,4.63,4.06,5.22,4.29,7809.0
2025-04-18,1,3248.0,3.64,14.54,3379.0,2427.0,1961.0,215.0,4.8,4.59,5.46,4.61,7983.0
2025-04-18,2,3283.0,4.06,14.97,3292.0,2368.0,1979.0,215.0,4.9,4.65,5.52,4.78,7853.0
2025-04-18,3,3261.0,4.48,14.66,3214.0,2349.0,1949.0,214.0,4.92,4.7,5.57,4.81,7725.0
2025-04-18,4,4456.0,4.92,12.88,3189.0,2493.0,2094.0,236.0,5.03,5.17,5.84,5.28,8012.0
2025-04-18,5,11034.0,5.24,11.5,4312.0,3779.0,2931.0,343.0,6.37,7.99,7.43,8.64,11365.0
2025-04-18,6,13587.0,5.12,12.91,5261.0,4851.0,3316.0,452.0,7.82,10.39,9.22,11.34,13879.0
2025-04-18,7,12896.0,4.82,11.42,5839.0,5217.0,3492.0,479.0,8.56,11.3,10.1,12.55,15028.0
2025-04-18,8,12617.0,4.26,10.55,6418.0,5394.0,4042.0,479.0,9.03,11.55,10.63,13.1,16333.0
2025-04-18,9,13035.0,3.62,10.67,6525.0,5341.0,4092.0,433.0,8.98,11.52,10.59,13.04,16391.0
2025-04-18,10,13210.0,3.1,10.6,5959.0,4781.0,3520.0,402.0,7.67,9.58,9.05,10.79,14661.0
2025-04-18,11,12395.0,3.0,10.96,4858.0,3958.0,1819.0,351.0,6.03,6.91,6.98,7.56,10985.0
2025-04-18,12,12234.0,3.09,10.62,4535.0,3626.0,1349.0,316.0,5.69,6.05,6.53,6.58,9826.0
2025-04-18,13,13033.0,3.33,10.41,4541.0,3622.0,1267.0,298.0,5.71,6.06,6.55,6.59,9727.0
2025-04-18,14,12256.0,3.59,10.85,4598.0,3550.0,1058.0,297.0,5.68,6.05,6.55,6.54,9502.0
2025-04-18,15,12274.0,3.76,11.04,4591.0,3548.0,1222.0,327.0,5.73,6.1,6.58,6.6,9687.0
2025-04-18,16,12766.0,3.96,12.07,4853.0,3884.0,1646.0,331.0,6.02,6.75,6.93,7.35,10713.0
2025-04-18,17,12958.0,3.91,13.17,5654.0,4825.0,3133.0,407.0,7.17,9.2,8.44,10.14,14019.0
2025-04-18,18,12635.0,3.48,12.49,6146.0,5266.0,3611.0,446.0,8.18,10.81,9.57,12.03,15470.0
2025-04-18,19,12827.0,2.98,12.48,6038.0,5248.0,3695.0,434.0,8.29,10.89,9.74,12.12,15414.0
2025-04-18,20,12977.0,2.54,12.4,5879.0,5117.0,3682.0,436.0,8.28,10.81,9.72,12.0,15113.0
2025-04-18,21,10071.0,2.06,13.79,5346.0,4641.0,3081.0,432.0,7.21,9.72,8.49,10.57,13500.0
2025-04-18,22,9797.0,1.69,15.97,4255.0,3508.0,1937.0,328.0,5.86,6.77,6.79,7.28,10028.0
2025-04-18,23,5322.0,1.85,14.95,3796.0,2724.0,1349.0,281.0,5.04,4.97,5.75,4.98,8152.0
2025-04-19,0,4546.0,2.44,13.1,3561.0,2624.0,1951.0,225.0,4.68,4.28,5.23,4.41,8361.0
2025-04-19,1,4347.0,3.0,12.37,3513.0,2457.0,1913.0,211.0,4.7,4.41,5.33,4.45,8094.0
2025-04-19,2,4418.0,3.56,12.98,3375.0,2394.0,1869.0,207.0,4.78,4.61,5.5,4.57,7844.0
2025-04-19,3,4415.0,4.12,13.35,3210.0,2234.0,1797.0,214.0,4.81,4.54,5.45,4.56,7456.0
2025-04-19,4,9284.0,4.77,13.12,3527.0,2724.0,2352.0,259.0,5.19,5.57,5.94,5.72,8861.0
2025-04-19,5,14351.0,5.1,12.05,4448.0,3873.0,2827.0,330.0,6.3,7.91,7.3,8.6,11478.0
2025-04-19,6,14846.0,5.31,13.37,5105.0,4752.0,3036.0,437.0,7.53,10.24,8.92,11.14,13330.0
2025-04-19,7,12704.0,5.17,12.67,5278.0,5061.0,3103.0,461.0,7.83,11.16,9.17,12.19,13903.0
2025-04-19,8,12332.0,4.81,11.65,5512.0,5257.0,3211.0,452.0,7.57,11.13,8.94,12.2,14431.0
2025-04-19,9,12565.0,4.39,11.78,5683.0,5296.0,3164.0,440.0,7.4,11.05,8.74,12.23,14583.0
2025-04-19,10,12603.0,4.0,11.54,5376.0,5046.0,2840.0,408.0,6.83,10.04,8.09,11.0,13670.0
2025-04-19,11,12615.0,3.95,11.44,4470.0,3935.0,1605.0,365.0,5.76,6.93,6.58,7.53,10375.0
2025-04-19,12,10441.0,4.06,12.17,4237.0,3685.0,1062.0,321.0,5.58,6.28,6.36,6.77,9306.0
2025-04-19,13,8606.0,3.91,8.98,4277.0,3549.0,650.0,309.0,5.5,6.16,6.25,6.61,8785.0
2025-04-19,14,9910.0,3.86,11.08,4182.0,3488.0,891.0,306.0,5.56,6.17,6.31,6.61,8867.0
2025-04-19,15,9919.0,3.87,11.2,4108.0,3503.0,862.0,332.0,5.54,6.1,6.28,6.54,8806.0
2025-04-19,16,10002.0,3.85,11.34,4403.0,3774.0,1094.0,330.0,5.82,6.64,6.66,7.2,9600.0
2025-04-19,17,11752.0,3.63,11.2,5322.0,4693.0,2629.0,376.0,6.94,9.04,8.14,9.95,13021.0
2025-04-19,18,12280.0,3.34,11.65,5250.0,5058.0,2696.0,418.0,7.05,10.52,8.27,11.47,13422.0
2025-04-19,19,12358.0,3.04,12.08,5360.0,4960.0,3056.0,404.0,7.41,10.48,8.77,11.47,13779.0
2025-04-19,20,11637.0,2.7,12.96,5263.0,4960.0,2873.0,409.0,7.4,10.38,8.75,11.32,13505.0
2025-04-19,21,12256.0,2.39,14.21,5038.0,4644.0,2770.0,376.0,6.93,9.6,8.12,10.5,12828.0
2025-04-19,22,9348.0,2.19,15.06,4039.0,3662.0,1900.0,357.0,5.85,6.99,6.69,7.5,9959.0
2025-04-19,23,3251.0,2.29,14.98,3483.0,2465.0,1076.0,271.0,4.86,4.63,5.5,4.7,7295.0
2025-04-20,0,3232.0,2.7,14.73,3359.0,2593.0,1765.0,223.0,4.54,4.36,5.12,4.38,7940.0
2025-04-20,1,3741.0,3.14,15.02,3213.0,2291.0,1568.0,207.0,4.58,4.16,5.18,4.31,7279.0
2025-04-20,2,3779.0,3.62,15.39,3110.0,2137.0,1487.0,204.0,4.62,4.3,5.22,4.37,6938.0
2025-04-20,3,3870.0,4.11,15.95,3090.0,2182.0,1639.0,206.0,4.74,4.51,5.42,4.62,7117.0
2025-04-20,4,3841.0,4.6,14.69,3408.0,2649.0,2129.0,240.0,5.09,5.45,5.81,5.54,8426.0
2025-04-20,5,12533.0,4.92,12.47,4432.0,3918.0,2824.0,331.0,6.31,8.06,7.35,9.04,11505.0
2025-04-20,6,13795.0,4.95,13.36,5025.0,4731.0,2710.0,401.0,7.3,10.01,8.6,10.9,12867.0
2025-04-20,7,14594.0,4.91,11.95,5480.0,5203.0,3066.0,466.0,7.91,11.17,9.29,12.22,14215.0
2025-04-20,8,14225.0,4.78,11.08,5587.0,5355.0,3036.0,444.0,7.72,11.03,9.08,12.16,14422.0
2025-04-20,9,14046.0,4.53,10.63,6045.0,5463.0,3641.0,444.0,8.06,11.18,9.49,12.48,15594.0
2025-04-20,10,13880.0,4.24,10.15,5536.0,4972.0,3421.0,402.0,7.06,9.52,8.26,10.53,14330.0
2025-04-20,11,12603.0,4.24,10.54,4728.0,4067.0,1940.0,364.0,5.98,6.99,6.89,7.68,11099.0
2025-04-20,12,10436.0,4.25,11.46,4501.0,3731.0,1242.0,311.0,5.7,6.26,6.49,6.81,9786.0
2025-04-20,13,10083.0,4.16,11.67,4475.0,3767.0,1269.0,297.0,5.7,6.17,6.51,6.73,9808.0
2025-04-20,14,10193.0,4.08,11.82,4486.0,3706.0,1237.0,308.0,5.7,6.15,6.51,6.72,9737.0
2025-04-20,15,10506.0,4.03,12.5,4479.0,3756.0,1175.0,312.0,5.71,6.18,6.53,6.73,9723.0
2025-04-20,16,10832.0,3.99,13.28,4776.0,4116.0,1368.0,331.0,5.95,6.77,6.85,7.42,10591.0
2025-04-20,17,10776.0,3.7,12.89,5552.0,4940.0,2597.0,386.0,6.99,9.09,8.17,10.05,13475.0
2025-04-20,18,12607.0,3.18,12.17,5949.0,5331.0,3485.0,449.0,7.85,10.7,9.18,11.89,15214.0
2025-04-20,19,13414.0,2.82,12.63,5783.0,5073.0,3243.0,421.0,7.89,10.63,9.28,11.77,14520.0
2025-04-20,20,13715.0,2.56,13.02,5703.0,5079.0,3238.0,424.0,7.72,10.41,9.09,11.51,14445.0
2025-04-20,21,13720.0,2.34,13.27,5499.0,4959.0,3219.0,416.0,7.32,9.97,8.64,10.97,14094.0
2025-04-20,22,10920.0,2.14,14.55,4443.0,3894.0,2433.0,384.0,5.97,7.16,6.83,7.74,11154.0
2025-04-20,23,4309.0,2.3,14.55,3692.0,2755.0,1572.0,242.0,4.96,4.86,5.65,4.9,8260.0
2025-04-21,0,3071.0,2.7,14.18,3411.0,2379.0,1932.0,214.0,4.58,4.28,5.23,4.21,7936.0
2025-04-21,1,2847.0,3.08,14.24,3259.0,2334.0,1787.0,203.0,4.63,4.2,5.32,4.25,7583.0
2025-04-21,2,2451.0,3.42,14.75,3227.0,2212.0,1790.0,202.0,4.73,4.21,5.32,4.41,7432.0
2025-04-21,3,2447.0,3.71,14.96,3154.0,2240.0,1832.0,213.0,4.82,4.58,5.5,4.57,7439.0
2025-04-21,4,3269.0,4.09,14.72,3387.0,2644.0,2285.0,238.0,5.14,5.18,5.82,5.29,8554.0
2025-04-21,5,12648.0,4.38,12.04,4558.0,4146.0,3243.0,340.0,6.59,8.4,7.67,9.11,12288.0
2025-04-21,6,15163.0,4.36,11.1,5466.0,5089.0,3266.0,423.0,7.88,10.58,9.26,11.65,14245.0
2025-04-21,7,15845.0,4.28,10.85,6078.0,5561.0,3625.0,522.0,8.37,11.65,9.86,12.94,15786.0
2025-04-21,8,15310.0,4.06,9.98,6421.0,5603.0,3880.0,478.0,8.43,11.44,9.95,12.93,16383.0
2025-04-21,9,15176.0,3.7,9.51,6586.0,5637.0,3921.0,476.0,8.77,11.73,10.34,13.38,16620.0
2025-04-21,10,13693.0,3.31,10.33,6029.0,5053.0,3412.0,421.0,7.49,9.55,8.79,10.94,14914.0
2025-04-21,11,13764.0,3.27,10.6,4962.0,4034.0,2160.0,356.0,5.92,6.71,6.84,7.43,11511.0
2025-04-21,12,12792.0,3.46,11.03,4694.0,3827.0,1642.0,350.0,5.68,6.2,6.48,6.82,10513.0
2025-04-21,13,12778.0,3.63,11.68,4665.0,3784.0,1642.0,316.0,5.64,6.26,6.43,6.84,10408.0
2025-04-21,14,12956.0,3.84,12.16,4638.0,3723.0,1524.0,313.0,5.65,6.24,6.48,6.81,10198.0
2025-04-21,15,12945.0,4.09,12.28,4679.0,3680.0,1366.0,306.0,5.61,6.17,6.43,6.75,10030.0
2025-04-21,16,12843.0,4.25,12.29,5120.0,4119.0,1991.0,337.0,6.11,7.02,7.0,7.73,11567.0
2025-04-21,17,12917.0,4.08,12.31,6020.0,5023.0,3257.0,424.0,7.33,9.47,8.59,10.59,14724.0
2025-04-21,18,13838.0,3.63,13.7,6328.0,5369.0,3967.0,457.0,8.17,10.9,9.57,12.15,16121.0
2025-04-21,19,13959.0,3.22,13.62,6192.0,5317.0,3920.0,447.0,8.19,10.8,9.56,12.06,15876.0
2025-04-21,20,13844.0,2.87,13.12,6094.0,5238.0,3604.0,435.0,8.08,10.62,9.5,11.84,15371.0
2025-04-21,21,11678.0,2.45,13.24,5600.0,4714.0,3413.0,380.0,7.24,9.44,8.53,10.42,14106.0
2025-04-21,22,10801.0,2.09,14.13,4511.0,3638.0,2530.0,338.0,5.81,6.63,6.69,7.24,11017.0
2025-04-21,23,7016.0,2.41,14.03,3701.0,2545.0,1311.0,239.0,4.94,4.63,5.62,4.66,7796.0
2025-04-22,0,3694.0,3.06,12.62,3618.0,2429.0,1977.0,228.0,4.66,4.23,5.29,4.23,8252.0
2025-04-22,1,3141.0,3.47,14.35,3640.0,2610.0,2214.0,237.0,4.84,4.62,5.54,4.63,8700.0
2025-04-22,2,3172.0,3.88,14.6,3283.0,2221.0,1803.0,198.0,4.72,4.28,5.4,4.3,7506.0
2025-04-22,3,3145.0,4.28,14.34,3160.0,2151.0,1707.0,196.0,4.74,4.23,5.37,4.27,7215.0
2025-04-22,4,3816.0,4.71,13.1,3223.0,2681.0,1973.0,248.0,4.89,5.18,5.59,5.3,8124.0
2025-04-22,5,11635.0,5.04,11.86,4211.0,3906.0,2452.0,340.0,6.03,8.12,7.19,8.65,10909.0
2025-04-22,6,13112.0,4.91,12.04,5538.0,5259.0,3577.0,477.0,7.6,10.76,9.05,11.83,14851.0
2025-04-22,7,13002.0,4.43,11.42,6290.0,5435.0,3729.0,469.0,8.79,11.44,10.4,12.25,15923.0
2025-04-22,8,14601.0,3.91,11.0,6522.0,5618.0,4212.0,486.0,8.75,11.52,10.35,12.44,16838.0
2025-04-22,9,14749.0,3.47,10.79,6667.0,5638.0,4078.0,456.0,8.72,11.59,10.34,12.52,16838.0
2025-04-22,10,14102.0,3.1,11.04,5987.0,5018.0,3522.0,402.0,7.33,9.65,8.83,10.55,14929.0
2025-04-22,11,13137.0,3.01,11.83,5004.0,4059.0,2200.0,345.0,5.72,6.91,6.79,7.63,11608.0
2025-04-22,12,13146.0,3.18,11.95,4701.0,3742.0,1474.0,327.0,5.42,6.12,6.28,6.71,10244.0
2025-04-22,13,13118.0,3.44,12.09,4631.0,3675.0,1362.0,301.0,5.4,6.02,6.24,6.59,9970.0
2025-04-22,14,12945.0,3.68,12.02,4749.0,3673.0,1319.0,316.0,5.39,6.03,6.24,6.62,10058.0
2025-04-22,15,12894.0,3.89,12.03,4778.0,3642.0,1555.0,312.0,5.38,6.07,6.26,6.64,10287.0
2025-04-22,16,12798.0,4.04,12.03,5041.0,4056.0,1916.0,400.0,5.74,6.89,6.77,7.55,11413.0
2025-04-22,17,11874.0,3.84,12.28,5911.0,5007.0,3305.0,418.0,7.04,9.3,8.47,10.34,14641.0
2025-04-22,18,11582.0,3.17,12.52,6349.0,5374.0,3903.0,443.0,7.99,10.75,9.58,12.08,16069.0
2025-04-22,19,11852.0,2.49,12.93,6237.0,5241.0,3901.0,439.0,7.99,10.78,9.6,12.04,15818.0
2025-04-22,20,13337.0,1.94,12.19,6115.0,5193.0,3882.0,440.0,8.05,10.89,9.64,12.0,15629.0
2025-04-22,21,14113.0,1.6,13.43,5709.0,4887.0,3270.0,426.0,7.38,9.75,8.89,10.72,14292.0
2025-04-22,22,12897.0,1.61,15.4,4582.0,3769.0,2426.0,351.0,6.98,6.81,6.86,7.39,11127.0
2025-04-22,23,5112.0,1.84,14.45,3957.0,2714.0,2121.0,265.0,6.59,4.74,5.37,4.93,9057.0
2025-04-23,0,4372.0,2.38,12.21,3708.0,2607.0,1939.0,240.0,6.11,4.29,5.2,4.39,8495.0
2025-04-23,1,4494.0,2.95,13.13,3637.0,2589.0,2056.0,236.0,6.3,4.56,5.39,4.64,8519.0
2025-04-23,2,4716.0,3.53,14.93,3477.0,2503.0,1845.0,218.0,6.38,4.49,5.33,4.66,8042.0
2025-04-23,3,4658.0,4.14,14.83,3212.0,2171.0,1742.0,206.0,6.13,4.22,5.18,4.29,7331.0
2025-04-23,4,8544.0,4.72,14.93,3723.0,2894.0,2661.0,258.0,6.59,5.53,5.87,5.83,9536.0
2025-04-23,5,15528.0,4.97,14.1,4810.0,4123.0,3370.0,361.0,7.7,8.34,7.62,9.17,12664.0
2025-04-23,6,15383.0,5.07,13.03,5784.0,5084.0,3498.0,443.0,8.94,10.49,9.67,11.76,14809.0
2025-04-23,7,15305.0,4.83,12.65,6390.0,5614.0,4057.0,494.0,9.37,11.66,10.33,13.26,16555.0
2025-04-23,8,14960.0,4.45,11.86,6520.0,5673.0,4326.0,480.0,9.31,11.69,10.24,13.4,16999.0
2025-04-23,9,14294.0,3.94,10.52,6682.0,5733.0,4145.0,485.0,9.34,11.93,10.33,13.61,17045.0
2025-04-23,10,14395.0,3.51,10.33,6035.0,4986.0,3639.0,425.0,8.36,9.65,8.87,10.98,15084.0
2025-04-23,11,12790.0,3.46,11.15,4986.0,3959.0,2172.0,335.0,7.07,6.73,6.78,7.43,11452.0
2025-04-23,12,12612.0,3.57,11.3,4743.0,3686.0,1708.0,308.0,6.83,6.1,6.39,6.71,10445.0
2025-04-23,13,12653.0,3.73,11.52,4725.0,3674.0,1439.0,305.0,6.83,6.13,6.39,6.7,10142.0
2025-04-23,14,12698.0,3.91,11.72,4629.0,3634.0,1542.0,308.0,6.77,6.09,6.34,6.63,10112.0
2025-04-23,15,12556.0,4.12,11.65,4664.0,3709.0,1222.0,299.0,6.76,6.11,6.37,6.66,9893.0
2025-04-23,16,12940.0,4.26,12.5,5141.0,4134.0,1986.0,372.0,7.24,6.99,6.88,7.73,11633.0
2025-04-23,17,12808.0,4.09,13.19,5975.0,5074.0,3407.0,440.0,8.25,9.37,8.5,10.45,14897.0
2025-04-23,18,13351.0,3.58,13.85,6382.0,5336.0,3990.0,462.0,8.93,10.92,9.53,12.19,16170.0
2025-04-23,19,13254.0,3.11,12.78,6242.0,5278.0,3790.0,461.0,9.0,10.88,9.7,12.12,15771.0
2025-04-23,20,13169.0,2.64,12.32,6124.0,5219.0,3728.0,443.0,8.89,10.69,9.55,11.9,15513.0
2025-04-23,21,13382.0,2.23,12.4,5748.0,4834.0,3603.0,413.0,8.38,9.78,8.8,10.8,14597.0
2025-04-23,22,11139.0,1.98,14.68,4655.0,3819.0,2528.0,354.0,7.13,7.02,6.86,7.66,11357.0
2025-04-23,23,4482.0,2.19,15.75,3875.0,2686.0,1844.0,262.0,6.13,4.72,5.45,4.8,8667.0
2025-04-24,0,3933.0,2.71,14.34,3739.0,2664.0,2160.0,231.0,5.87,4.24,5.07,4.39,8794.0
2025-04-24,1,3936.0,3.21,14.76,3675.0,2608.0,2180.0,260.0,5.99,4.47,5.27,4.6,8723.0
2025-04-24,2,3975.0,3.72,15.46,3353.0,2351.0,1801.0,228.0,5.91,4.23,5.17,4.37,7732.0
2025-04-24,3,3953.0,4.22,15.85,3152.0,2182.0,1595.0,204.0,5.84,4.13,5.1,4.22,7134.0
2025-04-24,4,6006.0,4.81,14.26,3391.0,2830.0,2241.0,255.0,6.07,5.45,5.39,5.6,8716.0
2025-04-24,5,11297.0,5.25,13.21,4408.0,3997.0,2897.0,379.0,6.39,8.21,7.27,8.85,11681.0
2025-04-24,6,13339.0,5.01,12.27,5592.0,5228.0,3508.0,484.0,7.77,10.7,9.17,11.77,14812.0
2025-04-24,7,13138.0,4.52,11.6,6387.0,5628.0,4131.0,493.0,8.75,11.43,10.26,12.32,16639.0
2025-04-24,8,13149.0,3.88,11.05,6600.0,5673.0,4155.0,467.0,8.73,11.58,10.34,12.48,16895.0
2025-04-24,9,13235.0,3.24,10.7,6657.0,5615.0,4100.0,444.0,8.6,11.5,10.2,12.43,16816.0
2025-04-24,10,13456.0,2.65,10.56,6288.0,5220.0,3927.0,411.0,7.84,10.25,9.24,11.03,15846.0
2025-04-24,11,13601.0,2.53,10.64,4975.0,4050.0,1837.0,360.0,5.95,6.86,6.7,7.48,11221.0
2025-04-24,12,13307.0,2.73,10.4,4764.0,3798.0,1538.0,339.0,5.7,6.22,6.23,6.79,10439.0
2025-04-24,13,13397.0,2.94,10.73,4782.0,3871.0,1405.0,318.0,5.76,6.32,6.33,6.89,10375.0
2025-04-24,14,13754.0,3.19,11.53,4774.0,3865.0,1438.0,320.0,5.78,6.35,6.33,6.93,10397.0
2025-04-24,15,13874.0,3.47,11.96,4784.0,3847.0,1771.0,312.0,5.79,6.33,6.36,6.9,10713.0
2025-04-24,16,13838.0,3.73,12.17,5109.0,4095.0,1768.0,372.0,6.06,6.97,6.83,7.65,11342.0
2025-04-24,17,13787.0,3.73,12.12,5899.0,4926.0,3184.0,429.0,7.07,9.08,8.24,10.12,14438.0
2025-04-24,18,13876.0,3.36,11.99,6376.0,5473.0,3880.0,456.0,8.26,10.98,9.77,12.3,16185.0
2025-04-24,19,14028.0,2.96,11.91,6211.0,5290.0,3768.0,440.0,8.21,10.87,9.66,12.12,15709.0
2025-04-24,20,14089.0,2.6,11.76,6139.0,5291.0,3777.0,445.0,8.19,10.77,9.64,12.02,15653.0
2025-04-24,21,14109.0,2.27,11.7,5917.0,4960.0,3982.0,419.0,7.68,10.22,9.01,11.29,15278.0
2025-04-24,22,11669.0,2.09,13.78,4688.0,3841.0,2823.0,337.0,6.0,7.05,6.78,7.69,11689.0
2025-04-24,23,3730.0,2.23,15.69,4083.0,2978.0,2097.0,314.0,5.15,5.2,5.53,5.21,9472.0
2025-04-25,0,2282.0,2.54,14.11,3738.0,2657.0,2201.0,263.0,4.7,4.31,4.92,4.4,8859.0
2025-04-25,1,2285.0,2.83,14.33,3718.0,2589.0,2301.0,232.0,4.85,4.52,5.08,4.62,8840.0
2025-04-25,2,2651.0,3.14,14.66,3464.0,2420.0,2053.0,215.0,4.83,4.5,5.21,4.56,8151.0
2025-04-25,3,2829.0,3.49,15.11,3199.0,2205.0,1913.0,211.0,4.84,4.4,5.11,4.45,7528.0
2025-04-25,4,5079.0,4.0,14.15,3495.0,2488.0,2281.0,236.0,5.1,5.13,5.59,5.1,8501.0
2025-04-25,5,14365.0,4.42,12.55,4784.0,4070.0,3333.0,359.0,6.7,8.27,7.84,9.06,12545.0
2025-04-25,6,15274.0,4.46,12.38,5761.0,5127.0,3841.0,472.0,7.98,10.42,9.45,11.59,15203.0
2025-04-25,7,14355.0,4.19,10.83,6302.0,5570.0,3846.0,508.0,8.68,11.43,10.2,12.92,16227.0
2025-04-25,8,14360.0,3.73,10.39,6596.0,5695.0,3948.0,498.0,8.81,11.7,10.34,13.38,16737.0
2025-04-25,9,14456.0,3.23,10.15,6702.0,5678.0,4137.0,487.0,8.6,11.81,10.15,13.38,17005.0
2025-04-25,10,14581.0,2.83,10.1,6103.0,5078.0,3604.0,430.0,7.42,9.59,8.73,10.98,15216.0
2025-04-25,11,14637.0,2.84,10.13,5249.0,4066.0,2539.0,365.0,6.19,6.73,7.09,7.54,12219.0
2025-04-25,12,13804.0,3.11,10.49,4741.0,3775.0,1715.0,323.0,5.69,6.07,6.21,6.67,10554.0
2025-04-25,13,13728.0,3.41,10.69,4748.0,3749.0,1561.0,326.0,5.66,6.14,6.15,6.73,10385.0
2025-04-25,14,13658.0,3.7,10.82,4763.0,3754.0,1461.0,330.0,5.67,6.19,6.17,6.76,10308.0
2025-04-25,15,13392.0,4.0,10.64,4676.0,3745.0,1364.0,316.0,5.67,6.2,6.17,6.78,10101.0
2025-04-25,16,13143.0,4.15,10.42,5509.0,4182.0,2627.0,364.0,6.43,7.01,7.4,7.83,12684.0
2025-04-25,17,13192.0,3.86,10.23,6542.0,5004.0,4014.0,410.0,8.16,9.39,9.65,10.65,15970.0
2025-04-25,18,14027.0,3.31,10.66,6660.0,5388.0,3976.0,461.0,8.66,10.91,10.17,12.25,16484.0
2025-04-25,19,15261.0,2.96,11.25,6318.0,5267.0,3782.0,440.0,8.45,10.79,9.99,12.02,15807.0
2025-04-25,20,15224.0,2.75,11.04,6258.0,5188.0,3746.0,428.0,8.42,10.76,9.86,11.94,15619.0
2025-04-25,21,15783.0,2.62,12.56,5848.0,4804.0,3612.0,405.0,7.59,9.59,8.95,10.6,14670.0
2025-04-25,22,10897.0,2.5,15.79,4952.0,3996.0,2808.0,367.0,6.23,7.24,7.12,7.99,12123.0
2025-04-25,23,6949.0,2.58,16.13,3863.0,2648.0,1732.0,252.0,4.92,4.45,5.19,4.66,8494.0
2025-04-26,0,3335.0,3.14,13.9,3794.0,2584.0,2208.0,228.0,4.74,4.26,5.01,4.31,8814.0
2025-04-26,1,2974.0,3.53,13.13,3659.0,2474.0,2095.0,214.0,4.71,4.28,5.08,4.27,8443.0
2025-04-26,2,3005.0,3.91,13.31,3554.0,2375.0,2182.0,222.0,4.88,4.42,5.12,4.52,8334.0
2025-04-26,3,3426.0,4.32,13.26,3429.0,2260.0,2136.0,224.0,4.84,4.38,5.18,4.45,8048.0
2025-04-26,4,5332.0,4.84,12.32,3338.0,2658.0,1907.0,281.0,4.83,5.02,5.14,5.24,8184.0
2025-04-26,5,11530.0,5.24,12.12,4592.0,3928.0,2570.0,356.0,6.45,7.97,7.48,8.59,11446.0
2025-04-26,6,14028.0,5.08,11.11,5970.0,5012.0,3882.0,436.0,8.3,10.24,9.77,11.41,15300.0
2025-04-26,7,14308.0,4.79,11.22,5859.0,5384.0,3510.0,495.0,8.12,11.2,9.58,12.4,15248.0
2025-04-26,8,14199.0,4.46,10.82,6154.0,5648.0,3703.0,476.0,8.08,11.38,9.56,12.75,15980.0
2025-04-26,9,14213.0,4.02,10.5,6551.0,5648.0,3981.0,464.0,8.4,11.47,9.87,12.87,16645.0
2025-04-26,10,14506.0,3.59,10.49,6100.0,5273.0,3733.0,436.0,7.57,10.05,8.93,11.27,15542.0
2025-04-26,11,12956.0,3.49,10.76,5002.0,4290.0,2248.0,374.0,6.05,6.96,6.84,7.74,11914.0
2025-04-26,12,11667.0,3.53,11.35,4643.0,3874.0,1558.0,326.0,5.67,6.08,6.21,6.69,10401.0
2025-04-26,13,10963.0,3.52,11.53,4605.0,3781.0,1433.0,320.0,5.65,6.02,6.17,6.59,10140.0
2025-04-26,14,12000.0,3.55,11.11,4655.0,3714.0,1277.0,340.0,5.63,5.98,6.12,6.52,9986.0
2025-04-26,15,12209.0,3.69,11.01,4730.0,3693.0,1214.0,308.0,5.61,5.95,6.12,6.51,9945.0
2025-04-26,16,12146.0,3.8,11.01,5034.0,4056.0,1570.0,338.0,5.98,6.56,6.72,7.23,10997.0
2025-04-26,17,12614.0,3.6,10.35,6041.0,4980.0,3165.0,437.0,7.36,8.93,8.74,10.0,14623.0
2025-04-26,18,12788.0,3.12,10.03,6183.0,5364.0,3272.0,449.0,8.0,10.45,9.37,11.76,15269.0
2025-04-26,19,12961.0,2.65,9.95,5995.0,5185.0,3226.0,450.0,7.96,10.36,9.34,11.59,14855.0
2025-04-26,20,13287.0,2.26,10.37,5856.0,5130.0,3423.0,437.0,7.8,10.46,9.24,11.51,14846.0
2025-04-26,21,13279.0,1.98,10.66,5421.0,4641.0,3125.0,396.0,6.91,9.26,8.18,10.16,13583.0
2025-04-26,22,9898.0,1.83,12.19,4341.0,3676.0,1801.0,337.0,5.75,6.58,6.56,7.1,10156.0
2025-04-26,23,4857.0,1.89,12.79,3886.0,2780.0,1640.0,256.0,4.92,4.92,5.38,4.91,8562.0
2025-04-27,0,4173.0,2.41,11.25,3601.0,2592.0,2027.0,230.0,4.57,4.32,4.88,4.31,8450.0
2025-04-27,1,4333.0,2.95,12.56,3572.0,2630.0,2026.0,226.0,4.71,4.57,4.98,4.57,8454.0
2025-04-27,2,4466.0,3.51,13.59,3440.0,2400.0,1928.0,217.0,4.76,4.52,4.97,4.57,7985.0
2025-04-27,3,5281.0,4.1,13.71,3286.0,2287.0,1836.0,245.0,4.73,4.5,5.0,4.5,7653.0
2025-04-27,4,8831.0,4.83,13.92,3645.0,2739.0,2314.0,247.0,5.16,5.47,5.57,5.72,8945.0
2025-04-27,5,14151.0,5.14,12.94,4473.0,3924.0,3030.0,330.0,6.17,7.87,7.13,8.53,11756.0
2025-04-27,6,14074.0,5.22,12.5,5331.0,4797.0,3027.0,428.0,7.55,9.94,8.92,10.89,13584.0
2025-04-27,7,13983.0,5.04,12.2,5802.0,5324.0,3295.0,451.0,8.3,11.18,9.81,12.34,14873.0
2025-04-27,8,13879.0,4.72,11.87,6080.0,5526.0,3478.0,449.0,8.19,11.35,9.67,12.59,15532.0
2025-04-27,9,13788.0,4.34,11.54,6155.0,5521.0,3563.0,454.0,8.09,11.36,9.5,12.62,15693.0
2025-04-27,10,13319.0,3.98,11.44,5678.0,5011.0,3121.0,414.0,7.09,9.63,8.38,10.7,14225.0
2025-04-27,11,11306.0,3.82,11.93,4763.0,4111.0,1884.0,376.0,5.86,6.96,6.55,7.63,11133.0
2025-04-27,12,10511.0,3.76,12.34,4461.0,3635.0,1151.0,339.0,5.5,5.94,5.93,6.46,9585.0
2025-04-27,13,10547.0,3.77,12.57,4421.0,3597.0,894.0,310.0,5.52,5.97,5.98,6.47,9222.0
2025-04-27,14,10776.0,3.79,12.22,4394.0,3576.0,1019.0,305.0,5.52,5.97,5.99,6.46,9294.0
2025-04-27,15,12329.0,3.96,13.11,4395.0,3576.0,1029.0,295.0,5.55,5.98,6.04,6.48,9295.0
2025-04-27,16,12401.0,4.19,13.48,4769.0,3924.0,2444.0,361.0,5.91,6.62,6.65,7.22,11498.0
2025-04-27,17,12280.0,4.1,14.9,5617.0,4749.0,3052.0,389.0,7.19,8.96,8.44,9.93,13807.0
2025-04-27,18,12217.0,3.68,16.32,5769.0,5139.0,3203.0,425.0,7.61,10.48,8.98,11.57,14536.0
2025-04-27,19,12511.0,3.27,16.88,5656.0,5053.0,3257.0,413.0,7.64,10.47,9.03,11.54,14379.0
2025-04-27,20,12193.0,2.9,16.94,5593.0,5051.0,3207.0,414.0,7.61,10.28,8.95,11.41,14265.0
2025-04-27,21,9259.0,2.3,17.36,5673.0,4680.0,3340.0,409.0,7.52,9.29,8.87,10.24,14102.0
2025-04-27,22,9414.0,1.71,17.71,4817.0,3722.0,2599.0,306.0,6.2,6.82,7.27,7.46,11444.0
2025-04-27,23,4011.0,1.78,16.0,4102.0,2734.0,2167.0,239.0,5.28,4.83,5.82,4.97,9242.0
2025-04-28,0,3595.0,2.26,14.5,3902.0,2703.0,2558.0,221.0,4.98,4.35,5.36,4.48,9384.0
2025-04-28,1,4072.0,2.72,14.19,3749.0,2486.0,2398.0,210.0,4.97,4.57,5.53,4.49,8843.0
2025-04-28,2,5644.0,3.35,14.26,3458.0,2175.0,2059.0,192.0,4.84,4.23,5.18,4.2,7884.0
2025-04-28,3,6045.0,4.1,14.99,3362.0,2098.0,1899.0,202.0,4.86,4.2,5.22,4.26,7561.0
2025-04-28,4,10084.0,4.84,13.37,3852.0,2755.0,2698.0,253.0,5.53,5.57,6.17,5.87,9559.0
2025-04-28,5,14137.0,5.09,11.32,4877.0,4038.0,3367.0,356.0,6.89,8.2,8.17,9.01,12638.0
2025-04-28,6,14591.0,5.02,11.86,5747.0,5050.0,3544.0,476.0,8.19,10.53,9.67,11.76,14818.0
2025-04-28,7,14258.0,4.69,11.09,6339.0,5511.0,3976.0,533.0,8.9,11.67,10.45,13.2,16359.0
2025-04-28,8,14258.0,4.15,10.67,7035.0,5680.0,4639.0,491.0,9.71,11.83,11.29,13.62,17845.0
2025-04-28,9,14367.0,3.5,10.3,7225.0,5617.0,4880.0,475.0,9.76,11.79,11.29,13.65,18196.0
2025-04-28,10,14578.0,2.98,10.26,6372.0,4858.0,3884.0,404.0,8.04,9.56,9.43,10.95,15518.0
2025-04-28,11,13632.0,2.97,11.18,5000.0,4054.0,2241.0,358.0,6.04,6.85,6.85,7.63,11653.0
2025-04-28,12,12859.0,3.16,11.14,4658.0,3806.0,1621.0,313.0,5.57,6.04,6.08,6.63,10398.0
2025-04-28,13,12475.0,3.3,10.49,4698.0,3843.0,1511.0,311.0,5.63,6.06,6.16,6.66,10363.0
2025-04-28,14,12445.0,3.42,10.6,4743.0,3710.0,1447.0,314.0,5.62,6.01,6.1,6.61,10214.0
2025-04-28,15,12546.0,3.53,10.83,4770.0,3734.0,1670.0,338.0,5.63,6.09,6.16,6.66,10511.0
2025-04-28,16,12591.0,3.6,11.02,5360.0,4167.0,2202.0,373.0,6.28,6.97,7.18,7.72,12102.0
2025-04-28,17,12817.0,3.29,11.18,6391.0,5111.0,3743.0,415.0,7.87,9.35,9.35,10.55,15660.0
2025-04-28,18,14891.0,2.82,11.56,6459.0,5422.0,3973.0,429.0,8.33,10.59,9.82,11.89,16282.0
2025-04-28,19,15894.0,2.6,11.59,6254.0,5336.0,4061.0,441.0,8.31,10.6,9.77,11.82,16093.0
2025-04-28,20,15767.0,2.44,11.24,6220.0,5309.0,3897.0,434.0,8.27,10.67,9.79,11.83,15861.0
2025-04-28,21,15558.0,2.32,11.6,5705.0,4797.0,3639.0,407.0,7.37,9.28,8.72,10.31,14547.0
2025-04-28,22,10139.0,2.14,14.41,4723.0,3839.0,2845.0,361.0,6.07,7.07,6.91,7.71,11767.0
2025-04-28,23,6291.0,2.17,14.18,3898.0,2609.0,1956.0,276.0,4.97,4.72,5.34,4.81,8738.0
2025-04-29,0,4728.0,2.8,13.82,3861.0,2799.0,2363.0,244.0,4.87,4.43,5.12,4.59,9267.0
2025-04-29,1,3600.0,3.31,14.23,3763.0,2775.0,2462.0,224.0,4.95,4.7,5.3,4.79,9224.0
2025-04-29,2,4138.0,3.79,14.71,3586.0,2600.0,2328.0,214.0,4.92,4.73,5.4,4.72,8728.0
2025-04-29,3,4284.0,4.32,15.7,3319.0,2333.0,2077.0,207.0,4.86,4.51,5.16,4.54,7935.0
2025-04-29,4,4295.0,4.86,15.69,3506.0,2990.0,2552.0,258.0,5.14,5.73,5.6,5.85,9306.0
2025-04-29,5,12621.0,5.19,13.71,4502.0,4122.0,3067.0,362.0,6.36,7.95,7.35,8.73,12053.0
2025-04-29,6,14879.0,5.14,12.11,5801.0,5236.0,3725.0,467.0,8.24,10.47,9.8,11.61,15230.0
2025-04-29,7,15006.0,4.87,12.06,6484.0,5601.0,3856.0,478.0,8.85,11.46,10.5,12.95,16419.0
2025-04-29,8,14339.0,4.41,10.78,6804.0,5659.0,4303.0,489.0,9.0,11.56,10.6,13.14,17255.0
2025-04-29,9,14324.0,3.88,10.34,6884.0,5577.0,4108.0,451.0,8.77,11.27,10.26,12.91,17020.0
2025-04-29,10,14538.0,3.43,10.25,6505.0,5130.0,3810.0,414.0,7.76,9.92,9.14,11.35,15858.0
2025-04-29,11,14592.0,3.37,10.27,5427.0,4182.0,1831.0,354.0,5.99,6.99,6.91,7.75,11794.0
2025-04-29,12,10562.0,3.4,11.89,4981.0,3889.0,1769.0,360.0,5.76,6.28,6.48,6.9,10999.0
2025-04-29,13,9856.0,3.16,12.33,4950.0,3815.0,1261.0,332.0,5.72,6.19,6.38,6.76,10358.0
2025-04-29,14,10024.0,2.95,12.63,4918.0,3728.0,1464.0,319.0,5.73,6.14,6.37,6.69,10429.0
2025-04-29,15,10905.0,2.83,14.85,4893.0,3786.0,1145.0,321.0,5.73,6.1,6.39,6.66,10145.0
2025-04-29,16,11177.0,2.75,15.6,5184.0,4173.0,2023.0,367.0,6.15,6.99,7.1,7.67,11746.0
2025-04-29,17,11523.0,2.42,16.44,5919.0,4968.0,3162.0,454.0,7.46,9.18,8.84,10.2,14503.0
2025-04-29,18,13691.0,1.9,14.95,6492.0,5347.0,4018.0,454.0,8.49,10.81,10.05,12.01,16310.0
2025-04-29,19,13893.0,1.48,14.64,6399.0,5321.0,4089.0,448.0,8.53,10.73,10.04,11.96,16257.0
2025-04-29,20,14360.0,1.08,13.24,6293.0,5301.0,3693.0,454.0,9.45,10.62,9.96,11.74,15742.0
2025-04-29,21,15722.0,0.93,12.51,5744.0,4714.0,3641.0,440.0,10.38,9.25,8.83,10.13,14539.0
2025-04-29,22,10709.0,0.94,16.29,4710.0,3577.0,2682.0,343.0,8.47,6.75,6.97,7.33,11312.0
2025-04-29,23,2824.0,0.97,17.25,4078.0,2663.0,2006.0,255.0,6.79,4.79,5.52,4.85,9001.0
2025-04-30,0,42.0,1.05,15.19,3758.0,2475.0,1976.0,238.0,6.17,4.21,5.05,4.25,8448.0
2025-04-30,1,4753.0,1.18,14.22,3571.0,2298.0,2084.0,221.0,6.11,4.14,5.04,4.21,8174.0
2025-04-30,2,11738.0,2.25,13.46,3444.0,2208.0,1853.0,223.0,6.16,4.43,5.19,4.55,7727.0
2025-04-30,3,13863.0,2.97,12.95,3377.0,2283.0,1967.0,244.0,6.63,4.61,5.28,4.81,7870.0
2025-04-30,4,9696.0,4.14,10.69,3680.0,2655.0,2518.0,296.0,6.7,5.16,5.99,5.33,9149.0
2025-04-30,5,13908.0,4.44,10.99,4932.0,4082.0,3511.0,370.0,7.34,8.16,8.23,8.87,12895.0
2025-04-30,6,15109.0,4.4,11.87,5970.0,5054.0,3897.0,486.0,8.51,10.27,9.8,11.34,15407.0
2025-04-30,7,16908.0,4.22,10.31,6700.0,5668.0,4052.0,497.0,9.38,11.6,11.27,13.09,16917.0
2025-04-30,8,16925.0,4.03,9.85,6997.0,5741.0,4369.0,471.0,9.66,11.77,11.51,13.44,17577.0
2025-04-30,9,14247.0,3.62,10.61,7072.0,5635.0,4478.0,470.0,9.6,11.71,11.39,13.35,17654.0
2025-04-30,10,14278.0,3.14,10.63,6379.0,4903.0,3836.0,421.0,8.32,9.61,10.22,10.87,15539.0
2025-04-30,11,14345.0,3.1,10.67,5210.0,4055.0,2354.0,368.0,6.84,6.91,8.66,7.6,11987.0
2025-04-30,12,14265.0,3.42,10.81,4698.0,3737.0,1209.0,320.0,6.34,6.05,8.13,6.56,9964.0
2025-04-30,13,14105.0,3.82,10.89,4695.0,3749.0,1133.0,322.0,6.33,6.09,8.11,6.6,9899.0
2025-04-30,14,12780.0,4.12,11.64,4698.0,3692.0,1149.0,316.0,6.36,6.08,8.12,6.6,9855.0
2025-04-30,15,12773.0,4.36,11.94,4702.0,3691.0,1169.0,312.0,6.35,6.06,8.08,6.58,9873.0
2025-04-30,16,12835.0,4.48,12.15,5543.0,4201.0,2214.0,377.0,7.09,6.96,8.84,7.72,12334.0
2025-04-30,17,12517.0,4.18,12.94,6501.0,5155.0,3704.0,438.0,8.4,9.49,10.27,10.66,15798.0
2025-04-30,18,12155.0,3.5,13.59,6647.0,5429.0,3919.0,444.0,9.02,10.84,10.89,12.16,16439.0
2025-04-30,19,12456.0,2.87,13.85,6412.0,5292.0,3987.0,450.0,8.83,10.86,10.7,12.08,16141.0
2025-04-30,20,12720.0,2.29,13.64,6403.0,5274.0,3767.0,464.0,8.88,10.88,10.74,12.05,15907.0
2025-04-30,21,13395.0,1.85,13.87,5713.0,4801.0,3272.0,449.0,8.36,9.62,9.87,10.55,14234.0
2025-04-30,22,11845.0,1.78,15.98,4558.0,3633.0,2373.0,369.0,8.13,6.63,8.32,7.18,10933.0
2025-04-30,23,5458.0,1.95,16.81,4123.0,2750.0,1910.0,280.0,6.74,4.95,7.27,5.04,9062.0
2025-05-01,0,4867.0,2.55,15.05,3761.0,2627.0,2111.0,232.0,6.06,4.22,6.56,4.39,8731.0
2025-05-01,1,4544.0,3.14,13.45,3709.0,2662.0,2219.0,234.0,6.25,4.52,6.73,4.64,8824.0
2025-05-01,2,4555.0,3.71,13.85,3618.0,2565.0,2186.0,225.0,6.36,4.67,6.86,4.77,8595.0
2025-05-01,3,4462.0,4.28,13.69,3548.0,2528.0,1977.0,220.0,6.22,4.5,6.57,4.6,8273.0
2025-05-01,4,5730.0,4.88,13.65,3563.0,2853.0,2109.0,251.0,6.36,5.43,6.85,5.58,8776.0
2025-05-01,5,13044.0,5.41,14.33,4526.0,3768.0,2756.0,354.0,6.49,7.49,9.07,8.1,11404.0
2025-05-01,6,12800.0,5.46,16.89,4990.0,4802.0,2362.0,428.0,7.38,10.15,10.68,10.88,12582.0
2025-05-01,7,12607.0,5.26,14.88,5242.0,5034.0,2821.0,465.0,7.74,11.06,10.98,11.94,13562.0
2025-05-01,8,13054.0,5.0,15.15,5481.0,5211.0,3105.0,482.0,7.75,11.05,11.04,11.99,14279.0
2025-05-01,9,12788.0,4.66,14.22,5875.0,5408.0,3370.0,451.0,7.94,11.09,11.17,12.15,15104.0
2025-05-01,10,12880.0,4.28,14.09,5572.0,4920.0,3059.0,421.0,7.21,9.51,10.45,10.45,13972.0
2025-05-01,11,11137.0,4.16,14.85,4613.0,4048.0,1750.0,384.0,6.05,6.8,8.66,7.37,10796.0
2025-05-01,12,10678.0,4.14,15.17,4377.0,3641.0,1139.0,328.0,5.73,6.01,8.15,6.45,9485.0
2025-05-01,13,10245.0,4.18,15.69,4418.0,3597.0,932.0,312.0,5.74,5.95,8.09,6.41,9260.0
2025-05-01,14,9961.0,4.15,16.01,4446.0,3649.0,892.0,316.0,5.78,5.95,8.14,6.39,9302.0
2025-05-01,15,10015.0,4.13,15.7,4388.0,3650.0,864.0,338.0,5.79,5.95,8.15,6.38,9240.0
2025-05-01,16,12317.0,4.21,15.84,4708.0,3903.0,1277.0,357.0,6.11,6.59,8.47,7.12,10246.0
2025-05-01,17,11851.0,4.17,16.79,5647.0,4710.0,2833.0,397.0,7.32,8.69,9.87,9.58,13586.0
2025-05-01,18,11586.0,3.69,17.56,5827.0,5220.0,3132.0,451.0,7.78,10.54,10.32,11.59,14630.0
2025-05-01,19,12038.0,3.19,18.57,5872.0,5243.0,3498.0,445.0,7.81,10.55,10.31,11.65,15058.0
2025-05-01,20,11991.0,2.73,18.15,5759.0,5222.0,3608.0,470.0,7.71,10.43,10.28,11.48,15059.0
2025-05-01,21,8978.0,2.13,17.81,5439.0,4808.0,3082.0,424.0,7.34,9.51,9.77,10.37,13754.0
2025-05-01,22,8768.0,1.54,17.59,4478.0,3704.0,2239.0,375.0,7.99,6.78,8.37,7.34,10795.0
2025-05-01,23,4475.0,1.66,15.46,3857.0,2705.0,1422.0,255.0,6.48,4.75,6.75,4.83,8239.0
2025-05-02,0,4469.0,2.2,14.44,3633.0,2639.0,2007.0,268.0,5.94,4.3,6.38,4.41,8548.0
2025-05-02,1,4489.0,2.77,14.55,3376.0,2339.0,1759.0,248.0,5.83,4.02,6.29,4.19,7723.0
2025-05-02,2,5337.0,3.37,14.83,3226.0,2165.0,1552.0,224.0,5.88,4.08,6.34,4.16,7167.0
2025-05-02,3,5416.0,4.05,14.98,3153.0,2161.0,1589.0,212.0,6.02,4.26,6.49,4.3,7114.0
2025-05-02,4,9475.0,4.76,12.4,3569.0,2831.0,2258.0,262.0,6.56,5.56,7.02,5.8,8920.0
2025-05-02,5,14380.0,5.02,11.75,4520.0,4069.0,3076.0,366.0,7.62,8.28,8.62,8.95,12032.0
2025-05-02,6,15405.0,5.15,12.81,5472.0,5045.0,3285.0,440.0,8.71,10.45,10.5,11.48,14242.0
2025-05-02,7,14175.0,4.96,11.91,6019.0,5471.0,3740.0,524.0,9.21,11.6,11.56,12.92,15754.0
2025-05-02,8,14064.0,4.62,11.92,6118.0,5563.0,3604.0,492.0,9.12,11.51,11.48,12.84,15777.0
2025-05-02,9,14092.0,4.25,11.66,6294.0,5553.0,3617.0,489.0,9.07,11.56,11.41,12.94,15953.0
2025-05-02,10,14218.0,3.94,11.59,5810.0,4930.0,3129.0,414.0,8.27,9.73,10.37,10.85,14283.0
2025-05-02,11,14129.0,4.06,11.53,4864.0,3996.0,1800.0,369.0,7.07,6.87,8.55,7.45,11029.0
2025-05-02,12,10598.0,4.21,12.46,4680.0,3815.0,1367.0,335.0,6.89,6.32,8.21,6.85,10197.0
2025-05-02,13,9970.0,4.06,13.19,4640.0,3776.0,1266.0,327.0,6.91,6.33,8.27,6.87,10008.0
2025-05-02,14,10579.0,3.98,14.77,4601.0,3624.0,1385.0,323.0,6.87,6.26,8.18,6.74,9933.0
2025-05-02,15,10673.0,3.99,15.01,4541.0,3647.0,1027.0,314.0,6.9,6.2,8.19,6.68,9529.0
2025-05-02,16,10787.0,3.97,15.28,4831.0,3962.0,1669.0,362.0,7.16,6.88,8.46,7.47,10826.0
2025-05-02,17,10812.0,3.68,14.37,5502.0,4799.0,2690.0,424.0,8.08,9.05,9.41,9.96,13415.0
2025-05-02,18,13145.0,3.26,13.96,5926.0,5277.0,3333.0,440.0,8.8,10.79,10.18,11.9,14976.0
2025-05-02,19,11997.0,2.87,14.76,5846.0,5099.0,3380.0,455.0,8.76,10.71,10.14,11.69,14781.0
2025-05-02,20,11270.0,2.33,15.41,5774.0,5085.0,3247.0,452.0,8.7,10.54,10.18,11.51,14559.0
2025-05-02,21,11349.0,1.81,15.37,5541.0,4775.0,3343.0,419.0,8.81,9.74,9.65,10.67,14077.0
2025-05-02,22,11515.0,1.49,15.77,4735.0,3994.0,2488.0,368.0,8.4,7.35,8.59,7.96,11584.0
2025-05-02,23,6267.0,1.59,15.29,4137.0,2979.0,1978.0,300.0,6.78,5.21,7.04,5.44,9394.0
2025-05-03,0,2201.0,1.89,14.42,3763.0,2753.0,2078.0,247.0,6.04,4.41,6.29,4.52,8841.0
2025-05-03,1,2199.0,2.17,14.5,3567.0,2489.0,1854.0,223.0,6.04,4.36,6.34,4.48,8134.0
2025-05-03,2,2187.0,2.44,14.4,3318.0,2302.0,1663.0,207.0,5.98,4.27,6.36,4.32,7490.0
2025-05-03,3,4104.0,2.74,13.74,3180.0,2162.0,1652.0,208.0,6.08,4.34,6.39,4.4,7202.0
2025-05-03,4,11286.0,3.8,10.39,3431.0,2414.0,1862.0,231.0,6.39,4.82,6.63,4.92,7938.0
2025-05-03,5,13813.0,4.37,11.74,4699.0,4028.0,3018.0,345.0,7.94,8.15,8.34,8.82,12090.0
2025-05-03,6,17686.0,4.66,16.19,5325.0,4741.0,2813.0,438.0,8.97,10.05,9.97,10.9,13316.0
2025-05-03,7,15704.0,4.94,15.29,5318.0,5136.0,3067.0,434.0,9.28,11.14,10.6,12.08,13955.0
2025-05-03,8,14856.0,4.97,14.23,5417.0,5170.0,3293.0,427.0,9.16,11.11,10.49,12.06,14308.0
2025-05-03,9,14693.0,4.86,13.82,5857.0,5208.0,3569.0,475.0,9.35,11.03,10.73,12.09,15107.0
2025-05-03,10,13618.0,4.64,13.5,5717.0,4975.0,3267.0,434.0,8.73,9.78,10.06,10.74,14393.0
2025-05-03,11,12770.0,4.62,13.46,4825.0,4128.0,2719.0,367.0,7.61,7.05,8.73,7.65,12039.0
2025-05-03,12,10819.0,4.7,14.22,4628.0,3864.0,1110.0,336.0,7.35,6.36,8.32,6.86,9937.0
2025-05-03,13,8626.0,4.49,14.52,4606.0,3833.0,991.0,328.0,7.36,6.32,8.35,6.81,9758.0
2025-05-03,14,8730.0,4.21,14.64,4654.0,3763.0,1036.0,326.0,7.34,6.23,8.3,6.72,9779.0
2025-05-03,15,8816.0,3.96,14.77,4603.0,3737.0,1124.0,317.0,7.38,6.23,8.33,6.72,9782.0
2025-05-03,16,11584.0,3.86,15.69,4813.0,4026.0,2386.0,365.0,7.71,6.95,8.66,7.5,11590.0
2025-05-03,17,11812.0,3.75,16.04,5404.0,4719.0,2365.0,400.0,8.58,9.03,9.47,9.9,12888.0
2025-05-03,18,11573.0,3.35,15.24,5783.0,5137.0,3074.0,428.0,9.11,10.42,10.11,11.43,14422.0
2025-05-03,19,11453.0,2.86,14.46,5675.0,5034.0,3004.0,431.0,9.17,10.43,10.16,11.4,14144.0
2025-05-03,20,11512.0,2.4,14.22,5591.0,5033.0,3085.0,448.0,9.05,10.25,10.07,11.18,14157.0
2025-05-03,21,12237.0,1.98,13.21,5286.0,4638.0,2906.0,431.0,8.88,9.23,9.51,10.06,13261.0
2025-05-03,22,18630.0,2.2,15.33,4695.0,5588.0,2552.0,352.0,8.8,7.71,8.81,8.59,13187.0
2025-05-03,23,15593.0,2.74,16.73,4134.0,4817.0,2362.0,294.0,7.4,6.13,7.87,6.83,11607.0
2025-05-04,0,10894.0,2.86,19.8,3944.0,4473.0,2280.0,268.0,6.76,5.34,7.3,5.95,10965.0
2025-05-04,1,5426.0,2.83,16.41,3466.0,2874.0,1811.0,227.0,6.09,4.38,6.47,4.63,8378.0
2025-05-04,2,3980.0,3.28,16.57,3313.0,2464.0,1706.0,212.0,6.19,4.39,6.35,4.53,7695.0
2025-05-04,3,3813.0,3.77,15.5,3183.0,2335.0,1694.0,215.0,6.2,4.33,6.33,4.5,7427.0
2025-05-04,4,4809.0,4.28,14.7,3554.0,2782.0,2215.0,247.0,6.67,5.29,6.78,5.42,8798.0
2025-05-04,5,13448.0,4.69,14.85,4548.0,4121.0,2832.0,333.0,7.91,8.07,8.17,8.78,11834.0
2025-05-04,6,13787.0,4.68,15.21,5467.0,5073.0,3252.0,449.0,9.06,10.4,10.1,11.43,14241.0
2025-05-04,7,14365.0,4.5,14.51,5717.0,5376.0,3234.0,458.0,9.38,11.06,10.66,12.17,14785.0
2025-05-04,8,13887.0,4.26,13.36,5937.0,5512.0,3470.0,492.0,9.3,11.13,10.63,12.33,15412.0
2025-05-04,9,13483.0,3.88,12.3,6162.0,5728.0,3808.0,493.0,9.31,11.45,10.58,12.68,16191.0
2025-05-04,10,13225.0,3.47,11.55,5700.0,4991.0,3219.0,429.0,8.56,9.27,9.76,10.33,14339.0
2025-05-04,11,13186.0,3.44,11.41,4786.0,4058.0,1746.0,372.0,7.46,6.68,8.61,7.31,10961.0
2025-05-04,12,12797.0,3.67,11.83,4512.0,3780.0,1161.0,325.0,7.12,6.05,8.12,6.61,9779.0
2025-05-04,13,12626.0,3.94,11.81,4505.0,3786.0,900.0,329.0,7.12,6.13,8.11,6.66,9519.0
2025-05-04,14,12584.0,4.21,12.02,4451.0,3777.0,897.0,308.0,7.18,6.22,8.12,6.74,9432.0
2025-05-04,15,12399.0,4.5,13.04,4424.0,3743.0,1968.0,301.0,7.18,6.2,8.14,6.71,10437.0
2025-05-04,16,11645.0,4.67,13.61,4827.0,4075.0,1510.0,387.0,7.61,6.83,8.64,7.46,10800.0
2025-05-04,17,9204.0,4.33,15.17,5378.0,4887.0,2529.0,430.0,8.43,9.03,9.52,9.96,13225.0
2025-05-04,18,9989.0,3.69,18.66,5419.0,5269.0,2647.0,413.0,8.62,10.29,9.7,11.25,13748.0
2025-05-04,19,9733.0,3.11,17.42,5319.0,5216.0,2750.0,412.0,8.62,10.13,9.7,11.1,13697.0
2025-05-04,20,9807.0,2.53,17.11,5260.0,5087.0,2733.0,425.0,8.56,10.06,9.62,10.97,13505.0
2025-05-04,21,9516.0,1.97,17.94,5082.0,4724.0,2486.0,409.0,8.55,9.18,9.21,9.91,12701.0
2025-05-04,22,8898.0,1.58,19.01,4172.0,3566.0,1758.0,324.0,7.63,6.47,7.98,6.95,9820.0
2025-05-04,23,5910.0,1.75,16.57,3706.0,2785.0,1398.0,1342.0,5.74,4.91,6.99,4.95,9231.0
2025-05-05,0,4878.0,2.38,14.57,3467.0,2749.0,1747.0,240.0,5.28,4.38,6.4,4.43,8203.0
2025-05-05,1,4851.0,2.98,14.61,3433.0,2736.0,1772.0,230.0,5.41,4.62,6.5,4.63,8171.0
2025-05-05,2,4877.0,3.59,15.13,3325.0,2480.0,1778.0,218.0,5.47,4.56,6.48,4.71,7801.0
2025-05-05,3,5051.0,4.21,16.53,3200.0,2384.0,1665.0,219.0,5.51,4.67,6.57,4.73,7468.0
2025-05-05,4,6321.0,4.9,14.59,3451.0,2874.0,2063.0,257.0,5.77,5.52,6.95,5.62,8645.0
2025-05-05,5,11847.0,5.35,14.4,4625.0,4097.0,2626.0,410.0,6.72,8.0,9.37,8.61,11758.0
2025-05-05,6,14465.0,5.35,14.65,5324.0,5202.0,2659.0,431.0,7.69,10.42,10.94,11.34,13616.0
2025-05-05,7,13255.0,5.17,14.72,5641.0,5530.0,3318.0,447.0,8.11,11.14,11.49,12.22,14935.0
2025-05-05,8,13229.0,4.77,14.39,6230.0,5657.0,3720.0,442.0,8.51,11.23,11.86,12.38,16050.0
2025-05-05,9,13196.0,4.26,13.91,6410.0,5658.0,4136.0,454.0,8.53,11.1,11.8,12.37,16658.0
2025-05-05,10,13120.0,3.79,13.31,5866.0,5149.0,3276.0,407.0,7.58,9.51,10.77,10.57,14697.0
2025-05-05,11,11551.0,3.64,12.76,4731.0,4162.0,1687.0,358.0,6.38,6.81,8.91,7.41,10938.0
2025-05-05,12,10952.0,3.63,12.92,4512.0,3733.0,1293.0,336.0,6.03,5.97,8.29,6.47,9875.0
2025-05-05,13,10666.0,3.62,12.09,4542.0,3774.0,1169.0,310.0,6.09,6.05,8.32,6.56,9796.0
2025-05-05,14,11880.0,3.67,11.74,4574.0,3735.0,2233.0,313.0,6.11,6.09,8.36,6.59,10855.0
2025-05-05,15,12241.0,3.85,11.75,4596.0,3721.0,1150.0,320.0,6.09,6.03,8.34,6.53,9787.0
2025-05-05,16,10996.0,3.93,12.41,4886.0,4022.0,1362.0,394.0,6.38,6.6,8.62,7.19,10664.0
2025-05-05,17,11569.0,3.65,12.04,5695.0,4902.0,3037.0,430.0,7.44,8.83,9.8,9.75,14064.0
2025-05-05,18,12487.0,3.21,12.37,5865.0,5384.0,3354.0,452.0,7.81,10.4,10.18,11.54,15055.0
2025-05-05,19,12960.0,2.8,13.04,5824.0,5370.0,3214.0,450.0,7.79,10.47,10.17,11.52,14858.0
2025-05-05,20,13452.0,2.5,14.9,5754.0,5326.0,3076.0,433.0,7.8,10.4,10.23,11.46,14590.0
2025-05-05,21,10863.0,2.04,16.19,5455.0,5024.0,3078.0,433.0,8.55,9.46,9.74,10.38,13989.0
2025-05-05,22,10968.0,1.72,16.39,4517.0,3912.0,2362.0,335.0,8.01,6.72,8.35,7.27,11126.0
2025-05-05,23,4623.0,1.97,15.97,3952.0,2848.0,1717.0,261.0,6.45,4.81,6.86,4.89,8777.0
2025-05-06,0,4188.0,2.51,14.98,3613.0,2727.0,1985.0,239.0,5.92,4.35,6.45,4.38,8564.0
2025-05-06,1,4541.0,3.06,14.78,3380.0,2508.0,1766.0,218.0,5.94,4.28,6.46,4.3,7872.0
2025-05-06,2,4528.0,3.62,14.07,3217.0,2393.0,1607.0,204.0,5.95,4.19,6.46,4.25,7421.0
2025-05-06,3,4664.0,4.2,13.79,3129.0,2338.0,1597.0,206.0,6.08,4.33,6.56,4.37,7270.0
2025-05-06,4,8790.0,4.79,12.81,3553.0,2912.0,2371.0,258.0,6.44,5.46,6.98,5.73,9094.0
2025-05-06,5,14287.0,5.07,12.75,4634.0,4184.0,3021.0,387.0,7.46,8.26,8.64,8.99,12226.0
2025-05-06,6,15027.0,5.1,12.11,5494.0,5187.0,3393.0,446.0,8.42,10.35,10.23,11.38,14519.0
2025-05-06,7,14442.0,4.91,12.46,5937.0,5636.0,3476.0,475.0,9.0,11.54,11.14,12.78,15524.0
2025-05-06,8,14294.0,4.6,12.35,6033.0,5591.0,3837.0,440.0,8.99,11.6,11.17,12.82,15902.0
2025-05-06,9,11985.0,4.1,13.4,6348.0,5626.0,3898.0,445.0,9.21,11.46,11.35,12.75,16317.0
2025-05-06,10,12292.0,3.53,13.67,5706.0,4947.0,3045.0,407.0,8.15,9.29,10.32,10.27,14105.0
2025-05-06,11,12457.0,3.4,13.96,4861.0,4043.0,1721.0,363.0,6.97,6.69,8.7,7.3,10987.0
2025-05-06,12,12470.0,3.52,13.99,4648.0,3861.0,1264.0,325.0,6.71,6.12,8.24,6.65,10097.0
2025-05-06,13,12260.0,3.69,13.76,4647.0,3804.0,2313.0,302.0,6.72,6.14,8.21,6.67,11066.0
2025-05-06,14,11293.0,3.81,14.2,4664.0,3687.0,1126.0,317.0,6.73,6.15,8.19,6.65,9794.0
2025-05-06,15,10626.0,3.83,14.53,4517.0,3703.0,915.0,320.0,6.62,6.09,8.0,6.56,9455.0
2025-05-06,16,10645.0,3.78,14.61,5061.0,4033.0,1716.0,363.0,7.18,6.74,8.6,7.37,11173.0
2025-05-06,17,10695.0,3.35,14.45,6095.0,4979.0,3347.0,414.0,8.52,9.18,10.06,10.24,14836.0
2025-05-06,18,10982.0,2.61,14.64,6377.0,5362.0,3813.0,433.0,9.02,10.6,10.55,11.78,15984.0
2025-05-06,19,11078.0,1.86,14.51,6217.0,5342.0,3732.0,445.0,9.08,10.48,10.55,11.65,15737.0
2025-05-06,20,12616.0,1.22,14.24,6118.0,5268.0,3532.0,446.0,10.85,10.33,10.43,11.42,15365.0
2025-05-06,21,13133.0,0.75,15.42,6026.0,5149.0,3884.0,449.0,10.87,9.93,10.22,11.04,15508.0
2025-05-06,22,13242.0,0.45,15.64,5057.0,4233.0,3095.0,351.0,8.98,7.54,8.88,8.25,12737.0
2025-05-06,23,5544.0,0.66,17.38,4292.0,3224.0,2072.0,272.0,7.27,5.3,7.46,5.46,9861.0
2025-05-07,0,6845.0,1.24,13.6,3772.0,2660.0,1997.0,223.0,6.34,4.35,6.72,4.36,8652.0
2025-05-07,1,5775.0,2.03,13.56,3843.0,2859.0,2399.0,224.0,6.58,4.82,7.16,4.8,9324.0
2025-05-07,2,4476.0,2.55,12.74,3467.0,2590.0,2104.0,233.0,6.53,4.51,7.07,4.54,8394.0
2025-05-07,3,7471.0,3.28,11.87,3363.0,2480.0,2037.0,227.0,6.53,4.57,7.07,4.52,8108.0
2025-05-07,4,12134.0,4.53,10.38,3065.0,2702.0,1826.0,245.0,6.28,5.06,6.83,5.13,7839.0
2025-05-07,5,12818.0,5.47,13.99,4288.0,4113.0,2651.0,377.0,7.08,8.16,9.09,8.71,11430.0
2025-05-07,6,12465.0,5.27,13.84,5596.0,5227.0,3484.0,484.0,8.27,10.46,11.0,11.51,14791.0
2025-05-07,7,11872.0,4.69,12.2,6037.0,5691.0,3693.0,481.0,8.92,11.47,12.02,12.66,15902.0
2025-05-07,8,12021.0,4.06,12.0,6103.0,5695.0,3554.0,466.0,8.58,11.34,11.68,12.59,15818.0
2025-05-07,9,12177.0,3.41,11.71,6603.0,5512.0,3932.0,442.0,9.01,11.11,12.0,12.38,16490.0
2025-05-07,10,12481.0,2.76,11.79,6231.0,5062.0,3641.0,403.0,8.47,9.72,11.31,10.8,15336.0
2025-05-07,11,12727.0,2.55,12.11,5039.0,4061.0,2282.0,366.0,7.08,6.84,9.2,7.5,11747.0
2025-05-07,12,12775.0,2.63,12.25,4927.0,3845.0,1704.0,339.0,6.77,6.28,8.7,6.84,10814.0
2025-05-07,13,12706.0,2.8,12.34,4661.0,3718.0,1468.0,312.0,7.62,6.05,8.29,6.54,10159.0
2025-05-07,14,12581.0,3.05,12.22,4583.0,3656.0,1208.0,298.0,7.73,6.04,8.21,6.51,9745.0
2025-05-07,15,12590.0,3.29,12.38,4546.0,3635.0,1230.0,320.0,7.79,6.09,8.24,6.57,9731.0
2025-05-07,16,12482.0,3.48,12.39,4860.0,3985.0,1360.0,368.0,8.06,6.65,8.57,7.05,10572.0
2025-05-07,17,13865.0,3.44,12.03,5829.0,4743.0,3171.0,414.0,9.32,8.77,10.23,9.29,14157.0
2025-05-07,18,14277.0,3.15,12.15,6421.0,5196.0,3841.0,438.0,10.07,10.25,11.29,11.01,15896.0
2025-05-07,19,14971.0,2.85,13.08,6361.0,5319.0,3565.0,444.0,9.72,10.64,10.85,11.77,15688.0
2025-05-07,20,15095.0,2.6,13.16,6267.0,5369.0,3784.0,452.0,9.75,10.58,10.88,11.75,15872.0
2025-05-07,21,15273.0,2.42,13.36,5843.0,4947.0,3598.0,437.0,9.18,9.54,10.3,10.53,14825.0
2025-05-07,22,11380.0,2.4,15.37,4814.0,4056.0,2789.0,353.0,7.96,7.06,8.85,7.7,12012.0
2025-05-07,23,5759.0,2.3,16.65,3993.0,2794.0,1818.0,261.0,6.55,4.67,6.84,4.79,8866.0
2025-05-08,0,4890.0,2.89,13.33,3788.0,2611.0,2103.0,258.0,6.2,4.21,6.51,4.31,8761.0
2025-05-08,1,4729.0,3.49,12.87,3671.0,2547.0,2171.0,229.0,6.27,4.24,6.51,4.39,8618.0
2025-05-08,2,4730.0,4.08,13.15,3624.0,2502.0,2242.0,243.0,6.46,4.51,6.71,4.63,8611.0
2025-05-08,3,3048.0,4.61,13.22,3540.0,2517.0,2262.0,256.0,6.55,4.63,6.8,4.76,8575.0
2025-05-08,4,4604.0,4.84,12.6,3769.0,2948.0,2657.0,266.0,6.79,5.44,6.98,5.77,9640.0
2025-05-08,5,12074.0,4.65,11.46,4965.0,4300.0,3430.0,377.0,7.9,8.44,8.38,9.28,13072.0
2025-05-08,6,15782.0,4.47,11.08,5944.0,5218.0,3922.0,454.0,9.03,10.55,9.99,11.7,15538.0
2025-05-08,7,16943.0,4.35,10.28,6551.0,5709.0,4073.0,493.0,9.6,11.58,10.87,13.14,16826.0
2025-05-08,8,15945.0,4.16,10.13,6626.0,5691.0,4111.0,467.0,9.57,11.58,10.72,13.2,16895.0
2025-05-08,9,15116.0,3.77,10.33,6933.0,5657.0,4295.0,489.0,9.71,11.57,10.94,13.24,17373.0
2025-05-08,10,12957.0,3.3,11.19,6181.0,4984.0,3632.0,415.0,8.57,9.31,9.44,10.68,15211.0
2025-05-08,11,12125.0,3.07,11.65,4990.0,4000.0,2407.0,343.0,7.14,6.6,7.59,7.29,11740.0
2025-05-08,12,12836.0,3.19,11.49,4725.0,3878.0,1544.0,348.0,6.8,6.09,7.26,6.67,10495.0
2025-05-08,13,12830.0,3.38,11.65,4658.0,3733.0,1224.0,319.0,6.73,6.09,7.14,6.64,9934.0
2025-05-08,14,12787.0,3.61,11.79,4634.0,3647.0,1307.0,321.0,6.74,6.1,7.16,6.63,9908.0
2025-05-08,15,12764.0,3.86,11.96,4585.0,3647.0,1283.0,314.0,6.74,6.07,7.13,6.6,9829.0
2025-05-08,16,12767.0,4.05,12.14,5021.0,4050.0,1789.0,346.0,7.17,6.78,7.55,7.45,11205.0
2025-05-08,17,12702.0,3.92,11.99,5864.0,5048.0,3356.0,415.0,8.31,9.04,8.94,10.14,14682.0
2025-05-08,18,13105.0,3.48,13.88,6309.0,5367.0,3881.0,460.0,8.99,10.46,9.87,11.74,16017.0
2025-05-08,19,13009.0,2.99,15.0,6280.0,5371.0,3674.0,442.0,8.98,10.45,9.8,11.66,15768.0
2025-05-08,20,13139.0,2.51,14.9,6270.0,5374.0,3716.0,447.0,9.02,10.62,9.85,11.75,15806.0
2025-05-08,21,12828.0,2.1,13.93,5741.0,4830.0,3444.0,443.0,8.35,9.24,9.0,10.19,14458.0
2025-05-08,22,10150.0,1.81,14.99,4744.0,3828.0,2452.0,340.0,8.18,6.83,7.59,7.43,11364.0
2025-05-08,23,8549.0,2.04,15.37,3997.0,2649.0,1787.0,251.0,6.63,4.61,6.39,4.76,8684.0
2025-05-09,0,5379.0,2.9,14.03,3911.0,2616.0,2261.0,232.0,6.16,4.29,6.24,4.33,9019.0
2025-05-09,1,4829.0,3.51,13.71,3749.0,2687.0,2249.0,226.0,6.33,4.42,6.31,4.5,8911.0
2025-05-09,2,4807.0,4.12,13.94,3640.0,2785.0,2315.0,229.0,6.46,4.68,6.46,4.69,8969.0
2025-05-09,3,3305.0,4.67,14.53,3671.0,2770.0,2441.0,237.0,6.65,4.96,6.61,4.98,9118.0
2025-05-09,4,2120.0,4.97,13.83,3551.0,3080.0,2074.0,268.0,6.55,5.46,6.49,5.66,8974.0
2025-05-09,5,11585.0,5.13,14.1,4300.0,4298.0,2257.0,339.0,6.23,8.06,8.79,8.63,11194.0
2025-05-09,6,13958.0,5.1,13.09,5588.0,5352.0,3119.0,470.0,7.64,10.36,10.82,11.43,14528.0
2025-05-09,7,13882.0,4.78,12.73,6134.0,5661.0,3568.0,544.0,8.35,11.09,10.94,12.48,15906.0
2025-05-09,8,13701.0,4.29,11.98,6649.0,5745.0,4013.0,483.0,8.76,11.14,10.88,12.76,16890.0
2025-05-09,9,13721.0,3.72,11.57,6764.0,5758.0,4012.0,457.0,8.65,11.06,10.79,12.73,16991.0
2025-05-09,10,13841.0,3.23,11.36,6098.0,5162.0,3445.0,414.0,7.56,9.39,9.87,10.67,15119.0
2025-05-09,11,13165.0,3.21,11.7,4831.0,3984.0,2005.0,360.0,6.03,6.7,8.41,7.36,11180.0
2025-05-09,12,12592.0,3.38,11.92,4659.0,3763.0,1389.0,343.0,5.65,5.93,8.02,6.49,10154.0
2025-05-09,13,11284.0,3.5,12.41,4708.0,3687.0,1137.0,311.0,5.67,5.92,8.01,6.5,9844.0
2025-05-09,14,11008.0,3.49,11.87,4677.0,3702.0,1874.0,303.0,5.66,5.94,8.02,6.5,10556.0
2025-05-09,15,13194.0,3.63,10.74,4600.0,3691.0,1324.0,320.0,5.69,5.95,8.03,6.5,9934.0
2025-05-09,16,13232.0,3.88,10.89,4985.0,4035.0,1628.0,342.0,5.98,6.5,8.3,7.15,10991.0
2025-05-09,17,13197.0,3.8,10.83,5964.0,4943.0,3222.0,401.0,7.25,8.73,9.52,9.81,14529.0
2025-05-09,18,13936.0,3.45,11.81,6177.0,5355.0,3692.0,439.0,7.85,10.36,9.99,11.56,15663.0
2025-05-09,19,14051.0,3.15,11.71,6100.0,5276.0,3654.0,427.0,7.96,10.31,10.05,11.48,15457.0
2025-05-09,20,13435.0,2.83,12.24,6029.0,5205.0,3623.0,433.0,7.91,10.31,10.03,11.41,15289.0
2025-05-09,21,12420.0,2.44,12.87,5672.0,4867.0,3504.0,408.0,7.25,9.37,9.56,10.32,14450.0
2025-05-09,22,10656.0,2.13,16.25,4694.0,3828.0,2515.0,325.0,5.98,6.7,8.24,7.32,11363.0
2025-05-09,23,4729.0,2.28,15.93,4072.0,2817.0,1906.0,271.0,5.13,4.85,6.84,4.89,9065.0
2025-05-10,0,3513.0,2.74,14.24,3886.0,2772.0,2189.0,256.0,4.89,4.22,6.4,4.41,9103.0
2025-05-10,1,3447.0,3.17,14.16,3748.0,2717.0,2111.0,227.0,4.9,4.34,6.44,4.42,8803.0
2025-05-10,2,3992.0,3.64,13.02,3427.0,2249.0,1836.0,204.0,4.83,4.09,6.34,4.14,7716.0
2025-05-10,3,4181.0,4.16,13.26,3248.0,2148.0,1741.0,208.0,4.84,4.12,6.38,4.18,7344.0
2025-05-10,4,9571.0,4.75,12.23,3784.0,2831.0,2449.0,255.0,5.38,5.3,6.95,5.65,9319.0
2025-05-10,5,14621.0,5.03,11.52,4793.0,4112.0,2955.0,340.0,6.58,7.9,8.3,8.65,12200.0
2025-05-10,6,15577.0,5.17,13.0,5368.0,4895.0,3022.0,464.0,7.77,9.98,9.43,10.88,13749.0
2025-05-10,7,14314.0,5.15,12.49,5695.0,5186.0,3309.0,471.0,8.15,10.92,9.78,11.99,14661.0
2025-05-10,8,14157.0,4.93,12.22,5823.0,5309.0,3586.0,461.0,8.04,10.94,9.69,12.06,15177.0
2025-05-10,9,13877.0,4.61,11.56,6231.0,5422.0,3848.0,443.0,8.28,10.94,9.92,12.17,15944.0
2025-05-10,10,13502.0,4.23,11.73,5889.0,5187.0,3515.0,433.0,7.48,9.52,9.2,10.67,15024.0
2025-05-10,11,11492.0,4.01,12.53,4984.0,4290.0,2086.0,362.0,6.14,6.86,7.87,7.58,11723.0
2025-05-10,12,11169.0,3.91,13.22,4692.0,3982.0,1416.0,326.0,5.83,6.12,7.51,6.69,10416.0
2025-05-10,13,11554.0,3.91,13.25,4699.0,3935.0,1180.0,313.0,5.86,6.12,7.53,6.72,10127.0
2025-05-10,14,11552.0,3.94,13.36,4685.0,3859.0,1341.0,313.0,5.89,6.16,7.56,6.73,10198.0
2025-05-10,15,11545.0,4.0,13.31,4667.0,3765.0,1179.0,325.0,5.88,6.08,7.53,6.64,9937.0
2025-05-10,16,12301.0,4.07,13.15,4882.0,3980.0,1485.0,357.0,6.11,6.54,7.79,7.16,10704.0
2025-05-10,17,11778.0,3.97,11.04,5704.0,4899.0,2741.0,380.0,7.22,8.68,8.94,9.65,13725.0
2025-05-10,18,11846.0,3.49,10.92,5655.0,5179.0,3185.0,449.0,7.72,10.31,9.35,11.35,14468.0
2025-05-10,19,12973.0,3.15,12.75,5569.0,5087.0,2938.0,398.0,7.72,10.27,9.34,11.27,13991.0
2025-05-10,20,13371.0,2.94,13.34,5497.0,5060.0,3082.0,394.0,7.79,10.3,9.42,11.32,14033.0
2025-05-10,21,13241.0,2.74,12.95,5274.0,4763.0,2996.0,418.0,7.3,9.67,8.92,10.57,13449.0
2025-05-10,22,15300.0,2.83,17.92,3881.0,5443.0,6639.0,343.0,5.57,7.44,6.97,8.16,16305.0
2025-05-10,23,7731.0,3.2,20.83,1991.0,4138.0,4784.0,275.0,3.88,4.99,4.99,5.27,11187.0
2025-05-11,0,6065.0,3.08,21.12,1979.0,4056.0,411.0,291.0,3.65,4.88,4.74,5.18,6738.0
2025-05-11,1,6160.0,2.94,21.94,1904.0,4058.0,456.0,273.0,3.77,4.92,4.83,5.22,6692.0
2025-05-11,2,5713.0,2.8,18.73,1871.0,3954.0,479.0,268.0,3.89,5.12,4.94,5.42,6571.0
2025-05-11,3,9614.0,2.83,14.49,1686.0,2727.0,623.0,239.0,3.91,4.76,4.94,4.95,5274.0
2025-05-11,4,13163.0,3.64,14.52,1867.0,2931.0,651.0,283.0,4.04,5.51,5.07,5.74,5732.0
2025-05-11,5,14119.0,4.45,16.29,2295.0,4190.0,816.0,344.0,4.5,7.92,5.57,8.3,7645.0
2025-05-11,6,14790.0,5.15,17.67,3101.0,5007.0,1052.0,418.0,5.15,9.89,6.33,10.49,9579.0
2025-05-11,7,11411.0,5.33,16.97,4581.0,5304.0,1144.0,470.0,6.44,10.99,7.82,11.75,11500.0
2025-05-11,8,12044.0,5.2,15.24,4956.0,5405.0,1087.0,482.0,6.89,10.91,8.34,11.76,11930.0
2025-05-11,9,12106.0,5.0,15.22,5365.0,5529.0,1116.0,476.0,6.97,10.86,8.48,11.77,12487.0
2025-05-11,10,11768.0,4.77,14.42,4995.0,5214.0,1188.0,432.0,6.38,9.64,7.84,10.44,11829.0
2025-05-11,11,10203.0,4.66,14.06,4041.0,4148.0,1289.0,388.0,5.38,6.89,6.69,7.43,9866.0
2025-05-11,12,10375.0,4.66,14.55,3830.0,3933.0,1060.0,321.0,5.18,6.29,6.45,6.77,9144.0
2025-05-11,13,10450.0,4.62,14.7,4554.0,3995.0,1677.0,317.0,5.73,6.44,7.1,7.04,10543.0
2025-05-11,14,10724.0,4.53,15.44,4548.0,3966.0,1363.0,303.0,5.85,6.4,7.19,6.98,10180.0
2025-05-11,15,10721.0,4.51,15.57,4467.0,3870.0,1236.0,306.0,5.9,6.46,7.23,6.99,9879.0
2025-05-11,16,10832.0,4.53,15.81,4489.0,3990.0,1158.0,330.0,6.01,6.81,7.37,7.37,9968.0
2025-05-11,17,11078.0,4.4,16.41,5159.0,4713.0,2211.0,358.0,6.88,8.63,8.36,9.47,12441.0
2025-05-11,18,11645.0,4.01,17.64,5382.0,5196.0,2728.0,406.0,7.35,10.39,8.85,11.38,13712.0
2025-05-11,19,11811.0,3.64,18.01,5319.0,5176.0,2788.0,446.0,7.28,10.24,8.79,11.25,13728.0
2025-05-11,20,11857.0,3.3,17.96,5279.0,5132.0,2593.0,406.0,7.22,10.18,8.73,11.13,13410.0
2025-05-11,21,11559.0,3.01,16.75,4844.0,4621.0,2552.0,372.0,6.55,8.87,7.97,9.69,12388.0
2025-05-11,22,6545.0,2.7,18.34,3924.0,3603.0,1958.0,326.0,5.62,6.43,6.88,7.02,9811.0
2025-05-11,23,5623.0,2.52,17.86,3513.0,2614.0,1513.0,244.0,4.93,4.89,6.13,5.07,7883.0
2025-05-12,0,5185.0,3.15,15.59,3303.0,2308.0,1514.0,215.0,4.53,4.24,5.74,4.28,7341.0
2025-05-12,1,4834.0,3.79,15.69,3234.0,2387.0,1532.0,208.0,4.6,4.22,5.78,4.37,7361.0
2025-05-12,2,2354.0,4.22,16.61,3245.0,2423.0,1657.0,205.0,4.73,4.53,5.94,4.67,7530.0
2025-05-12,3,2246.0,4.52,15.5,3103.0,2321.0,1563.0,203.0,4.79,4.53,5.98,4.69,7190.0
2025-05-12,4,2167.0,4.79,14.48,3259.0,2561.0,1906.0,236.0,4.95,5.02,6.2,5.14,7962.0
2025-05-12,5,9445.0,4.86,14.29,4269.0,4044.0,2593.0,333.0,6.15,7.9,7.52,8.54,11239.0
2025-05-12,6,13054.0,4.62,12.86,5214.0,5101.0,2755.0,414.0,7.43,10.2,8.88,11.16,13483.0
2025-05-12,7,13921.0,4.54,12.71,5015.0,5299.0,2739.0,449.0,7.35,10.99,8.79,11.95,13502.0
2025-05-12,8,13450.0,4.43,13.44,5470.0,5363.0,3114.0,477.0,7.63,10.86,9.09,11.99,14423.0
2025-05-12,9,13020.0,4.09,13.52,5899.0,5487.0,3469.0,429.0,8.08,10.91,9.5,12.13,15283.0
2025-05-12,10,13147.0,3.74,13.39,5553.0,4931.0,3023.0,372.0,7.24,9.1,8.72,10.17,13879.0
2025-05-12,11,12228.0,3.69,13.19,4622.0,4072.0,1709.0,340.0,5.99,6.62,7.4,7.31,10743.0
2025-05-12,12,11863.0,3.84,13.12,4270.0,3778.0,869.0,308.0,5.59,5.98,6.86,6.53,9225.0
2025-05-12,13,11919.0,4.07,13.41,4277.0,3731.0,855.0,290.0,5.6,5.98,6.88,6.55,9153.0
2025-05-12,14,11840.0,4.3,13.52,4308.0,3713.0,914.0,276.0,5.62,6.0,6.93,6.59,9211.0
2025-05-12,15,10762.0,4.46,15.43,4309.0,3733.0,998.0,281.0,5.63,6.01,6.92,6.6,9321.0
2025-05-12,16,9467.0,4.46,16.84,4639.0,4015.0,1399.0,340.0,6.05,6.76,7.39,7.44,10392.0
2025-05-12,17,9219.0,4.0,17.99,5316.0,4803.0,2394.0,414.0,6.89,8.69,8.32,9.68,12926.0
2025-05-12,18,9557.0,3.37,18.94,5334.0,5128.0,2677.0,410.0,7.2,9.95,8.63,11.13,13548.0
2025-05-12,19,11119.0,2.83,18.92,5250.0,5135.0,2742.0,419.0,7.21,9.9,8.64,11.03,13547.0
2025-05-12,20,11754.0,2.47,19.35,5222.0,5149.0,2714.0,421.0,7.21,9.95,8.62,11.06,13506.0
2025-05-12,21,10256.0,2.12,19.86,4875.0,4728.0,2743.0,362.0,6.85,9.07,8.04,9.85,12708.0
2025-05-12,22,7500.0,1.73,20.43,3913.0,3638.0,1775.0,323.0,7.74,6.48,7.0,6.94,9649.0
2025-05-12,23,5307.0,1.74,17.53,3604.0,2818.0,1352.0,246.0,6.49,4.94,6.18,5.04,8020.0
2025-05-13,0,4993.0,2.36,15.53,3388.0,2753.0,1659.0,216.0,5.87,4.34,5.8,4.49,8017.0
2025-05-13,1,4905.0,2.98,15.44,3266.0,2736.0,1733.0,218.0,5.97,4.51,5.9,4.61,7953.0
2025-05-13,2,4786.0,3.59,15.01,3159.0,2687.0,1680.0,208.0,6.13,4.53,6.01,4.72,7734.0
2025-05-13,3,4775.0,4.19,15.26,3061.0,2495.0,1613.0,207.0,6.12,4.55,6.01,4.64,7376.0
2025-05-13,4,6357.0,4.86,14.38,3252.0,3022.0,2087.0,264.0,6.39,5.58,6.28,5.74,8626.0
2025-05-13,5,11834.0,5.34,15.45,4261.0,4197.0,2649.0,344.0,6.23,8.14,8.92,8.77,11451.0
2025-05-13,6,12825.0,5.22,14.77,5413.0,5201.0,3170.0,422.0,7.71,10.46,11.03,11.43,14207.0
2025-05-13,7,12676.0,4.85,14.19,5715.0,5371.0,3484.0,450.0,8.37,11.34,11.63,12.44,15019.0
2025-05-13,8,12531.0,4.42,13.64,5852.0,5387.0,3682.0,453.0,8.16,11.39,11.54,12.47,15374.0
2025-05-13,9,12907.0,3.97,13.96,5903.0,5379.0,3478.0,469.0,8.07,11.29,11.43,12.38,15229.0
2025-05-13,10,12765.0,3.57,13.34,5564.0,5077.0,3216.0,396.0,7.09,9.71,10.49,10.72,14254.0
2025-05-13,11,12348.0,3.5,13.66,4702.0,4007.0,1637.0,339.0,5.63,6.75,8.58,7.35,10686.0
2025-05-13,12,11183.0,3.58,14.68,4485.0,3734.0,1003.0,310.0,5.34,6.03,8.12,6.52,9532.0
2025-05-13,13,11263.0,3.66,14.84,4534.0,3844.0,1167.0,312.0,5.39,6.02,8.06,6.55,9857.0
2025-05-13,14,11234.0,3.72,14.84,4587.0,3777.0,1186.0,308.0,5.37,6.03,8.07,6.55,9857.0
2025-05-13,15,12153.0,3.83,14.42,4604.0,3793.0,1195.0,331.0,5.39,6.05,8.07,6.56,9923.0
2025-05-13,16,13016.0,4.02,14.14,5005.0,4095.0,1651.0,339.0,5.8,6.72,8.47,7.37,11090.0
2025-05-13,17,13129.0,3.94,14.92,5858.0,4917.0,3209.0,376.0,7.27,8.96,9.8,9.98,14361.0
2025-05-13,18,12181.0,3.48,15.69,6185.0,5423.0,3647.0,426.0,8.03,10.6,10.42,11.83,15681.0
2025-05-13,19,12332.0,2.94,15.59,6064.0,5346.0,3679.0,416.0,7.94,10.49,10.31,11.63,15506.0
2025-05-13,20,12473.0,2.45,15.68,5919.0,5322.0,3614.0,468.0,7.9,10.46,10.28,11.51,15323.0
2025-05-13,21,12466.0,2.01,15.23,5603.0,4954.0,3385.0,412.0,7.61,9.46,9.79,10.38,14354.0
2025-05-13,22,10023.0,1.69,16.17,4565.0,3965.0,2421.0,315.0,8.4,6.98,8.59,7.58,11265.0
2025-05-13,23,4663.0,1.85,16.22,4017.0,2883.0,1902.0,234.0,6.64,4.91,6.75,4.95,9035.0
2025-05-14,0,4149.0,2.38,14.92,3743.0,2823.0,2181.0,238.0,6.12,4.35,6.39,4.46,8984.0
2025-05-14,1,4591.0,2.93,15.28,3438.0,2515.0,1877.0,212.0,6.11,4.28,6.33,4.35,8042.0
2025-05-14,2,5024.0,3.53,15.75,3235.0,2269.0,1648.0,189.0,6.08,4.21,6.34,4.24,7341.0
2025-05-14,3,4989.0,4.16,15.62,3156.0,2266.0,1600.0,190.0,6.1,4.2,6.32,4.27,7212.0
2025-05-14,4,7508.0,4.8,14.9,3660.0,2935.0,2416.0,247.0,6.38,5.44,7.15,5.73,9258.0
2025-05-14,5,14481.0,4.97,14.27,4793.0,4305.0,3163.0,355.0,6.89,8.23,9.42,9.06,12616.0
2025-05-14,6,15304.0,5.01,12.48,5586.0,5258.0,3367.0,439.0,8.03,10.45,10.93,11.49,14650.0
2025-05-14,7,15177.0,4.89,12.54,6041.0,5617.0,3592.0,477.0,8.49,11.4,11.3,12.68,15727.0
2025-05-14,8,14292.0,4.57,12.17,6336.0,5633.0,4047.0,434.0,8.8,11.47,11.61,12.76,16450.0
2025-05-14,9,14386.0,4.18,12.05,6390.0,5484.0,3902.0,402.0,8.73,11.43,11.51,12.69,16178.0
2025-05-14,10,14529.0,3.91,12.07,5797.0,4895.0,3567.0,397.0,7.71,9.75,10.7,10.78,14657.0
2025-05-14,11,13145.0,4.02,13.02,4556.0,3969.0,1617.0,326.0,6.22,6.85,8.8,7.42,10468.0
2025-05-14,12,12173.0,4.24,14.06,4347.0,3786.0,902.0,294.0,5.83,6.19,8.17,6.68,9329.0
2025-05-14,13,10932.0,4.41,14.85,4412.0,3667.0,885.0,288.0,5.77,6.12,8.1,6.59,9253.0
2025-05-14,14,11246.0,4.49,16.74,4364.0,3637.0,1003.0,286.0,5.82,6.16,8.12,6.64,9290.0
2025-05-14,15,11369.0,4.64,17.2,4374.0,3686.0,1043.0,317.0,5.8,6.07,8.12,6.55,9420.0
2025-05-14,16,11577.0,4.76,17.94,4625.0,3947.0,1249.0,327.0,6.02,6.65,8.32,7.22,10148.0
2025-05-14,17,11475.0,4.69,17.48,5142.0,4760.0,2191.0,393.0,6.79,8.85,9.09,9.68,12486.0
2025-05-14,18,11243.0,4.25,16.52,5517.0,5208.0,3159.0,449.0,7.41,10.54,9.73,11.59,14333.0
2025-05-14,19,10927.0,3.74,15.19,5506.0,5289.0,2827.0,446.0,7.39,10.46,9.7,11.53,14068.0
2025-05-14,20,10823.0,3.17,14.59,5486.0,5325.0,2798.0,451.0,7.41,10.52,9.74,11.55,14059.0
2025-05-14,21,10825.0,2.68,14.24,5007.0,4823.0,2726.0,387.0,6.81,9.17,9.15,10.06,12942.0
2025-05-14,22,7983.0,2.31,12.92,4087.0,3733.0,1897.0,320.0,5.81,6.5,7.88,7.07,10037.0
2025-05-14,23,7459.0,2.24,11.35,3562.0,2661.0,1257.0,277.0,4.97,4.57,6.01,4.8,7757.0
2025-05-15,0,6532.0,2.56,10.7,3469.0,2502.0,1641.0,216.0,5.48,4.19,5.39,4.31,7829.0
2025-05-15,1,5052.0,3.22,10.33,3457.0,2652.0,1830.0,213.0,5.99,4.6,5.61,4.57,8151.0
2025-05-15,2,4076.0,3.83,12.44,3340.0,2760.0,1830.0,213.0,6.16,4.73,5.74,4.77,8143.0
2025-05-15,3,2310.0,4.19,15.44,3165.0,2599.0,1754.0,209.0,6.18,4.67,5.67,4.77,7727.0
2025-05-15,4,2382.0,4.49,15.22,3355.0,2911.0,2013.0,247.0,6.57,5.3,6.01,5.41,8525.0
2025-05-15,5,11542.0,4.66,14.17,4363.0,4294.0,2731.0,372.0,7.74,8.24,7.38,8.91,11761.0
2025-05-15,6,13974.0,4.57,14.69,5273.0,5259.0,3049.0,450.0,8.69,10.37,8.66,11.35,14031.0
2025-05-15,7,15037.0,4.42,14.49,6032.0,5620.0,3663.0,515.0,9.41,11.43,9.75,12.64,15830.0
2025-05-15,8,14223.0,4.14,12.78,6088.0,5649.0,3781.0,474.0,9.36,11.52,9.74,12.77,15993.0
2025-05-15,9,14190.0,3.75,12.33,6298.0,5744.0,3868.0,455.0,9.37,11.51,9.75,12.61,16365.0
2025-05-15,10,14386.0,3.36,12.33,6008.0,5337.0,3474.0,401.0,8.87,10.25,9.08,11.01,15220.0
2025-05-15,11,14374.0,3.44,12.41,4835.0,4046.0,1626.0,345.0,7.3,6.69,6.92,7.33,10852.0
2025-05-15,12,13283.0,3.73,12.85,4708.0,4026.0,1490.0,335.0,7.2,6.34,6.81,6.91,10558.0
2025-05-15,13,12830.0,3.98,13.23,4693.0,3963.0,1509.0,321.0,7.24,6.39,6.88,7.0,10486.0
2025-05-15,14,12282.0,4.07,13.17,4677.0,3869.0,1332.0,311.0,7.23,6.31,6.84,6.88,10189.0
2025-05-15,15,12760.0,4.25,12.2,4656.0,3866.0,1332.0,302.0,7.29,6.37,6.89,6.94,10155.0
2025-05-15,16,12666.0,4.42,12.28,4847.0,4116.0,1428.0,359.0,7.49,6.94,7.1,7.55,10750.0
2025-05-15,17,12611.0,4.35,12.12,5496.0,4925.0,2776.0,403.0,8.36,9.02,8.12,9.95,13600.0
2025-05-15,18,12865.0,3.98,12.36,5943.0,5381.0,3589.0,451.0,8.95,10.56,8.98,11.71,15364.0
2025-05-15,19,10792.0,3.41,14.29,5900.0,5430.0,3514.0,454.0,9.0,10.57,9.07,11.73,15298.0
2025-05-15,20,11134.0,2.76,14.67,5841.0,5390.0,3514.0,439.0,8.97,10.52,9.05,11.57,15184.0
2025-05-15,21,11580.0,2.22,15.53,5412.0,4929.0,3078.0,407.0,8.5,9.46,8.4,10.36,13826.0
2025-05-15,22,12188.0,2.03,17.15,4510.0,3858.0,2063.0,359.0,7.55,6.78,7.03,7.33,10791.0
2025-05-15,23,9716.0,2.53,17.52,3845.0,2831.0,1221.0,295.0,6.58,4.93,6.08,5.02,8191.0
2025-05-16,0,4110.0,3.39,15.55,3648.0,2788.0,1865.0,233.0,6.0,4.31,5.65,4.43,8534.0
2025-05-16,1,2366.0,3.72,14.73,3527.0,2702.0,1943.0,215.0,6.12,4.4,5.7,4.55,8387.0
2025-05-16,2,2425.0,4.02,15.33,3449.0,2776.0,2039.0,213.0,6.25,4.5,5.71,4.75,8477.0
2025-05-16,3,2481.0,4.33,16.03,3513.0,2828.0,2126.0,220.0,6.39,4.91,6.03,5.01,8687.0
2025-05-16,4,2464.0,4.64,15.74,3614.0,3034.0,2495.0,253.0,6.67,5.46,6.32,5.63,9396.0
2025-05-16,5,12439.0,4.87,15.21,4645.0,4322.0,3184.0,351.0,7.56,8.25,7.67,8.94,12501.0
2025-05-16,6,13617.0,4.71,12.58,5786.0,5277.0,3449.0,448.0,8.72,10.31,9.46,11.45,14959.0
2025-05-16,7,14858.0,4.37,11.43,6361.0,5644.0,3966.0,491.0,9.27,11.38,10.28,12.9,16461.0
2025-05-16,8,14956.0,4.02,11.15,6601.0,5723.0,4142.0,460.0,9.45,11.54,10.52,13.17,16927.0
2025-05-16,9,13350.0,3.51,11.79,6765.0,5784.0,4261.0,465.0,9.5,11.48,10.63,13.18,17276.0
2025-05-16,10,13425.0,2.96,11.75,6075.0,5014.0,3565.0,394.0,8.42,9.36,9.05,10.64,15049.0
2025-05-16,11,13377.0,2.91,11.68,4976.0,4019.0,1917.0,328.0,7.04,6.63,7.14,7.3,11240.0
2025-05-16,12,13375.0,3.19,11.96,4521.0,3666.0,1004.0,344.0,6.45,5.97,6.5,6.53,9536.0
2025-05-16,13,12015.0,3.47,13.0,4551.0,3714.0,1086.0,294.0,6.19,6.12,6.29,6.7,9646.0
2025-05-16,14,11959.0,3.67,13.72,4434.0,3577.0,915.0,294.0,6.18,6.09,6.24,6.59,9220.0
2025-05-16,15,11955.0,3.91,13.96,4352.0,3583.0,1847.0,292.0,6.22,6.12,6.29,6.6,10074.0
2025-05-16,16,11958.0,4.1,14.09,4740.0,3871.0,1402.0,333.0,6.62,6.67,6.85,7.3,10346.0
2025-05-16,17,12268.0,4.0,14.72,5597.0,4751.0,2593.0,369.0,7.69,8.92,8.42,9.89,13311.0
2025-05-16,18,12412.0,3.59,14.77,5990.0,5186.0,3639.0,402.0,8.37,10.43,9.49,11.59,15216.0
2025-05-16,19,12575.0,3.12,16.03,5878.0,5166.0,3571.0,415.0,8.33,10.33,9.41,11.48,15031.0
2025-05-16,20,12471.0,2.71,16.58,5828.0,5136.0,3535.0,419.0,8.33,10.32,9.42,11.37,14918.0
2025-05-16,21,11134.0,2.23,17.23,5482.0,4768.0,3474.0,421.0,7.79,9.21,8.56,10.13,14145.0
2025-05-16,22,9718.0,1.9,18.63,4436.0,3790.0,2373.0,326.0,7.65,6.68,6.89,7.26,10926.0
2025-05-16,23,5402.0,1.92,17.38,3996.0,2959.0,1824.0,245.0,6.84,5.0,5.95,5.11,9024.0
2025-05-17,0,4861.0,2.52,14.54,3818.0,2990.0,2228.0,249.0,6.21,4.49,5.54,4.66,9284.0
2025-05-17,1,4659.0,3.11,13.67,3703.0,2788.0,2220.0,227.0,6.17,4.65,5.73,4.71,8938.0
2025-05-17,2,4676.0,3.7,14.13,3620.0,2589.0,2202.0,206.0,6.21,4.75,5.74,4.73,8617.0
2025-05-17,3,4687.0,4.29,14.48,3396.0,2511.0,1978.0,201.0,6.15,4.43,5.62,4.55,8086.0
2025-05-17,4,5890.0,4.92,13.07,3262.0,2931.0,1909.0,256.0,6.16,5.35,5.6,5.51,8358.0
2025-05-17,5,11189.0,5.39,14.04,3956.0,4206.0,2043.0,333.0,5.95,7.94,7.57,8.56,10539.0
2025-05-17,6,12469.0,5.32,13.92,4925.0,5112.0,2498.0,415.0,7.18,10.22,9.37,11.12,12950.0
2025-05-17,7,12281.0,5.04,13.42,5429.0,5490.0,3058.0,482.0,7.78,11.1,9.95,12.17,14459.0
2025-05-17,8,12257.0,4.56,12.9,5981.0,5568.0,3493.0,485.0,8.15,11.03,10.49,12.4,15527.0
2025-05-17,9,12385.0,3.96,12.67,6305.0,5750.0,3706.0,461.0,8.17,11.23,10.6,12.69,16223.0
2025-05-17,10,12429.0,3.41,12.4,5847.0,5279.0,3207.0,454.0,7.11,9.52,9.67,10.73,14787.0
2025-05-17,11,12601.0,3.23,12.48,4945.0,4368.0,1853.0,379.0,5.94,6.94,8.26,7.66,11545.0
2025-05-17,12,12157.0,3.28,11.7,4633.0,4100.0,1529.0,330.0,5.65,6.2,7.97,6.78,10592.0
2025-05-17,13,12633.0,3.39,11.75,4655.0,4115.0,1394.0,328.0,5.69,6.22,8.01,6.82,10492.0
2025-05-17,14,13088.0,3.59,12.04,4705.0,4083.0,1259.0,352.0,5.73,6.27,8.07,6.86,10400.0
2025-05-17,15,12600.0,3.79,12.16,4662.0,4036.0,1302.0,321.0,5.75,6.3,8.04,6.88,10321.0
2025-05-17,16,12097.0,3.9,12.42,4795.0,4060.0,1349.0,345.0,5.93,6.54,8.2,7.17,10548.0
2025-05-17,17,12505.0,3.81,12.22,5591.0,4798.0,2778.0,400.0,7.06,8.62,9.37,9.53,13568.0
2025-05-17,18,12611.0,3.46,12.18,5760.0,5320.0,3325.0,427.0,7.55,10.26,9.83,11.34,14833.0
2025-05-17,19,12678.0,3.09,12.06,5741.0,5220.0,3228.0,417.0,7.47,10.15,9.72,11.25,14607.0
2025-05-17,20,12824.0,2.74,12.01,5671.0,5236.0,3249.0,420.0,7.5,10.12,9.74,11.18,14575.0
2025-05-17,21,12384.0,2.44,12.47,5305.0,4905.0,3183.0,448.0,6.95,9.22,9.25,10.1,13841.0
2025-05-17,22,10020.0,2.18,13.69,4290.0,3756.0,2066.0,312.0,5.7,6.46,7.96,7.0,10424.0
2025-05-17,23,3918.0,2.34,13.79,3898.0,2811.0,1548.0,237.0,4.97,4.91,6.71,4.9,8494.0
2025-05-18,0,3771.0,2.79,13.17,3760.0,3019.0,2096.0,229.0,4.76,4.55,6.36,4.58,9104.0
2025-05-18,1,4217.0,3.3,13.06,3530.0,2840.0,1976.0,215.0,4.76,4.3,6.24,4.51,8561.0
2025-05-18,2,4212.0,3.83,13.66,3273.0,2471.0,1686.0,202.0,4.7,4.2,6.22,4.27,7633.0
2025-05-18,3,4218.0,4.35,14.05,3188.0,2450.0,1598.0,199.0,4.74,4.33,6.35,4.33,7435.0
2025-05-18,4,5064.0,4.85,14.99,3618.0,2832.0,2219.0,244.0,5.15,5.17,6.68,5.41,8913.0
2025-05-18,5,13279.0,4.96,13.52,4494.0,4068.0,2638.0,318.0,6.28,7.76,7.72,8.45,11518.0
2025-05-18,6,15369.0,5.11,12.76,5250.0,5056.0,2992.0,414.0,7.52,10.0,8.98,10.95,13713.0
2025-05-18,7,13969.0,5.11,13.14,5352.0,5291.0,2922.0,445.0,7.85,10.97,9.32,12.01,14010.0
2025-05-18,8,12962.0,4.86,12.43,5589.0,5558.0,3148.0,480.0,7.8,11.02,9.3,12.1,14775.0
2025-05-18,9,13095.0,4.41,12.25,6141.0,5812.0,3602.0,506.0,8.13,11.2,9.61,12.46,16060.0
2025-05-18,10,13226.0,3.94,12.14,5965.0,5289.0,3466.0,421.0,7.43,9.31,8.99,10.5,15142.0
2025-05-18,11,11987.0,3.72,12.61,5049.0,4327.0,2317.0,370.0,6.17,6.74,7.72,7.47,12062.0
2025-05-18,12,11484.0,3.68,11.91,4683.0,4020.0,1386.0,338.0,5.76,6.06,7.27,6.67,10427.0
2025-05-18,13,11333.0,3.69,11.65,4525.0,4141.0,1266.0,320.0,5.64,6.18,7.13,6.77,10251.0
2025-05-18,14,11347.0,3.73,11.8,4490.0,4066.0,1078.0,320.0,5.62,6.22,7.08,6.77,9953.0
2025-05-18,15,11587.0,3.83,12.33,4309.0,4029.0,905.0,310.0,5.58,6.27,7.03,6.8,9552.0
2025-05-18,16,11788.0,3.97,12.86,4667.0,4227.0,1188.0,340.0,5.96,6.81,7.46,7.41,10423.0
2025-05-18,17,11781.0,3.85,12.73,5299.0,5043.0,2241.0,384.0,6.87,8.96,8.48,9.86,12967.0
2025-05-18,18,11940.0,3.48,12.8,5679.0,5383.0,3196.0,422.0,7.46,10.34,9.05,11.37,14680.0
2025-05-18,19,12084.0,3.0,12.74,5819.0,5405.0,3495.0,439.0,7.59,10.28,9.2,11.41,15158.0
2025-05-18,20,12478.0,2.54,13.3,5807.0,5404.0,3294.0,424.0,7.62,10.25,9.23,11.37,14929.0
2025-05-18,21,12635.0,2.13,13.24,5642.0,5156.0,3605.0,445.0,7.45,10.0,8.94,11.03,14848.0
2025-05-18,22,12794.0,1.91,13.51,4636.0,4140.0,2555.0,368.0,8.13,7.37,7.67,8.01,11699.0
2025-05-18,23,4569.0,2.19,13.86,3902.0,3114.0,1542.0,255.0,6.75,5.0,6.67,5.18,8813.0
2025-05-19,0,2851.0,2.59,13.95,3722.0,2941.0,2097.0,236.0,6.03,4.5,6.21,4.54,8995.0
2025-05-19,1,2858.0,2.94,14.72,3500.0,2603.0,1887.0,209.0,5.99,4.31,6.21,4.4,8199.0
2025-05-19,2,3011.0,3.31,15.69,3371.0,2624.0,1904.0,202.0,6.18,4.39,6.23,4.57,8101.0
2025-05-19,3,3086.0,3.7,16.44,3320.0,2676.0,1992.0,209.0,6.36,4.8,6.54,4.86,8196.0
2025-05-19,4,10136.0,4.44,13.57,3337.0,3031.0,2045.0,262.0,6.43,5.62,6.54,5.71,8675.0
2025-05-19,5,13076.0,5.32,13.48,4520.0,4246.0,2935.0,375.0,6.62,8.12,9.01,8.86,12076.0
2025-05-19,6,13535.0,5.14,12.41,5818.0,5230.0,3722.0,462.0,8.11,10.34,10.99,11.49,15232.0
2025-05-19,7,13308.0,4.71,11.69,6201.0,5568.0,3956.0,479.0,8.87,11.43,10.71,12.87,16204.0
2025-05-19,8,13405.0,4.17,11.38,6436.0,5671.0,3977.0,471.0,8.8,11.58,10.62,13.1,16556.0
2025-05-19,9,13579.0,3.64,11.3,6387.0,5548.0,3937.0,459.0,8.84,11.49,10.7,12.97,16332.0
2025-05-19,10,13701.0,3.24,11.15,5863.0,4999.0,3372.0,436.0,7.51,9.44,9.6,10.63,14670.0
2025-05-19,11,13765.0,3.23,11.16,4880.0,4021.0,1765.0,333.0,6.08,6.66,8.14,7.3,11000.0
2025-05-19,12,13758.0,3.5,11.45,4780.0,3904.0,1484.0,309.0,5.93,6.28,7.98,6.85,10477.0
2025-05-19,13,12627.0,3.69,12.04,4836.0,3972.0,1203.0,321.0,5.95,6.29,7.98,6.89,10331.0
2025-05-19,14,12609.0,3.81,12.22,4741.0,3815.0,1453.0,302.0,5.96,6.32,7.96,6.88,10310.0
2025-05-19,15,12470.0,3.96,12.07,4768.0,3822.0,1398.0,321.0,5.99,6.28,7.96,6.85,10308.0
2025-05-19,16,12595.0,4.09,12.46,5015.0,4030.0,1729.0,346.0,6.19,6.77,8.14,7.4,11119.0
2025-05-19,17,12892.0,3.99,12.91,5748.0,4975.0,3045.0,409.0,7.21,9.01,9.24,9.97,14177.0
2025-05-19,18,13747.0,3.6,14.34,6242.0,5423.0,3930.0,461.0,8.12,10.54,10.01,11.79,16056.0
2025-05-19,19,14151.0,3.28,16.17,6187.0,5428.0,3721.0,443.0,8.19,10.66,10.08,11.84,15779.0
2025-05-19,20,12806.0,2.85,16.65,6137.0,5410.0,3703.0,440.0,8.1,10.57,10.08,11.74,15690.0
2025-05-19,21,13139.0,2.39,17.12,6026.0,5276.0,3676.0,434.0,7.86,10.33,9.84,11.46,15411.0
2025-05-19,22,13009.0,1.96,16.5,5630.0,4914.0,3799.0,432.0,7.81,9.28,9.19,10.33,14775.0
2025-05-19,23,7974.0,2.11,15.56,4077.0,3119.0,2075.0,255.0,6.83,5.11,7.3,5.26,9527.0
2025-05-20,0,5620.0,2.89,13.36,3662.0,2565.0,2057.0,217.0,5.99,4.19,6.63,4.28,8501.0
2025-05-20,1,2912.0,3.43,14.0,3555.0,2746.0,2137.0,213.0,6.21,4.37,6.72,4.5,8651.0
2025-05-20,2,2346.0,3.73,14.93,3552.0,2779.0,2220.0,208.0,6.38,4.58,6.75,4.76,8759.0
2025-05-20,3,2247.0,4.03,14.87,3189.0,2422.0,1888.0,196.0,6.16,4.39,6.72,4.37,7695.0
2025-05-20,4,2381.0,4.29,13.73,3500.0,2690.0,2221.0,227.0,6.55,5.05,7.03,5.12,8638.0
2025-05-20,5,13693.0,4.43,14.44,4863.0,4355.0,3521.0,367.0,8.02,8.33,8.63,9.16,13107.0
2025-05-20,6,15271.0,4.38,11.9,5900.0,5429.0,3705.0,482.0,9.12,10.48,9.87,11.65,15517.0
2025-05-20,7,16911.0,4.21,10.0,6535.0,5803.0,3982.0,532.0,9.78,11.63,10.85,12.54,16852.0
2025-05-20,8,16513.0,4.03,9.32,6617.0,5776.0,4177.0,465.0,9.62,11.46,10.66,12.38,17035.0
2025-05-20,9,16377.0,3.81,8.99,6639.0,5717.0,4175.0,460.0,9.64,11.52,10.64,12.42,16991.0
2025-05-20,10,13172.0,3.54,10.09,5910.0,4760.0,3316.0,386.0,8.65,9.32,9.54,9.93,14373.0
2025-05-20,11,12449.0,3.42,10.41,5090.0,3986.0,2273.0,332.0,7.47,6.55,8.17,6.86,11681.0
2025-05-20,12,12348.0,3.51,10.31,4855.0,3958.0,1938.0,320.0,7.17,6.27,7.81,6.53,11071.0
2025-05-20,13,12348.0,3.64,10.43,4756.0,3846.0,1752.0,320.0,7.09,6.23,7.76,6.47,10674.0
2025-05-20,14,12338.0,3.8,10.56,4723.0,3758.0,1571.0,319.0,7.08,6.26,7.71,6.52,10371.0
2025-05-20,15,12566.0,3.99,11.09,4799.0,3708.0,1564.0,304.0,7.13,6.39,7.75,6.63,10375.0
2025-05-20,16,12601.0,4.13,11.25,5162.0,4210.0,2071.0,358.0,7.59,6.97,8.17,7.54,11800.0
2025-05-20,17,12712.0,3.96,11.4,5968.0,4989.0,3253.0,400.0,8.72,9.2,9.37,10.28,14609.0
2025-05-20,18,12860.0,3.47,12.28,6397.0,5334.0,4119.0,437.0,9.31,10.53,10.1,11.82,16288.0
2025-05-20,19,12853.0,2.93,12.31,6332.0,5332.0,3999.0,421.0,9.3,10.53,10.12,11.72,16085.0
2025-05-20,20,13250.0,2.44,12.77,6238.0,5356.0,3787.0,430.0,9.3,10.58,10.09,11.69,15810.0
2025-05-20,21,12950.0,2.03,12.93,5771.0,4863.0,3545.0,425.0,8.98,9.39,9.43,10.34,14604.0
2025-05-20,22,11326.0,1.82,15.61,4703.0,3776.0,2621.0,348.0,8.34,6.67,8.07,7.29,11448.0
2025-05-20,23,5450.0,1.91,15.78,4276.0,3225.0,2096.0,242.0,6.85,4.85,7.03,5.05,9839.0
2025-05-21,0,4728.0,2.48,13.27,4033.0,2931.0,2317.0,221.0,6.26,4.37,6.75,4.51,9502.0
2025-05-21,1,4670.0,3.07,13.31,3979.0,2976.0,2223.0,217.0,6.4,4.44,6.86,4.69,9395.0
2025-05-21,2,4771.0,3.66,14.09,3774.0,2930.0,2385.0,215.0,6.64,4.81,7.09,4.94,9305.0
2025-05-21,3,4678.0,4.26,13.9,3442.0,2560.0,2170.0,203.0,6.46,4.49,6.9,4.6,8375.0
2025-05-21,4,6255.0,4.93,12.53,3351.0,2941.0,1975.0,248.0,6.49,5.34,6.94,5.52,8515.0
2025-05-21,5,11547.0,5.37,13.47,4364.0,4201.0,2397.0,397.0,6.83,8.33,9.23,8.95,11359.0
2025-05-21,6,13764.0,5.28,12.88,5583.0,5354.0,3296.0,490.0,7.84,10.39,10.96,11.43,14723.0
2025-05-21,7,13339.0,4.88,11.89,6365.0,5736.0,3835.0,485.0,8.93,11.42,11.8,12.91,16421.0
2025-05-21,8,13009.0,4.29,10.91,6660.0,5667.0,3931.0,477.0,9.06,11.49,11.93,13.1,16735.0
2025-05-21,9,13115.0,3.66,10.55,6714.0,5462.0,4036.0,448.0,9.06,11.37,11.9,12.91,16661.0
2025-05-21,10,13214.0,3.16,10.37,5925.0,4776.0,3432.0,381.0,7.73,9.31,10.6,10.43,14514.0
2025-05-21,11,13370.0,3.19,10.56,4598.0,3836.0,1645.0,325.0,6.19,6.51,8.68,7.03,10404.0
2025-05-21,12,12243.0,3.47,11.01,4514.0,3635.0,1183.0,304.0,5.92,5.94,8.27,6.42,9635.0
2025-05-21,13,12037.0,3.65,11.13,4565.0,3579.0,1128.0,290.0,5.89,5.9,8.21,6.38,9562.0
2025-05-21,14,11808.0,3.85,12.0,4667.0,3536.0,1067.0,280.0,5.94,5.93,8.25,6.43,9551.0
2025-05-21,15,11336.0,3.97,13.53,4614.0,3535.0,1081.0,286.0,5.93,5.93,8.24,6.4,9517.0
2025-05-21,16,12096.0,4.08,15.48,4895.0,3928.0,1374.0,353.0,6.25,6.5,8.53,7.12,10551.0
2025-05-21,17,12671.0,3.91,14.33,6109.0,4880.0,3448.0,399.0,7.71,8.99,10.1,10.04,14835.0
2025-05-21,18,13139.0,3.47,13.73,6232.0,5378.0,3812.0,454.0,8.15,10.64,10.48,11.88,15877.0
2025-05-21,19,13515.0,3.03,14.2,6163.0,5340.0,3731.0,456.0,8.18,10.65,10.47,11.83,15689.0
2025-05-21,20,11976.0,2.56,13.94,6104.0,5301.0,3850.0,437.0,8.21,10.7,10.47,11.8,15692.0
2025-05-21,21,11424.0,2.02,12.92,5555.0,4741.0,3514.0,441.0,7.98,9.36,9.83,10.3,14251.0
2025-05-21,22,9118.0,1.62,14.2,4420.0,3728.0,2347.0,334.0,8.3,6.71,8.54,7.26,10829.0
2025-05-21,23,3874.0,1.72,12.5,3730.0,2556.0,1388.0,227.0,6.58,4.44,6.73,4.62,7901.0
2025-05-22,0,3660.0,2.19,11.45,3630.0,2434.0,1982.0,218.0,6.03,4.05,6.36,4.22,8264.0
2025-05-22,1,3610.0,2.65,11.36,3452.0,2330.0,1865.0,202.0,6.03,4.13,6.45,4.21,7848.0
2025-05-22,2,5435.0,3.2,10.81,3170.0,1989.0,1631.0,185.0,5.91,3.98,6.43,4.02,6975.0
2025-05-22,3,6454.0,3.93,10.55,3073.0,1979.0,1533.0,187.0,5.95,3.98,6.42,4.04,6772.0
2025-05-22,4,10475.0,4.67,11.4,3671.0,2880.0,2293.0,268.0,6.74,5.5,7.14,5.86,9111.0
2025-05-22,5,14604.0,4.86,11.81,4798.0,4230.0,3192.0,433.0,8.03,8.23,8.56,9.01,12653.0
2025-05-22,6,15058.0,4.82,10.63,5898.0,5276.0,3684.0,466.0,9.14,10.38,10.63,11.2,15323.0
2025-05-22,7,15182.0,4.56,9.94,6466.0,5683.0,4014.0,478.0,9.74,11.55,11.65,12.41,16640.0
2025-05-22,8,15135.0,4.21,9.55,6612.0,5646.0,4122.0,461.0,9.78,11.47,11.71,12.38,16842.0
2025-05-22,9,15497.0,3.84,9.65,6766.0,5534.0,4190.0,447.0,9.89,11.42,11.87,12.32,16937.0
2025-05-22,10,15148.0,3.56,10.0,6136.0,5093.0,3660.0,433.0,8.98,9.57,10.72,10.38,15322.0
2025-05-22,11,12321.0,3.52,11.09,4981.0,4052.0,2137.0,344.0,7.51,6.66,8.76,7.36,11514.0
2025-05-22,12,11320.0,3.52,11.67,4674.0,3757.0,1995.0,331.0,7.13,5.97,8.28,6.53,10757.0
2025-05-22,13,11624.0,3.57,12.27,4690.0,3725.0,1292.0,310.0,7.16,5.97,8.28,6.52,10017.0
2025-05-22,14,12291.0,3.68,12.2,4634.0,3476.0,2367.0,298.0,6.99,5.78,8.03,6.29,10775.0
2025-05-22,15,11799.0,3.94,13.57,4696.0,3546.0,1275.0,308.0,6.52,6.01,7.93,6.48,9825.0
2025-05-22,16,8033.0,3.87,15.3,4696.0,3572.0,1675.0,347.0,6.54,6.1,7.96,6.58,10290.0
2025-05-22,18,11467.0,2.12,15.84,6578.0,5323.0,4018.0,444.0,8.87,10.58,10.45,11.8,16362.0
2025-05-22,19,17384.0,1.89,14.3,6502.0,5315.0,3939.0,448.0,9.1,10.56,10.61,11.81,16204.0
2025-05-22,20,15296.0,1.73,14.7,6436.0,5328.0,4287.0,473.0,9.28,10.53,10.56,11.7,16524.0
2025-05-22,21,4571.0,1.77,15.76,1175.0,1584.0,10716.0,93.0,4.14,1.78,4.57,1.93,13568.0
2025-05-22,22,3048.0,2.15,15.66,108.0,-45.0,14.0,-14.0,1.6,-0.07,2.06,0.7,63.0
2025-05-22,23,3219.0,2.54,18.17,144.0,-36.0,-11.0,-32.0,0.04,-0.5,0.52,0.42,64.0
2025-05-23,0,3149.0,2.94,17.65,554.0,-28.0,13105.0,-9.0,1.09,-0.03,1.4,0.39,13623.0
2025-05-23,1,6130.0,3.01,15.98,3539.0,1901.0,6526.0,289.0,5.6,3.92,5.31,4.14,12255.0
2025-05-23,2,10604.0,3.04,15.35,3654.0,2334.0,1973.0,307.0,6.41,4.55,5.88,4.84,8268.0
2025-05-23,3,10201.0,3.24,14.32,3497.0,2401.0,2024.0,257.0,6.6,4.82,6.04,5.14,8179.0
2025-05-23,4,12472.0,3.41,11.74,3862.0,2994.0,2619.0,283.0,7.27,5.81,6.66,6.24,9758.0
2025-05-23,5,15770.0,3.69,10.44,5004.0,4307.0,3332.0,411.0,8.84,8.39,8.29,9.15,13054.0
2025-05-23,6,17800.0,3.88,10.75,6039.0,5337.0,3752.0,472.0,9.85,10.35,9.89,11.64,15600.0
2025-05-23,7,17442.0,3.91,10.31,6567.0,5740.0,4112.0,505.0,10.46,11.61,10.69,13.11,16924.0
2025-05-23,8,16726.0,3.84,9.41,6650.0,5830.0,3936.0,479.0,10.49,11.74,10.63,13.28,16894.0
2025-05-23,16,12193.0,4.08,10.77,5181.0,4245.0,2300.0,393.0,7.96,6.96,8.02,7.65,12119.0
2025-05-23,17,12422.0,3.91,10.88,5810.0,4839.0,3282.0,422.0,8.71,8.59,8.87,9.48,14353.0
2025-05-23,18,12646.0,3.82,11.06,6039.0,5099.0,4780.0,424.0,9.0,9.19,9.22,10.12,16342.0
2025-05-23,19,13865.0,3.07,12.91,6262.0,5359.0,3863.0,452.0,9.66,10.59,9.93,11.76,15935.0
2025-05-23,20,11981.0,2.55,14.65,6240.0,5285.0,3677.0,493.0,9.65,10.74,9.92,11.81,15696.0
2025-05-23,21,11166.0,1.89,14.74,5902.0,5042.0,3471.0,426.0,9.36,9.88,9.53,10.88,14840.0
2025-05-23,22,11206.0,1.49,14.93,4569.0,3746.0,2584.0,319.0,8.27,6.79,7.92,7.36,11217.0
2025-05-23,23,8917.0,1.9,15.92,3850.0,2626.0,1512.0,237.0,6.57,4.69,6.84,4.77,8224.0
2025-05-24,0,4683.0,2.73,14.3,3683.0,2458.0,1974.0,228.0,5.97,4.19,6.48,4.22,8343.0
2025-05-24,1,4109.0,3.25,14.18,3632.0,2464.0,2014.0,233.0,6.12,4.34,6.57,4.37,8343.0
2025-05-24,2,4115.0,3.76,14.23,3534.0,2337.0,1984.0,243.0,6.22,4.37,6.62,4.46,8098.0
2025-05-24,3,4166.0,4.28,14.53,3332.0,2226.0,1789.0,210.0,6.23,4.4,6.69,4.4,7557.0
2025-05-24,4,5737.0,4.77,13.18,3755.0,2694.0,2516.0,240.0,6.35,5.01,6.96,5.27,9205.0
2025-05-24,5,13512.0,4.89,12.54,4914.0,4085.0,3383.0,345.0,6.79,8.03,9.39,8.8,12727.0
2025-05-24,6,15576.0,4.75,12.89,6493.0,5068.0,5013.0,475.0,8.11,10.12,10.89,11.58,17049.0
2025-05-24,7,18276.0,4.41,11.8,7655.0,5394.0,6133.0,526.0,10.23,11.19,12.8,14.01,19708.0
2025-05-24,8,17027.0,4.24,13.17,6507.0,5710.0,4243.0,498.0,8.6,11.18,11.27,12.92,16959.0
2025-05-24,9,14525.0,3.99,11.66,6639.0,5801.0,4191.0,486.0,8.75,11.34,11.6,12.97,17117.0
2025-05-24,10,13448.0,3.51,11.38,6457.0,5395.0,3992.0,449.0,7.96,10.4,10.77,11.78,16294.0
2025-05-24,11,12937.0,3.21,11.32,5304.0,4434.0,2471.0,374.0,6.46,7.1,8.83,8.0,12583.0
2025-05-24,12,12910.0,3.24,11.18,4783.0,4077.0,1616.0,363.0,6.05,6.27,8.32,6.9,10841.0
2025-05-24,13,12679.0,3.39,11.09,4699.0,3864.0,1262.0,333.0,6.04,6.15,8.26,6.76,10158.0
2025-05-24,14,12651.0,3.53,11.17,4751.0,3847.0,1254.0,324.0,6.02,6.24,8.21,6.74,10176.0
2025-05-24,15,12707.0,3.71,11.3,4588.0,3821.0,1517.0,324.0,5.99,6.17,8.15,6.7,10250.0
2025-05-24,16,12730.0,3.92,11.55,4647.0,3901.0,1171.0,346.0,6.02,6.45,8.12,6.95,10065.0
2025-05-24,17,12604.0,3.96,11.27,5347.0,4613.0,1867.0,400.0,6.79,7.81,8.96,8.64,12228.0
2025-05-24,18,12986.0,3.64,11.9,5879.0,5188.0,3387.0,445.0,7.71,10.08,9.95,11.19,14899.0
2025-05-24,19,12782.0,3.24,14.4,5683.0,5146.0,3329.0,445.0,7.72,10.32,9.97,11.34,14604.0
2025-05-24,20,10962.0,2.8,15.55,5647.0,5104.0,3267.0,439.0,7.63,10.22,9.95,11.2,14457.0
2025-05-24,21,10535.0,2.29,17.42,5197.0,4601.0,2888.0,394.0,7.07,9.02,9.32,9.78,13079.0
2025-05-24,22,7429.0,1.86,20.22,4274.0,3562.0,2197.0,312.0,5.97,6.51,8.18,7.0,10346.0
2025-05-24,23,5335.0,1.78,17.49,3933.0,2721.0,1621.0,241.0,5.34,4.95,7.18,5.1,8517.0
2025-05-25,0,4923.0,2.38,15.09,3649.0,2628.0,1995.0,237.0,5.02,4.44,6.5,4.55,8509.0
2025-05-25,1,4838.0,2.99,14.86,3566.0,2705.0,2119.0,279.0,5.07,4.73,6.61,4.67,8670.0
2025-05-25,2,4742.0,3.59,14.68,3291.0,2305.0,1775.0,210.0,5.02,4.35,6.5,4.43,7581.0
2025-05-25,3,6056.0,4.22,14.77,3238.0,2312.0,1756.0,202.0,5.11,4.49,6.58,4.6,7508.0
2025-05-25,4,9560.0,5.11,14.02,3574.0,2910.0,2270.0,250.0,5.36,5.48,6.62,5.8,9004.0
2025-05-25,5,13171.0,5.46,15.62,4521.0,4103.0,2840.0,345.0,6.62,8.07,7.39,8.79,11809.0
2025-05-25,6,13077.0,5.39,15.3,5401.0,5058.0,3191.0,424.0,7.82,10.09,9.03,11.09,14074.0
2025-05-25,7,12591.0,5.05,14.18,5696.0,5329.0,3495.0,458.0,8.44,11.02,9.71,12.11,14978.0
2025-05-25,8,12480.0,4.67,13.54,5873.0,5469.0,3593.0,474.0,8.33,11.09,9.69,12.19,15410.0
2025-05-25,9,12614.0,4.27,13.38,6039.0,5553.0,3822.0,449.0,8.12,11.13,9.42,12.34,15863.0
2025-05-25,10,12658.0,3.76,13.07,6041.0,5497.0,3624.0,440.0,7.71,10.43,9.04,11.6,15602.0
2025-05-25,11,12687.0,3.47,12.94,5145.0,4588.0,2280.0,369.0,6.54,7.73,7.47,8.48,12382.0
2025-05-25,12,11447.0,3.51,13.29,4579.0,3982.0,883.0,329.0,5.94,6.22,6.76,6.77,9774.0
2025-05-25,13,11241.0,3.58,13.3,4466.0,3788.0,1454.0,337.0,5.88,6.02,6.69,6.58,10045.0
2025-05-25,14,11778.0,3.66,14.5,4529.0,3811.0,1221.0,312.0,5.9,6.08,6.71,6.59,9872.0
2025-05-25,15,11955.0,3.8,14.22,4573.0,3861.0,1431.0,320.0,5.95,6.08,6.75,6.64,10185.0
2025-05-25,16,12420.0,3.98,14.01,4615.0,3958.0,1831.0,326.0,6.07,6.34,6.85,6.98,10730.0
2025-05-25,17,12695.0,3.99,14.74,5424.0,4504.0,2292.0,420.0,7.0,7.97,7.95,8.79,12640.0
2025-05-25,18,13036.0,3.69,15.23,5721.0,5264.0,3101.0,422.0,7.7,10.26,8.93,11.31,14508.0
2025-05-25,19,12235.0,3.33,15.4,5691.0,5175.0,3276.0,422.0,7.61,10.17,8.8,11.23,14563.0
2025-05-25,20,10587.0,2.86,15.95,5686.0,5280.0,3040.0,420.0,7.58,10.09,8.81,11.17,14426.0
2025-05-25,21,9655.0,2.16,16.25,5433.0,4835.0,3110.0,424.0,7.15,9.36,8.2,10.22,13801.0
2025-05-25,22,9844.0,1.74,16.8,4453.0,3800.0,1879.0,318.0,6.18,6.83,6.98,7.36,10450.0
2025-05-25,23,4140.0,1.94,17.7,3737.0,2674.0,1314.0,246.0,5.29,4.74,5.81,4.84,7972.0
2025-05-26,0,3640.0,2.41,15.53,3539.0,2557.0,1825.0,230.0,5.01,4.28,5.47,4.4,8151.0
2025-05-26,1,4348.0,2.9,15.35,3423.0,2442.0,1744.0,226.0,5.0,4.3,5.54,4.37,7835.0
2025-05-26,2,4928.0,3.49,15.63,3277.0,2285.0,1677.0,209.0,5.09,4.48,5.61,4.51,7448.0
2025-05-26,3,4975.0,4.11,15.83,3334.0,2246.0,1729.0,213.0,5.17,4.65,5.75,4.67,7521.0
2025-05-26,4,7907.0,4.73,15.02,3614.0,2770.0,2488.0,250.0,5.59,5.57,6.17,5.82,9122.0
2025-05-26,5,14585.0,5.08,14.22,4556.0,4184.0,3005.0,342.0,6.72,8.14,7.48,8.89,12087.0
2025-05-26,6,15275.0,5.16,12.77,5530.0,5294.0,3390.0,482.0,7.83,10.34,9.02,11.38,14696.0
2025-05-26,7,14422.0,5.0,11.91,6086.0,5570.0,3680.0,523.0,8.49,11.52,9.88,12.89,15859.0
2025-05-26,8,13186.0,4.58,10.54,6149.0,5572.0,3721.0,459.0,8.42,11.56,9.79,12.97,15901.0
2025-05-26,9,13215.0,4.11,10.18,6161.0,5395.0,3813.0,461.0,8.21,11.3,9.55,12.72,15830.0
2025-05-26,10,13504.0,3.72,10.19,5796.0,4980.0,3448.0,417.0,7.45,9.82,8.53,11.05,14641.0
2025-05-26,11,13491.0,3.72,10.83,4799.0,4010.0,1875.0,337.0,6.2,6.93,6.9,7.6,11022.0
2025-05-26,12,12041.0,3.88,11.59,4628.0,3749.0,1488.0,340.0,5.91,6.16,6.58,6.72,10204.0
2025-05-26,13,12228.0,4.02,12.07,4648.0,3690.0,1423.0,316.0,5.96,6.24,6.62,6.8,10076.0
2025-05-26,14,11707.0,4.16,12.74,4602.0,3652.0,1411.0,315.0,6.02,6.29,6.67,6.81,9981.0
2025-05-26,15,12025.0,4.29,13.76,4508.0,3675.0,1365.0,299.0,6.0,6.22,6.64,6.75,9847.0
2025-05-26,16,12450.0,4.44,14.85,4816.0,4033.0,1774.0,364.0,6.23,6.83,6.91,7.46,10988.0
2025-05-26,17,12975.0,4.39,16.04,5396.0,4815.0,2724.0,406.0,7.12,8.94,8.06,9.85,13342.0
2025-05-26,18,11747.0,4.02,17.05,5866.0,5329.0,3369.0,450.0,7.77,10.58,8.99,11.66,15013.0
2025-05-26,19,11540.0,3.46,17.02,5748.0,5246.0,3714.0,428.0,7.74,10.45,8.99,11.55,15136.0
2025-05-26,20,11577.0,2.95,17.07,5667.0,5205.0,3229.0,434.0,7.7,10.35,8.94,11.39,14534.0
2025-05-26,21,9395.0,2.32,17.22,5417.0,4837.0,3233.0,400.0,7.32,9.69,8.39,10.58,13886.0
2025-05-26,22,9710.0,1.83,18.21,4461.0,3809.0,2378.0,375.0,6.38,7.06,6.96,7.63,11022.0
2025-05-26,23,3902.0,1.86,16.82,4026.0,3102.0,1987.0,270.0,5.98,5.44,6.19,5.62,9385.0
2025-05-27,0,2410.0,2.18,16.19,3770.0,2839.0,2233.0,234.0,5.56,4.72,5.67,4.84,9077.0
2025-05-27,1,2299.0,2.47,15.35,3507.0,2578.0,2032.0,233.0,5.6,4.67,5.71,4.77,8350.0
2025-05-27,2,3848.0,2.8,14.63,3373.0,2610.0,1893.0,220.0,5.56,4.59,5.77,4.69,8096.0
2025-05-27,3,6449.0,3.5,13.57,3214.0,2525.0,1806.0,205.0,5.58,4.57,5.71,4.63,7750.0
2025-05-27,4,6346.0,4.3,13.69,3403.0,2745.0,2193.0,235.0,5.74,5.07,5.87,5.16,8576.0
2025-05-27,5,13190.0,4.62,14.95,4581.0,4279.0,3065.0,360.0,6.49,8.33,7.52,9.15,12283.0
2025-05-27,6,14108.0,4.54,13.23,5518.0,5278.0,3337.0,467.0,7.68,10.41,9.04,11.46,14599.0
2025-05-27,7,16370.0,4.4,10.85,6102.0,5570.0,3692.0,481.0,8.44,11.52,9.92,12.29,15845.0
2025-05-27,8,16066.0,4.32,9.99,6096.0,5514.0,3848.0,464.0,8.36,11.39,9.83,12.19,15922.0
2025-05-27,9,16685.0,4.25,10.67,6114.0,5392.0,3624.0,434.0,8.3,11.37,9.76,12.17,15564.0
2025-05-27,10,15493.0,4.29,11.82,5655.0,4855.0,3240.0,384.0,7.37,9.78,8.76,10.38,14134.0
2025-05-27,11,11813.0,4.36,13.01,4559.0,3895.0,1604.0,341.0,5.83,6.65,6.74,7.24,10399.0
2025-05-27,12,10659.0,4.39,13.44,4639.0,3804.0,1396.0,305.0,5.6,6.17,6.5,6.78,10143.0
2025-05-27,13,10115.0,4.29,13.56,4643.0,3820.0,1410.0,293.0,5.6,6.13,6.48,6.73,10166.0
2025-05-27,14,10389.0,4.2,14.26,4554.0,3695.0,1284.0,303.0,5.69,6.26,6.56,6.81,9837.0
2025-05-27,15,10695.0,4.18,15.04,4535.0,3681.0,1204.0,308.0,5.66,6.13,6.55,6.68,9728.0
2025-05-27,16,10606.0,4.13,14.7,4850.0,4056.0,1964.0,382.0,5.89,6.78,6.75,7.46,11251.0
2025-05-27,17,10609.0,3.78,14.41,5485.0,4888.0,2885.0,426.0,6.78,8.98,7.89,9.93,13683.0
2025-05-27,18,12486.0,3.25,14.06,5951.0,5338.0,3589.0,451.0,7.6,10.63,8.93,11.76,15329.0
2025-05-27,19,13202.0,2.83,14.71,5894.0,5356.0,3658.0,451.0,7.61,10.67,8.97,11.73,15358.0
2025-05-27,20,13881.0,2.5,16.01,5847.0,5375.0,3521.0,450.0,7.66,10.66,8.98,11.73,15193.0
2025-05-27,21,13979.0,2.25,16.03,5591.0,4910.0,3354.0,428.0,7.21,9.58,8.45,10.56,14283.0
2025-05-27,22,11539.0,2.12,16.71,4831.0,4124.0,2493.0,340.0,6.15,7.13,7.13,7.84,11787.0
2025-05-27,23,8644.0,2.36,15.65,3949.0,2811.0,1716.0,235.0,5.07,4.82,5.9,4.91,8711.0
2025-05-28,0,5765.0,3.22,13.52,3816.0,2757.0,2121.0,220.0,4.87,4.25,5.58,4.49,8914.0
2025-05-28,1,3629.0,3.8,13.21,3656.0,2650.0,2169.0,270.0,4.95,4.61,5.72,4.63,8745.0
2025-05-28,2,2601.0,4.16,13.09,3536.0,2645.0,2135.0,243.0,5.01,4.52,5.74,4.72,8558.0
2025-05-28,3,2581.0,4.48,12.9,3396.0,2421.0,2001.0,206.0,4.93,4.43,5.72,4.56,8024.0
2025-05-28,4,4592.0,4.78,12.53,3643.0,2787.0,2572.0,246.0,5.3,5.35,6.1,5.5,9247.0
2025-05-28,5,12093.0,4.73,12.58,4840.0,4221.0,3411.0,376.0,6.77,8.21,7.93,9.13,12849.0
2025-05-28,6,16875.0,4.6,11.24,6063.0,5331.0,4009.0,480.0,8.21,10.65,9.67,11.94,15882.0
2025-05-28,7,16856.0,4.55,10.18,6479.0,5751.0,4070.0,491.0,8.82,11.62,10.41,13.13,16791.0
2025-05-28,8,16741.0,4.41,9.89,6505.0,5683.0,4188.0,469.0,8.6,11.37,10.14,12.87,16846.0
2025-05-28,9,13168.0,4.08,11.52,6523.0,5543.0,4073.0,450.0,8.38,11.04,9.83,12.5,16589.0
2025-05-28,10,12969.0,3.58,11.65,5986.0,4870.0,3334.0,411.0,7.49,9.36,8.8,10.55,14601.0
2025-05-28,11,12995.0,3.54,11.64,4742.0,3827.0,1693.0,350.0,5.94,6.49,6.86,7.04,10613.0
2025-05-28,12,12946.0,3.76,11.68,4704.0,3716.0,1454.0,313.0,5.74,6.06,6.6,6.59,10187.0
2025-05-28,13,12363.0,3.97,13.42,4687.0,3628.0,1376.0,305.0,5.68,5.85,6.51,6.38,9996.0
2025-05-28,14,12329.0,4.14,14.35,4731.0,3534.0,1065.0,303.0,5.7,5.77,6.55,6.27,9633.0
2025-05-28,15,12448.0,4.34,15.26,4663.0,3532.0,2429.0,340.0,5.73,5.72,6.55,6.21,10963.0
2025-05-28,16,12016.0,4.42,15.4,5323.0,4072.0,2282.0,355.0,6.33,6.65,7.32,7.34,12031.0
2025-05-28,17,12254.0,4.1,14.91,6281.0,4958.0,3475.0,413.0,7.66,8.95,9.03,10.08,15127.0
2025-05-28,18,12328.0,3.54,14.73,6211.0,5365.0,3850.0,448.0,7.98,10.48,9.35,11.68,15874.0
2025-05-28,19,12084.0,2.98,14.1,6156.0,5308.0,3600.0,450.0,7.9,10.45,9.26,11.6,15514.0
2025-05-28,20,12421.0,2.44,14.12,6075.0,5409.0,3746.0,461.0,8.02,10.48,9.39,11.58,15691.0
2025-05-28,21,12739.0,1.99,14.59,5697.0,4947.0,3352.0,427.0,7.34,9.46,8.61,10.41,14423.0
2025-05-28,22,10678.0,1.78,14.14,4490.0,3780.0,2323.0,369.0,5.95,6.62,6.9,7.17,10962.0
2025-05-28,23,5186.0,1.92,14.13,3901.0,2727.0,1556.0,244.0,5.18,4.78,5.87,4.91,8428.0
2025-05-29,0,4545.0,2.48,12.9,3726.0,2630.0,2063.0,247.0,4.86,4.26,5.53,4.35,8666.0
2025-05-29,1,4636.0,3.06,13.55,3629.0,2654.0,2077.0,224.0,4.94,4.41,5.49,4.5,8584.0
2025-05-29,2,4631.0,3.63,13.86,3485.0,2582.0,2036.0,215.0,5.01,4.39,5.51,4.6,8319.0
2025-05-29,3,4699.0,4.22,14.59,3387.0,2500.0,1998.0,215.0,5.03,4.5,5.76,4.62,8099.0
2025-05-29,4,8799.0,4.91,14.4,3597.0,3123.0,2273.0,274.0,5.29,5.93,6.03,6.06,9267.0
2025-05-29,5,13169.0,5.19,13.52,4574.0,4377.0,2882.0,386.0,6.45,8.47,7.35,9.22,12220.0
2025-05-29,6,13362.0,5.0,12.24,5753.0,5368.0,3535.0,492.0,7.67,10.26,8.93,11.5,15149.0
2025-05-29,7,13450.0,4.53,11.9,6442.0,5732.0,3862.0,524.0,8.8,11.51,10.31,13.02,16560.0
2025-05-29,8,13509.0,4.0,11.6,6433.0,5556.0,4042.0,508.0,8.67,11.34,10.15,12.82,16540.0
2025-05-29,9,13616.0,3.5,11.35,6435.0,5492.0,4063.0,461.0,8.57,11.24,10.01,12.71,16451.0
2025-05-29,10,13725.0,3.11,11.32,5782.0,4813.0,3355.0,420.0,7.37,9.28,8.61,10.37,14370.0
2025-05-29,11,12940.0,3.15,11.87,4677.0,3732.0,1762.0,341.0,5.92,6.41,6.72,6.97,10511.0
2025-05-29,12,12592.0,3.41,12.2,4506.0,3406.0,1218.0,303.0,5.54,5.57,6.26,6.04,9433.0
2025-05-29,13,11208.0,3.63,13.0,4484.0,3404.0,1166.0,293.0,5.54,5.56,6.25,6.03,9348.0
2025-05-29,14,11618.0,3.77,14.24,4488.0,3406.0,1680.0,288.0,5.6,5.63,6.32,6.1,9862.0
2025-05-29,15,11845.0,3.97,14.94,4480.0,3407.0,980.0,332.0,5.59,5.58,6.3,6.04,9199.0
2025-05-29,16,12166.0,4.12,15.97,5059.0,3852.0,1914.0,361.0,6.07,6.48,6.91,7.1,11185.0
2025-05-29,17,12489.0,3.92,16.67,6124.0,4736.0,3452.0,421.0,7.51,8.78,8.79,9.85,14734.0
2025-05-29,18,12584.0,3.42,16.6,6169.0,5267.0,3795.0,453.0,8.04,10.48,9.44,11.7,15684.0
2025-05-29,19,13084.0,2.97,17.59,6074.0,5238.0,3729.0,442.0,7.95,10.33,9.29,11.53,15483.0
2025-05-29,20,12637.0,2.55,16.33,6045.0,5314.0,3450.0,485.0,7.92,10.37,9.22,11.47,15294.0
2025-05-29,21,9719.0,1.91,16.32,5703.0,4934.0,3527.0,420.0,7.37,9.57,8.65,10.53,14583.0
2025-05-29,22,9690.0,1.38,16.04,4581.0,3860.0,2495.0,355.0,6.81,7.04,7.05,7.61,11291.0
2025-05-29,23,5286.0,1.55,15.38,3760.0,2641.0,1632.0,279.0,6.57,4.79,5.71,4.76,8312.0
2025-05-30,0,4546.0,2.15,14.12,3756.0,2784.0,2210.0,242.0,6.1,4.33,5.48,4.42,8993.0
2025-05-30,1,4750.0,2.73,14.27,3496.0,2724.0,2007.0,222.0,6.09,4.19,5.5,4.36,8449.0
2025-05-30,2,4870.0,3.33,14.79,3322.0,2436.0,1780.0,211.0,6.14,4.21,5.47,4.33,7748.0
2025-05-30,3,6213.0,4.02,14.74,3159.0,2128.0,1653.0,201.0,6.05,4.1,5.53,4.17,7141.0
2025-05-30,4,9338.0,4.71,13.44,3790.0,3021.0,2531.0,275.0,6.69,5.56,6.09,5.91,9617.0
2025-05-30,5,14985.0,4.89,11.22,4931.0,4399.0,3358.0,370.0,7.84,8.43,7.76,9.23,13059.0
2025-05-30,6,16239.0,4.97,11.67,5795.0,5326.0,3668.0,490.0,8.91,10.44,9.38,11.55,15278.0
2025-05-30,7,15381.0,4.83,11.45,6297.0,5747.0,3909.0,525.0,9.46,11.42,10.34,12.96,16477.0
2025-05-30,8,14968.0,4.5,11.28,6420.0,5715.0,4100.0,492.0,9.41,11.47,10.25,13.01,16727.0
2025-05-30,9,12906.0,4.04,11.48,6522.0,5646.0,4001.0,478.0,9.3,11.43,10.16,12.96,16646.0
2025-05-30,10,12850.0,3.51,11.39,5858.0,4895.0,3385.0,417.0,8.31,9.23,8.66,10.43,14555.0
2025-05-30,11,12909.0,3.42,11.32,4982.0,3952.0,2258.0,352.0,7.3,6.62,7.1,7.24,11544.0
2025-05-30,12,12894.0,3.6,11.49,4629.0,3739.0,1232.0,337.0,6.86,5.77,6.52,6.3,9937.0
2025-05-30,13,12859.0,3.84,11.67,4819.0,3625.0,1590.0,313.0,6.86,5.72,6.52,6.27,10346.0
2025-05-30,14,12939.0,4.07,12.0,4772.0,3567.0,1277.0,313.0,6.88,5.7,6.54,6.25,9929.0
2025-05-30,15,13707.0,4.4,13.63,4678.0,3445.0,1469.0,317.0,6.83,5.66,6.49,6.16,9909.0
2025-05-30,16,12426.0,4.63,14.69,5300.0,3999.0,2276.0,383.0,7.44,6.64,7.16,7.34,11956.0
2025-05-30,17,12526.0,4.37,15.09,6162.0,4926.0,3554.0,445.0,8.64,9.03,8.92,10.12,15087.0
2025-05-30,18,12752.0,3.87,15.21,6242.0,5325.0,3781.0,460.0,8.93,10.52,9.43,11.75,15808.0
2025-05-30,19,13641.0,3.44,17.09,6137.0,5296.0,3851.0,467.0,8.9,10.5,9.39,11.69,15752.0
2025-05-30,20,13760.0,3.1,17.17,6004.0,5290.0,3549.0,457.0,8.88,10.47,9.35,11.62,15300.0
2025-05-30,21,13671.0,2.81,16.66,5639.0,4892.0,3535.0,466.0,8.46,9.65,8.78,10.65,14531.0
2025-05-30,22,12600.0,2.71,15.57,4677.0,4043.0,2798.0,374.0,7.31,7.25,7.09,7.9,11892.0
2025-05-30,23,2549.0,2.89,15.52,3968.0,2860.0,1958.0,295.0,6.33,5.02,5.89,5.05,9081.0
2025-05-31,0,2182.0,3.17,14.7,3783.0,2779.0,2236.0,236.0,5.91,4.18,5.34,4.42,9033.0
2025-05-31,1,2196.0,3.44,15.03,3716.0,2837.0,2234.0,232.0,6.04,4.68,5.66,4.64,9019.0
2025-05-31,2,2264.0,3.72,15.82,3439.0,2527.0,1945.0,230.0,6.02,4.46,5.59,4.5,8141.0
2025-05-31,3,4107.0,4.1,15.19,3329.0,2374.0,1812.0,218.0,6.05,4.34,5.52,4.5,7733.0
2025-05-31,4,7982.0,4.68,12.65,3552.0,3078.0,2104.0,282.0,5.94,5.77,5.84,5.95,9017.0
2025-05-31,5,13297.0,4.95,12.48,4457.0,4330.0,2663.0,380.0,6.19,8.07,7.14,8.77,11830.0
2025-05-31,6,13925.0,4.96,13.12,5300.0,5045.0,2804.0,439.0,7.36,9.99,8.68,10.9,13589.0
2025-05-31,7,13743.0,4.82,12.72,5493.0,5455.0,3074.0,480.0,7.82,11.02,9.18,12.05,14502.0
2025-05-31,8,13673.0,4.57,12.36,5864.0,5514.0,3411.0,477.0,8.0,11.05,9.4,12.22,15266.0
2025-05-31,9,13630.0,4.22,12.0,6080.0,5542.0,3560.0,461.0,7.94,10.9,9.3,12.08,15644.0
2025-05-31,10,13465.0,3.87,11.4,5752.0,5184.0,3312.0,465.0,7.1,9.65,8.36,10.68,14713.0
2025-05-31,11,13581.0,3.81,11.52,4852.0,4245.0,2062.0,354.0,5.89,6.86,6.71,7.57,11514.0
2025-05-31,12,12658.0,4.01,11.95,4659.0,4014.0,1427.0,363.0,5.67,6.24,6.45,6.84,10463.0
2025-05-31,13,12238.0,4.13,12.1,4614.0,4043.0,1458.0,349.0,5.74,6.33,6.52,6.93,10464.0
2025-05-31,14,12222.0,4.25,12.03,4633.0,3915.0,1402.0,348.0,5.75,6.3,6.54,6.87,10299.0
2025-05-31,15,12373.0,4.39,12.48,4612.0,4002.0,1299.0,331.0,5.82,6.39,6.6,6.97,10244.0
2025-05-31,16,11348.0,4.46,13.27,4821.0,4251.0,1586.0,337.0,5.97,6.76,6.82,7.43,10994.0
2025-05-31,17,11013.0,4.25,13.27,5434.0,4792.0,2064.0,417.0,6.68,8.42,7.76,9.27,12706.0
2025-05-31,18,11668.0,3.79,14.54,5763.0,5221.0,3308.0,442.0,7.54,10.13,8.84,11.18,14734.0
2025-05-31,19,11397.0,3.32,15.22,5588.0,5053.0,3324.0,443.0,7.58,10.13,8.98,11.14,14408.0
2025-05-31,20,11269.0,2.83,15.85,5550.0,4992.0,3159.0,411.0,7.61,10.03,8.95,11.06,14112.0
2025-05-31,21,11777.0,2.47,17.01,5056.0,4491.0,2615.0,377.0,6.82,8.74,8.03,9.5,12539.0
2025-05-31,22,10909.0,2.41,18.14,4208.0,3592.0,1800.0,336.0,5.82,6.57,6.66,7.05,9935.0
2025-05-31,23,8087.0,2.76,19.03,3840.0,2872.0,1202.0,257.0,5.23,5.17,5.93,5.33,8172.0
