date,hour,LA_Qin,LA_Level,LA_Inlet,LA_F_1500,LA_F_1200,LA_P_1500,LA_P_1200,TotalFlow
2026-03-01,0,3834.0,3.01,19.2,5887.0,2165.0,6.0,4.86,8052.0
2026-03-01,1,3845.0,3.35,19.06,5554.0,2087.0,5.9,4.76,7641.0
2026-03-01,2,3888.0,3.7,19.45,5558.0,2094.0,6.32,5.17,7652.0
2026-03-01,3,3887.0,4.05,19.41,5484.0,2068.0,6.52,5.38,7552.0
2026-03-01,4,3859.0,4.4,19.21,5462.0,2056.0,6.47,5.31,7518.0
2026-03-01,5,3830.0,4.75,19.15,5215.0,1984.0,7.21,6.05,7199.0
2026-03-01,6,3812.0,5.09,19.13,7175.0,2673.0,10.15,9.0,9848.0
2026-03-01,7,13735.0,5.19,18.68,11370.0,4466.0,16.65,15.88,15836.0
2026-03-01,8,13578.0,4.89,18.35,12969.0,5084.0,18.87,18.21,18053.0
2026-03-01,9,13569.0,4.51,18.25,13226.0,5196.0,18.86,18.23,18422.0
2026-03-01,10,13553.0,4.1,18.18,13115.0,5138.0,18.07,17.45,18252.0
2026-03-01,11,13696.0,3.78,18.13,11968.0,4700.0,15.71,15.03,16668.0
2026-03-01,12,13888.0,3.64,18.23,10728.0,4203.0,13.06,12.34,14930.0
2026-03-01,13,653.0,3.67,18.25,10578.0,3923.0,12.67,11.65,14501.0
2026-03-01,14,153.0,3.7,18.51,10544.0,3893.0,12.71,11.69,14437.0
2026-03-01,15,154.0,3.73,18.92,10420.0,3834.0,12.59,11.58,14254.0
2026-03-01,16,169.0,3.76,18.79,10365.0,3851.0,12.65,11.65,14216.0
2026-03-01,17,13880.0,3.71,18.42,11748.0,4682.0,15.87,15.25,16429.0
2026-03-01,18,14779.0,3.47,18.33,13202.0,5213.0,18.95,18.4,18415.0
2026-03-01,19,14818.0,3.2,18.43,12990.0,5093.0,18.94,18.37,18083.0
2026-03-01,20,14591.0,2.98,19.2,12491.0,4890.0,18.03,17.41,17380.0
2026-03-01,21,13720.0,2.79,19.56,11510.0,4484.0,16.22,15.5,15994.0
2026-03-01,22,7910.0,2.76,19.08,10714.0,4068.0,13.77,12.87,14781.0
2026-03-01,23,1966.0,2.87,20.62,8465.0,3152.0,10.06,8.97,11617.0
2026-03-02,0,4531.0,3.17,19.24,5995.0,2212.0,6.3,5.18,8206.0
2026-03-02,1,4748.0,3.59,20.28,5835.0,2187.0,6.47,5.35,8022.0
2026-03-02,2,4677.0,4.02,20.01,5552.0,2091.0,6.52,5.38,7643.0
2026-03-02,3,4677.0,4.45,19.86,5357.0,2012.0,6.59,5.44,7369.0
2026-03-02,4,4026.0,4.86,18.13,7412.0,2732.0,9.3,8.17,10144.0
2026-03-02,5,13321.0,5.02,17.3,10425.0,4060.0,15.16,14.38,14485.0
2026-03-02,6,14520.0,4.88,17.25,12633.0,4885.0,18.75,18.08,17518.0
2026-03-02,7,14439.0,4.61,16.99,13172.0,5157.0,18.9,18.27,18329.0
2026-03-02,8,14452.0,4.28,17.01,13352.0,5293.0,19.03,18.4,18644.0
2026-03-02,9,15184.0,3.98,15.97,12791.0,5076.0,18.0,17.35,17867.0
2026-03-02,10,14373.0,3.86,16.76,11238.0,4518.0,14.53,13.86,15756.0
2026-03-02,11,860.0,3.91,17.41,9949.0,3728.0,11.62,10.57,13678.0
2026-03-02,12,161.0,3.93,17.55,10319.0,3827.0,11.86,10.83,14146.0
2026-03-02,13,177.0,3.96,17.68,10314.0,3841.0,11.99,10.96,14155.0
2026-03-02,14,167.0,3.99,17.63,10208.0,3841.0,11.89,10.87,14049.0
2026-03-02,15,180.0,4.01,17.61,10224.0,3836.0,11.96,10.94,14059.0
2026-03-02,16,392.0,4.04,17.5,10282.0,3841.0,12.15,11.15,14123.0
2026-03-02,17,13789.0,3.93,17.56,12021.0,4789.0,15.88,15.26,16810.0
2026-03-02,18,14497.0,3.59,16.9,13279.0,5269.0,18.94,18.4,18547.0
2026-03-02,19,14710.0,3.31,17.17,12993.0,5069.0,18.89,18.31,18061.0
2026-03-02,20,14682.0,3.05,17.53,13037.0,5091.0,18.85,18.27,18129.0
2026-03-02,21,13407.0,2.81,18.3,11776.0,4640.0,16.67,15.97,16416.0
2026-03-02,22,12576.0,2.64,18.77,10241.0,4031.0,13.03,12.22,14273.0
2026-03-02,23,3155.0,2.76,20.08,7289.0,2748.0,8.3,7.19,10037.0
2026-03-03,0,3522.0,3.06,19.62,5455.0,1976.0,5.46,4.33,7431.0
2026-03-03,1,3485.0,3.38,18.74,5258.0,1930.0,5.43,4.31,7188.0
2026-03-03,2,3504.0,3.7,19.07,5213.0,1968.0,5.78,4.64,7181.0
2026-03-03,3,3564.0,4.02,19.48,5242.0,1985.0,6.07,4.93,7227.0
2026-03-03,4,3568.0,4.34,19.45,5238.0,1976.0,6.09,4.94,7214.0
2026-03-03,5,3603.0,4.67,19.94,5157.0,1982.0,6.82,5.67,7139.0
2026-03-03,6,3411.0,4.99,19.0,7625.0,2865.0,10.29,9.15,10490.0
2026-03-03,7,14146.0,5.06,18.13,11619.0,4572.0,16.32,15.56,16191.0
2026-03-03,8,14543.0,4.78,17.54,13182.0,5225.0,18.86,18.22,18408.0
2026-03-03,9,14841.0,4.48,16.76,13290.0,5249.0,18.88,18.25,18538.0
2026-03-03,10,14886.0,4.19,16.83,13141.0,5138.0,18.07,17.45,18279.0
2026-03-03,11,14844.0,3.99,16.85,12158.0,4743.0,16.14,15.48,16901.0
2026-03-03,12,14224.0,3.91,16.71,10900.0,4294.0,13.37,12.63,15195.0
2026-03-03,13,189.0,3.99,17.67,10106.0,3726.0,11.83,10.8,13832.0
2026-03-03,14,177.0,4.01,17.63,10003.0,3706.0,11.85,10.83,13709.0
2026-03-03,15,149.0,4.04,17.67,10012.0,3692.0,11.89,10.89,13704.0
2026-03-03,16,161.0,4.07,17.37,10184.0,3800.0,12.13,11.14,13984.0
2026-03-03,17,11556.0,3.93,18.18,11964.0,4711.0,15.94,15.32,16675.0
2026-03-03,18,12261.0,3.44,17.98,13316.0,5235.0,18.9,18.39,18551.0
2026-03-03,19,14087.0,3.0,16.76,13050.0,5142.0,18.85,18.29,18192.0
2026-03-03,20,14296.0,2.7,17.07,12613.0,4960.0,17.99,17.39,17573.0
2026-03-03,21,14589.0,2.52,17.59,11667.0,4518.0,16.17,15.48,16185.0
2026-03-03,22,8439.0,2.52,18.63,10695.0,4005.0,13.71,12.83,14700.0
2026-03-03,23,1823.0,2.6,19.98,8663.0,3199.0,10.3,9.22,11862.0
2026-03-04,0,4701.0,2.9,18.94,6089.0,2246.0,6.2,5.08,8335.0
2026-03-04,1,4767.0,3.33,19.06,5923.0,2195.0,6.39,5.27,8117.0
2026-03-04,2,4869.0,3.77,19.65,5763.0,2125.0,6.74,5.61,7888.0
2026-03-04,3,4959.0,4.22,20.29,5589.0,2080.0,6.81,5.67,7669.0
2026-03-04,4,6809.0,4.65,18.56,7721.0,2882.0,9.58,8.51,10603.0
2026-03-04,5,14119.0,4.76,18.9,10716.0,4196.0,15.37,14.58,14912.0
2026-03-04,6,14066.0,4.57,18.22,12829.0,5034.0,18.74,18.1,17863.0
2026-03-04,7,13612.0,4.21,17.25,13266.0,5178.0,18.85,18.24,18444.0
2026-03-04,8,14554.0,3.82,15.99,13335.0,5267.0,19.0,18.38,18602.0
2026-03-04,9,15609.0,3.58,15.06,12716.0,5071.0,17.96,17.29,17787.0
2026-03-04,10,14881.0,3.51,15.6,11254.0,4506.0,14.59,13.81,15760.0
2026-03-04,11,179.0,3.59,17.72,9970.0,3718.0,11.79,10.73,13688.0
2026-03-04,12,169.0,3.62,17.77,10098.0,3723.0,11.67,10.63,13821.0
2026-03-04,13,151.0,3.65,17.83,10099.0,3778.0,11.69,10.65,13877.0
2026-03-04,14,169.0,3.68,18.22,10231.0,3834.0,11.94,10.92,14064.0
2026-03-04,15,176.0,3.7,18.58,10235.0,3853.0,11.98,10.96,14088.0
2026-03-04,16,883.0,3.73,18.53,10270.0,3869.0,12.12,11.13,14139.0
2026-03-04,17,12902.0,3.59,19.05,11990.0,4811.0,15.82,15.19,16801.0
2026-03-04,18,14412.0,3.2,17.57,13334.0,5317.0,18.92,18.39,18651.0
2026-03-04,19,15195.0,2.92,16.83,13055.0,5154.0,18.85,18.28,18209.0
2026-03-04,20,15276.0,2.7,16.72,12981.0,5099.0,18.82,18.23,18080.0
2026-03-04,21,15154.0,2.53,16.59,12094.0,4756.0,17.01,16.36,16850.0
2026-03-04,22,15306.0,2.54,17.58,10490.0,4134.0,13.22,12.43,14624.0
2026-03-04,23,6157.0,2.87,17.51,7952.0,2976.0,9.0,7.9,10928.0
2026-03-05,0,5307.0,3.39,18.45,6133.0,2307.0,6.26,5.13,8440.0
2026-03-05,1,5184.0,3.85,18.32,5876.0,2224.0,6.29,5.16,8100.0
2026-03-05,2,5390.0,4.33,19.07,5634.0,2119.0,6.38,5.25,7752.0
2026-03-05,3,5469.0,4.82,19.79,5458.0,2025.0,6.44,5.3,7483.0
2026-03-05,4,7961.0,5.19,20.69,7297.0,2909.0,9.2,8.25,10206.0
2026-03-05,5,10982.0,4.97,19.74,10839.0,4221.0,15.46,14.68,15059.0
2026-03-05,6,14073.0,4.64,17.72,12664.0,4935.0,18.72,18.06,17599.0
2026-03-05,7,14396.0,4.34,16.86,13283.0,5193.0,18.87,18.25,18476.0
2026-03-05,8,14333.0,4.0,16.69,13414.0,5311.0,19.01,18.39,18725.0
2026-03-05,9,14300.0,3.67,16.66,12797.0,5097.0,17.97,17.32,17894.0
2026-03-05,10,14367.0,3.5,16.68,10745.0,4301.0,14.36,13.59,15046.0
2026-03-05,11,553.0,3.58,18.2,9573.0,3596.0,11.9,10.82,13169.0
2026-03-05,12,192.0,3.61,18.51,9566.0,3580.0,11.81,10.75,13147.0
2026-03-05,13,187.0,3.64,18.61,9678.0,3609.0,11.7,10.66,13286.0
2026-03-05,14,212.0,3.67,18.59,9744.0,3665.0,11.7,10.66,13410.0
2026-03-05,15,191.0,3.7,18.46,9755.0,3684.0,11.75,10.71,13439.0
2026-03-05,16,174.0,3.72,18.0,10132.0,3796.0,12.11,11.09,13928.0
2026-03-05,17,13850.0,3.64,17.11,12001.0,4811.0,15.76,15.13,16812.0
2026-03-05,18,14784.0,3.35,16.61,13378.0,5313.0,18.96,18.41,18691.0
2026-03-05,19,14630.0,3.06,16.75,13203.0,5243.0,19.0,18.43,18445.0
2026-03-05,20,14110.0,2.74,17.5,13206.0,5165.0,18.99,18.41,18371.0
2026-03-05,21,14074.0,2.45,17.39,12160.0,4779.0,16.97,16.33,16940.0
2026-03-05,22,8254.0,2.35,17.68,10624.0,4038.0,13.12,12.23,14662.0
2026-03-05,23,2511.0,2.45,18.44,7938.0,2941.0,8.9,7.8,10879.0
2026-03-06,0,4723.0,2.8,18.28,6042.0,2250.0,6.2,5.07,8292.0
2026-03-06,1,4896.0,3.23,18.91,6026.0,2293.0,6.59,5.45,8319.0
2026-03-06,2,5235.0,3.69,18.88,5724.0,2136.0,6.66,5.52,7860.0
2026-03-06,3,5254.0,4.17,18.99,5522.0,2053.0,6.6,5.45,7575.0
2026-03-06,4,4894.0,4.65,18.55,7490.0,2754.0,9.24,8.09,10244.0
2026-03-06,5,14423.0,4.88,17.08,10594.0,4105.0,15.22,14.4,14699.0
2026-03-06,6,15324.0,4.8,17.13,12677.0,4878.0,18.73,18.02,17555.0
2026-03-06,7,14956.0,4.58,16.43,13246.0,5138.0,18.96,18.31,18384.0
2026-03-06,8,15447.0,4.32,15.71,13444.0,5316.0,19.03,18.39,18759.0
2026-03-06,9,15504.0,4.1,15.45,12824.0,5039.0,17.96,17.29,17864.0
2026-03-06,10,14409.0,4.0,16.2,11156.0,4422.0,14.3,13.54,15578.0
2026-03-06,11,189.0,4.04,17.16,10050.0,3723.0,11.69,10.62,13774.0
2026-03-06,12,184.0,4.07,17.2,10305.0,3814.0,11.84,10.78,14119.0
2026-03-06,13,177.0,4.1,17.43,10388.0,3874.0,12.01,10.95,14262.0
2026-03-06,14,201.0,4.13,17.52,10348.0,3873.0,12.06,11.01,14221.0
2026-03-06,15,184.0,4.16,17.59,10324.0,3858.0,12.04,11.01,14182.0
2026-03-06,16,308.0,4.18,17.6,10488.0,3928.0,12.18,11.15,14415.0
2026-03-06,17,13686.0,4.06,17.98,12130.0,4843.0,15.87,15.21,16972.0
2026-03-06,18,13794.0,3.68,17.79,13429.0,5322.0,19.02,18.45,18750.0
2026-03-06,19,13677.0,3.29,17.53,13216.0,5173.0,19.04,18.44,18390.0
2026-03-06,20,13725.0,2.92,17.57,13058.0,5078.0,18.93,18.32,18136.0
2026-03-06,21,14198.0,2.62,17.12,11916.0,4657.0,16.68,15.98,16573.0
2026-03-06,22,13764.0,2.57,17.52,10161.0,4017.0,12.77,11.96,14178.0
2026-03-06,23,3244.0,2.74,19.21,7513.0,2794.0,8.37,7.28,10307.0
2026-03-07,0,4228.0,3.03,19.24,5817.0,2128.0,5.72,4.58,7945.0
2026-03-07,1,4801.0,3.46,18.29,5551.0,2057.0,5.74,4.6,7608.0
2026-03-07,2,4887.0,3.9,18.72,5528.0,2079.0,6.18,5.02,7607.0
2026-03-07,3,4923.0,4.35,18.97,5523.0,2062.0,6.45,5.29,7585.0
2026-03-07,4,4858.0,4.79,18.66,5722.0,2122.0,6.62,5.46,7843.0
2026-03-07,5,6055.0,5.16,16.9,8041.0,2995.0,10.75,9.65,11036.0
2026-03-07,6,14357.0,5.25,18.37,11385.0,4396.0,16.56,15.77,15782.0
2026-03-07,7,15616.0,5.07,17.34,13086.0,5079.0,18.79,18.13,18165.0
2026-03-07,8,16127.0,4.88,16.25,13454.0,5237.0,18.93,18.3,18691.0
2026-03-07,9,16017.0,4.67,15.99,13624.0,5334.0,19.07,18.47,18958.0
2026-03-07,10,15185.0,4.43,16.85,13348.0,5231.0,18.28,17.69,18579.0
2026-03-07,11,14787.0,4.23,17.65,12174.0,4763.0,15.89,15.25,16937.0
2026-03-07,12,13959.0,4.12,18.45,10968.0,4385.0,13.37,12.72,15352.0
2026-03-07,13,842.0,4.15,18.26,10517.0,3906.0,12.5,11.47,14423.0
2026-03-07,14,168.0,4.18,18.4,10507.0,3896.0,12.58,11.55,14403.0
2026-03-07,15,177.0,4.21,18.67,10416.0,3828.0,12.58,11.55,14243.0
2026-03-07,16,182.0,4.24,18.57,10642.0,3937.0,12.86,11.84,14579.0
2026-03-07,17,14576.0,4.19,17.71,12075.0,4768.0,16.06,15.41,16843.0
2026-03-07,18,15313.0,3.96,17.6,13424.0,5294.0,19.12,18.56,18718.0
2026-03-07,19,15384.0,3.73,17.72,13058.0,5089.0,18.93,18.35,18147.0
2026-03-07,20,14925.0,3.54,18.14,12741.0,4966.0,17.97,17.36,17707.0
2026-03-07,21,14367.0,3.3,17.13,12834.0,4989.0,17.32,16.72,17823.0
2026-03-07,22,14649.0,3.11,17.37,12035.0,4623.0,15.32,14.64,16658.0
2026-03-07,23,3046.0,3.1,18.94,10220.0,3742.0,11.64,10.64,13962.0
2026-03-08,0,3880.0,3.28,18.5,7339.0,2693.0,7.32,6.21,10032.0
2026-03-08,1,3908.0,3.63,18.51,7279.0,2668.0,7.49,6.37,9947.0
2026-03-08,2,3812.0,3.98,19.32,6909.0,2553.0,7.5,6.38,9462.0
2026-03-08,3,4013.0,4.32,21.06,6255.0,2314.0,7.31,6.19,8568.0
2026-03-08,4,4102.0,4.69,21.94,6242.0,2325.0,7.49,6.35,8568.0
2026-03-08,5,3601.0,5.05,19.83,7924.0,2893.0,10.96,9.83,10817.0
2026-03-08,6,13112.0,5.16,19.67,11332.0,4343.0,16.67,15.91,15674.0
2026-03-08,7,14198.0,4.95,18.6,12709.0,4904.0,18.68,18.02,17613.0
2026-03-08,8,14113.0,4.65,18.42,13160.0,5094.0,18.85,18.23,18254.0
2026-03-08,9,14073.0,4.3,18.31,13387.0,5220.0,18.93,18.33,18607.0
2026-03-08,10,13977.0,3.93,18.17,13189.0,5115.0,18.0,17.4,18305.0
2026-03-08,11,15142.0,3.69,17.31,12001.0,4720.0,15.69,15.01,16721.0
2026-03-08,12,15377.0,3.69,17.65,10719.0,4298.0,12.98,12.26,15017.0
2026-03-08,13,797.0,3.8,18.56,10634.0,3932.0,12.64,11.61,14566.0
2026-03-08,14,182.0,3.83,18.81,10576.0,3886.0,12.66,11.63,14462.0
2026-03-08,15,205.0,3.86,18.91,10449.0,3833.0,12.48,11.47,14282.0
2026-03-08,16,205.0,3.89,18.72,10480.0,3840.0,12.64,11.63,14321.0
2026-03-08,17,13187.0,3.82,18.46,11963.0,4676.0,15.94,15.24,16639.0
2026-03-08,18,14319.0,3.52,18.47,13370.0,5190.0,19.04,18.48,18559.0
2026-03-08,19,14383.0,3.2,18.7,13123.0,5093.0,18.95,18.35,18216.0
2026-03-08,20,14368.0,2.92,18.6,12703.0,4939.0,18.09,17.46,17642.0
2026-03-08,21,13710.0,2.7,18.96,11797.0,4632.0,16.4,15.68,16429.0
2026-03-08,22,13347.0,2.56,19.16,10530.0,4129.0,13.54,12.76,14659.0
2026-03-08,23,3241.0,2.68,18.59,8651.0,3188.0,10.07,8.98,11840.0
2026-03-09,0,5468.0,3.05,18.14,5712.0,2069.0,5.92,4.79,7781.0
2026-03-09,1,6003.0,3.59,18.31,5428.0,2027.0,5.94,4.79,7454.0
2026-03-09,2,6086.0,4.15,18.76,5420.0,2026.0,6.39,5.24,7446.0
2026-03-09,3,6117.0,4.71,18.78,5419.0,2005.0,6.54,5.4,7423.0
2026-03-09,4,8983.0,5.14,18.88,7501.0,2887.0,9.47,8.48,10388.0
2026-03-09,5,13471.0,5.18,17.82,10789.0,4144.0,15.54,14.76,14933.0
2026-03-09,6,13877.0,4.95,18.04,12734.0,4964.0,18.76,18.08,17698.0
2026-03-09,7,13610.0,4.6,17.58,13211.0,5181.0,18.9,18.24,18392.0
2026-03-09,8,13560.0,4.2,17.35,13396.0,5286.0,19.01,18.37,18682.0
2026-03-09,9,13625.0,3.8,17.27,12888.0,5110.0,17.95,17.28,17998.0
2026-03-09,10,14540.0,3.58,16.55,11089.0,4410.0,14.26,13.52,15500.0
2026-03-09,11,548.0,3.64,17.91,9856.0,3690.0,11.8,10.72,13546.0
2026-03-09,12,162.0,3.67,17.83,10046.0,3740.0,11.72,10.67,13786.0
2026-03-09,13,179.0,3.7,17.94,10090.0,3760.0,11.77,10.72,13850.0
2026-03-09,14,176.0,3.73,18.05,10075.0,3763.0,11.89,10.85,13838.0
2026-03-09,15,186.0,3.75,18.07,10114.0,3762.0,11.88,10.85,13875.0
2026-03-09,16,176.0,3.78,17.47,10297.0,3837.0,12.12,11.11,14133.0
2026-03-09,17,13189.0,3.7,16.71,11987.0,4785.0,15.63,14.99,16773.0
2026-03-09,18,14694.0,3.39,16.44,13566.0,5376.0,19.11,18.58,18941.0
2026-03-09,19,14728.0,3.07,16.51,13343.0,5300.0,19.11,18.54,18643.0
2026-03-09,20,14696.0,2.77,16.5,13256.0,5229.0,19.02,18.45,18485.0
2026-03-09,21,14545.0,2.52,16.23,12219.0,4803.0,17.06,16.43,17022.0
2026-03-09,22,14251.0,2.44,17.19,10662.0,4184.0,13.67,12.96,14846.0
2026-03-09,23,5058.0,2.67,18.12,7410.0,2755.0,8.41,7.34,10165.0
2026-03-10,0,5126.0,3.08,19.41,5524.0,2022.0,5.73,4.61,7546.0
2026-03-10,1,5182.0,3.55,19.5,5373.0,2023.0,5.84,4.71,7395.0
2026-03-10,2,5269.0,4.03,19.86,5353.0,2034.0,6.27,5.12,7388.0
2026-03-10,3,5185.0,4.51,19.32,5202.0,1979.0,6.35,5.19,7181.0
2026-03-10,4,4037.0,4.96,17.81,7497.0,2784.0,9.39,8.25,10281.0
2026-03-10,5,13491.0,5.08,16.27,10753.0,4196.0,15.41,14.63,14949.0
2026-03-10,6,15004.0,4.94,16.92,12759.0,4968.0,18.78,18.11,17727.0
2026-03-10,7,14707.0,4.7,16.28,13125.0,5137.0,18.99,18.35,18262.0
2026-03-10,8,14409.0,4.4,16.19,13210.0,5203.0,19.02,18.38,18413.0
2026-03-10,9,14374.0,4.11,15.95,12655.0,5027.0,17.99,17.32,17682.0
2026-03-10,10,13927.0,3.93,16.27,11187.0,4425.0,14.54,13.77,15612.0
2026-03-10,11,297.0,3.96,16.94,9782.0,3655.0,11.62,10.54,13437.0
2026-03-10,12,184.0,3.99,17.17,10113.0,3768.0,11.84,10.76,13881.0
2026-03-10,13,196.0,4.02,17.26,10160.0,3797.0,11.93,10.87,13958.0
2026-03-10,14,188.0,4.05,17.46,10185.0,3824.0,12.09,11.03,14009.0
2026-03-10,15,204.0,4.08,18.08,10236.0,3836.0,12.14,11.09,14072.0
2026-03-10,16,318.0,4.11,17.8,10287.0,3848.0,12.23,11.18,14135.0
2026-03-10,17,13883.0,4.02,17.63,11862.0,4766.0,15.85,15.15,16629.0
2026-03-10,18,14221.0,3.69,17.17,13273.0,5277.0,19.08,18.48,18550.0
2026-03-10,19,14564.0,3.37,16.26,13087.0,5170.0,19.05,18.44,18257.0
2026-03-10,20,14544.0,3.08,16.2,13112.0,5126.0,19.01,18.4,18238.0
2026-03-10,21,13682.0,2.83,16.84,11892.0,4672.0,16.66,15.95,16564.0
2026-03-10,22,12126.0,2.66,17.08,10217.0,4032.0,12.77,11.96,14249.0
2026-03-10,23,2767.0,2.72,17.09,7480.0,2771.0,8.37,7.26,10251.0
2026-03-11,0,4675.0,3.04,17.51,5332.0,1941.0,5.42,4.29,7272.0
2026-03-11,1,5161.0,3.49,17.66,5315.0,1994.0,5.74,4.6,7309.0
2026-03-11,2,5334.0,3.97,18.6,5394.0,2052.0,6.26,5.12,7446.0
2026-03-11,3,5451.0,4.46,19.32,5505.0,2075.0,6.6,5.45,7579.0
2026-03-11,4,5322.0,4.96,18.36,7609.0,2794.0,9.47,8.33,10403.0
2026-03-11,5,13964.0,5.18,18.55,10821.0,4189.0,15.64,14.83,15010.0
2026-03-11,6,14305.0,5.0,18.78,12680.0,4927.0,18.87,18.19,17607.0
2026-03-11,7,13881.0,4.69,17.75,13124.0,5170.0,19.0,18.35,18294.0
2026-03-11,8,13735.0,4.31,17.48,13200.0,5247.0,19.05,18.41,18447.0
2026-03-11,9,13647.0,3.95,17.3,12663.0,5007.0,18.19,17.52,17671.0
2026-03-11,10,13628.0,3.71,17.39,11228.0,4462.0,14.8,14.04,15690.0
2026-03-11,11,317.0,3.72,17.91,9833.0,3655.0,11.68,10.6,13488.0
2026-03-11,12,200.0,3.75,18.56,10172.0,3812.0,11.94,10.88,13985.0
2026-03-11,13,202.0,3.77,18.65,10209.0,3808.0,12.0,10.94,14017.0
2026-03-11,14,188.0,3.8,18.81,10203.0,3846.0,12.08,11.02,14049.0
2026-03-11,15,191.0,3.83,19.28,10108.0,3805.0,11.93,10.87,13913.0
2026-03-11,16,605.0,3.86,18.32,10315.0,3881.0,12.13,11.08,14195.0
2026-03-11,17,13207.0,3.74,18.87,11849.0,4785.0,15.92,15.23,16634.0
2026-03-11,18,13944.0,3.38,17.68,13155.0,5249.0,19.12,18.54,18403.0
2026-03-11,19,14305.0,3.05,17.58,12998.0,5138.0,19.04,18.45,18135.0
2026-03-11,20,14604.0,2.76,17.67,13042.0,5115.0,18.99,18.39,18158.0
2026-03-11,21,14595.0,2.55,17.42,11831.0,4632.0,16.68,15.99,16463.0
2026-03-11,22,8221.0,2.53,18.03,10477.0,3985.0,13.24,12.33,14462.0
2026-03-11,23,2251.0,2.67,20.88,7902.0,2945.0,9.13,8.02,10846.0
2026-03-12,0,4532.0,2.98,19.18,6100.0,2290.0,6.45,5.32,8390.0
2026-03-12,1,4591.0,3.39,19.37,5993.0,2242.0,6.67,5.53,8235.0
2026-03-12,2,4724.0,3.81,19.89,5680.0,2107.0,6.74,5.6,7787.0
2026-03-12,3,4854.0,4.25,20.37,5649.0,2126.0,6.89,5.74,7775.0
2026-03-12,4,7281.0,4.68,19.33,7480.0,2864.0,9.42,8.38,10344.0
2026-03-12,5,13962.0,4.81,19.44,10764.0,4152.0,15.71,14.92,14916.0
2026-03-12,6,14288.0,4.66,19.15,12439.0,4845.0,18.74,18.02,17284.0
2026-03-12,7,13900.0,4.39,18.3,12743.0,4953.0,18.96,18.24,17696.0
2026-03-12,8,14738.0,4.09,17.19,12902.0,5074.0,19.08,18.36,17976.0
2026-03-12,9,14836.0,3.88,16.82,12389.0,4938.0,18.2,17.47,17326.0
2026-03-12,10,14582.0,3.76,16.9,11041.0,4405.0,14.76,14.02,15446.0
2026-03-12,11,1028.0,3.84,18.15,9811.0,3639.0,11.94,10.85,13451.0
2026-03-12,12,176.0,3.87,18.82,9980.0,3713.0,11.85,10.75,13694.0
2026-03-12,13,183.0,3.9,18.92,10037.0,3766.0,11.88,10.78,13803.0
2026-03-12,14,174.0,3.93,19.23,9888.0,3702.0,11.94,10.84,13590.0
2026-03-12,15,180.0,3.96,19.04,9898.0,3690.0,11.87,10.8,13588.0
2026-03-12,16,318.0,3.98,19.79,10010.0,3775.0,12.26,11.2,13785.0
2026-03-12,17,15051.0,3.96,18.18,11515.0,4590.0,15.94,15.22,16105.0
2026-03-12,18,15080.0,3.78,18.15,12880.0,5086.0,19.09,18.46,17966.0
2026-03-12,19,14271.0,3.54,18.66,12774.0,4995.0,18.95,18.3,17769.0
2026-03-12,20,14362.0,3.27,18.77,12857.0,4996.0,18.93,18.27,17853.0
2026-03-12,21,14374.0,3.04,18.88,11866.0,4630.0,16.94,16.21,16496.0
2026-03-12,22,13964.0,2.98,19.48,10277.0,4005.0,13.09,12.27,14282.0
2026-03-12,23,5158.0,3.27,19.19,7290.0,2732.0,8.46,7.33,10022.0
2026-03-13,0,4611.0,3.7,20.62,5863.0,2170.0,6.12,4.97,8033.0
2026-03-13,1,4111.0,4.1,20.96,5838.0,2186.0,6.5,5.33,8024.0
2026-03-13,2,4139.0,4.47,21.38,5830.0,2176.0,6.92,5.76,8006.0
2026-03-13,3,4178.0,4.84,22.01,5921.0,2188.0,7.25,6.08,8109.0
2026-03-13,4,3456.0,5.18,21.28,7374.0,2707.0,9.25,8.09,10081.0
2026-03-13,5,12307.0,5.24,17.87,10634.0,4109.0,15.57,14.73,14742.0
2026-03-13,6,13805.0,4.96,17.9,12589.0,4875.0,18.82,18.1,17464.0
2026-03-13,7,13592.0,4.63,17.41,13028.0,5090.0,18.98,18.28,18118.0
2026-03-13,8,13451.0,4.24,17.22,13150.0,5201.0,19.06,18.38,18351.0
2026-03-13,9,13680.0,3.88,17.49,12603.0,4958.0,18.22,17.51,17561.0
2026-03-13,10,13864.0,3.65,17.97,11127.0,4354.0,14.71,13.94,15481.0
2026-03-13,11,466.0,3.68,18.64,9715.0,3623.0,11.7,10.59,13338.0
2026-03-13,12,178.0,3.71,18.83,9972.0,3721.0,11.61,10.52,13693.0
2026-03-13,13,205.0,3.74,19.17,10100.0,3761.0,11.81,10.73,13861.0
2026-03-13,14,174.0,3.77,19.24,10126.0,3763.0,11.87,10.8,13888.0
2026-03-13,15,174.0,3.8,19.22,10124.0,3748.0,11.86,10.8,13872.0
2026-03-13,16,203.0,3.83,18.94,10288.0,3865.0,12.25,11.2,14152.0
2026-03-13,17,13548.0,3.76,18.19,11744.0,4680.0,15.83,15.16,16425.0
2026-03-13,18,14117.0,3.46,18.24,13083.0,5178.0,19.07,18.46,18261.0
2026-03-13,19,14152.0,3.14,18.25,12884.0,5069.0,18.95,18.32,17953.0
2026-03-13,20,14193.0,2.84,18.42,12860.0,5047.0,18.94,18.3,17907.0
2026-03-13,21,14289.0,2.6,18.53,11923.0,4661.0,17.03,16.33,16583.0
2026-03-13,22,13612.0,2.51,19.92,10386.0,4105.0,13.23,12.46,14491.0
2026-03-13,23,3836.0,2.67,21.74,7526.0,2807.0,8.49,7.36,10333.0
2026-03-14,0,4059.0,3.02,20.04,5711.0,2100.0,5.81,4.66,7811.0
2026-03-14,1,4026.0,3.38,19.82,5596.0,2105.0,5.99,4.83,7700.0
2026-03-14,2,4047.0,3.74,20.16,5555.0,2096.0,6.43,5.27,7651.0
2026-03-14,3,4062.0,4.11,20.37,5572.0,2084.0,6.72,5.56,7656.0
2026-03-14,4,4077.0,4.48,20.47,5727.0,2141.0,6.98,5.81,7868.0
2026-03-14,5,6867.0,4.82,17.92,8054.0,3011.0,10.89,9.83,11065.0
2026-03-14,6,15854.0,4.92,17.41,11504.0,4464.0,16.56,15.82,15968.0
2026-03-14,7,15639.0,4.84,17.53,12899.0,4981.0,18.73,18.05,17880.0
2026-03-14,8,15240.0,4.63,16.82,13231.0,5203.0,18.92,18.26,18434.0
2026-03-14,9,15083.0,4.37,16.49,13338.0,5240.0,18.97,18.32,18578.0
2026-03-14,10,14979.0,4.1,16.37,13185.0,5130.0,18.04,17.4,18315.0
2026-03-14,11,14977.0,3.89,16.28,12139.0,4735.0,15.82,15.14,16873.0
2026-03-14,12,14634.0,3.84,16.6,10913.0,4260.0,13.1,12.36,15173.0
2026-03-14,13,165.0,3.93,17.48,10553.0,3885.0,12.34,11.29,14438.0
2026-03-14,14,184.0,3.96,18.08,10562.0,3902.0,12.62,11.58,14464.0
2026-03-14,15,175.0,3.99,18.35,10578.0,3899.0,12.59,11.55,14477.0
2026-03-14,16,390.0,4.02,18.24,10525.0,3885.0,12.6,11.56,14410.0
2026-03-14,17,14156.0,3.93,18.06,11957.0,4760.0,15.9,15.21,16716.0
2026-03-14,18,14252.0,3.61,18.15,13268.0,5226.0,19.05,18.46,18494.0
2026-03-14,19,13673.0,3.28,19.03,13020.0,5086.0,18.99,18.4,18106.0
2026-03-14,20,13117.0,2.92,19.76,12581.0,4945.0,18.16,17.53,17526.0
2026-03-14,21,13257.0,2.62,20.1,11697.0,4580.0,16.37,15.67,16277.0
2026-03-14,22,9848.0,2.55,19.25,10623.0,4057.0,13.78,12.87,14680.0
2026-03-14,23,2468.0,2.78,21.49,8683.0,3186.0,10.5,9.4,11869.0
2026-03-15,0,3676.0,3.05,20.22,6384.0,2381.0,6.67,5.54,8764.0
2026-03-15,1,3731.0,3.39,20.5,6185.0,2297.0,6.83,5.69,8482.0
2026-03-15,2,3800.0,3.72,21.51,5875.0,2170.0,6.91,5.77,8045.0
2026-03-15,3,3853.0,4.07,21.83,5811.0,2140.0,7.07,5.92,7951.0
2026-03-15,4,3732.0,4.41,20.88,5682.0,2103.0,6.99,5.83,7785.0
2026-03-15,5,3537.0,4.74,18.47,7749.0,2836.0,10.61,9.48,10585.0
2026-03-15,6,15477.0,4.87,17.89,11359.0,4403.0,16.61,15.83,15762.0
2026-03-15,7,15472.0,4.77,17.8,12661.0,4852.0,18.78,18.08,17514.0
2026-03-15,8,15356.0,4.6,17.6,13002.0,5059.0,18.87,18.19,18061.0
2026-03-15,9,15242.0,4.37,17.33,13233.0,5210.0,18.89,18.24,18443.0
2026-03-15,10,15161.0,4.11,17.23,13139.0,5119.0,18.06,17.44,18259.0
2026-03-15,11,15142.0,3.93,17.18,12039.0,4688.0,15.73,15.04,16727.0
2026-03-15,12,15248.0,3.93,17.88,10709.0,4190.0,13.05,12.3,14899.0
2026-03-15,13,205.0,4.05,18.82,10608.0,3907.0,12.58,11.53,14515.0
2026-03-15,14,200.0,4.08,18.99,10632.0,3900.0,12.72,11.68,14531.0
2026-03-15,15,195.0,4.11,18.38,10427.0,3819.0,12.4,11.38,14245.0
2026-03-15,16,587.0,4.14,18.46,10589.0,3939.0,12.74,11.72,14528.0
2026-03-15,17,12816.0,3.99,19.55,12018.0,4783.0,15.97,15.3,16800.0
2026-03-15,18,13599.0,3.56,18.37,13322.0,5264.0,19.04,18.47,18586.0
2026-03-15,19,13758.0,3.2,18.11,13088.0,5103.0,19.05,18.46,18191.0
2026-03-15,20,13696.0,2.85,18.08,12701.0,4916.0,18.18,17.55,17617.0
2026-03-15,21,14058.0,2.62,17.58,11709.0,4577.0,16.4,15.69,16285.0
2026-03-15,22,9695.0,2.56,18.28,10635.0,4026.0,13.72,12.83,14661.0
2026-03-15,23,2028.0,2.69,20.2,8638.0,3177.0,10.24,9.13,11815.0
2026-03-16,0,4523.0,2.99,18.9,6132.0,2254.0,6.35,5.21,8386.0
2026-03-16,1,4567.0,3.4,19.23,5958.0,2240.0,6.57,5.42,8199.0
2026-03-16,2,5093.0,3.84,19.34,5750.0,2137.0,6.8,5.65,7887.0
2026-03-16,3,5292.0,4.31,19.58,5723.0,2153.0,7.02,5.88,7876.0
2026-03-16,4,8608.0,4.78,18.62,7497.0,2902.0,9.5,8.46,10399.0
2026-03-16,5,13304.0,4.87,17.9,10776.0,4208.0,15.68,14.87,14984.0
2026-03-16,6,14167.0,4.62,18.35,13004.0,5059.0,18.91,18.27,18063.0
2026-03-16,7,14350.0,4.28,17.4,13013.0,5113.0,19.0,18.36,18126.0
2026-03-16,8,14747.0,4.0,16.86,13070.0,5176.0,19.02,18.37,18246.0
2026-03-16,9,15243.0,3.75,16.71,12781.0,5057.0,18.39,17.74,17838.0
2026-03-16,10,15561.0,3.65,16.7,11438.0,4574.0,14.94,14.25,16012.0
2026-03-16,11,959.0,3.76,18.33,10006.0,3753.0,11.91,10.82,13759.0
2026-03-16,12,178.0,3.79,18.58,10266.0,3831.0,11.97,10.88,14097.0
2026-03-16,13,166.0,3.82,18.97,10081.0,3766.0,11.96,10.87,13847.0
2026-03-16,14,199.0,3.84,19.67,9727.0,3641.0,11.82,10.7,13369.0
2026-03-16,15,176.0,3.88,19.95,9682.0,3625.0,11.85,10.7,13307.0
2026-03-16,16,196.0,3.9,20.26,9865.0,3682.0,12.39,11.24,13547.0
2026-03-16,17,13589.0,3.85,19.67,11415.0,4529.0,16.01,15.21,15944.0
2026-03-16,18,13907.0,3.55,19.66,12888.0,5042.0,19.09,18.43,17930.0
2026-03-16,19,14196.0,3.25,19.14,12797.0,5014.0,18.97,18.31,17811.0
2026-03-16,20,14184.0,2.96,19.09,12825.0,5056.0,18.91,18.25,17881.0
2026-03-16,21,14178.0,2.72,19.13,11795.0,4607.0,16.97,16.24,16402.0
2026-03-16,22,11685.0,2.63,19.12,10238.0,3972.0,13.15,12.25,14210.0
2026-03-16,23,4144.0,2.89,19.86,6837.0,2548.0,7.79,6.63,9384.0
2026-03-17,0,4370.0,3.26,18.81,6225.0,2327.0,6.59,5.43,8552.0
2026-03-17,1,4794.0,3.68,18.83,6116.0,2290.0,6.92,5.76,8407.0
2026-03-17,2,4838.0,4.12,19.84,5590.0,2083.0,6.8,5.63,7673.0
2026-03-17,3,4910.0,4.56,20.3,5643.0,2107.0,7.03,5.86,7749.0
2026-03-17,4,8274.0,4.96,18.56,7459.0,2907.0,9.67,8.65,10366.0
2026-03-17,5,12794.0,5.0,17.66,10627.0,4094.0,15.7,14.86,14720.0
2026-03-17,6,14264.0,4.78,18.62,12492.0,4818.0,18.77,18.07,17310.0
2026-03-17,7,14095.0,4.5,18.27,12978.0,5029.0,19.08,18.4,18007.0
2026-03-17,8,14383.0,4.17,17.7,13143.0,5157.0,19.06,18.38,18301.0
2026-03-17,9,15584.0,3.92,16.64,12746.0,5086.0,18.43,17.74,17832.0
2026-03-17,10,14366.0,3.82,17.7,11030.0,4364.0,14.54,13.8,15394.0
2026-03-17,11,1031.0,3.88,18.89,9865.0,3670.0,11.89,10.81,13535.0
2026-03-17,12,172.0,3.91,18.78,10056.0,3735.0,11.86,10.78,13791.0
2026-03-17,13,196.0,3.94,19.02,9932.0,3730.0,11.78,10.7,13662.0
2026-03-17,14,191.0,3.97,19.13,9947.0,3726.0,11.89,10.81,13674.0
2026-03-17,15,210.0,4.0,19.2,10013.0,3740.0,11.85,10.8,13752.0
2026-03-17,16,196.0,4.03,19.14,10091.0,3789.0,12.29,11.24,13880.0
2026-03-17,17,13249.0,3.98,17.87,11678.0,4671.0,15.82,15.13,16349.0
2026-03-17,18,14614.0,3.73,17.52,13168.0,5215.0,19.02,18.42,18383.0
2026-03-17,19,14623.0,3.44,17.47,13099.0,5145.0,18.91,18.28,18244.0
2026-03-17,20,14633.0,3.15,17.4,13130.0,5151.0,18.98,18.34,18282.0
2026-03-17,21,14692.0,2.92,17.68,12109.0,4733.0,17.06,16.38,16842.0
2026-03-17,22,13533.0,2.84,19.36,10398.0,4132.0,13.22,12.44,14530.0
2026-03-17,23,1904.0,2.92,21.61,7950.0,2953.0,8.85,7.73,10903.0
2026-03-18,0,4262.0,3.18,20.3,5590.0,2054.0,5.74,4.58,7644.0
2026-03-18,1,4366.0,3.57,20.52,5432.0,2043.0,5.99,4.82,7475.0
2026-03-18,2,4406.0,3.97,20.93,5429.0,2042.0,6.37,5.2,7471.0
2026-03-18,3,4442.0,4.37,21.16,5437.0,2065.0,6.57,5.41,7502.0
2026-03-18,4,4312.0,4.77,19.71,7393.0,2746.0,9.25,8.1,10139.0
2026-03-18,5,13500.0,4.97,17.34,10779.0,4184.0,15.61,14.79,14963.0
2026-03-18,6,14767.0,4.85,17.49,12576.0,4884.0,18.83,18.15,17460.0
2026-03-18,7,14392.0,4.59,17.0,12920.0,5008.0,18.97,18.3,17928.0
2026-03-18,8,14268.0,4.28,16.76,13137.0,5173.0,19.03,18.37,18311.0
2026-03-18,9,14519.0,3.98,16.43,12645.0,5012.0,18.01,17.32,17657.0
2026-03-18,10,13913.0,3.82,16.44,11046.0,4396.0,14.47,13.69,15442.0
2026-03-18,11,181.0,3.88,16.8,9885.0,3694.0,11.8,10.71,13580.0
2026-03-18,12,157.0,3.9,17.14,10260.0,3803.0,11.95,10.88,14063.0
2026-03-18,13,166.0,3.93,17.25,10295.0,3820.0,12.05,10.99,14115.0
2026-03-18,14,176.0,3.96,17.29,10236.0,3864.0,12.08,11.02,14100.0
2026-03-18,15,144.0,3.98,17.34,10231.0,3852.0,12.15,11.09,14082.0
2026-03-18,16,393.0,4.01,17.04,10100.0,3805.0,12.08,11.04,13906.0
2026-03-18,17,13795.0,3.91,17.41,11830.0,4748.0,15.82,15.13,16578.0
2026-03-18,18,13967.0,3.58,17.61,13228.0,5251.0,19.04,18.44,18479.0
2026-03-18,19,14103.0,3.24,17.9,13094.0,5126.0,19.02,18.38,18220.0
2026-03-18,20,14106.0,2.9,17.83,13081.0,5092.0,19.01,18.37,18173.0
2026-03-18,21,13998.0,2.62,17.75,12036.0,4706.0,16.94,16.22,16742.0
2026-03-18,22,14105.0,2.52,17.9,10353.0,4056.0,13.18,12.34,14409.0
2026-03-18,23,3895.0,2.71,18.69,7553.0,2818.0,8.63,7.51,10370.0
2026-03-19,0,4735.0,3.06,18.99,5666.0,2101.0,5.97,4.81,7767.0
2026-03-19,1,5131.0,3.52,18.55,5471.0,2077.0,6.13,4.96,7548.0
2026-03-19,2,5203.0,3.99,18.84,5460.0,2063.0,6.48,5.31,7524.0
2026-03-19,3,5222.0,4.47,19.08,5487.0,2041.0,6.67,5.51,7528.0
2026-03-19,4,4841.0,4.92,16.82,7388.0,2733.0,9.17,8.03,10121.0
2026-03-19,5,13417.0,5.12,17.42,10701.0,4114.0,15.61,14.78,14814.0
2026-03-19,6,13859.0,4.91,17.61,12675.0,4894.0,18.91,18.21,17569.0
2026-03-19,7,13509.0,4.55,16.89,13173.0,5125.0,19.01,18.35,18299.0
2026-03-19,8,14413.0,4.16,16.41,13325.0,5236.0,19.12,18.48,18561.0
2026-03-19,9,14853.0,3.87,16.51,12909.0,5136.0,18.42,17.76,18046.0
2026-03-19,10,15331.0,3.74,16.27,11267.0,4487.0,14.63,13.92,15754.0
2026-03-19,11,654.0,3.82,17.77,9889.0,3689.0,11.82,10.75,13578.0
2026-03-19,12,199.0,3.85,18.45,10281.0,3819.0,12.0,10.94,14100.0
2026-03-19,13,169.0,3.88,18.31,10145.0,3776.0,11.86,10.8,13921.0
2026-03-19,14,162.0,3.91,18.24,10125.0,3796.0,11.88,10.83,13921.0
2026-03-19,15,161.0,3.93,18.47,10226.0,3816.0,12.03,10.99,14041.0
2026-03-19,16,483.0,3.96,18.85,10307.0,3851.0,12.32,11.28,14158.0
2026-03-19,17,13363.0,3.83,19.08,11947.0,4750.0,15.96,15.28,16697.0
2026-03-19,18,13724.0,3.46,18.19,13330.0,5284.0,19.02,18.42,18614.0
2026-03-19,19,13794.0,3.08,18.4,13147.0,5165.0,19.0,18.39,18312.0
2026-03-19,20,14571.0,2.74,17.76,13162.0,5133.0,18.99,18.38,18295.0
2026-03-19,21,14652.0,2.49,17.56,12301.0,4843.0,17.37,16.69,17143.0
2026-03-19,22,9092.0,2.43,18.06,10571.0,4023.0,13.25,12.33,14594.0
2026-03-19,23,2311.0,2.58,19.7,7999.0,2949.0,9.05,7.93,10948.0
2026-03-20,0,5012.0,2.92,18.11,5951.0,2190.0,6.24,5.09,8141.0
2026-03-20,1,5100.0,3.37,18.39,5846.0,2185.0,6.49,5.34,8031.0
2026-03-20,2,5124.0,3.84,18.74,5620.0,2125.0,6.71,5.54,7744.0
2026-03-20,3,5253.0,4.31,19.07,5669.0,2119.0,6.93,5.77,7788.0
2026-03-20,4,7850.0,4.77,18.46,7324.0,2827.0,9.29,8.25,10152.0
2026-03-20,5,13944.0,4.88,18.38,10654.0,4153.0,15.63,14.8,14807.0
2026-03-20,6,14307.0,4.71,18.6,12627.0,4912.0,18.86,18.21,17539.0
2026-03-20,7,13941.0,4.4,17.9,13060.0,5124.0,19.03,18.39,18184.0
2026-03-20,8,14716.0,4.05,16.84,13223.0,5178.0,19.02,18.4,18401.0
2026-03-20,9,15886.0,3.82,15.57,12925.0,5148.0,18.41,17.76,18074.0
2026-03-20,10,14134.0,3.71,17.32,11290.0,4509.0,14.65,13.9,15798.0
2026-03-20,11,694.0,3.72,18.04,9989.0,3738.0,11.81,10.72,13727.0
2026-03-20,12,183.0,3.75,18.88,10307.0,3826.0,12.02,10.95,14133.0
2026-03-20,13,181.0,3.78,19.06,10132.0,3801.0,11.87,10.81,13933.0
2026-03-20,14,187.0,3.81,19.12,10039.0,3756.0,11.88,10.83,13796.0
2026-03-20,15,201.0,3.84,19.16,10043.0,3736.0,11.77,10.71,13779.0
2026-03-20,16,245.0,3.86,18.72,10284.0,3854.0,12.22,11.16,14137.0
2026-03-20,17,13696.0,3.77,18.71,11847.0,4723.0,15.93,15.21,16570.0
2026-03-20,18,14196.0,3.46,18.55,13135.0,5165.0,19.03,18.4,18300.0
2026-03-20,19,14191.0,3.15,18.59,12973.0,5085.0,19.02,18.39,18058.0
2026-03-20,20,14289.0,2.84,18.76,12945.0,5063.0,18.94,18.3,18009.0
2026-03-20,21,14170.0,2.59,18.71,11895.0,4702.0,16.93,16.2,16597.0
2026-03-20,22,13471.0,2.5,19.16,10271.0,4015.0,13.19,12.34,14286.0
2026-03-20,23,3944.0,2.71,19.47,7579.0,2809.0,8.63,7.5,10387.0
2026-03-21,0,3589.0,3.04,19.48,5689.0,2082.0,5.92,4.77,7771.0
2026-03-21,1,3586.0,3.36,19.23,5535.0,2086.0,6.09,4.93,7621.0
2026-03-21,2,3589.0,3.68,19.61,5553.0,2080.0,6.48,5.32,7632.0
2026-03-21,3,3751.0,4.01,20.83,5740.0,2135.0,6.92,5.76,7874.0
2026-03-21,4,3721.0,4.35,21.32,5794.0,2161.0,7.1,5.94,7955.0
2026-03-21,5,7799.0,4.66,17.7,7770.0,2961.0,10.73,9.66,10730.0
2026-03-21,6,15314.0,4.76,17.43,11482.0,4476.0,16.58,15.8,15958.0
2026-03-21,7,15282.0,4.62,17.35,12949.0,5030.0,18.77,18.11,17980.0
2026-03-21,8,15157.0,4.39,17.07,13171.0,5156.0,18.85,18.21,18326.0
2026-03-21,9,15466.0,4.13,16.46,13228.0,5157.0,18.88,18.25,18385.0
2026-03-21,10,15689.0,3.92,16.26,13086.0,5120.0,18.0,17.38,18206.0
2026-03-21,11,15896.0,3.79,16.53,11905.0,4708.0,15.61,14.95,16613.0
2026-03-21,12,15090.0,3.85,17.95,10712.0,4242.0,12.96,12.2,14954.0
2026-03-21,13,107.0,3.92,18.71,10694.0,3935.0,12.69,11.64,14629.0
2026-03-21,14,6.0,3.94,19.04,10545.0,3906.0,12.7,11.66,14450.0
2026-03-21,15,6.0,3.95,19.11,10541.0,3926.0,12.69,11.64,14467.0
2026-03-21,16,0.0,3.97,18.54,10587.0,3932.0,12.78,11.75,14518.0
2026-03-21,17,13409.0,3.9,17.97,11802.0,4678.0,15.83,15.13,16480.0
2026-03-21,18,14268.0,3.6,17.75,13280.0,5221.0,19.0,18.42,18501.0
2026-03-21,19,14277.0,3.27,17.83,13077.0,5095.0,18.94,18.32,18172.0
2026-03-21,20,13701.0,2.98,18.42,12547.0,4885.0,18.18,17.52,17432.0
2026-03-21,21,13639.0,2.74,18.68,11668.0,4528.0,16.49,15.78,16196.0
2026-03-21,22,12893.0,2.59,19.77,10450.0,4078.0,13.59,12.76,14527.0
2026-03-21,23,2576.0,2.66,21.29,8134.0,3015.0,9.55,8.42,11149.0
2026-03-22,0,3306.0,2.89,19.12,5584.0,2068.0,5.87,4.71,7652.0
2026-03-22,1,3329.0,3.18,19.64,5511.0,2071.0,6.14,4.98,7583.0
2026-03-22,2,3441.0,3.49,21.05,5705.0,2142.0,6.72,5.56,7848.0
2026-03-22,3,3514.0,3.8,21.37,5704.0,2173.0,6.94,5.77,7876.0
2026-03-22,4,3893.0,4.12,20.99,5850.0,2203.0,7.23,6.06,8053.0
2026-03-22,5,7747.0,4.48,17.68,7677.0,2914.0,10.74,9.66,10591.0
2026-03-22,6,15989.0,4.66,16.83,11220.0,4355.0,16.48,15.69,15575.0
2026-03-22,7,15376.0,4.6,17.22,12654.0,4914.0,18.71,18.03,17567.0
2026-03-22,8,15335.0,4.4,17.34,13103.0,5071.0,18.87,18.22,18174.0
2026-03-22,9,15289.0,4.17,17.16,13233.0,5172.0,18.89,18.25,18405.0
2026-03-22,10,15239.0,3.93,17.09,13105.0,5116.0,18.02,17.39,18221.0
2026-03-22,11,15255.0,3.75,17.16,12201.0,4735.0,16.06,15.37,16936.0
2026-03-22,12,13948.0,3.73,18.06,10951.0,4238.0,13.32,12.54,15190.0
2026-03-22,13,214.0,3.81,18.13,10649.0,3889.0,12.49,11.46,14538.0
2026-03-22,14,208.0,3.84,18.15,10601.0,3864.0,12.58,11.55,14465.0
2026-03-22,15,209.0,3.87,18.21,10563.0,3884.0,12.62,11.61,14447.0
2026-03-22,16,410.0,3.9,18.35,10540.0,3891.0,12.73,11.71,14431.0
2026-03-22,17,15396.0,3.86,17.35,11913.0,4699.0,15.85,15.19,16612.0
2026-03-22,18,14798.0,3.64,17.67,13365.0,5260.0,19.01,18.44,18625.0
2026-03-22,19,14533.0,3.33,17.83,13170.0,5114.0,18.94,18.34,18284.0
2026-03-22,20,14636.0,3.07,18.0,12737.0,4937.0,18.17,17.53,17675.0
2026-03-22,21,14707.0,2.89,18.19,11809.0,4623.0,16.39,15.67,16432.0
2026-03-22,22,14625.0,2.86,18.74,10541.0,4129.0,13.58,12.77,14670.0
2026-03-22,23,1328.0,2.94,21.88,8604.0,3216.0,10.07,8.97,11820.0
2026-03-23,0,4255.0,3.11,19.35,5778.0,2126.0,6.09,4.95,7904.0
2026-03-23,1,5440.0,3.59,18.94,5427.0,2045.0,6.03,4.88,7472.0
2026-03-23,2,5454.0,4.08,19.08,5368.0,2016.0,6.39,5.23,7384.0
2026-03-23,3,5437.0,4.58,18.92,5311.0,1978.0,6.48,5.32,7289.0
2026-03-23,4,4637.0,5.05,17.05,7290.0,2675.0,9.07,7.93,9965.0
2026-03-23,5,13241.0,5.19,17.28,10684.0,4133.0,15.59,14.77,14817.0
2026-03-23,6,13509.0,4.94,17.37,12797.0,4979.0,18.86,18.18,17777.0
2026-03-23,7,13371.0,4.54,16.86,13340.0,5222.0,19.02,18.38,18561.0
2026-03-23,8,13234.0,4.09,16.69,13480.0,5314.0,19.03,18.39,18794.0
2026-03-23,9,13159.0,3.64,16.55,13146.0,5220.0,18.43,17.78,18366.0
2026-03-23,10,13138.0,3.28,16.55,11568.0,4590.0,14.85,14.11,16158.0
2026-03-23,11,433.0,3.26,16.34,9953.0,3712.0,11.51,10.45,13666.0
2026-03-23,12,164.0,3.28,16.85,10388.0,3872.0,11.98,10.92,14260.0
2026-03-23,13,176.0,3.31,16.91,10358.0,3851.0,11.91,10.86,14209.0
2026-03-23,14,198.0,3.34,16.98,10342.0,3857.0,11.97,10.93,14199.0
2026-03-23,15,175.0,3.36,17.35,10480.0,3905.0,12.2,11.16,14385.0
2026-03-23,16,460.0,3.39,17.39,10514.0,3926.0,12.39,11.36,14440.0
2026-03-23,17,14992.0,3.32,17.5,12074.0,4779.0,16.02,15.33,16852.0
2026-03-23,18,15128.0,3.08,17.22,13401.0,5282.0,19.01,18.43,18683.0
2026-03-23,19,14182.0,2.78,17.88,13210.0,5125.0,19.01,18.42,18335.0
2026-03-23,20,14233.0,2.45,18.01,13204.0,5120.0,19.0,18.39,18325.0
2026-03-23,21,14282.0,2.18,18.17,12084.0,4691.0,16.95,16.25,16776.0
2026-03-23,22,13545.0,2.11,17.96,10305.0,4000.0,13.17,12.32,14305.0
2026-03-23,23,5071.0,2.41,17.66,7387.0,2739.0,8.44,7.31,10126.0
2026-03-24,0,5932.0,2.92,18.59,5703.0,2142.0,6.01,4.86,7845.0
2026-03-24,1,6354.0,3.48,18.74,5636.0,2134.0,6.36,5.2,7770.0
2026-03-24,2,6440.0,4.07,19.13,5645.0,2132.0,6.74,5.58,7776.0
2026-03-24,3,6496.0,4.66,19.33,5662.0,2127.0,6.92,5.77,7790.0
2026-03-24,4,10449.0,5.1,19.38,7495.0,3061.0,9.68,8.73,10556.0
2026-03-24,5,13550.0,5.1,18.2,10738.0,4193.0,15.72,14.9,14931.0
2026-03-24,6,13800.0,4.87,17.87,12824.0,5005.0,18.87,18.23,17828.0
2026-03-24,7,13958.0,4.52,16.96,13247.0,5127.0,19.01,18.38,18375.0
2026-03-24,8,14437.0,4.16,16.34,13356.0,5222.0,19.11,18.49,18578.0
2026-03-24,9,15534.0,3.88,15.32,12999.0,5106.0,18.44,17.8,18106.0
2026-03-24,10,15109.0,3.77,15.74,11363.0,4511.0,14.76,14.04,15874.0
2026-03-24,11,395.0,3.86,17.79,9917.0,3687.0,11.84,10.77,13603.0
2026-03-24,12,187.0,3.88,17.76,10254.0,3811.0,11.97,10.9,14065.0
2026-03-24,13,171.0,3.91,17.97,10277.0,3831.0,12.06,11.0,14108.0
2026-03-24,14,186.0,3.93,18.09,10189.0,3822.0,12.08,11.03,14011.0
2026-03-25,9,14762.0,4.05,16.58,12907.0,5131.0,18.38,17.71,18038.0
2026-03-25,10,14960.0,3.88,16.89,11396.0,4548.0,14.93,14.21,15944.0
2026-03-25,11,884.0,3.96,18.51,9986.0,3735.0,11.87,10.81,13722.0
2026-03-25,12,204.0,3.99,18.59,10225.0,3820.0,11.95,10.89,14044.0
2026-03-25,13,189.0,4.02,19.03,10262.0,3832.0,12.09,11.04,14094.0
2026-03-25,14,209.0,4.05,19.27,10166.0,3792.0,12.01,10.97,13959.0
2026-03-25,15,193.0,4.08,19.28,10132.0,3765.0,11.91,10.88,13896.0
2026-03-25,16,191.0,4.11,18.64,10272.0,3833.0,12.17,11.14,14105.0
2026-03-25,17,13680.0,4.03,17.77,11963.0,4751.0,15.83,15.15,16714.0
2026-03-25,18,15017.0,3.75,17.05,13261.0,5212.0,19.0,18.42,18474.0
2026-03-25,19,14983.0,3.49,16.97,13161.0,5143.0,18.99,18.39,18305.0
2026-03-25,20,14848.0,3.22,16.77,13192.0,5157.0,19.0,18.38,18349.0
2026-03-25,21,14847.0,3.0,16.74,12181.0,4761.0,16.97,16.32,16942.0
2026-03-25,22,11354.0,2.98,17.0,10581.0,4106.0,13.37,12.53,14687.0
2026-03-25,23,3900.0,3.28,19.98,7419.0,2739.0,8.5,7.38,10159.0
2026-03-26,0,3580.0,3.62,18.86,5667.0,2075.0,5.86,4.71,7742.0
2026-03-26,1,3540.0,3.94,18.77,5532.0,2087.0,6.09,4.94,7619.0
2026-03-26,2,3587.0,4.25,19.01,5487.0,2079.0,6.49,5.33,7566.0
2026-03-26,3,3601.0,4.58,19.97,5636.0,2135.0,6.86,5.69,7771.0
2026-03-26,4,3109.0,4.9,18.6,7586.0,2799.0,9.42,8.28,10384.0
2026-03-26,5,13863.0,5.01,17.9,10980.0,4250.0,15.74,14.92,15229.0
2026-03-26,6,14941.0,4.86,17.99,12843.0,4968.0,18.91,18.24,17811.0
2026-03-26,7,14715.0,4.6,17.54,13203.0,5139.0,19.07,18.42,18342.0
2026-03-26,8,14646.0,4.29,17.39,13419.0,5277.0,19.12,18.49,18697.0
2026-03-26,9,14563.0,3.98,17.26,12995.0,5150.0,18.42,17.77,18145.0
2026-03-26,10,15005.0,3.81,16.97,11225.0,4463.0,14.56,13.82,15688.0
2026-03-26,11,447.0,3.9,18.1,9844.0,3693.0,11.69,10.62,13537.0
2026-03-26,12,162.0,3.92,18.58,10305.0,3853.0,12.02,10.95,14159.0
2026-03-26,13,175.0,3.95,18.67,10322.0,3845.0,12.07,11.03,14166.0
2026-03-26,14,211.0,3.98,18.77,10263.0,3841.0,12.05,11.0,14104.0
2026-03-26,15,189.0,4.01,18.91,10191.0,3809.0,11.96,10.92,14001.0
2026-03-26,16,152.0,4.04,18.35,10127.0,3783.0,11.94,10.9,13910.0
2026-03-26,17,13410.0,3.94,18.04,11935.0,4726.0,15.82,15.15,16661.0
2026-03-26,18,13955.0,3.59,18.18,13425.0,5324.0,18.99,18.43,18750.0
2026-03-26,19,13982.0,3.21,18.18,13267.0,5246.0,19.01,18.41,18513.0
2026-03-26,20,13944.0,2.85,18.09,13235.0,5164.0,18.99,18.38,18399.0
2026-03-26,21,14246.0,2.55,17.76,12171.0,4754.0,16.92,16.22,16926.0
2026-03-26,22,14441.0,2.46,17.95,10441.0,4092.0,13.17,12.36,14534.0
2026-03-26,23,2662.0,2.63,20.1,7527.0,2817.0,8.51,7.43,10344.0
2026-03-27,0,4763.0,2.93,19.18,5696.0,2104.0,5.94,4.8,7800.0
2026-03-27,1,5830.0,3.44,18.12,5379.0,2033.0,6.02,4.85,7412.0
2026-03-27,2,5868.0,3.97,18.44,5340.0,2046.0,6.32,5.15,7386.0
2026-03-27,3,5998.0,4.52,19.02,5431.0,2072.0,6.59,5.42,7503.0
2026-03-27,4,5114.0,5.05,17.61,7389.0,2730.0,9.19,8.05,10119.0
2026-03-27,5,14166.0,5.23,18.05,10813.0,4243.0,15.84,15.01,15055.0
2026-03-27,6,14910.0,5.07,18.05,12855.0,5052.0,18.92,18.23,17908.0
2026-03-27,7,14725.0,4.8,17.59,13243.0,5223.0,19.06,18.42,18465.0
2026-03-27,8,14595.0,4.49,17.41,13431.0,5322.0,19.12,18.49,18754.0
2026-03-27,9,14684.0,4.17,17.07,13040.0,5178.0,18.45,17.8,18218.0
2026-03-27,10,14883.0,3.99,16.99,11383.0,4535.0,14.85,14.11,15918.0
2026-03-27,11,557.0,4.06,18.13,10087.0,3756.0,11.86,10.8,13844.0
2026-03-27,12,173.0,4.09,18.49,10373.0,3871.0,12.0,10.95,14244.0
2026-03-27,13,194.0,4.12,18.91,10294.0,3839.0,11.9,10.86,14133.0
2026-03-27,14,172.0,4.15,19.57,10415.0,3914.0,12.16,11.11,14330.0
2026-03-27,15,207.0,4.17,19.94,10411.0,3919.0,12.21,11.17,14329.0
2026-03-27,16,391.0,4.2,19.47,10261.0,3851.0,12.04,11.0,14112.0
2026-03-27,17,12390.0,4.06,20.28,11948.0,4723.0,15.87,15.19,16671.0
2026-03-27,18,13288.0,3.62,19.31,13309.0,5228.0,18.97,18.38,18538.0
2026-03-27,19,13673.0,3.23,18.99,13083.0,5095.0,19.01,18.4,18178.0
2026-03-27,20,14316.0,2.88,18.4,13012.0,5052.0,19.01,18.39,18064.0
2026-03-27,21,13417.0,2.63,19.36,11969.0,4678.0,16.88,16.17,16647.0
2026-03-27,22,8900.0,2.51,19.24,10490.0,3998.0,13.26,12.33,14488.0
2026-03-27,23,1601.0,2.63,21.6,7934.0,2948.0,8.94,7.82,10882.0
2026-03-28,0,4298.0,2.91,20.28,6251.0,2335.0,6.42,5.27,8586.0
2026-03-28,1,4300.0,3.3,20.1,6073.0,2285.0,6.66,5.5,8359.0
2026-03-28,2,4713.0,3.7,20.99,5934.0,2231.0,6.92,5.76,8165.0
2026-03-28,3,5223.0,4.16,21.12,5872.0,2215.0,7.06,5.9,8087.0
2026-03-28,4,5191.0,4.64,20.09,5823.0,2160.0,7.08,5.92,7983.0
2026-03-28,5,10858.0,5.03,19.59,8069.0,3179.0,11.12,10.14,11249.0
2026-03-28,6,13795.0,5.03,18.9,11640.0,4523.0,16.58,15.82,16163.0
2026-03-28,7,14072.0,4.76,18.3,12969.0,5048.0,18.73,18.09,18017.0
2026-03-28,8,14560.0,4.43,17.69,13296.0,5181.0,18.92,18.31,18477.0
2026-03-28,9,14980.0,4.12,16.95,13464.0,5311.0,19.04,18.44,18775.0
2026-03-28,10,15759.0,3.84,16.47,13242.0,5209.0,18.12,17.52,18451.0
2026-03-28,11,16225.0,3.73,16.16,12119.0,4765.0,15.73,15.06,16884.0
2026-03-28,12,2634.0,3.81,17.84,10965.0,4084.0,12.99,11.99,15049.0
2026-03-28,13,168.0,3.85,18.8,10678.0,3958.0,12.6,11.55,14636.0
2026-03-28,14,181.0,3.87,18.84,10667.0,3959.0,12.65,11.61,14626.0
2026-03-28,15,183.0,3.9,19.0,10605.0,3917.0,12.58,11.55,14521.0
2026-03-28,16,295.0,3.93,18.46,10634.0,3948.0,12.71,11.67,14583.0
2026-03-28,17,13300.0,3.82,19.1,12011.0,4744.0,15.93,15.27,16754.0
2026-03-28,18,14234.0,3.46,18.32,13403.0,5259.0,19.0,18.44,18663.0
2026-03-28,19,14467.0,3.14,18.44,13137.0,5122.0,18.91,18.31,18259.0
2026-03-28,20,14562.0,2.87,18.69,12692.0,4982.0,18.16,17.52,17674.0
2026-03-28,21,14523.0,2.69,18.54,11761.0,4624.0,16.35,15.65,16385.0
2026-03-28,22,10093.0,2.66,18.13,10645.0,4101.0,13.66,12.8,14746.0
2026-03-28,23,3272.0,2.9,20.88,8753.0,3232.0,10.17,9.05,11985.0
2026-03-29,0,4007.0,3.23,21.52,6130.0,2273.0,6.31,5.16,8403.0
2026-03-29,1,4053.0,3.6,21.41,5898.0,2208.0,6.47,5.32,8106.0
2026-03-29,2,4116.0,3.97,21.9,5922.0,2213.0,6.9,5.75,8135.0
2026-03-29,3,4088.0,4.34,21.92,5890.0,2190.0,7.1,5.94,8080.0
2026-03-29,4,4065.0,4.71,21.63,5850.0,2174.0,7.18,6.03,8024.0
2026-03-29,5,9744.0,5.03,19.48,7787.0,3078.0,10.99,10.02,10865.0
2026-03-29,6,13726.0,5.02,18.42,11412.0,4429.0,16.64,15.85,15841.0
2026-03-29,7,14655.0,4.8,18.12,12835.0,4994.0,18.74,18.09,17829.0
2026-03-29,8,15113.0,4.54,17.36,13203.0,5152.0,19.04,18.39,18354.0
2026-03-29,9,15305.0,4.29,17.46,13327.0,5237.0,19.03,18.41,18563.0
2026-03-29,10,15256.0,4.04,17.36,13108.0,5173.0,17.96,17.33,18281.0
2026-03-29,11,15468.0,3.88,17.7,12025.0,4737.0,15.75,15.04,16762.0
2026-03-29,12,15075.0,3.87,18.77,10896.0,4266.0,13.17,12.43,15161.0
2026-03-29,13,1312.0,3.96,19.18,10734.0,3962.0,12.66,11.64,14696.0
2026-03-29,14,198.0,3.99,19.59,10609.0,3877.0,12.65,11.63,14486.0
2026-03-29,15,190.0,4.02,19.74,10565.0,3880.0,12.63,11.61,14445.0
2026-03-29,16,185.0,4.05,19.41,10634.0,3928.0,12.87,11.84,14562.0
2026-03-29,17,14586.0,4.01,18.4,11896.0,4616.0,15.83,15.16,16513.0
2026-03-29,18,14846.0,3.77,18.47,13398.0,5170.0,18.97,18.41,18568.0
2026-03-29,19,14849.0,3.5,18.48,13150.0,5033.0,18.9,18.31,18183.0
2026-03-29,20,14509.0,3.26,18.7,12693.0,4845.0,18.11,17.49,17538.0
2026-03-29,21,14460.0,3.09,18.77,11673.0,4528.0,16.35,15.68,16201.0
2026-03-29,22,9779.0,3.08,18.27,10582.0,4048.0,13.66,12.8,14630.0
2026-03-29,23,3912.0,3.37,20.89,8661.0,3195.0,10.13,9.01,11855.0
2026-03-30,0,3732.0,3.72,20.25,5811.0,2157.0,6.07,4.92,7968.0
2026-03-30,1,3682.0,4.05,20.26,5636.0,2137.0,6.28,5.11,7773.0
2026-03-30,2,3691.0,4.39,20.81,5662.0,2132.0,6.74,5.58,7795.0
2026-03-30,3,3665.0,4.72,21.03,5681.0,2124.0,6.94,5.78,7805.0
2026-03-30,4,3259.0,5.04,19.26,7473.0,2744.0,9.42,8.28,10217.0
2026-03-30,5,13278.0,5.16,17.42,10716.0,4139.0,15.67,14.85,14855.0
2026-03-30,6,14673.0,4.99,17.73,12779.0,4943.0,18.89,18.21,17722.0
2026-03-30,7,14678.0,4.73,17.57,13265.0,5099.0,19.08,18.44,18365.0
2026-03-30,8,14523.0,4.42,17.4,13399.0,5221.0,19.14,18.51,18621.0
2026-03-30,9,14765.0,4.12,16.96,12851.0,5091.0,18.19,17.52,17942.0
2026-03-30,10,14139.0,3.97,17.01,11320.0,4440.0,14.56,13.8,15760.0
2026-03-30,11,0.0,4.04,18.48,9880.0,3672.0,11.58,10.49,13552.0
2026-03-30,12,20.0,4.05,18.6,10342.0,3831.0,11.92,10.85,14173.0
2026-03-30,13,15.0,4.06,18.95,10395.0,3868.0,12.01,10.94,14264.0
2026-03-30,14,4.0,4.08,19.14,10350.0,3869.0,12.1,11.04,14218.0
2026-03-30,15,12.0,4.09,19.28,10290.0,3835.0,12.02,10.98,14126.0
2026-03-30,16,6.0,4.11,18.78,10294.0,3865.0,12.1,11.05,14159.0
2026-03-30,17,13246.0,4.01,18.15,11987.0,4775.0,15.81,15.12,16762.0
2026-03-30,18,14220.0,3.69,17.96,13406.0,5290.0,19.03,18.45,18697.0
2026-03-30,19,14250.0,3.36,18.03,13132.0,5149.0,19.03,18.4,18280.0
2026-03-30,20,14248.0,3.04,18.06,13067.0,5125.0,18.9,18.26,18192.0
2026-03-30,21,14271.0,2.78,18.12,12068.0,4708.0,16.89,16.18,16777.0
2026-03-30,22,13322.0,2.68,19.35,10381.0,4091.0,13.18,12.34,14473.0
2026-03-30,23,3759.0,2.84,20.66,7257.0,2693.0,8.42,7.28,9950.0
2026-03-31,0,4593.0,3.21,20.33,5611.0,2068.0,5.77,4.61,7678.0
2026-03-31,1,4991.0,3.66,19.65,5420.0,2039.0,5.93,4.76,7459.0
2026-03-31,2,4944.0,4.11,19.23,5238.0,1984.0,6.21,5.04,7222.0
2026-03-31,3,4999.0,4.56,19.74,5278.0,1996.0,6.54,5.37,7274.0
2026-03-31,4,4643.0,5.01,17.69,7336.0,2710.0,9.23,8.08,10046.0
2026-03-31,5,13893.0,5.17,17.22,10881.0,4202.0,15.83,15.01,15082.0
2026-03-31,6,14556.0,4.99,17.62,12839.0,4940.0,18.93,18.25,17779.0
2026-03-31,7,14523.0,4.71,17.54,13275.0,5160.0,19.04,18.39,18435.0
2026-03-31,8,14306.0,4.37,17.21,13350.0,5239.0,19.15,18.5,18589.0
2026-03-31,9,14864.0,4.07,16.59,12874.0,5114.0,18.4,17.72,17988.0
2026-03-31,10,13840.0,3.88,17.52,11226.0,4456.0,14.75,13.98,15683.0
2026-03-31,11,1049.0,3.9,18.23,9961.0,3697.0,11.93,10.88,13659.0
2026-03-31,12,6.0,3.92,18.48,10222.0,3782.0,11.89,10.82,14004.0
2026-03-31,13,3.0,3.93,18.81,10356.0,3828.0,12.11,11.06,14184.0
2026-03-31,14,0.0,3.95,19.65,10263.0,3833.0,12.12,11.08,14096.0
2026-03-31,15,6.0,3.96,19.84,10194.0,3825.0,12.02,10.98,14019.0
2026-03-31,16,4.0,3.97,19.46,10236.0,3834.0,12.16,11.13,14070.0
2026-03-31,17,13787.0,3.91,18.19,11892.0,4721.0,15.87,15.21,16613.0
2026-03-31,18,14289.0,3.62,18.03,13325.0,5251.0,19.03,18.46,18576.0
2026-03-31,19,13701.0,3.28,18.92,13176.0,5136.0,19.0,18.4,18312.0
2026-03-31,20,13672.0,2.9,18.65,13108.0,5083.0,18.89,18.26,18191.0
2026-03-31,21,14310.0,2.61,17.95,12054.0,4722.0,16.87,16.16,16776.0
2026-03-31,22,8013.0,2.56,18.2,10687.0,4068.0,13.3,12.36,14755.0
2026-03-31,23,2528.0,2.71,20.62,7773.0,2924.0,8.77,7.64,10697.0
2026-04-01,0,4616.0,3.03,19.62,6334.0,2377.0,6.51,5.36,8711.0
2026-04-01,1,4682.0,3.45,19.89,6162.0,2329.0,6.78,5.62,8491.0
2026-04-01,2,4762.0,3.88,20.41,6000.0,2269.0,6.98,5.82,8269.0
2026-04-01,3,4812.0,4.32,20.9,5785.0,2175.0,6.94,5.77,7960.0
2026-04-01,4,4313.0,4.75,18.96,7582.0,2805.0,9.46,8.31,10387.0
2026-04-01,5,13866.0,4.94,17.62,10837.0,4205.0,15.74,14.92,15041.0
2026-04-01,6,14945.0,4.81,17.04,12835.0,4978.0,18.91,18.23,17813.0
2026-04-01,7,14726.0,4.54,16.66,13307.0,5205.0,19.07,18.43,18512.0
2026-04-01,8,14742.0,4.24,16.61,13395.0,5245.0,19.15,18.51,18640.0
2026-04-01,9,14713.0,3.95,16.61,12812.0,5082.0,18.22,17.54,17894.0
2026-04-01,10,13870.0,3.76,17.75,11453.0,4579.0,14.89,14.15,16033.0
2026-04-01,11,418.0,3.77,18.91,10060.0,3762.0,11.96,10.89,13822.0
2026-04-01,12,183.0,3.8,18.66,10280.0,3820.0,11.97,10.91,14100.0
2026-04-01,13,192.0,3.83,18.84,10311.0,3827.0,12.01,10.96,14138.0
2026-04-01,14,199.0,3.86,18.96,10168.0,3793.0,11.92,10.87,13961.0
2026-04-01,15,218.0,3.89,19.05,10065.0,3739.0,12.0,10.95,13804.0
2026-04-01,16,369.0,3.92,19.0,10029.0,3774.0,12.03,11.01,13803.0
2026-04-01,17,12727.0,3.79,19.49,11784.0,4780.0,15.98,15.33,16564.0
2026-04-01,18,13471.0,3.38,18.6,13285.0,5301.0,19.04,18.45,18585.0
2026-04-01,19,13425.0,2.98,18.46,13123.0,5176.0,19.01,18.4,18298.0
2026-04-01,20,15634.0,2.64,16.23,13081.0,5155.0,18.92,18.28,18236.0
2026-04-01,21,16180.0,2.56,15.46,12012.0,4727.0,16.84,16.13,16738.0
2026-04-01,22,12967.0,2.59,17.61,10503.0,4098.0,13.23,12.37,14602.0
2026-04-01,23,4021.0,2.84,18.66,7789.0,2890.0,8.86,7.73,10679.0
2026-04-02,0,3821.0,3.2,19.23,6189.0,2314.0,6.38,5.24,8503.0
2026-04-02,1,3808.0,3.54,18.92,6012.0,2253.0,6.64,5.49,8265.0
2026-04-02,2,3829.0,3.88,19.24,5908.0,2222.0,6.94,5.78,8130.0
2026-04-02,3,4253.0,4.24,19.5,5704.0,2141.0,6.88,5.71,7845.0
2026-04-02,4,10288.0,4.7,15.68,7782.0,2952.0,9.76,8.72,10734.0
2026-04-02,5,15741.0,4.98,17.42,10923.0,4257.0,15.99,15.2,15180.0
2026-04-02,6,15262.0,4.9,17.34,12798.0,4995.0,18.84,18.19,17793.0
2026-04-02,7,15028.0,4.67,16.92,13290.0,5299.0,19.04,18.39,18589.0
2026-04-02,8,14856.0,4.38,16.61,13378.0,5322.0,19.13,18.5,18700.0
2026-04-02,9,14713.0,4.1,16.38,12962.0,5168.0,18.4,17.75,18130.0
2026-04-02,10,14647.0,3.93,16.91,11287.0,4459.0,14.58,13.82,15746.0
2026-04-02,11,371.0,3.99,18.58,9904.0,3660.0,11.71,10.65,13564.0
2026-04-02,12,16.0,4.0,19.23,10271.0,3807.0,11.87,10.81,14078.0
2026-04-02,13,4.0,4.02,19.6,10339.0,3858.0,12.01,10.95,14197.0
2026-04-02,14,4.0,4.03,19.65,10314.0,3855.0,12.08,11.02,14169.0
2026-04-02,15,14.0,4.05,19.93,10256.0,3865.0,12.08,11.03,14121.0
2026-04-02,16,13.0,4.06,19.59,10273.0,3872.0,12.09,11.04,14145.0
2026-04-02,17,14103.0,4.0,18.1,11959.0,4806.0,15.88,15.19,16765.0
2026-04-02,18,14808.0,3.73,17.9,13430.0,5326.0,19.1,18.51,18756.0
2026-04-02,19,14899.0,3.45,18.1,13173.0,5168.0,19.0,18.38,18341.0
2026-04-02,20,14936.0,3.19,18.03,13120.0,5130.0,18.87,18.24,18250.0
2026-04-02,21,14763.0,2.98,17.82,12163.0,4790.0,16.96,16.27,16954.0
2026-04-02,22,9201.0,2.96,17.62,10549.0,4071.0,13.2,12.28,14620.0
2026-04-02,23,3696.0,3.23,19.63,7699.0,2867.0,8.62,7.49,10567.0
2026-04-03,0,3822.0,3.57,20.02,5785.0,2154.0,5.89,4.74,7939.0
2026-04-03,1,3845.0,3.92,20.27,5813.0,2179.0,6.28,5.12,7992.0
2026-04-03,2,3860.0,4.27,20.62,5795.0,2169.0,6.74,5.58,7964.0
2026-04-03,3,3904.0,4.62,20.9,5741.0,2145.0,6.97,5.8,7886.0
2026-04-03,4,3519.0,4.97,19.51,7513.0,2803.0,9.37,8.22,10316.0
2026-04-03,5,13293.0,5.1,18.24,10826.0,4243.0,15.71,14.89,15069.0
2026-04-03,6,14607.0,4.93,18.18,12908.0,5043.0,18.91,18.24,17951.0
2026-04-03,7,14461.0,4.64,17.69,13293.0,5225.0,19.09,18.44,18518.0
2026-04-03,8,14707.0,4.31,17.27,13443.0,5262.0,19.13,18.49,18705.0
2026-04-03,9,14824.0,4.02,16.96,13052.0,5111.0,18.43,17.78,18163.0
2026-04-03,10,14441.0,3.84,16.82,11575.0,4571.0,14.94,14.18,16146.0
2026-04-03,11,213.0,3.89,18.02,9938.0,3730.0,11.62,10.53,13668.0
2026-04-03,12,20.0,3.91,18.94,10488.0,3920.0,12.06,11.0,14408.0
2026-04-03,13,11.0,3.93,19.49,10516.0,3915.0,12.13,11.07,14431.0
2026-04-03,14,12.0,3.94,19.66,10423.0,3886.0,12.05,11.0,14309.0
2026-04-03,15,0.0,3.95,19.75,10448.0,3894.0,12.1,11.05,14342.0
2026-04-03,16,256.0,3.97,19.24,10388.0,3902.0,12.13,11.1,14290.0
2026-04-03,17,14210.0,3.88,18.32,12005.0,4743.0,15.83,15.15,16749.0
2026-04-03,18,14212.0,3.57,18.09,13344.0,5269.0,19.05,18.45,18613.0
2026-04-03,19,14313.0,3.24,18.4,13138.0,5108.0,19.02,18.39,18245.0
2026-04-03,20,14476.0,2.95,18.68,13063.0,5099.0,18.91,18.27,18162.0
2026-04-03,21,14430.0,2.71,18.73,12066.0,4728.0,16.93,16.21,16794.0
2026-04-03,22,13564.0,2.63,19.79,10427.0,4096.0,13.21,12.38,14523.0
2026-04-03,23,3297.0,2.78,20.61,7504.0,2796.0,8.46,7.31,10299.0
2026-04-04,0,4131.0,3.1,19.62,5794.0,2155.0,5.99,4.83,7949.0
2026-04-04,1,4290.0,3.49,18.97,5568.0,2105.0,6.09,4.92,7672.0
2026-04-04,2,4313.0,3.89,19.07,5508.0,2102.0,6.42,5.25,7610.0
2026-04-04,3,4400.0,4.28,19.66,5573.0,2114.0,6.77,5.6,7687.0
2026-04-04,4,4336.0,4.68,19.4,5722.0,2163.0,6.97,5.8,7885.0
2026-04-04,5,5290.0,5.04,17.47,7826.0,2966.0,10.69,9.57,10792.0
2026-04-04,6,14279.0,5.1,18.72,11589.0,4532.0,16.52,15.73,16121.0
2026-04-04,7,14126.0,4.85,18.29,13067.0,5087.0,18.8,18.14,18154.0
2026-04-04,8,14010.0,4.49,18.11,13433.0,5279.0,19.02,18.38,18713.0
2026-04-04,9,13931.0,4.1,17.91,13499.0,5355.0,19.07,18.46,18855.0
2026-04-04,10,13895.0,3.71,17.73,13250.0,5185.0,18.06,17.45,18435.0
2026-04-04,11,15371.0,3.45,16.82,12093.0,4742.0,15.75,15.05,16835.0
2026-04-04,12,15879.0,3.47,17.07,10957.0,4343.0,13.35,12.61,15300.0
2026-04-04,13,513.0,3.6,18.44,10792.0,3983.0,12.74,11.67,14775.0
2026-04-04,14,198.0,3.63,18.61,10744.0,3961.0,12.79,11.75,14706.0
2026-04-04,15,163.0,3.66,18.69,10706.0,3973.0,12.81,11.77,14679.0
2026-04-04,16,344.0,3.69,18.38,10571.0,3941.0,12.64,11.62,14512.0
2026-04-04,17,14278.0,3.61,18.23,12018.0,4791.0,15.92,15.25,16809.0
2026-04-04,18,14389.0,3.31,18.24,13396.0,5253.0,18.98,18.42,18649.0
2026-04-04,19,14143.0,3.01,19.03,13044.0,5056.0,18.93,18.33,18100.0
2026-04-04,20,13278.0,2.68,19.12,12578.0,4870.0,18.14,17.5,17448.0
2026-04-04,21,13446.0,2.41,18.73,11736.0,4550.0,16.34,15.61,16286.0
2026-04-04,22,9157.0,2.31,18.3,10708.0,4050.0,13.66,12.75,14758.0
2026-04-04,23,1596.0,2.38,19.06,8576.0,3134.0,10.17,9.03,11711.0
2026-04-05,0,4785.0,2.69,18.39,6255.0,2338.0,6.56,5.41,8593.0
2026-04-05,1,4972.0,3.13,19.5,6103.0,2316.0,6.77,5.61,8418.0
2026-04-05,2,5077.0,3.59,20.23,5794.0,2210.0,6.88,5.72,8005.0
2026-04-05,3,5200.0,4.06,20.86,5587.0,2115.0,6.83,5.66,7703.0
2026-04-05,4,4987.0,4.53,19.5,5366.0,2031.0,6.56,5.4,7396.0
2026-04-05,5,8955.0,4.92,18.33,7845.0,3019.0,10.95,9.9,10864.0
2026-04-05,6,13869.0,4.95,18.52,11495.0,4503.0,16.64,15.88,15998.0
2026-04-05,7,13970.0,4.68,18.23,12821.0,4998.0,18.74,18.08,17818.0
2026-04-05,8,15398.0,4.42,17.47,13185.0,5127.0,19.02,18.39,18312.0
2026-04-05,9,15854.0,4.21,16.97,13334.0,5162.0,19.12,18.51,18496.0
2026-04-05,10,15872.0,4.02,16.89,13173.0,5108.0,18.06,17.47,18280.0
2026-04-05,11,15002.0,3.92,18.53,12057.0,4689.0,15.78,15.13,16746.0
2026-04-05,12,1439.0,3.89,18.82,11086.0,4092.0,13.32,12.33,15179.0
2026-04-05,13,195.0,3.93,19.35,10617.0,3915.0,12.52,11.48,14532.0
2026-04-05,14,130.0,3.96,20.17,10544.0,3900.0,12.62,11.59,14444.0
2026-04-05,15,6.0,3.97,20.94,10431.0,3843.0,12.53,11.51,14274.0
2026-04-05,16,83.0,3.99,20.61,10587.0,3882.0,12.83,11.81,14469.0
2026-04-05,17,14456.0,3.93,19.44,11956.0,4706.0,15.81,15.15,16663.0
2026-04-05,18,14223.0,3.62,19.31,13429.0,5240.0,19.02,18.46,18669.0
2026-04-05,19,15171.0,3.34,18.59,13093.0,5064.0,18.95,18.34,18156.0
2026-04-05,20,15139.0,3.14,18.64,12705.0,4907.0,18.16,17.52,17612.0
2026-04-05,21,15232.0,3.03,18.8,11700.0,4530.0,16.4,15.67,16229.0
2026-04-05,22,10638.0,3.06,19.27,10552.0,4041.0,13.63,12.74,14593.0
2026-04-05,23,3385.0,3.3,19.94,8657.0,3158.0,10.23,9.12,11815.0
2026-04-06,0,3445.0,3.61,20.73,6143.0,2264.0,6.44,5.3,8407.0
2026-04-06,1,3410.0,3.92,20.55,5788.0,2160.0,6.42,5.26,7948.0
2026-04-06,2,3369.0,4.23,20.13,5613.0,2105.0,6.65,5.49,7718.0
2026-04-06,3,3443.0,4.53,20.96,5745.0,2144.0,7.0,5.83,7889.0
2026-04-06,4,3450.0,4.85,21.03,5800.0,2164.0,7.17,6.01,7964.0
2026-04-06,5,4869.0,5.13,17.67,7341.0,2783.0,9.99,8.88,10125.0
2026-04-06,6,13726.0,5.14,17.72,11560.0,4480.0,16.53,15.76,16040.0
2026-04-06,7,13821.0,4.86,17.69,12946.0,5017.0,18.74,18.07,17963.0
2026-04-06,8,14156.0,4.51,16.63,13296.0,5193.0,19.03,18.39,18490.0
2026-04-06,9,14444.0,4.17,16.25,13405.0,5304.0,19.1,18.46,18710.0
2026-04-06,10,14468.0,3.83,16.12,13234.0,5178.0,18.06,17.45,18412.0
2026-04-06,11,15373.0,3.62,16.05,12124.0,4739.0,15.76,15.08,16863.0
2026-04-06,12,15376.0,3.61,16.09,10930.0,4326.0,13.29,12.58,15257.0
2026-04-06,13,1265.0,3.71,17.34,10576.0,3948.0,12.39,11.37,14524.0
2026-04-06,14,167.0,3.74,17.38,10518.0,3928.0,12.47,11.44,14446.0
2026-04-06,15,169.0,3.77,17.58,10611.0,3932.0,12.63,11.6,14542.0
2026-04-06,16,151.0,3.8,17.64,10610.0,3961.0,12.75,11.73,14571.0
2026-04-06,17,14086.0,3.71,16.99,12176.0,4807.0,16.07,15.42,16983.0
2026-04-06,18,15162.0,3.43,17.23,13503.0,5236.0,19.09,18.53,18739.0
2026-04-06,19,15261.0,3.18,17.33,13193.0,5124.0,18.93,18.33,18317.0
2026-04-06,20,15214.0,2.97,17.31,12736.0,4931.0,18.13,17.51,17667.0
2026-04-06,21,15162.0,2.85,17.33,11806.0,4636.0,16.35,15.67,16442.0
2026-04-06,22,9287.0,2.88,17.54,10631.0,4075.0,13.52,12.63,14706.0
2026-04-06,23,3515.0,3.16,18.86,8568.0,3148.0,9.8,8.68,11716.0
2026-04-07,0,4228.0,3.5,19.69,5879.0,2164.0,6.05,4.9,8042.0
2026-04-07,1,4465.0,3.9,19.78,5754.0,2166.0,6.34,5.18,7919.0
2026-04-07,2,4558.0,4.31,20.25,5780.0,2160.0,6.79,5.64,7940.0
2026-04-07,3,4571.0,4.73,20.46,5726.0,2119.0,6.97,5.81,7845.0
2026-04-07,4,6044.0,5.12,18.86,7329.0,2744.0,9.2,8.11,10073.0
2026-04-07,5,13296.0,5.17,18.61,10726.0,4194.0,15.58,14.77,14920.0
2026-04-07,6,14621.0,4.98,18.27,12911.0,5018.0,18.92,18.27,17928.0
2026-04-07,7,14435.0,4.69,17.77,13329.0,5192.0,19.05,18.41,18520.0
2026-04-07,8,14371.0,4.35,17.69,13439.0,5252.0,19.09,18.46,18691.0
2026-04-07,9,15281.0,4.04,17.11,13040.0,5145.0,18.45,17.78,18185.0
2026-04-07,10,14422.0,3.91,16.66,11545.0,4512.0,14.89,14.14,16057.0
2026-04-07,11,5.0,3.98,18.89,10067.0,3766.0,11.9,10.83,13833.0
2026-04-07,12,5.0,3.99,19.0,10304.0,3844.0,11.91,10.85,14148.0
2026-04-07,13,4.0,4.0,19.05,10319.0,3846.0,11.97,10.93,14164.0
2026-04-07,14,6.0,4.02,19.34,10331.0,3849.0,12.11,11.07,14180.0
2026-04-07,15,7.0,4.03,19.8,10125.0,3789.0,11.88,10.85,13914.0
2026-04-07,16,25.0,4.05,19.24,10240.0,3820.0,12.04,11.01,14060.0
2026-04-07,17,13929.0,3.96,18.14,11870.0,4700.0,15.77,15.09,16569.0
2026-04-07,18,14138.0,3.64,17.86,13382.0,5314.0,19.03,18.46,18696.0
2026-04-07,19,14460.0,3.3,17.28,13195.0,5193.0,19.04,18.44,18388.0
2026-04-07,20,14244.0,2.99,16.93,13071.0,5113.0,18.92,18.31,18184.0
2026-04-07,21,14212.0,2.74,16.88,12033.0,4708.0,16.9,16.21,16741.0
2026-04-07,22,14282.0,2.65,17.02,10491.0,4116.0,13.31,12.49,14606.0
2026-04-07,23,3768.0,2.88,18.15,7661.0,2846.0,8.64,7.52,10507.0
2026-04-08,0,4988.0,3.28,18.73,5485.0,2036.0,5.75,4.6,7521.0
2026-04-08,1,5121.0,3.74,18.65,5388.0,2027.0,5.95,4.79,7414.0
2026-04-08,2,5303.0,4.22,19.7,5482.0,2121.0,6.44,5.28,7603.0
2026-04-08,3,5527.0,4.72,21.15,5736.0,2175.0,6.94,5.78,7910.0
2026-04-08,4,5347.0,5.2,20.15,7034.0,2633.0,8.83,7.69,9667.0
2026-04-08,5,13295.0,5.33,19.96,10799.0,4203.0,15.79,14.97,15002.0
2026-04-08,6,13211.0,5.06,19.71,12864.0,5026.0,18.95,18.26,17891.0
2026-04-08,7,12907.0,4.64,18.85,13229.0,5168.0,19.12,18.47,18397.0
2026-04-08,8,14159.0,4.21,17.89,13326.0,5243.0,19.14,18.5,18569.0
2026-04-08,9,14683.0,3.9,17.67,12991.0,5187.0,18.47,17.8,18178.0
2026-04-08,10,9349.0,3.73,17.59,11460.0,4453.0,14.69,13.86,15914.0
2026-04-08,11,177.0,3.75,18.27,10075.0,3749.0,11.82,10.75,13824.0
2026-04-08,12,203.0,3.78,18.98,10379.0,3837.0,11.99,10.94,14216.0
2026-04-08,13,214.0,3.81,19.79,10389.0,3880.0,12.01,10.96,14269.0
2026-04-08,14,209.0,3.84,19.65,10287.0,3856.0,11.96,10.91,14144.0
2026-04-08,15,200.0,3.87,19.49,10208.0,3809.0,11.9,10.86,14017.0
2026-04-08,16,213.0,3.9,18.76,10450.0,3905.0,12.38,11.33,14355.0
2026-04-08,17,14722.0,3.85,17.57,11929.0,4782.0,15.98,15.27,16712.0
2026-04-08,18,15249.0,3.62,17.04,13317.0,5303.0,19.04,18.46,18620.0
2026-04-08,19,15572.0,3.42,16.66,13150.0,5127.0,18.99,18.39,18277.0
2026-04-08,20,16145.0,3.24,16.08,13063.0,5093.0,18.9,18.29,18156.0
2026-04-08,21,16420.0,3.19,16.03,12015.0,4706.0,16.87,16.18,16720.0
2026-04-08,22,8485.0,3.24,18.13,10554.0,3953.0,13.24,12.29,14507.0
2026-04-08,23,3064.0,3.44,20.8,7718.0,2870.0,8.79,7.66,10588.0
2026-04-09,0,3891.0,3.76,19.76,6050.0,2277.0,6.38,5.23,8327.0
2026-04-09,1,3928.0,4.05,19.56,5825.0,2234.0,6.55,5.39,8059.0
2026-04-09,2,3950.0,4.08,19.55,5786.0,2236.0,6.59,5.42,8022.0
2026-04-09,3,4002.0,4.42,20.17,5770.0,2222.0,6.81,5.63,7992.0
2026-04-09,4,11774.0,5.13,20.71,7474.0,3086.0,9.82,8.88,10560.0
2026-04-09,5,13398.0,5.12,19.39,10737.0,4184.0,15.77,14.95,14922.0
2026-04-09,6,15076.0,4.94,17.71,12827.0,4973.0,18.93,18.27,17800.0
2026-04-09,7,15011.0,4.71,17.17,13185.0,5138.0,19.09,18.44,18322.0
2026-04-09,8,14844.0,4.44,16.89,13343.0,5276.0,19.11,18.48,18619.0
2026-04-09,9,15570.0,4.18,15.9,12942.0,5150.0,18.45,17.79,18091.0
2026-04-09,10,13081.0,4.08,16.73,11443.0,4475.0,14.81,14.03,15918.0
2026-04-09,11,7.0,4.14,18.76,10036.0,3744.0,11.83,10.76,13780.0
2026-04-09,12,12.0,4.16,18.95,10201.0,3792.0,11.84,10.78,13993.0
2026-04-09,13,10.0,4.17,19.16,10303.0,3841.0,11.9,10.84,14144.0
2026-04-09,14,6.0,4.18,19.27,10304.0,3867.0,11.99,10.93,14171.0
2026-04-09,15,10.0,4.2,19.37,10332.0,3872.0,12.06,11.01,14204.0
2026-04-09,16,11.0,4.21,18.93,10210.0,3837.0,11.99,10.94,14047.0
2026-04-09,17,13993.0,4.13,17.6,11815.0,4730.0,15.93,15.26,16545.0
2026-04-09,18,14659.0,3.85,16.45,13329.0,5303.0,19.06,18.44,18632.0
2026-04-09,19,15208.0,3.56,15.7,13165.0,5195.0,19.03,18.4,18360.0
2026-04-09,20,15340.0,3.34,15.51,13113.0,5113.0,18.93,18.29,18226.0
2026-04-09,21,15360.0,3.19,15.56,12092.0,4756.0,16.92,16.2,16848.0
2026-04-09,22,8536.0,3.22,16.33,10476.0,4013.0,13.0,12.07,14489.0
2026-04-09,23,3844.0,3.5,19.61,7605.0,2819.0,8.46,7.32,10424.0
2026-04-10,0,3899.0,3.85,20.75,5839.0,2170.0,6.11,4.95,8009.0
2026-04-10,1,3938.0,4.21,21.03,5798.0,2201.0,6.45,5.29,7999.0
2026-04-10,2,3957.0,4.56,21.3,5764.0,2174.0,6.88,5.72,7938.0
2026-04-10,3,3951.0,4.92,21.46,5773.0,2160.0,7.09,5.92,7933.0
2026-04-10,4,10822.0,5.23,19.99,7897.0,3106.0,10.23,9.26,11003.0
2026-04-10,5,13559.0,5.21,17.9,10772.0,4195.0,15.93,15.12,14967.0
2026-04-10,6,15114.0,5.02,17.35,13141.0,5035.0,18.91,18.28,18177.0
2026-04-10,7,14934.0,4.79,17.08,12956.0,5078.0,19.14,18.49,18034.0
2026-04-10,8,14845.0,4.54,16.85,13141.0,5210.0,19.13,18.48,18351.0
2026-04-10,9,15036.0,4.29,17.17,12780.0,5092.0,18.47,17.81,17873.0
2026-04-10,10,15170.0,4.16,17.29,11352.0,4518.0,14.87,14.14,15870.0
2026-04-10,11,210.0,4.24,18.95,10007.0,3721.0,11.79,10.72,13727.0
2026-04-10,12,9.0,4.26,19.15,10619.0,3916.0,12.04,10.97,14535.0
2026-04-10,13,0.0,4.27,19.27,10596.0,3935.0,12.15,11.1,14530.0
2026-04-10,14,2.0,4.28,19.4,10473.0,3890.0,12.12,11.07,14363.0
2026-04-10,15,8.0,4.3,19.52,10429.0,3884.0,12.1,11.06,14313.0
2026-04-10,16,6.0,4.31,18.57,10300.0,3874.0,12.0,10.95,14174.0
2026-04-10,17,14119.0,4.24,17.57,12010.0,4729.0,15.62,14.96,16739.0
2026-04-10,18,15234.0,4.0,17.46,13500.0,5317.0,19.07,18.49,18817.0
2026-04-10,19,15130.0,3.75,17.32,13196.0,5134.0,19.0,18.39,18331.0
2026-04-10,20,15094.0,3.51,17.28,13099.0,5091.0,18.89,18.26,18190.0
2026-04-10,21,15128.0,3.33,17.3,12035.0,4721.0,17.0,16.33,16756.0
2026-04-10,22,8805.0,3.35,17.92,10445.0,4039.0,13.22,12.33,14483.0
2026-04-10,23,1853.0,3.52,21.71,7567.0,2826.0,8.49,7.35,10393.0
2026-04-11,0,2450.0,3.72,20.63,5802.0,2145.0,5.95,4.8,7947.0
2026-04-11,1,2563.0,3.94,20.35,5617.0,2109.0,6.14,4.97,7726.0
2026-04-11,2,2671.0,4.18,22.28,5890.0,2218.0,6.86,5.7,8109.0
2026-04-11,3,2725.0,4.42,22.26,5855.0,2193.0,7.09,5.92,8048.0
2026-04-11,4,2701.0,4.66,22.32,5842.0,2192.0,7.14,5.98,8034.0
2026-04-11,5,4144.0,4.89,19.43,7899.0,2948.0,10.62,9.5,10847.0
2026-04-11,6,16248.0,4.98,16.98,11582.0,4521.0,16.38,15.65,16102.0
2026-04-11,7,16290.0,4.94,16.37,12855.0,5017.0,18.78,18.11,17872.0
2026-04-11,8,16148.0,4.81,16.08,13218.0,5180.0,18.94,18.29,18398.0
2026-04-11,9,16049.0,4.64,15.92,13361.0,5247.0,19.01,18.38,18608.0
2026-04-11,10,15586.0,4.44,16.3,13217.0,5168.0,18.06,17.44,18384.0
2026-04-11,11,15321.0,4.29,16.99,12093.0,4676.0,15.71,15.04,16769.0
2026-04-11,12,13594.0,4.24,18.81,10814.0,4237.0,13.12,12.38,15050.0
2026-04-11,13,18.0,4.26,18.52,10627.0,3894.0,12.36,11.33,14522.0
2026-04-11,14,4.0,4.27,18.52,10672.0,3967.0,12.6,11.56,14639.0
2026-04-11,15,11.0,4.29,18.62,10657.0,3953.0,12.71,11.68,14610.0
2026-04-11,16,244.0,4.3,18.41,10595.0,3952.0,12.62,11.58,14547.0
2026-04-11,17,15139.0,4.25,17.06,11949.0,4740.0,15.89,15.21,16689.0
2026-04-11,18,14944.0,4.01,16.97,13346.0,5229.0,19.08,18.5,18575.0
2026-04-11,19,15051.0,3.74,17.03,13056.0,5095.0,19.03,18.42,18151.0
2026-04-11,20,15297.0,3.55,17.52,12534.0,4844.0,18.18,17.52,17377.0
2026-04-11,21,14573.0,3.46,18.12,11546.0,4475.0,16.44,15.68,16021.0
2026-04-11,22,13191.0,3.39,20.3,10323.0,4040.0,13.61,12.78,14363.0
2026-04-11,23,4040.0,3.5,20.71,8502.0,3187.0,10.22,9.13,11688.0
2026-04-12,0,2706.0,3.74,22.01,6045.0,2262.0,6.53,5.37,8307.0
2026-04-12,1,2680.0,3.98,21.62,5758.0,2162.0,6.48,5.32,7920.0
2026-04-12,2,2733.0,4.22,22.15,5791.0,2143.0,6.9,5.74,7933.0
2026-04-12,3,2752.0,4.46,22.45,5805.0,2175.0,7.09,5.93,7980.0
2026-04-12,4,2719.0,4.71,22.09,5750.0,2123.0,7.09,5.93,7873.0
2026-04-12,5,2596.0,4.94,20.79,5270.0,1969.0,7.43,6.25,7238.0
2026-04-12,6,2046.0,5.16,19.12,7094.0,2627.0,9.51,8.35,9721.0
2026-04-12,7,14537.0,5.22,17.23,11154.0,4359.0,15.97,15.15,15512.0
2026-04-12,8,14443.0,5.04,17.38,12964.0,5047.0,19.02,18.34,18011.0
2026-04-12,9,13790.0,4.72,17.72,13091.0,5128.0,19.1,18.44,18219.0
2026-04-12,10,14025.0,4.36,17.36,12914.0,5048.0,18.11,17.47,17963.0
2026-04-12,11,14751.0,4.16,17.91,11666.0,4580.0,15.67,14.98,16246.0
2026-04-12,12,14066.0,4.14,18.5,10619.0,4187.0,13.2,12.43,14806.0
2026-04-12,13,21.0,4.21,19.09,10345.0,3760.0,12.4,11.36,14104.0
2026-04-12,14,2.0,4.22,18.69,10281.0,3760.0,12.48,11.44,14041.0
2026-04-12,15,0.0,4.23,18.64,10127.0,3733.0,12.44,11.39,13860.0
2026-04-12,16,149.0,4.25,18.13,9936.0,3643.0,12.26,11.22,13578.0
2026-04-12,17,14417.0,4.17,16.03,11663.0,4593.0,15.93,15.24,16256.0
2026-04-12,18,14873.0,3.98,16.62,13009.0,5063.0,18.96,18.37,18072.0
2026-04-12,19,14206.0,3.73,17.77,12598.0,4900.0,18.93,18.31,17498.0
2026-04-12,20,14362.0,3.52,18.68,12285.0,4732.0,18.19,17.53,17017.0
2026-04-12,21,13981.0,3.36,19.18,11379.0,4389.0,16.45,15.68,15768.0
2026-04-12,22,7054.0,3.34,19.59,10406.0,3886.0,13.87,12.88,14292.0
2026-04-12,23,1481.0,3.45,22.1,8554.0,3170.0,10.4,9.27,11724.0
2026-04-13,0,3601.0,3.68,21.86,6430.0,2400.0,6.98,5.83,8830.0
2026-04-13,1,3581.0,4.0,21.96,6052.0,2257.0,6.87,5.72,8309.0
2026-04-13,2,3599.0,4.32,22.69,5581.0,2100.0,6.7,5.54,7681.0
2026-04-13,3,3656.0,4.65,23.05,5588.0,2103.0,6.89,5.72,7691.0
2026-04-13,4,3526.0,4.98,22.92,5718.0,2153.0,7.12,5.95,7871.0
2026-04-13,5,5552.0,5.25,23.27,4949.0,1999.0,7.34,6.21,6948.0
2026-04-13,6,9024.0,5.32,20.99,6631.0,2779.0,9.39,8.42,9410.0
2026-04-13,7,12708.0,5.19,18.95,11140.0,4364.0,16.03,15.23,15504.0
2026-04-13,8,14108.0,4.9,17.84,12785.0,4975.0,18.97,18.31,17760.0
2026-04-13,9,14318.0,4.61,17.46,12917.0,5072.0,19.06,18.4,17988.0
2026-04-13,10,14655.0,4.32,17.34,12881.0,5024.0,17.98,17.34,17905.0
2026-04-13,11,15451.0,4.18,17.7,11757.0,4605.0,15.6,14.89,16362.0
2026-04-13,12,1017.0,4.19,19.33,10943.0,4045.0,13.44,12.45,14988.0
2026-04-13,13,196.0,4.18,19.5,10295.0,3746.0,12.36,11.32,14041.0
2026-04-13,14,205.0,4.21,18.73,10231.0,3757.0,12.3,11.26,13989.0
2026-04-13,15,195.0,4.24,18.31,10323.0,3831.0,12.41,11.37,14154.0
2026-04-13,16,186.0,4.27,18.1,10355.0,3837.0,12.5,11.45,14192.0
2026-04-13,17,14009.0,4.21,17.15,11813.0,4616.0,15.8,15.12,16429.0
2026-04-13,18,15166.0,3.97,16.47,13287.0,5143.0,19.1,18.52,18429.0
2026-04-13,19,15156.0,3.74,16.1,12930.0,4991.0,19.04,18.42,17921.0
2026-04-13,20,15310.0,3.58,16.33,12340.0,4802.0,18.2,17.54,17142.0
2026-04-13,21,14738.0,3.51,16.76,11448.0,4419.0,16.4,15.64,15868.0
2026-04-13,22,13747.0,3.48,18.2,10388.0,4003.0,13.7,12.86,14391.0
2026-04-13,23,13348.0,3.58,20.15,8219.0,3322.0,9.95,9.04,11541.0
2026-04-14,0,2859.0,3.9,20.56,5646.0,2076.0,5.91,4.76,7722.0
2026-04-14,1,2314.0,4.11,19.68,5439.0,2046.0,5.94,4.77,7485.0
2026-04-14,2,2141.0,4.31,21.19,5781.0,2166.0,6.61,5.45,7947.0
2026-04-14,3,2187.0,4.51,21.65,5819.0,2184.0,6.93,5.77,8003.0
2026-04-14,4,2182.0,4.7,21.52,5755.0,2152.0,7.1,5.93,7907.0
2026-04-14,5,2107.0,4.89,20.57,5136.0,1945.0,7.28,6.11,7080.0
2026-04-14,6,1994.0,5.08,19.82,6860.0,2584.0,9.45,8.29,9444.0
2026-04-14,7,13717.0,5.14,17.22,10934.0,4285.0,15.8,14.99,15219.0
2026-04-14,8,14616.0,4.97,16.67,12865.0,4991.0,18.98,18.31,17856.0
2026-04-14,9,14516.0,4.71,16.42,13014.0,5077.0,19.02,18.37,18090.0
2026-04-14,10,14492.0,4.42,16.32,12993.0,5047.0,18.06,17.43,18040.0
2026-04-14,11,14861.0,4.22,17.01,11944.0,4642.0,15.83,15.15,16585.0
2026-04-14,12,5826.0,4.23,17.5,10816.0,4075.0,13.24,12.31,14891.0
2026-04-14,13,11.0,4.27,18.08,10484.0,3802.0,12.44,11.41,14286.0
2026-04-14,14,0.0,4.28,18.4,10497.0,3837.0,12.6,11.56,14334.0
2026-04-14,15,0.0,4.29,18.54,10516.0,3865.0,12.7,11.67,14381.0
2026-04-14,16,0.0,4.31,18.6,10422.0,3791.0,12.66,11.62,14213.0
2026-04-14,17,13877.0,4.24,17.71,11782.0,4581.0,15.79,15.11,16363.0
2026-04-14,18,14571.0,3.98,17.53,13302.0,5140.0,19.08,18.51,18442.0
2026-04-14,19,14527.0,3.7,17.56,12994.0,5033.0,19.14,18.53,18027.0
2026-04-14,20,14559.0,3.47,17.63,12311.0,4780.0,18.2,17.53,17091.0
2026-04-14,21,14438.0,3.35,17.54,11430.0,4480.0,16.47,15.73,15910.0
2026-04-14,22,8833.0,3.34,17.82,10534.0,3992.0,13.7,12.78,14526.0
2026-04-14,23,2782.0,3.55,20.55,8506.0,3128.0,10.06,8.94,11634.0
2026-04-15,0,3002.0,3.82,19.98,5970.0,2212.0,6.23,5.08,8182.0
2026-04-15,1,3001.0,4.08,19.59,5740.0,2141.0,6.21,5.05,7880.0
2026-04-15,2,3020.0,4.35,19.8,5715.0,2147.0,6.48,5.31,7862.0
2026-04-15,3,3104.0,4.62,20.8,5850.0,2198.0,6.93,5.77,8048.0
2026-04-15,4,3225.0,4.91,22.02,6027.0,2274.0,7.32,6.16,8301.0
2026-04-15,5,3086.0,5.19,20.88,5084.0,1947.0,7.27,6.09,7031.0
2026-04-15,6,8457.0,5.34,20.38,6783.0,2746.0,9.41,8.4,9528.0
2026-04-15,7,13490.0,5.22,18.3,11035.0,4350.0,15.82,15.04,15384.0
2026-04-15,8,14839.0,5.01,17.05,12852.0,5019.0,19.0,18.32,17871.0
2026-04-15,9,15588.0,4.8,15.82,13006.0,5064.0,19.04,18.38,18070.0
2026-04-15,10,15400.0,4.61,15.51,12969.0,5096.0,17.94,17.3,18065.0
2026-04-15,11,14911.0,4.48,16.43,11839.0,4600.0,15.54,14.83,16440.0
2026-04-15,12,13235.0,4.4,18.19,10826.0,4238.0,13.1,12.36,15063.0
2026-04-15,13,313.0,4.4,18.39,10569.0,3887.0,12.5,11.46,14455.0
2026-04-15,14,183.0,4.43,18.6,10637.0,3910.0,12.73,11.69,14547.0
2026-04-15,15,206.0,4.45,18.59,10640.0,3917.0,12.72,11.68,14557.0
2026-04-15,16,181.0,4.48,18.2,10579.0,3873.0,12.76,11.71,14452.0
2026-04-15,17,13620.0,4.41,17.78,11909.0,4648.0,15.74,15.05,16557.0
2026-04-15,18,14517.0,4.12,18.17,13406.0,5228.0,19.08,18.52,18635.0
2026-04-15,19,14546.0,3.83,18.22,13076.0,5051.0,18.97,18.36,18127.0
2026-04-15,20,14389.0,3.57,17.95,12555.0,4911.0,18.17,17.52,17466.0
2026-04-15,21,14074.0,3.4,18.26,11613.0,4552.0,16.45,15.74,16165.0
2026-04-15,22,10702.0,3.29,19.07,10473.0,4001.0,13.82,12.93,14473.0
2026-04-15,23,3022.0,3.46,20.27,8491.0,3126.0,10.04,8.92,11617.0
2026-04-16,0,4048.0,3.78,20.04,5634.0,2073.0,5.94,4.79,7707.0
2026-04-16,1,4252.0,4.16,19.93,5479.0,2060.0,6.05,4.88,7539.0
2026-04-16,2,4321.0,4.56,20.43,5495.0,2087.0,6.4,5.22,7582.0
2026-04-16,3,4411.0,4.95,21.21,5614.0,2081.0,6.84,5.68,7695.0
2026-04-16,4,7545.0,5.31,20.94,7356.0,2818.0,9.55,8.51,10174.0
2026-04-16,5,12328.0,5.31,20.06,10434.0,4069.0,15.65,14.83,14503.0
2026-04-16,6,14789.0,5.09,18.09,12692.0,4911.0,18.93,18.25,17603.0
2026-04-16,7,14817.0,4.86,17.81,13046.0,5102.0,19.12,18.46,18148.0
2026-04-16,8,14747.0,4.59,17.61,13166.0,5191.0,19.13,18.48,18356.0
2026-04-16,9,14511.0,4.32,17.21,12890.0,5148.0,18.47,17.8,18038.0
2026-04-16,10,11574.0,4.1,17.05,11630.0,4555.0,15.13,14.36,16185.0
2026-04-16,11,200.0,4.12,18.1,10058.0,3721.0,11.91,10.85,13779.0
2026-04-16,12,205.0,4.15,19.01,10331.0,3832.0,11.94,10.88,14163.0
2026-04-16,13,190.0,4.18,19.26,10386.0,3845.0,12.01,10.96,14231.0
2026-04-16,14,195.0,4.21,19.21,10271.0,3846.0,11.96,10.91,14117.0
2026-04-16,15,210.0,4.23,19.44,10178.0,3794.0,11.91,10.86,13973.0
2026-04-16,16,327.0,4.26,18.89,10286.0,3807.0,12.29,11.25,14093.0
2026-04-16,17,14570.0,4.2,17.72,12023.0,4752.0,15.91,15.23,16775.0
2026-04-16,18,14866.0,3.96,17.33,13438.0,5315.0,19.09,18.52,18753.0
2026-04-16,19,14627.0,3.67,17.47,13128.0,5109.0,19.01,18.4,18237.0
2026-04-16,20,15261.0,3.43,17.26,12971.0,5015.0,18.91,18.29,17987.0
2026-04-16,21,15141.0,3.3,17.46,11863.0,4635.0,16.9,16.19,16498.0
2026-04-16,22,7434.0,3.33,18.57,10332.0,3839.0,13.31,12.34,14171.0
2026-04-16,23,2254.0,3.47,21.64,7614.0,2788.0,9.04,7.91,10402.0
2026-04-17,0,4434.0,3.79,21.17,5799.0,2142.0,6.29,5.14,7941.0
2026-04-17,1,4566.0,4.2,21.95,5687.0,2096.0,6.54,5.38,7783.0
2026-04-17,2,4593.0,4.62,22.39,5609.0,2076.0,6.85,5.69,7685.0
2026-04-17,3,4595.0,5.03,22.52,5619.0,2081.0,7.02,5.87,7700.0
2026-04-17,4,10803.0,5.33,23.85,7105.0,2890.0,9.51,8.57,9995.0
2026-04-17,5,13375.0,5.3,19.31,10696.0,4145.0,15.85,15.03,14841.0
2026-04-17,6,14719.0,5.1,17.34,12759.0,4924.0,18.95,18.29,17683.0
2026-04-17,7,15218.0,4.88,17.03,13057.0,5045.0,19.12,18.48,18103.0
2026-04-17,8,14996.0,4.65,16.98,13288.0,5196.0,19.12,18.48,18484.0
2026-04-17,9,14932.0,4.4,16.74,13001.0,5119.0,18.45,17.79,18120.0
2026-04-17,10,10359.0,4.23,17.22,11533.0,4461.0,14.69,13.88,15994.0
2026-04-17,11,5.0,4.26,18.77,10117.0,3732.0,11.98,10.9,13850.0
2026-04-17,12,18.0,4.27,19.53,10319.0,3796.0,11.86,10.8,14114.0
2026-04-17,13,6.0,4.28,19.61,10335.0,3819.0,11.9,10.85,14154.0
2026-04-17,14,10.0,4.3,19.58,10258.0,3847.0,11.91,10.85,14105.0
2026-04-17,15,9.0,4.31,19.63,10245.0,3797.0,12.03,10.98,14042.0
2026-04-17,16,8.0,4.32,18.71,10326.0,3848.0,12.27,11.21,14173.0
2026-04-17,17,13529.0,4.23,17.58,12013.0,4759.0,15.75,15.07,16772.0
2026-04-17,18,14766.0,3.93,16.83,13432.0,5301.0,19.08,18.5,18733.0
2026-04-17,19,14936.0,3.66,17.16,13067.0,5088.0,19.03,18.42,18155.0
2026-04-17,20,14977.0,3.43,17.2,12918.0,5035.0,18.92,18.28,17954.0
2026-04-17,21,14654.0,3.26,17.2,11863.0,4606.0,16.96,16.26,16469.0
2026-04-17,22,8921.0,3.19,18.94,10247.0,3880.0,13.25,12.32,14127.0
2026-04-17,23,1841.0,3.3,21.22,8021.0,2978.0,9.32,8.19,10999.0
2026-04-18,0,3526.0,3.55,21.82,5921.0,2202.0,6.2,5.04,8123.0
2026-04-18,1,3668.0,3.88,21.65,5706.0,2146.0,6.32,5.16,7852.0
2026-04-18,2,3709.0,4.22,22.14,5720.0,2157.0,6.73,5.56,7877.0
2026-04-18,3,3692.0,4.54,22.2,5716.0,2162.0,6.89,5.72,7878.0
2026-04-18,4,3657.0,4.89,21.82,5629.0,2127.0,6.88,5.71,7756.0
2026-04-18,5,3641.0,5.22,21.39,5341.0,2038.0,7.33,6.15,7379.0
2026-04-18,6,10341.0,5.43,22.34,7586.0,3047.0,10.1,9.14,10632.0
2026-04-18,7,13179.0,5.28,19.51,11525.0,4508.0,15.97,15.23,16033.0
2026-04-18,8,14692.0,5.01,17.94,13341.0,5211.0,19.12,18.49,18552.0
2026-04-18,9,14675.0,4.69,17.58,13469.0,5290.0,19.16,18.54,18760.0
2026-04-18,10,14948.0,4.39,17.13,13195.0,5144.0,17.92,17.32,18340.0
2026-04-18,11,14975.0,4.19,17.27,12242.0,4829.0,15.9,15.27,17071.0
2026-04-18,12,13014.0,4.15,18.09,11067.0,4337.0,13.18,12.42,15404.0
2026-04-18,13,4.0,4.2,18.57,10921.0,4018.0,12.71,11.66,14939.0
2026-04-18,14,12.0,4.22,18.38,10742.0,3964.0,12.51,11.46,14706.0
2026-04-18,15,4.0,4.23,18.26,10647.0,3926.0,12.58,11.54,14573.0
2026-04-18,16,4.0,4.24,18.85,10657.0,3919.0,12.64,11.6,14576.0
2026-04-18,17,14485.0,4.17,16.88,12046.0,4734.0,15.83,15.17,16780.0
2026-04-18,18,14509.0,3.87,16.61,13643.0,5323.0,19.23,18.66,18965.0
2026-04-18,19,15027.0,3.55,15.98,13350.0,5191.0,19.13,18.53,18541.0
2026-04-18,20,15627.0,3.34,15.81,12902.0,4996.0,18.43,17.8,17899.0
2026-04-18,21,15655.0,3.26,15.78,11842.0,4629.0,16.43,15.68,16471.0
2026-04-18,22,11629.0,3.33,16.75,10736.0,4101.0,13.7,12.81,14837.0
2026-04-18,23,2714.0,3.59,20.09,8429.0,3115.0,9.78,8.66,11545.0
2026-04-19,0,2715.0,3.83,20.18,5959.0,2190.0,6.08,4.93,8149.0
2026-04-19,1,2721.0,4.08,20.34,5785.0,2160.0,6.28,5.11,7945.0
2026-04-19,2,2773.0,4.32,20.55,5759.0,2154.0,6.64,5.48,7913.0
2026-04-19,3,2776.0,4.57,20.77,5721.0,2172.0,6.87,5.7,7893.0
2026-04-19,4,2828.0,4.82,21.28,5826.0,2193.0,7.01,5.84,8019.0
2026-04-19,5,2087.0,5.04,21.28,5452.0,2057.0,7.47,6.3,7509.0
2026-04-19,6,8214.0,5.22,20.25,7023.0,2733.0,9.39,8.33,9756.0
2026-04-19,7,14456.0,5.31,18.41,11524.0,4470.0,16.28,15.52,15994.0
2026-04-19,8,15068.0,5.1,17.41,13235.0,5166.0,19.13,18.48,18401.0
2026-04-19,9,15335.0,4.85,16.85,13420.0,5227.0,19.19,18.57,18647.0
2026-04-19,10,15338.0,4.59,16.84,13296.0,5213.0,18.01,17.4,18509.0
2026-04-19,11,15436.0,4.43,17.03,12132.0,4740.0,15.55,14.85,16871.0
2026-04-19,12,2996.0,4.46,17.69,11061.0,4116.0,13.04,12.04,15176.0
2026-04-19,13,13.0,4.49,18.08,10912.0,3966.0,12.67,11.63,14879.0
2026-04-19,14,6.0,4.5,18.51,10902.0,3993.0,12.71,11.65,14895.0
2026-04-19,15,6.0,4.52,18.88,10775.0,3972.0,12.72,11.67,14747.0
2026-04-19,16,11.0,4.53,18.49,10606.0,3881.0,12.51,11.46,14487.0
2026-04-19,17,14418.0,4.46,17.15,12184.0,4771.0,15.96,15.27,16955.0
2026-04-19,18,14615.0,4.17,17.15,13641.0,5331.0,19.18,18.61,18973.0
2026-04-19,19,14432.0,3.84,17.23,13388.0,5215.0,19.08,18.48,18602.0
2026-04-19,20,14214.0,3.52,16.98,13036.0,5055.0,18.39,17.76,18091.0
2026-04-19,21,14551.0,3.29,16.54,11980.0,4645.0,16.41,15.67,16625.0
2026-04-19,22,13931.0,3.24,17.5,10796.0,4180.0,13.66,12.84,14976.0
2026-04-19,23,3036.0,3.45,20.02,8472.0,3100.0,9.78,8.65,11572.0
2026-04-20,0,3279.0,3.73,20.6,5886.0,2180.0,6.12,4.96,8065.0
2026-04-20,1,3544.0,4.04,20.82,5656.0,2139.0,6.21,5.04,7795.0
2026-04-20,2,3563.0,4.36,21.15,5646.0,2119.0,6.57,5.4,7765.0
2026-04-20,3,3631.0,4.69,21.74,5717.0,2137.0,6.84,5.67,7855.0
2026-04-20,4,3586.0,5.02,20.33,7599.0,2778.0,9.48,8.33,10377.0
2026-04-20,5,14191.0,5.16,17.08,11025.0,4271.0,15.96,15.16,15296.0
2026-04-20,6,14933.0,4.98,17.24,13095.0,5092.0,18.95,18.29,18187.0
2026-04-20,7,14836.0,4.71,16.86,13372.0,5250.0,19.11,18.46,18621.0
2026-04-20,8,15528.0,4.43,16.51,13397.0,5357.0,18.96,18.38,18753.0
2026-04-20,9,15657.0,4.22,16.64,12922.0,5281.0,18.27,17.81,18203.0
2026-04-20,10,14453.0,4.11,16.91,11337.0,4653.0,14.68,14.06,15990.0
2026-04-20,11,210.0,4.2,18.28,10089.0,3757.0,11.69,10.61,13846.0
2026-04-20,12,206.0,4.23,18.74,10426.0,3896.0,11.92,10.85,14322.0
2026-04-20,13,208.0,4.26,18.99,10491.0,3900.0,12.05,10.99,14391.0
2026-04-20,14,198.0,4.29,19.0,10452.0,3913.0,12.08,11.01,14364.0
2026-04-20,15,219.0,4.32,19.07,10455.0,3894.0,12.15,11.09,14349.0
2026-04-20,16,212.0,4.35,18.99,10460.0,3935.0,12.25,11.19,14394.0
2026-04-20,17,13218.0,4.27,17.88,12212.0,4951.0,16.01,15.42,17163.0
2026-04-20,18,15111.0,3.99,17.5,13483.0,5434.0,18.98,18.48,18917.0
2026-04-20,19,15285.0,3.72,17.18,13079.0,5310.0,18.82,18.41,18390.0
2026-04-20,20,15441.0,3.5,17.03,13035.0,5272.0,18.76,18.33,18308.0
2026-04-20,21,15302.0,3.33,16.81,12007.0,4839.0,16.78,16.21,16846.0
2026-04-20,22,10406.0,3.36,17.66,10508.0,4067.0,12.96,12.1,14575.0
2026-04-20,23,3531.0,3.64,20.83,7593.0,2821.0,8.38,7.24,10414.0
2026-04-21,0,3458.0,3.96,21.3,5691.0,2103.0,5.82,4.66,7793.0
2026-04-21,1,3519.0,4.28,21.55,5653.0,2132.0,6.08,4.91,7785.0
2026-04-21,2,3520.0,4.6,21.5,5569.0,2113.0,6.41,5.24,7683.0
2026-04-21,3,3576.0,4.92,22.12,5638.0,2146.0,6.7,5.53,7784.0
2026-04-21,4,9690.0,5.14,22.52,7777.0,3084.0,9.77,8.81,10861.0
2026-04-21,5,14909.0,5.15,19.06,11059.0,4349.0,16.16,15.45,15407.0
2026-04-21,6,15355.0,5.01,16.97,12898.0,5148.0,18.87,18.36,18046.0
2026-04-21,7,15233.0,4.79,17.31,13131.0,5258.0,18.95,18.5,18389.0
2026-04-21,8,15124.0,4.54,17.24,13334.0,5368.0,19.02,18.55,18702.0
2026-04-21,9,15040.0,4.27,17.0,13012.0,5241.0,18.43,17.89,18254.0
2026-04-21,10,12124.0,4.12,17.3,11433.0,4533.0,14.67,13.93,15966.0
2026-04-21,11,217.0,4.18,18.8,10089.0,3761.0,11.84,10.74,13850.0
2026-04-21,12,206.0,4.21,19.01,10316.0,3830.0,11.86,10.78,14146.0
2026-04-21,13,193.0,4.24,19.29,10383.0,3879.0,11.94,10.87,14262.0
2026-04-21,14,215.0,4.27,19.36,10278.0,3855.0,11.95,10.88,14133.0
2026-04-21,15,201.0,4.3,19.12,10314.0,3862.0,11.96,10.89,14176.0
2026-04-21,16,814.0,4.33,18.71,10431.0,3916.0,12.19,11.13,14347.0
2026-04-21,17,13922.0,4.22,17.94,12185.0,4935.0,16.15,15.62,17119.0
2026-04-21,18,15114.0,3.93,17.22,13151.0,5357.0,18.6,18.17,18508.0
2026-04-21,19,15170.0,3.73,17.21,12753.0,5137.0,17.92,17.42,17890.0
2026-04-21,20,15166.0,3.51,17.28,13093.0,5280.0,18.67,18.18,18373.0
2026-04-21,21,14889.0,3.31,17.37,12058.0,4827.0,16.65,16.07,16886.0
2026-04-21,22,15270.0,3.3,17.62,10522.0,4167.0,13.03,12.28,14690.0
2026-04-21,23,13479.0,3.57,19.14,7546.0,3035.0,8.45,7.48,10581.0
2026-04-22,0,3368.0,4.0,22.82,5828.0,2171.0,5.94,4.77,7999.0
2026-04-22,1,2871.0,4.27,23.13,5854.0,2202.0,6.3,5.13,8056.0
2026-04-22,2,2777.0,4.52,22.34,5637.0,2115.0,6.56,5.39,7752.0
2026-04-22,3,2823.0,4.77,22.59,5653.0,2110.0,6.85,5.68,7763.0
2026-04-22,4,7699.0,5.01,20.16,7739.0,3014.0,9.89,8.86,10753.0
2026-04-22,5,14589.0,5.13,17.87,10972.0,4350.0,16.13,15.44,15322.0
2026-04-22,6,15333.0,5.0,17.99,12996.0,5129.0,18.9,18.38,18125.0
2026-04-22,7,15096.0,4.76,17.59,13321.0,5305.0,18.99,18.5,18626.0
2026-04-22,8,15027.0,4.48,17.43,13412.0,5348.0,18.98,18.49,18760.0
2026-04-22,9,15015.0,4.22,17.38,12927.0,5219.0,18.17,17.63,18146.0
2026-04-22,10,15110.0,4.07,17.49,11420.0,4565.0,14.69,14.03,15985.0
2026-04-22,11,3287.0,4.15,19.08,10117.0,3821.0,12.1,11.09,13938.0
2026-04-22,12,11.0,4.18,19.27,10309.0,3867.0,11.92,10.85,14177.0
2026-04-22,13,2.0,4.19,19.28,10333.0,3883.0,11.93,10.86,14216.0
2026-04-22,14,7.0,4.21,19.4,10354.0,3876.0,12.04,10.97,14230.0
2026-04-22,15,5.0,4.23,19.53,10289.0,3849.0,11.94,10.88,14137.0
2026-04-22,16,11.0,4.24,18.77,10466.0,3903.0,12.27,11.21,14370.0
2026-04-22,17,13809.0,4.16,17.19,11974.0,4835.0,15.77,15.19,16809.0
2026-04-22,18,14901.0,3.9,16.83,13517.0,5416.0,19.09,18.65,18933.0
2026-04-22,19,14850.0,3.6,16.75,13347.0,5256.0,19.0,18.44,18603.0
2026-04-22,20,14813.0,3.33,16.76,13253.0,5146.0,18.88,18.22,18399.0
2026-04-22,21,15481.0,3.12,16.03,12321.0,4786.0,16.99,16.26,17107.0
2026-04-22,22,9720.0,3.15,16.98,10762.0,4095.0,13.14,12.21,14857.0
2026-04-22,23,3713.0,3.42,19.61,7705.0,2847.0,8.3,7.16,10552.0
2026-04-23,0,3810.0,3.77,18.77,5603.0,2047.0,5.58,4.41,7650.0
2026-04-23,1,3896.0,4.12,19.17,5638.0,2138.0,6.09,4.92,7776.0
2026-04-23,2,3955.0,4.47,19.79,5703.0,2159.0,6.45,5.27,7862.0
2026-04-23,3,4021.0,4.84,20.31,5747.0,2175.0,6.75,5.58,7922.0
2026-04-23,4,6689.0,5.18,19.24,7771.0,2941.0,9.55,8.46,10712.0
2026-04-23,5,13572.0,5.21,17.07,11116.0,4336.0,15.92,15.14,15452.0
2026-04-23,6,15118.0,5.0,17.17,13104.0,5069.0,18.95,18.3,18173.0
2026-04-23,7,14848.0,4.73,16.73,13425.0,5251.0,19.07,18.44,18676.0
2026-04-23,8,15164.0,4.43,16.52,13482.0,5288.0,19.1,18.47,18770.0
2026-04-23,9,15487.0,4.19,16.32,13043.0,5133.0,18.41,17.74,18176.0
2026-04-23,10,13634.0,4.09,17.18,11398.0,4500.0,14.6,13.83,15898.0
2026-04-23,11,236.0,4.2,19.13,10017.0,3718.0,11.69,10.6,13735.0
2026-04-23,12,213.0,4.23,19.36,10282.0,3838.0,11.91,10.83,14120.0
2026-04-23,13,198.0,4.26,19.67,10239.0,3791.0,11.67,10.6,14031.0
2026-04-23,14,246.0,4.29,19.71,10168.0,3815.0,11.74,10.67,13983.0
2026-04-23,15,221.0,4.32,19.57,10120.0,3747.0,11.71,10.65,13866.0
2026-04-23,16,450.0,4.35,18.73,10160.0,3775.0,11.92,10.86,13935.0
2026-04-23,17,14970.0,4.3,17.39,11991.0,4773.0,15.83,15.13,16764.0
2026-04-23,18,14669.0,4.03,17.38,13551.0,5406.0,19.09,18.48,18957.0
2026-04-23,19,14831.0,3.71,17.13,13327.0,5233.0,18.97,18.34,18560.0
2026-04-23,20,14774.0,3.44,17.37,13223.0,5195.0,18.91,18.27,18418.0
2026-04-23,21,14569.0,3.2,17.53,12202.0,4738.0,16.89,16.17,16940.0
2026-04-23,22,12836.0,3.13,18.61,10554.0,4082.0,13.1,12.26,14636.0
2026-04-23,23,43.0,3.16,22.84,7735.0,2836.0,8.62,7.48,10571.0
2026-04-24,0,3647.0,3.3,20.02,5477.0,1991.0,5.58,4.41,7468.0
2026-04-24,1,4561.0,3.71,19.18,5241.0,1949.0,5.65,4.48,7190.0
2026-04-24,2,4668.0,4.13,19.75,5265.0,1996.0,6.05,4.87,7260.0
2026-04-24,3,4740.0,4.56,20.26,5295.0,2005.0,6.3,5.12,7300.0
2026-04-24,4,4536.0,4.98,17.98,7706.0,2840.0,9.5,8.35,10546.0
2026-04-24,5,14611.0,5.18,18.16,11129.0,4308.0,16.08,15.27,15437.0
2026-04-24,6,15220.0,5.03,17.94,13072.0,5059.0,18.98,18.31,18130.0
2026-04-24,7,15030.0,4.79,17.45,13384.0,5209.0,19.08,18.44,18593.0
2026-04-24,8,14905.0,4.5,17.25,13446.0,5301.0,19.1,18.47,18747.0
2026-04-24,9,14867.0,4.22,17.13,13049.0,5161.0,18.4,17.73,18211.0
2026-04-24,10,11154.0,4.06,17.38,11390.0,4390.0,14.56,13.75,15780.0
2026-04-24,11,210.0,4.1,19.25,10076.0,3733.0,11.87,10.76,13810.0
2026-04-24,12,210.0,4.13,19.54,10485.0,3890.0,12.03,10.93,14375.0
2026-04-24,13,199.0,4.16,19.45,10419.0,3867.0,11.94,10.86,14286.0
2026-04-24,14,201.0,4.19,19.28,10362.0,3883.0,11.93,10.85,14245.0
2026-04-24,15,219.0,4.23,19.37,10329.0,3864.0,12.03,10.96,14192.0
2026-04-24,16,194.0,4.26,18.91,10594.0,3949.0,12.35,11.29,14542.0
2026-04-24,17,13617.0,4.18,18.75,11990.0,4766.0,15.77,15.05,16756.0
2026-04-24,18,14216.0,3.85,18.68,13527.0,5323.0,19.05,18.46,18850.0
2026-04-24,19,14390.0,3.49,18.14,13285.0,5155.0,18.99,18.37,18440.0
2026-04-24,20,15225.0,3.21,17.3,13281.0,5139.0,18.98,18.36,18420.0
2026-04-24,21,15489.0,3.03,17.08,12281.0,4769.0,16.9,16.2,17050.0
2026-04-24,22,7173.0,3.05,18.76,10786.0,4037.0,13.16,12.2,14823.0
2026-04-24,23,1977.0,3.15,20.96,7900.0,2899.0,8.58,7.44,10799.0
2026-04-25,0,3807.0,3.42,19.98,5949.0,2196.0,5.96,4.8,8145.0
2026-04-25,1,3817.0,3.77,19.98,5855.0,2192.0,6.22,5.05,8047.0
2026-04-25,2,3849.0,4.11,20.39,5858.0,2203.0,6.64,5.46,8061.0
2026-04-25,3,3899.0,4.47,21.03,5490.0,2055.0,6.43,5.25,7545.0
2026-04-25,4,4003.0,4.82,22.4,5555.0,2084.0,6.57,5.39,7640.0
2026-04-25,5,3856.0,5.18,22.3,5400.0,2052.0,7.19,6.0,7451.0
2026-04-25,6,9717.0,5.39,22.01,7853.0,3170.0,9.85,8.89,11023.0
2026-04-25,7,14040.0,5.19,17.73,12014.0,4725.0,16.37,15.63,16739.0
2026-04-25,8,15597.0,4.94,16.49,13611.0,5368.0,19.16,18.55,18980.0
2026-04-25,9,15668.0,4.67,15.93,13719.0,5421.0,19.16,18.55,19139.0
2026-04-25,10,15703.0,4.43,15.66,13291.0,5215.0,17.93,17.31,18506.0
2026-04-25,11,14457.0,4.29,17.33,11995.0,4709.0,15.42,14.7,16704.0
2026-04-25,12,5015.0,4.21,17.74,11018.0,4155.0,13.15,12.15,15172.0
2026-04-25,13,183.0,4.25,17.89,10855.0,3987.0,12.69,11.61,14842.0
2026-04-25,14,204.0,4.27,18.4,10835.0,3998.0,12.78,11.7,14832.0
2026-04-25,15,182.0,4.3,18.32,10641.0,3915.0,12.49,11.44,14555.0
2026-04-25,16,560.0,4.33,18.26,10533.0,3904.0,12.34,11.28,14437.0
2026-04-25,17,14354.0,4.22,17.31,12279.0,4831.0,16.11,15.43,17110.0
2026-04-25,18,14694.0,3.92,16.83,13673.0,5392.0,19.21,18.63,19065.0
2026-04-25,19,14979.0,3.61,17.29,13313.0,5171.0,19.08,18.47,18484.0
2026-04-25,20,15300.0,3.38,17.83,12934.0,5042.0,18.37,17.73,17976.0
2026-04-25,21,14906.0,3.22,17.16,12101.0,4697.0,16.35,15.64,16798.0
2026-04-25,22,12195.0,3.18,18.19,10617.0,4107.0,13.65,12.78,14724.0
2026-04-25,23,3672.0,3.4,19.28,8347.0,3053.0,9.71,8.58,11400.0
2026-04-26,0,3687.0,3.74,20.28,5823.0,2106.0,5.6,4.43,7930.0
2026-04-26,1,3603.0,4.07,19.75,5495.0,2050.0,5.65,4.48,7545.0
2026-04-26,2,3711.0,4.4,21.0,5627.0,2135.0,6.16,4.98,7763.0
2026-04-26,3,3692.0,4.73,21.65,5718.0,2121.0,6.55,5.37,7839.0
2026-04-26,4,3499.0,5.06,21.56,5598.0,2094.0,6.95,5.77,7693.0
2026-04-26,5,6470.0,5.31,23.98,4825.0,1961.0,7.49,6.36,6786.0
2026-04-26,6,10300.0,5.34,21.99,7753.0,3081.0,10.14,9.17,10834.0
2026-04-26,7,14492.0,5.25,18.37,11878.0,4623.0,16.62,15.85,16501.0
2026-04-26,8,15179.0,5.02,17.65,13437.0,5201.0,19.21,18.58,18639.0
2026-04-26,9,15129.0,4.75,17.36,13512.0,5316.0,19.21,18.56,18828.0
2026-04-26,10,15067.0,4.47,17.18,13277.0,5197.0,18.14,17.5,18474.0
2026-04-26,11,15124.0,4.29,17.24,11956.0,4707.0,15.4,14.68,16663.0
2026-04-26,12,13617.0,4.28,18.41,10853.0,4243.0,13.05,12.25,15096.0
2026-04-26,13,0.0,4.33,18.89,10777.0,3944.0,12.68,11.6,14720.0
2026-04-26,14,12.0,4.34,19.2,10605.0,3910.0,12.66,11.57,14515.0
2026-04-26,15,9.0,4.35,19.57,10348.0,3814.0,12.59,11.48,14162.0
2026-04-26,16,18.0,4.37,19.5,10305.0,3789.0,12.62,11.5,14093.0
2026-04-26,17,14098.0,4.32,18.05,11661.0,4558.0,15.91,15.13,16218.0
2026-04-26,18,14820.0,4.11,17.86,13139.0,5080.0,19.14,18.48,18219.0
2026-04-26,19,14766.0,3.85,17.91,13115.0,5061.0,19.08,18.42,18176.0
2026-04-26,20,14909.0,3.6,18.11,12858.0,4994.0,18.41,17.74,17852.0
2026-04-26,21,13534.0,3.41,19.13,11936.0,4665.0,16.48,15.76,16601.0
2026-04-26,22,7736.0,3.26,18.57,10904.0,4188.0,13.81,12.88,15092.0
2026-04-26,23,3573.0,3.45,18.82,9009.0,3298.0,10.35,9.2,12307.0
2026-04-27,0,3563.0,3.78,20.73,5811.0,2149.0,6.01,4.83,7959.0
2026-04-27,1,3563.0,4.1,21.17,5801.0,2154.0,6.39,5.21,7955.0
2026-04-27,2,3557.0,4.42,21.4,5748.0,2166.0,6.73,5.55,7914.0
2026-04-27,3,3614.0,4.74,22.08,5828.0,2193.0,7.03,5.84,8021.0
2026-04-27,4,3623.0,5.07,21.78,7780.0,2882.0,9.78,8.62,10663.0
2026-04-27,5,12867.0,5.23,19.17,10997.0,4227.0,15.89,15.04,15224.0
2026-04-27,6,14966.0,5.05,17.83,12996.0,5012.0,18.95,18.27,18007.0
2026-04-27,7,15111.0,4.81,17.26,13215.0,5173.0,19.1,18.44,18388.0
2026-04-27,8,15200.0,4.55,16.64,13303.0,5209.0,19.13,18.48,18513.0
2026-04-27,9,15632.0,4.34,16.01,12892.0,5114.0,18.47,17.78,18006.0
2026-04-27,10,13515.0,4.24,16.56,11314.0,4484.0,14.63,13.82,15797.0
2026-04-27,11,18.0,4.31,18.09,10089.0,3745.0,11.95,10.85,13833.0
2026-04-27,12,2.0,4.33,18.76,10392.0,3853.0,11.98,10.9,14245.0
2026-04-27,13,8.0,4.34,18.85,10411.0,3892.0,12.02,10.93,14303.0
2026-04-27,14,6.0,4.35,18.96,10371.0,3870.0,12.16,11.09,14241.0
2026-04-27,15,12.0,4.37,19.19,10238.0,3801.0,12.02,10.96,14038.0
2026-04-27,16,5.0,4.38,18.64,10178.0,3800.0,11.9,10.83,13978.0
2026-04-27,17,14171.0,4.28,18.04,12014.0,4815.0,16.12,15.4,16829.0
2026-04-27,18,14740.0,3.98,17.41,13437.0,5298.0,18.99,18.37,18735.0
2026-04-27,19,14808.0,3.69,17.12,13286.0,5220.0,18.97,18.34,18507.0
2026-04-27,20,14755.0,3.41,16.99,13287.0,5174.0,18.92,18.28,18462.0
2026-04-27,21,15690.0,3.19,16.06,12297.0,4787.0,16.95,16.22,17084.0
2026-04-27,22,11610.0,3.19,17.87,10493.0,4054.0,12.87,12.0,14547.0
2026-04-27,23,13.0,3.24,21.85,7418.0,2739.0,8.16,7.0,10157.0
2026-04-28,0,4229.0,3.41,19.95,5499.0,2009.0,5.59,4.41,7508.0
2026-04-28,1,5078.0,3.86,19.6,5327.0,1995.0,5.77,4.59,7322.0
2026-04-28,2,5085.0,4.33,20.12,5336.0,2013.0,6.19,5.01,7349.0
2026-04-28,3,5125.0,4.8,20.58,5441.0,2029.0,6.45,5.26,7469.0
2026-04-28,4,3802.0,5.21,19.06,7567.0,2776.0,9.32,8.15,10343.0
2026-04-28,5,14999.0,5.36,17.27,10920.0,4252.0,15.64,14.82,15172.0
2026-04-28,6,15700.0,5.25,17.38,13089.0,5074.0,18.91,18.24,18163.0
2026-04-28,7,15616.0,5.05,16.9,13384.0,5182.0,18.97,18.33,18566.0
2026-04-28,8,15512.0,4.82,16.62,13401.0,5253.0,19.04,18.39,18654.0
2026-04-28,9,15465.0,4.6,16.46,12947.0,5183.0,18.31,17.6,18130.0
2026-04-28,10,13750.0,4.5,17.36,11394.0,4524.0,14.64,13.85,15918.0
2026-04-28,11,10.0,4.56,19.27,10029.0,3743.0,11.88,10.79,13771.0
2026-04-28,12,4.0,4.57,19.28,10253.0,3806.0,11.86,10.78,14059.0
2026-04-28,13,2.0,4.59,19.37,10299.0,3840.0,11.84,10.76,14138.0
2026-04-28,14,0.0,4.6,19.5,10293.0,3856.0,11.94,10.87,14149.0
2026-04-28,15,42.0,4.62,19.54,10314.0,3826.0,11.99,10.93,14140.0
2026-04-28,16,284.0,4.64,18.96,10212.0,3815.0,11.96,10.89,14027.0
2026-04-28,17,11489.0,4.38,19.54,12221.0,4889.0,16.32,15.64,17110.0
2026-04-28,18,11465.0,3.59,20.4,13454.0,5288.0,18.9,18.32,18742.0
2026-04-28,19,10285.0,2.64,21.44,13214.0,5158.0,18.66,18.06,18372.0
2026-04-28,20,9717.0,1.6,21.74,13212.0,5116.0,18.67,18.03,18328.0
2026-04-28,21,8984.0,0.87,21.57,6950.0,5415.0,11.04,10.1,12365.0
2026-04-28,22,4778.0,1.33,22.48,2.0,2.0,1.58,0.18,5.0
2026-04-28,23,4796.0,1.94,22.66,6.0,0.0,0.19,-1.3,6.0
2026-04-29,0,4677.0,2.6,21.88,-5.0,-5.0,0.19,-1.3,-10.0
2026-04-29,1,4696.0,3.22,21.81,-15.0,-4.0,0.19,-1.3,-19.0
2026-04-29,2,4627.0,3.87,20.99,1812.0,405.0,3.55,2.21,2217.0
2026-04-29,3,4785.0,4.56,18.53,5746.0,2248.0,6.47,5.27,7995.0
2026-04-29,4,11624.0,5.02,16.27,8265.0,3483.0,10.14,9.15,11748.0
2026-04-29,5,15317.0,5.13,17.22,11341.0,4618.0,16.31,15.51,15960.0
2026-04-29,6,15247.0,4.97,17.12,13262.0,5334.0,19.02,18.34,18596.0
2026-04-29,7,15264.0,4.71,17.02,13443.0,5405.0,19.08,18.42,18847.0
2026-04-29,8,15115.0,4.43,16.79,13528.0,5431.0,19.06,18.4,18959.0
2026-04-29,9,15097.0,4.16,16.72,13018.0,5266.0,18.5,17.8,18284.0
2026-04-29,10,10339.0,4.02,17.4,11291.0,4452.0,14.43,13.54,15744.0
2026-04-29,11,205.0,4.08,18.81,9986.0,3720.0,11.79,10.67,13705.0
2026-04-29,12,227.0,4.11,19.09,10290.0,3800.0,11.87,10.77,14089.0
2026-04-29,13,234.0,4.14,19.17,10334.0,3821.0,11.94,10.84,14155.0
2026-04-29,14,225.0,4.17,19.4,10166.0,3793.0,11.81,10.7,13959.0
2026-04-29,15,231.0,4.2,19.46,10182.0,3813.0,11.87,10.75,13995.0
2026-04-29,16,383.0,4.23,18.9,10307.0,3866.0,12.18,11.06,14174.0
2026-04-29,17,14356.0,4.14,17.89,11971.0,4903.0,16.0,15.26,16874.0
2026-04-29,18,14297.0,3.83,17.98,13467.0,5440.0,19.19,18.57,18907.0
2026-04-29,19,14654.0,3.48,17.59,13306.0,5312.0,19.12,18.47,18618.0
2026-04-29,20,15380.0,3.2,16.65,13293.0,5289.0,18.98,18.33,18582.0
2026-04-29,21,15564.0,3.02,16.23,12362.0,4913.0,17.06,16.34,17274.0
2026-04-29,22,14229.0,3.02,16.48,10795.0,4273.0,13.08,12.22,15068.0
2026-04-29,23,4264.0,3.33,18.18,7838.0,2891.0,8.29,7.13,10729.0
2026-04-30,0,4390.0,3.74,18.5,6323.0,2369.0,6.21,5.03,8693.0
2026-04-30,1,4545.0,4.14,19.63,5759.0,2141.0,5.92,4.73,7900.0
2026-04-30,2,4626.0,4.56,20.14,5679.0,2145.0,6.1,4.9,7824.0
2026-04-30,3,4565.0,4.99,20.6,5698.0,2154.0,6.29,5.1,7852.0
2026-04-30,4,9143.0,5.32,19.18,8012.0,3126.0,9.7,8.65,11138.0
2026-04-30,5,13579.0,5.36,17.94,11176.0,4428.0,16.12,15.32,15603.0
2026-04-30,6,14106.0,5.08,18.73,13302.0,5244.0,19.48,18.81,18546.0
2026-04-30,7,15438.0,4.76,16.74,13459.0,5380.0,19.39,18.74,18839.0
2026-04-30,8,15367.0,4.49,16.57,13570.0,5462.0,19.45,18.79,19032.0
2026-04-30,9,15292.0,4.22,16.47,13202.0,5356.0,18.79,18.11,18558.0
2026-04-30,10,15415.0,4.09,16.47,12916.0,5173.0,17.64,16.95,18089.0
2026-04-30,11,4691.0,4.17,18.82,10839.0,4098.0,13.62,12.62,14937.0
2026-04-30,12,4.0,4.22,19.77,10052.0,3720.0,11.88,10.72,13772.0
2026-04-30,13,4.0,4.24,19.81,10162.0,3746.0,11.95,10.79,13909.0
2026-04-30,14,13.0,4.25,19.82,10133.0,3802.0,11.93,10.78,13936.0
2026-04-30,15,20.0,4.27,19.94,10174.0,3783.0,12.0,10.87,13956.0
2026-04-30,16,8.0,4.28,19.1,10320.0,3828.0,12.48,11.36,14148.0
2026-04-30,17,14241.0,4.21,17.99,12064.0,4842.0,16.31,15.6,16906.0
2026-04-30,18,15252.0,3.95,17.57,13416.0,5380.0,19.46,18.82,18796.0
2026-04-30,19,15240.0,3.7,17.53,13142.0,5207.0,19.41,18.75,18349.0
2026-04-30,20,14784.0,3.47,18.01,13065.0,5153.0,19.29,18.62,18218.0
2026-04-30,21,13827.0,3.21,17.92,12191.0,4833.0,17.24,16.53,17024.0
2026-04-30,22,7450.0,3.1,18.04,10683.0,4096.0,13.23,12.25,14779.0
2026-04-30,23,2550.0,3.28,20.84,7741.0,2894.0,8.42,7.25,10635.0
2026-05-01,0,2948.0,3.53,20.52,5772.0,2132.0,5.73,4.55,7904.0
2026-05-01,1,2956.0,3.8,20.79,5727.0,2164.0,6.02,4.83,7892.0
2026-05-01,2,3042.0,4.07,21.73,5825.0,2202.0,6.48,5.28,8026.0
2026-05-01,3,3083.0,4.34,22.2,5864.0,2202.0,6.84,5.63,8066.0
2026-05-01,4,3135.0,4.62,22.96,5984.0,2226.0,7.06,5.85,8209.0
2026-05-01,5,3012.0,4.9,21.39,5563.0,2105.0,7.35,6.13,7669.0
2026-05-01,6,2452.0,5.16,20.45,7753.0,2871.0,9.95,8.73,10624.0
2026-05-01,7,14249.0,5.2,17.85,11527.0,4586.0,16.28,15.45,16113.0
2026-05-01,8,14963.0,5.0,17.26,13161.0,5197.0,19.04,18.33,18358.0
2026-05-01,9,14958.0,4.72,16.92,13350.0,5291.0,19.18,18.5,18641.0
2026-05-01,10,15422.0,4.46,16.39,13028.0,5199.0,17.97,17.29,18227.0
2026-05-01,11,15420.0,4.34,16.8,11828.0,4704.0,15.49,14.74,16532.0
2026-05-01,12,10616.0,4.38,18.75,10569.0,4086.0,12.99,12.02,14655.0
2026-05-01,13,11.0,4.44,19.89,10213.0,3710.0,12.32,11.16,13923.0
2026-05-01,14,6.0,4.46,19.87,10194.0,3685.0,12.36,11.2,13878.0
2026-05-01,15,2.0,4.47,19.97,10175.0,3695.0,12.4,11.26,13870.0
2026-05-01,16,225.0,4.49,19.88,10023.0,3669.0,12.47,11.36,13692.0
2026-05-01,17,14657.0,4.45,18.45,11400.0,4584.0,15.95,15.2,15984.0
2026-05-01,18,14575.0,4.24,18.4,12959.0,5113.0,19.01,18.35,18072.0
2026-05-01,19,13461.0,3.94,19.64,12871.0,5088.0,19.02,18.34,17959.0
2026-05-01,20,13328.0,3.59,20.32,12536.0,4974.0,18.38,17.67,17510.0
2026-05-01,21,13043.0,3.31,20.94,11677.0,4583.0,16.61,15.83,16260.0
2026-05-01,22,13418.0,3.14,21.84,10582.0,4185.0,13.71,12.88,14767.0
2026-05-01,23,856.0,3.17,24.33,8644.0,3215.0,10.15,8.98,11859.0
2026-05-02,0,3336.0,3.36,21.83,5834.0,2156.0,6.0,4.81,7990.0
2026-05-02,1,3212.0,3.65,21.54,5629.0,2116.0,6.14,4.95,7745.0
2026-05-02,2,3234.0,3.94,22.14,5681.0,2131.0,6.54,5.33,7812.0
2026-05-02,3,3288.0,4.24,22.45,5704.0,2126.0,6.81,5.6,7830.0
2026-05-02,4,3258.0,4.53,22.33,5669.0,2124.0,6.84,5.63,7793.0
2026-05-02,5,3135.0,4.82,21.1,5299.0,1999.0,7.22,6.0,7298.0
2026-05-02,6,3087.0,5.1,20.53,7154.0,2658.0,9.67,8.46,9812.0
2026-05-02,7,14831.0,5.24,17.2,10922.0,4358.0,15.86,14.98,15280.0
2026-05-02,8,14914.0,5.08,16.86,12943.0,5131.0,19.08,18.34,18073.0
2026-05-02,9,14849.0,4.83,16.58,13128.0,5231.0,19.19,18.49,18359.0
2026-05-02,10,14801.0,4.56,16.49,12903.0,5129.0,18.06,17.37,18033.0
2026-05-02,11,15061.0,4.4,17.41,11758.0,4657.0,15.51,14.76,16415.0
2026-05-02,12,11932.0,4.38,18.23,10600.0,4138.0,12.89,12.05,14738.0
2026-05-02,13,7.0,4.42,18.32,10499.0,3822.0,12.46,11.35,14321.0
2026-05-02,14,0.0,4.44,18.5,10479.0,3826.0,12.63,11.51,14305.0
2026-05-02,15,4.0,4.45,18.69,10385.0,3808.0,12.73,11.61,14193.0
2026-05-02,16,436.0,4.46,18.7,10199.0,3723.0,12.62,11.51,13922.0
2026-05-02,17,13273.0,4.35,18.15,11640.0,4674.0,15.9,15.16,16315.0
2026-05-02,18,13621.0,4.02,17.59,13064.0,5193.0,18.97,18.34,18257.0
2026-05-02,19,13629.0,3.66,17.56,12939.0,5079.0,18.99,18.34,18018.0
2026-05-02,20,14159.0,3.35,17.14,12609.0,4943.0,18.25,17.57,17552.0
2026-05-02,21,14455.0,3.16,16.85,11775.0,4618.0,16.51,15.76,16392.0
2026-05-02,22,9959.0,3.11,18.02,10895.0,4157.0,13.94,13.02,15052.0
2026-05-02,23,1390.0,3.2,20.32,8884.0,3213.0,10.34,9.17,12097.0
2026-05-03,0,3359.0,3.42,20.02,5992.0,2206.0,6.22,5.03,8198.0
2026-05-03,1,3496.0,3.72,19.9,5900.0,2224.0,6.37,5.17,8123.0
2026-05-03,2,3899.0,4.06,20.23,5758.0,2118.0,6.67,5.47,7877.0
2026-05-03,3,3878.0,4.42,20.75,5500.0,2025.0,6.59,5.39,7526.0
2026-05-03,4,3802.0,4.78,21.87,5668.0,2082.0,6.91,5.71,7750.0
2026-05-03,5,3377.0,5.1,20.73,5323.0,1983.0,7.24,6.04,7305.0
2026-05-03,6,9202.0,5.25,21.61,7101.0,2972.0,9.34,8.35,10074.0
2026-05-03,7,14400.0,5.15,17.37,11361.0,4559.0,16.01,15.22,15920.0
2026-05-03,8,15392.0,4.96,16.21,13150.0,5211.0,19.03,18.37,18361.0
2026-05-03,9,15346.0,4.73,16.04,13358.0,5345.0,19.19,18.54,18702.0
2026-05-03,10,15358.0,4.48,16.09,13071.0,5238.0,18.06,17.43,18309.0
2026-05-03,11,15743.0,4.37,16.85,11977.0,4735.0,15.6,14.89,16712.0
2026-05-03,12,10974.0,4.38,17.54,11060.0,4304.0,13.53,12.67,15364.0
2026-05-03,13,189.0,4.45,18.32,10624.0,3883.0,12.74,11.63,14507.0
2026-05-03,14,193.0,4.48,18.74,10406.0,3811.0,12.7,11.57,14218.0
2026-05-03,15,197.0,4.51,18.88,10220.0,3728.0,12.43,11.3,13948.0
2026-05-03,16,404.0,4.54,18.52,10215.0,3731.0,12.49,11.36,13946.0
2026-05-03,17,12857.0,4.43,18.86,11788.0,4659.0,16.13,15.39,16446.0
2026-05-03,18,14462.0,4.1,17.58,13231.0,5222.0,19.0,18.37,18453.0
2026-05-03,19,14425.0,3.81,17.59,13052.0,5089.0,18.99,18.34,18141.0
2026-05-03,20,13757.0,3.52,18.25,12770.0,4983.0,18.24,17.57,17752.0
2026-05-03,21,13050.0,3.21,17.88,12081.0,4766.0,16.6,15.9,16848.0
2026-05-03,22,6851.0,3.05,17.69,10738.0,4087.0,13.75,12.8,14825.0
2026-05-03,23,2595.0,3.19,18.29,8772.0,3185.0,10.33,9.17,11957.0
2026-05-04,0,3127.0,3.46,20.33,5559.0,2058.0,6.17,4.99,7618.0
2026-05-04,1,3114.0,3.74,20.76,5318.0,2044.0,6.4,5.21,7362.0
2026-05-04,2,3110.0,4.03,20.56,5227.0,1963.0,6.76,5.56,7190.0
2026-05-04,3,3133.0,4.31,20.67,5329.0,1994.0,6.39,5.2,7323.0
2026-05-04,4,3211.0,4.6,21.64,5471.0,2058.0,6.58,5.39,7529.0
2026-05-04,5,3106.0,4.89,20.46,5120.0,1950.0,6.96,5.76,7070.0
2026-05-04,6,11074.0,5.15,20.02,7379.0,3093.0,9.61,8.65,10472.0
2026-05-04,7,14499.0,5.15,18.07,11547.0,4642.0,16.04,15.25,16189.0
2026-05-04,8,15355.0,4.93,16.75,13265.0,5258.0,19.03,18.38,18523.0
2026-05-04,9,15310.0,4.68,16.45,13430.0,5369.0,19.18,18.54,18799.0
2026-05-04,10,15285.0,4.42,16.37,13168.0,5264.0,18.04,17.41,18432.0
2026-05-04,11,15540.0,4.27,16.82,11930.0,4724.0,15.53,14.82,16654.0
2026-05-04,12,10671.0,4.3,17.21,10964.0,4265.0,13.34,12.45,15228.0
2026-05-04,13,7.0,4.37,18.3,10816.0,3945.0,12.73,11.61,14761.0
2026-05-04,14,11.0,4.38,18.47,10752.0,3902.0,12.8,11.7,14655.0
2026-05-04,15,2.0,4.39,18.66,10700.0,3870.0,12.93,11.83,14570.0
2026-05-04,16,9.0,4.41,18.93,10227.0,3744.0,12.56,11.43,13972.0
2026-05-04,17,13227.0,4.35,17.97,11420.0,4637.0,15.51,14.7,16057.0
2026-05-04,18,14143.0,4.08,18.05,13053.0,5148.0,18.97,18.26,18201.0
2026-05-04,19,14087.0,3.77,17.85,12942.0,5091.0,18.98,18.26,18032.0
2026-05-04,20,13988.0,3.48,17.75,12636.0,4973.0,18.26,17.53,17610.0
2026-05-04,21,13954.0,3.25,17.65,11813.0,4634.0,16.72,15.95,16447.0
2026-05-04,22,7564.0,3.19,18.83,10749.0,4043.0,14.06,13.06,14791.0
2026-05-04,23,3387.0,3.42,20.03,8695.0,3165.0,10.39,9.18,11860.0
2026-05-05,0,3541.0,3.74,21.45,5723.0,2114.0,6.24,5.02,7837.0
2026-05-05,1,3509.0,4.05,21.05,5408.0,2065.0,6.28,5.05,7473.0
2026-05-05,2,3516.0,4.37,21.45,5419.0,2048.0,6.65,5.41,7466.0
2026-05-05,3,3562.0,4.7,21.99,5503.0,2064.0,6.89,5.64,7567.0
2026-05-05,4,3485.0,5.02,20.47,7369.0,2717.0,9.44,8.2,10086.0
2026-05-05,5,13008.0,5.14,17.53,10941.0,4263.0,15.83,14.95,15204.0
2026-05-05,6,15413.0,4.98,17.86,12999.0,5076.0,19.27,18.54,18075.0
2026-05-05,7,15077.0,4.76,17.28,13094.0,5145.0,19.4,18.68,18239.0
2026-05-05,8,14966.0,4.52,16.98,13155.0,5172.0,19.42,18.7,18327.0
2026-05-05,9,14843.0,4.27,16.78,12666.0,5047.0,18.53,17.8,17713.0
2026-05-05,10,13778.0,4.13,16.94,11176.0,4441.0,14.91,14.08,15617.0
2026-05-05,11,9.0,4.2,18.57,9708.0,3606.0,11.61,10.46,13315.0
2026-05-05,12,8.0,4.21,19.22,9936.0,3676.0,11.59,10.46,13612.0
2026-05-05,13,14.0,4.23,19.41,9845.0,3643.0,11.47,10.34,13489.0
2026-05-05,14,8.0,4.24,19.4,10041.0,3725.0,11.72,10.59,13766.0
2026-05-05,15,4.0,4.25,19.72,10091.0,3747.0,11.94,10.82,13838.0
2026-05-05,16,12.0,4.27,19.49,9942.0,3719.0,12.0,10.86,13661.0
2026-05-05,17,12223.0,4.24,18.19,11377.0,4576.0,15.58,14.75,15953.0
2026-05-05,18,13636.0,3.98,18.99,13181.0,5300.0,19.46,18.8,18480.0
2026-05-05,19,14008.0,3.6,18.53,13140.0,5213.0,19.38,18.71,18353.0
2026-05-05,20,14287.0,3.27,17.75,13163.0,5149.0,19.29,18.63,18312.0
2026-05-05,21,14463.0,3.0,17.37,12260.0,4772.0,17.35,16.63,17032.0
2026-05-05,22,14022.0,2.94,17.11,10720.0,4200.0,13.48,12.61,14920.0
2026-05-05,23,3366.0,3.19,19.82,7970.0,2942.0,8.62,7.44,10912.0
2026-05-06,0,4135.0,3.53,20.45,5669.0,2097.0,5.8,4.61,7766.0
2026-05-06,1,4234.0,3.92,19.92,5401.0,2026.0,5.89,4.69,7426.0
2026-05-06,2,4188.0,4.3,19.74,5313.0,2004.0,6.13,4.92,7318.0
2026-05-06,3,4199.0,4.68,19.87,5308.0,1991.0,6.3,5.1,7299.0
2026-05-06,4,3883.0,5.05,17.85,7416.0,2722.0,9.08,7.89,10137.0
2026-05-06,5,14547.0,5.2,16.15,11033.0,4342.0,15.95,15.12,15374.0
2026-05-06,6,14933.0,5.01,16.14,13082.0,5108.0,19.27,18.59,18190.0
2026-05-06,7,14827.0,4.74,15.93,13297.0,5269.0,19.4,18.72,18565.0
2026-05-06,8,15055.0,4.46,16.24,13296.0,5331.0,19.42,18.75,18627.0
2026-05-06,9,14995.0,4.21,16.17,12874.0,5175.0,18.73,18.02,18049.0
2026-05-06,10,13008.0,4.05,16.62,11619.0,4619.0,15.42,14.61,16239.0
2026-05-06,11,206.0,4.1,18.24,9887.0,3636.0,11.73,10.59,13523.0
2026-05-06,12,210.0,4.13,18.73,10158.0,3763.0,11.81,10.67,13920.0
2026-05-06,13,219.0,4.16,18.95,10235.0,3769.0,11.86,10.73,14004.0
2026-05-06,14,217.0,4.19,19.37,10026.0,3702.0,11.86,10.72,13729.0
2026-05-06,15,201.0,4.22,19.53,9973.0,3695.0,11.88,10.71,13667.0
2026-05-06,16,881.0,4.25,18.73,9937.0,3745.0,12.08,10.92,13683.0
2026-05-06,17,13576.0,4.16,18.63,11621.0,4764.0,16.05,15.26,16385.0
2026-05-06,18,13928.0,3.82,18.35,13253.0,5365.0,19.51,18.84,18618.0
2026-05-06,19,14461.0,3.48,17.81,13190.0,5287.0,19.38,18.71,18477.0
2026-05-06,20,14404.0,3.17,17.32,13103.0,5217.0,19.29,18.61,18320.0
2026-05-06,21,15765.0,2.95,16.44,12161.0,4871.0,17.35,16.61,17032.0
2026-05-06,22,10218.0,3.01,17.58,10718.0,4156.0,13.53,12.57,14873.0
2026-05-06,23,2105.0,3.17,20.76,7872.0,2930.0,8.88,7.7,10802.0
2026-05-07,0,4138.0,3.46,19.15,5736.0,2150.0,5.92,4.72,7886.0
2026-05-07,1,4129.0,3.84,18.8,5623.0,2136.0,6.09,4.89,7759.0
2026-05-07,2,4213.0,4.22,19.08,5606.0,2140.0,6.46,5.26,7746.0
2026-05-07,3,4250.0,4.61,19.45,5636.0,2132.0,6.71,5.5,7768.0
2026-05-07,4,7749.0,4.95,17.73,7967.0,3108.0,9.75,8.71,11074.0
2026-05-07,5,15074.0,5.03,15.99,11157.0,4475.0,16.06,15.26,15632.0
2026-05-07,6,15535.0,4.9,16.38,13081.0,5219.0,19.2,18.52,18300.0
2026-05-07,7,15403.0,4.68,16.1,13337.0,5271.0,19.36,18.69,18608.0
2026-05-07,8,15193.0,4.43,15.85,13460.0,5393.0,19.59,18.93,18853.0
2026-05-07,9,15298.0,4.17,15.96,13022.0,5285.0,18.84,18.15,18307.0
2026-05-07,10,12543.0,4.04,16.54,11576.0,4598.0,15.43,14.61,16174.0
2026-05-07,11,215.0,4.11,19.12,9831.0,3632.0,11.86,10.71,13462.0
2026-05-07,12,214.0,4.14,19.14,10077.0,3724.0,11.83,10.66,13800.0
2026-05-07,13,210.0,4.17,19.64,10115.0,3775.0,11.84,10.66,13890.0
2026-05-07,14,221.0,4.2,19.74,10058.0,3776.0,11.81,10.64,13834.0
2026-05-07,15,211.0,4.23,19.79,10074.0,3766.0,11.84,10.7,13840.0
2026-05-07,16,192.0,4.26,19.26,10290.0,3830.0,12.43,11.29,14120.0
2026-05-07,17,13521.0,4.22,17.75,11384.0,4649.0,15.76,14.95,16033.0
2026-05-07,18,14333.0,3.99,18.21,13029.0,5212.0,19.25,18.55,18242.0
2026-05-07,19,14225.0,3.68,18.25,13070.0,5170.0,19.25,18.56,18240.0
2026-05-07,20,14295.0,3.37,18.32,13123.0,5202.0,19.29,18.58,18324.0
2026-05-07,21,14827.0,3.12,18.16,12125.0,4762.0,17.46,16.7,16886.0
2026-05-07,22,14283.0,3.08,18.56,10521.0,4183.0,13.49,12.63,14704.0
2026-05-07,23,11414.0,3.21,17.29,7189.0,2901.0,8.19,7.15,10090.0
2026-05-08,0,4349.0,3.69,19.99,5444.0,2019.0,5.63,4.42,7464.0
2026-05-08,1,4072.0,4.06,20.11,5610.0,2142.0,6.08,4.87,7752.0
2026-05-08,2,4111.0,4.44,20.44,5607.0,2138.0,6.45,5.23,7745.0
2026-05-08,3,4180.0,4.82,20.99,5660.0,2154.0,6.71,5.49,7814.0
2026-05-08,4,2821.0,5.17,20.37,7604.0,2825.0,9.34,8.13,10428.0
2026-05-08,5,13243.0,5.23,18.0,10986.0,4320.0,15.86,14.99,15306.0
2026-05-08,6,14406.0,5.02,17.95,13004.0,5107.0,19.37,18.65,18112.0
2026-05-08,7,14550.0,4.72,17.4,13205.0,5198.0,19.48,18.77,18403.0
2026-05-08,8,15645.0,4.44,15.98,13289.0,5301.0,19.54,18.83,18590.0
2026-05-08,9,15616.0,4.25,16.19,12843.0,5223.0,18.81,18.09,18066.0
2026-05-08,10,14495.0,4.14,17.0,11416.0,4633.0,15.19,14.35,16049.0
2026-05-08,11,241.0,4.22,19.22,9887.0,3665.0,11.66,10.51,13553.0
2026-05-08,12,219.0,4.25,19.03,10190.0,3753.0,11.8,10.66,13943.0
2026-05-08,13,203.0,4.28,19.04,10222.0,3798.0,11.77,10.65,14019.0
2026-05-08,14,215.0,4.31,19.11,10175.0,3773.0,11.89,10.76,13948.0
2026-05-08,15,204.0,4.34,19.37,10104.0,3763.0,11.96,10.8,13867.0
2026-05-08,16,205.0,4.37,18.8,10195.0,3810.0,12.43,11.27,14005.0
2026-05-08,17,13062.0,4.31,17.87,11485.0,4641.0,15.83,15.02,16126.0
2026-05-08,18,14284.0,4.03,17.77,13065.0,5247.0,19.27,18.57,18313.0
2026-05-08,19,14310.0,3.73,17.83,12985.0,5148.0,19.25,18.53,18132.0
2026-05-08,20,14297.0,3.44,17.76,12946.0,5139.0,19.18,18.44,18085.0
2026-05-08,21,14210.0,3.18,17.57,12201.0,4853.0,17.57,16.8,17053.0
2026-05-08,22,8690.0,3.1,17.43,10479.0,4113.0,13.54,12.53,14592.0
2026-05-08,23,2451.0,3.27,21.13,7659.0,2869.0,8.7,7.47,10529.0
2026-05-09,0,3207.0,3.53,21.47,5686.0,2120.0,5.77,4.54,7805.0
2026-05-09,1,3344.0,3.83,21.63,5658.0,2151.0,6.03,4.79,7809.0
2026-05-09,2,3422.0,4.13,22.14,5677.0,2174.0,6.38,5.14,7850.0
2026-05-09,3,3463.0,4.44,22.48,5716.0,2170.0,6.56,5.32,7887.0
2026-05-09,4,3480.0,4.76,23.02,5797.0,2198.0,6.75,5.51,7995.0
2026-05-09,5,2777.0,5.05,19.38,7095.0,2670.0,9.42,8.18,9765.0
2026-05-09,6,13532.0,5.14,17.89,11191.0,4431.0,15.71,14.84,15622.0
2026-05-09,7,15139.0,4.99,17.48,12858.0,5091.0,18.94,18.2,17949.0
2026-05-09,8,15508.0,4.79,16.92,13053.0,5182.0,18.96,18.23,18234.0
2026-05-09,9,15392.0,4.58,16.66,13187.0,5227.0,19.0,18.31,18414.0
2026-05-09,10,15348.0,4.35,16.52,13179.0,5211.0,18.03,17.35,18390.0
2026-05-09,11,14962.0,4.2,17.51,11901.0,4722.0,15.45,14.7,16623.0
2026-05-09,12,12533.0,4.15,17.95,10838.0,4310.0,13.23,12.42,15148.0
2026-05-09,13,218.0,4.2,18.26,10740.0,3936.0,12.64,11.49,14676.0
2026-05-09,14,189.0,4.23,18.62,10746.0,3937.0,12.82,11.68,14683.0
2026-05-09,15,204.0,4.26,18.89,10655.0,3914.0,12.68,11.55,14568.0
2026-05-09,16,386.0,4.29,18.89,10481.0,3856.0,12.71,11.58,14337.0
2026-05-09,17,15325.0,4.27,17.62,11623.0,4670.0,15.85,15.1,16293.0
2026-05-09,18,14792.0,4.09,18.09,13071.0,5181.0,19.01,18.35,18253.0
2026-05-09,19,14180.0,3.81,18.3,13063.0,5153.0,18.9,18.21,18216.0
2026-05-09,20,14152.0,3.52,18.32,12669.0,5043.0,18.23,17.52,17712.0
2026-05-09,21,14010.0,3.31,19.0,11771.0,4669.0,16.47,15.67,16439.0
2026-05-09,22,11839.0,3.17,19.91,10872.0,4279.0,13.98,13.07,15151.0
2026-05-09,23,2977.0,3.32,20.65,9063.0,3334.0,10.55,9.35,12397.0
2026-05-10,0,3029.0,3.6,21.57,6009.0,2218.0,6.11,4.9,8227.0
2026-05-10,1,2976.0,3.86,20.8,5549.0,2093.0,5.88,4.66,7642.0
2026-05-10,2,3016.0,4.13,21.28,5564.0,2118.0,6.25,5.02,7682.0
2026-05-10,3,3167.0,4.41,22.71,5763.0,2178.0,6.71,5.48,7941.0
2026-05-10,4,3121.0,4.7,22.56,5756.0,2165.0,6.73,5.5,7921.0
2026-05-10,5,2898.0,4.97,20.06,7239.0,2696.0,9.14,7.91,9935.0
2026-05-10,6,14315.0,5.1,17.75,11347.0,4457.0,15.61,14.75,15804.0
2026-05-10,7,15084.0,4.94,17.03,13091.0,5170.0,18.93,18.21,18261.0
2026-05-10,8,15174.0,4.69,16.59,13156.0,5246.0,18.7,18.0,18402.0
2026-05-10,9,15393.0,4.46,16.09,13327.0,5340.0,18.6,17.93,18667.0
2026-05-10,10,14953.0,4.19,16.16,13259.0,5361.0,18.13,17.47,18620.0
2026-05-10,11,15458.0,4.0,16.43,12131.0,4841.0,15.63,14.9,16972.0
2026-05-10,12,12901.0,3.99,17.36,11041.0,4304.0,13.27,12.44,15345.0
2026-05-10,13,13.0,4.06,18.18,10728.0,3921.0,12.62,11.46,14649.0
2026-05-10,14,4.0,4.07,18.44,10540.0,3855.0,12.56,11.39,14395.0
2026-05-10,15,3.0,4.09,18.57,10471.0,3842.0,12.57,11.4,14313.0
2026-05-10,16,11.0,4.1,18.4,10298.0,3827.0,12.47,11.31,14126.0
2026-05-10,17,13489.0,4.05,17.41,11514.0,4608.0,15.76,14.95,16123.0
2026-05-10,18,14864.0,3.83,17.05,13063.0,5188.0,18.98,18.27,18251.0
2026-05-10,19,15103.0,3.6,17.05,12990.0,5125.0,18.89,18.18,18115.0
2026-05-10,20,14968.0,3.38,17.0,12768.0,5027.0,18.25,17.54,17794.0
2026-05-10,21,14922.0,3.23,16.9,11884.0,4697.0,16.59,15.83,16581.0
2026-05-10,22,8547.0,3.21,17.2,10775.0,4156.0,13.95,12.97,14931.0
2026-05-10,23,2400.0,3.39,19.08,8721.0,3200.0,10.18,8.99,11921.0
2026-05-11,0,3868.0,3.67,20.84,5835.0,2178.0,6.07,4.86,8013.0
2026-05-11,1,3957.0,4.04,20.2,5578.0,2087.0,6.13,4.9,7665.0
2026-05-11,2,3988.0,4.4,20.67,5572.0,2106.0,6.55,5.31,7678.0
2026-05-11,3,4182.0,4.77,22.18,5807.0,2193.0,6.96,5.73,8000.0
2026-05-11,4,4144.0,5.15,21.37,7633.0,2836.0,9.48,8.25,10469.0
2026-05-11,5,13190.0,5.31,18.49,10821.0,4302.0,15.68,14.79,15123.0
2026-05-11,6,14201.0,5.1,17.99,12966.0,5157.0,19.17,18.51,18123.0
2026-05-11,7,14486.0,4.79,16.47,13135.0,5296.0,19.38,18.75,18431.0
2026-05-11,8,15233.0,4.48,15.51,13169.0,5343.0,19.44,18.82,18513.0
2026-05-11,9,15570.0,4.27,15.16,12802.0,5274.0,18.82,18.18,18076.0
2026-05-11,10,13695.0,4.16,15.7,11556.0,4682.0,15.46,14.7,16238.0
2026-05-11,11,196.0,4.24,18.28,9948.0,3669.0,11.82,10.66,13617.0
2026-05-11,12,205.0,4.27,18.8,10207.0,3766.0,11.88,10.72,13973.0
2026-05-11,13,202.0,4.3,19.19,10162.0,3779.0,11.93,10.77,13941.0
2026-05-11,14,214.0,4.33,19.47,10094.0,3728.0,11.91,10.76,13822.0
2026-05-11,15,218.0,4.36,19.5,10095.0,3751.0,11.94,10.8,13846.0
2026-05-11,16,294.0,4.39,19.15,10108.0,3782.0,12.24,11.11,13890.0
2026-05-11,17,14015.0,4.33,17.64,11655.0,4769.0,15.89,15.13,16425.0
2026-05-11,18,13784.0,4.01,18.05,13250.0,5362.0,19.3,18.64,18612.0
2026-05-11,19,14337.0,3.65,17.66,13223.0,5327.0,19.27,18.6,18550.0
2026-05-11,20,14430.0,3.32,17.79,13198.0,5293.0,19.24,18.57,18491.0
2026-05-11,21,14618.0,3.06,17.62,12141.0,4850.0,17.3,16.55,16991.0
2026-05-11,22,13219.0,3.02,17.02,10585.0,4189.0,13.23,12.33,14774.0
2026-05-11,23,3702.0,3.3,18.98,7977.0,2983.0,8.83,7.63,10959.0
2026-05-12,0,3952.0,3.65,19.96,5801.0,2157.0,5.84,4.64,7958.0
2026-05-12,1,4051.0,4.01,20.06,5767.0,2187.0,6.14,4.94,7954.0
2026-05-12,2,4127.0,4.38,20.74,5813.0,2206.0,6.57,5.37,8019.0
2026-05-12,3,4181.0,4.77,21.16,5851.0,2208.0,6.85,5.64,8059.0
2026-05-12,4,3972.0,5.14,19.22,7659.0,2839.0,9.28,8.07,10498.0
2026-05-12,5,13603.0,5.28,16.33,11014.0,4391.0,15.73,14.86,15405.0
2026-05-12,6,14920.0,5.07,17.4,13013.0,5153.0,19.32,18.61,18166.0
2026-05-12,7,14757.0,4.81,17.08,13128.0,5238.0,19.4,18.7,18366.0
2026-05-12,8,14728.0,4.53,16.92,13155.0,5264.0,19.43,18.73,18419.0
2026-05-12,9,14806.0,4.26,17.04,12758.0,5099.0,18.88,18.15,17857.0
2026-05-12,10,13391.0,4.14,18.16,11139.0,4433.0,15.15,14.27,15572.0
2026-05-12,11,39.0,4.21,20.43,9567.0,3532.0,11.7,10.5,13099.0
2026-05-12,12,4.0,4.23,20.32,10029.0,3701.0,11.88,10.68,13730.0
2026-05-12,13,16.0,4.24,20.07,10033.0,3746.0,11.72,10.53,13779.0
2026-05-12,14,10.0,4.26,20.07,10004.0,3745.0,11.85,10.67,13749.0
2026-05-12,15,11.0,4.27,19.94,10021.0,3727.0,11.88,10.71,13748.0
2026-05-12,16,25.0,4.29,18.92,10306.0,3832.0,12.4,11.23,14139.0
2026-05-12,17,14034.0,4.22,17.56,11681.0,4714.0,15.9,15.11,16396.0
2026-05-12,18,14269.0,3.95,17.71,13334.0,5364.0,19.32,18.65,18697.0
2026-05-12,19,13843.0,3.57,17.88,13351.0,5304.0,19.43,18.76,18655.0
2026-05-12,20,14965.0,3.23,17.04,13363.0,5295.0,19.2,18.53,18658.0
2026-05-12,21,15711.0,3.02,16.38,12385.0,4929.0,17.23,16.49,17314.0
2026-05-12,22,9760.0,3.05,17.66,10855.0,4106.0,13.48,12.52,14960.0
2026-05-12,23,2609.0,3.24,20.54,8018.0,2681.0,8.92,7.77,10699.0
2026-05-13,0,4487.0,3.56,19.67,5813.0,2157.0,5.82,4.61,7970.0
2026-05-13,1,4664.0,3.98,19.56,5732.0,2163.0,6.05,4.82,7895.0
2026-05-13,2,4494.0,4.41,19.96,5696.0,2175.0,6.32,5.09,7871.0
2026-05-13,3,3504.0,4.77,21.07,5581.0,2141.0,6.45,5.22,7722.0
2026-05-13,4,3282.0,5.08,21.03,5574.0,2125.0,6.43,5.21,7699.0
2026-05-13,5,5795.0,5.32,19.55,7083.0,2813.0,9.19,8.07,9896.0
2026-05-13,6,14093.0,5.27,18.38,11377.0,4560.0,15.63,14.83,15937.0
2026-05-13,7,15565.0,5.07,16.85,13276.0,5267.0,19.16,18.46,18543.0
2026-05-13,8,15576.0,4.86,16.29,13123.0,5261.0,19.12,18.41,18384.0
2026-05-13,9,15571.0,4.68,16.27,12935.0,5223.0,19.01,18.28,18158.0
2026-05-13,10,15107.0,4.49,16.59,12900.0,5128.0,18.02,17.31,18027.0
2026-05-13,11,14756.0,4.34,17.67,11671.0,4664.0,15.5,14.7,16335.0
2026-05-13,12,11925.0,4.31,17.81,10650.0,4230.0,13.09,12.2,14879.0
2026-05-13,13,10.0,4.37,18.73,10550.0,3893.0,12.57,11.43,14443.0
2026-05-13,14,19.0,4.38,19.11,10404.0,3865.0,12.49,11.35,14270.0
2026-05-13,15,7.0,4.39,19.37,10334.0,3865.0,12.48,11.35,14199.0
2026-05-13,16,37.0,4.41,19.42,10212.0,3830.0,12.51,11.38,14042.0
2026-05-13,17,14234.0,4.35,18.69,11433.0,4657.0,15.79,15.02,16091.0
2026-05-13,18,13701.0,4.07,18.94,13158.0,5267.0,19.18,18.51,18426.0
2026-05-13,19,13849.0,3.69,18.69,13159.0,5248.0,19.16,18.49,18407.0
2026-05-13,20,14174.0,3.35,17.68,12880.0,5094.0,18.37,17.68,17974.0
2026-05-13,21,14785.0,3.14,16.88,12010.0,4800.0,16.65,15.91,16810.0
2026-05-13,22,14022.0,3.07,17.04,10902.0,4326.0,13.87,13.01,15228.0
2026-05-13,23,3327.0,3.3,20.1,8754.0,3247.0,10.09,8.9,12001.0
2026-05-14,0,3999.0,3.63,20.84,5804.0,2135.0,5.85,4.65,7939.0
2026-05-14,1,3973.0,4.0,19.93,5443.0,2052.0,5.85,4.63,7495.0
2026-05-14,2,4019.0,4.37,20.13,5396.0,2085.0,6.13,4.91,7481.0
2026-05-14,3,4135.0,4.74,21.2,5570.0,2113.0,6.49,5.27,7682.0
2026-05-14,4,3941.0,5.11,19.15,7505.0,2797.0,9.15,7.93,10301.0
2026-05-14,5,14087.0,5.26,17.0,11014.0,4387.0,15.67,14.79,15401.0
2026-05-14,6,15137.0,5.06,17.3,13256.0,5262.0,19.35,18.64,18519.0
2026-05-14,7,14925.0,4.8,16.79,13258.0,5269.0,19.41,18.71,18527.0
2026-05-14,8,15126.0,4.52,16.37,13226.0,5331.0,19.45,18.75,18557.0
2026-05-14,9,15312.0,4.28,16.15,12965.0,5245.0,18.96,18.25,18210.0
2026-05-14,10,12825.0,4.14,16.69,11428.0,4588.0,15.22,14.37,16015.0
2026-05-14,11,227.0,4.2,18.34,10059.0,3730.0,12.01,10.84,13789.0
2026-05-14,12,209.0,4.23,18.78,10327.0,3826.0,12.06,10.91,14153.0
2026-05-14,13,196.0,4.26,18.96,10408.0,3841.0,12.17,11.03,14249.0
2026-05-14,14,194.0,4.29,19.35,10174.0,3758.0,12.01,10.88,13932.0
2026-05-14,15,203.0,4.32,19.52,10232.0,3810.0,12.09,10.94,14041.0
2026-05-14,16,407.0,4.35,19.0,10193.0,3823.0,12.31,11.17,14016.0
2026-05-14,17,13674.0,4.28,18.64,11655.0,4760.0,15.97,15.21,16415.0
2026-05-14,18,14264.0,3.95,17.82,13276.0,5350.0,19.25,18.61,18626.0
2026-05-14,19,14676.0,3.64,17.41,13207.0,5281.0,19.26,18.59,18488.0
2026-05-14,20,14784.0,3.35,17.56,13255.0,5278.0,19.17,18.5,18533.0
2026-05-14,21,15522.0,3.14,16.89,12315.0,4893.0,17.3,16.58,17207.0
2026-05-14,22,9495.0,3.15,17.98,10813.0,4185.0,13.49,12.54,14999.0
2026-05-14,23,1866.0,3.27,20.79,8097.0,2989.0,9.04,7.87,11086.0
2026-05-15,0,4402.0,3.57,20.76,5969.0,2232.0,6.02,4.82,8201.0
2026-05-15,1,4347.0,3.97,20.56,5835.0,2220.0,6.2,5.0,8055.0
2026-05-15,2,4378.0,4.37,20.71,5804.0,2228.0,6.44,5.23,8032.0
2026-05-15,3,4442.0,4.77,20.99,5836.0,2218.0,6.71,5.48,8054.0
2026-05-15,4,9780.0,5.08,20.3,7608.0,3127.0,9.46,8.44,10736.0
2026-05-15,5,15191.0,5.15,17.55,10993.0,4436.0,15.76,14.9,15429.0
2026-05-15,6,15178.0,5.01,16.56,13286.0,5260.0,19.46,18.76,18546.0
2026-05-15,7,15114.0,4.76,16.36,13274.0,5264.0,19.57,18.88,18538.0
2026-05-15,8,15011.0,4.49,16.22,13376.0,5367.0,19.6,18.93,18743.0
2026-05-15,9,14961.0,4.22,16.11,13024.0,5226.0,18.99,18.3,18250.0
2026-05-15,10,12771.0,4.05,16.71,11528.0,4590.0,15.31,14.5,16118.0
2026-05-15,11,202.0,4.11,18.75,9876.0,3631.0,11.82,10.67,13507.0
2026-05-15,12,210.0,4.14,19.16,10200.0,3758.0,11.86,10.72,13958.0
2026-05-15,13,221.0,4.17,19.34,10232.0,3808.0,11.95,10.81,14040.0
2026-05-15,14,212.0,4.2,19.61,10176.0,3780.0,11.98,10.86,13956.0
2026-05-15,15,222.0,4.23,19.99,10023.0,3738.0,11.83,10.71,13761.0
2026-05-15,16,248.0,4.26,19.23,10132.0,3795.0,12.23,11.11,13927.0
2026-05-15,17,12980.0,4.13,19.02,11625.0,4721.0,15.97,15.19,16346.0
2026-05-15,18,14847.0,3.85,17.56,13150.0,5295.0,19.31,18.65,18444.0
2026-05-15,19,14725.0,3.58,17.41,13100.0,5239.0,19.27,18.6,18339.0
2026-05-15,20,15045.0,3.31,16.95,13087.0,5202.0,19.19,18.51,18288.0
2026-05-15,21,15884.0,3.15,16.45,12258.0,4895.0,17.35,16.62,17152.0
2026-05-15,22,9424.0,3.19,17.69,10840.0,4187.0,13.56,12.61,15027.0
2026-05-15,23,2355.0,3.4,20.97,7800.0,2904.0,8.63,7.45,10705.0
2026-05-16,0,3157.0,3.65,21.09,5960.0,2222.0,5.98,4.78,8181.0
2026-05-16,1,3180.0,3.94,20.73,5805.0,2202.0,6.14,4.93,8007.0
2026-05-16,2,3162.0,4.22,20.84,5743.0,2203.0,6.45,5.24,7946.0
2026-05-16,3,3233.0,4.51,21.24,5790.0,2205.0,6.69,5.48,7995.0
2026-05-16,4,3227.0,4.8,21.22,5786.0,2197.0,6.74,5.53,7983.0
2026-05-16,5,8655.0,5.05,19.11,6962.0,2905.0,9.36,8.31,9867.0
2026-05-16,6,15439.0,5.11,17.07,11229.0,4525.0,15.71,14.9,15755.0
2026-05-16,7,15160.0,4.96,17.2,13176.0,5209.0,19.16,18.5,18385.0
2026-05-16,8,15022.0,4.7,16.87,13385.0,5335.0,19.17,18.51,18720.0
2026-05-16,9,15741.0,4.42,16.26,13528.0,5378.0,19.23,18.59,18906.0
2026-05-16,10,15966.0,4.21,16.02,13280.0,5281.0,18.09,17.44,18561.0
2026-05-16,11,16229.0,4.12,16.38,12022.0,4780.0,15.45,14.7,16803.0
2026-05-16,12,14903.0,4.18,17.75,11011.0,4409.0,13.22,12.42,15421.0
2026-05-16,13,17.0,4.25,18.68,10714.0,3993.0,12.37,11.23,14707.0
2026-05-16,14,0.0,4.27,18.74,10666.0,3962.0,12.51,11.37,14628.0
2026-05-16,15,6.0,4.28,18.93,10657.0,3925.0,12.63,11.5,14582.0
2026-05-16,16,0.0,4.29,18.78,10468.0,3870.0,12.59,11.47,14339.0
2026-05-16,17,13577.0,4.23,17.9,11644.0,4637.0,15.62,14.86,16280.0
2026-05-16,18,14370.0,3.96,17.74,13278.0,5248.0,19.26,18.62,18526.0
2026-05-16,19,14730.0,3.65,17.55,13151.0,5240.0,19.2,18.53,18391.0
2026-05-16,20,14990.0,3.4,17.4,12832.0,5085.0,18.44,17.74,17918.0
2026-05-16,21,14992.0,3.25,17.38,12031.0,4774.0,16.71,15.98,16805.0
2026-05-16,22,8526.0,3.24,17.91,11019.0,4248.0,13.97,13.0,15266.0
2026-05-16,23,2722.0,3.45,19.95,9175.0,3392.0,10.45,9.27,12567.0
2026-05-17,0,3265.0,3.73,20.9,5932.0,2213.0,5.93,4.73,8145.0
2026-05-17,1,3249.0,4.02,20.46,5761.0,2182.0,6.09,4.89,7943.0
2026-05-17,2,3247.0,4.31,20.55,5712.0,2164.0,6.39,5.18,7876.0
2026-05-17,3,3353.0,4.61,21.78,5902.0,2242.0,6.79,5.58,8144.0
2026-05-17,4,3328.0,4.91,21.46,5830.0,2200.0,6.79,5.58,8031.0
2026-05-17,5,1661.0,5.16,20.08,6891.0,2592.0,9.3,8.07,9483.0
2026-05-17,6,14198.0,5.18,18.52,11040.0,4410.0,15.63,14.78,15450.0
2026-05-17,7,15225.0,5.04,17.8,12869.0,5082.0,19.03,18.32,17951.0
2026-05-17,8,15085.0,4.82,17.41,13149.0,5193.0,19.03,18.34,18342.0
2026-05-17,9,14924.0,4.56,17.14,13361.0,5285.0,19.11,18.45,18645.0
2026-05-17,10,14817.0,4.26,16.99,13264.0,5206.0,18.0,17.34,18470.0
2026-05-17,11,15336.0,4.07,16.8,12116.0,4829.0,15.44,14.69,16945.0
2026-05-17,12,13783.0,4.06,17.39,11062.0,4380.0,13.23,12.4,15442.0
2026-05-17,13,192.0,4.16,18.49,10856.0,3949.0,12.65,11.52,14806.0
2026-05-17,14,194.0,4.19,18.54,10803.0,3954.0,12.73,11.59,14757.0
2026-05-17,15,3.0,4.21,18.8,10780.0,3936.0,12.73,11.59,14716.0
2026-05-17,16,8.0,4.23,18.72,10575.0,3880.0,12.63,11.49,14455.0
2026-05-17,17,14730.0,4.2,17.49,11796.0,4741.0,15.74,15.01,16537.0
2026-05-17,18,15029.0,3.97,17.39,13382.0,5318.0,19.15,18.53,18699.0
2026-05-17,19,15061.0,3.71,17.45,13293.0,5260.0,19.13,18.49,18554.0
2026-05-17,20,15170.0,3.46,17.66,12987.0,5136.0,18.39,17.72,18122.0
2026-05-17,21,15354.0,3.31,18.01,12057.0,4824.0,16.65,15.89,16881.0
2026-05-17,22,14261.0,3.3,18.24,10932.0,4339.0,13.99,13.13,15272.0
2026-05-17,23,3000.0,3.53,20.66,8723.0,3226.0,10.07,8.89,11949.0
2026-05-18,0,3073.0,3.81,22.31,6009.0,2252.0,6.24,5.04,8261.0
2026-05-18,1,2984.0,4.08,21.67,5634.0,2142.0,6.15,4.94,7776.0
2026-05-18,2,2985.0,4.35,21.82,5602.0,2127.0,6.51,5.31,7728.0
2026-05-18,3,3004.0,4.61,22.18,5633.0,2138.0,6.66,5.45,7771.0
2026-05-18,4,2849.0,4.88,20.46,7553.0,2816.0,9.13,7.93,10369.0
2026-05-18,5,15211.0,5.0,15.69,11177.0,4435.0,15.79,14.95,15612.0
2026-05-18,6,15892.0,4.84,16.03,13422.0,5351.0,19.3,18.62,18772.0
2026-05-18,7,15933.0,4.63,15.99,13414.0,5417.0,19.39,18.71,18831.0
2026-05-18,8,15774.0,4.41,15.8,13493.0,5429.0,19.5,18.84,18922.0
2026-05-18,9,15744.0,4.19,15.77,13154.0,5303.0,19.0,18.31,18457.0
2026-05-18,10,13401.0,4.08,16.32,11649.0,4666.0,15.4,14.59,16315.0
2026-05-18,11,196.0,4.15,18.07,10097.0,3758.0,11.83,10.68,13855.0
2026-05-18,12,208.0,4.18,18.76,10341.0,3834.0,11.88,10.74,14176.0
2026-05-18,13,201.0,4.21,18.83,10335.0,3844.0,11.91,10.77,14179.0
2026-05-18,14,200.0,4.24,19.09,10200.0,3788.0,11.89,10.76,13988.0
2026-05-18,15,199.0,4.27,19.25,10267.0,3814.0,11.96,10.84,14081.0
2026-05-18,16,914.0,4.3,18.99,10293.0,3844.0,12.26,11.15,14137.0
2026-05-18,17,13227.0,4.17,19.03,11809.0,4826.0,15.98,15.22,16635.0
2026-05-18,18,14818.0,3.84,17.47,13354.0,5413.0,19.27,18.62,18768.0
2026-05-18,19,14949.0,3.56,17.25,13292.0,5343.0,19.24,18.58,18635.0
2026-05-18,20,15193.0,3.28,16.89,13305.0,5328.0,19.14,18.47,18633.0
2026-05-18,21,15939.0,3.11,16.02,12248.0,4872.0,17.23,16.49,17120.0
2026-05-18,22,9573.0,3.15,17.99,10703.0,4150.0,13.53,12.56,14853.0
2026-05-18,23,2017.0,3.29,21.18,7826.0,2919.0,8.93,7.73,10745.0
2026-05-19,0,4517.0,3.6,20.97,5867.0,2206.0,6.06,4.86,8073.0
2026-05-19,1,4567.0,4.01,21.36,5861.0,2230.0,6.38,5.16,8090.0
2026-05-19,2,4608.0,4.43,21.76,5801.0,2202.0,6.63,5.42,8002.0
2026-05-19,3,4679.0,4.86,22.45,5608.0,2126.0,6.61,5.4,7735.0
2026-05-19,4,10270.0,5.17,22.87,7567.0,3170.0,9.55,8.55,10736.0
2026-05-19,5,14857.0,5.17,18.22,11096.0,4440.0,15.79,14.94,15535.0
2026-05-19,6,15407.0,4.99,16.68,13534.0,5336.0,19.55,18.9,18870.0
2026-05-19,7,15305.0,4.73,16.09,13401.0,5351.0,19.32,18.68,18752.0
2026-05-19,8,15229.0,4.46,15.95,13467.0,5521.0,19.54,19.03,18988.0
2026-05-19,9,15194.0,4.2,15.9,13000.0,5378.0,18.86,18.32,18378.0
2026-05-19,10,14666.0,4.03,16.24,11767.0,4849.0,15.87,15.2,16616.0
2026-05-19,11,209.0,4.11,18.79,9835.0,3655.0,11.87,10.69,13490.0
2026-05-19,12,191.0,4.14,18.75,10063.0,3761.0,11.76,10.58,13824.0
2026-05-19,13,192.0,4.17,18.98,10221.0,3818.0,11.85,10.68,14039.0
2026-05-19,14,189.0,4.2,19.23,10145.0,3778.0,11.85,10.7,13924.0
2026-05-19,15,202.0,4.23,19.28,10182.0,3785.0,11.89,10.75,13967.0
2026-05-19,16,202.0,4.26,19.14,10337.0,3846.0,12.38,11.23,14184.0
2026-05-19,17,14561.0,4.23,17.37,11641.0,4728.0,15.82,15.04,16369.0
2026-05-19,18,15167.0,4.02,17.11,13253.0,5325.0,19.23,18.56,18578.0
2026-05-19,19,14948.0,3.75,16.85,13282.0,5312.0,19.23,18.55,18593.0
2026-05-19,20,14729.0,3.47,16.93,13315.0,5304.0,19.13,18.44,18619.0
2026-05-19,21,14601.0,3.2,17.04,12324.0,4906.0,17.42,16.65,17231.0
2026-05-19,22,14483.0,3.13,17.78,10639.0,4267.0,13.4,12.52,14906.0
2026-05-19,23,11387.0,3.27,19.66,7409.0,3034.0,8.37,7.34,10443.0
2026-05-20,0,4481.0,3.72,19.24,5680.0,2123.0,5.74,4.54,7803.0
2026-05-20,1,3473.0,4.05,19.97,5577.0,2115.0,6.0,4.78,7692.0
2026-05-20,2,3570.0,4.37,21.66,5814.0,2240.0,6.59,5.37,8054.0
2026-05-20,3,3552.0,4.69,22.0,5828.0,2235.0,6.77,5.55,8063.0
2026-05-20,4,2520.0,4.99,19.69,7655.0,2853.0,9.26,8.04,10509.0
2026-05-20,5,13288.0,5.03,15.68,11185.0,4438.0,15.72,14.88,15623.0
2026-05-20,6,15498.0,4.82,16.48,13453.0,5322.0,19.5,18.83,18775.0
2026-05-20,7,15484.0,4.58,16.47,13436.0,5359.0,19.54,18.86,18796.0
2026-05-20,8,15448.0,4.33,16.34,13417.0,5360.0,19.58,18.9,18778.0
2026-05-20,9,15441.0,4.11,16.32,12756.0,5138.0,18.85,18.12,17894.0
2026-05-20,10,14048.0,4.03,17.11,11205.0,4451.0,15.36,14.46,15656.0
2026-05-20,11,201.0,4.14,19.6,9573.0,3594.0,11.73,10.51,13167.0
2026-05-20,12,181.0,4.17,19.42,10159.0,3797.0,11.91,10.71,13956.0
2026-05-20,13,171.0,4.2,19.41,10133.0,3784.0,11.9,10.72,13917.0
2026-05-20,14,171.0,4.23,19.42,10130.0,3759.0,11.94,10.77,13889.0
2026-05-20,15,195.0,4.26,19.48,10130.0,3759.0,11.97,10.82,13889.0
2026-05-20,16,203.0,4.29,19.0,10199.0,3792.0,12.33,11.19,13991.0
2026-05-20,17,14048.0,4.24,17.3,11693.0,4758.0,15.88,15.11,16451.0
2026-05-20,18,14932.0,3.99,17.16,13384.0,5375.0,19.4,18.75,18759.0
2026-05-20,19,14980.0,3.7,17.2,13323.0,5360.0,19.34,18.68,18684.0
2026-05-20,20,14932.0,3.42,17.09,13319.0,5272.0,19.3,18.61,18591.0
2026-05-20,21,15774.0,3.2,16.23,12230.0,4860.0,17.22,16.42,17089.0
2026-05-20,22,14540.0,3.22,17.43,10498.0,4221.0,13.33,12.42,14718.0
2026-05-20,23,10228.0,3.33,21.54,7296.0,3000.0,8.42,7.37,10296.0
2026-05-21,0,4247.0,3.61,19.33,5496.0,2039.0,5.6,4.36,7535.0
2026-05-21,1,4285.0,4.0,19.52,5602.0,2121.0,6.07,4.82,7722.0
2026-05-21,2,4376.0,4.4,20.22,5596.0,2149.0,6.43,5.17,7745.0
2026-05-21,3,4091.0,4.79,20.81,5422.0,2086.0,6.4,5.14,7508.0
2026-05-21,4,3105.0,5.14,19.73,7515.0,2814.0,9.21,7.96,10329.0
2026-05-21,5,12879.0,5.21,16.56,11041.0,4380.0,15.62,14.75,15422.0
2026-05-21,6,15811.0,5.01,16.52,13392.0,5249.0,19.49,18.78,18641.0
2026-05-21,7,15883.0,4.81,15.92,13393.0,5273.0,19.58,18.87,18666.0
2026-05-21,8,15816.0,4.61,15.81,13323.0,5280.0,19.62,18.91,18603.0
2026-05-21,9,15699.0,4.43,16.48,12897.0,5168.0,18.82,18.1,18065.0
2026-05-21,10,13779.0,4.33,17.36,11312.0,4545.0,15.06,14.22,15857.0
2026-05-21,11,7.0,4.41,19.13,9793.0,3651.0,11.77,10.6,13444.0
2026-05-21,12,7.0,4.42,19.0,10072.0,3730.0,11.76,10.6,13803.0
2026-05-21,13,8.0,4.43,19.24,10194.0,3798.0,11.83,10.68,13992.0
2026-05-21,14,4.0,4.45,19.22,10135.0,3797.0,11.85,10.7,13932.0
2026-05-21,15,6.0,4.46,19.27,10140.0,3789.0,11.89,10.75,13929.0
2026-05-21,16,42.0,4.47,18.75,10084.0,3745.0,12.08,10.94,13829.0
2026-05-21,17,14620.0,4.43,17.56,11680.0,4722.0,15.97,15.21,16402.0
2026-05-21,18,13898.0,4.14,18.13,13277.0,5332.0,19.25,18.59,18608.0
2026-05-21,19,14423.0,3.77,17.61,13382.0,5316.0,19.27,18.6,18698.0
2026-05-21,20,14908.0,3.45,17.14,13526.0,5387.0,19.28,18.63,18913.0
2026-05-21,21,15270.0,3.2,16.59,12517.0,4964.0,17.38,16.68,17482.0
2026-05-21,22,12814.0,3.18,17.78,10652.0,4204.0,13.44,12.52,14856.0
2026-05-21,23,226.0,3.25,22.63,7671.0,2856.0,8.71,7.51,10526.0
2026-05-22,0,3479.0,3.39,21.11,5599.0,2079.0,5.78,4.57,7678.0
2026-05-22,1,4588.0,3.8,20.79,5480.0,2053.0,5.96,4.73,7534.0
2026-05-22,2,4671.0,4.22,21.29,5469.0,2093.0,6.25,5.02,7563.0
2026-05-22,3,4717.0,4.65,21.75,5514.0,2107.0,6.52,5.31,7621.0
2026-05-22,4,4390.0,5.07,19.02,7397.0,2739.0,8.98,7.78,10136.0
2026-05-22,5,14261.0,5.26,17.09,11184.0,4432.0,15.74,14.88,15616.0
2026-05-22,6,15642.0,5.09,16.61,13480.0,5325.0,19.44,18.77,18805.0
2026-05-22,7,15392.0,4.84,16.11,13438.0,5376.0,19.59,18.92,18813.0
2026-05-22,8,15341.0,4.59,16.04,13216.0,5297.0,19.55,18.85,18513.0
2026-05-22,9,15382.0,4.37,16.06,12943.0,5198.0,18.95,18.22,18141.0
2026-05-22,10,13287.0,4.24,17.46,11271.0,4532.0,15.13,14.32,15803.0
2026-05-22,11,0.0,4.28,19.47,9552.0,3544.0,11.57,10.37,13095.0
2026-05-22,12,8.0,4.3,19.25,10032.0,3715.0,11.67,10.48,13747.0
2026-05-22,13,4.0,4.31,19.36,10078.0,3726.0,11.74,10.57,13805.0
2026-05-22,14,8.0,4.33,19.24,9991.0,3718.0,11.69,10.52,13709.0
2026-05-22,15,6.0,4.34,19.36,9998.0,3715.0,11.81,10.63,13713.0
2026-05-22,16,651.0,4.35,18.88,9966.0,3732.0,12.04,10.87,13698.0
2026-05-22,17,13972.0,4.26,17.9,11638.0,4715.0,16.08,15.27,16353.0
2026-05-22,18,14498.0,3.99,17.44,13284.0,5343.0,19.39,18.71,18627.0
2026-05-22,19,14269.0,3.66,17.68,13240.0,5284.0,19.35,18.67,18524.0
2026-05-22,20,14397.0,3.32,17.61,13318.0,5286.0,19.32,18.65,18605.0
2026-05-22,21,15264.0,3.07,16.79,12370.0,4900.0,17.4,16.66,17270.0
2026-05-22,22,9667.0,3.07,17.56,10748.0,4145.0,13.5,12.53,14893.0
2026-05-22,23,2118.0,3.19,21.78,7956.0,2940.0,8.94,7.74,10896.0
2026-05-23,0,4146.0,3.49,20.01,5999.0,2210.0,6.02,4.82,8209.0
2026-05-23,1,4133.0,3.86,19.95,5889.0,2226.0,6.23,5.01,8115.0
2026-05-23,2,4123.0,4.24,20.17,5865.0,2209.0,6.6,5.38,8074.0
2026-05-23,3,4230.0,4.62,20.76,5685.0,2161.0,6.65,5.41,7847.0
2026-05-23,4,4078.0,5.01,21.61,5819.0,2212.0,6.77,5.53,8030.0
2026-05-23,5,9733.0,5.22,22.08,6917.0,2926.0,9.44,8.38,9843.0
2026-05-23,6,15112.0,5.21,19.15,11321.0,4552.0,15.8,14.96,15873.0
2026-05-23,7,15297.0,5.04,17.66,13252.0,5242.0,19.19,18.51,18494.0
2026-05-23,8,15112.0,4.79,17.24,13391.0,5329.0,19.19,18.52,18720.0
2026-05-23,9,15031.0,4.5,17.05,13520.0,5457.0,19.24,18.57,18977.0
2026-05-23,10,15890.0,4.22,16.07,13386.0,5340.0,18.26,17.62,18727.0
2026-05-23,11,16083.0,4.1,16.36,12154.0,4833.0,15.69,14.97,16987.0
2026-05-23,12,13135.0,4.15,16.76,11185.0,4427.0,13.49,12.64,15612.0
2026-05-23,13,4.0,4.23,17.89,10906.0,3984.0,12.69,11.55,14889.0
2026-05-23,14,0.0,4.24,17.99,10869.0,3993.0,12.73,11.6,14861.0
2026-05-23,15,4.0,4.25,18.16,10794.0,3971.0,12.71,11.58,14765.0
2026-05-23,16,6.0,4.27,18.14,10516.0,3895.0,12.52,11.4,14411.0
2026-05-23,17,14802.0,4.2,16.9,11798.0,4743.0,15.84,15.13,16541.0
2026-05-23,18,14885.0,3.97,16.76,13377.0,5300.0,19.16,18.54,18677.0
2026-05-23,19,14797.0,3.68,16.61,13290.0,5248.0,19.16,18.52,18538.0
2026-05-23,20,14575.0,3.41,16.68,12957.0,5117.0,18.43,17.75,18075.0
2026-05-23,21,14328.0,3.18,16.89,12037.0,4825.0,16.66,15.89,16862.0
2026-05-23,22,14670.0,3.09,17.27,10850.0,4308.0,13.78,12.95,15158.0
2026-05-23,23,5044.0,3.19,18.36,9172.0,3483.0,10.43,9.32,12656.0
2026-05-24,0,3725.0,3.46,18.28,6706.0,2493.0,6.72,5.52,9200.0
2026-05-24,1,4352.0,3.85,18.95,6147.0,2335.0,6.38,5.17,8482.0
2026-05-24,2,4479.0,4.25,19.87,6250.0,2365.0,6.93,5.72,8615.0
2026-05-24,3,4524.0,4.67,20.1,6251.0,2359.0,7.15,5.95,8610.0
2026-05-24,4,3854.0,5.05,20.71,5842.0,2217.0,6.76,5.55,8059.0
2026-05-24,5,7797.0,5.35,20.28,6711.0,2792.0,9.2,8.13,9502.0
2026-05-24,6,13306.0,5.35,20.44,11044.0,4427.0,15.66,14.83,15470.0
2026-05-24,7,14582.0,5.11,18.39,12952.0,5125.0,19.22,18.5,18077.0
2026-05-24,8,15014.0,4.85,17.37,13252.0,5284.0,19.22,18.54,18536.0
2026-05-24,9,14944.0,4.57,17.16,13423.0,5351.0,19.26,18.6,18774.0
2026-05-24,10,14866.0,4.27,17.02,13258.0,5250.0,18.05,17.4,18509.0
2026-05-24,11,15006.0,4.06,17.24,12148.0,4827.0,15.51,14.79,16976.0
2026-05-24,12,13308.0,4.03,17.61,11105.0,4419.0,13.32,12.46,15524.0
2026-05-24,13,144.0,4.1,18.38,10830.0,4001.0,12.54,11.41,14830.0
2026-05-24,14,163.0,4.13,18.51,10863.0,3972.0,12.63,11.52,14835.0
2026-05-24,15,149.0,4.16,18.73,10894.0,3982.0,12.84,11.73,14876.0
2026-05-24,16,165.0,4.18,18.69,10788.0,3971.0,12.85,11.75,14759.0
2026-05-24,17,14252.0,4.13,17.12,11995.0,4769.0,15.99,15.28,16764.0
2026-05-24,18,14982.0,3.88,16.82,13433.0,5321.0,19.14,18.52,18755.0
2026-05-24,19,14952.0,3.6,16.78,13380.0,5307.0,19.13,18.5,18687.0
2026-05-24,20,14852.0,3.32,16.63,13106.0,5170.0,18.38,17.72,18276.0
2026-05-24,21,14757.0,3.13,16.53,12184.0,4828.0,16.63,15.91,17012.0
2026-05-24,22,8866.0,3.07,17.23,11099.0,4270.0,13.96,13.04,15370.0
2026-05-24,23,3631.0,3.3,18.46,9166.0,3340.0,10.45,9.28,12507.0
2026-05-25,0,4045.0,3.66,19.9,5885.0,2176.0,5.95,4.75,8062.0
2026-05-25,1,4082.0,4.03,20.36,5682.0,2144.0,6.05,4.83,7826.0
2026-05-25,2,4162.0,4.41,20.98,5719.0,2187.0,6.43,5.2,7906.0
2026-05-25,3,4300.0,4.79,21.99,5854.0,2225.0,6.77,5.55,8080.0
2026-05-25,4,6153.0,5.18,21.86,7813.0,2973.0,9.51,8.35,10786.0
2026-05-25,5,14137.0,5.26,18.55,11183.0,4432.0,15.9,15.08,15615.0
2026-05-25,6,15472.0,5.05,17.75,13545.0,5319.0,19.56,18.89,18864.0
2026-05-25,7,15501.0,4.8,16.67,13590.0,5387.0,19.64,18.98,18977.0
2026-05-25,8,15433.0,4.54,16.47,13481.0,5374.0,19.64,18.97,18855.0
2026-05-25,9,15370.0,4.3,16.37,13038.0,5212.0,18.83,18.13,18250.0
2026-05-25,10,14609.0,4.16,16.78,11582.0,4622.0,15.3,14.52,16204.0
2026-05-25,11,20.0,4.23,18.8,9753.0,3632.0,11.54,10.39,13385.0
2026-05-25,12,4.0,4.24,19.05,10226.0,3794.0,11.77,10.62,14020.0
2026-05-25,13,2.0,4.26,19.25,10269.0,3808.0,11.86,10.73,14076.0
2026-05-25,14,0.0,4.27,19.36,10238.0,3822.0,11.96,10.83,14061.0
2026-05-25,15,0.0,4.28,19.39,10268.0,3819.0,11.97,10.85,14086.0
2026-05-25,16,59.0,4.3,18.64,10463.0,3917.0,12.29,11.17,14380.0
2026-05-25,17,14502.0,4.23,17.38,12093.0,4887.0,15.86,15.15,16979.0
2026-05-25,18,15013.0,3.95,17.27,13754.0,5534.0,19.25,18.65,19288.0
2026-05-25,19,15017.0,3.63,17.28,13715.0,5470.0,19.32,18.7,19185.0
2026-05-25,20,15121.0,3.31,17.47,13718.0,5471.0,19.3,18.68,19189.0
2026-05-25,21,15327.0,3.06,17.12,12715.0,5023.0,17.38,16.68,17738.0
2026-05-25,22,14765.0,3.05,17.0,10716.0,4256.0,13.36,12.5,14971.0
2026-05-25,23,3051.0,3.27,20.35,7802.0,2909.0,8.64,7.45,10711.0
2026-05-26,0,4153.0,3.6,21.01,5826.0,2166.0,5.78,4.58,7992.0
2026-05-26,1,4247.0,3.99,21.12,5782.0,2176.0,5.98,4.78,7958.0
2026-05-26,2,4305.0,4.38,21.4,5745.0,2185.0,6.31,5.1,7930.0
2026-05-26,3,4312.0,4.78,21.45,5730.0,2174.0,6.54,5.34,7904.0
2026-05-26,4,4113.0,5.16,18.78,7605.0,2831.0,9.13,7.93,10437.0
2026-05-26,5,14599.0,5.29,16.78,11154.0,4442.0,15.75,14.93,15595.0
2026-05-26,6,14936.0,5.07,17.27,13565.0,5404.0,19.53,18.88,18968.0
2026-05-26,7,14738.0,4.75,16.77,13641.0,5438.0,19.66,19.0,19078.0
2026-05-26,8,14656.0,4.41,16.74,13586.0,5467.0,19.69,19.02,19054.0
2026-05-26,9,15583.0,4.11,15.84,13125.0,5275.0,19.0,18.31,18401.0
2026-05-26,10,15116.0,4.01,16.35,11484.0,4596.0,15.2,14.42,16081.0
2026-05-26,11,200.0,4.1,18.75,9710.0,3615.0,11.58,10.43,13325.0
2026-05-26,12,192.0,4.12,18.81,10019.0,3725.0,11.51,10.37,13744.0
2026-05-26,13,194.0,4.15,18.97,10107.0,3765.0,11.57,10.44,13872.0
2026-05-26,14,192.0,4.18,19.14,10097.0,3771.0,11.72,10.59,13869.0
2026-05-26,15,193.0,4.21,19.3,10110.0,3745.0,11.91,10.79,13855.0
2026-05-26,16,496.0,4.24,18.63,10091.0,3800.0,12.05,10.92,13891.0
2026-05-26,17,13998.0,4.14,17.84,11834.0,4834.0,16.01,15.24,16668.0
2026-05-26,18,14404.0,3.87,17.66,13307.0,5347.0,19.27,18.62,18654.0
2026-05-26,19,14266.0,3.53,17.67,13338.0,5306.0,19.33,18.68,18645.0
2026-05-26,20,15313.0,3.22,16.52,13382.0,5307.0,19.32,18.66,18689.0
2026-05-26,21,15524.0,3.03,16.23,12294.0,4921.0,17.34,16.62,17214.0
2026-05-26,22,9877.0,3.0,16.74,10633.0,4167.0,13.43,12.5,14800.0
2026-05-26,23,7600.0,2.9,11.73,7226.0,2972.0,8.26,7.23,10198.0
2026-05-27,0,5959.0,3.28,16.91,5824.0,2185.0,6.01,4.81,8010.0
2026-05-27,1,5949.0,3.86,17.04,5790.0,2223.0,6.34,5.13,8013.0
2026-05-27,2,4317.0,4.31,19.24,5534.0,2126.0,6.42,5.21,7659.0
2026-05-27,3,4302.0,4.71,19.59,5415.0,2078.0,6.42,5.21,7493.0
2026-05-27,4,7966.0,5.05,18.31,7407.0,3019.0,9.17,8.1,10426.0
2026-05-27,5,15226.0,5.14,16.89,11144.0,4503.0,15.99,15.19,15647.0
2026-05-27,6,15256.0,4.98,16.77,13553.0,5414.0,19.58,18.91,18967.0
2026-05-27,7,15305.0,4.7,16.01,13557.0,5417.0,19.67,19.0,18975.0
2026-05-27,8,15182.0,4.42,15.77,13481.0,5447.0,19.68,19.0,18928.0
2026-05-27,9,15126.0,4.16,15.69,13000.0,5246.0,18.94,18.24,18246.0
2026-05-27,10,13349.0,4.01,16.24,11483.0,4611.0,15.26,14.43,16094.0
2026-05-27,11,166.0,4.08,18.64,9817.0,3688.0,11.76,10.6,13504.0
2026-05-27,12,187.0,4.11,18.59,10053.0,3738.0,11.83,10.68,13790.0
2026-05-27,13,158.0,4.14,18.75,10105.0,3773.0,11.85,10.71,13877.0
2026-05-27,14,151.0,4.17,19.25,9998.0,3748.0,11.81,10.68,13746.0
2026-05-27,15,193.0,4.2,19.32,9999.0,3744.0,11.88,10.76,13743.0
2026-05-27,16,608.0,4.22,19.13,10005.0,3772.0,12.13,11.01,13777.0
2026-05-27,17,13831.0,4.12,17.41,11725.0,4782.0,15.96,15.21,16507.0
2026-05-27,18,15043.0,3.83,16.09,13404.0,5422.0,19.41,18.77,18826.0
2026-05-27,19,15339.0,3.57,15.44,13348.0,5362.0,19.36,18.71,18710.0
2026-05-27,20,14836.0,3.29,15.84,13362.0,5353.0,19.42,18.76,18715.0
2026-05-27,21,16408.0,3.09,14.53,12345.0,4929.0,17.34,16.6,17274.0
2026-05-27,22,14025.0,3.13,17.59,10409.0,4187.0,13.01,12.15,14596.0
2026-05-27,23,10967.0,3.23,20.75,7369.0,3030.0,8.33,7.33,10399.0
2026-05-28,0,4668.0,3.65,20.5,5772.0,2164.0,5.88,4.68,7936.0
2026-05-28,1,3852.0,4.01,21.39,5826.0,2215.0,6.38,5.17,8041.0
2026-05-28,2,3877.0,4.36,21.92,5809.0,2243.0,6.8,5.58,8051.0
2026-05-28,3,3946.0,4.72,22.3,5860.0,2253.0,7.04,5.82,8112.0
2026-05-28,4,6649.0,5.06,20.79,7725.0,3010.0,9.76,8.62,10735.0
2026-05-28,5,14335.0,5.14,17.02,10979.0,4440.0,16.09,15.23,15420.0
2026-05-28,6,15503.0,4.97,17.0,13260.0,5242.0,19.49,18.79,18502.0
2026-05-28,7,15341.0,4.73,16.6,13321.0,5320.0,19.66,18.97,18641.0
2026-05-28,8,15279.0,4.49,16.55,13187.0,5255.0,19.59,18.9,18442.0
2026-05-28,9,15285.0,4.28,16.53,12725.0,5130.0,18.84,18.11,17855.0
2026-05-28,10,14700.0,4.18,16.97,11081.0,4481.0,15.02,14.19,15562.0
2026-05-28,11,14.0,4.29,20.27,9374.0,3499.0,11.47,10.31,12873.0
2026-05-28,12,3.0,4.31,19.85,9853.0,3672.0,11.76,10.61,13525.0
2026-05-28,13,4.0,4.32,20.13,9788.0,3630.0,11.68,10.53,13418.0
2026-05-28,14,5.0,4.33,20.07,9699.0,3674.0,11.65,10.49,13373.0
2026-05-28,15,14.0,4.35,20.08,9643.0,3630.0,11.59,10.45,13273.0
2026-05-28,16,4.0,4.36,19.32,10003.0,3747.0,12.33,11.19,13750.0
2026-05-28,17,14307.0,4.31,17.4,11653.0,4718.0,16.01,15.27,16371.0
2026-05-28,18,14899.0,4.08,17.15,13283.0,5325.0,19.46,18.82,18608.0
2026-05-28,19,14916.0,3.8,17.13,13250.0,5294.0,19.37,18.7,18543.0
2026-05-28,20,14814.0,3.51,17.01,13288.0,5347.0,19.35,18.68,18635.0
2026-05-28,21,14582.0,3.26,16.63,12355.0,4914.0,17.45,16.75,17269.0
2026-05-28,22,8671.0,3.19,16.54,10565.0,4112.0,13.33,12.39,14677.0
2026-05-28,23,2916.0,3.38,15.79,7704.0,2855.0,8.43,7.24,10558.0
2026-05-29,0,3639.0,3.68,19.95,5824.0,2187.0,5.94,4.75,8011.0
2026-05-29,1,3730.0,4.02,20.18,5644.0,2158.0,6.13,4.92,7802.0
2026-05-29,2,3775.0,4.36,20.75,5663.0,2194.0,6.53,5.32,7857.0
2026-05-29,3,3865.0,4.71,21.4,5724.0,2207.0,6.84,5.63,7932.0
2026-05-29,4,3696.0,5.06,20.46,7700.0,2870.0,9.46,8.25,10570.0
2026-05-29,5,13491.0,5.19,17.06,10973.0,4375.0,15.88,15.02,15348.0
2026-05-29,6,15622.0,4.98,16.6,13413.0,5319.0,19.5,18.83,18732.0
2026-05-29,7,15618.0,4.75,16.49,13406.0,5307.0,19.65,18.98,18714.0
2026-05-29,8,15525.0,4.52,16.39,13431.0,5353.0,19.69,19.01,18784.0
2026-05-29,9,15363.0,4.3,16.08,12903.0,5223.0,18.8,18.08,18126.0
2026-05-29,10,14548.0,4.16,16.29,11254.0,4550.0,15.01,14.16,15804.0
2026-05-29,11,205.0,4.24,18.17,9657.0,3602.0,11.59,10.4,13259.0
2026-05-29,12,187.0,4.27,18.41,10054.0,3751.0,11.71,10.55,13805.0
2026-05-29,13,177.0,4.29,18.82,10071.0,3765.0,11.76,10.61,13836.0
2026-05-29,14,170.0,4.32,18.84,9932.0,3713.0,11.76,10.61,13645.0
2026-05-29,15,174.0,4.35,19.4,10018.0,3754.0,11.98,10.84,13772.0
2026-05-29,16,188.0,4.37,18.85,10112.0,3771.0,12.32,11.18,13883.0
2026-05-29,17,13335.0,4.34,17.4,11586.0,4693.0,15.88,15.1,16280.0
2026-05-29,18,14985.0,4.11,17.01,13277.0,5352.0,19.42,18.77,18628.0
2026-05-29,19,15052.0,3.85,17.02,13104.0,5267.0,19.37,18.69,18372.0
2026-05-29,20,14981.0,3.6,17.0,13079.0,5208.0,19.34,18.66,18288.0
2026-05-29,21,14734.0,3.4,17.16,12133.0,4858.0,17.39,16.64,16990.0
2026-05-29,22,11540.0,3.26,18.83,10604.0,4213.0,13.71,12.82,14818.0
2026-05-29,23,3109.0,3.41,20.46,7750.0,2882.0,8.77,7.57,10632.0
2026-05-30,0,3111.0,3.69,21.02,5609.0,2069.0,5.66,4.46,7679.0
2026-05-30,1,3123.0,3.97,21.09,5528.0,2086.0,5.95,4.73,7614.0
2026-05-30,2,3217.0,4.26,22.09,5621.0,2154.0,6.38,5.16,7775.0
2026-05-30,3,3152.0,4.55,21.37,5458.0,2092.0,6.47,5.25,7549.0
2026-05-30,4,3137.0,4.83,21.26,5456.0,2067.0,6.48,5.26,7523.0
2026-05-30,5,2896.0,5.1,18.72,6780.0,2581.0,9.06,7.83,9361.0
2026-05-30,6,14410.0,5.2,17.12,11180.0,4500.0,15.67,14.83,15680.0
2026-05-30,7,14961.0,5.02,16.92,13114.0,5196.0,19.21,18.5,18310.0
2026-05-30,8,15288.0,4.76,16.08,13312.0,5364.0,19.22,18.52,18677.0
2026-05-30,9,15214.0,4.49,15.92,13430.0,5468.0,19.23,18.55,18898.0
2026-05-30,10,15155.0,4.21,15.8,13252.0,5340.0,18.29,17.61,18593.0
2026-05-30,11,15340.0,4.04,16.15,11903.0,4785.0,15.54,14.8,16688.0
2026-05-30,12,11063.0,4.03,18.06,10780.0,4274.0,13.35,12.43,15053.0
2026-05-30,13,4.0,4.06,18.71,10546.0,3908.0,12.63,11.46,14455.0
2026-05-30,14,7.0,4.07,19.06,10396.0,3845.0,12.49,11.32,14241.0
2026-05-30,15,17.0,4.09,19.14,10403.0,3869.0,12.52,11.36,14272.0
2026-05-30,16,406.0,4.1,18.82,10242.0,3817.0,12.48,11.34,14059.0
2026-05-30,17,13684.0,3.99,18.56,11547.0,4674.0,15.97,15.21,16221.0
2026-05-30,18,14949.0,3.75,17.58,12979.0,5200.0,19.21,18.52,18179.0
2026-05-30,19,14980.0,3.52,17.63,12902.0,5151.0,19.19,18.5,18053.0
2026-05-30,20,15310.0,3.32,17.03,12526.0,5030.0,18.46,17.73,17556.0
2026-05-30,21,15073.0,3.23,17.07,11543.0,4644.0,16.63,15.83,16187.0
2026-05-30,22,9704.0,3.27,18.62,10678.0,4144.0,14.0,13.01,14822.0
2026-05-30,23,1998.0,3.45,21.57,8683.0,3259.0,10.3,9.11,11941.0
2026-05-31,0,3473.0,3.7,21.82,6116.0,2305.0,6.37,5.16,8421.0
2026-05-31,1,3474.0,4.01,21.79,5899.0,2259.0,6.49,5.28,8158.0
2026-05-31,2,3482.0,4.33,22.22,5637.0,2162.0,6.56,5.35,7800.0
2026-05-31,3,3530.0,4.65,22.55,5663.0,2167.0,6.75,5.53,7830.0
2026-05-31,4,3502.0,4.97,22.19,5611.0,2139.0,6.72,5.49,7750.0
2026-05-31,5,9086.0,5.21,22.34,6723.0,2881.0,9.42,8.38,9604.0
2026-05-31,6,14409.0,5.18,19.5,11065.0,4423.0,15.81,14.97,15488.0
2026-05-31,7,15230.0,5.01,18.07,12795.0,5098.0,19.15,18.43,17892.0
2026-05-31,8,15262.0,4.82,17.48,12953.0,5146.0,19.17,18.46,18099.0
2026-05-31,9,15058.0,4.58,17.37,13162.0,5266.0,19.19,18.5,18427.0
2026-05-31,10,14963.0,4.31,17.17,13111.0,5234.0,18.22,17.56,18345.0
2026-05-31,11,15122.0,4.15,17.52,11763.0,4708.0,15.51,14.74,16472.0
2026-05-31,12,12840.0,4.16,18.55,10820.0,4327.0,13.45,12.57,15147.0
2026-05-31,13,146.0,4.23,19.56,10443.0,3847.0,12.57,11.42,14290.0
2026-05-31,14,180.0,4.25,20.34,10278.0,3767.0,12.62,11.43,14045.0
2026-05-31,15,12348.0,4.19,18.23,9929.0,4011.0,12.12,11.26,13940.0
2026-05-31,16,13775.0,4.23,19.76,9737.0,3963.0,12.51,11.63,13700.0
2026-05-31,17,14413.0,4.26,18.98,11044.0,4427.0,15.63,14.79,15471.0
2026-05-31,18,14382.0,4.08,18.69,12686.0,5048.0,18.88,18.14,17734.0
2026-05-31,19,14480.0,3.83,19.05,12608.0,5009.0,18.91,18.16,17617.0
2026-05-31,20,13935.0,3.59,20.2,12437.0,4926.0,18.39,17.63,17363.0
2026-05-31,21,13498.0,3.38,20.55,11489.0,4575.0,16.7,15.85,16064.0
2026-05-31,22,13111.0,3.27,20.72,10774.0,4292.0,14.68,13.76,15066.0
2026-05-31,23,3052.0,3.41,21.72,8544.0,3142.0,10.23,9.01,11686.0
2025-03-01,0,1994.0,0.03,19.94,8362.0,3652.0,7.99,6.98,12014.0
2025-03-01,1,1949.0,0.03,20.49,8074.0,3573.0,8.02,7.09,11648.0
2025-03-01,2,1167.0,0.03,21.75,8259.0,3680.0,8.73,7.75,11939.0
2025-03-01,3,1160.0,0.03,22.04,8281.0,3697.0,9.02,8.04,11978.0
2025-03-01,4,1171.0,0.04,22.19,8315.0,3704.0,9.02,8.05,12019.0
2025-03-01,5,974.0,0.04,20.92,8858.0,3960.0,10.52,9.55,12818.0
2025-03-01,6,1179.0,0.04,19.34,11796.0,4604.0,14.43,13.06,16400.0
2025-03-01,7,2271.0,0.03,18.18,11975.0,4864.0,14.28,13.1,16839.0
2025-03-01,8,2214.0,0.02,17.41,11764.0,4835.0,13.54,12.47,16598.0
2025-03-01,9,2894.0,0.0,16.53,11375.0,4783.0,12.79,11.82,16158.0
2025-03-01,10,3358.0,0.0,16.22,11388.0,4519.0,12.4,11.2,15907.0
2025-03-01,11,3314.0,0.0,16.02,11536.0,4076.0,12.1,10.54,15612.0
2025-03-01,12,1945.0,0.0,15.08,10087.0,4333.0,10.6,9.66,14420.0
2025-03-01,13,1926.0,0.0,15.23,10067.0,4340.0,10.74,9.81,14406.0
2025-03-01,14,1933.0,0.0,15.33,10059.0,4341.0,10.85,9.91,14400.0
2025-03-01,15,1954.0,0.0,15.45,10036.0,4354.0,10.96,10.03,14390.0
2025-03-01,16,1996.0,0.0,15.5,10090.0,4362.0,10.96,10.06,14452.0
2025-03-01,17,2336.0,0.0,16.91,11376.0,4838.0,12.94,12.09,16214.0
2025-03-01,18,2441.0,0.0,17.43,11621.0,4847.0,13.51,12.55,16468.0
2025-03-01,19,2481.0,0.02,17.94,11713.0,4766.0,13.98,12.88,16479.0
2025-03-01,20,2541.0,0.02,18.63,12108.0,4680.0,14.5,13.19,16788.0
2025-03-01,21,2557.0,0.03,19.13,12381.0,4634.0,14.68,13.22,17014.0
2025-03-01,22,2308.0,0.03,19.1,11301.0,4861.0,12.77,11.77,16161.0
2025-03-01,23,2488.0,0.03,18.82,10022.0,4370.0,10.69,9.67,14392.0
2025-03-02,0,1615.0,0.04,19.92,7889.0,3483.0,7.62,6.6,11372.0
2025-03-02,1,0.0,0.04,21.22,7753.0,3459.0,7.77,6.8,11212.0
2025-03-02,2,0.0,0.04,22.07,7844.0,3519.0,8.29,7.32,11363.0
2025-03-02,3,0.0,0.04,22.21,7836.0,3513.0,8.47,7.49,11349.0
2025-03-02,4,0.0,0.04,22.12,7822.0,3502.0,8.39,7.41,11325.0
2025-03-02,5,931.0,0.04,20.9,8061.0,3643.0,9.56,8.62,11704.0
2025-03-02,6,2548.0,0.04,18.57,10805.0,4450.0,13.58,12.36,15255.0
2025-03-02,7,2577.0,0.04,18.58,12019.0,4792.0,14.65,13.38,16811.0
2025-03-02,8,2490.0,0.02,17.69,11845.0,4846.0,13.8,12.7,16691.0
2025-03-02,9,2520.0,0.0,18.0,12210.0,4818.0,14.0,12.75,17028.0
2025-03-02,10,2516.0,0.0,17.8,12268.0,4802.0,13.78,12.48,17070.0
2025-03-02,11,2493.0,0.0,17.52,12586.0,4005.0,13.3,11.39,16591.0
2025-03-02,12,2292.0,0.0,16.12,10687.0,4582.0,11.44,10.52,15269.0
2025-03-02,13,2375.0,0.0,16.33,10654.0,4598.0,11.67,10.73,15252.0
2025-03-02,14,2366.0,0.0,16.6,10731.0,4612.0,11.9,10.96,15343.0
2025-03-02,15,2329.0,0.0,16.84,10762.0,4659.0,12.08,11.15,15421.0
2025-03-02,16,1594.0,0.0,17.08,10899.0,4728.0,12.29,11.37,15627.0
2025-03-02,17,1597.0,0.0,18.42,12671.0,4463.0,14.12,12.65,17134.0
2025-03-02,18,2466.0,0.0,18.57,12429.0,4863.0,14.51,13.3,17292.0
2025-03-02,19,2474.0,0.01,18.59,12321.0,4805.0,14.58,13.32,17126.0
2025-03-02,20,2484.0,0.02,18.67,12368.0,4748.0,14.64,13.28,17116.0
2025-03-02,21,2765.0,0.03,19.12,12741.0,4562.0,14.93,13.29,17304.0
2025-03-02,22,3703.0,0.03,17.64,11098.0,4692.0,12.3,11.22,15791.0
2025-03-02,23,2913.0,0.04,19.92,9857.0,4314.0,10.62,9.59,14171.0
2025-03-03,0,206.0,0.04,22.11,8110.0,3584.0,7.84,6.85,11694.0
2025-03-03,1,0.0,0.04,22.12,7852.0,3495.0,7.89,6.93,11347.0
2025-03-03,2,0.0,0.04,22.36,7805.0,3503.0,8.28,7.31,11308.0
2025-03-03,3,0.0,0.04,22.94,7872.0,3535.0,8.57,7.6,11407.0
2025-03-03,4,0.0,0.04,21.79,9301.0,4112.0,10.43,9.48,13413.0
2025-03-03,5,15.0,0.04,19.07,11093.0,4868.0,13.81,12.78,15961.0
2025-03-03,6,2276.0,0.04,18.78,12549.0,4457.0,14.67,12.91,17006.0
2025-03-03,7,2309.0,0.04,17.53,11932.0,4898.0,13.64,12.41,16829.0
2025-03-03,8,2297.0,0.02,17.18,11940.0,4870.0,13.27,12.04,16810.0
2025-03-03,9,2257.0,0.0,16.98,11733.0,4754.0,13.13,11.88,16487.0
2025-03-03,10,1930.0,0.0,15.33,10126.0,4299.0,10.87,9.87,14425.0
2025-03-03,11,1904.0,0.0,15.43,10330.0,4418.0,10.9,9.93,14748.0
2025-03-03,12,1913.0,0.0,15.44,10370.0,4417.0,10.87,9.95,14788.0
2025-03-03,13,1932.0,0.0,15.6,10350.0,4451.0,11.03,10.11,14801.0
2025-03-03,14,1945.0,0.0,15.96,10428.0,4507.0,11.35,10.4,14935.0
2025-03-03,15,817.0,0.0,16.32,10657.0,4586.0,11.69,10.74,15244.0
2025-03-03,16,0.0,0.0,16.88,11020.0,4752.0,12.1,11.2,15772.0
2025-03-03,17,2158.0,0.0,17.35,11964.0,5015.0,13.36,12.3,16979.0
2025-03-03,18,2190.0,0.0,17.12,11584.0,4910.0,13.23,12.21,16494.0
2025-03-03,19,3004.0,0.02,17.49,11672.0,4828.0,13.55,12.41,16499.0
2025-03-03,20,3098.0,0.03,17.77,11834.0,4784.0,13.79,12.54,16618.0
2025-03-03,21,3060.0,0.04,17.61,11719.0,4733.0,13.67,12.41,16452.0
2025-03-03,22,424.0,0.04,17.53,11368.0,4942.0,12.7,11.66,16310.0
2025-03-03,23,4360.0,0.04,16.12,10243.0,4472.0,11.09,10.07,14716.0
2025-03-04,0,3774.0,0.04,17.9,6950.0,3014.0,6.57,5.57,9964.0
2025-03-04,1,0.0,0.05,20.26,7243.0,3247.0,7.22,6.27,10490.0
2025-03-04,2,0.0,0.05,21.26,7372.0,3333.0,7.77,6.81,10705.0
2025-03-04,3,0.0,0.05,21.66,7454.0,3353.0,8.01,7.04,10807.0
2025-03-04,4,0.0,0.05,19.59,9420.0,4161.0,10.62,9.65,13582.0
2025-03-04,5,2699.0,0.05,17.34,10810.0,4761.0,13.41,12.45,15571.0
2025-03-04,6,3183.0,0.05,17.81,11470.0,4921.0,13.82,12.75,16392.0
2025-03-04,7,2964.0,0.04,16.57,11121.0,4886.0,12.76,11.81,16008.0
2025-03-04,8,2946.0,0.02,16.53,11212.0,4876.0,12.68,11.7,16087.0
2025-03-04,9,2972.0,0.0,16.66,11194.0,4828.0,12.82,11.79,16022.0
2025-03-04,10,2288.0,0.0,15.33,9977.0,4264.0,10.92,9.91,14241.0
2025-03-04,11,2324.0,0.0,15.49,10211.0,4385.0,10.95,10.01,14596.0
2025-03-04,12,2305.0,0.0,15.89,10485.0,4533.0,11.25,10.34,15018.0
2025-03-04,13,2324.0,0.0,15.94,10468.0,4510.0,11.34,10.42,14978.0
2025-03-04,14,950.0,0.0,16.79,10865.0,4709.0,12.12,11.16,15574.0
2025-03-04,15,689.0,0.0,17.17,11059.0,4784.0,12.38,11.45,15843.0
2025-03-04,16,22.0,0.0,18.06,11525.0,4973.0,13.03,12.12,16498.0
2025-03-04,17,2346.0,0.0,19.0,13053.0,4931.0,14.79,13.26,17984.0
2025-03-04,18,2349.0,0.0,19.14,12941.0,4839.0,14.95,13.39,17779.0
2025-03-04,19,2406.0,0.02,19.22,12885.0,4748.0,15.07,13.43,17633.0
2025-03-04,20,2393.0,0.03,19.21,12913.0,4690.0,15.06,13.37,17603.0
2025-03-04,21,2782.0,0.04,19.3,13016.0,4541.0,15.11,13.24,17558.0
2025-03-04,22,1505.0,0.04,18.41,11661.0,5136.0,13.33,12.26,16797.0
2025-03-04,23,1508.0,0.04,20.11,10253.0,4473.0,10.95,9.93,14726.0
2025-03-05,0,1491.0,0.05,19.71,7795.0,3382.0,7.03,6.06,11177.0
2025-03-05,1,1545.0,0.05,20.67,7710.0,3441.0,7.51,6.54,11151.0
2025-03-05,2,1528.0,0.05,21.37,7755.0,3462.0,8.1,7.13,11217.0
2025-03-05,3,1567.0,0.05,21.81,7788.0,3486.0,8.37,7.39,11273.0
2025-03-05,4,1516.0,0.05,19.54,9639.0,4245.0,10.91,9.94,13884.0
2025-03-05,5,2472.0,0.05,19.13,12188.0,4818.0,15.14,13.81,17006.0
2025-03-05,6,2409.0,0.05,18.97,12376.0,4848.0,14.81,13.37,17224.0
2025-03-05,7,2333.0,0.04,17.62,11975.0,4873.0,13.66,12.42,16848.0
2025-03-05,8,2283.0,0.02,17.13,11775.0,4822.0,13.27,12.07,16597.0
2025-03-05,9,2307.0,0.0,17.11,11705.0,4758.0,13.27,12.04,16463.0
2025-03-05,10,2227.0,0.0,15.56,10211.0,4286.0,11.19,10.07,14497.0
2025-03-05,11,2252.0,0.0,15.81,10212.0,4389.0,11.23,10.27,14601.0
2025-03-05,12,2239.0,0.0,15.9,10285.0,4422.0,11.26,10.33,14707.0
2025-03-05,13,2246.0,0.0,16.03,10296.0,4437.0,11.4,10.47,14733.0
2025-03-05,14,1673.0,0.0,16.42,10389.0,4494.0,11.78,10.81,14883.0
2025-03-05,15,14.0,0.0,17.39,10948.0,4727.0,12.52,11.58,15675.0
2025-03-05,16,9.0,0.0,17.65,11115.0,4784.0,12.67,11.77,15898.0
2025-03-05,17,2333.0,0.0,18.06,12235.0,4777.0,13.94,12.6,17012.0
2025-03-05,18,2431.0,0.0,17.77,11861.0,4698.0,13.78,12.53,16559.0
2025-03-05,19,2396.0,0.02,17.54,11615.0,4640.0,13.61,12.35,16255.0
2025-03-05,20,2409.0,0.03,17.51,11621.0,4577.0,13.58,12.27,16198.0
2025-03-05,21,7011.0,0.04,15.59,9681.0,4476.0,11.93,11.11,14157.0
2025-03-05,22,8160.0,0.05,15.65,10764.0,4824.0,12.01,11.13,15588.0
2025-03-05,23,11206.0,0.05,14.01,9818.0,4381.0,10.64,9.72,14200.0
2025-03-06,0,7947.0,0.05,14.51,7542.0,3292.0,7.34,6.34,10834.0
2025-03-06,1,4284.0,0.05,17.79,7832.0,3446.0,8.04,7.07,11279.0
2025-03-06,2,2515.0,0.05,19.78,8329.0,3684.0,9.02,8.04,12014.0
2025-03-06,3,2468.0,0.06,20.24,8379.0,3712.0,9.35,8.37,12091.0
2025-03-06,4,135.0,0.06,20.59,9833.0,4321.0,11.59,10.62,14154.0
2025-03-06,5,2933.0,0.06,19.46,12120.0,4533.0,15.2,13.7,16653.0
2025-03-06,6,2931.0,0.05,19.07,12161.0,4742.0,14.9,13.44,16904.0
2025-03-06,7,2771.0,0.04,17.69,11666.0,4768.0,13.73,12.49,16434.0
2025-03-06,8,2743.0,0.02,17.35,11596.0,4760.0,13.43,12.22,16356.0
2025-03-06,9,2622.0,0.0,17.36,11506.0,4664.0,13.48,12.25,16170.0
2025-03-06,10,1352.0,0.0,16.21,10252.0,4361.0,11.71,10.71,14613.0
2025-03-06,11,1276.0,0.0,16.12,10331.0,4455.0,11.53,10.56,14787.0
2025-03-06,12,1320.0,0.0,16.14,10395.0,4456.0,11.49,10.57,14850.0
2025-03-06,13,1320.0,0.0,16.35,10455.0,4504.0,11.67,10.73,14959.0
2025-03-06,14,1318.0,0.0,16.36,10393.0,4475.0,11.74,10.78,14868.0
2025-03-06,15,1319.0,0.0,16.45,10409.0,4494.0,11.79,10.85,14903.0
2025-03-06,16,940.0,0.0,16.86,10674.0,4613.0,12.07,11.17,15287.0
2025-03-06,17,8036.0,0.0,22.27,10687.0,4947.0,12.31,11.69,15634.0
2025-03-06,18,4157.0,0.01,18.73,11936.0,4835.0,14.02,12.85,16772.0
2025-03-06,19,3614.0,0.03,18.22,11685.0,4755.0,13.96,12.74,16440.0
2025-03-06,20,3586.0,0.04,17.96,11592.0,4723.0,13.76,12.56,16314.0
2025-03-06,21,3577.0,0.04,17.84,11547.0,4714.0,13.66,12.42,16261.0
2025-03-06,22,2884.0,0.05,17.21,11034.0,4901.0,12.04,10.97,15935.0
2025-03-06,23,2947.0,0.05,19.48,10038.0,4425.0,10.93,9.92,14464.0
2025-03-07,0,1798.0,0.05,20.41,8065.0,3580.0,8.12,7.13,11645.0
2025-03-07,1,0.0,0.05,21.75,7671.0,3424.0,8.0,7.02,11095.0
2025-03-07,2,0.0,0.05,22.3,7741.0,3468.0,8.32,7.35,11209.0
2025-03-07,3,0.0,0.05,22.6,7764.0,3480.0,8.57,7.59,11244.0
2025-03-07,4,0.0,0.05,20.76,9155.0,4032.0,10.52,9.55,13187.0
2025-03-07,5,1748.0,0.05,19.26,11800.0,4543.0,14.95,13.47,16343.0
2025-03-07,6,2488.0,0.05,19.73,12524.0,4723.0,15.41,13.8,17247.0
2025-03-07,7,2805.0,0.04,18.16,11974.0,4760.0,14.1,12.76,16734.0
2025-03-07,8,3271.0,0.03,17.12,11396.0,4746.0,13.26,12.12,16142.0
2025-03-07,9,3152.0,0.01,17.26,11393.0,4634.0,13.37,12.16,16027.0
2025-03-07,10,2253.0,0.0,15.95,10141.0,4267.0,11.48,10.4,14409.0
2025-03-07,11,1891.0,0.0,16.34,10415.0,4476.0,11.69,10.71,14891.0
2025-03-07,12,1909.0,0.0,16.4,10559.0,4534.0,11.72,10.76,15093.0
2025-03-07,13,1947.0,0.0,16.67,10574.0,4561.0,11.95,11.0,15135.0
2025-03-07,14,7.0,0.0,18.05,11101.0,4806.0,13.12,12.17,15907.0
2025-03-07,15,0.0,0.0,18.7,11339.0,4898.0,13.62,12.67,16237.0
2025-03-07,16,0.0,0.01,18.79,11350.0,4940.0,13.69,12.72,16290.0
2025-03-07,17,2237.0,0.04,19.22,12385.0,4766.0,14.92,13.48,17151.0
2025-03-07,18,2970.0,0.06,18.9,11943.0,4654.0,14.88,13.41,16597.0
2025-03-07,19,3414.0,0.07,18.44,11633.0,4637.0,14.47,13.1,16270.0
2025-03-07,20,3372.0,0.07,18.32,11554.0,4604.0,14.36,13.0,16158.0
2025-03-07,21,3396.0,0.08,18.53,11669.0,4554.0,14.54,13.08,16223.0
2025-03-07,22,2513.0,0.08,17.2,10730.0,4644.0,12.59,11.48,15374.0
2025-03-07,23,3563.0,0.08,17.49,9928.0,4328.0,11.16,10.13,14256.0
2025-03-08,0,481.0,0.08,21.49,7687.0,3392.0,7.79,6.78,11079.0
2025-03-08,1,14.0,0.07,22.36,7564.0,3379.0,8.02,7.02,10942.0
2025-03-08,2,25.0,0.07,22.77,7568.0,3394.0,8.39,7.38,10962.0
2025-03-08,3,33.0,0.08,22.52,7469.0,3357.0,8.44,7.43,10826.0
2025-03-08,4,27.0,0.08,22.49,7457.0,3352.0,8.48,7.47,10810.0
2025-03-08,5,44.0,0.09,21.26,8231.0,3696.0,10.33,9.32,11927.0
2025-03-08,6,0.0,0.09,19.92,10337.0,4572.0,13.7,12.66,14909.0
2025-03-08,7,2175.0,0.09,19.3,11781.0,4714.0,15.28,13.99,16495.0
2025-03-08,8,2288.0,0.08,19.11,12001.0,4696.0,15.1,13.77,16696.0
2025-03-08,9,2267.0,0.05,18.81,11966.0,4665.0,14.82,13.49,16631.0
2025-03-08,10,2235.0,0.02,18.28,11940.0,4645.0,14.32,12.98,16585.0
2025-03-08,11,383.0,0.0,17.58,11144.0,4671.0,12.97,11.86,15815.0
2025-03-08,12,1434.0,0.0,16.68,10635.0,4572.0,12.01,11.05,15207.0
2025-03-08,13,1972.0,0.0,16.46,10414.0,4486.0,11.93,10.95,14899.0
2025-03-08,14,2264.0,0.0,16.42,10307.0,4467.0,11.94,10.96,14774.0
2025-03-08,15,2597.0,0.0,16.88,10483.0,4557.0,12.26,11.31,15040.0
2025-03-08,16,2385.0,0.0,17.16,10547.0,4606.0,12.5,11.55,15153.0
2025-03-08,17,2005.0,0.0,19.11,12013.0,4918.0,14.95,13.85,16931.0
2025-03-08,18,1772.0,0.0,19.81,12090.0,5178.0,15.77,14.83,17268.0
2025-03-08,19,2360.0,0.02,19.55,11857.0,5069.0,15.5,14.51,16926.0
2025-03-08,20,2446.0,0.03,19.39,11914.0,4772.0,15.32,14.08,16686.0
2025-03-08,21,3432.0,0.03,18.94,12228.0,4098.0,14.7,12.88,16326.0
2025-03-08,22,1908.0,0.04,18.7,11111.0,4686.0,13.1,12.0,15797.0
2025-03-08,23,1355.0,0.04,20.56,9912.0,4320.0,11.06,10.01,14232.0
2025-03-09,0,1117.0,0.04,20.57,7732.0,3401.0,7.7,6.65,11133.0
2025-03-09,1,1133.0,0.05,21.09,7606.0,3398.0,7.85,6.86,11004.0
2025-03-09,2,1170.0,0.05,21.93,7709.0,3451.0,8.38,7.39,11159.0
2025-03-09,3,1152.0,0.05,22.36,7738.0,3461.0,8.73,7.72,11199.0
2025-03-09,4,1160.0,0.05,22.29,7694.0,3449.0,8.8,7.79,11143.0
2025-03-09,5,1158.0,0.05,22.22,7385.0,3371.0,9.44,8.43,10756.0
2025-03-09,6,607.0,0.06,20.48,8855.0,3938.0,11.62,10.66,12792.0
2025-03-09,7,2125.0,0.05,19.04,11706.0,4435.0,14.96,13.48,16141.0
2025-03-09,8,1919.0,0.03,19.03,12046.0,4687.0,14.97,13.62,16733.0
2025-03-09,9,2547.0,0.0,18.33,12003.0,4677.0,14.35,13.02,16680.0
2025-03-09,10,2956.0,0.0,17.96,11997.0,4691.0,13.98,12.66,16688.0
2025-03-09,11,2929.0,0.0,17.95,12121.0,4541.0,13.89,12.38,16662.0
2025-03-09,12,2199.0,0.0,16.52,10524.0,4524.0,11.86,10.9,15048.0
2025-03-09,13,2240.0,0.0,16.84,10603.0,4563.0,12.14,11.19,15166.0
2025-03-09,14,2268.0,0.0,17.18,10716.0,4617.0,12.45,11.48,15333.0
2025-03-09,15,1348.0,0.0,17.91,11005.0,4775.0,12.95,12.05,15780.0
2025-03-09,16,6.0,0.0,18.14,11116.0,4842.0,13.18,12.24,15958.0
2025-03-09,17,1508.0,0.0,18.29,11693.0,4755.0,13.98,12.85,16448.0
2025-03-09,18,2244.0,0.0,18.33,11836.0,4703.0,14.33,13.15,16539.0
2025-03-09,19,2271.0,0.0,18.67,11917.0,4612.0,14.65,13.36,16529.0
2025-03-09,20,2291.0,0.0,19.24,12276.0,4455.0,15.05,13.5,16731.0
2025-03-09,21,2316.0,0.01,19.14,13099.0,3027.0,14.61,11.97,16126.0
2025-03-09,22,2421.0,0.01,19.47,14255.0,777.0,13.08,9.43,15031.0
2025-03-09,23,3069.0,0.01,20.43,12958.0,589.0,11.28,8.03,13547.0
2025-03-10,0,509.0,0.02,21.87,10526.0,479.0,8.25,5.78,11005.0
2025-03-10,1,46.0,0.03,22.27,10211.0,469.0,8.25,5.86,10680.0
2025-03-10,2,37.0,0.03,22.65,10227.0,471.0,8.64,6.23,10698.0
2025-03-10,3,50.0,0.03,23.0,9705.0,1034.0,8.84,6.73,10740.0
2025-03-10,4,1772.0,0.03,19.75,9399.0,4145.0,11.13,10.15,13544.0
2025-03-10,5,2864.0,0.03,21.21,13011.0,4318.0,16.71,14.67,17328.0
2025-03-10,6,2569.0,0.04,20.46,12971.0,4650.0,16.14,14.29,17620.0
2025-03-10,7,2380.0,0.03,18.25,12079.0,4748.0,14.25,12.85,16826.0
2025-03-10,8,2357.0,0.01,17.82,11854.0,4709.0,13.87,12.53,16563.0
2025-03-10,9,2361.0,0.0,17.72,11771.0,4652.0,13.8,12.44,16423.0
2025-03-10,10,1500.0,0.0,16.44,10391.0,4435.0,11.91,10.9,14826.0
2025-03-10,11,1552.0,0.0,16.35,10468.0,4498.0,11.7,10.73,14967.0
2025-03-10,12,1064.0,0.0,16.7,10757.0,4597.0,11.92,11.03,15354.0
2025-03-10,13,1071.0,0.0,17.03,10844.0,4660.0,12.24,11.31,15504.0
2025-03-10,14,1102.0,0.0,17.35,10910.0,4686.0,12.53,11.6,15597.0
2025-03-10,15,1094.0,0.0,17.4,10947.0,4729.0,12.54,11.61,15676.0
2025-03-10,16,1107.0,0.0,17.31,10938.0,4719.0,12.43,11.53,15658.0
2025-03-10,17,1159.0,0.0,19.04,12797.0,4712.0,14.71,13.08,17509.0
2025-03-10,18,1179.0,0.0,19.16,12692.0,4744.0,14.98,13.43,17436.0
2025-03-10,19,1467.0,0.0,19.06,12528.0,4625.0,14.9,13.3,17153.0
2025-03-10,20,3032.0,0.0,17.93,11791.0,4593.0,13.96,12.59,16383.0
2025-03-10,21,3013.0,0.0,17.78,12108.0,3627.0,13.63,11.57,15735.0
2025-03-10,22,2828.0,0.0,17.07,11038.0,4509.0,12.19,11.05,15548.0
2025-03-10,23,2589.0,0.01,19.83,9976.0,4341.0,10.89,9.9,14316.0
2025-03-11,0,2926.0,0.02,18.34,7931.0,3474.0,7.76,6.78,11405.0
2025-03-11,1,463.0,0.02,20.98,7482.0,3334.0,7.57,6.62,10816.0
2025-03-11,2,57.0,0.02,21.59,7441.0,3351.0,8.01,7.05,10792.0
2025-03-11,3,32.0,0.02,21.94,7477.0,3365.0,8.26,7.28,10841.0
2025-03-11,4,36.0,0.02,20.62,9125.0,4027.0,10.52,9.57,13152.0
2025-03-11,5,1675.0,0.03,19.43,11916.0,4480.0,15.03,13.54,16396.0
2025-03-11,6,2575.0,0.03,18.72,11828.0,4857.0,14.71,13.45,16685.0
2025-03-11,7,2535.0,0.02,18.18,11849.0,4858.0,14.18,12.95,16707.0
2025-03-11,8,2638.0,0.0,17.55,11669.0,4821.0,13.64,12.46,16490.0
2025-03-11,9,2807.0,0.0,17.1,11529.0,4242.0,13.2,11.66,15772.0
2025-03-11,10,1520.0,0.0,15.96,10120.0,4325.0,11.52,10.44,14444.0
2025-03-11,11,1475.0,0.0,16.44,10458.0,4513.0,11.79,10.82,14972.0
2025-03-11,12,1526.0,0.0,16.71,10719.0,4592.0,11.94,11.03,15311.0
2025-03-11,13,1507.0,0.0,16.73,10726.0,4588.0,11.97,11.06,15313.0
2025-03-11,14,1499.0,0.0,16.95,10725.0,4605.0,12.2,11.27,15329.0
2025-03-11,15,1518.0,0.0,17.18,10789.0,4672.0,12.37,11.45,15460.0
2025-03-11,16,1533.0,0.0,17.3,10883.0,4692.0,12.42,11.53,15575.0
2025-03-11,17,2320.0,0.0,18.67,12460.0,4915.0,14.45,13.1,17375.0
2025-03-11,18,2474.0,0.01,18.55,12220.0,4805.0,14.43,13.11,17024.0
2025-03-11,19,2454.0,0.04,18.39,12038.0,4739.0,14.35,13.0,16777.0
2025-03-11,20,2357.0,0.05,18.31,12037.0,4690.0,14.27,12.87,16727.0
2025-03-11,21,2384.0,0.05,18.5,12109.0,4606.0,14.42,12.92,16714.0
2025-03-11,22,1402.0,0.04,17.42,10980.0,4832.0,12.49,11.52,15811.0
2025-03-11,23,1492.0,0.04,19.41,9962.0,4329.0,10.94,9.93,14291.0
2025-03-12,0,1530.0,0.04,19.93,7797.0,3426.0,7.69,6.71,11223.0
2025-03-12,1,1550.0,0.04,20.35,7443.0,3322.0,7.68,6.72,10765.0
2025-03-12,2,1566.0,0.04,21.0,7509.0,3362.0,8.12,7.16,10871.0
2025-03-12,3,1637.0,0.05,21.57,7611.0,3413.0,8.39,7.42,11024.0
2025-03-12,4,1552.0,0.05,19.89,9055.0,4004.0,10.33,9.37,13059.0
2025-03-12,5,2663.0,0.05,18.96,11649.0,4844.0,14.93,13.75,16493.0
2025-03-12,6,2464.0,0.05,18.8,11940.0,4910.0,14.64,13.39,16850.0
2025-03-12,7,2414.0,0.04,17.96,11779.0,4909.0,13.88,12.73,16688.0
2025-03-12,8,2423.0,0.02,17.72,11720.0,4856.0,13.68,12.51,16576.0
2025-03-12,9,2384.0,0.0,17.37,11439.0,4760.0,13.51,12.27,16199.0
2025-03-12,10,2175.0,0.0,15.61,9962.0,4245.0,11.15,10.15,14207.0
2025-03-12,11,2175.0,0.0,15.73,10166.0,4348.0,11.14,10.2,14514.0
2025-03-12,12,2206.0,0.0,16.15,10467.0,4473.0,11.46,10.55,14941.0
2025-03-12,13,2192.0,0.0,16.33,10477.0,4491.0,11.64,10.72,14969.0
2025-03-12,14,1410.0,0.0,16.66,10571.0,4570.0,12.0,11.04,15141.0
2025-03-12,15,0.0,0.0,17.29,10850.0,4692.0,12.47,11.54,15542.0
2025-03-12,16,4.0,0.0,17.49,11006.0,4751.0,12.57,11.67,15756.0
2025-03-12,17,2174.0,0.0,18.43,12327.0,4883.0,14.23,13.0,17210.0
2025-03-12,18,2123.0,0.0,18.4,12165.0,4809.0,14.33,13.0,16974.0
2025-03-12,19,2145.0,0.02,18.39,12084.0,4726.0,14.32,12.94,16810.0
2025-03-12,20,2141.0,0.02,18.21,11942.0,4644.0,14.19,12.8,16585.0
2025-03-12,21,2624.0,0.03,18.26,11901.0,4575.0,14.24,12.77,16476.0
2025-03-12,22,1344.0,0.03,17.65,11038.0,4865.0,12.66,11.69,15903.0
2025-03-12,23,1430.0,0.03,19.53,9911.0,4324.0,10.87,9.86,14235.0
2025-03-13,0,1493.0,0.04,20.09,7358.0,3229.0,7.16,6.18,10587.0
2025-03-13,1,1505.0,0.04,20.6,7234.0,3240.0,7.36,6.41,10474.0
2025-03-13,2,2348.0,0.04,20.84,7206.0,3234.0,7.69,6.73,10440.0
2025-03-13,3,2447.0,0.04,21.2,7248.0,3259.0,7.88,6.91,10506.0
2025-03-13,4,9.0,0.04,18.69,9556.0,4191.0,11.04,10.07,13748.0
2025-03-13,5,2018.0,0.04,19.18,11912.0,4577.0,15.08,13.62,16489.0
2025-03-13,6,2989.0,0.04,18.19,11636.0,4718.0,14.26,12.97,16354.0
2025-03-13,7,2868.0,0.03,17.16,11278.0,4743.0,13.31,12.2,16021.0
2025-03-13,8,2888.0,0.02,17.29,11464.0,4700.0,13.36,12.19,16164.0
2025-03-13,9,2917.0,0.0,17.3,11329.0,4653.0,13.4,12.21,15982.0
2025-03-13,10,2742.0,0.0,15.93,10001.0,4218.0,11.51,10.46,14219.0
2025-03-13,11,2801.0,0.0,16.31,10220.0,4420.0,11.71,10.74,14640.0
2025-03-13,12,2531.0,0.0,16.44,10409.0,4478.0,11.81,10.84,14887.0
2025-03-13,13,170.0,0.0,17.84,11078.0,4776.0,12.96,11.98,15854.0
2025-03-13,14,4.0,0.0,17.95,11008.0,4758.0,13.08,12.11,15766.0
2025-03-13,15,87.0,0.0,18.09,11134.0,4816.0,13.33,12.4,15950.0
2025-03-13,16,5666.0,0.0,18.47,11675.0,4645.0,13.75,12.63,16321.0
2025-03-13,17,2660.0,0.0,19.44,12541.0,4794.0,15.04,13.51,17335.0
2025-03-13,18,2683.0,0.02,19.59,12431.0,4701.0,15.21,13.65,17131.0
2025-03-13,19,2619.0,0.05,19.32,12236.0,4628.0,15.04,13.5,16864.0
2025-03-13,20,2588.0,0.05,19.03,12127.0,4592.0,14.83,13.28,16720.0
2025-03-13,21,2572.0,0.05,18.87,11997.0,4524.0,14.73,13.15,16521.0
2025-03-13,22,2349.0,0.04,16.6,10707.0,4682.0,11.83,10.81,15389.0
2025-03-13,23,2447.0,0.04,18.29,10029.0,4340.0,11.0,9.97,14370.0
2025-03-14,0,2083.0,0.04,19.36,7973.0,3494.0,7.77,6.77,11467.0
2025-03-14,1,25.0,0.05,21.7,7981.0,3541.0,8.17,7.19,11522.0
2025-03-14,2,32.0,0.05,22.04,7996.0,3549.0,8.49,7.5,11546.0
2025-03-14,3,14.0,0.05,22.85,8132.0,3620.0,8.81,7.83,11752.0
2025-03-14,4,1946.0,0.05,19.27,9702.0,4246.0,11.28,10.33,13948.0
2025-03-14,5,2219.0,0.05,19.15,11715.0,4698.0,15.14,13.81,16413.0
2025-03-14,6,2394.0,0.05,19.26,11957.0,4733.0,15.03,13.62,16690.0
2025-03-14,7,2888.0,0.04,17.9,11494.0,4757.0,13.91,12.69,16251.0
2025-03-14,8,2836.0,0.02,17.44,11382.0,4738.0,13.5,12.32,16119.0
2025-03-14,9,2810.0,0.0,17.25,11225.0,4670.0,13.39,12.23,15894.0
2025-03-14,10,1321.0,0.0,16.15,10155.0,4336.0,11.65,10.66,14492.0
2025-03-14,11,1128.0,0.0,16.24,10406.0,4467.0,11.61,10.63,14873.0
2025-03-14,12,1090.0,0.0,16.24,10537.0,4525.0,11.54,10.6,15062.0
2025-03-14,13,1149.0,0.0,16.64,10593.0,4567.0,11.89,10.96,15160.0
2025-03-14,14,1163.0,0.0,17.16,10776.0,4653.0,12.35,11.41,15429.0
2025-03-14,15,1183.0,0.0,17.92,11020.0,4776.0,12.97,12.07,15797.0
2025-03-14,16,337.0,0.0,18.4,11312.0,4909.0,13.33,12.39,16221.0
2025-03-14,17,1842.0,0.0,19.18,12675.0,4600.0,14.83,13.18,17275.0
2025-03-14,18,2017.0,0.0,19.74,12819.0,4693.0,15.51,13.85,17513.0
2025-03-14,19,2019.0,0.01,19.6,12698.0,4633.0,15.43,13.73,17331.0
2025-03-14,20,2530.0,0.02,19.16,12461.0,4576.0,15.05,13.39,17037.0
2025-03-14,21,3002.0,0.03,18.69,12152.0,4536.0,14.65,13.08,16687.0
2025-03-14,22,2374.0,0.03,17.02,10841.0,4669.0,12.29,11.19,15510.0
2025-03-14,23,2333.0,0.03,17.25,10607.0,4595.0,11.73,10.73,15202.0
2025-03-15,0,2431.0,0.04,18.37,7913.0,3442.0,7.71,6.67,11355.0
2025-03-15,1,2295.0,0.04,20.03,7815.0,3456.0,7.98,7.01,11272.0
2025-03-15,2,646.0,0.04,22.13,7658.0,3427.0,8.28,7.3,11085.0
2025-03-15,3,26.0,0.04,22.45,7688.0,3447.0,8.53,7.55,11135.0
2025-03-15,4,34.0,0.04,21.89,7524.0,3369.0,8.48,7.49,10893.0
2025-03-15,5,35.0,0.04,21.86,8473.0,3810.0,10.89,9.92,12283.0
2025-03-15,6,1052.0,0.04,20.18,11660.0,4404.0,14.98,13.5,16063.0
2025-03-15,7,2175.0,0.03,18.94,12014.0,4691.0,14.92,13.6,16706.0
2025-03-15,8,2985.0,0.01,17.85,11570.0,4696.0,13.95,12.83,16267.0
2025-03-15,9,2917.0,0.0,17.21,11329.0,4669.0,13.4,12.35,15998.0
2025-03-15,10,2859.0,0.0,16.99,11444.0,4673.0,13.08,12.01,16117.0
2025-03-15,11,2897.0,0.0,17.08,11880.0,4120.0,12.93,11.32,16000.0
2025-03-15,12,2276.0,0.0,16.09,10429.0,4460.0,11.48,10.54,14888.0
2025-03-15,13,2266.0,0.0,16.15,10360.0,4453.0,11.54,10.61,14814.0
2025-03-15,14,2257.0,0.0,16.13,10268.0,4448.0,11.55,10.62,14716.0
2025-03-15,15,1992.0,0.0,16.4,10342.0,4474.0,11.78,10.86,14817.0
2025-03-15,16,1428.0,0.0,16.39,10271.0,4448.0,11.79,10.9,14719.0
2025-03-15,17,2456.0,0.0,17.34,11192.0,4813.0,13.41,12.56,16005.0
2025-03-15,18,2389.0,0.0,17.34,11054.0,4723.0,13.51,12.64,15777.0
2025-03-15,19,2421.0,0.01,17.64,11143.0,4696.0,13.76,12.81,15839.0
2025-03-15,20,2510.0,0.02,18.39,11526.0,4654.0,14.34,13.2,16180.0
2025-03-15,21,2545.0,0.03,18.68,11787.0,4605.0,14.51,13.22,16392.0
2025-03-15,22,2303.0,0.03,17.27,10885.0,4607.0,12.56,11.56,15492.0
2025-03-15,23,3575.0,0.03,15.6,9277.0,4042.0,9.97,8.96,13319.0
2025-03-16,0,3404.0,0.04,18.21,7110.0,3124.0,6.92,5.96,10234.0
2025-03-16,1,48.0,0.04,20.75,7556.0,3377.0,7.7,6.73,10933.0
2025-03-16,2,27.0,0.04,21.47,7609.0,3408.0,8.24,7.27,11017.0
2025-03-16,3,23.0,0.04,21.67,7602.0,3403.0,8.47,7.48,11005.0
2025-03-16,4,30.0,0.04,21.51,7540.0,3374.0,8.43,7.46,10914.0
2025-03-16,5,32.0,0.04,21.69,7316.0,3326.0,9.17,8.19,10641.0
2025-03-16,6,9.0,0.04,21.69,9238.0,4092.0,11.97,10.99,13329.0
2025-03-16,7,2337.0,0.03,19.18,11818.0,4712.0,14.95,13.65,16530.0
2025-03-16,8,2458.0,0.01,18.48,11868.0,4729.0,14.4,13.21,16598.0
2025-03-16,9,2418.0,0.0,17.96,11697.0,4708.0,13.96,12.8,16404.0
2025-03-16,10,2409.0,0.0,17.63,11784.0,4705.0,13.62,12.42,16488.0
2025-03-16,11,2401.0,0.0,17.66,11973.0,4673.0,13.53,12.28,16646.0
2025-03-16,12,2201.0,0.0,16.03,10370.0,4443.0,11.35,10.45,14813.0
2025-03-16,13,2204.0,0.0,16.36,10436.0,4485.0,11.65,10.74,14921.0
2025-03-16,14,2293.0,0.0,16.87,10649.0,4576.0,12.12,11.18,15225.0
2025-03-16,15,2271.0,0.0,16.68,10473.0,4538.0,12.02,11.09,15011.0
2025-03-16,16,2292.0,0.0,16.83,10508.0,4542.0,12.12,11.21,15050.0
2025-03-16,17,2430.0,0.0,18.43,12110.0,4650.0,14.21,13.01,16759.0
2025-03-16,18,2458.0,0.0,18.34,11899.0,4734.0,14.31,13.18,16632.0
2025-03-16,19,2414.0,0.01,18.35,11752.0,4666.0,14.37,13.2,16418.0
2025-03-16,20,2435.0,0.02,18.39,11767.0,4600.0,14.4,13.16,16367.0
2025-03-16,21,2466.0,0.03,18.68,12028.0,4535.0,14.58,13.15,16563.0
2025-03-16,22,1390.0,0.03,18.13,11245.0,4830.0,13.1,12.13,16075.0
2025-03-16,23,1383.0,0.04,20.17,9901.0,4315.0,10.94,9.93,14216.0
2025-03-17,0,1424.0,0.04,20.69,7406.0,3269.0,7.25,6.25,10675.0
2025-03-17,1,1407.0,0.04,20.71,7210.0,3226.0,7.33,6.37,10436.0
2025-03-17,2,1426.0,0.04,21.3,7240.0,3252.0,7.79,6.83,10492.0
2025-03-17,3,1462.0,0.05,21.77,7307.0,3287.0,8.07,7.1,10594.0
2025-03-17,4,445.0,0.05,20.75,9170.0,4044.0,10.69,9.76,13214.0
2025-03-17,5,1577.0,0.05,19.7,12237.0,4417.0,15.29,13.66,16654.0
2025-03-17,6,1885.0,0.05,19.58,12605.0,4708.0,15.41,13.77,17313.0
2025-03-17,7,1830.0,0.04,18.44,12177.0,4713.0,14.39,12.95,16890.0
2025-03-17,8,1755.0,0.02,18.02,11982.0,4642.0,14.03,12.62,16624.0
2025-03-17,9,1779.0,0.0,17.73,11951.0,4281.0,13.75,12.07,16232.0
2025-03-17,10,1689.0,0.0,16.31,10496.0,4200.0,11.85,10.66,14696.0
2025-03-17,11,1655.0,0.0,16.13,10334.0,4435.0,11.52,10.54,14769.0
2025-03-17,12,1669.0,0.0,16.26,10520.0,4497.0,11.57,10.63,15017.0
2025-03-17,13,1678.0,0.0,16.59,10634.0,4561.0,11.86,10.93,15194.0
2025-03-17,14,1696.0,0.0,16.61,10552.0,4535.0,11.94,10.98,15087.0
2025-03-17,15,1377.0,0.0,16.88,10668.0,4583.0,12.12,11.2,15251.0
2025-03-17,16,18.0,0.0,17.49,11036.0,4736.0,12.59,11.69,15771.0
2025-03-17,17,2888.0,0.0,17.69,11831.0,4849.0,13.66,12.5,16681.0
2025-03-17,18,2832.0,0.01,17.51,11497.0,4770.0,13.58,12.48,16267.0
2025-03-17,19,2873.0,0.03,17.79,11577.0,4709.0,13.76,12.56,16286.0
2025-03-17,20,2865.0,0.03,17.74,11590.0,4676.0,13.73,12.47,16266.0
2025-03-17,21,2873.0,0.04,18.04,11781.0,4539.0,13.93,12.47,16319.0
2025-03-17,22,2652.0,0.04,17.37,10966.0,4575.0,12.46,11.33,15540.0
2025-03-17,23,2558.0,0.04,19.32,9843.0,4273.0,10.82,9.82,14116.0
2025-03-18,0,2548.0,0.04,19.28,7954.0,3479.0,7.83,6.84,11434.0
2025-03-18,1,158.0,0.05,21.52,7682.0,3410.0,8.0,7.03,11091.0
2025-03-18,2,35.0,0.05,22.39,7763.0,3482.0,8.51,7.54,11245.0
2025-03-18,3,13.0,0.05,22.71,7775.0,3483.0,8.77,7.79,11258.0
2025-03-18,4,13.0,0.05,20.45,9426.0,4160.0,11.04,10.05,13586.0
2025-03-18,5,2808.0,0.05,18.7,11492.0,4645.0,14.68,13.4,16137.0
2025-03-18,6,3079.0,0.05,19.15,12054.0,4690.0,14.91,13.43,16744.0
2025-03-18,7,2926.0,0.04,18.06,11773.0,4720.0,13.98,12.65,16492.0
2025-03-18,8,2853.0,0.01,17.35,11514.0,4711.0,13.39,12.17,16225.0
2025-03-18,9,2830.0,0.0,17.26,11397.0,4639.0,13.35,12.13,16036.0
2025-03-18,10,1573.0,0.0,16.21,10236.0,4362.0,11.72,10.73,14598.0
2025-03-18,11,1062.0,0.0,16.64,10613.0,4565.0,12.0,11.01,15178.0
2025-03-18,12,1049.0,0.0,16.65,10704.0,4579.0,11.94,11.0,15283.0
2025-03-18,13,1057.0,0.0,16.65,10675.0,4586.0,11.94,11.02,15260.0
2025-03-18,14,1078.0,0.0,16.86,10679.0,4611.0,12.12,11.2,15290.0
2025-03-18,15,1064.0,0.0,17.13,10822.0,4659.0,12.34,11.41,15481.0
2025-03-18,16,1099.0,0.0,16.9,10727.0,4626.0,12.14,11.22,15353.0
2025-03-18,17,1791.0,0.0,18.29,12213.0,4776.0,14.14,12.72,16989.0
2025-03-18,18,1877.0,0.0,18.66,12270.0,4743.0,14.54,13.13,17013.0
2025-03-18,19,2457.0,0.01,18.28,11990.0,4683.0,14.24,12.85,16673.0
2025-03-18,20,2990.0,0.02,18.07,11884.0,4626.0,14.02,12.64,16510.0
2025-03-18,21,2958.0,0.03,17.92,11729.0,4605.0,13.93,12.54,16334.0
2025-03-18,22,2806.0,0.04,17.93,9272.0,4218.0,13.41,12.25,13490.0
2025-03-18,23,2743.0,0.04,17.21,7578.0,3474.0,10.66,9.62,11051.0
2025-03-19,0,2621.0,0.04,20.48,6831.0,3185.0,9.12,8.16,10016.0
2025-03-19,1,1049.0,0.04,22.35,7074.0,3311.0,9.78,8.82,10385.0
2025-03-19,2,31.0,0.04,22.74,7787.0,3490.0,8.35,7.38,11277.0
2025-03-19,3,21.0,0.04,22.95,7805.0,3486.0,8.54,7.57,11292.0
2025-03-19,4,39.0,0.05,21.52,8653.0,3817.0,9.79,8.84,12471.0
2025-03-19,5,1558.0,0.05,19.11,11549.0,4471.0,14.69,13.26,16019.0
2025-03-19,6,2707.0,0.05,19.14,12099.0,4702.0,14.98,13.49,16801.0
2025-03-19,7,2740.0,0.05,18.1,11820.0,4725.0,14.07,12.75,16545.0
2025-03-19,8,2640.0,0.02,17.27,11500.0,4706.0,13.4,12.18,16206.0
2025-03-19,9,2633.0,0.0,17.22,11431.0,4649.0,13.38,12.15,16080.0
2025-03-19,10,1485.0,0.0,16.05,10193.0,4331.0,9.5,10.55,14524.0
2025-03-19,11,1467.0,0.0,16.04,10339.0,4419.0,11.44,10.47,14758.0
2025-03-19,12,1478.0,0.0,16.34,10530.0,4523.0,11.67,10.72,15052.0
2025-03-19,13,1489.0,0.0,16.28,10467.0,4493.0,11.67,10.72,14960.0
2025-03-19,14,1504.0,0.0,16.46,10486.0,4509.0,11.82,10.87,14995.0
2025-03-19,15,1541.0,0.0,16.91,10693.0,4613.0,12.15,11.22,15306.0
2025-03-19,16,1530.0,0.0,17.15,10861.0,4686.0,12.33,11.39,15546.0
2025-03-19,17,2430.0,0.0,18.56,12275.0,4961.0,14.42,13.11,17236.0
2025-03-19,18,2487.0,0.0,18.56,12092.0,4868.0,14.54,13.25,16960.0
2025-03-19,19,2485.0,0.0,18.48,11951.0,4798.0,14.48,13.17,16750.0
2025-03-19,20,2453.0,0.01,18.35,11901.0,4751.0,14.36,13.03,16652.0
2025-03-19,21,2455.0,0.02,18.38,11990.0,4539.0,14.34,12.82,16529.0
2025-03-19,22,2542.0,0.02,20.06,2595.0,3901.0,15.85,13.94,6496.0
2025-03-19,23,2646.0,0.03,22.03,18.0,2181.0,18.79,11.12,2198.0
2025-03-20,0,2257.0,0.03,22.04,9.0,2033.0,18.93,9.55,2042.0
2025-03-20,1,153.0,0.04,23.72,10.0,2119.0,20.49,10.4,2129.0
2025-03-20,2,168.0,0.05,24.32,12.0,2143.0,21.05,10.72,2155.0
2025-03-20,3,149.0,0.05,24.24,15.0,2978.0,19.62,8.63,2993.0
2025-03-20,4,2.0,0.06,17.63,8378.0,3987.0,9.96,8.57,12365.0
2025-03-20,5,2505.0,0.06,19.15,11877.0,4690.0,14.86,13.49,16567.0
2025-03-20,6,2886.0,0.06,19.63,12492.0,4747.0,15.3,13.64,17239.0
2025-03-20,7,2748.0,0.05,18.16,11515.0,4706.0,14.23,12.92,16221.0
2025-03-20,8,2731.0,0.03,17.86,11417.0,4676.0,13.99,12.69,16094.0
2025-03-20,9,2719.0,0.0,17.68,11248.0,4620.0,13.86,12.56,15869.0
2025-03-20,10,2513.0,0.0,16.19,9973.0,4281.0,11.76,10.75,14254.0
2025-03-20,11,2519.0,0.0,16.39,10200.0,4432.0,11.83,10.83,14632.0
2025-03-20,12,2519.0,0.0,16.22,10288.0,4456.0,11.66,10.68,14744.0
2025-03-20,13,274.0,0.0,17.47,10841.0,4680.0,12.7,11.71,15521.0
2025-03-20,14,0.0,0.0,17.64,10831.0,4702.0,12.85,11.87,15533.0
2025-03-20,15,2.0,0.0,17.63,10867.0,4728.0,12.82,11.86,15595.0
2025-03-20,16,1182.0,0.0,17.05,10614.0,4628.0,12.36,11.4,15242.0
2025-03-20,17,2389.0,0.0,18.05,11703.0,4858.0,14.02,12.8,16561.0
2025-03-20,18,2506.0,0.0,18.32,11596.0,4752.0,14.38,13.14,16349.0
2025-03-20,19,2529.0,0.01,18.46,11575.0,4682.0,14.54,13.23,16257.0
2025-03-20,20,2506.0,0.02,18.33,11555.0,4640.0,14.41,13.08,16196.0
2025-03-20,21,2055.0,0.02,18.8,11919.0,4460.0,14.72,13.12,16379.0
2025-03-20,22,1210.0,0.02,18.13,10818.0,4729.0,12.78,11.7,15548.0
2025-03-20,23,1358.0,0.03,16.08,8598.0,3728.0,9.59,8.59,12326.0
2025-03-21,0,1949.0,0.03,14.71,7510.0,3320.0,7.68,6.7,10830.0
2025-03-21,1,2281.0,0.04,20.7,7134.0,3209.0,7.55,6.56,10343.0
2025-03-21,2,2333.0,0.05,21.13,7101.0,3216.0,7.98,6.98,10317.0
2025-03-21,3,2293.0,0.05,20.7,6960.0,3160.0,8.01,7.0,10120.0
2025-03-21,4,304.0,0.06,18.6,9468.0,4182.0,11.63,10.58,13650.0
2025-03-21,5,1903.0,0.06,18.79,11022.0,4659.0,14.69,13.52,15681.0
2025-03-21,6,2352.0,0.06,18.32,11104.0,4690.0,14.33,13.11,15794.0
2025-03-21,7,2352.0,0.06,18.27,11459.0,4675.0,14.14,12.85,16134.0
2025-03-21,8,2316.0,0.04,17.96,11425.0,4666.0,13.86,12.56,16091.0
2025-03-21,9,2333.0,0.01,17.88,11540.0,4293.0,13.71,12.17,15833.0
2025-03-21,10,2173.0,0.0,16.2,10039.0,4258.0,11.71,10.66,14297.0
2025-03-21,11,2157.0,0.0,16.17,10133.0,4393.0,11.62,10.62,14526.0
2025-03-21,12,2208.0,0.0,16.2,10178.0,4414.0,11.62,10.63,14592.0
2025-03-21,13,1712.0,0.0,16.65,10337.0,4509.0,12.02,11.04,14846.0
2025-03-21,14,1395.0,0.0,17.38,10661.0,4651.0,12.64,11.66,15313.0
2025-03-21,15,3.0,0.0,18.01,11030.0,4788.0,13.11,12.15,15819.0
2025-03-21,16,0.0,0.0,17.86,10978.0,4782.0,12.98,12.01,15760.0
2025-03-21,17,2148.0,0.0,18.32,11828.0,4814.0,14.2,12.86,16642.0
2025-03-21,18,2427.0,0.0,18.34,11650.0,4716.0,14.37,13.07,16365.0
2025-03-21,19,2446.0,0.01,18.41,11571.0,4642.0,14.47,13.13,16212.0
2025-03-21,20,2472.0,0.01,18.68,11710.0,4545.0,14.67,13.22,16255.0
2025-03-21,21,2472.0,0.02,18.84,12196.0,3989.0,14.61,12.63,16185.0
2025-03-21,22,2299.0,0.03,17.23,10678.0,4485.0,12.41,11.29,15163.0
2025-03-21,23,2562.0,0.03,19.98,9400.0,4111.0,10.53,9.51,13511.0
2025-03-22,0,2597.0,0.03,20.33,7780.0,3453.0,7.94,6.94,11233.0
2025-03-22,1,16.0,0.04,21.79,7597.0,3395.0,8.1,7.1,10992.0
2025-03-22,2,21.0,0.04,21.98,7530.0,3388.0,8.42,7.42,10918.0
2025-03-22,3,51.0,0.05,22.1,7509.0,3392.0,8.61,7.6,10901.0
2025-03-22,4,23.0,0.05,21.49,7608.0,3431.0,8.79,7.77,11039.0
2025-03-22,5,21.0,0.05,20.49,8836.0,3983.0,11.64,10.59,12819.0
2025-03-22,6,3460.0,0.06,19.11,11334.0,4608.0,15.09,13.76,15942.0
2025-03-22,7,3545.0,0.04,18.41,11322.0,4660.0,14.47,13.28,15982.0
2025-03-22,8,3412.0,0.02,17.79,11262.0,4668.0,13.91,12.81,15931.0
2025-03-22,9,3409.0,0.0,17.46,11195.0,4669.0,13.61,12.53,15864.0
2025-03-22,10,3376.0,0.0,17.37,11381.0,4675.0,13.45,12.34,16057.0
2025-03-22,11,3412.0,0.0,17.42,11492.0,4665.0,13.44,12.28,16157.0
2025-03-22,12,1555.0,0.0,16.55,10487.0,4503.0,11.94,10.97,14991.0
2025-03-22,13,1493.0,0.0,16.67,10407.0,4503.0,12.05,11.1,14910.0
2025-03-22,14,1500.0,0.0,16.85,10372.0,4519.0,12.21,11.26,14891.0
2025-03-22,15,1514.0,0.0,16.82,10355.0,4504.0,12.19,11.25,14859.0
2025-03-22,16,1472.0,0.0,16.64,10269.0,4466.0,12.05,11.12,14735.0
2025-03-22,17,2491.0,0.0,17.82,11537.0,4556.0,13.85,12.63,16093.0
2025-03-22,18,2186.0,0.0,18.23,11408.0,4719.0,14.3,13.25,16127.0
2025-03-22,19,1570.0,0.0,18.51,11619.0,4634.0,14.47,13.31,16253.0
2025-03-22,20,1564.0,0.0,18.93,11843.0,4529.0,14.79,13.47,16372.0
2025-03-22,21,1630.0,0.0,19.42,12248.0,4429.0,15.1,13.55,16677.0
2025-03-22,22,1546.0,0.01,18.3,11210.0,4788.0,13.3,12.3,15999.0
2025-03-22,23,2326.0,0.02,20.97,8874.0,3919.0,9.82,8.83,12792.0
2025-03-23,0,2667.0,0.03,20.92,7718.0,3438.0,7.96,6.98,11156.0
2025-03-23,1,3946.0,0.03,19.68,7528.0,3372.0,7.91,6.92,10900.0
2025-03-23,2,37.0,0.03,22.89,7763.0,3499.0,8.61,7.61,11261.0
2025-03-23,3,46.0,0.04,23.36,7869.0,3511.0,8.83,7.83,11379.0
2025-03-23,4,21.0,0.04,23.2,7801.0,3472.0,8.87,7.87,11273.0
2025-03-23,5,40.0,0.04,23.58,7646.0,3442.0,9.69,8.69,11089.0
2025-03-23,6,27.0,0.04,20.24,9203.0,4061.0,12.15,11.12,13265.0
2025-03-23,7,1963.0,0.03,19.0,11779.0,4441.0,14.96,13.53,16221.0
2025-03-23,8,2298.0,0.02,18.46,11673.0,4616.0,14.55,13.29,16289.0
2025-03-23,9,2638.0,0.0,17.87,11472.0,4603.0,13.99,12.8,16074.0
2025-03-23,10,2662.0,0.0,17.77,11586.0,4598.0,13.8,12.55,16184.0
2025-03-23,11,2654.0,0.0,17.92,11897.0,4325.0,13.8,12.26,16222.0
2025-03-23,12,1978.0,0.0,16.58,10389.0,4493.0,11.96,10.99,14881.0
2025-03-23,13,1979.0,0.0,16.69,10355.0,4504.0,12.04,11.1,14859.0
2025-03-23,14,2002.0,0.0,16.84,10382.0,4497.0,12.18,11.25,14878.0
2025-03-23,15,2026.0,0.0,17.2,10471.0,4571.0,12.47,11.53,15042.0
2025-03-23,16,1969.0,0.0,17.18,10522.0,4558.0,12.46,11.53,15080.0
2025-03-23,17,3352.0,0.0,18.26,11664.0,4829.0,14.27,13.21,16494.0
2025-03-23,18,2781.0,0.0,18.17,11476.0,4779.0,14.26,13.25,16255.0
2025-03-23,19,2794.0,0.0,18.45,11434.0,4698.0,14.53,13.43,16132.0
2025-03-23,20,2830.0,0.0,18.52,11542.0,4678.0,14.55,13.38,16220.0
2025-03-23,21,2849.0,0.0,18.87,11757.0,4607.0,14.8,13.49,16364.0
2025-03-23,22,2206.0,0.01,17.77,10882.0,4699.0,12.96,11.97,15581.0
2025-03-23,23,4357.0,0.02,18.19,9751.0,4279.0,11.05,10.06,14030.0
2025-03-24,0,446.0,0.03,21.26,7763.0,3446.0,7.95,6.98,11209.0
2025-03-24,1,30.0,0.03,22.08,7729.0,3464.0,8.31,7.33,11193.0
2025-03-24,2,21.0,0.04,22.27,7673.0,3460.0,8.65,7.66,11133.0
2025-03-24,3,37.0,0.04,23.15,7810.0,3533.0,9.07,8.08,11343.0
2025-03-24,4,14.0,0.04,21.75,9167.0,4092.0,11.07,10.05,13259.0
2025-03-24,5,1837.0,0.04,18.85,10904.0,4623.0,14.24,13.06,15528.0
2025-03-24,6,2238.0,0.04,19.21,11787.0,4796.0,15.06,13.72,16582.0
2025-03-24,7,2392.0,0.03,18.25,11601.0,4812.0,14.19,12.98,16413.0
2025-03-24,8,2348.0,0.01,17.79,11558.0,4775.0,13.78,12.57,16333.0
2025-03-24,9,1905.0,0.0,17.75,11593.0,4615.0,13.7,12.36,16208.0
2025-03-24,10,279.0,0.0,16.97,10552.0,4471.0,12.43,11.42,15023.0
2025-03-24,11,0.0,0.0,16.89,10486.0,4559.0,12.24,11.28,15045.0
2025-03-24,12,0.0,0.0,16.86,10500.0,4568.0,12.19,11.23,15068.0
2025-03-24,13,2.0,0.0,16.81,10413.0,4528.0,12.16,11.21,14941.0
2025-03-24,14,0.0,0.0,16.73,10504.0,4577.0,12.46,11.51,15082.0
2025-03-24,15,2.0,0.0,13.79,10660.0,4655.0,12.73,11.79,15316.0
2025-03-24,16,4.0,0.0,17.66,10872.0,4735.0,12.82,11.88,15607.0
2025-03-24,17,0.0,0.0,16.79,10688.0,4757.0,12.5,11.54,15445.0
2025-03-24,18,0.0,0.0,4.52,10433.0,4618.0,12.51,11.54,15050.0
2025-03-24,19,0.0,0.01,4.52,10413.0,4633.0,12.68,11.69,15046.0
2025-03-24,20,0.0,0.02,4.52,10494.0,4680.0,12.72,11.72,15174.0
2025-03-24,21,0.0,0.03,4.51,10529.0,4693.0,12.77,11.76,15222.0
2025-03-24,22,0.0,0.03,4.5,10514.0,4633.0,11.9,10.89,15147.0
2025-03-24,23,0.0,0.04,4.5,9726.0,4244.0,10.73,9.73,13970.0
2025-03-25,0,0.0,0.04,4.49,7953.0,3517.0,8.0,7.03,11470.0
2025-03-25,1,0.0,0.04,4.49,7509.0,3364.0,7.9,6.92,10873.0
2025-03-25,2,0.0,0.04,4.5,7296.0,3305.0,8.07,7.08,10601.0
2025-03-25,3,0.0,0.04,4.49,7413.0,3355.0,8.43,7.44,10768.0
2025-03-25,4,0.0,0.04,4.5,8990.0,4003.0,10.66,9.64,12993.0
2025-03-25,5,0.0,0.04,4.49,10101.0,4484.0,13.17,12.13,14585.0
2025-03-25,6,0.0,0.04,4.49,10771.0,4797.0,13.64,12.6,15568.0
2025-03-25,7,0.0,0.04,4.47,10571.0,4694.0,12.91,11.88,15264.0
2025-03-25,8,0.0,0.02,4.46,10506.0,4653.0,12.59,11.58,15159.0
2025-03-25,9,0.0,0.0,4.45,10319.0,4586.0,12.43,11.43,14905.0
2025-03-25,10,0.0,0.0,4.46,10415.0,4466.0,12.18,11.2,14881.0
2025-03-25,11,0.0,0.0,4.63,10644.0,4597.0,12.17,11.21,15240.0
2025-03-25,12,0.0,0.0,4.74,10704.0,4643.0,12.23,11.27,15347.0
2025-03-25,13,0.0,0.0,4.76,10661.0,4643.0,12.35,11.4,15303.0
2025-03-25,14,0.0,0.04,4.76,10608.0,4605.0,12.38,11.44,15213.0
2025-03-25,15,0.0,0.17,4.76,10669.0,4648.0,12.48,11.55,15317.0
2025-03-25,16,0.0,0.2,4.75,10799.0,4701.0,12.62,11.68,15500.0
2025-03-25,17,0.0,0.23,4.73,10675.0,4742.0,12.54,11.58,15417.0
2025-03-25,18,0.0,0.26,4.72,10616.0,4723.0,12.84,11.86,15339.0
2025-03-25,19,0.0,0.29,4.71,10663.0,4739.0,13.11,12.11,15401.0
2025-03-25,20,0.0,0.29,4.7,10674.0,4723.0,13.09,12.09,15397.0
2025-03-25,21,0.0,0.3,4.7,10754.0,4773.0,13.22,12.21,15527.0
2025-03-25,22,0.0,0.31,4.71,11244.0,4982.0,13.21,12.18,16226.0
2025-03-25,23,0.0,0.31,4.71,9526.0,4156.0,10.33,9.34,13681.0
2025-03-26,0,0.0,0.31,4.66,7737.0,3408.0,7.61,6.63,11145.0
2025-03-26,1,0.0,0.31,4.68,7674.0,3420.0,8.02,7.03,11094.0
2025-03-26,2,0.0,0.32,4.71,7956.0,3561.0,8.8,7.81,11517.0
2025-03-26,3,0.0,0.31,4.69,8125.0,3644.0,9.25,8.26,11769.0
2025-03-26,4,0.0,0.31,4.64,9780.0,4323.0,11.87,10.85,14103.0
2025-03-26,5,0.0,0.31,4.63,10375.0,4602.0,13.81,12.78,14977.0
2025-03-26,6,0.0,0.31,4.62,10455.0,4665.0,13.14,12.11,15119.0
2025-03-26,7,0.0,0.31,4.59,10242.0,4526.0,12.32,11.31,14768.0
2025-03-26,8,0.0,0.29,4.58,10136.0,4468.0,11.98,10.97,14605.0
2025-03-26,9,0.0,0.27,4.58,10018.0,4427.0,11.88,10.87,14445.0
2025-03-26,10,0.0,0.26,4.59,10134.0,4360.0,11.59,10.62,14494.0
2025-03-26,11,0.0,0.23,4.6,10367.0,4494.0,11.75,10.78,14861.0
2025-03-26,12,0.0,0.21,4.63,10500.0,4566.0,11.96,11.0,15065.0
2025-03-26,13,0.0,0.21,4.64,10515.0,4570.0,12.08,11.13,15085.0
2025-03-26,14,0.0,0.21,4.65,10480.0,4559.0,12.16,11.22,15039.0
2025-03-26,15,0.0,0.22,4.64,10542.0,4579.0,12.19,11.25,15121.0
2025-03-26,16,0.0,0.23,4.63,10730.0,4657.0,12.41,11.47,15387.0
2025-03-26,17,0.0,0.26,4.62,10653.0,4744.0,12.46,11.49,15397.0
2025-03-26,18,0.0,0.29,4.61,10384.0,4610.0,12.41,11.43,14994.0
2025-03-26,19,0.0,0.31,4.61,10319.0,4581.0,12.46,11.46,14900.0
2025-03-26,20,0.0,0.32,4.6,10242.0,4543.0,12.36,11.36,14785.0
2025-03-26,21,619.0,0.33,14.43,9674.0,4276.0,11.49,10.48,13950.0
2025-03-26,22,3833.0,0.62,17.9,465.0,3507.0,11.83,9.81,3972.0
2025-03-26,23,5704.0,1.24,18.37,17.0,1900.0,13.96,8.67,1916.0
2025-03-27,0,5815.0,1.98,19.06,16.0,1810.0,14.83,7.49,1826.0
2025-03-27,1,5311.0,2.7,19.73,9.0,1831.0,15.39,7.81,1840.0
2025-03-27,2,5373.0,3.38,19.96,11.0,1847.0,15.57,7.88,1857.0
2025-03-27,3,5545.0,4.08,20.93,17.0,1900.0,16.41,8.34,1917.0
2025-03-27,4,3032.0,4.73,20.34,4220.0,2933.0,13.29,6.82,7153.0
2025-03-27,5,0.0,4.84,17.74,10655.0,4664.0,13.02,12.0,15319.0
2025-03-27,6,0.0,4.85,17.94,10697.0,4745.0,13.2,12.18,15441.0
2025-03-27,7,0.0,4.85,17.08,10485.0,4626.0,12.46,11.45,15111.0
2025-03-27,8,1032.0,4.8,17.12,10730.0,4808.0,12.82,11.87,15538.0
2025-03-27,9,13871.0,4.43,16.69,12348.0,5797.0,16.33,15.8,18144.0
2025-03-27,10,15154.0,4.07,15.92,11658.0,5427.0,14.57,14.0,17085.0
2025-03-27,11,16001.0,4.02,15.43,11061.0,5072.0,13.16,12.49,16133.0
2025-03-27,12,16445.0,4.11,15.14,11088.0,5094.0,13.16,12.51,16182.0
2025-03-27,13,16642.0,4.22,15.41,11072.0,5111.0,13.22,12.59,16183.0
2025-03-27,14,16669.0,4.37,15.9,11050.0,5109.0,13.29,12.66,16159.0
2025-03-27,15,16487.0,4.52,18.29,10893.0,5044.0,13.07,12.43,15937.0
2025-03-27,16,15429.0,4.59,19.78,10911.0,5064.0,13.08,12.45,15975.0
2025-03-27,17,13519.0,4.42,20.0,12279.0,5766.0,15.87,15.32,18045.0
2025-03-27,18,12680.0,3.68,19.39,13602.0,6417.0,18.82,18.4,20020.0
2025-03-27,19,12616.0,2.85,19.22,13309.0,6251.0,18.64,18.19,19560.0
2025-03-27,20,12876.0,2.08,18.74,13233.0,6169.0,18.49,18.02,19402.0
2025-03-27,21,14258.0,1.49,17.73,12686.0,5957.0,17.42,16.88,18643.0
2025-03-27,22,14470.0,1.12,18.12,11452.0,5350.0,14.12,13.49,16802.0
2025-03-27,23,6716.0,1.42,15.99,9260.0,4080.0,10.21,9.24,13340.0
2025-03-28,0,5758.0,2.14,15.73,7604.0,3322.0,7.53,6.55,10927.0
2025-03-28,1,5952.0,2.88,16.07,7576.0,3342.0,7.91,6.92,10918.0
2025-03-28,2,6057.0,3.64,16.41,7559.0,3362.0,8.27,7.28,10921.0
2025-03-28,3,6196.0,4.42,16.88,7616.0,3394.0,8.62,7.63,11010.0
2025-03-28,4,13990.0,4.98,18.11,8848.0,4243.0,10.78,10.0,13091.0
2025-03-28,5,14271.0,4.97,17.1,11484.0,5412.0,16.01,15.34,16896.0
2025-03-28,6,15248.0,4.56,17.01,13551.0,6262.0,18.85,18.32,19812.0
2025-03-28,7,15767.0,4.07,16.35,13654.0,6267.0,18.59,18.07,19921.0
2025-03-28,8,16088.0,3.69,15.12,13323.0,6175.0,18.39,17.86,19498.0
2025-03-28,9,15925.0,3.36,14.87,12691.0,5954.0,17.44,16.92,18645.0
2025-03-28,10,16131.0,3.18,14.76,11545.0,5374.0,14.53,13.89,16920.0
2025-03-28,11,17291.0,3.3,13.9,11065.0,5106.0,13.26,12.59,16171.0
2025-03-28,12,17271.0,3.51,13.91,11119.0,5113.0,13.25,12.62,16232.0
2025-03-28,13,17297.0,3.72,13.94,11186.0,5174.0,13.04,12.42,16360.0
2025-03-28,14,17426.0,3.91,14.08,11119.0,5142.0,13.41,12.79,16262.0
2025-03-28,15,17851.0,4.21,14.78,10857.0,5044.0,13.36,12.73,15901.0
2025-03-28,16,16355.0,4.46,16.79,10943.0,5046.0,13.26,12.64,15989.0
2025-03-28,17,15632.0,4.45,16.19,12310.0,5772.0,16.11,15.65,18082.0
2025-03-28,18,15275.0,4.04,15.67,13341.0,6263.0,18.48,18.08,19604.0
2025-03-28,19,14327.0,3.57,16.77,13002.0,6153.0,18.49,18.04,19155.0
2025-03-28,20,13896.0,3.03,17.11,12786.0,6066.0,18.26,17.79,18852.0
2025-03-28,21,13958.0,2.53,17.23,12308.0,5859.0,17.28,16.78,18167.0
2025-03-28,22,14331.0,2.11,17.96,12469.0,5929.0,16.58,16.09,18398.0
2025-03-28,23,3504.0,1.96,17.91,9847.0,4341.0,11.08,10.15,14188.0
2025-03-29,0,3351.0,2.31,17.17,7998.0,3479.0,7.92,6.94,11476.0
2025-03-29,1,3380.0,2.73,17.99,7899.0,3461.0,8.16,7.18,11360.0
2025-03-29,2,3481.0,3.16,19.2,7405.0,3278.0,7.98,7.0,10684.0
2025-03-29,3,3619.0,3.6,19.93,7125.0,3203.0,7.87,6.89,10329.0
2025-03-29,4,3524.0,4.04,19.55,7035.0,3157.0,7.81,6.82,10192.0
2025-03-29,5,3151.0,4.46,18.33,8680.0,3860.0,10.98,9.96,12540.0
2025-03-29,6,14865.0,4.68,17.25,10948.0,5129.0,14.96,14.24,16078.0
2025-03-29,7,15360.0,4.47,16.24,12920.0,6051.0,17.89,17.37,18970.0
2025-03-29,8,15297.0,4.01,16.05,13593.0,6330.0,18.63,18.17,19923.0
2025-03-29,9,15176.0,3.5,15.96,13562.0,6317.0,18.4,17.94,19879.0
2025-03-29,10,15241.0,3.0,15.98,13246.0,6197.0,17.35,16.9,19442.0
2025-03-29,11,16388.0,2.67,15.27,12230.0,5761.0,15.28,14.78,17990.0
2025-03-29,12,16622.0,2.68,15.32,11239.0,5185.0,13.25,12.63,16424.0
2025-03-29,13,16683.0,2.8,15.47,11185.0,5142.0,13.35,12.73,16328.0
2025-03-29,14,16744.0,2.93,15.5,11041.0,5083.0,13.35,12.71,16124.0
2025-03-29,15,16872.0,3.1,15.25,11003.0,5088.0,13.34,12.71,16091.0
2025-03-29,16,16881.0,3.29,14.98,11049.0,5090.0,13.43,12.8,16138.0
2025-03-29,17,16723.0,3.4,14.82,12277.0,5718.0,15.89,15.35,17995.0
2025-03-29,18,16882.0,3.18,14.74,13752.0,6401.0,19.16,18.73,20153.0
2025-03-29,19,15506.0,2.8,16.35,13590.0,6332.0,19.3,18.85,19922.0
2025-03-29,20,15574.0,2.38,16.28,13300.0,6192.0,18.76,18.27,19492.0
2025-03-29,21,15687.0,2.06,16.46,12565.0,5871.0,17.2,16.67,18436.0
2025-03-29,22,15508.0,1.89,19.46,11603.0,5434.0,14.55,13.97,17037.0
2025-03-29,23,3707.0,2.0,20.33,9884.0,4304.0,10.86,9.9,14189.0
2025-03-30,0,2913.0,2.37,19.94,7478.0,3267.0,7.32,6.35,10745.0
2025-03-30,1,2899.0,2.73,20.22,7351.0,3264.0,7.57,6.59,10615.0
2025-03-30,2,2955.0,3.1,20.6,7335.0,3295.0,7.96,6.98,10631.0
2025-03-30,3,2980.0,3.47,21.08,7381.0,3324.0,8.28,7.3,10705.0
2025-03-30,4,2992.0,3.84,20.79,7290.0,3264.0,8.25,7.27,10554.0
2025-03-30,5,2840.0,4.21,19.57,7286.0,3312.0,9.35,8.36,10597.0
2025-03-30,6,13143.0,4.49,18.99,8946.0,4270.0,12.12,11.34,13217.0
2025-03-30,7,15688.0,4.5,17.0,12121.0,5644.0,16.75,16.14,17765.0
2025-03-30,8,15563.0,4.16,16.49,13392.0,6150.0,18.69,18.14,19542.0
2025-03-30,9,15316.0,3.72,16.12,13390.0,6132.0,18.27,17.73,19521.0
2025-03-30,10,15172.0,3.26,15.85,13321.0,6106.0,17.63,17.07,19428.0
2025-03-30,11,15287.0,2.87,16.03,12418.0,5743.0,15.94,15.35,18161.0
2025-03-30,12,16354.0,2.75,15.3,11095.0,5125.0,13.39,12.73,16221.0
2025-03-30,13,17746.0,3.0,14.18,10947.0,5056.0,13.34,12.67,16004.0
2025-03-30,14,17510.0,3.32,14.03,10780.0,4977.0,13.35,12.66,15757.0
2025-03-30,15,17625.0,3.63,14.06,10789.0,5016.0,13.55,12.86,15805.0
2025-03-30,16,15466.0,3.81,15.93,10685.0,4944.0,13.39,12.71,15629.0
2025-03-30,17,15332.0,3.75,16.12,12268.0,5730.0,16.6,16.01,17998.0
2025-03-30,18,15393.0,3.37,16.16,13265.0,6207.0,18.81,18.31,19471.0
2025-03-30,19,15415.0,2.96,16.15,13142.0,6149.0,18.65,18.11,19291.0
2025-03-30,20,15601.0,2.57,16.51,13165.0,6172.0,18.58,18.06,19337.0
2025-03-30,21,15918.0,2.25,16.94,12569.0,5956.0,17.4,16.91,18525.0
2025-03-30,22,16221.0,2.07,17.48,11794.0,5609.0,15.12,14.56,17403.0
2025-03-30,23,7216.0,2.44,17.29,9100.0,4021.0,10.06,9.1,13121.0
2025-03-31,0,4326.0,3.03,19.23,7639.0,3369.0,7.9,6.92,11009.0
2025-03-31,1,4203.0,3.56,19.7,7491.0,3338.0,8.05,7.07,10829.0
2025-03-31,2,4280.0,4.08,20.21,7493.0,3368.0,8.49,7.5,10861.0
2025-03-31,3,4331.0,4.61,20.77,7603.0,3403.0,8.81,7.82,11007.0
2025-03-31,4,2231.0,5.06,20.69,8820.0,3918.0,10.76,9.74,12739.0
2025-03-31,5,12979.0,5.17,19.69,11282.0,5308.0,15.8,15.09,16590.0
2025-03-31,6,14704.0,4.82,18.75,13000.0,6158.0,18.63,18.11,19159.0
2025-03-31,7,14780.0,4.33,17.49,13229.0,6204.0,18.69,18.18,19433.0
2025-03-31,8,15041.0,3.84,16.58,13107.0,6153.0,18.53,18.03,19261.0
2025-03-31,9,15066.0,3.46,16.61,12276.0,5748.0,16.95,16.38,18024.0
2025-03-31,10,15310.0,3.22,17.0,11489.0,5347.0,14.63,14.01,16835.0
2025-03-31,11,16387.0,3.24,16.16,10937.0,5029.0,13.17,12.47,15966.0
2025-03-31,12,16602.0,3.38,16.16,11002.0,5053.0,13.18,12.5,16056.0
2025-03-31,13,16815.0,3.54,16.44,10978.0,5058.0,13.33,12.65,16036.0
2025-03-31,14,18425.0,3.69,15.6,10966.0,5059.0,13.4,12.72,16025.0
2025-03-31,15,21842.0,3.48,12.55,10869.0,5004.0,13.15,12.47,15872.0
2025-03-31,16,17528.0,3.61,17.35,10906.0,5013.0,13.17,12.5,15919.0
2025-03-31,17,17199.0,3.79,16.94,12324.0,5727.0,16.38,15.78,18050.0
2025-03-31,18,16427.0,3.59,17.15,13473.0,6266.0,19.11,18.61,19740.0
2025-03-31,19,15448.0,3.19,17.26,13330.0,6187.0,18.98,18.45,19517.0
2025-03-31,20,14804.0,2.75,17.66,13214.0,6151.0,18.71,18.18,19366.0
2025-03-31,21,14472.0,2.27,18.1,12609.0,5830.0,17.46,16.83,18439.0
2025-03-31,22,14615.0,1.94,18.36,11497.0,5339.0,14.38,13.71,16837.0
2025-03-31,23,5014.0,2.09,18.51,9411.0,4159.0,10.54,9.56,13570.0
2025-04-01,0,3791.0,2.54,19.12,7370.0,3229.0,7.4,6.41,10599.0
2025-04-01,1,4059.0,3.02,19.83,7318.0,3277.0,7.79,6.79,10595.0
2025-04-01,2,4106.0,3.53,20.47,7359.0,3302.0,8.27,7.27,10661.0
2025-04-01,3,4116.0,4.04,20.5,7345.0,3292.0,8.41,7.4,10637.0
2025-04-01,4,12596.0,4.48,18.74,8450.0,4039.0,10.5,9.66,12490.0
2025-04-01,5,14260.0,4.52,17.67,11293.0,5362.0,15.88,15.19,16656.0
2025-04-01,6,15949.0,4.21,17.04,13092.0,6082.0,18.67,18.04,19174.0
2025-04-01,7,15632.0,3.84,16.46,13307.0,6098.0,18.36,17.73,19405.0
2025-04-01,8,15810.0,3.44,15.98,13345.0,6162.0,18.21,17.69,19507.0
2025-04-01,9,16556.0,3.15,15.26,12803.0,5885.0,17.27,16.67,18688.0
2025-04-01,10,16655.0,3.02,15.36,11657.0,5396.0,14.88,14.25,17054.0
2025-04-01,11,16718.0,3.15,15.46,10875.0,5146.0,13.24,12.66,16021.0
2025-04-01,12,16766.0,3.29,15.48,10984.0,5205.0,13.3,12.72,16188.0
2025-04-01,13,16511.0,3.42,15.77,11015.0,5222.0,13.38,12.82,16237.0
2025-04-01,14,16505.0,3.52,15.92,11037.0,5238.0,13.4,12.85,16275.0
2025-04-01,15,16952.0,3.67,15.37,10870.0,5216.0,13.25,12.73,16087.0
2025-04-01,16,16942.0,3.87,15.35,10884.0,5197.0,13.26,12.73,16081.0
2025-04-01,17,16109.0,3.96,15.78,12004.0,5657.0,15.5,14.99,17661.0
2025-04-01,18,15606.0,3.65,16.04,13323.0,6174.0,17.91,17.5,19497.0
2025-04-01,19,15565.0,3.31,16.15,12603.0,6007.0,17.38,16.99,18610.0
2025-04-01,20,15534.0,3.01,16.15,12512.0,6009.0,17.39,16.97,18521.0
2025-04-01,21,14197.0,2.64,17.45,12420.0,5976.0,17.23,16.8,18396.0
2025-04-01,22,13971.0,2.26,17.86,11138.0,5425.0,14.02,13.52,16563.0
2025-04-01,23,2258.0,2.15,16.58,9901.0,4364.0,11.17,10.21,14266.0
2025-04-02,0,3320.0,2.46,17.47,7716.0,3375.0,7.8,6.82,11092.0
2025-04-02,1,3592.0,2.91,17.91,7426.0,3294.0,7.73,6.75,10720.0
2025-04-02,2,3903.0,3.36,18.24,7406.0,3298.0,8.06,7.08,10704.0
2025-04-02,3,4139.0,3.87,18.13,7315.0,3265.0,8.14,7.15,10579.0
2025-04-02,4,3398.0,4.39,17.99,9009.0,3981.0,10.73,9.72,12991.0
2025-04-02,5,13125.0,4.65,19.14,11168.0,5320.0,15.58,14.91,16487.0
2025-04-02,6,15975.0,4.58,17.09,12558.0,6006.0,17.48,17.03,18564.0
2025-04-02,7,15555.0,4.26,16.42,12865.0,6080.0,17.62,17.21,18945.0
2025-04-02,8,15435.0,3.87,16.25,12938.0,6129.0,17.7,17.28,19067.0
2025-04-02,9,15303.0,3.5,16.01,12126.0,5699.0,16.15,15.63,17825.0
2025-04-02,10,15191.0,3.39,15.88,11010.0,5036.0,13.38,12.73,16046.0
2025-04-02,11,15449.0,3.38,16.18,11042.0,5047.0,13.14,12.48,16089.0
2025-04-02,12,15744.0,3.38,16.62,11091.0,5073.0,13.19,12.54,16164.0
2025-04-02,13,15946.0,3.42,16.94,11022.0,5072.0,13.35,12.69,16094.0
2025-04-02,14,16051.0,3.48,17.14,10974.0,5051.0,13.33,12.67,16025.0
2025-04-02,15,16283.0,3.57,17.45,10966.0,5048.0,13.27,12.62,16014.0
2025-04-02,16,16330.0,3.69,17.59,11035.0,5042.0,13.27,12.64,16077.0
2025-04-02,17,16126.0,3.66,17.35,12923.0,5985.0,17.16,16.67,18908.0
2025-04-02,18,15476.0,3.28,17.62,13620.0,6374.0,19.09,18.66,19994.0
2025-04-02,19,14849.0,2.78,18.92,13222.0,6182.0,18.54,18.08,19403.0
2025-04-02,20,14724.0,2.31,18.65,13279.0,6187.0,18.53,18.04,19467.0
2025-04-02,21,14913.0,1.85,18.94,12866.0,6005.0,17.72,17.21,18871.0
2025-04-02,22,15115.0,1.61,19.43,10996.0,5067.0,13.22,12.53,16063.0
2025-04-02,23,4762.0,1.89,18.77,9402.0,4108.0,10.39,9.39,13510.0
2025-04-03,0,4134.0,2.4,19.03,7037.0,3079.0,7.01,6.05,10115.0
2025-04-03,1,4646.0,2.95,18.73,6840.0,3035.0,7.13,6.16,9876.0
2025-04-03,2,4689.0,3.54,18.95,6800.0,3060.0,7.4,6.43,9860.0
2025-04-03,3,4799.0,4.14,19.69,6894.0,3119.0,7.78,6.8,10012.0
2025-04-03,4,3630.0,4.71,17.69,9611.0,4246.0,11.69,10.68,13857.0
2025-04-03,5,15755.0,4.9,17.61,11738.0,5574.0,16.78,16.15,17313.0
2025-04-03,6,16187.0,4.7,17.39,13062.0,6144.0,18.8,18.27,19206.0
2025-04-03,7,15591.0,4.35,16.56,13258.0,6167.0,18.61,18.09,19425.0
2025-04-03,8,15280.0,3.92,16.08,13329.0,6198.0,18.21,17.7,19527.0
2025-04-03,9,15215.0,3.48,16.0,13055.0,6028.0,17.59,17.06,19082.0
2025-04-03,10,15336.0,3.18,16.12,11842.0,5424.0,14.88,14.26,17266.0
2025-04-03,11,16480.0,3.15,15.63,11130.0,5120.0,13.43,12.75,16250.0
2025-04-03,12,17398.0,3.33,15.02,11205.0,5145.0,13.41,12.75,16350.0
2025-04-03,13,16818.0,3.53,15.6,10977.0,5050.0,13.17,12.51,16027.0
2025-04-03,14,16635.0,3.66,16.34,11008.0,5081.0,13.35,12.7,16089.0
2025-04-03,15,16625.0,3.81,17.54,11032.0,5104.0,13.35,12.71,16136.0
2025-04-03,16,16613.0,3.96,17.66,11128.0,5143.0,13.49,12.86,16270.0
2025-04-03,17,15146.0,3.93,18.9,12294.0,5648.0,15.85,15.29,17942.0
2025-04-03,18,14676.0,3.46,18.59,13867.0,6377.0,19.27,18.79,20243.0
2025-04-03,19,14754.0,2.88,18.7,13636.0,6256.0,19.07,18.57,19891.0
2025-04-03,20,14813.0,2.36,18.81,13292.0,6060.0,18.02,17.49,19351.0
2025-04-03,21,15064.0,1.92,19.29,12866.0,5887.0,17.23,16.68,18753.0
2025-04-03,22,15155.0,1.65,19.45,11534.0,5384.0,14.31,13.68,16918.0
2025-04-03,23,6262.0,1.93,16.8,9531.0,4151.0,10.5,9.52,13682.0
2025-04-04,0,4720.0,2.6,18.26,7027.0,3048.0,7.06,6.09,10075.0
2025-04-04,1,4388.0,3.2,19.51,6676.0,2961.0,6.93,5.95,9636.0
2025-04-04,2,3962.0,3.71,20.51,6527.0,2915.0,7.07,6.09,9442.0
2025-04-04,3,3991.0,4.21,20.77,6575.0,2973.0,7.33,6.35,9548.0
2025-04-04,4,2766.0,4.67,19.03,8862.0,3916.0,10.44,9.42,12778.0
2025-04-04,5,14221.0,4.81,17.21,11435.0,5418.0,16.05,15.38,16853.0
2025-04-04,6,16043.0,4.55,17.21,13540.0,6362.0,19.35,18.88,19902.0
2025-04-04,7,15454.0,4.08,16.24,13899.0,6439.0,19.42,18.96,20338.0
2025-04-04,8,15293.0,3.53,16.03,13813.0,6417.0,19.12,18.67,20230.0
2025-04-04,9,15162.0,3.02,15.82,13041.0,6033.0,17.54,16.99,19073.0
2025-04-04,10,15916.0,2.74,15.28,11552.0,5350.0,14.33,13.74,16902.0
2025-04-04,11,17225.0,2.89,14.31,10963.0,5180.0,13.16,12.64,16143.0
2025-04-04,12,17229.0,3.08,14.77,11042.0,5221.0,13.16,12.66,16262.0
2025-04-04,13,16725.0,3.25,15.26,11077.0,5163.0,13.32,12.74,16239.0
2025-04-04,14,16892.0,3.4,15.54,11162.0,5132.0,13.41,12.78,16294.0
2025-04-04,15,17002.0,3.56,15.73,11200.0,5159.0,13.5,12.88,16360.0
2025-04-04,16,16151.0,3.68,16.69,11229.0,5174.0,13.53,12.91,16402.0
2025-04-04,17,16095.0,3.66,16.74,12577.0,5816.0,16.3,15.75,18393.0
2025-04-04,18,15855.0,3.29,16.45,13856.0,6404.0,19.15,18.71,20260.0
2025-04-04,19,14930.0,2.83,17.2,13611.0,6300.0,19.06,18.59,19910.0
2025-04-04,20,14280.0,2.24,17.86,13562.0,6235.0,18.71,18.22,19797.0
2025-04-04,21,14322.0,1.67,17.97,13211.0,6022.0,17.76,17.26,19233.0
2025-04-04,22,14826.0,1.29,18.87,11648.0,5357.0,14.27,13.63,17005.0
2025-04-04,23,4249.0,1.46,18.8,9253.0,4021.0,9.86,8.9,13274.0
2025-04-05,0,3330.0,1.89,18.83,7380.0,3201.0,7.18,6.2,10581.0
2025-04-05,1,3350.0,2.3,18.89,7271.0,3210.0,7.38,6.41,10482.0
2025-04-05,2,3462.0,2.72,19.72,7365.0,3285.0,7.9,6.91,10650.0
2025-04-05,3,3481.0,3.15,20.11,7407.0,3319.0,8.18,7.18,10727.0
2025-04-05,4,3443.0,3.58,19.58,7258.0,3236.0,8.04,7.05,10495.0
2025-04-05,5,3295.0,4.0,18.43,7549.0,3395.0,9.59,8.58,10945.0
2025-04-05,6,14677.0,4.28,17.42,11212.0,5227.0,14.98,14.28,16439.0
2025-04-05,7,15731.0,4.01,16.61,13683.0,6322.0,18.77,18.28,20005.0
2025-04-05,8,16397.0,3.51,15.37,14387.0,6550.0,19.41,18.98,20938.0
2025-04-05,9,17019.0,3.05,14.69,14179.0,6504.0,19.5,19.05,20683.0
2025-04-05,10,16977.0,2.72,14.7,13659.0,6312.0,18.33,17.89,19971.0
2025-04-05,11,17161.0,2.49,14.86,12953.0,6006.0,16.78,16.27,18959.0
2025-04-05,12,17210.0,2.45,14.91,11948.0,5499.0,14.72,14.12,17447.0
2025-04-05,13,17155.0,2.59,14.86,11095.0,5107.0,13.29,12.65,16201.0
2025-04-05,14,17228.0,2.79,14.95,11169.0,5119.0,13.36,12.74,16288.0
2025-04-05,15,17211.0,2.99,14.99,11100.0,5090.0,13.29,12.67,16190.0
2025-04-05,16,17112.0,3.2,14.83,11099.0,5110.0,13.46,12.83,16209.0
2025-04-05,17,17175.0,3.35,14.89,12385.0,5727.0,16.2,15.65,18113.0
2025-04-05,18,17060.0,3.15,14.79,13932.0,6405.0,19.25,18.83,20337.0
2025-04-05,19,16573.0,2.85,16.36,13613.0,6322.0,19.36,18.88,19935.0
2025-04-05,20,16342.0,2.54,16.62,13317.0,6231.0,19.02,18.52,19548.0
2025-04-05,21,16351.0,2.25,17.47,13077.0,6115.0,18.35,17.83,19192.0
2025-04-05,22,14903.0,2.0,21.28,11793.0,5538.0,15.07,14.49,17331.0
2025-04-05,23,2918.0,2.0,20.56,9814.0,4322.0,11.16,10.2,14136.0
2025-04-06,0,2869.0,2.26,18.67,8213.0,3572.0,8.38,7.39,11785.0
2025-04-06,1,3810.0,2.71,17.31,7010.0,3078.0,7.12,6.15,10088.0
2025-04-06,2,3849.0,3.18,17.43,6907.0,3078.0,7.4,6.41,9984.0
2025-04-06,3,3892.0,3.66,17.79,6919.0,3109.0,7.68,6.69,10028.0
2025-04-06,4,3870.0,4.15,17.82,6909.0,3095.0,7.77,6.77,10005.0
2025-04-06,5,2548.0,4.57,19.7,6021.0,2761.0,7.6,6.62,8782.0
2025-04-06,6,11121.0,4.78,19.88,7690.0,3779.0,10.06,9.29,11469.0
2025-04-06,7,14328.0,4.7,18.07,12017.0,5584.0,16.21,15.58,17601.0
2025-04-06,8,16487.0,4.27,15.96,13881.0,6392.0,19.33,18.8,20273.0
2025-04-06,9,16721.0,3.88,15.53,13946.0,6429.0,19.31,18.8,20375.0
2025-04-06,10,16746.0,3.52,15.58,13830.0,6367.0,18.55,18.06,20197.0
2025-04-06,11,17141.0,3.24,16.1,12979.0,5975.0,16.77,16.2,18954.0
2025-04-06,12,17488.0,3.23,16.54,11835.0,5488.0,14.57,13.94,17323.0
2025-04-06,13,16483.0,3.37,17.37,11062.0,5080.0,13.29,12.63,16142.0
2025-04-06,14,16497.0,3.48,17.51,11034.0,5063.0,13.39,12.74,16097.0
2025-04-06,15,16439.0,3.61,17.45,11066.0,5089.0,13.45,12.81,16156.0
2025-04-06,16,16291.0,3.74,17.43,11094.0,5107.0,13.51,12.87,16201.0
2025-04-06,17,16006.0,3.74,17.52,12495.0,5773.0,16.6,16.02,18268.0
2025-04-06,18,16029.0,3.39,17.52,13818.0,6361.0,19.44,18.93,20179.0
2025-04-06,19,16057.0,2.99,17.65,13573.0,6262.0,19.36,18.83,19834.0
2025-04-06,20,15718.0,2.62,18.0,13334.0,6150.0,18.95,18.43,19484.0
2025-04-06,21,15358.0,2.26,19.17,12904.0,5966.0,18.0,17.43,18870.0
2025-04-06,22,14850.0,1.96,19.73,11935.0,5526.0,15.17,14.53,17460.0
2025-04-06,23,3598.0,1.96,19.17,9864.0,4330.0,11.16,10.21,14194.0
2025-04-07,0,3969.0,2.35,18.75,7304.0,3207.0,7.39,6.41,10510.0
2025-04-07,1,3975.0,2.84,18.72,7095.0,3157.0,7.41,6.42,10252.0
2025-04-07,2,4102.0,3.35,19.53,7177.0,3231.0,7.92,6.93,10408.0
2025-04-07,3,4138.0,3.86,20.42,6551.0,2964.0,7.4,6.41,9515.0
2025-04-07,4,3585.0,4.35,20.72,6561.0,2964.0,7.42,6.44,9524.0
2025-04-07,5,3247.0,4.77,21.62,6484.0,2945.0,8.55,7.55,9429.0
2025-04-07,6,13309.0,5.18,19.58,8041.0,3842.0,10.61,9.84,11882.0
2025-04-07,7,15745.0,5.2,16.85,12349.0,5735.0,16.67,16.08,18083.0
2025-04-07,8,15492.0,4.82,16.37,13561.0,6205.0,18.99,18.46,19766.0
2025-04-07,9,15602.0,4.4,16.69,13305.0,6090.0,18.89,18.33,19396.0
2025-04-07,10,14394.0,3.95,18.03,13058.0,5991.0,18.09,17.49,19049.0
2025-04-07,11,15330.0,3.52,17.77,12488.0,5747.0,16.54,15.88,18235.0
2025-04-07,12,15457.0,3.34,17.86,11643.0,5373.0,14.4,13.73,17015.0
2025-04-07,13,16512.0,3.32,17.68,11059.0,5096.0,13.5,12.81,16155.0
2025-04-07,14,16567.0,3.45,17.71,10992.0,5082.0,13.52,12.83,16074.0
2025-04-07,15,16557.0,3.59,17.75,11009.0,5086.0,13.61,12.94,16095.0
2025-04-07,16,16890.0,3.76,18.21,10926.0,5026.0,13.54,12.89,15952.0
2025-04-07,17,15585.0,3.82,19.8,12271.0,5686.0,16.29,15.75,17957.0
2025-04-07,18,15503.0,3.4,20.07,13887.0,6465.0,19.4,19.0,20353.0
2025-04-07,19,15475.0,2.91,20.11,13604.0,6357.0,19.47,19.01,19961.0
2025-04-07,20,15436.0,2.46,20.05,13436.0,6300.0,19.1,18.63,19736.0
2025-04-07,21,15617.0,2.07,20.3,12889.0,6057.0,17.99,17.48,18947.0
2025-04-07,22,15498.0,1.81,20.13,11870.0,5566.0,15.07,14.48,17436.0
2025-04-07,23,6625.0,2.01,19.25,9536.0,4223.0,10.92,9.96,13758.0
2025-04-08,0,4773.0,2.59,20.21,6597.0,2835.0,6.65,5.68,9432.0
2025-04-08,1,4755.0,3.19,19.94,6267.0,2737.0,6.53,5.56,9004.0
2025-04-08,2,4782.0,3.79,20.27,6230.0,2781.0,6.85,5.87,9011.0
2025-04-08,3,4790.0,4.4,20.44,6223.0,2798.0,6.99,6.01,9021.0
2025-04-08,4,3049.0,4.95,18.61,8406.0,3730.0,9.89,8.87,12136.0
2025-04-08,5,14627.0,5.05,17.26,11598.0,5486.0,16.0,15.31,17084.0
2025-04-08,6,16156.0,4.82,17.02,13354.0,6253.0,19.08,18.57,19607.0
2025-04-08,7,15924.0,4.44,16.7,13592.0,6325.0,19.12,18.64,19917.0
2025-04-08,8,15086.0,3.98,17.17,13680.0,6336.0,19.13,18.67,20015.0
2025-04-08,9,14553.0,3.39,17.01,12916.0,5992.0,17.67,17.16,18907.0
2025-04-08,10,15592.0,3.1,16.08,11713.0,5398.0,14.82,14.21,17111.0
2025-04-08,11,16402.0,3.12,15.9,11017.0,5084.0,13.35,12.68,16101.0
2025-04-08,12,16572.0,3.26,16.13,11120.0,5086.0,13.36,12.7,16206.0
2025-04-08,13,16345.0,3.39,16.01,11056.0,5065.0,13.43,12.77,16121.0
2025-04-08,14,16080.0,3.47,15.79,10986.0,5055.0,13.44,12.78,16041.0
2025-04-08,15,16191.0,3.57,16.39,11013.0,5088.0,13.46,12.8,16101.0
2025-04-08,16,15886.0,3.65,16.85,11031.0,5089.0,13.47,12.83,16120.0
2025-04-08,17,15831.0,3.52,17.23,12244.0,5703.0,16.34,15.77,17947.0
2025-04-08,18,14415.0,3.19,18.07,13642.0,6291.0,19.27,18.78,19933.0
2025-04-08,19,14398.0,2.79,18.06,13554.0,6265.0,19.28,18.79,19819.0
2025-04-08,20,14402.0,2.38,18.04,13500.0,6268.0,19.04,18.53,19768.0
2025-04-08,21,14275.0,2.01,17.9,12940.0,5978.0,17.91,17.33,18918.0
2025-04-08,22,14427.0,1.72,18.09,11960.0,5549.0,15.13,14.48,17509.0
2025-04-08,23,5898.0,1.81,15.59,9764.0,4277.0,10.8,9.81,14041.0
2025-04-09,0,5389.0,2.3,11.86,7142.0,3077.0,6.97,6.0,10219.0
2025-04-09,1,7172.0,2.82,14.98,7030.0,3099.0,7.36,6.37,10130.0
2025-04-09,2,8771.0,3.56,17.11,6201.0,2772.0,6.92,5.94,8973.0
2025-04-09,3,8749.0,4.35,17.73,6054.0,2722.0,6.89,5.91,8776.0
2025-04-09,4,14463.0,4.93,19.38,7892.0,3901.0,9.76,8.97,11792.0
2025-04-09,5,14798.0,4.99,17.59,11393.0,5421.0,16.01,15.33,16813.0
2025-04-09,6,15539.0,4.77,16.93,13426.0,6215.0,19.14,18.55,19640.0
2025-04-09,7,14649.0,4.4,17.13,13665.0,6281.0,19.17,18.63,19947.0
2025-04-09,8,16212.0,4.07,15.79,13753.0,6346.0,19.29,18.76,20099.0
2025-04-09,9,16256.0,3.82,15.78,12841.0,5947.0,17.67,17.14,18788.0
2025-04-09,10,16312.0,3.73,15.83,11703.0,5398.0,14.94,14.31,17101.0
2025-04-09,11,16534.0,3.78,16.17,11039.0,5091.0,13.39,12.72,16130.0
2025-04-09,12,16372.0,3.86,16.79,11160.0,5135.0,13.52,12.87,16295.0
2025-04-09,13,16147.0,3.88,17.22,11008.0,5066.0,13.33,12.69,16074.0
2025-04-09,14,14882.0,3.91,18.72,11016.0,5081.0,13.35,12.71,16096.0
2025-04-09,15,14848.0,3.86,18.76,10989.0,5080.0,13.29,12.65,16069.0
2025-04-09,16,14824.0,3.81,18.71,11097.0,5093.0,13.36,12.73,16189.0
2025-04-09,17,14955.0,3.66,18.91,12519.0,5777.0,16.28,15.74,18296.0
2025-04-09,18,14975.0,3.16,19.03,13915.0,6458.0,19.46,19.01,20373.0
2025-04-09,19,14944.0,2.74,18.99,13671.0,6332.0,19.37,18.92,20003.0
2025-04-09,20,14855.0,2.59,18.63,13609.0,6289.0,19.14,18.68,19898.0
2025-04-09,21,15037.0,2.25,19.15,13111.0,6056.0,18.09,17.56,19168.0
2025-04-09,22,15270.0,2.02,20.11,12052.0,5570.0,15.09,14.48,17623.0
2025-04-09,23,3952.0,2.05,18.84,9901.0,4355.0,10.99,10.04,14257.0
2025-04-10,0,4491.0,2.34,16.01,7495.0,3233.0,7.23,6.26,10728.0
2025-04-10,1,4694.0,2.75,15.9,7346.0,3204.0,7.34,6.35,10550.0
2025-04-10,2,4770.0,3.17,16.34,7350.0,3243.0,7.71,6.7,10592.0
2025-04-10,3,4828.0,3.59,16.6,7322.0,3238.0,7.99,6.98,10560.0
2025-04-10,4,10136.0,3.96,15.51,8485.0,3898.0,9.95,9.06,12383.0
2025-04-10,5,15916.0,4.08,14.65,11385.0,5479.0,16.09,15.43,16864.0
2025-04-10,6,16516.0,3.97,17.21,13113.0,6208.0,18.89,18.37,19321.0
2025-04-10,7,16162.0,3.75,16.97,13381.0,6263.0,19.06,18.55,19644.0
2025-04-10,8,16140.0,3.49,16.86,13516.0,6308.0,19.27,18.77,19824.0
2025-04-10,9,16027.0,3.26,16.68,12531.0,5861.0,17.5,16.93,18392.0
2025-04-10,10,15898.0,3.17,16.7,11318.0,5299.0,14.89,14.26,16617.0
2025-04-10,11,16039.0,3.17,16.87,10620.0,5050.0,13.2,12.53,15669.0
2025-04-10,12,16871.0,3.27,16.76,10927.0,5168.0,13.3,12.67,16095.0
2025-04-10,13,16991.0,3.4,16.96,10935.0,5190.0,13.43,12.82,16125.0
2025-04-10,14,17201.0,3.54,17.17,10931.0,5203.0,13.58,12.95,16134.0
2025-04-10,15,17104.0,3.68,17.02,10837.0,5137.0,13.44,12.82,15974.0
2025-04-10,16,14450.0,3.71,19.58,10941.0,5134.0,13.51,12.91,16075.0
2025-04-10,17,14177.0,3.54,19.34,12121.0,5686.0,16.23,15.71,17807.0
2025-04-10,18,15829.0,3.24,17.91,13568.0,6338.0,19.36,18.93,19906.0
2025-04-10,19,15971.0,2.97,17.94,13589.0,6347.0,19.32,18.88,19936.0
2025-04-10,20,16029.0,2.69,18.1,13565.0,6349.0,19.12,18.66,19915.0
2025-04-10,21,16237.0,2.47,18.4,12871.0,5986.0,17.86,17.31,18857.0
2025-04-10,22,16920.0,2.38,19.59,11889.0,5497.0,14.98,14.34,17387.0
2025-04-10,23,6056.0,2.67,18.78,9651.0,4196.0,10.55,9.54,13847.0
2025-04-11,0,5555.0,3.16,19.62,7021.0,3026.0,6.84,5.87,10047.0
2025-04-11,1,5416.0,3.65,19.02,6653.0,2909.0,6.75,5.77,9562.0
2025-04-11,2,5445.0,4.13,18.96,6509.0,2902.0,6.93,5.95,9411.0
2025-04-11,3,5386.0,4.6,18.71,6415.0,2862.0,6.97,5.97,9276.0
2025-04-11,4,4121.0,5.05,16.9,8852.0,3912.0,10.24,9.22,12764.0
2025-04-11,5,14172.0,5.16,16.7,11148.0,5284.0,15.53,14.8,16432.0
2025-04-11,6,16202.0,4.97,16.89,13281.0,6175.0,19.28,18.67,19456.0
2025-04-11,7,16133.0,4.74,16.72,13387.0,6190.0,19.17,18.57,19577.0
2025-04-11,8,16114.0,4.5,16.79,13318.0,6126.0,18.96,18.37,19444.0
2025-04-11,9,16131.0,4.3,16.71,12736.0,5903.0,17.71,17.11,18639.0
2025-04-11,10,16172.0,4.17,16.72,11889.0,5502.0,15.19,14.55,17391.0
2025-04-11,11,14979.0,4.13,18.18,11038.0,5078.0,13.37,12.68,16117.0
2025-04-11,12,16286.0,4.14,17.1,11161.0,5141.0,13.36,12.7,16302.0
2025-04-11,13,16425.0,4.23,17.26,11052.0,5101.0,13.53,12.87,16154.0
2025-04-11,14,16611.0,4.31,17.55,11037.0,5097.0,13.49,12.8,16134.0
2025-04-11,15,14826.0,4.35,19.19,11021.0,5090.0,13.44,12.76,16111.0
2025-04-11,16,13776.0,4.21,20.27,10947.0,5071.0,13.45,12.78,16018.0
2025-04-11,17,13902.0,4.03,20.45,12181.0,5667.0,16.35,15.79,17847.0
2025-04-11,18,13929.0,3.62,20.68,13648.0,6351.0,19.39,18.94,19999.0
2025-04-11,19,13467.0,3.16,19.29,13511.0,6279.0,19.22,18.76,19789.0
2025-04-11,20,14557.0,2.72,18.08,13218.0,6184.0,18.92,18.44,19402.0
2025-04-11,21,13671.0,2.38,18.71,12425.0,5818.0,17.67,17.08,18243.0
2025-04-11,22,13565.0,2.1,18.45,11093.0,5348.0,14.65,14.09,16441.0
2025-04-11,23,6110.0,2.2,16.8,8876.0,3955.0,10.37,9.4,12831.0
2025-04-12,0,5643.0,2.67,19.23,6793.0,2961.0,6.83,5.85,9754.0
2025-04-12,1,5459.0,3.16,18.15,6292.0,2759.0,6.58,5.6,9051.0
2025-04-12,2,5369.0,3.64,17.71,6056.0,2700.0,6.69,5.71,8755.0
2025-04-12,3,5471.0,4.11,18.32,6137.0,2770.0,6.95,5.96,8907.0
2025-04-12,4,4950.0,4.58,17.79,6005.0,2704.0,6.83,5.84,8709.0
2025-04-12,5,4004.0,4.99,17.8,7478.0,3374.0,9.45,8.43,10852.0
2025-04-12,6,12349.0,5.05,18.16,10461.0,4969.0,14.2,13.5,15430.0
2025-04-12,7,15020.0,4.78,15.89,13183.0,6115.0,18.64,18.08,19298.0
2025-04-12,8,14867.0,4.43,15.36,13402.0,6164.0,18.95,18.4,19565.0
2025-04-12,9,15261.0,4.06,15.91,13382.0,6163.0,18.67,18.12,19545.0
2025-04-12,10,15897.0,3.79,16.9,13160.0,6074.0,17.68,17.14,19234.0
2025-04-12,11,16056.0,3.61,17.11,12643.0,5852.0,16.33,15.77,18495.0
2025-04-12,12,15833.0,3.51,16.86,11703.0,5410.0,14.42,13.8,17113.0
2025-04-12,13,16217.0,3.52,16.38,11021.0,5061.0,13.41,12.75,16082.0
2025-04-12,14,16141.0,3.59,16.27,10987.0,5072.0,13.51,12.85,16058.0
2025-04-12,15,15647.0,3.63,15.38,10974.0,5056.0,13.59,12.94,16030.0
2025-04-12,16,15669.0,3.66,15.37,10935.0,5062.0,13.66,13.01,15997.0
2025-04-12,17,15810.0,3.67,15.73,12069.0,5591.0,16.16,15.55,17660.0
2025-04-12,18,14514.0,3.42,16.62,13071.0,6018.0,18.5,17.94,19089.0
2025-04-12,19,13892.0,3.08,17.99,12899.0,5951.0,18.46,17.88,18850.0
2025-04-12,20,13142.0,2.66,18.5,12860.0,5949.0,18.41,17.82,18810.0
2025-04-12,21,13822.0,2.29,20.0,12245.0,5671.0,17.15,16.54,17916.0
2025-04-12,22,15573.0,2.12,19.22,11443.0,5293.0,14.68,14.01,16736.0
2025-04-12,23,10418.0,2.26,18.51,9257.0,4227.0,10.82,9.95,13484.0
2025-04-13,0,4489.0,2.64,19.35,6775.0,2974.0,6.99,6.02,9749.0
2025-04-13,1,4556.0,3.04,19.46,6660.0,2963.0,7.09,6.1,9622.0
2025-04-13,2,4599.0,3.44,19.92,6672.0,3003.0,7.42,6.44,9675.0
2025-04-13,3,4653.0,3.85,20.31,6697.0,3033.0,7.69,6.69,9729.0
2025-04-13,4,4568.0,4.25,19.73,6591.0,2973.0,7.51,6.52,9564.0
2025-04-13,5,4319.0,4.65,18.32,5980.0,2772.0,7.68,6.68,8752.0
2025-04-13,6,11767.0,4.94,18.23,7614.0,3781.0,9.86,9.08,11395.0
2025-04-13,7,14784.0,4.87,16.53,11587.0,5390.0,15.6,14.92,16977.0
2025-04-13,8,15182.0,4.63,15.85,13109.0,6056.0,18.27,17.7,19165.0
2025-04-13,9,14061.0,4.28,15.86,13119.0,6048.0,18.2,17.65,19167.0
2025-04-13,10,14151.0,3.89,15.96,13098.0,6049.0,17.71,17.18,19147.0
2025-04-13,11,14164.0,3.55,16.03,12429.0,5732.0,16.24,15.63,18161.0
2025-04-13,12,14350.0,3.32,16.31,11506.0,5328.0,14.36,13.73,16834.0
2025-04-13,13,15470.0,3.28,16.13,10903.0,4996.0,13.47,12.78,15899.0
2025-04-13,14,15458.0,3.3,16.12,10806.0,4972.0,13.42,12.73,15778.0
2025-04-13,15,15686.0,3.33,16.44,10777.0,4963.0,13.49,12.82,15739.0
2025-04-13,16,15696.0,3.39,16.44,10728.0,4957.0,13.67,12.99,15685.0
2025-04-13,17,15341.0,3.41,15.95,11860.0,5496.0,16.09,15.45,17356.0
2025-04-13,18,15652.0,3.21,16.4,12939.0,5969.0,18.2,17.62,18908.0
2025-04-13,19,15670.0,3.01,16.56,12815.0,5915.0,18.21,17.62,18730.0
2025-04-13,20,14525.0,2.77,17.75,12723.0,5856.0,18.07,17.47,18580.0
2025-04-13,21,14690.0,2.52,18.08,12295.0,5674.0,17.13,16.52,17969.0
2025-04-13,22,14808.0,2.34,18.4,11461.0,5328.0,14.7,14.08,16790.0
2025-04-13,23,1453.0,2.33,18.78,9402.0,4147.0,10.9,9.93,13549.0
2025-04-14,0,3601.0,2.5,17.91,6755.0,2948.0,6.92,5.95,9703.0
2025-04-14,1,3655.0,2.81,17.94,6535.0,2898.0,6.91,5.94,9434.0
2025-04-14,2,3679.0,3.14,18.15,6467.0,2918.0,7.2,6.21,9385.0
2025-04-14,3,3724.0,3.46,18.4,6461.0,2927.0,7.41,6.42,9388.0
2025-04-14,4,3703.0,3.78,18.09,6387.0,2883.0,7.35,6.35,9270.0
2025-04-14,5,3534.0,4.09,17.16,5846.0,2698.0,7.64,6.64,8544.0
2025-04-14,6,10652.0,4.31,17.18,7510.0,3682.0,9.9,9.06,11192.0
2025-04-14,7,15245.0,4.31,15.15,11198.0,5230.0,15.58,14.87,16428.0
2025-04-14,8,15352.0,4.14,14.94,12827.0,5909.0,18.09,17.44,18735.0
2025-04-14,9,15325.0,3.89,14.89,12971.0,5997.0,18.16,17.58,18968.0
2025-04-14,10,15448.0,3.63,15.02,13002.0,6005.0,17.7,17.15,19007.0
2025-04-14,11,15701.0,3.43,15.35,12319.0,5692.0,16.15,15.54,18012.0
2025-04-14,12,15844.0,3.33,15.59,11535.0,5340.0,14.35,13.71,16874.0
2025-04-14,13,15937.0,3.33,15.7,11132.0,5104.0,13.59,12.9,16236.0
2025-04-14,14,16289.0,3.38,16.17,11078.0,5081.0,13.6,12.92,16159.0
2025-04-14,15,16116.0,3.47,16.74,10920.0,5011.0,13.43,12.74,15931.0
2025-04-14,16,15921.0,3.53,16.94,10845.0,4976.0,13.4,12.7,15821.0
2025-04-14,17,15828.0,3.55,16.77,12106.0,5584.0,16.02,15.39,17690.0
2025-04-14,18,14751.0,3.32,17.17,13126.0,6028.0,18.2,17.63,19153.0
2025-04-14,19,14761.0,3.0,17.2,13048.0,5974.0,18.23,17.64,19022.0
2025-04-14,20,14923.0,2.71,17.52,12859.0,5912.0,18.16,17.56,18771.0
2025-04-14,21,15092.0,2.46,17.78,12505.0,5778.0,17.44,16.82,18283.0
2025-04-14,22,15157.0,2.32,17.93,11327.0,5247.0,14.51,13.83,16575.0
2025-04-14,23,5159.0,2.46,16.94,9283.0,4072.0,10.64,9.65,13355.0
2025-04-15,0,4282.0,2.83,17.51,6295.0,2716.0,6.5,5.52,9011.0
2025-04-15,1,4286.0,3.21,17.49,6157.0,2697.0,6.56,5.58,8853.0
2025-04-15,2,4318.0,3.59,17.71,6099.0,2732.0,6.82,5.82,8830.0
2025-04-15,3,4344.0,3.97,17.85,6079.0,2764.0,7.0,5.99,8842.0
2025-04-15,4,4325.0,4.34,17.77,6048.0,2741.0,6.99,5.99,8789.0
2025-04-15,5,4224.0,4.72,17.23,5699.0,2652.0,7.41,6.4,8352.0
2025-04-15,6,11461.0,5.01,18.01,7220.0,3606.0,9.78,8.96,10827.0
2025-04-15,7,14167.0,4.95,16.38,11254.0,5218.0,15.41,14.7,16471.0
2025-04-15,8,15011.0,4.71,15.54,13092.0,5989.0,18.12,17.51,19081.0
2025-04-15,9,14925.0,4.38,15.38,13309.0,6082.0,18.18,17.57,19391.0
2025-04-15,10,13585.0,4.02,16.45,13288.0,6098.0,17.8,17.2,19386.0
2025-04-15,11,14828.0,3.61,15.63,12566.0,5810.0,16.23,15.63,18376.0
2025-04-15,12,15827.0,3.48,14.9,11726.0,5421.0,14.45,13.8,17147.0
2025-04-15,13,16147.0,3.5,15.17,11039.0,5046.0,13.45,12.77,16085.0
2025-04-15,14,16232.0,3.59,15.55,10919.0,5031.0,13.48,12.8,15950.0
2025-04-15,15,16592.0,3.71,16.02,10892.0,5026.0,13.68,12.97,15918.0
2025-04-15,16,14071.0,3.73,17.79,10739.0,4953.0,13.47,12.74,15692.0
2025-04-15,17,13783.0,3.58,18.03,11719.0,5407.0,15.73,15.08,17126.0
2025-04-15,18,13906.0,3.26,18.25,12736.0,5939.0,18.22,17.64,18675.0
2025-04-15,19,14162.0,2.93,18.8,12707.0,5920.0,18.14,17.57,18627.0
2025-04-15,20,14173.0,2.61,18.76,12657.0,5898.0,18.05,17.49,18555.0
2025-04-15,21,14171.0,2.31,18.77,12286.0,5655.0,17.19,16.56,17941.0
2025-04-15,22,14551.0,2.11,19.55,11387.0,5275.0,14.66,13.96,16662.0
2025-04-15,23,6117.0,2.2,17.62,9203.0,4065.0,10.6,9.6,13268.0
2025-04-16,0,4402.0,2.58,18.24,6649.0,2886.0,6.82,5.81,9535.0
2025-04-16,1,4374.0,2.96,18.18,6346.0,2789.0,6.72,5.71,9135.0
2025-04-16,2,4452.0,3.34,18.54,6119.0,2745.0,6.82,5.8,8863.0
2025-04-16,3,4441.0,3.73,18.59,6088.0,2736.0,6.93,5.91,8825.0
2025-04-16,4,4431.0,4.12,18.53,6052.0,2724.0,6.95,5.93,8776.0
2025-04-16,5,4364.0,4.51,17.98,5706.0,2647.0,7.32,6.3,8353.0
2025-04-16,6,11704.0,4.85,17.05,7579.0,3723.0,9.99,9.15,11302.0
2025-04-16,7,14736.0,4.9,15.58,11326.0,5283.0,15.41,14.71,16608.0
2025-04-16,8,14756.0,4.66,15.09,13045.0,6093.0,18.28,17.74,19138.0
2025-04-16,9,14643.0,4.32,14.98,13143.0,6122.0,18.17,17.63,19265.0
2025-04-16,10,14675.0,3.96,15.02,13141.0,6049.0,17.71,17.18,19190.0
2025-04-16,11,14760.0,3.66,15.15,12617.0,5778.0,16.36,15.77,18394.0
2025-04-16,12,14949.0,3.46,15.39,11740.0,5416.0,14.46,13.82,17156.0
2025-04-16,13,14918.0,3.36,15.35,11172.0,5118.0,13.42,12.75,16290.0
2025-04-16,14,14912.0,3.28,15.38,11170.0,5119.0,13.42,12.76,16289.0
2025-04-16,15,15079.0,3.23,15.59,11054.0,5090.0,13.49,12.85,16144.0
2025-04-16,16,15084.0,3.2,15.58,10895.0,5020.0,13.45,12.8,15915.0
2025-04-16,17,15003.0,3.15,15.45,12066.0,5624.0,15.9,15.31,17690.0
2025-04-16,18,15004.0,2.9,15.44,13160.0,6044.0,18.25,17.68,19205.0
2025-04-16,19,15521.0,2.63,15.57,13083.0,6011.0,18.14,17.56,19094.0
2025-04-16,20,15558.0,2.39,15.64,13100.0,6027.0,18.17,17.61,19127.0
2025-04-16,21,15901.0,2.17,16.13,12616.0,5810.0,17.36,16.76,18426.0
2025-04-16,22,16188.0,2.1,16.55,11486.0,5282.0,14.49,13.81,16768.0
2025-04-16,23,10430.0,2.25,16.49,9281.0,4235.0,10.91,10.03,13516.0
2025-04-17,0,6080.0,2.67,17.49,7048.0,3084.0,7.26,6.27,10133.0
2025-04-17,1,6892.0,3.26,17.59,6848.0,3064.0,7.34,6.35,9912.0
2025-04-17,2,6936.0,3.88,17.93,6818.0,3080.0,7.68,6.68,9898.0
2025-04-17,3,6893.0,4.5,17.66,6703.0,3015.0,7.74,6.74,9718.0
2025-04-17,4,12504.0,4.97,18.42,8099.0,3950.0,9.99,9.18,12049.0
2025-04-17,5,15475.0,5.01,16.94,11220.0,5328.0,16.06,15.34,16548.0
2025-04-17,6,15386.0,4.82,17.78,13525.0,6265.0,19.18,18.6,19790.0
2025-04-17,7,15612.0,4.5,16.46,13541.0,6209.0,19.13,18.55,19751.0
2025-04-17,8,15388.0,4.18,16.08,13553.0,6219.0,19.11,18.51,19772.0
2025-04-17,9,15297.0,3.87,15.97,12855.0,5916.0,17.77,17.12,18771.0
2025-04-17,10,15262.0,3.69,15.91,11854.0,5472.0,15.19,14.56,17325.0
2025-04-17,11,15324.0,3.62,15.98,11093.0,5079.0,13.36,12.69,16171.0
2025-04-17,12,15381.0,3.59,16.06,11314.0,5171.0,13.42,12.78,16486.0
2025-04-17,13,15228.0,3.54,16.41,11274.0,5167.0,13.48,12.85,16441.0
2025-04-17,14,15590.0,3.51,16.38,11192.0,5100.0,13.39,12.75,16293.0
2025-04-17,15,15537.0,3.51,16.31,11163.0,5115.0,13.44,12.8,16278.0
2025-04-17,16,15521.0,3.52,16.26,10955.0,5082.0,13.06,12.49,16037.0
2025-04-17,17,15347.0,3.48,16.01,12370.0,5732.0,16.17,15.64,18102.0
2025-04-17,18,15538.0,3.2,15.87,13817.0,6404.0,19.51,19.1,20221.0
2025-04-17,19,16012.0,2.91,16.18,13673.0,6339.0,19.51,19.06,20012.0
2025-04-17,20,16132.0,2.65,16.25,13646.0,6307.0,19.29,18.81,19953.0
2025-04-17,21,16145.0,2.43,16.27,12940.0,5997.0,17.88,17.36,18937.0
2025-04-17,22,15905.0,2.3,16.49,11997.0,5524.0,15.15,14.54,17521.0
2025-04-17,23,1716.0,2.29,18.63,9875.0,4332.0,11.12,10.16,14208.0
2025-04-18,0,5029.0,2.52,17.21,7235.0,3149.0,7.3,6.31,10383.0
2025-04-18,1,5192.0,2.97,17.45,7076.0,3145.0,7.49,6.49,10220.0
2025-04-18,2,5308.0,3.43,18.01,6780.0,3042.0,7.52,6.52,9822.0
2025-04-18,3,5356.0,3.91,18.16,6443.0,2917.0,7.34,6.34,9361.0
2025-04-18,4,12239.0,4.31,16.72,7928.0,3821.0,9.72,8.89,11749.0
2025-04-18,5,14740.0,4.38,15.77,11372.0,5362.0,16.03,15.32,16734.0
2025-04-18,6,15505.0,4.16,16.82,13285.0,6199.0,19.14,18.57,19483.0
2025-04-18,7,15129.0,3.84,16.0,13650.0,6306.0,19.15,18.65,19956.0
2025-04-18,8,16129.0,3.48,14.66,13888.0,6408.0,19.29,18.82,20296.0
2025-04-18,9,16356.0,3.23,14.53,13022.0,6061.0,17.82,17.33,19083.0
2025-04-18,10,16352.0,3.13,14.56,11736.0,5435.0,15.02,14.41,17171.0
2025-04-18,11,11735.0,3.14,15.78,10792.0,4866.0,12.76,12.03,15658.0
2025-04-18,12,15085.0,3.09,15.59,11322.0,5184.0,13.37,12.73,16507.0
2025-04-18,13,15101.0,3.03,15.54,11282.0,5173.0,13.42,12.78,16455.0
2025-04-18,14,15223.0,2.98,15.74,11141.0,5097.0,13.38,12.74,16238.0
2025-04-18,15,15265.0,2.94,15.85,11133.0,5102.0,13.34,12.71,16235.0
2025-04-18,16,15528.0,2.93,16.23,11230.0,5161.0,13.49,12.87,16391.0
2025-04-18,17,15673.0,2.88,16.52,12558.0,5760.0,16.36,15.76,18317.0
2025-04-18,18,15978.0,2.62,15.89,14050.0,6438.0,19.7,19.23,20488.0
2025-04-18,19,16318.0,2.35,15.65,13836.0,6355.0,19.71,19.22,20191.0
2025-04-18,20,16290.0,2.09,15.61,13674.0,6270.0,19.18,18.67,19944.0
2025-04-18,21,16617.0,1.91,16.14,12939.0,5966.0,17.92,17.4,18906.0
2025-04-18,22,17193.0,1.85,16.96,11957.0,5473.0,15.05,14.42,17430.0
2025-04-18,23,5618.0,2.13,15.89,9524.0,4138.0,10.5,9.51,13662.0
2025-04-19,0,5330.0,2.6,17.19,6873.0,2968.0,6.85,5.88,9841.0
2025-04-19,1,5267.0,3.06,17.11,6481.0,2840.0,6.73,5.74,9321.0
2025-04-19,2,5295.0,3.53,17.42,6437.0,2873.0,7.03,6.04,9310.0
2025-04-19,3,5341.0,4.0,17.65,6461.0,2905.0,7.21,6.22,9366.0
2025-04-19,4,5371.0,4.47,17.72,6448.0,2911.0,7.27,6.27,9359.0
2025-04-19,5,4833.0,4.93,18.09,6242.0,2870.0,7.93,6.93,9112.0
2025-04-19,6,11813.0,5.16,20.01,8092.0,3956.0,10.5,9.71,12048.0
2025-04-19,7,14324.0,5.04,17.28,11939.0,5540.0,15.89,15.23,17479.0
2025-04-19,8,14359.0,4.71,16.53,13297.0,6069.0,17.91,17.31,19366.0
2025-04-19,9,14559.0,4.29,16.9,13900.0,6371.0,19.2,18.71,20272.0
2025-04-19,10,14552.0,3.86,16.9,13718.0,6256.0,18.45,17.95,19974.0
2025-04-19,11,14582.0,3.48,16.93,12863.0,5933.0,16.64,16.12,18796.0
2025-04-19,12,15551.0,3.31,16.51,11667.0,5380.0,14.38,13.76,17047.0
2025-04-19,13,14216.0,3.19,13.35,11118.0,5104.0,13.31,12.66,16222.0
2025-04-19,14,16421.0,3.26,15.36,10820.0,4992.0,13.45,12.75,15812.0
2025-04-19,15,16457.0,3.38,15.44,10777.0,4973.0,13.48,12.78,15750.0
2025-04-19,16,16521.0,3.49,15.5,10782.0,4996.0,13.6,12.89,15777.0
2025-04-19,17,14583.0,3.5,16.99,11901.0,5498.0,16.12,15.46,17399.0
2025-04-19,18,14236.0,3.14,17.49,13527.0,6294.0,19.33,18.85,19820.0
2025-04-19,19,14301.0,2.73,17.64,13555.0,6305.0,19.31,18.82,19860.0
2025-04-19,20,14390.0,2.32,17.86,13530.0,6272.0,19.05,18.56,19802.0
2025-04-19,21,14683.0,1.95,18.46,13000.0,6083.0,18.03,17.53,19082.0
2025-04-19,22,14570.0,1.7,18.22,11742.0,5464.0,14.96,14.35,17206.0
2025-04-19,23,7450.0,1.75,16.63,9663.0,4279.0,10.97,10.03,13942.0
2025-04-20,0,5593.0,2.21,17.48,6983.0,3005.0,6.88,5.9,9988.0
2025-04-20,1,5595.0,2.71,17.8,6882.0,3015.0,7.04,6.05,9897.0
2025-04-20,2,5676.0,3.21,18.08,6823.0,3042.0,7.39,6.39,9865.0
2025-04-20,3,5756.0,3.71,18.44,6842.0,3063.0,7.68,6.67,9905.0
2025-04-20,4,5691.0,4.22,17.99,6679.0,3004.0,7.62,6.62,9683.0
2025-04-20,5,5542.0,4.71,17.47,6230.0,2864.0,8.04,7.04,9095.0
2025-04-20,6,12219.0,5.12,18.9,7746.0,3796.0,10.36,9.56,11541.0
2025-04-20,7,13846.0,5.07,17.53,11742.0,5498.0,16.11,15.46,17240.0
2025-04-20,8,13855.0,4.68,16.82,13661.0,6286.0,19.05,18.5,19947.0
2025-04-20,9,14007.0,4.18,16.34,13903.0,6417.0,19.26,18.79,20320.0
2025-04-20,10,15465.0,3.73,14.85,13833.0,6368.0,18.55,18.08,20201.0
2025-04-20,11,16109.0,3.45,14.58,13033.0,5997.0,16.77,16.26,19031.0
2025-04-20,12,16359.0,3.34,14.91,11958.0,5490.0,14.54,13.95,17448.0
2025-04-20,13,16547.0,3.38,14.91,11257.0,5127.0,13.3,12.67,16383.0
2025-04-20,14,16654.0,3.46,14.99,11220.0,5120.0,13.45,12.81,16341.0
2025-04-20,15,16108.0,3.53,15.76,11168.0,5109.0,13.51,12.87,16277.0
2025-04-20,16,16165.0,3.59,16.0,11128.0,5109.0,13.46,12.83,16237.0
2025-04-20,17,16088.0,3.61,15.84,12317.0,5674.0,16.04,15.46,17991.0
2025-04-20,18,16136.0,3.38,15.95,13941.0,6465.0,19.52,19.07,20406.0
2025-04-20,19,16371.0,3.11,16.3,13836.0,6404.0,19.48,19.01,20240.0
2025-04-20,20,16441.0,2.86,16.4,13727.0,6354.0,19.22,18.74,20081.0
2025-04-20,21,16567.0,2.66,16.59,13183.0,6071.0,18.07,17.53,19254.0
2025-04-20,22,16265.0,2.55,17.55,12037.0,5547.0,15.11,14.49,17584.0
2025-04-20,23,11770.0,2.64,17.29,9601.0,4413.0,10.97,10.15,14015.0
2025-04-21,0,5422.0,3.07,17.48,7145.0,3117.0,7.19,6.21,10262.0
2025-04-21,1,5430.0,3.55,17.64,6879.0,3031.0,7.12,6.14,9910.0
2025-04-21,2,5454.0,4.03,17.99,6821.0,3074.0,7.5,6.51,9895.0
2025-04-21,3,5520.0,4.52,18.13,6815.0,3064.0,7.68,6.69,9879.0
2025-04-21,4,11842.0,4.88,18.89,8306.0,4046.0,9.98,9.2,12352.0
2025-04-21,5,13236.0,4.78,17.47,11501.0,5403.0,15.76,15.08,16904.0
2025-04-21,6,15575.0,4.47,16.1,13599.0,6293.0,19.01,18.45,19891.0
2025-04-21,7,15530.0,4.14,16.03,14027.0,6408.0,19.25,18.73,20435.0
2025-04-21,8,15227.0,3.74,15.6,14004.0,6402.0,19.14,18.66,20406.0
2025-04-21,9,15139.0,3.37,15.44,13261.0,6088.0,17.89,17.39,19348.0
2025-04-21,10,15397.0,3.15,15.82,12058.0,5586.0,15.22,14.65,17644.0
2025-04-21,11,15996.0,3.1,15.89,11255.0,5150.0,13.43,12.78,16405.0
2025-04-21,12,16617.0,3.15,15.65,11358.0,5194.0,13.39,12.75,16552.0
2025-04-21,13,17001.0,3.24,15.68,11343.0,5205.0,13.54,12.91,16548.0
2025-04-21,14,16645.0,3.34,16.25,11264.0,5165.0,13.56,12.92,16429.0
2025-04-21,15,16111.0,3.4,16.78,11157.0,5103.0,13.41,12.78,16259.0
2025-04-21,16,16048.0,3.45,16.75,11168.0,5118.0,13.37,12.74,16287.0
2025-04-21,17,15925.0,3.44,16.58,12679.0,5827.0,16.5,15.95,18506.0
2025-04-21,18,16308.0,3.18,17.16,14075.0,6444.0,19.56,19.14,20519.0
2025-04-21,19,16248.0,2.91,17.09,13904.0,6421.0,19.52,19.07,20326.0
2025-04-21,20,16081.0,2.63,16.74,13861.0,6380.0,19.16,18.7,20241.0
2025-04-21,21,16014.0,2.36,16.71,13320.0,6111.0,18.15,17.62,19431.0
2025-04-21,22,16289.0,2.21,17.16,12202.0,5569.0,15.23,14.62,17771.0
2025-04-21,23,2840.0,2.25,18.33,9956.0,4348.0,11.16,10.18,14305.0
2025-04-22,0,5039.0,2.55,16.64,7049.0,3053.0,6.97,5.99,10102.0
2025-04-22,1,5232.0,3.0,17.53,6929.0,3073.0,7.23,6.25,10002.0
2025-04-22,2,5419.0,3.47,17.82,6795.0,3043.0,7.46,6.47,9837.0
2025-04-22,3,5974.0,3.97,17.5,6645.0,2991.0,7.45,6.45,9636.0
2025-04-22,4,4625.0,4.47,16.09,8594.0,3801.0,10.05,9.03,12394.0
2025-04-22,5,16041.0,4.6,15.43,11756.0,5561.0,16.61,15.93,17317.0
2025-04-22,6,16850.0,4.44,16.03,13754.0,6389.0,19.35,18.78,20144.0
2025-04-22,7,16568.0,4.2,15.64,13938.0,6393.0,19.27,18.75,20331.0
2025-04-22,8,16489.0,3.91,15.51,13991.0,6412.0,19.34,18.84,20403.0
2025-04-22,9,16460.0,3.66,15.44,13085.0,6072.0,17.77,17.25,19158.0
2025-04-22,10,16267.0,3.56,15.81,11887.0,5530.0,15.05,14.49,17418.0
2025-04-22,11,15169.0,3.54,17.14,11146.0,5100.0,13.33,12.68,16247.0
2025-04-22,12,15143.0,3.48,17.33,11357.0,5189.0,13.41,12.78,16546.0
2025-04-22,13,15189.0,3.41,17.45,11344.0,5203.0,13.5,12.87,16547.0
2025-04-22,14,15191.0,3.35,17.49,11295.0,5178.0,13.54,12.91,16473.0
2025-04-22,15,15185.0,3.3,17.47,11277.0,5163.0,13.53,12.92,16441.0
2025-04-22,16,15124.0,3.25,17.41,11278.0,5171.0,13.49,12.87,16449.0
2025-04-22,17,15092.0,3.14,17.32,12898.0,5936.0,16.91,16.37,18835.0
2025-04-22,18,15083.0,2.78,17.31,14101.0,6495.0,19.56,19.11,20597.0
2025-04-22,19,15195.0,2.4,17.49,13977.0,6431.0,19.51,19.06,20408.0
2025-04-22,20,15054.0,2.02,17.25,13878.0,6351.0,19.26,18.8,20229.0
2025-04-22,21,15328.0,1.69,17.77,13146.0,6049.0,17.92,17.4,19195.0
2025-04-22,22,15776.0,1.5,18.55,11948.0,5558.0,14.72,14.15,17506.0
2025-04-22,23,11307.0,1.63,16.37,9651.0,4344.0,10.67,9.8,13995.0
2025-04-23,0,7427.0,2.24,15.33,6421.0,2712.0,6.26,5.29,9132.0
2025-04-23,1,7565.0,2.9,15.76,6414.0,2777.0,6.56,5.58,9191.0
2025-04-23,2,7818.0,3.59,16.56,6528.0,2903.0,7.03,6.04,9430.0
2025-04-23,3,7839.0,4.29,16.65,6476.0,2904.0,7.16,6.17,9379.0
2025-04-23,4,5447.0,4.9,16.5,8887.0,3921.0,10.47,9.43,12808.0
2025-04-23,5,15736.0,5.08,17.07,11714.0,5520.0,16.35,15.65,17234.0
2025-04-23,6,15792.0,4.86,17.52,13731.0,6345.0,19.39,18.79,20076.0
2025-04-23,7,15670.0,4.53,17.28,14027.0,6426.0,19.36,18.8,20454.0
2025-04-23,8,15471.0,4.13,16.96,14191.0,6498.0,19.56,19.07,20689.0
2025-04-23,9,15085.0,3.77,16.42,13131.0,6074.0,17.9,17.37,19204.0
2025-04-23,10,15445.0,3.57,16.13,11867.0,5486.0,15.05,14.43,17353.0
2025-04-23,11,16064.0,3.56,16.16,11045.0,5061.0,13.28,12.61,16106.0
2025-04-23,12,16043.0,3.61,16.32,11262.0,5138.0,13.18,12.53,16400.0
2025-04-23,13,15994.0,3.63,16.5,11353.0,5184.0,13.41,12.78,16536.0
2025-04-23,14,16100.0,3.65,16.65,11284.0,5151.0,13.53,12.9,16435.0
2025-04-23,15,15884.0,3.67,16.85,11275.0,5168.0,13.56,12.93,16443.0
2025-04-23,16,14769.0,3.64,18.21,11280.0,5153.0,13.54,12.91,16433.0
2025-04-23,17,14692.0,3.5,18.33,12597.0,5803.0,16.33,15.79,18400.0
2025-04-23,18,14753.0,3.13,18.58,14027.0,6479.0,19.48,19.05,20506.0
2025-04-23,19,14495.0,2.71,18.05,13878.0,6389.0,19.37,18.93,20267.0
2025-04-23,20,14361.0,2.28,17.81,13763.0,6356.0,19.07,18.63,20118.0
2025-04-23,21,14380.0,1.88,17.92,13199.0,6148.0,18.07,17.6,19348.0
2025-04-23,22,14844.0,1.59,18.75,12158.0,5723.0,15.14,14.6,17881.0
2025-04-23,23,8870.0,1.64,17.25,10065.0,4472.0,11.18,10.28,14537.0
2025-04-24,0,5625.0,2.12,17.6,6867.0,2939.0,6.76,5.79,9806.0
2025-04-24,1,5703.0,2.62,18.12,6489.0,2829.0,6.67,5.69,9318.0
2025-04-24,2,5794.0,3.13,18.76,6244.0,2766.0,6.74,5.75,9010.0
2025-04-24,3,5814.0,3.65,18.99,6221.0,2792.0,6.93,5.94,9013.0
2025-04-24,4,9505.0,4.13,17.16,8357.0,3832.0,9.88,8.97,12190.0
2025-04-24,5,15578.0,4.26,16.64,11618.0,5469.0,16.23,15.55,17087.0
2025-04-24,6,15911.0,4.05,17.09,13668.0,6350.0,19.24,18.73,20019.0
2025-04-24,7,15791.0,3.73,16.55,14021.0,6442.0,19.37,18.91,20463.0
2025-04-24,8,15961.0,3.37,16.03,14097.0,6466.0,19.43,18.98,20563.0
2025-04-24,9,16717.0,3.1,15.27,13168.0,6091.0,17.81,17.32,19259.0
2025-04-24,10,16975.0,3.04,15.11,11900.0,5513.0,15.03,14.47,17412.0
2025-04-24,11,17022.0,3.12,15.24,11240.0,5158.0,13.44,12.79,16397.0
2025-04-24,12,17020.0,3.23,15.23,11380.0,5195.0,13.46,12.83,16574.0
2025-04-24,13,17068.0,3.33,15.31,11397.0,5208.0,13.53,12.91,16605.0
2025-04-24,14,17044.0,3.44,15.87,11328.0,5173.0,13.53,12.9,16500.0
2025-04-24,15,16147.0,3.5,16.83,11349.0,5210.0,13.55,12.93,16558.0
2025-04-24,16,16102.0,3.53,16.83,11265.0,5160.0,13.48,12.86,16425.0
2025-04-24,17,16014.0,3.52,16.65,12677.0,5796.0,16.29,15.76,18473.0
2025-04-24,18,15954.0,3.25,16.56,14211.0,6502.0,19.6,19.2,20712.0
2025-04-24,19,15902.0,2.93,16.56,14029.0,6445.0,19.51,19.08,20473.0
2025-04-24,20,15890.0,2.61,16.44,13978.0,6404.0,19.25,18.79,20382.0
2025-04-24,21,15827.0,2.33,16.44,13279.0,6145.0,18.05,17.56,19424.0
2025-04-24,22,16334.0,2.16,17.18,12248.0,5670.0,15.29,14.69,17918.0
2025-04-24,23,13405.0,2.28,17.59,9870.0,4503.0,11.08,10.26,14373.0
2025-04-25,0,5656.0,2.73,17.08,7051.0,3015.0,6.85,5.88,10066.0
2025-04-25,1,5751.0,3.24,17.25,6888.0,3006.0,6.99,6.01,9894.0
2025-04-25,2,5781.0,3.74,17.54,6819.0,3033.0,7.32,6.33,9853.0
2025-04-25,3,5814.0,4.26,17.85,6854.0,3075.0,7.51,6.52,9929.0
2025-04-25,4,12808.0,4.62,18.4,8538.0,4162.0,10.25,9.48,12700.0
2025-04-25,5,15285.0,4.6,16.62,11509.0,5412.0,15.76,15.09,16921.0
2025-04-25,6,15977.0,4.4,16.59,13783.0,6342.0,19.14,18.57,20124.0
2025-04-25,7,15723.0,4.08,16.16,14083.0,6423.0,19.27,18.75,20506.0
2025-04-25,8,15520.0,3.68,15.89,14211.0,6472.0,19.41,18.93,20683.0
2025-04-25,9,15488.0,3.33,15.8,13250.0,6062.0,17.73,17.19,19312.0
2025-04-25,10,15546.0,3.13,15.87,12022.0,5508.0,14.9,14.31,17531.0
2025-04-25,11,15644.0,3.08,16.0,11299.0,5181.0,13.35,12.7,16480.0
2025-04-25,12,15720.0,3.06,16.13,11493.0,5250.0,13.42,12.8,16743.0
2025-04-25,13,15784.0,3.03,16.27,11473.0,5236.0,13.6,12.97,16710.0
2025-04-25,14,15858.0,3.02,16.39,11367.0,5212.0,13.67,13.04,16579.0
2025-04-25,15,15981.0,3.04,15.97,11312.0,5183.0,13.62,12.99,16496.0
2025-04-25,16,16305.0,3.07,15.59,11284.0,5152.0,13.56,12.93,16435.0
2025-04-25,17,16148.0,3.08,15.44,12552.0,5789.0,16.42,15.89,18341.0
2025-04-25,18,16230.0,2.85,15.55,13931.0,6446.0,19.49,19.07,20377.0
2025-04-25,19,16354.0,2.59,15.74,13831.0,6383.0,19.45,19.0,20214.0
2025-04-25,20,16326.0,2.34,15.64,13782.0,6345.0,19.2,18.74,20127.0
2025-04-25,21,16709.0,2.13,16.2,13116.0,6054.0,17.9,17.4,19170.0
2025-04-25,22,17143.0,2.08,17.65,12087.0,5559.0,15.08,14.46,17646.0
2025-04-25,23,2518.0,2.15,20.05,10132.0,4440.0,11.24,10.29,14572.0
2025-04-26,0,5111.0,2.4,17.42,7033.0,3014.0,6.76,5.79,10047.0
2025-04-26,1,5078.0,2.85,17.24,6847.0,2982.0,6.91,5.93,9830.0
2025-04-26,2,5167.0,3.31,17.53,6769.0,3009.0,7.25,6.26,9778.0
2025-04-26,3,5174.0,3.76,17.7,6748.0,3029.0,7.46,6.47,9777.0
2025-04-26,4,5088.0,4.22,17.24,6587.0,2950.0,7.37,6.38,9536.0
2025-04-26,5,3860.0,4.64,16.99,7941.0,3544.0,9.87,8.85,11485.0
2025-04-26,6,13941.0,4.81,16.42,11073.0,5127.0,14.18,13.46,16199.0
2025-04-26,7,15816.0,4.64,16.4,13656.0,6265.0,18.69,18.13,19921.0
2025-04-26,8,15655.0,4.28,16.12,14182.0,6453.0,19.37,18.85,20635.0
2025-04-26,9,15905.0,3.91,15.73,14231.0,6478.0,19.41,18.9,20710.0
2025-04-26,10,15950.0,3.57,15.8,14052.0,6401.0,18.56,18.07,20453.0
2025-04-26,11,16316.0,3.29,15.65,13214.0,6026.0,16.74,16.2,19240.0
2025-04-26,12,16498.0,3.19,15.89,12025.0,5572.0,14.48,13.92,17597.0
2025-04-26,13,16532.0,3.22,15.93,11465.0,5214.0,13.56,12.93,16679.0
2025-04-26,14,16490.0,3.27,15.89,11352.0,5196.0,13.61,12.99,16547.0
2025-04-26,15,16453.0,3.32,15.82,11349.0,5190.0,13.63,13.02,16539.0
2025-04-26,16,16429.0,3.38,15.81,11351.0,5188.0,13.64,13.03,16539.0
2025-04-26,17,16146.0,3.37,15.43,12726.0,5872.0,16.58,16.0,18598.0
2025-04-26,18,16028.0,3.11,15.3,14164.0,6524.0,19.57,19.11,20688.0
2025-04-26,19,16000.0,2.79,15.29,14040.0,6448.0,19.49,19.0,20488.0
2025-04-26,20,16154.0,2.5,15.43,13881.0,6372.0,19.27,18.75,20252.0
2025-04-26,21,16248.0,2.26,15.52,13257.0,6066.0,18.13,17.55,19323.0
2025-04-26,22,16292.0,2.14,16.22,12089.0,5532.0,15.18,14.52,17621.0
2025-04-26,23,2046.0,2.16,18.67,9976.0,4373.0,11.02,10.06,14349.0
2025-04-27,0,4231.0,2.36,16.35,7474.0,3200.0,7.17,6.19,10674.0
2025-04-27,1,4816.0,2.76,16.91,7131.0,3098.0,7.19,6.21,10229.0
2025-04-27,2,4945.0,3.19,17.72,6932.0,3081.0,7.46,6.46,10012.0
2025-04-27,3,5033.0,3.63,18.31,6277.0,2818.0,7.01,6.01,9095.0
2025-04-27,4,5061.0,4.07,18.46,6272.0,2829.0,7.12,6.12,9101.0
2025-04-27,5,5754.0,4.52,18.05,6064.0,2806.0,7.88,6.88,8870.0
2025-04-27,6,15841.0,5.02,17.54,8211.0,4007.0,10.66,9.89,12218.0
2025-04-27,7,15490.0,5.1,17.31,12310.0,5713.0,16.66,16.01,18023.0
2025-04-27,8,15409.0,4.81,17.02,13891.0,6376.0,19.18,18.61,20266.0
2025-04-27,9,15566.0,4.43,16.57,14084.0,6428.0,19.27,18.74,20512.0
2025-04-27,10,15753.0,4.07,16.33,13984.0,6408.0,18.57,18.07,20392.0
2025-04-27,11,15980.0,3.78,16.56,13142.0,6019.0,16.74,16.17,19162.0
2025-04-27,12,16073.0,3.64,16.77,12015.0,5517.0,14.5,13.87,17533.0
2025-04-27,13,16177.0,3.65,16.88,11265.0,5135.0,13.4,12.75,16400.0
2025-04-27,14,16134.0,3.71,16.83,11199.0,5126.0,13.62,12.96,16324.0
2025-04-27,15,16102.0,3.76,17.41,11126.0,5106.0,13.68,13.0,16232.0
2025-04-27,16,14973.0,3.77,18.41,10961.0,5033.0,13.53,12.84,15994.0
2025-04-27,17,14199.0,3.65,19.54,12279.0,5646.0,16.39,15.76,17925.0
2025-04-27,18,14423.0,3.27,20.11,13777.0,6313.0,19.46,18.92,20090.0
2025-04-27,19,14505.0,2.86,20.33,13653.0,6232.0,19.28,18.73,19885.0
2025-04-27,20,14530.0,2.46,20.34,13658.0,6237.0,19.12,18.58,19895.0
2025-04-27,21,14528.0,2.09,20.4,13139.0,6041.0,18.1,17.53,19180.0
2025-04-27,22,14423.0,1.81,20.76,12058.0,5570.0,15.19,14.57,17628.0
2025-04-27,23,5982.0,1.97,17.05,9518.0,4150.0,10.63,9.62,13668.0
2025-04-28,0,5784.0,2.48,17.95,6772.0,2905.0,6.75,5.77,9677.0
2025-04-28,1,5770.0,2.99,17.94,6369.0,2783.0,6.62,5.63,9152.0
2025-04-28,2,5825.0,3.5,18.19,6316.0,2824.0,6.92,5.92,9139.0
2025-04-28,3,5895.0,4.02,18.67,6372.0,2851.0,7.18,6.18,9223.0
2025-04-28,4,4087.0,4.52,17.12,8314.0,3679.0,9.76,8.74,11993.0
2025-04-28,5,14796.0,4.61,15.88,11656.0,5454.0,16.15,15.47,17111.0
2025-04-28,6,16065.0,4.38,16.71,13699.0,6301.0,19.27,18.7,19999.0
2025-04-28,7,15711.0,4.07,16.22,13996.0,6370.0,19.35,18.82,20365.0
2025-04-28,8,15582.0,3.68,15.95,14129.0,6448.0,19.48,18.94,20577.0
2025-04-28,9,15844.0,3.36,15.59,13163.0,6038.0,17.82,17.23,19201.0
2025-04-28,10,15937.0,3.23,15.68,11920.0,5510.0,14.99,14.38,17431.0
2025-04-28,11,16382.0,3.22,15.86,11321.0,5197.0,13.49,12.83,16517.0
2025-04-28,12,16427.0,3.26,15.89,11449.0,5223.0,13.38,12.73,16672.0
2025-04-28,13,16252.0,3.29,15.69,11416.0,5210.0,13.51,12.86,16626.0
2025-04-28,14,16268.0,3.32,15.78,11362.0,5194.0,13.59,12.96,16556.0
2025-04-28,15,16317.0,3.37,15.84,11258.0,5150.0,13.48,12.85,16408.0
2025-04-28,16,16306.0,3.43,15.83,11245.0,5153.0,13.46,12.82,16398.0
2025-04-28,17,16287.0,3.43,15.8,12564.0,5773.0,16.4,15.82,18337.0
2025-04-28,18,16399.0,3.23,16.01,13917.0,6397.0,19.45,18.98,20314.0
2025-04-28,19,15764.0,2.95,16.6,13792.0,6337.0,19.42,18.94,20129.0
2025-04-28,20,15538.0,2.62,16.51,13814.0,6338.0,19.25,18.77,20152.0
2025-04-28,21,15676.0,2.33,16.69,13155.0,6104.0,17.97,17.45,19259.0
2025-04-28,22,16288.0,2.18,17.67,12019.0,5614.0,15.1,14.5,17633.0
2025-04-28,23,6734.0,2.38,16.16,9924.0,4317.0,11.03,10.04,14241.0
2025-04-29,0,5688.0,2.88,17.39,6963.0,3008.0,6.85,5.86,9971.0
2025-04-29,1,5672.0,3.38,17.38,6969.0,3067.0,7.2,6.2,10037.0
2025-04-29,2,5786.0,3.88,17.7,6945.0,3093.0,7.53,6.51,10038.0
2025-04-29,3,5865.0,4.4,18.2,7024.0,3137.0,7.82,6.8,10161.0
2025-04-29,4,13216.0,4.78,19.0,8465.0,4129.0,10.19,9.41,12594.0
2025-04-29,5,15413.0,4.79,16.79,11725.0,5494.0,16.18,15.48,17219.0
2025-04-29,6,16190.0,4.58,16.1,13762.0,6289.0,19.22,18.62,20051.0
2025-04-29,7,16161.0,4.3,16.11,13800.0,6265.0,18.97,18.39,20065.0
2025-04-29,8,15992.0,4.0,15.86,14029.0,6389.0,19.39,18.85,20418.0
2025-04-29,9,15851.0,3.71,15.65,13142.0,6013.0,17.78,17.2,19154.0
2025-04-29,10,15896.0,3.56,15.71,11908.0,5413.0,14.93,14.27,17321.0
2025-04-29,11,15994.0,3.56,15.83,11175.0,5082.0,13.31,12.61,16257.0
2025-04-29,12,16323.0,3.59,16.31,11309.0,5130.0,13.36,12.7,16439.0
2025-04-29,13,16439.0,3.63,16.5,11318.0,5154.0,13.4,12.75,16472.0
2025-04-29,14,16358.0,3.7,16.78,11299.0,5164.0,13.54,12.88,16462.0
2025-04-29,15,16053.0,3.74,18.23,11267.0,5146.0,13.58,12.93,16413.0
2025-04-29,16,15778.0,3.79,18.93,11165.0,5111.0,13.73,13.05,16276.0
2025-04-29,17,15644.0,3.79,19.31,12227.0,5648.0,16.41,15.73,17875.0
2025-04-29,18,15516.0,3.53,18.65,13577.0,6225.0,19.43,18.85,19802.0
2025-04-29,19,15429.0,3.21,18.45,13681.0,6256.0,19.31,18.74,19937.0
2025-04-29,20,15121.0,2.88,17.88,13681.0,6252.0,19.18,18.6,19933.0
2025-04-29,21,15008.0,2.54,17.68,13153.0,5998.0,18.03,17.43,19151.0
2025-04-29,22,15724.0,2.31,19.1,12493.0,5725.0,15.92,15.25,18218.0
2025-04-29,23,1390.0,2.29,20.93,9929.0,4325.0,11.04,10.06,14254.0
2025-04-30,0,4802.0,2.52,17.59,7694.0,3340.0,7.7,6.7,11034.0
2025-04-30,1,5331.0,2.96,17.57,6825.0,3005.0,7.14,6.13,9830.0
2025-04-30,2,5298.0,3.43,17.46,6693.0,2984.0,7.26,6.25,9676.0
2025-04-30,3,5575.0,3.91,17.31,6567.0,2960.0,7.34,6.32,9527.0
2025-04-30,4,8574.0,4.36,15.01,8445.0,3842.0,10.0,9.05,12287.0
2025-04-30,5,15621.0,4.49,15.29,11623.0,5450.0,16.19,15.48,17073.0
2025-04-30,6,16410.0,4.32,16.4,13569.0,6241.0,19.18,18.57,19809.0
2025-04-30,7,15997.0,4.06,15.82,13722.0,6253.0,19.11,18.54,19975.0
2025-04-30,8,15851.0,3.74,15.6,13875.0,6351.0,19.29,18.72,20225.0
2025-04-30,9,15970.0,3.46,15.77,12973.0,5951.0,17.76,17.19,18924.0
2025-04-30,10,16047.0,3.34,15.85,11779.0,5444.0,15.0,14.4,17223.0
2025-04-30,11,16091.0,3.36,15.98,11188.0,5116.0,13.48,12.81,16304.0
2025-04-30,12,16139.0,3.39,16.04,11317.0,5197.0,13.49,12.86,16513.0
2025-04-30,13,16022.0,3.43,16.27,11383.0,5202.0,13.62,12.98,16585.0
2025-04-30,14,15116.0,3.42,17.31,11261.0,5164.0,13.66,13.02,16425.0
2025-04-30,15,16136.0,3.4,16.65,11183.0,5122.0,13.59,12.95,16306.0
2025-04-30,16,16483.0,3.48,16.62,11215.0,5144.0,13.63,12.97,16359.0
2025-04-30,17,14646.0,3.43,18.22,12413.0,5699.0,16.42,15.83,18112.0
2025-04-30,18,14199.0,3.05,18.72,13748.0,6277.0,19.42,18.89,20025.0
2025-04-30,19,14209.0,2.63,18.83,13572.0,6206.0,19.25,18.69,19778.0
2025-04-30,20,14147.0,2.2,18.7,13565.0,6163.0,19.03,18.48,19728.0
2025-04-30,21,14229.0,1.82,18.85,13001.0,5973.0,17.96,17.37,18974.0
2025-04-30,22,14633.0,1.53,19.67,12084.0,5573.0,15.06,14.45,17657.0
2025-04-30,23,6352.0,1.72,17.03,9743.0,4204.0,10.59,9.58,13947.0
2025-05-01,0,5889.0,2.25,18.07,6754.0,2863.0,6.47,5.49,9616.0
2025-05-01,1,5739.0,2.76,17.38,6423.0,2756.0,6.41,5.42,9179.0
2025-05-01,2,5789.0,3.27,17.61,6355.0,2785.0,6.69,5.7,9140.0
2025-05-01,3,5762.0,3.79,17.58,6284.0,2776.0,6.8,5.8,9061.0
2025-05-01,4,5758.0,4.31,17.66,6198.0,2766.0,7.05,6.02,8964.0
2025-05-01,5,5872.0,4.83,18.25,6039.0,2755.0,7.95,6.91,8794.0
2025-05-01,6,12547.0,5.19,21.74,7784.0,3882.0,10.64,9.83,11665.0
2025-05-01,7,13669.0,5.13,19.99,11463.0,5334.0,15.97,15.26,16797.0
2025-05-01,8,15651.0,4.88,18.73,13521.0,6184.0,19.07,18.47,19705.0
2025-05-01,9,15417.0,4.55,18.25,13820.0,6295.0,19.2,18.64,20115.0
2025-05-01,10,15396.0,4.19,18.24,13707.0,6279.0,18.43,17.91,19986.0
2025-05-01,11,15546.0,3.9,18.53,12748.0,5880.0,16.51,15.96,18627.0
2025-05-01,12,15702.0,3.76,18.71,11829.0,5425.0,14.42,13.78,17254.0
2025-05-01,13,15061.0,3.7,19.44,11193.0,5132.0,13.42,12.75,16324.0
2025-05-01,14,15161.0,3.65,19.64,11137.0,5099.0,13.57,12.91,16236.0
2025-05-01,15,15103.0,3.62,19.56,11047.0,5095.0,13.63,12.99,16142.0
2025-05-01,16,15149.0,3.6,19.63,10989.0,5081.0,13.74,13.08,16070.0
2025-05-01,17,14088.0,3.49,20.12,12234.0,5679.0,16.39,15.78,17913.0
2025-05-01,18,14105.0,3.12,20.47,13443.0,6216.0,18.88,18.34,19659.0
2025-05-01,19,14281.0,2.73,20.68,13346.0,6120.0,18.59,18.05,19466.0
2025-05-01,20,14109.0,2.33,20.46,13479.0,6184.0,18.62,18.13,19663.0
2025-05-01,21,14077.0,1.94,20.3,13124.0,6009.0,17.9,17.33,19133.0
2025-05-01,22,14258.0,1.62,19.97,11950.0,5526.0,14.97,14.37,17476.0
2025-05-01,23,6038.0,1.78,16.42,9483.0,4148.0,10.56,9.56,13631.0
2025-05-02,0,5616.0,2.27,17.92,6627.0,2858.0,6.59,5.61,9485.0
2025-05-02,1,5626.0,2.76,18.1,6465.0,2829.0,6.71,5.72,9294.0
2025-05-02,2,5709.0,3.27,18.39,6445.0,2869.0,6.98,5.99,9314.0
2025-05-02,3,5705.0,3.77,18.56,6428.0,2889.0,7.14,6.14,9317.0
2025-05-02,4,8670.0,4.25,16.75,8065.0,3695.0,9.5,8.57,11760.0
2025-05-02,5,15219.0,4.4,16.18,11147.0,5270.0,15.35,14.62,16417.0
2025-05-02,6,16398.0,4.26,16.52,13198.0,6122.0,18.59,17.96,19320.0
2025-05-02,7,16268.0,4.06,16.37,13222.0,6055.0,18.66,18.04,19277.0
2025-05-02,8,16273.0,3.87,16.41,13287.0,6071.0,18.53,17.91,19358.0
2025-05-02,9,16205.0,3.65,16.23,12943.0,5893.0,17.57,16.93,18836.0
2025-05-02,10,16218.0,3.56,16.26,11797.0,5442.0,15.01,14.38,17239.0
2025-05-02,11,16231.0,3.58,16.26,11180.0,5094.0,13.52,12.82,16274.0
2025-05-02,12,16400.0,3.63,16.52,11354.0,5152.0,13.39,12.72,16506.0
2025-05-02,13,15999.0,3.66,17.18,11322.0,5153.0,13.52,12.87,16476.0
2025-05-02,14,15754.0,3.69,18.33,11252.0,5156.0,13.64,12.97,16408.0
2025-05-02,15,15187.0,3.69,18.54,11177.0,5122.0,13.61,12.93,16300.0
2025-05-02,16,15109.0,3.65,18.5,11085.0,5085.0,13.48,12.79,16170.0
2025-05-02,17,15082.0,3.56,17.89,12206.0,5613.0,16.19,15.55,17820.0
2025-05-02,18,15902.0,3.34,17.18,13346.0,6179.0,18.71,18.17,19525.0
2025-05-02,19,16039.0,3.11,17.4,13263.0,6115.0,18.56,18.03,19378.0
2025-05-02,20,14980.0,2.86,18.48,13342.0,6130.0,18.57,18.03,19473.0
2025-05-02,21,13684.0,2.48,19.45,12749.0,5904.0,17.36,16.8,18654.0
2025-05-02,22,13776.0,2.16,19.7,12060.0,5535.0,14.94,14.29,17595.0
2025-05-02,23,5902.0,2.27,16.03,9799.0,4251.0,10.62,9.62,14050.0
2025-05-03,0,5611.0,2.77,17.4,7172.0,3083.0,6.96,5.97,10255.0
2025-05-03,1,5540.0,3.26,17.46,7017.0,3059.0,7.01,6.01,10076.0
2025-05-03,2,5567.0,3.75,17.62,6926.0,3064.0,7.27,6.27,9990.0
2025-05-03,3,5525.0,4.25,17.5,6774.0,3036.0,7.47,6.46,9811.0
2025-05-03,4,5299.0,4.72,16.37,6408.0,2857.0,7.1,6.09,9265.0
2025-05-03,5,6049.0,5.17,18.34,6055.0,2886.0,7.79,6.8,8941.0
2025-05-03,6,9083.0,5.21,24.08,7231.0,3651.0,9.84,9.01,10882.0
2025-05-03,7,13981.0,5.07,20.33,11278.0,5255.0,15.68,14.95,16534.0
2025-05-03,8,14871.0,4.78,18.98,13069.0,6034.0,18.62,17.98,19103.0
2025-05-03,9,15987.0,4.53,17.88,13346.0,6155.0,18.7,18.04,19501.0
2025-05-03,10,15941.0,4.26,17.75,13611.0,6249.0,18.38,17.75,19859.0
2025-05-03,11,15922.0,4.02,17.8,12885.0,5890.0,16.7,16.09,18775.0
2025-05-03,12,16192.0,3.91,18.25,11891.0,5434.0,14.56,13.87,17326.0
2025-05-03,13,15960.0,3.9,18.58,11300.0,5150.0,13.5,12.82,16451.0
2025-05-03,14,15860.0,3.9,18.79,11264.0,5154.0,13.59,12.91,16417.0
2025-05-03,15,15579.0,3.92,19.12,11123.0,5104.0,13.65,12.98,16227.0
2025-05-03,16,15010.0,3.91,20.14,10951.0,5038.0,13.58,12.89,15989.0
2025-05-03,17,14252.0,3.83,20.65,11791.0,5473.0,16.04,15.41,17264.0
2025-05-03,18,13992.0,3.54,20.12,13042.0,5990.0,18.6,18.01,19032.0
2025-05-03,19,13787.0,3.16,19.61,12942.0,5977.0,18.34,17.72,18919.0
2025-05-03,20,13670.0,2.77,19.42,12976.0,5983.0,18.28,17.66,18960.0
2025-05-03,21,13696.0,2.39,18.34,12729.0,5858.0,17.72,17.06,18586.0
2025-05-03,22,15456.0,2.17,17.2,11661.0,5408.0,15.01,14.32,17069.0
2025-05-03,23,1462.0,2.18,19.51,9554.0,4183.0,11.04,10.03,13737.0
2025-05-04,0,4295.0,2.37,21.01,6876.0,2962.0,6.98,5.96,9838.0
2025-05-04,1,4507.0,2.77,19.91,6308.0,2728.0,6.48,5.46,9036.0
2025-05-04,2,4525.0,3.17,20.12,6293.0,2787.0,6.83,5.81,9080.0
2025-05-04,3,4442.0,3.57,19.71,6143.0,2756.0,6.9,5.86,8899.0
2025-05-04,4,4427.0,3.96,19.38,6050.0,2720.0,6.9,5.86,8769.0
2025-05-04,5,5286.0,4.38,19.23,5751.0,2654.0,7.56,6.52,8406.0
2025-05-04,6,14227.0,4.78,19.26,7982.0,3913.0,10.36,9.56,11895.0
2025-05-04,7,14851.0,4.84,19.14,11776.0,5457.0,15.97,15.27,17233.0
2025-05-04,8,14726.0,4.54,18.55,13412.0,6175.0,18.77,18.12,19588.0
2025-05-04,9,14889.0,4.17,17.69,13611.0,6260.0,18.72,18.13,19872.0
2025-05-04,10,14771.0,3.78,17.36,13664.0,6275.0,18.2,17.69,19939.0
2025-05-04,11,15180.0,3.44,17.02,12936.0,5931.0,16.61,16.07,18867.0
2025-05-04,12,15450.0,3.26,17.34,11934.0,5504.0,14.52,13.88,17438.0
2025-05-04,13,15403.0,3.24,17.23,11083.0,5075.0,13.4,12.69,16157.0
2025-05-04,14,15482.0,3.28,17.34,10994.0,5038.0,13.6,12.86,16033.0
2025-05-04,15,15673.0,3.29,17.76,11015.0,5030.0,13.62,12.88,16044.0
2025-05-04,16,15818.0,3.32,17.91,10981.0,5024.0,13.74,12.99,16004.0
2025-05-04,17,16052.0,3.34,18.34,11755.0,5464.0,15.94,15.26,17219.0
2025-05-04,18,16852.0,3.22,19.64,13360.0,6092.0,18.38,17.77,19452.0
2025-05-04,19,16471.0,3.06,19.05,13251.0,6114.0,18.47,17.87,19365.0
2025-05-04,20,16378.0,2.87,18.86,13216.0,6081.0,18.42,17.81,19297.0
2025-05-04,21,14880.0,2.66,20.49,12779.0,5845.0,17.57,16.93,18624.0
2025-05-04,22,14372.0,2.41,21.5,11768.0,5434.0,14.99,14.33,17202.0
2025-05-04,23,6566.0,2.54,18.22,9447.0,4126.0,10.74,9.73,13573.0
2025-05-05,0,4870.0,3.01,18.61,7016.0,3024.0,7.1,6.07,10040.0
2025-05-05,1,4119.0,3.39,19.42,6356.0,2793.0,6.7,5.7,9149.0
2025-05-05,2,4188.0,3.75,19.86,6366.0,2840.0,7.05,6.03,9206.0
2025-05-05,3,4262.0,4.12,20.84,6199.0,2800.0,7.12,6.1,8998.0
2025-05-05,4,4168.0,4.5,20.1,6004.0,2709.0,6.93,5.9,8712.0
2025-05-05,5,4169.0,4.86,19.96,5950.0,2762.0,7.63,6.59,8712.0
2025-05-05,6,12912.0,5.15,20.63,8215.0,3953.0,10.52,9.71,12168.0
2025-05-05,7,14918.0,5.08,19.4,12128.0,5650.0,16.44,15.75,17778.0
2025-05-05,8,15026.0,4.77,18.98,13592.0,6293.0,18.75,18.13,19886.0
2025-05-05,9,14849.0,4.39,18.7,13693.0,6283.0,18.81,18.23,19976.0
2025-05-05,10,14690.0,4.0,18.48,13569.0,6222.0,18.05,17.47,19791.0
2025-05-05,11,15371.0,3.66,17.62,12876.0,5922.0,16.57,16.01,18798.0
2025-05-05,12,16045.0,3.53,17.29,11856.0,5464.0,14.39,13.77,17321.0
2025-05-05,13,15765.0,3.54,16.89,11199.0,5109.0,13.34,12.68,16308.0
2025-05-05,14,15761.0,3.54,16.82,11125.0,5098.0,13.49,12.83,16223.0
2025-05-05,15,15483.0,3.56,17.14,11097.0,5105.0,13.55,12.89,16202.0
2025-05-05,16,14830.0,3.53,17.84,11056.0,5090.0,13.6,12.95,16146.0
2025-05-05,17,14747.0,3.43,17.58,12213.0,5658.0,16.21,15.62,17870.0
2025-05-05,18,14786.0,3.14,17.72,13308.0,6099.0,18.42,17.86,19407.0
2025-05-05,19,14871.0,2.81,17.91,13424.0,6150.0,18.48,17.94,19574.0
2025-05-05,20,15258.0,2.49,18.53,13483.0,6180.0,18.44,17.91,19663.0
2025-05-05,21,15176.0,2.19,19.3,13127.0,6016.0,17.88,17.31,19144.0
2025-05-05,22,14792.0,1.95,19.73,12032.0,5556.0,15.03,14.42,17588.0
2025-05-05,23,5824.0,2.13,16.9,9522.0,4146.0,10.62,9.61,13668.0
2025-05-06,0,5656.0,2.62,18.11,6860.0,2954.0,6.77,5.78,9814.0
2025-05-06,1,5636.0,3.12,18.07,6595.0,2883.0,6.77,5.77,9478.0
2025-05-06,2,5591.0,3.62,17.92,6422.0,2852.0,6.97,5.97,9274.0
2025-05-06,3,5597.0,4.12,17.91,6331.0,2846.0,7.1,6.1,9177.0
2025-05-06,4,9130.0,4.58,16.75,8212.0,3763.0,9.64,8.71,11975.0
2025-05-06,5,14921.0,4.7,16.91,11138.0,5232.0,15.18,14.47,16370.0
2025-05-06,6,15172.0,4.48,17.35,13175.0,6041.0,18.34,17.72,19216.0
2025-05-06,7,15350.0,4.21,17.63,13225.0,6066.0,18.4,17.77,19291.0
2025-05-06,8,15266.0,3.93,17.52,13118.0,6014.0,18.37,17.73,19132.0
2025-05-06,9,15449.0,3.68,17.8,12660.0,5808.0,17.44,16.77,18468.0
2025-05-06,10,15603.0,3.51,17.85,11785.0,5443.0,15.0,14.35,17228.0
2025-05-06,11,16098.0,3.49,17.78,11211.0,5145.0,13.54,12.87,16356.0
2025-05-06,12,16093.0,3.51,17.78,11324.0,5182.0,13.54,12.89,16506.0
2025-05-06,13,16087.0,3.54,17.76,11313.0,5155.0,13.63,12.98,16468.0
2025-05-06,14,16185.0,3.58,17.92,11202.0,5133.0,13.6,12.94,16335.0
2025-05-06,15,16232.0,3.64,18.02,11146.0,5111.0,13.61,12.95,16258.0
2025-05-06,16,16242.0,3.71,18.07,11112.0,5118.0,13.7,13.04,16230.0
2025-05-06,17,15998.0,3.73,18.05,12221.0,5686.0,16.3,15.74,17907.0
2025-05-06,18,14708.0,3.49,19.13,13206.0,6125.0,18.47,17.91,19331.0
2025-05-06,19,14570.0,3.15,19.13,13282.0,6119.0,18.42,17.86,19401.0
2025-05-06,20,14453.0,2.78,18.99,13449.0,6181.0,18.41,17.86,19630.0
2025-05-06,21,14695.0,2.44,19.45,12938.0,5965.0,17.47,16.9,18903.0
2025-05-06,22,14740.0,2.19,19.56,12077.0,5571.0,15.17,14.56,17648.0
2025-05-06,23,6358.0,2.32,17.98,9751.0,4223.0,10.98,9.98,13974.0
2025-05-07,0,5523.0,2.82,17.55,6832.0,2921.0,6.75,5.76,9753.0
2025-05-07,1,5571.0,3.32,17.66,6534.0,2851.0,6.76,5.76,9385.0
2025-05-07,2,5544.0,3.81,17.47,6353.0,2833.0,6.94,5.94,9186.0
2025-05-07,3,5510.0,4.3,17.23,6248.0,2802.0,7.01,6.01,9049.0
2025-05-07,4,11888.0,4.63,17.37,8044.0,3953.0,9.67,8.89,11997.0
2025-05-07,5,15461.0,4.64,17.39,10971.0,5172.0,15.04,14.31,16143.0
2025-05-07,6,15760.0,4.51,17.54,13156.0,6095.0,18.4,17.83,19251.0
2025-05-07,7,15540.0,4.24,16.75,13306.0,6097.0,18.36,17.78,19403.0
2025-05-07,8,15578.0,3.96,16.79,13439.0,6164.0,18.39,17.8,19603.0
2025-05-07,9,15476.0,3.68,16.69,12856.0,5929.0,17.51,16.9,18785.0
2025-05-07,10,15535.0,3.52,16.82,11843.0,5488.0,15.1,14.47,17331.0
2025-05-07,11,15644.0,3.5,17.03,11107.0,5107.0,13.49,12.78,16214.0
2025-05-07,12,15717.0,3.5,17.1,11279.0,5167.0,13.42,12.74,16446.0
2025-05-07,13,15757.0,3.5,17.14,11246.0,5155.0,13.53,12.85,16401.0
2025-05-07,14,15792.0,3.51,17.12,11199.0,5128.0,13.64,12.96,16327.0
2025-05-07,15,15822.0,3.53,17.22,11181.0,5125.0,13.63,12.96,16306.0
2025-05-07,16,15816.0,3.55,17.22,11144.0,5123.0,13.65,12.98,16267.0
2025-05-07,17,15682.0,3.54,17.0,12110.0,5599.0,15.9,15.3,17708.0
2025-05-07,18,15637.0,3.33,16.93,13310.0,6125.0,18.39,17.81,19435.0
2025-05-07,19,15783.0,3.08,17.24,13400.0,6164.0,18.38,17.8,19564.0
2025-05-07,20,15830.0,2.82,17.24,13476.0,6166.0,18.34,17.77,19642.0
2025-05-07,21,15859.0,2.58,17.32,13008.0,5915.0,17.42,16.81,18923.0
2025-05-07,22,16317.0,2.45,18.08,11938.0,5469.0,14.6,13.93,17406.0
2025-05-07,23,1979.0,2.5,20.64,10032.0,4398.0,10.97,10.0,14431.0
2025-05-08,0,5170.0,2.75,17.11,7162.0,3088.0,6.97,5.97,10250.0
2025-05-08,1,5206.0,3.2,16.9,6959.0,3043.0,7.03,6.02,10002.0
2025-05-08,2,5300.0,3.67,17.34,6664.0,2948.0,7.06,6.05,9612.0
2025-05-08,3,5323.0,4.14,17.65,6393.0,2850.0,7.0,5.99,9243.0
2025-05-08,4,4307.0,4.59,16.27,8161.0,3611.0,9.4,8.37,11771.0
2025-05-08,5,15093.0,4.75,15.88,11047.0,5184.0,15.12,14.4,16232.0
2025-05-08,6,16064.0,4.61,16.33,13161.0,6079.0,18.43,17.85,19240.0
2025-05-08,7,15356.0,4.36,16.39,13218.0,6084.0,18.38,17.79,19301.0
2025-05-08,8,15181.0,4.07,16.22,13152.0,6050.0,18.24,17.65,19202.0
2025-05-08,9,15214.0,3.8,16.27,12709.0,5871.0,17.39,16.78,18580.0
2025-05-08,10,15419.0,3.61,16.55,11861.0,5457.0,14.95,14.31,17317.0
2025-05-08,11,15578.0,3.56,16.79,11073.0,5175.0,13.49,12.86,16247.0
2025-05-08,12,15616.0,3.54,16.86,11365.0,5196.0,13.41,12.78,16561.0
2025-05-08,13,15681.0,3.52,16.97,11332.0,5170.0,13.51,12.88,16502.0
2025-05-08,14,15695.0,3.53,17.03,11197.0,5136.0,13.59,12.94,16334.0
2025-05-08,15,15738.0,3.55,17.12,11106.0,5099.0,13.57,12.91,16205.0
2025-05-08,16,15793.0,3.6,17.2,11077.0,5091.0,13.68,13.01,16168.0
2025-05-08,17,15682.0,3.59,17.01,12037.0,5582.0,16.03,15.37,17618.0
2025-05-08,18,16014.0,3.4,17.57,13170.0,6088.0,18.49,17.87,19258.0
2025-05-08,19,16249.0,3.2,17.95,13219.0,6090.0,18.31,17.69,19309.0
2025-05-08,20,16148.0,2.99,17.8,13399.0,6156.0,18.46,17.86,19554.0
2025-05-08,21,16021.0,2.8,17.53,12772.0,5907.0,17.48,16.85,18678.0
2025-05-08,22,16222.0,2.69,18.0,11748.0,5467.0,14.74,14.06,17215.0
2025-05-08,23,1716.0,2.76,20.14,9892.0,4347.0,11.15,10.15,14239.0
2025-05-09,0,4630.0,3.01,18.48,6875.0,2982.0,6.78,5.79,9857.0
2025-05-09,1,4430.0,3.4,18.26,6689.0,2952.0,6.93,5.94,9642.0
2025-05-09,2,4288.0,3.79,18.6,6572.0,2925.0,7.08,6.08,9497.0
2025-05-09,3,3671.0,4.13,19.71,6187.0,2760.0,6.86,5.86,8947.0
2025-05-09,4,3642.0,4.45,19.42,6096.0,2732.0,6.86,5.86,8828.0
2025-05-09,5,3754.0,4.77,19.52,6005.0,2723.0,7.42,6.41,8728.0
2025-05-09,6,14961.0,5.07,18.31,8817.0,4205.0,10.74,9.95,13022.0
2025-05-09,7,15458.0,5.03,17.52,12751.0,5897.0,16.71,16.08,18647.0
2025-05-09,8,15231.0,4.71,17.09,13773.0,6308.0,18.6,18.02,20081.0
2025-05-09,9,15111.0,4.34,16.95,13707.0,6281.0,18.52,17.95,19988.0
2025-05-09,10,15095.0,3.97,16.89,13640.0,6270.0,18.1,17.55,19910.0
2025-05-09,11,15215.0,3.65,17.07,12922.0,5975.0,16.73,16.2,18897.0
2025-05-09,12,15837.0,3.49,16.74,11826.0,5460.0,14.49,13.86,17286.0
2025-05-09,13,16191.0,3.51,16.71,11165.0,5115.0,13.38,12.72,16281.0
2025-05-09,14,15990.0,3.56,16.8,11134.0,5107.0,13.5,12.85,16242.0
2025-05-09,15,15700.0,3.6,16.5,11118.0,5098.0,13.58,12.93,16216.0
2025-05-09,16,14343.0,3.56,17.42,11067.0,5113.0,13.58,12.93,16180.0
2025-05-09,17,14268.0,3.43,17.26,12165.0,5651.0,15.96,15.36,17816.0
2025-05-09,18,14394.0,3.09,17.58,13342.0,6157.0,18.47,17.91,19499.0
2025-05-09,19,14390.0,2.73,17.54,13223.0,6120.0,18.32,17.74,19343.0
2025-05-09,20,14521.0,2.37,17.77,13400.0,6138.0,18.34,17.79,19538.0
2025-05-09,21,14604.0,2.02,17.9,12994.0,5974.0,17.66,17.07,18969.0
2025-05-09,22,15185.0,1.79,19.42,11923.0,5519.0,15.06,14.43,17443.0
2025-05-09,23,6138.0,2.01,16.71,9617.0,4205.0,10.63,9.62,13822.0
2025-05-10,0,5608.0,2.51,17.56,6687.0,2849.0,6.55,5.56,9535.0
2025-05-10,1,5596.0,3.0,17.63,6459.0,2804.0,6.57,5.58,9263.0
2025-05-10,2,5548.0,3.5,17.31,6307.0,2765.0,6.66,5.67,9073.0
2025-05-10,3,5613.0,3.99,17.47,6338.0,2788.0,6.72,5.72,9126.0
2025-05-10,4,5507.0,4.49,17.27,6165.0,2771.0,6.92,5.91,8936.0
2025-05-10,5,5480.0,4.98,17.59,5976.0,2768.0,7.61,6.59,8744.0
2025-05-10,6,10841.0,5.21,21.23,8152.0,4060.0,10.7,9.93,12212.0
2025-05-10,7,14013.0,5.06,18.62,11613.0,5430.0,15.82,15.11,17043.0
2025-05-10,8,14463.0,4.75,17.99,13094.0,6031.0,18.44,17.8,19125.0
2025-05-10,9,14752.0,4.41,17.39,13326.0,6116.0,18.42,17.81,19442.0
2025-05-10,10,14739.0,4.04,17.44,13468.0,6152.0,18.01,17.42,19621.0
2025-05-10,11,14985.0,3.7,17.8,12952.0,5941.0,16.6,15.99,18893.0
2025-05-10,12,15290.0,3.5,18.33,11989.0,5467.0,14.57,13.91,17457.0
2025-05-10,13,15347.0,3.44,18.36,11237.0,5128.0,13.41,12.74,16365.0
2025-05-10,14,14895.0,3.4,18.83,11223.0,5128.0,13.64,12.96,16351.0
2025-05-10,15,14702.0,3.33,18.94,11133.0,5106.0,13.62,12.94,16239.0
2025-05-10,16,14696.0,3.29,18.96,10987.0,5062.0,13.67,12.97,16049.0
2025-05-10,17,14193.0,3.2,17.98,11832.0,5504.0,15.89,15.25,17336.0
2025-05-10,18,14148.0,2.91,17.91,12874.0,5957.0,18.46,17.81,18831.0
2025-05-10,19,14551.0,2.59,18.68,12864.0,5919.0,18.25,17.58,18783.0
2025-05-10,20,14657.0,2.3,18.91,12774.0,5885.0,18.1,17.41,18659.0
2025-05-10,21,13830.0,2.01,19.18,12610.0,5798.0,17.62,16.92,18408.0
2025-05-10,22,13695.0,1.69,20.34,11688.0,5413.0,15.04,14.34,17101.0
2025-05-10,23,6367.0,1.83,18.87,9654.0,4224.0,11.16,10.1,13879.0
2025-05-11,0,6011.0,2.34,20.62,7266.0,3192.0,7.45,6.4,10459.0
2025-05-11,1,6129.0,2.87,21.18,7148.0,3174.0,7.51,6.46,10322.0
2025-05-11,2,5833.0,3.4,19.81,6722.0,2998.0,7.41,6.36,9720.0
2025-05-11,3,5594.0,3.9,18.44,6345.0,2854.0,7.12,6.08,9199.0
2025-05-11,4,5667.0,4.4,18.79,6395.0,2888.0,7.28,6.23,9282.0
2025-05-11,5,5856.0,4.91,19.46,6334.0,2927.0,8.08,7.02,9261.0
2025-05-11,6,12007.0,5.23,22.78,7889.0,3922.0,10.4,9.59,11811.0
2025-05-11,7,13567.0,5.1,21.23,11479.0,5361.0,15.8,15.1,16839.0
2025-05-11,8,14476.0,4.82,19.55,13152.0,6030.0,18.47,17.82,19182.0
2025-05-11,9,14466.0,4.44,19.49,13428.0,6170.0,18.4,17.76,19597.0
2025-05-11,10,14279.0,4.02,19.08,13687.0,6295.0,18.12,17.51,19982.0
2025-05-11,11,14224.0,3.62,19.03,12904.0,5968.0,16.58,16.01,18872.0
2025-05-11,12,14376.0,3.35,19.32,11935.0,5474.0,14.51,13.88,17409.0
2025-05-11,13,14431.0,3.21,19.41,11248.0,5159.0,13.51,12.82,16407.0
2025-05-11,14,14574.0,3.1,19.71,11178.0,5136.0,13.61,12.92,16314.0
2025-05-11,15,14595.0,3.05,19.8,11082.0,5097.0,13.73,13.02,16179.0
2025-05-11,16,14653.0,2.98,19.89,10841.0,5017.0,13.64,12.9,15858.0
2025-05-11,17,14733.0,2.91,20.16,11750.0,5456.0,15.71,15.02,17207.0
2025-05-11,18,14899.0,2.66,20.48,13021.0,6011.0,18.25,17.63,19033.0
2025-05-11,19,14778.0,2.37,20.18,13034.0,6025.0,18.3,17.65,19060.0
2025-05-11,20,15754.0,2.11,19.4,13028.0,6006.0,18.23,17.6,19033.0
2025-05-11,21,15549.0,1.91,18.91,12657.0,5835.0,17.51,16.87,18493.0
2025-05-11,22,15867.0,1.79,19.52,11619.0,5397.0,15.06,14.35,17016.0
2025-05-11,23,2328.0,1.88,20.93,9508.0,4183.0,11.15,10.12,13691.0
2025-05-12,0,5283.0,2.17,18.69,6805.0,2982.0,7.04,6.0,9788.0
2025-05-12,1,5330.0,2.63,18.82,6728.0,2994.0,7.17,6.13,9722.0
2025-05-12,2,5105.0,3.09,19.79,6399.0,2876.0,7.18,6.13,9275.0
2025-05-12,3,4910.0,3.54,19.63,6084.0,2773.0,7.09,6.05,8858.0
2025-05-12,4,4817.0,3.96,19.25,6000.0,2713.0,6.99,5.95,8713.0
2025-05-12,5,4850.0,4.39,19.14,5746.0,2667.0,7.56,6.51,8413.0
2025-05-12,6,14610.0,4.8,17.8,7642.0,3765.0,10.09,9.26,11408.0
2025-05-12,7,14689.0,4.86,17.91,11877.0,5532.0,16.29,15.57,17410.0
2025-05-12,8,14771.0,4.56,18.04,13274.0,6120.0,18.4,17.78,19394.0
2025-05-12,9,14777.0,4.22,18.04,13373.0,6118.0,18.39,17.77,19490.0
2025-05-12,10,14771.0,3.87,18.06,13324.0,6105.0,17.87,17.26,19429.0
2025-05-12,11,14741.0,3.54,17.94,12753.0,5873.0,16.51,15.88,18626.0
2025-05-12,12,14725.0,3.34,17.95,11724.0,5446.0,14.43,13.81,17171.0
2025-05-12,13,14842.0,3.28,18.17,11057.0,5054.0,13.56,12.82,16111.0
2025-05-12,14,14865.0,3.25,18.23,10920.0,4992.0,13.49,12.72,15912.0
2025-05-12,15,15286.0,3.23,19.0,10751.0,4993.0,13.3,12.56,15744.0
2025-05-12,16,15539.0,3.27,19.48,10687.0,5020.0,13.73,12.99,15707.0
2025-05-12,17,15725.0,3.3,19.89,11609.0,5416.0,15.82,15.08,17024.0
2025-05-12,18,15895.0,3.15,20.31,12946.0,5988.0,18.23,17.56,18933.0
2025-05-12,19,15924.0,2.95,20.32,12972.0,5999.0,18.18,17.51,18970.0
2025-05-12,20,15187.0,2.74,21.21,13113.0,6029.0,18.24,17.61,19143.0
2025-05-12,21,14404.0,2.43,21.95,12763.0,5852.0,17.6,16.92,18615.0
2025-05-12,22,14507.0,2.18,22.27,11634.0,5418.0,14.94,14.23,17052.0
2025-05-12,23,5537.0,2.37,18.85,9390.0,4107.0,10.81,9.74,13496.0
2025-05-13,0,4182.0,2.75,19.71,6862.0,2995.0,7.16,6.12,9857.0
2025-05-13,1,4187.0,3.11,19.9,6372.0,2836.0,6.94,5.9,9208.0
2025-05-13,2,4173.0,3.48,19.85,6275.0,2831.0,7.12,6.07,9105.0
2025-05-13,3,4173.0,3.85,19.95,6267.0,2839.0,7.23,6.17,9106.0
2025-05-13,4,3932.0,4.21,17.97,8134.0,3622.0,9.72,8.65,11756.0
2025-05-13,5,15974.0,4.43,18.12,10825.0,5101.0,15.09,14.29,15926.0
2025-05-13,6,15594.0,4.33,18.8,12848.0,5963.0,18.29,17.61,18810.0
2025-05-13,7,15392.0,4.11,18.5,12767.0,5937.0,18.33,17.64,18704.0
2025-05-13,8,15227.0,3.87,18.18,12751.0,5914.0,18.19,17.5,18666.0
2025-05-13,9,15292.0,3.67,18.3,12337.0,5706.0,17.3,16.6,18043.0
2025-05-13,10,15178.0,3.53,18.03,11574.0,5368.0,15.01,14.34,16941.0
2025-05-13,11,15254.0,3.49,18.19,11010.0,5037.0,13.41,12.65,16047.0
2025-05-13,12,15534.0,3.47,18.7,11221.0,5114.0,13.42,12.68,16335.0
2025-05-13,13,15616.0,3.45,18.88,11259.0,5130.0,13.47,12.75,16389.0
2025-05-13,14,15639.0,3.45,18.85,11208.0,5138.0,13.52,12.8,16346.0
2025-05-13,15,15554.0,3.44,18.71,11177.0,5114.0,13.62,12.91,16291.0
2025-05-13,16,14841.0,3.42,19.08,11077.0,5083.0,13.58,12.88,16160.0
2025-05-13,17,14590.0,3.31,19.41,12044.0,5580.0,15.94,15.32,17624.0
2025-05-13,18,14656.0,3.02,19.61,13208.0,6080.0,18.44,17.84,19288.0
2025-05-13,19,14606.0,2.7,19.5,13230.0,6076.0,18.27,17.66,19306.0
2025-05-13,20,14638.0,2.35,19.6,13352.0,6151.0,18.32,17.75,19503.0
2025-05-13,21,14558.0,2.01,19.31,12909.0,5929.0,17.5,16.87,18838.0
2025-05-13,22,14916.0,1.77,19.54,11957.0,5488.0,14.88,14.22,17445.0
2025-05-13,23,6171.0,1.94,16.94,9850.0,4249.0,10.94,9.91,14099.0
2025-05-14,0,5777.0,2.45,17.94,6870.0,2942.0,6.69,5.67,9812.0
2025-05-14,1,5799.0,2.96,18.21,6689.0,2934.0,6.87,5.84,9622.0
2025-05-14,2,5895.0,3.48,18.52,6651.0,2978.0,7.18,6.16,9629.0
2025-05-14,3,5921.0,4.0,18.74,6617.0,2988.0,7.42,6.38,9606.0
2025-05-14,4,4854.0,4.5,17.61,8117.0,3611.0,9.65,8.59,11728.0
2025-05-14,5,14549.0,4.72,17.43,11071.0,5185.0,15.13,14.37,16256.0
2025-05-14,6,15413.0,4.53,17.25,13172.0,6043.0,18.36,17.71,19215.0
2025-05-14,7,15501.0,4.26,17.38,13296.0,6090.0,18.46,17.81,19386.0
2025-05-14,8,15411.0,3.98,17.2,13274.0,6096.0,18.44,17.78,19370.0
2025-05-14,9,15399.0,3.74,17.17,12532.0,5780.0,17.27,16.6,18312.0
2025-05-14,10,15451.0,3.64,17.26,11142.0,5154.0,14.63,13.89,16296.0
2025-05-14,11,15206.0,3.67,17.94,10712.0,4935.0,13.35,12.57,15647.0
2025-05-14,12,15208.0,3.68,18.5,10926.0,5016.0,13.36,12.58,15943.0
2025-05-14,13,15256.0,3.67,18.85,10941.0,5017.0,13.33,12.55,15957.0
2025-05-14,14,15024.0,3.67,20.16,10907.0,4998.0,13.41,12.63,15905.0
2025-05-14,15,14674.0,3.62,20.66,10916.0,5001.0,13.36,12.59,15917.0
2025-05-14,16,14866.0,3.57,20.94,10919.0,4997.0,13.43,12.68,15916.0
2025-05-14,17,15205.0,3.51,20.3,11975.0,5537.0,15.96,15.26,17512.0
2025-05-14,18,15182.0,3.27,19.66,13213.0,6072.0,18.51,17.88,19285.0
2025-05-14,19,14880.0,2.97,19.06,13263.0,6084.0,18.37,17.75,19347.0
2025-05-14,20,14749.0,2.64,18.78,13321.0,6096.0,18.39,17.76,19417.0
2025-05-14,21,15003.0,2.35,18.45,12663.0,5853.0,17.32,16.66,18516.0
2025-05-14,22,14678.0,2.15,17.85,11965.0,5551.0,15.04,14.35,17516.0
2025-05-14,23,6144.0,2.25,15.25,9321.0,4078.0,10.24,9.2,13399.0
2025-05-15,0,5556.0,2.73,16.76,6656.0,2854.0,6.71,5.67,9510.0
2025-05-15,1,5587.0,3.22,16.88,6265.0,2749.0,6.71,5.67,9014.0
2025-05-15,2,5766.0,3.72,17.85,6405.0,2872.0,7.19,6.13,9277.0
2025-05-15,3,6034.0,4.24,19.0,6637.0,2979.0,7.64,6.58,9616.0
2025-05-15,4,12125.0,4.65,19.34,7995.0,3916.0,9.81,8.97,11911.0
2025-05-15,5,14692.0,4.66,17.73,11320.0,5340.0,15.46,14.69,16660.0
2025-05-15,6,16031.0,4.46,18.33,13198.0,6083.0,18.44,17.8,19281.0
2025-05-15,7,15986.0,4.25,18.21,13178.0,6028.0,18.43,17.78,19206.0
2025-05-15,8,15555.0,4.0,17.53,13205.0,6065.0,18.3,17.63,19270.0
2025-05-15,9,15446.0,3.73,17.27,12882.0,5909.0,17.53,16.86,18791.0
2025-05-15,10,15469.0,3.55,17.35,11727.0,5466.0,15.03,14.37,17193.0
2025-05-15,11,15565.0,3.51,17.49,10988.0,5125.0,13.36,12.69,16112.0
2025-05-15,12,15667.0,3.49,17.66,11357.0,5187.0,13.47,12.79,16544.0
2025-05-15,13,15793.0,3.49,17.91,11321.0,5185.0,13.58,12.91,16506.0
2025-05-15,14,15785.0,3.51,17.92,11174.0,5130.0,13.71,13.02,16304.0
2025-05-15,15,15569.0,3.53,17.54,11076.0,5087.0,13.57,12.86,16163.0
2025-05-15,16,15555.0,3.54,17.53,10939.0,5024.0,13.53,12.8,15962.0
2025-05-15,17,15497.0,3.51,17.37,12151.0,5630.0,16.15,15.51,17781.0
2025-05-15,18,15465.0,3.28,17.44,13263.0,6140.0,18.42,17.84,19403.0
2025-05-15,19,15807.0,3.02,18.02,13340.0,6130.0,18.38,17.79,19470.0
2025-05-15,20,15906.0,2.78,18.21,13482.0,6161.0,18.42,17.83,19643.0
2025-05-15,21,16168.0,2.58,18.61,12796.0,5884.0,17.4,16.77,18679.0
2025-05-15,22,16504.0,2.5,19.27,11730.0,5421.0,14.74,14.04,17151.0
2025-05-15,23,1833.0,2.58,21.43,9629.0,4216.0,10.9,9.86,13846.0
2025-05-16,0,4854.0,2.83,18.92,6997.0,3023.0,6.88,5.85,10020.0
2025-05-16,1,4779.0,3.25,18.6,6780.0,2981.0,7.09,6.05,9761.0
2025-05-16,2,4920.0,3.68,19.41,6320.0,2822.0,7.0,5.96,9142.0
2025-05-16,3,5154.0,4.12,19.72,6283.0,2840.0,7.19,6.14,9123.0
2025-05-16,4,5413.0,4.59,17.85,8386.0,3711.0,9.94,8.86,12097.0
2025-05-16,5,12861.0,4.83,19.63,11165.0,5160.0,15.38,14.57,16324.0
2025-05-16,6,15084.0,4.57,17.74,13275.0,6088.0,18.41,17.77,19363.0
2025-05-16,7,14830.0,4.25,17.33,13227.0,6063.0,18.45,17.78,19289.0
2025-05-16,8,14778.0,3.91,17.19,13238.0,6068.0,18.39,17.72,19307.0
2025-05-16,9,14878.0,3.59,17.33,12740.0,5870.0,17.44,16.77,18610.0
2025-05-16,10,14960.0,3.4,17.44,11611.0,5405.0,14.94,14.28,17015.0
2025-05-16,11,14968.0,3.33,17.48,10972.0,5038.0,13.43,12.72,16010.0
2025-05-16,12,15050.0,3.32,17.66,10595.0,4942.0,12.81,12.14,15536.0
2025-05-16,13,15179.0,3.33,18.19,10847.0,5198.0,13.45,12.87,16044.0
2025-05-16,14,15098.0,3.31,18.67,10815.0,5183.0,13.57,12.99,15998.0
2025-05-16,15,15166.0,3.32,18.88,10639.0,5083.0,13.5,12.86,15722.0
2025-05-16,16,15233.0,3.33,19.03,10641.0,5064.0,13.36,12.71,15704.0
2025-05-16,17,15291.0,3.3,19.08,11856.0,5489.0,15.85,15.16,17345.0
2025-05-16,18,14780.0,3.05,19.29,13080.0,6021.0,18.33,17.7,19101.0
2025-05-16,19,14973.0,2.76,19.78,13006.0,5963.0,18.16,17.53,18969.0
2025-05-16,20,15121.0,2.48,20.0,13034.0,5946.0,17.91,17.27,18980.0
2025-05-16,21,14498.0,2.2,20.72,12684.0,5813.0,17.32,16.66,18497.0
2025-05-16,22,13645.0,1.91,22.05,11870.0,5501.0,14.8,14.13,17371.0
2025-05-16,23,6575.0,2.02,18.3,9350.0,4109.0,10.51,9.48,13459.0
2025-05-17,0,5668.0,2.53,18.16,6607.0,2893.0,6.91,5.89,9499.0
2025-05-17,1,5577.0,3.02,17.8,6399.0,2832.0,7.0,5.97,9231.0
2025-05-17,2,5625.0,3.52,18.12,6457.0,2877.0,7.13,6.1,9334.0
2025-05-17,3,5697.0,4.02,18.37,6448.0,2910.0,7.32,6.27,9358.0
2025-05-17,4,5555.0,4.52,17.67,6264.0,2824.0,7.18,6.13,9088.0
2025-05-17,5,5598.0,5.01,18.34,6166.0,2853.0,7.94,6.89,9019.0
2025-05-17,6,11578.0,5.27,20.45,8114.0,4002.0,10.53,9.74,12116.0
2025-05-17,7,13595.0,5.1,18.96,11897.0,5523.0,15.94,15.27,17420.0
2025-05-17,8,14352.0,4.74,18.13,13490.0,6174.0,18.37,17.8,19663.0
2025-05-17,9,15285.0,4.37,17.5,13598.0,6214.0,18.42,17.84,19812.0
2025-05-17,10,15289.0,4.03,17.31,13644.0,6220.0,17.94,17.37,19863.0
2025-05-17,11,15409.0,3.72,17.44,12992.0,5947.0,16.62,16.06,18939.0
2025-05-17,12,15277.0,3.54,17.27,11960.0,5468.0,14.45,13.82,17428.0
2025-05-17,13,16062.0,3.49,16.78,11338.0,5164.0,13.47,12.8,16502.0
2025-05-17,14,16002.0,3.52,17.05,11187.0,5109.0,13.58,12.89,16296.0
2025-05-17,15,15752.0,3.58,17.33,11041.0,5071.0,13.6,12.9,16112.0
2025-05-17,16,14488.0,3.56,18.33,10881.0,5023.0,13.68,12.95,15904.0
2025-05-17,17,14399.0,3.45,18.23,11953.0,5525.0,16.05,15.37,17477.0
2025-05-17,18,14348.0,3.14,18.14,13132.0,6020.0,18.35,17.69,19152.0
2025-05-17,19,14304.0,2.78,18.02,13235.0,6034.0,18.31,17.68,19269.0
2025-05-17,20,14285.0,2.41,18.02,13275.0,6028.0,18.34,17.71,19302.0
2025-05-17,21,14375.0,2.06,18.17,12945.0,5900.0,17.68,17.02,18845.0
2025-05-17,22,14569.0,1.8,18.68,11796.0,5449.0,15.11,14.43,17245.0
2025-05-17,23,5876.0,2.0,16.42,9195.0,4034.0,10.45,9.4,13229.0
2025-05-18,0,5562.0,2.5,17.84,6526.0,2797.0,6.62,5.6,9322.0
2025-05-18,1,5485.0,2.98,17.59,6389.0,2790.0,6.77,5.74,9180.0
2025-05-18,2,5536.0,3.47,17.99,6382.0,2845.0,7.09,6.06,9227.0
2025-05-18,3,5569.0,3.96,18.22,6346.0,2868.0,7.31,6.26,9214.0
2025-05-18,4,5660.0,4.45,18.56,6398.0,2902.0,7.5,6.45,9300.0
2025-05-18,5,5589.0,4.95,18.22,6065.0,2807.0,8.02,6.97,8872.0
2025-05-18,6,11642.0,5.26,20.09,7663.0,3804.0,10.31,9.48,11467.0
2025-05-18,7,12855.0,5.14,20.03,11421.0,5319.0,15.86,15.1,16740.0
2025-05-18,8,15143.0,4.82,17.78,13121.0,6065.0,18.35,17.7,19186.0
2025-05-18,9,15502.0,4.52,17.27,13527.0,6222.0,18.42,17.81,19748.0
2025-05-18,10,15448.0,4.18,17.18,13726.0,6278.0,18.03,17.45,20004.0
2025-05-18,11,15549.0,3.88,17.4,13079.0,5996.0,16.77,16.21,19075.0
2025-05-18,12,15398.0,3.7,17.14,11853.0,5446.0,14.19,13.58,17299.0
2025-05-18,13,15327.0,3.63,16.95,11427.0,5196.0,13.62,12.96,16622.0
2025-05-18,14,15357.0,3.6,17.08,11237.0,5125.0,13.64,12.96,16361.0
2025-05-18,15,15469.0,3.61,17.29,11022.0,5039.0,13.53,12.81,16061.0
2025-05-18,16,15551.0,3.61,17.46,10918.0,5010.0,13.57,12.84,15928.0
2025-05-18,17,15480.0,3.6,17.37,12076.0,5553.0,16.08,15.39,17629.0
2025-05-18,18,14408.0,3.32,18.1,13270.0,6071.0,18.39,17.77,19342.0
2025-05-18,19,14369.0,2.96,18.07,13257.0,6085.0,18.33,17.71,19342.0
2025-05-18,20,13587.0,2.55,19.01,13342.0,6114.0,18.37,17.76,19457.0
2025-05-18,21,13419.0,2.12,19.06,12816.0,5892.0,17.61,17.0,18708.0
2025-05-18,22,13547.0,1.78,19.31,11782.0,5436.0,15.16,14.47,17218.0
2025-05-18,23,6547.0,1.86,16.74,9347.0,4128.0,10.82,9.81,13475.0
2025-05-19,0,5734.0,2.36,17.59,6635.0,2866.0,6.71,5.71,9501.0
2025-05-19,1,5794.0,2.87,18.09,6507.0,2863.0,6.89,5.88,9371.0
2025-05-19,2,5937.0,3.39,18.68,6536.0,2932.0,7.3,6.29,9468.0
2025-05-19,3,6029.0,3.92,19.09,6547.0,2961.0,7.58,6.56,9509.0
2025-05-19,4,11111.0,4.33,18.36,7900.0,3850.0,9.85,9.01,11750.0
2025-05-19,5,14134.0,4.3,17.99,11306.0,5287.0,15.45,14.73,16594.0
2025-05-19,6,16189.0,4.11,16.73,13143.0,6065.0,18.39,17.75,19207.0
2025-05-19,7,16071.0,3.92,16.35,13022.0,5977.0,18.47,17.84,19000.0
2025-05-19,8,15928.0,3.73,16.18,12997.0,5945.0,18.34,17.7,18942.0
2025-05-19,9,15886.0,3.54,16.13,12699.0,5798.0,17.76,17.1,18498.0
2025-05-19,10,15870.0,3.44,16.1,11485.0,5242.0,14.97,14.23,16727.0
2025-05-19,11,15613.0,3.47,16.47,10782.0,4952.0,13.39,12.65,15734.0
2025-05-19,12,15366.0,3.48,16.99,10959.0,5004.0,13.25,12.54,15963.0
2025-05-19,13,15495.0,3.48,17.23,10900.0,4987.0,13.38,12.67,15887.0
2025-05-19,14,15513.0,3.54,17.29,10768.0,4930.0,13.43,12.71,15698.0
2025-05-19,15,15547.0,3.59,17.32,10728.0,4926.0,13.49,12.76,15654.0
2025-05-19,16,15649.0,3.64,17.49,10766.0,4944.0,13.45,12.72,15709.0
2025-05-19,17,15659.0,3.63,17.54,11920.0,5476.0,15.95,15.31,17397.0
2025-05-19,18,15960.0,3.46,18.04,13038.0,5966.0,18.29,17.69,19004.0
2025-05-19,19,16346.0,3.28,18.66,13034.0,5954.0,18.18,17.57,18988.0
2025-05-19,20,16416.0,3.12,18.81,13064.0,5950.0,18.06,17.45,19014.0
2025-05-19,21,16480.0,2.97,18.98,12602.0,5754.0,17.31,16.67,18356.0
2025-05-19,22,14796.0,2.93,19.07,11725.0,5327.0,14.78,14.05,17052.0
2025-05-19,23,1601.0,3.0,20.26,9736.0,4217.0,10.97,9.94,13952.0
2025-05-20,0,3762.0,3.21,18.67,6680.0,2885.0,6.74,5.73,9565.0
2025-05-20,1,4051.0,3.55,18.53,6832.0,3035.0,7.27,6.25,9866.0
2025-05-20,2,4127.0,3.91,19.04,6847.0,3072.0,7.66,6.63,9920.0
2025-05-20,3,4941.0,4.28,18.67,6739.0,3029.0,7.61,6.58,9768.0
2025-05-20,4,4500.0,4.67,17.66,7838.0,3476.0,9.21,8.16,11315.0
2025-05-20,5,15868.0,4.88,17.74,11004.0,5173.0,15.23,14.48,16176.0
2025-05-20,6,15460.0,4.74,17.04,13150.0,6025.0,18.23,17.6,19174.0
2025-05-20,7,14908.0,4.44,16.17,13222.0,6014.0,18.32,17.7,19236.0
2025-05-20,8,14724.0,4.1,15.9,13226.0,6032.0,18.3,17.69,19258.0
2025-05-20,9,14684.0,3.77,15.79,12800.0,5828.0,17.51,16.89,18628.0
2025-05-20,10,14946.0,3.56,16.21,11605.0,5307.0,15.04,14.36,16911.0
2025-05-20,11,15094.0,3.52,16.39,10756.0,4941.0,13.4,12.68,15697.0
2025-05-20,12,15034.0,3.5,16.34,10963.0,5009.0,13.44,12.73,15972.0
2025-05-20,13,15097.0,3.46,16.43,11010.0,5033.0,13.4,12.7,16043.0
2025-05-20,14,15114.0,3.44,16.52,10956.0,5024.0,13.48,12.79,15980.0
2025-05-20,15,15286.0,3.44,16.81,10838.0,4965.0,13.42,12.74,15804.0
2025-05-20,16,15351.0,3.49,16.87,10751.0,4944.0,13.49,12.78,15695.0
2025-05-20,17,15343.0,3.47,16.85,11921.0,5474.0,16.02,15.35,17396.0
2025-05-20,18,15519.0,3.26,17.06,13030.0,5947.0,18.19,17.59,18977.0
2025-05-20,19,15450.0,3.01,17.02,13124.0,5988.0,18.12,17.53,19112.0
2025-05-20,20,15597.0,2.74,17.22,13337.0,6063.0,18.34,17.78,19400.0
2025-05-20,21,15602.0,2.5,17.25,12805.0,5842.0,17.37,16.75,18647.0
2025-05-20,22,14504.0,2.31,19.75,11841.0,5421.0,14.83,14.16,17261.0
2025-05-20,23,7510.0,2.4,17.5,9663.0,4279.0,10.81,9.83,13942.0
2025-05-21,0,4912.0,2.87,17.98,6573.0,2841.0,6.69,5.68,9414.0
2025-05-21,1,4532.0,3.28,18.43,6259.0,2754.0,6.61,5.61,9013.0
2025-05-21,2,4584.0,3.68,18.87,6254.0,2800.0,6.94,5.92,9054.0
2025-05-21,3,4543.0,4.08,18.73,6196.0,2792.0,7.02,6.0,8988.0
2025-05-21,4,4677.0,4.47,16.54,8174.0,3633.0,9.54,8.52,11807.0
2025-05-21,5,15388.0,4.59,17.34,11323.0,5266.0,15.38,14.65,16589.0
2025-05-21,6,15560.0,4.42,17.57,13172.0,6024.0,18.2,17.58,19196.0
2025-05-21,7,15229.0,4.13,17.0,13240.0,6025.0,18.23,17.64,19265.0
2025-05-21,8,14954.0,3.81,16.62,13214.0,6026.0,18.33,17.74,19240.0
2025-05-21,9,14880.0,3.54,16.49,12397.0,5679.0,17.39,16.74,18076.0
2025-05-21,10,14916.0,3.41,16.51,11145.0,5135.0,14.88,14.15,16280.0
2025-05-21,11,14993.0,3.41,16.67,10519.0,4845.0,13.32,12.56,15364.0
2025-05-21,12,15136.0,3.42,16.85,10800.0,4949.0,13.22,12.48,15749.0
2025-05-21,13,15172.0,3.42,16.93,10778.0,4938.0,13.3,12.56,15716.0
2025-05-21,14,15463.0,3.44,17.36,10736.0,4929.0,13.38,12.64,15665.0
2025-05-21,15,15797.0,3.49,17.93,10748.0,4960.0,13.37,12.62,15708.0
2025-05-21,16,14295.0,3.49,20.2,10723.0,4957.0,13.4,12.65,15681.0
2025-05-21,17,13721.0,3.35,19.66,11733.0,5405.0,15.76,15.07,17138.0
2025-05-21,18,13609.0,2.99,19.37,13018.0,5985.0,18.23,17.6,19002.0
2025-05-21,19,13621.0,2.59,19.44,13024.0,5967.0,18.15,17.53,18991.0
2025-05-21,20,13579.0,2.17,19.27,13181.0,6039.0,18.31,17.69,19220.0
2025-05-21,21,13319.0,1.74,18.81,12623.0,5797.0,17.26,16.6,18421.0
2025-05-21,22,13564.0,1.42,19.23,11696.0,5368.0,14.75,14.05,17065.0
2025-05-21,23,13233.0,1.28,18.54,9464.0,4406.0,10.98,10.17,13870.0
2025-05-22,0,13795.0,1.55,16.48,6104.0,2993.0,6.67,5.78,9097.0
2025-05-22,1,6731.0,2.12,16.4,5973.0,2641.0,6.61,5.58,8614.0
2025-05-22,2,6782.0,2.72,16.35,5827.0,2605.0,6.86,5.82,8432.0
2025-05-22,3,6772.0,3.32,16.38,5822.0,2597.0,6.96,5.92,8419.0
2025-05-22,4,5729.0,3.89,16.05,7796.0,3417.0,9.44,8.38,11213.0
2025-05-22,5,15796.0,4.16,16.82,11176.0,5210.0,14.87,14.1,16386.0
2025-05-22,6,15879.0,3.99,16.46,13430.0,6199.0,18.37,17.75,19630.0
2025-05-22,7,15533.0,3.71,16.01,13352.0,6122.0,18.44,17.81,19474.0
2025-05-22,8,15463.0,3.4,15.79,13301.0,6090.0,18.33,17.71,19390.0
2025-05-22,9,15442.0,3.13,15.81,12695.0,5806.0,17.3,16.66,18501.0
2025-05-22,10,15510.0,2.96,15.9,11614.0,5334.0,15.0,14.33,16948.0
2025-05-22,11,15745.0,2.96,16.16,10822.0,4929.0,13.38,12.67,15752.0
2025-05-22,12,16068.0,3.01,16.39,11050.0,5055.0,13.35,12.68,16105.0
2025-05-22,13,16241.0,3.07,16.71,11050.0,5042.0,13.42,12.74,16093.0
2025-05-22,14,16276.0,3.14,16.7,11051.0,5048.0,13.48,12.81,16099.0
2025-05-22,15,16587.0,3.24,17.27,11056.0,5053.0,13.56,12.87,16109.0
2025-05-22,16,16623.0,3.32,18.0,11002.0,5046.0,13.48,12.8,16048.0
2025-05-22,18,16405.0,3.29,18.32,13220.0,6045.0,18.38,17.79,19265.0
2025-05-22,19,16089.0,3.11,17.92,13258.0,6063.0,18.32,17.74,19321.0
2025-05-22,20,15876.0,2.87,18.16,13385.0,6111.0,18.27,17.69,19496.0
2025-05-22,21,15609.0,2.64,17.66,12833.0,5877.0,17.32,16.7,18710.0
2025-05-22,22,15183.0,2.49,17.68,11724.0,5381.0,14.7,14.0,17105.0
2025-05-22,23,1322.0,2.5,20.65,9621.0,4188.0,10.93,9.92,13809.0
2025-05-23,0,4792.0,2.75,19.93,6588.0,2895.0,6.98,5.97,9483.0
2025-05-23,1,5003.0,3.18,19.05,6365.0,2850.0,7.08,6.07,9215.0
2025-05-23,2,5164.0,3.64,18.91,6225.0,2829.0,7.27,6.25,9054.0
2025-05-23,3,5105.0,4.09,18.65,6121.0,2791.0,7.35,6.32,8913.0
2025-05-23,4,4288.0,4.51,16.28,8293.0,3699.0,10.01,8.97,11991.0
2025-05-23,5,13077.0,4.52,16.86,11451.0,5361.0,15.68,14.94,16812.0
2025-05-23,6,14779.0,4.2,17.13,13328.0,6121.0,18.25,17.62,19449.0
2025-05-23,7,14565.0,3.83,16.8,13380.0,6135.0,18.3,17.69,19516.0
2025-05-23,8,14364.0,3.57,16.35,13326.0,6090.0,18.19,17.57,19416.0
2025-05-23,16,16805.0,3.2,15.23,11110.0,5104.0,13.5,12.82,16214.0
2025-05-23,17,16733.0,3.25,15.25,12162.0,5613.0,15.82,15.2,17775.0
2025-05-23,18,16835.0,3.24,15.42,12717.0,5881.0,16.97,16.38,18598.0
2025-05-23,19,16277.0,2.99,16.51,13210.0,6091.0,18.19,17.61,19301.0
2025-05-23,20,16259.0,2.76,17.39,13309.0,6101.0,18.25,17.66,19409.0
2025-05-23,21,16256.0,2.58,17.38,12656.0,5830.0,17.19,16.56,18486.0
2025-05-23,22,14957.0,2.51,17.92,11793.0,5397.0,14.65,13.95,17190.0
2025-05-23,23,1433.0,2.56,20.15,9706.0,4220.0,10.91,9.88,13926.0
2025-05-24,0,3911.0,2.76,18.48,6973.0,2998.0,7.01,5.99,9971.0
2025-05-24,1,4258.0,3.12,18.46,6608.0,2891.0,6.88,5.86,9499.0
2025-05-24,2,4282.0,3.5,18.69,6534.0,2915.0,7.19,6.16,9449.0
2025-05-24,3,4304.0,3.87,18.94,6532.0,2949.0,7.4,6.36,9481.0
2025-05-24,4,4813.0,4.27,18.02,6265.0,2820.0,7.22,6.19,9084.0
2025-05-24,5,4867.0,4.7,18.23,6073.0,2792.0,7.84,6.8,8865.0
2025-05-24,6,12790.0,5.01,18.94,7882.0,3819.0,10.14,9.33,11701.0
2025-05-24,7,14950.0,4.99,17.67,11996.0,5545.0,16.14,15.44,17541.0
2025-05-24,8,14869.0,4.71,18.37,13566.0,6194.0,18.31,17.71,19760.0
2025-05-24,9,14538.0,4.41,17.71,13599.0,6231.0,18.4,17.81,19830.0
2025-05-24,10,14848.0,3.99,17.1,13754.0,6262.0,18.26,17.7,20016.0
2025-05-24,11,14821.0,3.6,16.99,13332.0,6038.0,17.32,16.73,19371.0
2025-05-24,12,14588.0,3.31,17.03,12367.0,5597.0,15.19,14.58,17965.0
2025-05-24,13,15124.0,3.16,16.64,11356.0,5137.0,13.56,12.92,16494.0
2025-05-24,14,15687.0,3.18,16.39,11136.0,5070.0,13.57,12.9,16206.0
2025-05-24,15,15594.0,3.22,16.7,10889.0,4994.0,13.55,12.86,15883.0
2025-05-24,16,15592.0,3.27,16.82,10817.0,4944.0,13.51,12.77,15761.0
2025-05-24,17,15587.0,3.32,16.67,10931.0,5085.0,14.36,13.62,16016.0
2025-05-24,18,14750.0,3.14,17.63,12926.0,5960.0,18.12,17.49,18886.0
2025-05-24,19,13833.0,2.72,19.81,12953.0,5968.0,18.3,17.64,18921.0
2025-05-24,20,13718.0,2.31,20.49,12979.0,5956.0,18.25,17.59,18935.0
2025-05-24,21,14081.0,1.95,21.32,12582.0,5829.0,17.49,16.8,18411.0
2025-05-24,22,14369.0,1.7,22.46,11679.0,5422.0,15.04,14.32,17101.0
2025-05-24,23,5525.0,1.82,18.95,9713.0,4253.0,11.32,10.29,13967.0
2025-05-25,0,4966.0,2.21,18.38,7296.0,3175.0,7.51,6.48,10471.0
2025-05-25,1,5368.0,2.68,18.33,6647.0,2926.0,7.04,6.01,9573.0
2025-05-25,2,5369.0,3.16,18.32,6550.0,2909.0,7.26,6.22,9459.0
2025-05-25,3,5416.0,3.63,18.43,6491.0,2899.0,7.52,6.48,9390.0
2025-05-25,4,5358.0,4.11,18.24,6383.0,2862.0,7.53,6.49,9245.0
2025-05-25,5,5618.0,4.59,19.65,6419.0,2924.0,8.67,7.62,9343.0
2025-05-25,6,11794.0,5.06,19.53,7636.0,3689.0,10.23,9.34,11324.0
2025-05-25,7,14536.0,5.11,19.06,11539.0,5312.0,15.85,15.12,16851.0
2025-05-25,8,14414.0,4.87,18.83,13022.0,6013.0,18.32,17.67,19035.0
2025-05-25,9,14359.0,4.58,18.77,13221.0,6075.0,18.28,17.66,19296.0
2025-05-25,10,14325.0,4.19,18.67,13457.0,6139.0,17.96,17.39,19596.0
2025-05-25,11,14433.0,3.77,18.42,13235.0,6020.0,17.2,16.61,19255.0
2025-05-25,12,15667.0,3.55,17.66,12084.0,5522.0,15.08,14.41,17606.0
2025-05-25,13,16024.0,3.52,17.33,11174.0,5097.0,13.49,12.79,16271.0
2025-05-25,14,15853.0,3.54,18.26,11102.0,5063.0,13.47,12.73,16165.0
2025-05-25,15,15584.0,3.56,18.42,10932.0,5069.0,13.52,12.8,16000.0
2025-05-25,16,15284.0,3.58,18.46,10932.0,5030.0,13.49,12.78,15962.0
2025-05-25,17,15201.0,3.58,18.82,11496.0,5318.0,15.09,14.4,16814.0
2025-05-25,18,15025.0,3.33,19.1,13086.0,6009.0,18.23,17.61,19095.0
2025-05-25,19,14980.0,3.04,19.09,13174.0,6029.0,18.25,17.63,19203.0
2025-05-25,20,15503.0,2.75,18.9,13286.0,6108.0,18.27,17.66,19394.0
2025-05-25,21,15840.0,2.52,18.88,12878.0,5923.0,17.53,16.89,18801.0
2025-05-25,22,15722.0,2.41,19.12,11797.0,5427.0,15.04,14.31,17225.0
2025-05-25,23,2525.0,2.51,21.01,9568.0,4183.0,11.13,10.07,13751.0
2025-05-26,0,5291.0,2.85,19.23,6574.0,2857.0,6.82,5.78,9432.0
2025-05-26,1,5346.0,3.31,19.12,6408.0,2852.0,6.95,5.9,9259.0
2025-05-26,2,5389.0,3.79,19.4,6360.0,2873.0,7.25,6.2,9233.0
2025-05-26,3,5428.0,4.26,19.54,6353.0,2888.0,7.4,6.34,9241.0
2025-05-26,4,4936.0,4.73,17.9,7779.0,3477.0,9.31,8.22,11256.0
2025-05-26,5,14258.0,4.92,18.26,10940.0,5138.0,14.92,14.13,16078.0
2025-05-26,6,14720.0,4.67,18.46,13245.0,6144.0,18.32,17.65,19389.0
2025-05-26,7,14427.0,4.3,18.01,13334.0,6125.0,18.44,17.78,19459.0
2025-05-26,8,14312.0,3.91,17.17,13244.0,6099.0,18.3,17.63,19343.0
2025-05-26,9,14937.0,3.58,16.4,12682.0,5852.0,17.51,16.83,18534.0
2025-05-26,10,15121.0,3.41,16.29,11498.0,5306.0,14.88,14.16,16804.0
2025-05-26,11,15285.0,3.39,16.54,10813.0,4949.0,13.4,12.65,15763.0
2025-05-26,12,15478.0,3.39,16.83,11022.0,5050.0,13.31,12.58,16072.0
2025-05-26,13,15630.0,3.4,17.08,11033.0,5035.0,13.41,12.68,16068.0
2025-05-26,14,15811.0,3.45,17.36,11014.0,5039.0,13.51,12.78,16052.0
2025-05-26,15,15675.0,3.49,18.0,10891.0,4998.0,13.44,12.7,15889.0
2025-05-26,16,15806.0,3.54,18.4,10850.0,4991.0,13.41,12.67,15841.0
2025-05-26,17,16022.0,3.57,18.82,11954.0,5467.0,15.87,15.18,17422.0
2025-05-26,18,15219.0,3.37,19.88,13131.0,6026.0,18.37,17.75,19157.0
2025-05-26,19,15152.0,3.09,19.89,13153.0,6023.0,18.24,17.61,19175.0
2025-05-26,20,15171.0,2.8,19.9,13237.0,6084.0,18.25,17.62,19322.0
2025-05-26,21,15247.0,2.53,20.03,12818.0,5902.0,17.54,16.87,18720.0
2025-05-26,22,14783.0,2.34,20.99,11767.0,5431.0,14.95,14.23,17198.0
2025-05-26,23,6074.0,2.46,17.99,9576.0,4217.0,11.1,10.05,13794.0
2025-05-27,0,5315.0,2.92,19.08,6907.0,3023.0,7.29,6.24,9930.0
2025-05-27,1,5286.0,3.38,18.86,6522.0,2910.0,7.15,6.11,9432.0
2025-05-27,2,5257.0,3.85,18.74,6403.0,2888.0,7.29,6.24,9291.0
2025-05-27,3,5212.0,4.31,18.47,6293.0,2847.0,7.3,6.24,9140.0
2025-05-27,4,12122.0,4.67,18.49,7896.0,3908.0,9.69,8.84,11804.0
2025-05-27,5,15358.0,4.72,18.04,11213.0,5257.0,15.43,14.66,16470.0
2025-05-27,6,15453.0,4.53,17.57,13278.0,6124.0,18.28,17.62,19401.0
2025-05-27,7,15260.0,4.24,16.44,13289.0,6110.0,18.4,17.75,19400.0
2025-05-27,8,15110.0,3.93,15.93,13200.0,6064.0,18.32,17.68,19263.0
2025-05-27,9,15221.0,3.67,16.13,12437.0,5728.0,17.19,16.5,18165.0
2025-05-27,10,15447.0,3.55,16.5,11520.0,5284.0,15.14,14.42,16803.0
2025-05-27,11,15690.0,3.52,16.81,11166.0,5116.0,14.17,13.43,16282.0
2025-05-27,12,15807.0,3.54,17.01,10991.0,5020.0,13.33,12.58,16011.0
2025-05-27,13,15869.0,3.58,17.1,11033.0,5057.0,13.39,12.66,16090.0
2025-05-27,14,16080.0,3.62,17.4,10997.0,5047.0,13.53,12.81,16045.0
2025-05-27,15,16028.0,3.7,17.98,10921.0,5018.0,13.52,12.8,15939.0
2025-05-27,16,15621.0,3.75,18.18,10864.0,5007.0,13.52,12.8,15871.0
2025-05-27,17,15379.0,3.73,18.09,11989.0,5512.0,15.79,15.12,17501.0
2025-05-27,18,15021.0,3.49,18.17,13162.0,6044.0,18.3,17.69,19206.0
2025-05-27,19,15362.0,3.21,18.04,13263.0,6087.0,18.22,17.61,19350.0
2025-05-27,20,15648.0,2.93,18.54,13408.0,6126.0,18.27,17.67,19535.0
2025-05-27,21,15697.0,2.7,18.61,12585.0,5855.0,17.29,16.62,18440.0
2025-05-27,22,15019.0,2.6,18.86,11515.0,5376.0,14.72,13.98,16892.0
2025-05-27,23,1181.0,2.64,19.83,9609.0,4222.0,10.87,9.83,13831.0
2025-05-28,0,4680.0,2.87,17.89,6689.0,2877.0,6.69,5.68,9566.0
2025-05-28,1,4765.0,3.29,17.98,6525.0,2868.0,6.98,5.95,9393.0
2025-05-28,2,4770.0,3.72,18.05,6416.0,2887.0,7.21,6.17,9304.0
2025-05-28,3,5152.0,4.15,17.77,6282.0,2832.0,7.22,6.18,9113.0
2025-05-28,4,4218.0,4.6,16.58,7986.0,3551.0,9.37,8.3,11537.0
2025-05-28,5,14452.0,4.74,16.72,11115.0,5204.0,15.01,14.24,16319.0
2025-05-28,6,15480.0,4.52,16.99,13318.0,6154.0,18.31,17.68,19472.0
2025-05-28,7,15244.0,4.22,16.56,13366.0,6142.0,18.27,17.64,19508.0
2025-05-28,8,15114.0,3.89,16.37,13295.0,6090.0,18.18,17.55,19385.0
2025-05-28,9,15378.0,3.6,16.8,12736.0,5858.0,17.32,16.67,18594.0
2025-05-28,10,15424.0,3.47,16.86,11425.0,5273.0,14.73,14.05,16698.0
2025-05-28,11,15437.0,3.5,16.86,10577.0,4872.0,13.2,12.46,15449.0
2025-05-28,12,15464.0,3.52,16.91,10832.0,4975.0,13.16,12.43,15807.0
2025-05-28,13,15920.0,3.56,17.58,10882.0,5003.0,13.16,12.44,15885.0
2025-05-28,14,16059.0,3.63,18.19,10834.0,4987.0,13.27,12.56,15821.0
2025-05-28,15,15929.0,3.71,18.83,10765.0,4976.0,13.32,12.62,15741.0
2025-05-28,16,15750.0,3.78,18.89,10779.0,4983.0,13.37,12.68,15762.0
2025-05-28,17,15656.0,3.78,18.71,12042.0,5584.0,16.13,15.5,17625.0
2025-05-28,18,15515.0,3.58,18.57,13095.0,6037.0,18.19,17.6,19133.0
2025-05-28,19,15370.0,3.33,18.22,13266.0,6085.0,18.28,17.68,19350.0
2025-05-28,20,15291.0,3.03,18.19,13409.0,6136.0,18.34,17.73,19545.0
2025-05-28,21,15419.0,2.77,18.43,12835.0,5893.0,17.34,16.7,18728.0
2025-05-28,22,14537.0,2.6,18.14,11896.0,5451.0,14.84,14.12,17346.0
2025-05-28,23,2015.0,2.64,20.03,8915.0,3126.0,10.27,9.35,12041.0
2025-05-29,0,4847.0,2.94,19.14,6439.0,2557.0,6.66,5.66,8995.0
2025-05-29,1,4836.0,3.36,19.09,6337.0,2776.0,6.7,5.68,9113.0
2025-05-29,2,4815.0,3.79,19.0,6203.0,2769.0,6.94,5.92,8972.0
2025-05-29,3,4895.0,4.22,19.39,6239.0,2818.0,7.15,6.1,9058.0
2025-05-29,4,4589.0,4.64,17.74,8343.0,3716.0,9.96,8.89,12059.0
2025-05-29,5,15079.0,4.81,17.44,11394.0,5369.0,15.73,14.98,16763.0
2025-05-29,6,15514.0,4.58,17.28,13247.0,6094.0,18.24,17.59,19341.0
2025-05-29,7,15487.0,4.32,17.22,13053.0,6015.0,17.7,17.07,19068.0
2025-05-29,8,15354.0,4.03,16.99,12968.0,5992.0,17.78,17.14,18961.0
2025-05-29,9,15274.0,3.79,16.9,12638.0,5824.0,17.26,16.61,18462.0
2025-05-29,10,15258.0,3.63,17.0,11539.0,5358.0,15.08,14.38,16897.0
2025-05-29,11,11366.0,3.65,17.62,10355.0,4725.0,12.99,12.23,15080.0
2025-05-29,12,2550.0,3.7,17.92,10750.0,4673.0,13.08,12.08,15423.0
2025-05-29,13,14816.0,3.69,18.46,10805.0,4968.0,13.29,12.53,15772.0
2025-05-29,14,14956.0,3.65,19.0,10723.0,4945.0,13.23,12.48,15668.0
2025-05-29,15,15147.0,3.65,19.4,10704.0,4949.0,13.22,12.47,15653.0
2025-05-29,16,14444.0,3.64,20.5,10742.0,4967.0,13.31,12.57,15710.0
2025-05-29,17,14036.0,3.51,20.85,11877.0,5500.0,15.78,15.1,17377.0
2025-05-29,18,14022.0,3.19,20.83,13033.0,6033.0,18.32,17.68,19066.0
2025-05-29,19,14201.0,2.81,21.23,13134.0,6047.0,18.24,17.6,19181.0
2025-05-29,20,13827.0,2.42,20.4,13324.0,6110.0,18.24,17.62,19434.0
2025-05-29,21,13980.0,2.0,19.78,12868.0,5928.0,17.39,16.73,18796.0
2025-05-29,22,15026.0,1.73,18.95,11898.0,5482.0,14.78,14.08,17380.0
2025-05-29,23,6480.0,1.93,16.07,9353.0,4111.0,10.19,9.15,13464.0
2025-05-30,0,5714.0,2.42,17.48,6876.0,2975.0,6.93,5.9,9850.0
2025-05-30,1,5777.0,2.93,17.86,6537.0,2869.0,6.89,5.86,9406.0
2025-05-30,2,5887.0,3.44,18.26,6523.0,2918.0,7.21,6.17,9440.0
2025-05-30,3,5892.0,3.96,18.39,6478.0,2931.0,7.39,6.34,9409.0
2025-05-30,4,4989.0,4.47,17.09,8036.0,3590.0,9.48,8.41,11626.0
2025-05-30,5,14490.0,4.66,16.41,11017.0,5175.0,14.88,14.11,16191.0
2025-05-30,6,15328.0,4.42,17.24,13303.0,6149.0,18.3,17.68,19452.0
2025-05-30,7,15269.0,4.11,17.06,13303.0,6146.0,18.29,17.66,19449.0
2025-05-30,8,15126.0,3.79,16.89,13286.0,6085.0,18.31,17.68,19372.0
2025-05-30,9,15403.0,3.51,16.63,12602.0,5804.0,17.11,16.46,18406.0
2025-05-30,10,15453.0,3.36,16.49,11614.0,5321.0,14.76,14.07,16935.0
2025-05-30,11,15444.0,3.35,16.49,10763.0,4937.0,13.15,12.42,15700.0
2025-05-30,12,15498.0,3.36,16.7,10945.0,5026.0,13.14,12.44,15971.0
2025-05-30,13,15545.0,3.37,16.82,10961.0,5050.0,13.14,12.44,16011.0
2025-05-30,14,15621.0,3.4,16.97,10905.0,5025.0,13.27,12.57,15930.0
2025-05-30,15,15582.0,3.43,18.0,10904.0,5032.0,13.32,12.62,15936.0
2025-05-30,16,15103.0,3.43,18.84,10843.0,5011.0,13.28,12.56,15854.0
2025-05-30,17,15122.0,3.4,18.94,11826.0,5475.0,15.81,15.13,17301.0
2025-05-30,18,14860.0,3.13,19.22,12994.0,6010.0,18.3,17.69,19004.0
2025-05-30,19,14148.0,2.83,20.78,12924.0,5982.0,18.21,17.56,18906.0
2025-05-30,20,14173.0,2.48,20.87,12989.0,5955.0,18.17,17.52,18944.0
2025-05-30,21,13776.0,2.12,20.86,12508.0,5749.0,17.27,16.58,18257.0
2025-05-30,22,13529.0,1.83,20.45,11576.0,5361.0,14.64,13.9,16937.0
2025-05-30,23,5894.0,1.91,17.49,9571.0,4178.0,10.78,9.73,13750.0
2025-05-31,0,5243.0,2.36,18.52,6689.0,2881.0,6.74,5.7,9571.0
2025-05-31,1,5271.0,2.82,18.69,6552.0,2880.0,6.91,5.87,9432.0
2025-05-31,2,5363.0,3.29,19.14,6554.0,2941.0,7.24,6.2,9495.0
2025-05-31,3,5349.0,3.76,19.01,6471.0,2915.0,7.32,6.28,9386.0
2025-05-31,4,5142.0,4.23,17.98,6247.0,2784.0,7.01,5.96,9031.0
2025-05-31,5,5162.0,4.68,18.05,6039.0,2775.0,7.48,6.43,8814.0
2025-05-31,6,13866.0,5.11,18.43,7833.0,3872.0,10.03,9.19,11705.0
2025-05-31,7,14203.0,5.12,18.53,11891.0,5495.0,16.09,15.37,17386.0
2025-05-31,8,14377.0,4.79,18.1,13235.0,6066.0,18.26,17.64,19302.0
2025-05-31,9,14269.0,4.4,17.93,13394.0,6113.0,18.27,17.65,19507.0
2025-05-31,10,14163.0,3.98,17.6,13460.0,6151.0,17.91,17.32,19611.0
2025-05-31,11,14250.0,3.59,17.79,12816.0,5869.0,16.53,15.91,18685.0
2025-05-31,12,14360.0,3.32,18.0,11812.0,5411.0,14.46,13.78,17222.0
2025-05-31,13,14384.0,3.17,18.07,11206.0,5138.0,13.41,12.71,16344.0
2025-05-31,14,15554.0,3.1,17.19,11153.0,5128.0,13.5,12.81,16281.0
2025-05-31,15,15736.0,3.12,17.29,11054.0,5080.0,13.51,12.82,16133.0
2025-05-31,16,15877.0,3.17,17.55,10869.0,5021.0,13.5,12.78,15890.0
2025-05-31,17,15886.0,3.2,17.47,11806.0,5455.0,15.84,15.16,17260.0
2025-05-31,18,15960.0,3.06,18.07,12821.0,5920.0,18.31,17.63,18741.0
2025-05-31,19,15963.0,2.89,18.45,12794.0,5897.0,18.19,17.51,18691.0
2025-05-31,20,15889.0,2.7,18.92,12849.0,5910.0,18.21,17.54,18759.0
2025-05-31,21,16200.0,2.55,19.51,12432.0,5736.0,17.33,16.62,18168.0
2025-05-31,22,15857.0,2.5,19.95,11469.0,5304.0,14.94,14.17,16772.0
2025-05-31,23,2449.0,2.64,22.26,9254.0,4062.0,10.87,9.81,13316.0
