date,hour,LK_Qin,LK_Level,LK_Inlet,LK_F_Meen,LK_F_Ladkra,LK_P,TotalFlow
2026-03-01,0,11411.0,3.19,6.65,2090.0,4602.0,5.43,6692.0
2026-03-01,1,11134.0,3.73,7.26,1854.0,4904.0,5.27,6758.0
2026-03-01,2,11042.0,4.26,7.53,1974.0,4847.0,5.65,6822.0
2026-03-01,3,10872.0,4.76,7.71,1990.0,4925.0,5.79,6915.0
2026-03-01,4,9003.0,5.17,7.92,1991.0,4523.0,5.66,6513.0
2026-03-01,5,8151.0,5.37,7.9,2528.0,5128.0,7.16,7656.0
2026-03-01,6,11522.0,5.37,7.59,3760.0,7900.0,10.97,11660.0
2026-03-01,7,14082.0,5.17,7.33,5045.0,11043.0,14.42,16088.0
2026-03-01,8,14607.0,4.89,7.08,5583.0,11756.0,15.26,17339.0
2026-03-01,9,14536.0,4.5,7.0,5713.0,11911.0,15.51,17624.0
2026-03-01,10,14775.0,4.14,7.53,5397.0,11427.0,14.75,16824.0
2026-03-01,11,14069.0,3.92,7.73,5049.0,10786.0,13.1,15836.0
2026-03-01,12,14060.0,3.68,8.07,4814.0,10500.0,11.61,15314.0
2026-03-01,13,13820.0,3.64,8.23,4265.0,8996.0,9.77,13261.0
2026-03-01,14,13927.0,3.79,6.81,3713.0,8224.0,9.28,11937.0
2026-03-01,15,13694.0,4.03,5.89,3641.0,8158.0,9.26,11799.0
2026-03-01,16,13340.0,4.24,5.29,3631.0,8020.0,9.18,11651.0
2026-03-01,17,12761.0,4.33,4.99,4263.0,9163.0,11.01,13426.0
2026-03-01,18,12816.0,4.08,4.8,5107.0,10283.0,14.01,15390.0
2026-03-01,19,12999.0,3.69,4.83,5344.0,10843.0,15.23,16187.0
2026-03-01,20,13633.0,3.31,4.98,5401.0,10835.0,15.15,16236.0
2026-03-01,21,14228.0,2.99,5.06,5371.0,11139.0,14.64,16510.0
2026-03-01,22,15573.0,2.79,5.36,5243.0,10846.0,13.6,16089.0
2026-03-01,23,16529.0,2.79,5.83,4670.0,10787.0,12.04,15456.0
2026-03-02,0,11211.0,3.11,6.73,3607.0,3903.0,6.48,7510.0
2026-03-02,1,11255.0,3.54,7.18,3516.0,3957.0,6.63,7474.0
2026-03-02,2,11231.0,4.02,7.62,3532.0,3647.0,6.66,7179.0
2026-03-02,3,11267.0,4.51,7.96,3498.0,3679.0,6.56,7177.0
2026-03-02,4,10580.0,5.01,8.12,2768.0,3573.0,6.4,6341.0
2026-03-02,5,9815.0,5.42,7.76,2747.0,5478.0,8.37,8225.0
2026-03-02,6,13685.0,5.48,6.98,4235.0,9507.0,12.63,13742.0
2026-03-02,7,14773.0,5.27,6.43,5565.0,11984.0,15.62,17549.0
2026-03-02,8,14742.0,4.86,6.58,5762.0,12119.0,16.07,17881.0
2026-03-02,9,14651.0,4.5,6.91,5631.0,11643.0,15.96,17274.0
2026-03-02,10,14967.0,4.17,7.63,5711.0,11834.0,15.83,17545.0
2026-03-02,11,15151.0,3.79,7.72,5492.0,12175.0,14.19,17667.0
2026-03-02,12,15054.0,3.7,7.78,4262.0,9725.0,10.53,13986.0
2026-03-02,13,13557.0,3.89,8.1,3571.0,8267.0,8.74,11837.0
2026-03-02,14,13489.0,4.1,7.74,3538.0,8170.0,8.84,11708.0
2026-03-02,15,13466.0,4.3,6.31,3652.0,8214.0,8.8,11867.0
2026-03-02,16,13338.0,4.48,5.53,3652.0,8182.0,8.84,11835.0
2026-03-02,17,13132.0,4.62,5.0,4005.0,8660.0,9.86,12665.0
2026-03-02,18,13086.0,4.5,4.57,4762.0,10502.0,12.92,15264.0
2026-03-02,19,13277.0,4.16,4.49,5238.0,10705.0,14.53,15943.0
2026-03-02,20,13460.0,3.81,4.67,5134.0,10802.0,14.57,15936.0
2026-03-02,21,13618.0,3.5,4.96,5175.0,10745.0,14.53,15920.0
2026-03-02,22,14233.0,3.26,5.25,5034.0,10427.0,13.33,15461.0
2026-03-02,23,14427.0,3.14,6.13,4739.0,10335.0,11.93,15073.0
2026-03-03,0,11275.0,3.29,6.87,3862.0,4126.0,5.45,7988.0
2026-03-03,1,10948.0,3.76,6.91,3631.0,3492.0,5.25,7123.0
2026-03-03,2,9716.0,4.18,7.08,3614.0,3496.0,5.44,7109.0
2026-03-03,3,9612.0,4.53,7.34,3331.0,3483.0,5.56,6814.0
2026-03-03,4,9089.0,4.9,7.48,2884.0,3493.0,5.62,6377.0
2026-03-03,5,9640.0,5.2,7.41,2622.0,5478.0,7.21,8100.0
2026-03-03,6,13566.0,5.3,6.98,4108.0,9007.0,11.23,13115.0
2026-03-03,7,14501.0,5.23,6.75,5164.0,10911.0,14.37,16074.0
2026-03-03,8,14369.0,4.91,6.91,5582.0,11795.0,15.17,17377.0
2026-03-03,9,14345.0,4.49,7.24,5689.0,11815.0,15.4,17504.0
2026-03-03,10,14612.0,4.15,8.1,5320.0,11220.0,14.68,16540.0
2026-03-03,11,14597.0,3.95,8.53,5006.0,11013.0,13.01,16019.0
2026-03-03,12,14721.0,3.8,8.48,3747.0,11136.0,11.77,14883.0
2026-03-03,13,14605.0,3.84,8.23,3363.0,9995.0,10.55,13358.0
2026-03-03,14,12052.0,3.91,7.93,2965.0,8867.0,9.13,11832.0
2026-03-03,15,12087.0,3.94,6.8,3041.0,8614.0,9.01,11655.0
2026-03-03,16,12003.0,3.97,5.92,3165.0,8443.0,9.43,11608.0
2026-03-03,17,12377.0,3.9,5.37,3311.0,10279.0,11.0,13590.0
2026-03-03,18,14019.0,3.68,4.68,4182.0,11519.0,14.13,15700.0
2026-03-03,19,14097.0,3.39,4.29,4304.0,11797.0,15.01,16101.0
2026-03-03,20,14195.0,3.1,4.19,4311.0,11776.0,14.89,16087.0
2026-03-03,21,14363.0,2.82,4.23,4098.0,12438.0,14.57,16536.0
2026-03-03,22,15349.0,2.55,4.41,4062.0,12563.0,13.66,16625.0
2026-03-03,23,16916.0,2.45,4.94,4176.0,12059.0,12.25,16235.0
2026-03-04,0,12164.0,2.81,5.67,3633.0,4025.0,5.82,7658.0
2026-03-04,1,12571.0,3.4,6.07,3420.0,3548.0,5.73,6967.0
2026-03-04,2,12465.0,4.07,6.4,3608.0,3478.0,5.82,7086.0
2026-03-04,3,11947.0,4.68,6.68,3593.0,3632.0,5.89,7225.0
2026-03-04,4,10520.0,5.22,6.8,3209.0,3467.0,5.93,6677.0
2026-03-04,5,8646.0,5.45,7.12,2671.0,5542.0,7.67,8213.0
2026-03-04,6,14214.0,5.56,6.76,4354.0,9099.0,12.06,13453.0
2026-03-04,7,14803.0,5.42,6.3,5448.0,11452.0,14.8,16900.0
2026-03-04,8,15032.0,5.14,6.5,5608.0,11812.0,15.34,17420.0
2026-03-04,9,14935.0,4.84,6.92,5530.0,11576.0,15.37,17106.0
2026-03-04,10,15233.0,4.57,7.82,5620.0,11890.0,15.31,17509.0
2026-03-04,11,14230.0,4.2,8.32,5274.0,11891.0,13.57,17165.0
2026-03-04,12,12070.0,3.87,8.64,4172.0,9601.0,10.11,13774.0
2026-03-04,13,12176.0,3.82,8.44,3543.0,8088.0,8.38,11631.0
2026-03-04,14,12995.0,3.92,8.26,3502.0,7999.0,8.5,11501.0
2026-03-04,15,13312.0,4.13,6.4,3518.0,8037.0,8.28,11556.0
2026-03-04,16,12913.0,4.32,5.51,3510.0,7993.0,8.37,11503.0
2026-03-04,17,12728.0,4.44,5.11,3476.0,9102.0,10.24,12578.0
2026-03-04,18,12637.0,4.22,4.75,3920.0,11692.0,12.9,15612.0
2026-03-04,19,12933.0,3.78,4.59,4112.0,11622.0,14.27,15734.0
2026-03-04,20,13016.0,3.41,4.7,4163.0,11437.0,14.38,15600.0
2026-03-04,21,13098.0,3.06,4.85,4202.0,11354.0,14.88,15557.0
2026-03-04,22,14760.0,2.83,4.96,4050.0,11006.0,13.39,15057.0
2026-03-04,23,15077.0,2.82,4.98,3630.0,10868.0,11.68,14498.0
2026-03-05,0,11189.0,3.08,5.72,2230.0,5376.0,5.96,7606.0
2026-03-05,1,11274.0,3.53,6.34,2158.0,5284.0,6.03,7443.0
2026-03-05,2,11204.0,4.02,6.77,2003.0,5080.0,6.05,7083.0
2026-03-05,3,11208.0,4.55,7.13,1895.0,4864.0,5.79,6760.0
2026-03-05,4,10744.0,5.1,7.46,1890.0,4557.0,6.2,6447.0
2026-03-05,5,9397.0,5.52,7.43,2419.0,5660.0,8.1,8079.0
2026-03-05,6,10492.0,5.32,7.73,4337.0,9550.0,12.34,13886.0
2026-03-05,7,14697.0,4.93,7.64,5526.0,11543.0,15.1,17069.0
2026-03-05,8,14867.0,4.61,7.72,5638.0,11680.0,15.44,17318.0
2026-03-05,9,14938.0,4.31,8.2,5540.0,11600.0,15.45,17140.0
2026-03-05,10,14978.0,4.03,8.96,5472.0,11676.0,15.35,17148.0
2026-03-05,11,15107.0,3.71,8.79,5345.0,12021.0,13.7,17366.0
2026-03-05,12,14554.0,3.61,8.19,4240.0,9553.0,10.24,13793.0
2026-03-05,13,13290.0,3.78,8.62,3545.0,8020.0,8.62,11566.0
2026-03-05,14,13091.0,3.99,8.14,3503.0,8019.0,8.59,11522.0
2026-03-05,15,12765.0,4.16,6.22,3560.0,7931.0,8.59,11491.0
2026-03-05,16,12701.0,4.3,5.25,3656.0,7780.0,8.86,11436.0
2026-03-05,17,12540.0,4.38,4.82,4231.0,8835.0,10.34,13066.0
2026-03-05,18,12601.0,4.11,4.56,5009.0,10917.0,13.0,15926.0
2026-03-05,19,13421.0,3.67,4.41,5446.0,10926.0,14.66,16372.0
2026-03-05,20,13546.0,3.3,4.46,5134.0,11326.0,14.77,16460.0
2026-03-05,21,13639.0,2.88,4.55,5305.0,11512.0,14.95,16818.0
2026-03-05,22,13973.0,2.52,4.69,5084.0,11142.0,13.69,16226.0
2026-03-05,23,14197.0,2.27,4.73,4722.0,10767.0,12.26,15489.0
2026-03-06,0,12650.0,2.52,4.88,3167.0,4301.0,5.82,7468.0
2026-03-06,1,12820.0,3.18,5.38,3536.0,3647.0,5.81,7183.0
2026-03-06,2,12936.0,3.88,5.97,3578.0,3547.0,5.79,7125.0
2026-03-06,3,11773.0,4.55,6.66,3324.0,3379.0,5.51,6703.0
2026-03-06,4,9437.0,5.07,7.31,2838.0,3528.0,6.05,6366.0
2026-03-06,5,8205.0,5.22,7.91,2880.0,4886.0,7.92,7766.0
2026-03-06,6,13126.0,5.16,7.51,4055.0,9859.0,12.21,13915.0
2026-03-06,7,15122.0,5.01,7.09,5460.0,11405.0,14.75,16865.0
2026-03-06,8,14773.0,4.71,7.13,5625.0,11823.0,15.31,17448.0
2026-03-06,9,14905.0,4.36,7.51,5663.0,11788.0,15.35,17451.0
2026-03-06,10,15087.0,4.05,8.11,5719.0,11754.0,15.26,17473.0
2026-03-06,11,15277.0,3.77,8.23,5364.0,11108.0,13.67,16472.0
2026-03-06,12,15345.0,3.83,8.18,4333.0,8972.0,10.11,13305.0
2026-03-06,13,12919.0,4.1,8.5,3642.0,7742.0,8.38,11384.0
2026-03-06,14,11972.0,4.2,8.69,3405.0,8085.0,8.13,11490.0
2026-03-06,15,11972.0,4.24,6.93,3641.0,7981.0,8.08,11622.0
2026-03-06,16,11897.0,4.28,6.52,3419.0,8136.0,7.97,11554.0
2026-03-06,17,11883.0,4.28,6.09,4045.0,8542.0,9.21,12587.0
2026-03-06,18,13438.0,4.06,5.49,4938.0,10954.0,12.54,15892.0
2026-03-06,19,13467.0,3.67,5.06,5244.0,11001.0,13.94,16245.0
2026-03-06,20,13984.0,3.38,4.86,5065.0,10700.0,13.73,15765.0
2026-03-06,21,14025.0,3.16,4.52,5162.0,10513.0,13.55,15675.0
2026-03-06,22,14651.0,2.99,4.46,4992.0,10335.0,12.91,15327.0
2026-03-06,23,14963.0,2.94,4.51,4473.0,9700.0,10.93,14173.0
2026-03-07,0,10787.0,3.29,5.21,2077.0,4854.0,5.09,6931.0
2026-03-07,1,11592.0,3.76,5.92,2233.0,5551.0,5.49,7784.0
2026-03-07,2,11227.0,4.19,6.65,2078.0,5363.0,5.56,7441.0
2026-03-07,3,10721.0,4.65,7.31,2010.0,5318.0,5.62,7328.0
2026-03-07,4,10824.0,5.11,7.67,2255.0,4341.0,5.66,6596.0
2026-03-07,5,10604.0,5.55,7.49,2966.0,5665.0,7.72,8631.0
2026-03-07,6,13148.0,5.61,7.34,4471.0,8955.0,11.77,13426.0
2026-03-07,7,14646.0,5.43,7.08,5531.0,11756.0,14.57,17288.0
2026-03-07,8,14375.0,4.99,7.33,5911.0,12165.0,14.94,18076.0
2026-03-07,9,14369.0,4.52,8.02,5715.0,12245.0,14.79,17960.0
2026-03-07,10,15969.0,4.17,8.73,5644.0,11978.0,15.06,17622.0
2026-03-07,11,16103.0,4.01,8.89,5472.0,11195.0,14.12,16667.0
2026-03-07,12,16224.0,4.15,8.81,4456.0,8586.0,10.42,13042.0
2026-03-07,13,15922.0,4.69,8.91,3813.0,7370.0,8.97,11184.0
2026-03-07,14,13439.0,5.1,9.49,3759.0,7966.0,8.63,11726.0
2026-03-07,15,12419.0,5.24,7.93,3723.0,8100.0,8.47,11822.0
2026-03-07,16,11811.0,5.25,7.02,3670.0,8106.0,8.41,11775.0
2026-03-07,17,11853.0,5.21,6.68,4023.0,8956.0,9.45,12979.0
2026-03-07,18,13449.0,4.92,6.18,5085.0,11025.0,12.67,16111.0
2026-03-07,19,13530.0,4.51,5.82,5257.0,11833.0,14.05,17090.0
2026-03-07,20,13662.0,4.07,5.79,4850.0,11950.0,13.34,16800.0
2026-03-07,21,3972.0,3.53,5.39,2841.0,6118.0,5.53,8959.0
2026-03-07,22,4359.0,3.07,4.79,3077.0,3962.0,4.49,7038.0
2026-03-07,23,4681.0,2.82,4.34,2506.0,3642.0,4.27,6147.0
2026-03-08,0,4594.0,2.67,3.95,2951.0,2987.0,4.45,5938.0
2026-03-08,1,4701.0,2.52,3.67,2070.0,3750.0,4.38,5820.0
2026-03-08,2,5208.0,2.41,3.46,2128.0,5255.0,4.33,7383.0
2026-03-08,3,14062.0,2.82,3.45,7051.0,5204.0,4.84,12255.0
2026-03-08,4,16618.0,4.04,3.65,2712.0,4382.0,5.72,7094.0
2026-03-08,5,16100.0,5.1,3.94,2872.0,5961.0,8.08,8833.0
2026-03-08,6,11490.0,5.57,4.87,3797.0,7864.0,11.21,11661.0
2026-03-08,7,13947.0,5.42,5.8,5174.0,10860.0,14.34,16035.0
2026-03-08,8,13904.0,4.99,6.73,5849.0,12558.0,15.58,18407.0
2026-03-08,9,14024.0,4.32,7.52,5930.0,13414.0,15.64,19345.0
2026-03-08,10,15574.0,3.8,8.67,5648.0,12504.0,14.8,18153.0
2026-03-08,11,15618.0,3.61,9.11,5164.0,10931.0,13.41,16095.0
2026-03-08,12,13541.0,3.52,9.48,3844.0,10501.0,11.96,14345.0
2026-03-08,13,13226.0,3.46,10.54,3273.0,9219.0,9.9,12491.0
2026-03-08,14,13243.0,3.64,10.05,3200.0,7950.0,8.85,11150.0
2026-03-08,15,13172.0,3.89,7.84,3300.0,7697.0,8.83,10997.0
2026-03-08,16,13026.0,4.1,6.75,3039.0,8615.0,8.66,11654.0
2026-03-08,17,12916.0,4.15,6.18,3358.0,10311.0,10.38,13668.0
2026-03-08,18,12981.0,3.79,5.68,3980.0,12739.0,13.54,16719.0
2026-03-08,19,13183.0,3.22,5.47,4284.0,13513.0,14.97,17798.0
2026-03-08,20,13412.0,2.57,5.5,4378.0,13991.0,15.14,18369.0
2026-03-08,21,15463.0,2.09,5.36,4144.0,13000.0,14.57,17144.0
2026-03-08,22,16516.0,1.94,4.99,4040.0,12733.0,13.59,16773.0
2026-03-08,23,17500.0,1.99,4.75,3665.0,10944.0,11.45,14608.0
2026-03-09,0,13238.0,2.7,5.36,2320.0,4621.0,5.85,6941.0
2026-03-09,1,12023.0,3.37,6.58,2229.0,4298.0,5.64,6527.0
2026-03-09,2,11474.0,4.01,7.61,2950.0,3508.0,5.48,6458.0
2026-03-09,3,11332.0,4.59,8.09,3311.0,3492.0,5.59,6803.0
2026-03-09,4,10478.0,5.13,8.21,2665.0,3238.0,5.81,5902.0
2026-03-09,5,9228.0,5.53,8.07,2776.0,5219.0,7.8,7996.0
2026-03-09,6,13147.0,5.5,7.54,4404.0,10006.0,12.18,14410.0
2026-03-09,7,13404.0,5.1,7.27,5596.0,12160.0,14.83,17756.0
2026-03-09,8,14725.0,4.62,7.64,5704.0,11629.0,15.28,17333.0
2026-03-09,9,15138.0,4.33,7.97,5628.0,11606.0,15.29,17233.0
2026-03-09,10,15311.0,4.06,8.38,5779.0,11493.0,15.35,17272.0
2026-03-09,11,15267.0,3.82,8.57,5327.0,11155.0,13.68,16483.0
2026-03-09,12,14305.0,3.77,8.65,4122.0,9576.0,9.81,13698.0
2026-03-09,13,13766.0,3.96,9.23,3679.0,8031.0,8.28,11710.0
2026-03-09,14,13397.0,4.22,9.33,3553.0,7867.0,8.11,11420.0
2026-03-09,15,12269.0,4.38,7.5,3633.0,7676.0,8.19,11309.0
2026-03-09,16,12095.0,4.48,6.72,3603.0,7718.0,8.19,11321.0
2026-03-09,17,11909.0,4.51,6.28,4100.0,8729.0,9.72,12828.0
2026-03-09,18,12305.0,4.18,5.86,5091.0,10994.0,12.98,16085.0
2026-03-09,19,13661.0,3.66,5.5,5212.0,12119.0,14.75,17331.0
2026-03-09,20,14843.0,3.31,5.21,5366.0,11045.0,14.65,16410.0
2026-03-09,21,14842.0,3.14,5.0,5362.0,10747.0,14.41,16109.0
2026-03-09,22,15205.0,3.0,4.94,5121.0,10498.0,13.2,15619.0
2026-03-09,23,14474.0,2.92,5.04,4579.0,10017.0,11.44,14596.0
2026-03-10,0,10970.0,3.18,6.14,1781.0,5378.0,5.54,7159.0
2026-03-10,1,11164.0,3.65,7.35,1868.0,5213.0,5.5,7081.0
2026-03-10,2,10979.0,4.12,8.0,1842.0,5162.0,5.57,7004.0
2026-03-10,3,10741.0,4.6,8.31,1922.0,4945.0,5.35,6867.0
2026-03-10,4,9690.0,5.04,8.38,1821.0,4412.0,5.74,6233.0
2026-03-10,5,8573.0,5.37,8.32,2288.0,5233.0,7.44,7521.0
2026-03-10,6,12710.0,5.28,7.96,4308.0,10066.0,11.89,14373.0
2026-03-10,7,15077.0,4.98,7.45,5581.0,11934.0,15.12,17515.0
2026-03-10,8,14950.0,4.69,7.5,5504.0,11595.0,15.26,17099.0
2026-03-10,9,14888.0,4.39,7.95,5500.0,11815.0,15.6,17315.0
2026-03-10,10,15252.0,4.1,8.73,5576.0,11729.0,15.48,17305.0
2026-03-10,11,15451.0,3.84,9.15,5290.0,11731.0,13.86,17021.0
2026-03-10,12,15678.0,3.84,9.34,4237.0,9543.0,10.47,13780.0
2026-03-10,13,14169.0,4.2,9.73,3156.0,8208.0,8.49,11364.0
2026-03-10,14,11979.0,4.38,9.27,3232.0,7885.0,8.43,11117.0
2026-03-10,15,12047.0,4.48,7.74,3083.0,8126.0,8.54,11209.0
2026-03-10,16,11868.0,4.57,6.81,3176.0,7991.0,8.67,11167.0
2026-03-10,17,11635.0,4.54,6.34,4085.0,9332.0,10.34,13417.0
2026-03-10,18,11895.0,4.07,5.95,5089.0,11822.0,13.2,16911.0
2026-03-10,19,14191.0,3.44,5.51,5436.0,12733.0,14.7,18169.0
2026-03-10,20,14852.0,3.07,5.16,5429.0,11726.0,14.88,17154.0
2026-03-10,21,14901.0,2.82,4.83,5198.0,11026.0,14.56,16224.0
2026-03-10,22,15160.0,2.7,4.64,5026.0,10561.0,13.45,15587.0
2026-03-10,23,15325.0,2.7,4.52,4707.0,10032.0,11.93,14738.0
2026-03-11,0,12327.0,3.08,4.83,2433.0,5150.0,5.95,7583.0
2026-03-11,1,10788.0,3.54,5.92,2245.0,5325.0,5.73,7570.0
2026-03-11,2,10828.0,3.94,6.9,2293.0,5227.0,5.92,7520.0
2026-03-11,3,11074.0,4.37,7.66,2160.0,5149.0,5.65,7309.0
2026-03-11,4,12028.0,4.89,7.8,2440.0,5636.0,6.68,8076.0
2026-03-11,5,11668.0,5.2,7.45,3300.0,7311.0,9.41,10611.0
2026-03-11,6,15156.0,5.18,6.96,4800.0,11246.0,13.38,16046.0
2026-03-11,7,15424.0,4.96,6.75,5743.0,11847.0,15.23,17590.0
2026-03-11,8,15191.0,4.66,6.95,5687.0,11814.0,15.21,17501.0
2026-03-11,9,15125.0,4.37,7.46,5604.0,11567.0,15.18,17171.0
2026-03-11,10,15440.0,4.17,7.97,5353.0,11093.0,13.98,16446.0
2026-03-11,11,15276.0,4.04,8.64,4974.0,10932.0,11.99,15906.0
2026-03-11,12,14824.0,4.06,9.22,4136.0,9411.0,9.64,13547.0
2026-03-11,13,14806.0,4.33,9.08,2871.0,8874.0,8.32,11745.0
2026-03-11,14,14484.0,4.72,7.93,3012.0,8435.0,8.12,11447.0
2026-03-11,15,11954.0,4.9,7.85,2864.0,8580.0,8.27,11444.0
2026-03-11,16,11802.0,4.94,7.5,2799.0,8631.0,8.03,11430.0
2026-03-11,17,11559.0,4.89,6.95,3251.0,9600.0,9.59,12850.0
2026-03-11,18,11563.0,4.49,6.59,3809.0,12123.0,12.63,15932.0
2026-03-11,19,11829.0,3.81,6.39,4243.0,12560.0,14.19,16802.0
2026-03-11,20,12067.0,3.24,6.4,4012.0,11767.0,14.08,15779.0
2026-03-11,21,12266.0,2.75,6.63,4128.0,11770.0,14.06,15898.0
2026-03-11,22,13819.0,2.37,6.61,4040.0,11217.0,12.89,15257.0
2026-03-11,23,15056.0,2.26,6.67,3759.0,11107.0,11.62,14866.0
2026-03-12,0,12355.0,2.6,7.15,2444.0,4861.0,5.53,7305.0
2026-03-12,1,11672.0,3.15,7.91,3469.0,3790.0,5.44,7260.0
2026-03-12,2,11641.0,3.7,8.66,3399.0,3611.0,4.87,7010.0
2026-03-12,3,11299.0,4.23,9.21,3502.0,3643.0,4.8,7146.0
2026-03-12,4,10675.0,4.68,9.04,2779.0,5027.0,6.0,7806.0
2026-03-12,5,12863.0,4.98,6.4,3066.0,7026.0,9.13,10092.0
2026-03-12,6,14431.0,5.19,5.46,4492.0,10157.0,13.08,14649.0
2026-03-12,7,14545.0,5.01,5.73,5241.0,11304.0,14.93,16546.0
2026-03-12,8,13533.0,4.7,6.37,5335.0,11240.0,14.84,16575.0
2026-03-12,9,13161.0,4.27,7.71,5241.0,11264.0,14.72,16505.0
2026-03-12,10,13953.0,3.81,8.75,5247.0,11490.0,14.19,16737.0
2026-03-12,11,15521.0,3.63,9.12,4897.0,11356.0,11.83,16253.0
2026-03-12,12,15212.0,3.65,8.67,4052.0,9721.0,9.54,13773.0
2026-03-12,13,15094.0,3.94,8.36,3484.0,8797.0,7.96,12280.0
2026-03-12,14,12725.0,4.16,8.42,3351.0,8388.0,8.16,11740.0
2026-03-12,15,12047.0,4.27,8.09,3180.0,8040.0,7.71,11221.0
2026-03-12,16,12159.0,4.35,7.66,3297.0,7980.0,7.65,11276.0
2026-03-12,17,11698.0,4.38,7.48,3779.0,8816.0,8.9,12595.0
2026-03-12,18,11889.0,4.07,7.1,4816.0,10680.0,11.93,15496.0
2026-03-12,19,13548.0,3.64,6.79,5206.0,10667.0,13.35,15873.0
2026-03-12,20,14556.0,3.43,6.61,5145.0,10742.0,13.33,15887.0
2026-03-12,21,14361.0,3.23,6.42,5060.0,10719.0,13.31,15779.0
2026-03-12,22,14840.0,3.01,6.37,4881.0,11826.0,12.86,16707.0
2026-03-12,23,15241.0,2.81,6.42,4366.0,11212.0,11.37,15577.0
2026-03-13,0,13340.0,3.18,7.01,2590.0,6116.0,4.63,8706.0
2026-03-13,1,12909.0,3.64,7.47,2531.0,6589.0,5.32,9120.0
2026-03-13,2,11439.0,4.17,8.09,3100.0,4091.0,4.83,7192.0
2026-03-13,3,10940.0,4.7,8.73,3509.0,3818.0,5.22,7327.0
2026-03-13,4,10524.0,5.12,8.59,3465.0,4289.0,6.13,7754.0
2026-03-13,5,11356.0,5.33,7.99,3109.0,7307.0,9.39,10416.0
2026-03-13,6,15114.0,5.41,7.12,4760.0,10362.0,12.9,15121.0
2026-03-13,7,14932.0,5.24,6.56,5449.0,11558.0,14.93,17007.0
2026-03-13,8,14226.0,4.95,6.61,5480.0,11497.0,14.72,16976.0
2026-03-13,9,13806.0,4.55,7.23,5457.0,11376.0,14.55,16833.0
2026-03-13,10,14114.0,4.21,7.86,5300.0,11097.0,13.65,16396.0
2026-03-13,11,13962.0,3.97,7.9,4744.0,10201.0,11.5,14945.0
2026-03-13,12,12337.0,3.9,8.2,3606.0,9149.0,8.84,12755.0
2026-03-13,13,11883.0,3.87,9.11,3096.0,8307.0,7.83,11403.0
2026-03-13,14,12550.0,3.96,9.04,2876.0,8212.0,7.8,11088.0
2026-03-13,15,13207.0,4.17,7.79,3002.0,8241.0,7.46,11243.0
2026-03-13,16,12860.0,4.38,6.89,2958.0,8231.0,7.91,11189.0
2026-03-13,17,12399.0,4.51,6.28,3155.0,8733.0,9.66,11888.0
2026-03-13,18,12473.0,4.39,5.95,3896.0,10499.0,11.82,14395.0
2026-03-13,19,12565.0,4.01,5.71,4118.0,11640.0,13.67,15758.0
2026-03-13,20,12648.0,3.59,5.86,4055.0,11595.0,14.07,15651.0
2026-03-13,21,13552.0,3.2,5.9,4005.0,11797.0,13.97,15802.0
2026-03-13,22,15104.0,3.03,5.65,3945.0,11674.0,12.78,15619.0
2026-03-13,23,14362.0,2.88,5.89,3732.0,10778.0,10.81,14510.0
2026-03-14,0,12116.0,3.24,6.72,2462.0,4666.0,4.9,7128.0
2026-03-14,1,11427.0,3.79,7.42,2388.0,4460.0,4.89,6849.0
2026-03-14,2,11385.0,4.38,7.92,2895.0,3736.0,4.75,6631.0
2026-03-14,3,11278.0,4.91,8.14,3499.0,3658.0,4.78,7157.0
2026-03-14,4,11003.0,5.3,8.29,2717.0,6407.0,5.99,9124.0
2026-03-14,5,10483.0,5.33,8.31,3708.0,8270.0,8.85,11978.0
2026-03-14,6,14765.0,5.08,7.51,4841.0,11455.0,12.97,16296.0
2026-03-14,7,15408.0,4.82,6.9,5623.0,12315.0,14.77,17938.0
2026-03-14,8,15291.0,4.49,6.9,5739.0,12044.0,14.45,17784.0
2026-03-14,9,15142.0,4.14,7.34,5865.0,12072.0,14.96,17937.0
2026-03-14,10,15358.0,3.85,8.02,5342.0,11317.0,13.58,16659.0
2026-03-14,11,15195.0,3.8,8.39,4755.0,9768.0,11.7,14523.0
2026-03-14,12,14074.0,3.97,8.85,4121.0,8258.0,9.15,12379.0
2026-03-14,13,12516.0,4.16,9.3,3585.0,7431.0,7.47,11016.0
2026-03-14,14,12556.0,4.31,9.47,3512.0,7834.0,7.67,11346.0
2026-03-14,15,12563.0,4.45,7.89,3514.0,7924.0,7.81,11438.0
2026-03-14,16,12404.0,4.57,6.97,3444.0,8016.0,7.66,11460.0
2026-03-14,17,12207.0,4.61,6.47,3969.0,8767.0,8.94,12736.0
2026-03-14,18,12290.0,4.39,6.2,4889.0,10087.0,11.68,14975.0
2026-03-14,19,12513.0,3.95,6.02,5236.0,10919.0,13.33,16155.0
2026-03-14,20,12748.0,3.49,6.16,5248.0,11005.0,13.55,16253.0
2026-03-14,21,12989.0,3.01,6.34,5216.0,11590.0,13.72,16806.0
2026-03-14,22,13475.0,2.54,6.35,5164.0,11505.0,12.87,16669.0
2026-03-14,23,13770.0,2.23,6.49,4689.0,10448.0,11.45,15138.0
2026-03-15,0,12961.0,2.51,6.6,3457.0,3648.0,5.03,7104.0
2026-03-15,1,11980.0,3.28,7.25,3148.0,3276.0,4.99,6424.0
2026-03-15,2,11538.0,3.99,7.91,3095.0,2932.0,5.49,6027.0
2026-03-15,3,11263.0,4.63,8.37,3261.0,3609.0,4.78,6870.0
2026-03-15,4,11190.0,5.2,8.61,3168.0,3693.0,5.44,6861.0
2026-03-15,5,9888.0,5.59,8.47,3110.0,5673.0,7.41,8783.0
2026-03-15,6,10758.0,5.49,8.16,3939.0,9007.0,11.05,12946.0
2026-03-15,7,14650.0,5.21,7.91,5153.0,11205.0,14.75,16358.0
2026-03-15,8,14526.0,4.9,8.12,5678.0,11753.0,15.0,17431.0
2026-03-15,9,14516.0,4.5,8.55,5795.0,11951.0,15.01,17746.0
2026-03-15,10,14732.0,4.15,8.97,5494.0,11300.0,13.75,16794.0
2026-03-15,11,14509.0,3.96,9.08,4967.0,10266.0,11.81,15233.0
2026-03-15,12,14000.0,3.85,9.05,4870.0,10268.0,10.62,15138.0
2026-03-15,13,14117.0,3.78,9.4,4294.0,9263.0,8.9,13556.0
2026-03-15,14,14063.0,3.94,9.24,3754.0,8370.0,8.07,12124.0
2026-03-15,15,13972.0,4.2,7.11,3698.0,8046.0,8.5,11744.0
2026-03-15,16,12463.0,4.4,6.16,3658.0,8056.0,8.3,11713.0
2026-03-15,17,11879.0,4.33,5.97,4449.0,9361.0,10.14,13810.0
2026-03-15,18,12309.0,3.9,5.81,5260.0,10905.0,13.14,16164.0
2026-03-15,19,13684.0,3.48,5.59,5387.0,10994.0,14.32,16380.0
2026-03-15,20,14124.0,3.15,5.42,5443.0,10998.0,14.08,16441.0
2026-03-15,21,14338.0,2.84,5.53,5491.0,11222.0,13.81,16713.0
2026-03-15,22,13529.0,2.45,5.99,5243.0,11713.0,12.99,16957.0
2026-03-15,23,14625.0,2.01,6.71,4816.0,12167.0,11.24,16983.0
2026-03-16,0,13277.0,2.28,7.01,3587.0,3994.0,4.79,7580.0
2026-03-16,1,13351.0,2.92,7.27,3648.0,4484.0,5.33,8132.0
2026-03-16,2,15206.0,3.68,7.31,2611.0,5460.0,5.44,8071.0
2026-03-16,3,12986.0,4.46,7.55,2886.0,4948.0,5.44,7834.0
2026-03-16,4,11753.0,4.96,7.6,2591.0,5802.0,6.46,8393.0
2026-03-16,5,12203.0,5.21,7.44,3189.0,8244.0,9.32,11433.0
2026-03-16,6,14999.0,5.27,6.88,4758.0,10436.0,13.27,15194.0
2026-03-16,7,15176.0,5.06,6.78,5635.0,11719.0,14.74,17354.0
2026-03-16,8,15040.0,4.78,7.0,5628.0,11579.0,14.67,17207.0
2026-03-16,9,15108.0,4.51,7.44,5515.0,11625.0,14.32,17139.0
2026-03-16,10,15558.0,4.29,8.09,5410.0,11561.0,13.75,16971.0
2026-03-16,11,15106.0,4.09,9.04,4942.0,11339.0,11.7,16281.0
2026-03-16,12,13505.0,3.99,9.09,3987.0,9474.0,8.93,13461.0
2026-03-16,13,13086.0,4.09,7.76,3371.0,8483.0,7.96,11854.0
2026-03-16,14,11689.0,4.19,6.53,3157.0,8030.0,7.64,11187.0
2026-03-16,15,12136.0,4.28,5.17,3096.0,7996.0,8.09,11092.0
2026-03-16,16,12136.0,4.4,6.57,3199.0,7968.0,8.19,11168.0
2026-03-16,17,10964.0,4.43,7.67,3849.0,8666.0,9.35,12515.0
2026-03-16,18,11165.0,3.9,8.47,4647.0,10123.0,12.64,14770.0
2026-03-16,19,13609.0,3.66,7.76,4969.0,10412.0,13.88,15380.0
2026-03-16,20,13672.0,3.41,7.41,5106.0,10544.0,14.1,15650.0
2026-03-16,21,13752.0,3.15,7.14,5127.0,10504.0,13.77,15632.0
2026-03-16,22,14127.0,2.92,7.02,4711.0,11001.0,12.46,15712.0
2026-03-16,23,13638.0,2.66,7.15,4146.0,11051.0,10.85,15196.0
2026-03-17,0,12623.0,2.93,7.69,2054.0,6021.0,5.43,8075.0
2026-03-17,1,12415.0,3.44,7.93,2081.0,5701.0,5.22,7782.0
2026-03-17,2,12315.0,4.08,7.86,1876.0,5465.0,5.18,7340.0
2026-03-17,3,11486.0,4.63,7.83,1984.0,5276.0,5.52,7260.0
2026-03-17,4,11003.0,5.12,7.84,2236.0,5725.0,6.67,7961.0
2026-03-17,5,10816.0,5.29,7.84,3183.0,7630.0,9.66,10812.0
2026-03-17,6,15211.0,5.31,7.42,4712.0,10276.0,13.23,14989.0
2026-03-17,7,14886.0,5.14,7.21,5463.0,11668.0,15.03,17131.0
2026-03-17,8,13811.0,4.78,7.74,5506.0,11681.0,14.86,17187.0
2026-03-17,9,13584.0,4.34,8.69,5420.0,11341.0,15.57,16761.0
2026-03-17,10,13931.0,4.0,9.07,5054.0,10786.0,14.36,15841.0
2026-03-17,11,14100.0,3.79,9.13,4770.0,10633.0,12.54,15403.0
2026-03-17,12,13527.0,3.74,8.51,4003.0,8995.0,9.9,12998.0
2026-03-17,13,12603.0,3.86,9.35,3464.0,7843.0,9.43,11307.0
2026-03-17,14,11580.0,3.95,9.72,3492.0,7767.0,9.16,11259.0
2026-03-17,15,11119.0,3.97,8.37,3437.0,7511.0,8.89,10948.0
2026-03-17,16,11059.0,3.99,7.51,3387.0,7487.0,9.15,10874.0
2026-03-17,17,10882.0,3.93,6.86,3871.0,8425.0,10.08,12296.0
2026-03-17,18,13099.0,3.65,6.32,4886.0,10291.0,13.27,15177.0
2026-03-17,19,13975.0,3.41,5.77,5365.0,10416.0,14.44,15781.0
2026-03-17,20,13937.0,3.16,5.51,5372.0,10542.0,14.47,15913.0
2026-03-17,21,14185.0,2.89,5.41,5317.0,11151.0,14.94,16468.0
2026-03-17,22,15188.0,2.62,5.25,4692.0,11362.0,13.74,16053.0
2026-03-17,23,3937.0,2.88,5.88,2182.0,4216.0,6.04,6398.0
2026-03-18,0,3527.0,3.33,7.08,1803.0,4913.0,5.92,6716.0
2026-03-18,1,3531.0,3.78,7.94,1917.0,4840.0,5.93,6757.0
2026-03-18,2,3523.0,4.22,8.61,2141.0,4764.0,6.11,6906.0
2026-03-18,3,7736.0,4.71,9.08,2054.0,4790.0,6.09,6845.0
2026-03-18,4,11521.0,5.32,8.82,2496.0,5861.0,7.31,8357.0
2026-03-18,5,9872.0,5.41,8.66,3156.0,8264.0,10.6,11420.0
2026-03-18,6,14046.0,5.15,7.98,4771.0,10683.0,14.12,15454.0
2026-03-18,7,14755.0,4.95,7.38,5396.0,11114.0,15.53,16509.0
2026-03-18,8,14584.0,4.71,7.64,5372.0,11095.0,15.19,16468.0
2026-03-18,9,14524.0,4.46,8.42,5310.0,11205.0,15.2,16515.0
2026-03-18,10,14437.0,4.24,8.97,5144.0,10666.0,14.2,15809.0
2026-03-18,11,13442.0,4.04,9.41,4635.0,10269.0,11.98,14904.0
2026-03-18,12,13599.0,3.96,9.63,4055.0,9019.0,9.67,13074.0
2026-03-18,13,12587.0,4.06,9.56,3543.0,8094.0,9.02,11637.0
2026-03-18,14,12379.0,4.18,8.98,3486.0,7899.0,9.4,11385.0
2026-03-18,15,12507.0,4.3,7.68,3510.0,7909.0,9.22,11419.0
2026-03-18,16,12365.0,4.42,6.87,3579.0,7847.0,9.48,11427.0
2026-03-18,17,12219.0,4.48,6.28,3877.0,8515.0,10.68,12392.0
2026-03-18,18,12253.0,4.26,6.0,5023.0,9954.0,13.74,14977.0
2026-03-18,19,12405.0,3.86,6.03,5376.0,10326.0,15.01,15703.0
2026-03-18,20,12500.0,3.41,6.14,5346.0,10544.0,15.1,15889.0
2026-03-18,21,12679.0,2.99,6.24,5325.0,10445.0,15.12,15770.0
2026-03-18,22,13025.0,2.64,6.3,5096.0,9858.0,13.97,14954.0
2026-03-18,23,13237.0,2.39,6.42,4674.0,10475.0,12.49,15149.0
2026-03-19,0,12102.0,2.53,6.85,3054.0,4595.0,6.66,7649.0
2026-03-19,1,11776.0,3.08,7.5,3272.0,3829.0,6.3,7101.0
2026-03-19,2,11547.0,3.66,8.04,3235.0,3506.0,6.34,6741.0
2026-03-19,3,11691.0,4.22,8.35,3268.0,3616.0,6.49,6885.0
2026-03-19,4,11866.0,4.81,8.22,2874.0,4732.0,7.59,7606.0
2026-03-19,5,12919.0,5.17,7.88,3641.0,7059.0,10.78,10700.0
2026-03-19,6,14693.0,5.34,7.4,4664.0,9970.0,14.3,14635.0
2026-03-19,7,14385.0,5.1,7.28,5593.0,11603.0,16.12,17196.0
2026-03-19,8,14281.0,4.72,7.82,5590.0,11527.0,16.03,17117.0
2026-03-19,9,14122.0,4.37,8.58,5472.0,11187.0,15.94,16660.0
2026-03-19,10,14555.0,4.1,9.17,5060.0,10871.0,14.61,15930.0
2026-03-19,11,14674.0,3.96,9.89,4654.0,10437.0,12.64,15090.0
2026-03-19,12,13626.0,3.99,9.59,3921.0,9104.0,9.81,13026.0
2026-03-19,13,10880.0,4.01,9.05,3295.0,7641.0,8.29,10937.0
2026-03-19,14,11591.0,4.01,8.83,3418.0,7841.0,8.48,11259.0
2026-03-19,15,11728.0,4.05,7.41,3477.0,7800.0,8.75,11277.0
2026-03-19,16,11602.0,4.09,6.64,3549.0,7709.0,8.77,11258.0
2026-03-19,17,11467.0,4.07,6.25,3975.0,8409.0,9.61,12384.0
2026-03-19,18,13449.0,3.8,5.76,5007.0,10759.0,12.95,15767.0
2026-03-19,19,14162.0,3.56,5.15,5222.0,10678.0,14.54,15900.0
2026-03-19,20,12891.0,3.22,5.14,5167.0,10712.0,14.28,15879.0
2026-03-19,21,13289.0,2.82,5.25,4876.0,11520.0,13.9,16396.0
2026-03-19,22,14238.0,2.54,5.24,4875.0,10458.0,13.6,15333.0
2026-03-19,23,13063.0,2.35,5.35,4320.0,10242.0,11.64,14563.0
2026-03-20,0,12938.0,2.59,5.78,2198.0,5404.0,6.03,7602.0
2026-03-20,1,13335.0,3.28,6.05,2115.0,5588.0,5.99,7704.0
2026-03-20,2,13054.0,3.98,6.39,2127.0,5430.0,6.36,7557.0
2026-03-20,3,11229.0,4.57,7.1,1952.0,5042.0,6.67,6993.0
2026-03-20,4,11115.0,5.04,7.8,2365.0,5605.0,7.06,7971.0
2026-03-20,5,11114.0,5.25,8.11,3075.0,7405.0,9.9,10480.0
2026-03-20,6,15409.0,5.34,7.88,4719.0,10278.0,13.43,14997.0
2026-03-20,7,15317.0,5.21,7.57,5468.0,11543.0,15.33,17011.0
2026-03-20,8,15095.0,4.98,7.66,5465.0,11382.0,15.04,16847.0
2026-03-20,9,14714.0,4.71,8.37,5494.0,11607.0,15.28,17101.0
2026-03-20,10,13553.0,4.38,8.63,5203.0,11038.0,14.27,16241.0
2026-03-20,11,12787.0,4.02,9.35,4767.0,10678.0,13.15,15445.0
2026-03-20,12,11925.0,3.77,9.86,4067.0,9001.0,10.11,13068.0
2026-03-20,13,11676.0,3.71,10.26,3591.0,7910.0,8.65,11500.0
2026-03-20,14,12996.0,3.81,10.36,3524.0,7825.0,8.81,11349.0
2026-03-20,15,12970.0,4.01,8.44,3635.0,7851.0,8.7,11486.0
2026-03-20,16,13016.0,4.18,7.18,3738.0,7882.0,8.75,11620.0
2026-03-20,17,12741.0,4.28,6.85,4040.0,8724.0,10.08,12764.0
2026-03-20,18,12575.0,4.11,6.57,4888.0,10054.0,13.13,14942.0
2026-03-20,19,12803.0,3.74,6.49,5264.0,10489.0,14.71,15753.0
2026-03-20,20,13388.0,3.39,6.52,5223.0,10450.0,14.93,15673.0
2026-03-20,21,13639.0,3.11,6.55,5343.0,10344.0,14.64,15687.0
2026-03-20,22,14024.0,2.88,6.57,5137.0,10194.0,13.59,15331.0
2026-03-20,23,14327.0,2.73,6.67,4736.0,10089.0,11.73,14825.0
2026-03-21,0,12463.0,3.02,7.42,1988.0,5838.0,5.89,7826.0
2026-03-21,1,11964.0,3.54,8.21,1864.0,5607.0,6.19,7471.0
2026-03-21,2,11812.0,4.12,8.74,1731.0,5153.0,6.63,6884.0
2026-03-21,3,11770.0,4.72,9.14,1789.0,4989.0,6.47,6777.0
2026-03-21,4,12099.0,5.27,9.54,2684.0,6120.0,7.9,8805.0
2026-03-21,5,10610.0,5.4,9.51,3728.0,7895.0,10.27,11624.0
2026-03-21,6,15333.0,5.3,8.88,4917.0,10217.0,13.91,15133.0
2026-03-21,7,15687.0,5.19,8.57,5755.0,11740.0,15.62,17495.0
2026-03-21,8,14516.0,4.86,8.84,5707.0,11983.0,15.68,17690.0
2026-03-21,9,14192.0,4.41,9.75,5661.0,12018.0,15.95,17679.0
2026-03-21,10,14392.0,4.04,10.15,5278.0,11204.0,15.05,16482.0
2026-03-21,11,13474.0,3.82,10.78,4697.0,9819.0,12.57,14516.0
2026-03-21,12,13612.0,3.84,10.99,3834.0,8190.0,10.01,12024.0
2026-03-21,13,12375.0,4.07,11.4,3323.0,7247.0,8.4,10570.0
2026-03-21,14,12209.0,4.28,11.54,3322.0,7284.0,9.12,10606.0
2026-03-21,15,11309.0,4.39,10.14,3163.0,7733.0,8.57,10895.0
2026-03-21,16,11181.0,4.41,8.8,3270.0,7779.0,8.6,11050.0
2026-03-21,17,11169.0,4.31,8.03,4051.0,9105.0,10.29,13156.0
2026-03-21,18,13520.0,3.93,7.33,5093.0,11719.0,13.44,16812.0
2026-03-21,19,14412.0,3.54,6.6,5395.0,12051.0,14.72,17445.0
2026-03-21,20,13791.0,3.09,6.42,5400.0,11963.0,14.87,17363.0
2026-03-21,21,13913.0,2.6,6.37,5452.0,12288.0,15.02,17740.0
2026-03-21,22,14456.0,2.16,6.43,5268.0,11545.0,14.28,16813.0
2026-03-21,23,15985.0,2.05,6.73,4765.0,10407.0,12.68,15172.0
2026-03-22,0,12552.0,2.47,7.37,2182.0,4801.0,6.36,6983.0
2026-03-22,1,12051.0,3.21,7.95,1833.0,4101.0,5.59,5935.0
2026-03-22,2,11973.0,3.96,8.56,1795.0,4346.0,5.43,6141.0
2026-03-22,3,11590.0,4.66,9.15,1744.0,4452.0,5.54,6195.0
2026-03-22,4,11102.0,5.31,9.58,1845.0,4449.0,6.05,6294.0
2026-03-22,5,6978.0,5.56,10.19,2415.0,5467.0,7.63,7882.0
2026-03-22,6,12014.0,5.41,10.19,4085.0,8729.0,11.21,12814.0
2026-03-22,7,14715.0,5.2,9.92,5407.0,11600.0,14.63,17007.0
2026-03-22,8,14803.0,4.85,10.17,5793.0,12058.0,15.43,17851.0
2026-03-22,9,14712.0,4.43,10.18,5881.0,12160.0,15.39,18041.0
2026-03-22,10,14889.0,4.05,10.58,5529.0,11690.0,15.21,17219.0
2026-03-22,11,14824.0,3.76,10.68,5193.0,11509.0,13.58,16702.0
2026-03-22,12,15037.0,3.61,11.2,4211.0,11016.0,11.88,15227.0
2026-03-22,13,14995.0,3.66,12.46,3396.0,10057.0,10.59,13453.0
2026-03-22,14,14934.0,3.92,11.93,3051.0,9017.0,9.38,12067.0
2026-03-22,15,14953.0,4.27,8.96,2914.0,9059.0,9.44,11973.0
2026-03-22,16,13445.0,4.6,7.19,3135.0,8328.0,9.34,11463.0
2026-03-22,17,11098.0,4.55,6.8,3457.0,9416.0,10.78,12873.0
2026-03-22,18,12582.0,4.16,6.45,4270.0,11785.0,14.01,16055.0
2026-03-22,19,14324.0,3.74,6.01,4328.0,12366.0,15.2,16694.0
2026-03-22,20,14385.0,3.42,5.74,4339.0,12308.0,15.11,16648.0
2026-03-22,21,14495.0,3.09,5.63,4220.0,12419.0,14.62,16639.0
2026-03-22,22,15550.0,2.82,5.64,4330.0,12309.0,13.73,16639.0
2026-03-22,23,17211.0,2.83,5.89,3802.0,11473.0,12.21,15275.0
2026-03-23,0,12008.0,3.25,6.61,3388.0,4383.0,5.71,7770.0
2026-03-23,1,11145.0,3.69,7.56,3471.0,3929.0,5.82,7400.0
2026-03-23,2,10980.0,4.14,8.23,3544.0,3620.0,5.69,7164.0
2026-03-23,3,10831.0,4.61,8.67,3239.0,3707.0,5.71,6946.0
2026-03-23,4,10786.0,5.01,8.82,2726.0,5307.0,6.61,8034.0
2026-03-23,5,11914.0,5.24,8.63,3217.0,7603.0,9.17,10820.0
2026-03-23,6,14826.0,5.28,8.16,4784.0,10655.0,13.26,15439.0
2026-03-23,7,14582.0,5.01,7.93,5788.0,11794.0,15.58,17582.0
2026-03-23,8,14441.0,4.59,7.98,5795.0,11884.0,15.73,17678.0
2026-03-23,9,14435.0,4.18,8.67,5699.0,11708.0,15.63,17406.0
2026-03-23,10,14659.0,3.79,9.33,5404.0,12024.0,14.24,17428.0
2026-03-23,11,14722.0,3.51,10.46,4897.0,11216.0,12.18,16114.0
2026-03-23,12,15147.0,3.52,10.1,4152.0,9138.0,9.95,13290.0
2026-03-23,13,15044.0,3.85,9.29,3743.0,8287.0,8.86,12031.0
2026-03-23,14,12897.0,4.11,9.24,3491.0,8079.0,8.54,11570.0
2026-03-23,15,12482.0,4.24,7.59,3539.0,7941.0,8.57,11480.0
2026-03-23,16,12257.0,4.34,6.29,3622.0,7798.0,8.93,11420.0
2026-03-23,17,12424.0,4.39,5.64,4061.0,8681.0,10.26,12743.0
2026-03-23,18,12539.0,4.13,5.34,4987.0,10751.0,13.05,15738.0
2026-03-23,19,12872.0,3.67,5.33,5472.0,10880.0,14.55,16352.0
2026-03-23,20,13581.0,3.29,5.44,5330.0,10712.0,14.4,16042.0
2026-03-23,21,13699.0,2.98,5.49,5354.0,10605.0,14.01,15958.0
2026-03-23,22,14075.0,2.71,5.57,5128.0,10569.0,13.17,15697.0
2026-03-23,23,14707.0,2.52,5.71,4459.0,10627.0,11.47,15087.0
2026-03-24,0,12781.0,2.86,6.33,4078.0,3926.0,6.47,8004.0
2026-03-24,1,12435.0,3.46,7.13,3935.0,3744.0,6.58,7679.0
2026-03-24,2,12214.0,4.09,7.6,3562.0,3703.0,6.31,7265.0
2026-03-24,3,12048.0,4.73,8.05,3384.0,3719.0,6.1,7103.0
2026-03-24,4,11642.0,5.32,8.34,3255.0,4692.0,7.11,7947.0
2026-03-24,5,10939.0,5.58,8.3,3394.0,7362.0,10.18,10756.0
2026-03-24,6,13290.0,5.41,8.18,4827.0,10317.0,13.81,15143.0
2026-03-24,7,14742.0,5.11,8.19,5697.0,11830.0,15.52,17528.0
2026-03-24,8,14668.0,4.73,8.64,5708.0,11730.0,15.8,17438.0
2026-03-24,9,14590.0,4.38,9.06,5557.0,11582.0,15.32,17139.0
2026-03-24,10,14962.0,4.08,10.16,5367.0,11695.0,14.27,17062.0
2026-03-24,11,14940.0,3.87,10.79,4719.0,10869.0,12.22,15588.0
2026-03-24,12,13888.0,3.83,11.58,3237.0,10061.0,10.06,13299.0
2026-03-24,13,12949.0,3.96,13.1,2874.0,8682.0,8.47,11556.0
2026-03-24,14,12168.0,4.03,13.91,2836.0,8767.0,8.5,11603.0
2026-03-25,9,14999.0,4.68,8.98,5564.0,11422.0,15.17,16986.0
2026-03-25,10,15373.0,4.52,9.78,5269.0,10756.0,13.97,16025.0
2026-03-25,11,15568.0,4.45,10.35,4693.0,10852.0,11.65,15544.0
2026-03-25,12,15278.0,4.57,10.64,4099.0,9108.0,9.65,13207.0
2026-03-25,13,12358.0,4.77,11.11,3628.0,8157.0,8.46,11785.0
2026-03-25,14,11297.0,4.74,11.04,3472.0,8202.0,8.39,11675.0
2026-03-25,15,11308.0,4.7,8.25,3507.0,7938.0,8.23,11445.0
2026-03-25,16,11145.0,4.67,6.63,3681.0,7671.0,8.09,11352.0
2026-03-25,17,11095.0,4.56,5.86,4165.0,8696.0,10.09,12861.0
2026-03-25,18,12755.0,4.2,5.17,4906.0,11189.0,13.17,16096.0
2026-03-25,19,14407.0,3.79,4.61,5231.0,12136.0,14.61,17367.0
2026-03-25,20,14841.0,3.45,4.34,5303.0,11385.0,14.13,16688.0
2026-03-25,21,14801.0,3.27,4.23,5446.0,10479.0,13.91,15925.0
2026-03-25,22,15187.0,3.16,4.26,5113.0,10355.0,12.91,15468.0
2026-03-25,23,15393.0,3.16,4.27,4740.0,10089.0,11.59,14829.0
2026-03-26,0,11291.0,3.44,4.61,3063.0,4628.0,5.92,7692.0
2026-03-26,1,10413.0,3.87,5.29,3749.0,3476.0,5.42,7225.0
2026-03-26,2,11168.0,4.36,6.07,3369.0,3469.0,5.3,6838.0
2026-03-26,3,10004.0,4.85,7.15,3766.0,3754.0,5.6,7520.0
2026-03-26,4,11903.0,5.21,7.7,2851.0,5431.0,6.74,8282.0
2026-03-26,5,10522.0,5.43,7.48,3436.0,7398.0,9.45,10834.0
2026-03-26,6,13968.0,5.27,7.24,4993.0,11229.0,13.29,16223.0
2026-03-26,7,14505.0,4.82,7.29,5890.0,12591.0,14.92,18481.0
2026-03-26,8,14905.0,4.38,7.89,5791.0,11719.0,14.91,17510.0
2026-03-26,9,14911.0,4.08,8.66,5624.0,11410.0,14.71,17035.0
2026-03-26,10,15204.0,3.85,9.54,5215.0,10945.0,13.81,16160.0
2026-03-26,11,15067.0,3.79,10.37,4779.0,10184.0,11.89,14963.0
2026-03-26,12,13135.0,3.79,10.89,4159.0,8996.0,9.5,13155.0
2026-03-26,13,12369.0,3.82,11.94,3656.0,7989.0,8.12,11645.0
2026-03-26,14,12396.0,3.92,10.78,3593.0,7817.0,8.39,11410.0
2026-03-26,15,12399.0,4.02,7.67,3615.0,7961.0,8.52,11576.0
2026-03-26,16,12560.0,4.11,5.96,3592.0,8073.0,8.94,11665.0
2026-03-26,17,13408.0,4.21,5.02,4176.0,8792.0,10.35,12967.0
2026-03-26,18,13897.0,4.07,4.22,5138.0,11175.0,13.38,16313.0
2026-03-26,19,14000.0,3.65,3.84,5474.0,12081.0,14.66,17556.0
2026-03-26,20,14141.0,3.19,3.82,5335.0,12192.0,14.75,17527.0
2026-03-26,21,14879.0,2.85,3.84,5286.0,11183.0,14.92,16468.0
2026-03-26,22,14283.0,2.67,3.98,5116.0,10206.0,13.45,15323.0
2026-03-26,23,13604.0,2.53,4.29,4560.0,9780.0,11.83,14339.0
2026-03-27,0,11715.0,2.77,5.01,2153.0,5003.0,5.98,7156.0
2026-03-27,1,11599.0,3.34,5.68,2450.0,4348.0,6.03,6798.0
2026-03-27,2,11613.0,3.92,6.2,3054.0,3780.0,5.86,6834.0
2026-03-27,3,11684.0,4.51,6.64,3204.0,3753.0,6.54,6957.0
2026-03-27,4,10885.0,5.01,7.16,3180.0,4328.0,7.18,7508.0
2026-03-27,5,11058.0,5.24,7.13,3455.0,7035.0,9.56,10490.0
2026-03-27,6,13479.0,5.08,6.94,4948.0,11137.0,13.48,16085.0
2026-03-27,7,14414.0,4.6,7.0,5884.0,12588.0,16.06,18472.0
2026-03-27,8,14461.0,4.16,7.64,5773.0,11786.0,15.32,17558.0
2026-03-27,9,14479.0,3.78,8.48,5707.0,11473.0,15.04,17180.0
2026-03-27,10,14817.0,3.48,9.33,5294.0,11068.0,14.87,16361.0
2026-03-27,11,15324.0,3.37,10.05,4857.0,10806.0,12.06,15663.0
2026-03-27,12,15531.0,3.43,10.44,4284.0,9460.0,10.54,13744.0
2026-03-27,13,14307.0,3.69,11.98,3828.0,8455.0,8.99,12284.0
2026-03-27,14,13481.0,3.92,11.95,3640.0,8242.0,9.15,11883.0
2026-03-27,15,12914.0,4.04,8.87,3653.0,8328.0,8.96,11980.0
2026-03-27,16,12775.0,4.15,7.06,3745.0,8146.0,9.1,11891.0
2026-03-27,17,12570.0,4.2,6.39,4095.0,8903.0,10.25,12998.0
2026-03-27,18,12543.0,3.95,5.9,4746.0,11043.0,12.81,15789.0
2026-03-27,19,13859.0,3.46,5.69,5239.0,12091.0,14.93,17331.0
2026-03-27,20,13231.0,3.05,5.64,5340.0,10843.0,14.97,16183.0
2026-03-27,21,13452.0,2.68,5.9,5286.0,10576.0,14.56,15862.0
2026-03-27,22,14609.0,2.46,5.96,5197.0,10509.0,14.37,15705.0
2026-03-27,23,13851.0,2.31,6.18,4703.0,9797.0,12.16,14500.0
2026-03-28,0,13054.0,2.66,6.74,2217.0,4943.0,5.95,7160.0
2026-03-28,1,13154.0,3.39,7.29,2058.0,5275.0,5.96,7333.0
2026-03-28,2,13072.0,4.12,7.81,2013.0,5341.0,6.17,7354.0
2026-03-28,3,10817.0,4.7,8.94,1877.0,5231.0,6.23,7108.0
2026-03-28,4,11415.0,5.09,9.71,2533.0,5881.0,7.25,8414.0
2026-03-28,5,13417.0,5.53,9.31,3544.0,7764.0,10.14,11307.0
2026-03-28,6,13939.0,5.41,8.94,5005.0,10965.0,13.89,15970.0
2026-03-28,7,15187.0,5.06,8.82,5727.0,12445.0,15.87,18172.0
2026-03-28,8,15118.0,4.69,8.76,5816.0,12198.0,15.64,18014.0
2026-03-28,9,14972.0,4.3,9.74,5835.0,12208.0,15.46,18043.0
2026-03-28,10,15217.0,3.97,10.95,5482.0,11626.0,14.66,17108.0
2026-03-28,11,15212.0,3.83,10.85,4785.0,10277.0,12.47,15062.0
2026-03-28,12,13700.0,3.96,11.73,3995.0,8362.0,10.01,12357.0
2026-03-28,13,11257.0,4.04,12.98,3550.0,7236.0,8.62,10786.0
2026-03-28,14,11291.0,4.08,10.59,3496.0,7547.0,8.74,11044.0
2026-03-28,15,11345.0,4.08,6.59,3566.0,7848.0,8.71,11414.0
2026-03-28,16,11233.0,4.06,5.07,3602.0,7811.0,8.82,11413.0
2026-03-28,17,11456.0,3.96,4.95,4138.0,8943.0,9.91,13082.0
2026-03-28,18,13101.0,3.61,4.92,5199.0,11139.0,12.96,16339.0
2026-03-28,19,14953.0,3.27,4.54,5399.0,11428.0,14.8,16827.0
2026-03-28,20,14990.0,3.08,4.38,5249.0,10936.0,14.18,16185.0
2026-03-28,21,15005.0,2.92,4.39,5265.0,10971.0,13.94,16236.0
2026-03-28,22,15374.0,2.75,4.48,5293.0,11254.0,13.46,16547.0
2026-03-28,23,14573.0,2.59,4.93,4821.0,10139.0,12.3,14959.0
2026-03-29,0,11367.0,2.88,6.54,2279.0,4561.0,6.04,6840.0
2026-03-29,1,11111.0,3.43,8.05,2143.0,4360.0,5.84,6503.0
2026-03-29,2,11034.0,4.01,9.14,1965.0,3948.0,5.67,5913.0
2026-03-29,3,10868.0,4.63,9.95,1915.0,4011.0,6.27,5926.0
2026-03-29,4,10744.0,5.24,10.7,2060.0,3791.0,5.64,5851.0
2026-03-29,5,8992.0,5.63,10.81,2401.0,5248.0,7.79,7649.0
2026-03-29,6,10993.0,5.54,10.47,3980.0,8411.0,11.33,12391.0
2026-03-29,7,15089.0,5.43,10.31,5280.0,10980.0,14.37,16261.0
2026-03-29,8,14504.0,5.11,10.52,5744.0,12254.0,15.45,17998.0
2026-03-29,9,14284.0,4.63,10.74,5751.0,12227.0,15.46,17978.0
2026-03-29,10,14518.0,4.21,10.91,5572.0,11705.0,15.03,17278.0
2026-03-29,11,13908.0,3.91,10.84,5150.0,10739.0,13.61,15889.0
2026-03-29,12,13741.0,3.71,11.79,4755.0,9532.0,11.78,14287.0
2026-03-29,13,14879.0,3.83,13.54,4228.0,8250.0,10.01,12478.0
2026-03-29,14,13550.0,4.14,10.78,3703.0,8003.0,9.31,11706.0
2026-03-29,15,12798.0,4.28,7.63,3732.0,8029.0,9.14,11761.0
2026-03-29,16,11220.0,4.31,6.15,3601.0,7970.0,9.11,11571.0
2026-03-29,17,12269.0,4.17,5.76,4258.0,9816.0,11.19,14073.0
2026-03-29,18,14680.0,3.92,4.97,5226.0,11138.0,13.97,16364.0
2026-03-29,19,13863.0,3.65,4.65,5379.0,10916.0,14.87,16295.0
2026-03-29,20,13910.0,3.32,4.82,5357.0,11124.0,14.87,16481.0
2026-03-29,21,14001.0,2.98,5.03,5378.0,11264.0,14.45,16642.0
2026-03-29,22,14382.0,2.65,5.24,5206.0,11251.0,13.5,16458.0
2026-03-29,23,15549.0,2.53,5.83,4456.0,10178.0,11.56,14634.0
2026-03-30,0,10952.0,2.85,7.29,1862.0,5461.0,5.84,7323.0
2026-03-30,1,10848.0,3.25,8.26,2148.0,5258.0,6.06,7406.0
2026-03-30,2,11121.0,3.69,8.91,2250.0,4761.0,5.98,7011.0
2026-03-30,3,12203.0,4.28,9.16,2169.0,4806.0,6.02,6975.0
2026-03-30,4,12995.0,4.89,9.07,2971.0,5354.0,7.29,8325.0
2026-03-30,5,12173.0,5.28,8.76,3630.0,7014.0,9.86,10645.0
2026-03-30,6,14640.0,5.3,8.3,4910.0,10371.0,13.77,15281.0
2026-03-30,7,15144.0,5.05,8.18,5657.0,12139.0,15.46,17797.0
2026-03-30,8,14977.0,4.7,8.63,5612.0,11869.0,15.43,17481.0
2026-03-30,9,14886.0,4.39,9.9,5539.0,11634.0,15.23,17173.0
2026-03-30,10,15161.0,4.14,10.79,5313.0,11274.0,14.58,16587.0
2026-03-30,11,15296.0,4.01,10.55,4924.0,10863.0,12.43,15786.0
2026-03-30,12,15522.0,4.06,10.07,4074.0,9517.0,9.79,13590.0
2026-03-30,13,15539.0,4.43,10.88,3721.0,8222.0,8.55,11942.0
2026-03-30,14,12798.0,4.73,10.73,3531.0,8538.0,8.47,12069.0
2026-03-30,15,12129.0,4.74,8.14,3717.0,8321.0,8.68,12039.0
2026-03-30,16,11972.0,4.74,6.62,3643.0,8333.0,8.76,11975.0
2026-03-30,17,11796.0,4.69,6.17,4076.0,8759.0,9.88,12835.0
2026-03-30,18,11861.0,4.35,5.92,4956.0,10769.0,13.15,15725.0
2026-03-30,19,11920.0,3.82,5.94,5291.0,10862.0,14.65,16153.0
2026-03-30,20,12322.0,3.29,6.23,5120.0,10965.0,14.61,16085.0
2026-03-30,21,13215.0,2.88,6.28,5111.0,10926.0,14.24,16037.0
2026-03-30,22,14110.0,2.57,6.34,5014.0,10759.0,13.33,15773.0
2026-03-30,23,15501.0,2.42,6.68,4886.0,11134.0,11.93,16020.0
2026-03-31,0,11912.0,2.66,7.34,3248.0,4589.0,5.86,7837.0
2026-03-31,1,12142.0,3.16,7.76,3389.0,4233.0,5.99,7623.0
2026-03-31,2,12017.0,3.72,8.03,3471.0,3839.0,6.02,7310.0
2026-03-31,3,11961.0,4.3,8.29,3353.0,3673.0,6.11,7026.0
2026-03-31,4,11252.0,4.83,8.44,2738.0,5188.0,7.12,7925.0
2026-03-31,5,14296.0,5.3,8.05,3311.0,6697.0,10.03,10008.0
2026-03-31,6,14490.0,5.54,7.52,5027.0,10176.0,13.88,15203.0
2026-03-31,7,15049.0,5.26,7.59,5839.0,11915.0,15.62,17754.0
2026-03-31,8,14931.0,4.91,8.56,5614.0,11889.0,15.1,17503.0
2026-03-31,9,14868.0,4.57,9.93,5654.0,11995.0,14.98,17649.0
2026-03-31,10,15241.0,4.2,10.58,5484.0,12355.0,14.66,17839.0
2026-03-31,11,15342.0,3.94,11.31,5086.0,11582.0,15.52,16668.0
2026-03-31,12,15625.0,3.98,11.9,4029.0,9205.0,9.43,13235.0
2026-03-31,13,12777.0,4.2,12.6,3600.0,8473.0,8.21,12073.0
2026-03-31,14,11463.0,4.21,12.24,3349.0,8263.0,7.81,11612.0
2026-03-31,15,11556.0,4.19,8.03,3327.0,8262.0,7.89,11590.0
2026-03-31,16,11441.0,4.17,6.61,3498.0,7902.0,7.96,11400.0
2026-03-31,17,11259.0,4.17,6.28,3994.0,7740.0,9.35,11735.0
2026-03-31,18,11266.0,3.9,6.11,4904.0,9990.0,12.38,14893.0
2026-03-31,19,11718.0,3.34,6.25,5144.0,10842.0,13.73,15986.0
2026-03-31,20,15076.0,3.02,6.02,5197.0,10660.0,13.79,15858.0
2026-03-31,21,16007.0,2.9,5.61,5159.0,11765.0,13.83,16925.0
2026-03-31,22,17112.0,2.84,5.51,5107.0,11960.0,13.25,17067.0
2026-03-31,23,14482.0,2.69,6.11,4378.0,11247.0,11.22,15625.0
2026-04-01,0,11907.0,2.95,7.09,1739.0,5501.0,4.7,7240.0
2026-04-01,1,10914.0,3.45,7.6,1872.0,5489.0,4.95,7361.0
2026-04-01,2,12332.0,3.95,8.05,1862.0,5437.0,5.25,7299.0
2026-04-01,3,12634.0,4.64,8.13,1609.0,5244.0,5.15,6853.0
2026-04-01,4,10276.0,5.19,8.41,1965.0,5695.0,6.27,7660.0
2026-04-01,5,10153.0,5.32,8.62,3261.0,6714.0,8.99,9975.0
2026-04-01,6,14281.0,5.28,8.33,4901.0,9971.0,12.66,14872.0
2026-04-01,7,14917.0,5.05,8.33,5665.0,11897.0,14.52,17562.0
2026-04-01,8,14834.0,4.68,9.12,5665.0,12352.0,14.02,18017.0
2026-04-01,9,14810.0,4.21,10.04,5767.0,12774.0,14.81,18541.0
2026-04-01,10,15249.0,3.81,10.59,5451.0,12025.0,13.58,17477.0
2026-04-01,11,15445.0,3.6,11.07,4774.0,11307.0,11.63,16081.0
2026-04-01,12,15382.0,3.67,11.59,4101.0,9235.0,8.89,13336.0
2026-04-01,13,12635.0,3.96,14.4,3521.0,7258.0,7.22,10779.0
2026-04-01,14,11684.0,4.12,12.68,3435.0,7209.0,7.17,10643.0
2026-04-01,15,11230.0,4.22,7.31,3292.0,7143.0,7.23,10435.0
2026-04-01,16,11095.0,4.32,6.0,3188.0,7174.0,7.25,10362.0
2026-04-01,17,10990.0,4.3,5.69,3791.0,8670.0,8.81,12461.0
2026-04-01,18,12622.0,3.92,5.47,4873.0,11019.0,11.95,15892.0
2026-04-01,19,14813.0,3.55,4.86,5330.0,12196.0,14.01,17525.0
2026-04-01,20,14613.0,3.2,4.61,5428.0,11772.0,13.78,17200.0
2026-04-01,21,13618.0,2.91,4.64,5116.0,10804.0,13.69,15921.0
2026-04-01,22,13632.0,2.6,5.03,5009.0,10593.0,12.88,15602.0
2026-04-01,23,13758.0,2.41,5.42,4576.0,9542.0,10.82,14118.0
2026-04-02,0,11861.0,2.69,6.14,2253.0,4951.0,4.8,7203.0
2026-04-02,1,11740.0,3.29,6.97,2132.0,5042.0,4.54,7174.0
2026-04-02,2,11623.0,3.84,7.68,2156.0,5051.0,4.66,7207.0
2026-04-02,3,11753.0,4.43,8.17,2016.0,4760.0,4.54,6776.0
2026-04-02,4,11096.0,4.96,8.4,2498.0,5692.0,5.83,8191.0
2026-04-02,5,12290.0,5.15,8.34,3441.0,7747.0,8.7,11188.0
2026-04-02,6,15272.0,5.2,7.84,5123.0,11033.0,12.64,16156.0
2026-04-02,7,15008.0,4.94,8.0,5860.0,11709.0,14.55,17568.0
2026-04-02,8,14832.0,4.61,8.61,5711.0,11672.0,14.41,17382.0
2026-04-02,9,14761.0,4.28,9.44,5620.0,11608.0,14.32,17227.0
2026-04-02,10,13985.0,3.95,9.7,5289.0,11507.0,13.38,16796.0
2026-04-02,11,14885.0,3.62,9.53,4799.0,11379.0,11.36,16178.0
2026-04-02,12,15598.0,3.65,9.77,3179.0,10378.0,12.66,13556.0
2026-04-02,13,13391.0,3.94,12.19,2773.0,8379.0,11.2,11151.0
2026-04-02,14,12945.0,4.18,10.67,2723.0,8219.0,10.94,10943.0
2026-04-02,15,11590.0,4.33,6.56,2890.0,8079.0,10.72,10969.0
2026-04-02,16,11306.0,4.35,5.5,2699.0,8510.0,10.93,11209.0
2026-04-02,17,11060.0,4.25,5.44,3336.0,9141.0,12.47,12477.0
2026-04-02,18,12370.0,3.95,5.39,3906.0,10828.0,15.42,14733.0
2026-04-02,19,13841.0,3.66,5.12,4383.0,11341.0,16.84,15725.0
2026-04-02,20,13801.0,3.39,5.13,4221.0,11573.0,16.91,15794.0
2026-04-02,21,12696.0,3.02,5.43,4364.0,11470.0,16.76,15833.0
2026-04-02,22,13107.0,2.64,5.83,4376.0,10925.0,15.84,15301.0
2026-04-02,23,15031.0,2.41,5.93,3925.0,11395.0,14.07,15320.0
2026-04-03,0,12665.0,2.69,6.2,3193.0,4557.0,8.76,7750.0
2026-04-03,1,11772.0,3.28,6.96,3038.0,4203.0,8.33,7241.0
2026-04-03,2,12068.0,3.85,7.62,3328.0,3935.0,8.26,7263.0
2026-04-03,3,11920.0,4.45,8.07,3098.0,3713.0,8.29,6811.0
2026-04-03,4,11180.0,5.0,8.26,2506.0,5110.0,9.02,7616.0
2026-04-03,5,10897.0,5.33,8.17,3149.0,6291.0,11.56,9440.0
2026-04-03,6,14204.0,5.35,7.85,4895.0,10240.0,15.43,15135.0
2026-04-03,7,14953.0,5.09,7.88,5541.0,11876.0,17.02,17417.0
2026-04-03,8,14837.0,4.77,8.56,5598.0,11621.0,17.0,17220.0
2026-04-03,9,14784.0,4.44,9.2,5634.0,12294.0,17.37,17928.0
2026-04-03,10,15148.0,4.02,8.87,5549.0,12311.0,16.43,17861.0
2026-04-03,11,15209.0,3.76,9.13,5000.0,11303.0,14.37,16303.0
2026-04-03,12,15559.0,3.78,9.89,4134.0,9850.0,11.85,13984.0
2026-04-03,13,14911.0,4.09,12.27,3548.0,8637.0,10.44,12186.0
2026-04-03,14,14145.0,4.34,10.11,3451.0,8802.0,10.41,12253.0
2026-04-03,15,13258.0,4.55,5.79,3613.0,8399.0,10.44,12012.0
2026-04-03,16,11894.0,4.62,4.83,3716.0,7873.0,10.5,11589.0
2026-04-03,17,11657.0,4.58,4.9,4135.0,8702.0,11.72,12837.0
2026-04-03,18,11667.0,4.27,5.0,5000.0,9959.0,14.59,14959.0
2026-04-03,19,11769.0,3.76,5.31,5335.0,10549.0,16.09,15885.0
2026-04-03,20,13457.0,3.23,5.59,5226.0,12068.0,16.09,17294.0
2026-04-03,21,15041.0,2.86,5.38,5153.0,12088.0,15.3,17241.0
2026-04-03,22,15511.0,2.6,5.19,5094.0,11901.0,14.26,16995.0
2026-04-03,23,15737.0,2.51,5.15,4840.0,10370.0,12.98,15210.0
2026-04-04,0,12640.0,2.84,5.67,3627.0,4563.0,6.98,8190.0
2026-04-04,1,12216.0,3.44,6.71,3527.0,3986.0,6.66,7513.0
2026-04-04,2,12183.0,4.05,7.47,3438.0,3945.0,6.97,7382.0
2026-04-04,3,12212.0,4.68,8.17,3477.0,3774.0,6.9,7251.0
2026-04-04,4,11593.0,5.29,8.79,2976.0,5255.0,8.53,8230.0
2026-04-04,5,10968.0,5.38,8.95,3838.0,7918.0,11.25,11756.0
2026-04-04,6,14703.0,5.24,8.57,5130.0,11287.0,15.08,16417.0
2026-04-04,7,15241.0,4.85,8.55,5932.0,12741.0,16.85,18673.0
2026-04-04,8,15167.0,4.45,9.14,5878.0,12104.0,17.76,17982.0
2026-04-04,9,15023.0,4.08,9.77,5896.0,11924.0,17.77,17820.0
2026-04-04,10,15209.0,3.77,9.68,5509.0,11444.0,15.18,16953.0
2026-04-04,11,15189.0,3.66,10.07,4789.0,10143.0,13.49,14932.0
2026-04-04,12,15309.0,3.83,10.88,3774.0,8611.0,10.65,12384.0
2026-04-04,13,14243.0,4.25,12.8,3185.0,7837.0,8.28,11022.0
2026-04-04,14,13211.0,4.55,11.18,2996.0,7843.0,8.52,10840.0
2026-04-04,15,13242.0,4.8,6.39,2803.0,8526.0,9.16,11328.0
2026-04-04,16,12558.0,4.98,4.92,2922.0,8570.0,8.93,11492.0
2026-04-04,17,11357.0,4.93,4.85,3214.0,9890.0,10.63,13104.0
2026-04-04,18,11507.0,4.48,4.99,3949.0,11886.0,13.65,15834.0
2026-04-04,19,11725.0,3.87,5.29,4277.0,11907.0,14.54,16184.0
2026-04-04,20,11844.0,3.29,5.75,4098.0,11911.0,14.23,16009.0
2026-04-04,21,11983.0,2.72,6.15,4101.0,12212.0,14.04,16313.0
2026-04-04,22,12264.0,2.15,6.44,4197.0,12045.0,13.05,16242.0
2026-04-04,23,14167.0,1.77,6.51,3729.0,11457.0,11.8,15185.0
2026-04-05,0,13241.0,2.12,6.44,2571.0,4144.0,5.53,6714.0
2026-04-05,1,11290.0,2.89,7.17,2465.0,3198.0,5.26,5663.0
2026-04-05,2,11463.0,3.57,8.21,2579.0,3231.0,5.25,5810.0
2026-04-05,3,10822.0,4.22,9.2,2786.0,3058.0,6.95,5844.0
2026-04-05,4,9834.0,4.77,9.71,2333.0,3599.0,6.74,5932.0
2026-04-05,5,9215.0,5.14,9.52,2221.0,5247.0,7.5,7469.0
2026-04-05,6,14406.0,5.34,8.41,3973.0,8811.0,11.25,12784.0
2026-04-05,7,15208.0,5.35,7.76,5378.0,11017.0,14.48,16394.0
2026-04-05,8,15125.0,5.07,8.12,5805.0,12225.0,15.18,18030.0
2026-04-05,9,14998.0,4.6,8.86,5906.0,13138.0,15.67,19045.0
2026-04-05,10,15215.0,4.16,9.23,5592.0,12330.0,14.69,17923.0
2026-04-05,11,15349.0,3.89,9.98,5085.0,11499.0,15.14,16584.0
2026-04-05,12,15496.0,3.84,11.12,4714.0,10231.0,14.75,14946.0
2026-04-05,13,15493.0,4.03,10.5,4332.0,8479.0,13.11,12811.0
2026-04-05,14,11865.0,4.25,8.18,3833.0,7522.0,11.83,11354.0
2026-04-05,15,11373.0,4.27,4.99,3840.0,7351.0,11.47,11192.0
2026-04-05,16,11298.0,4.23,4.39,3699.0,8215.0,11.49,11915.0
2026-04-05,17,11515.0,4.04,4.71,4365.0,9666.0,13.65,14031.0
2026-04-05,18,13857.0,3.65,4.53,5328.0,11759.0,16.9,17088.0
2026-04-05,19,13991.0,3.25,4.37,5351.0,11353.0,15.23,16704.0
2026-04-05,20,14731.0,2.94,4.51,5311.0,11151.0,14.82,16462.0
2026-04-05,21,15290.0,2.75,4.47,5278.0,11342.0,14.88,16621.0
2026-04-05,22,15552.0,2.58,4.46,5266.0,11290.0,14.06,16556.0
2026-04-05,23,15022.0,2.44,4.87,4609.0,10398.0,12.19,15007.0
2026-04-06,0,12031.0,2.81,6.06,3530.0,3862.0,6.21,7392.0
2026-04-06,1,10921.0,3.35,7.21,3266.0,3494.0,5.83,6760.0
2026-04-06,2,11907.0,3.98,7.94,3337.0,3193.0,5.53,6530.0
2026-04-06,3,10153.0,4.59,8.53,2559.0,3576.0,5.2,6134.0
2026-04-06,4,10211.0,5.13,9.02,2727.0,3210.0,5.4,5937.0
2026-04-06,5,9554.0,5.49,8.99,3040.0,5525.0,7.35,8565.0
2026-04-06,6,13183.0,5.47,8.43,4267.0,9541.0,11.52,13807.0
2026-04-06,7,15003.0,5.35,8.31,5415.0,11204.0,14.54,16619.0
2026-04-06,8,14502.0,5.01,8.79,5773.0,11992.0,15.35,17765.0
2026-04-06,9,14329.0,4.58,9.68,5699.0,11777.0,15.16,17476.0
2026-04-06,10,14503.0,4.24,10.61,5384.0,11268.0,14.41,16652.0
2026-04-06,11,14242.0,3.93,11.34,5150.0,11514.0,13.06,16664.0
2026-04-06,12,14433.0,3.71,12.03,4243.0,10810.0,11.1,15053.0
2026-04-06,13,14506.0,3.72,12.89,3222.0,10220.0,9.47,13442.0
2026-04-06,14,15005.0,3.96,8.63,2957.0,9143.0,8.93,12100.0
2026-04-06,15,14987.0,4.29,3.8,2888.0,9255.0,9.08,12143.0
2026-04-06,16,12722.0,4.51,2.7,3136.0,8829.0,8.92,11965.0
2026-04-06,17,12070.0,4.47,2.88,3572.0,9455.0,10.39,13027.0
2026-04-06,18,12676.0,4.16,3.06,4437.0,11290.0,13.35,15727.0
2026-04-06,19,13417.0,3.74,3.25,4212.0,12085.0,14.33,16297.0
2026-04-06,20,13073.0,3.32,3.78,4158.0,12094.0,14.38,16252.0
2026-04-06,21,13232.0,2.9,4.2,4395.0,11697.0,14.18,16091.0
2026-04-06,22,14140.0,2.53,4.55,4083.0,12281.0,13.24,16365.0
2026-04-06,23,16187.0,2.37,4.45,3792.0,11502.0,11.48,15294.0
2026-04-07,0,12830.0,2.82,4.85,1852.0,5866.0,5.96,7718.0
2026-04-07,1,11992.0,3.37,5.31,1951.0,5353.0,6.25,7304.0
2026-04-07,2,11916.0,3.95,5.36,2154.0,4987.0,6.1,7141.0
2026-04-07,3,11840.0,4.54,5.5,1826.0,4865.0,5.85,6691.0
2026-04-07,4,10401.0,5.06,5.78,2239.0,5075.0,7.0,7314.0
2026-04-07,5,10416.0,5.28,5.83,2993.0,7218.0,9.77,10211.0
2026-04-07,6,14534.0,5.19,5.37,4979.0,10854.0,13.7,15833.0
2026-04-07,7,15161.0,4.87,5.03,5828.0,12533.0,15.44,18362.0
2026-04-07,8,15006.0,4.48,5.32,5765.0,12012.0,15.26,17776.0
2026-04-07,9,14983.0,4.06,5.86,5782.0,12805.0,15.26,18586.0
2026-04-07,10,15281.0,3.66,6.03,5424.0,12022.0,13.91,17446.0
2026-04-07,11,15442.0,3.5,6.35,4885.0,10747.0,11.51,15631.0
2026-04-07,12,15652.0,3.61,6.52,4216.0,9384.0,9.09,13600.0
2026-04-07,13,14826.0,3.93,8.92,3704.0,8273.0,8.16,11978.0
2026-04-07,14,13609.0,4.26,7.6,3516.0,7477.0,7.94,10992.0
2026-04-07,15,13673.0,4.58,4.07,3337.0,7728.0,7.99,11065.0
2026-04-07,16,11927.0,4.8,3.32,3579.0,7297.0,7.94,10876.0
2026-04-07,17,11453.0,4.85,3.67,3861.0,8428.0,9.4,12289.0
2026-04-07,18,11499.0,4.45,4.01,5183.0,11387.0,12.61,16570.0
2026-04-07,19,12212.0,3.72,4.3,5424.0,12292.0,14.01,17716.0
2026-04-07,20,12775.0,3.07,4.54,5532.0,12184.0,14.5,17715.0
2026-04-07,21,12929.0,2.52,4.79,5270.0,11088.0,13.99,16358.0
2026-04-07,22,13260.0,2.12,5.0,5137.0,10884.0,12.97,16021.0
2026-04-07,23,13501.0,1.82,5.08,4821.0,10267.0,11.45,15089.0
2026-04-08,0,13518.0,2.07,5.27,1930.0,5564.0,5.21,7494.0
2026-04-08,1,13221.0,2.86,5.5,1905.0,5067.0,4.77,6972.0
2026-04-08,2,12448.0,3.58,6.07,2484.0,4249.0,6.6,6733.0
2026-04-08,3,12515.0,4.27,6.8,3317.0,3593.0,4.93,6910.0
2026-04-08,4,13762.0,4.98,7.23,2885.0,5172.0,6.39,8057.0
2026-04-08,5,13322.0,5.46,7.11,3670.0,7776.0,9.72,11446.0
2026-04-08,6,14777.0,5.41,6.92,5161.0,11450.0,13.39,16612.0
2026-04-08,7,15164.0,5.09,7.11,5809.0,11993.0,14.93,17803.0
2026-04-08,8,15038.0,4.74,8.05,5756.0,11872.0,14.69,17628.0
2026-04-08,9,14975.0,4.4,9.0,5589.0,11861.0,14.5,17450.0
2026-04-08,10,15298.0,4.13,9.7,5357.0,11597.0,13.88,16953.0
2026-04-08,11,15412.0,3.93,11.01,4958.0,11428.0,11.67,16386.0
2026-04-08,12,15708.0,3.95,11.8,4267.0,9917.0,9.43,14184.0
2026-04-08,13,14804.0,4.23,14.59,3750.0,8853.0,7.89,12603.0
2026-04-08,14,12928.0,4.37,10.84,3604.0,8717.0,7.81,12321.0
2026-04-08,15,12974.0,4.43,6.02,3633.0,8746.0,8.0,12379.0
2026-04-08,16,12834.0,4.5,4.56,3736.0,8384.0,8.21,12120.0
2026-04-08,17,13702.0,4.61,4.02,4121.0,8769.0,9.21,12890.0
2026-04-08,18,13591.0,4.55,3.71,5048.0,10164.0,12.19,15212.0
2026-04-08,19,13554.0,4.22,3.75,5373.0,11092.0,13.81,16464.0
2026-04-08,20,13452.0,3.79,4.14,5216.0,11816.0,14.0,17032.0
2026-04-08,21,15055.0,3.44,4.22,5261.0,11475.0,13.72,16736.0
2026-04-08,22,15652.0,3.25,4.16,4859.0,12121.0,12.81,16981.0
2026-04-08,23,15249.0,3.06,4.65,4207.0,11532.0,11.04,15738.0
2026-04-09,0,11500.0,3.32,5.98,2011.0,5600.0,5.27,7611.0
2026-04-09,1,11274.0,3.67,6.85,2697.0,5059.0,5.16,7756.0
2026-04-09,2,11265.0,3.7,6.93,2987.0,4773.0,5.15,7760.0
2026-04-09,3,11277.0,4.18,7.61,2569.0,4855.0,4.99,7424.0
2026-04-09,4,12263.0,5.3,8.65,2421.0,5599.0,6.14,8020.0
2026-04-09,5,10624.0,5.58,8.69,3369.0,7089.0,8.96,10458.0
2026-04-09,6,13631.0,5.44,8.71,4934.0,10261.0,12.69,15194.0
2026-04-09,7,15067.0,5.16,8.71,5842.0,11938.0,14.63,17781.0
2026-04-09,8,14844.0,4.79,9.46,5808.0,11946.0,14.55,17755.0
2026-04-09,9,14774.0,4.38,10.09,5785.0,12392.0,14.63,18177.0
2026-04-09,10,15180.0,3.98,10.78,5485.0,11944.0,13.75,17430.0
2026-04-09,11,15358.0,3.79,11.83,4888.0,10990.0,11.56,15878.0
2026-04-09,12,15515.0,3.85,12.49,4202.0,9499.0,9.03,13701.0
2026-04-09,13,14549.0,4.16,17.02,3785.0,8563.0,8.48,12348.0
2026-04-09,14,12225.0,4.31,16.16,3416.0,7811.0,7.89,11227.0
2026-04-09,15,11303.0,4.39,8.78,3451.0,7400.0,7.76,10851.0
2026-04-09,16,11155.0,4.43,6.78,3475.0,7387.0,7.9,10862.0
2026-04-09,17,11269.0,4.38,6.16,4122.0,8225.0,9.49,12347.0
2026-04-09,18,13655.0,4.2,5.45,4951.0,10479.0,12.29,15430.0
2026-04-09,19,14475.0,3.86,4.71,5277.0,12201.0,13.7,17478.0
2026-04-09,20,14835.0,3.49,4.45,5426.0,12175.0,13.95,17601.0
2026-04-09,21,14827.0,3.14,4.28,5309.0,12144.0,13.91,17452.0
2026-04-09,22,15373.0,2.89,4.2,5197.0,10953.0,13.24,16149.0
2026-04-09,23,14682.0,2.82,4.49,4545.0,9854.0,10.79,14399.0
2026-04-10,0,11504.0,3.13,5.92,2425.0,5204.0,5.73,7629.0
2026-04-10,1,11547.0,3.61,7.19,2365.0,4615.0,5.72,6980.0
2026-04-10,2,10896.0,4.15,8.14,2200.0,4380.0,5.6,6580.0
2026-04-10,3,10508.0,4.64,9.05,2725.0,3791.0,6.13,6516.0
2026-04-10,4,10403.0,5.05,9.93,2797.0,5170.0,6.84,7967.0
2026-04-10,5,12699.0,5.25,9.84,3273.0,8000.0,10.53,11273.0
2026-04-10,6,14992.0,5.24,9.04,5031.0,11515.0,14.01,16546.0
2026-04-10,7,15062.0,4.86,8.88,5882.0,12501.0,15.76,18383.0
2026-04-10,8,14927.0,4.48,9.14,5764.0,11989.0,15.66,17752.0
2026-04-10,9,14967.0,4.12,10.18,5669.0,11796.0,15.47,17465.0
2026-04-10,10,15348.0,3.87,10.99,5377.0,11250.0,14.39,16626.0
2026-04-10,11,15497.0,3.78,11.52,4847.0,10827.0,12.07,15673.0
2026-04-10,12,14577.0,3.79,11.95,4223.0,9576.0,9.73,13799.0
2026-04-10,13,14334.0,3.96,16.33,3746.0,8689.0,8.55,12435.0
2026-04-10,14,15038.0,4.24,16.01,3733.0,8613.0,8.7,12346.0
2026-04-10,15,13976.0,4.5,8.71,4002.0,9131.0,9.41,13133.0
2026-04-10,16,13776.0,4.5,6.18,4294.0,9418.0,9.89,13712.0
2026-04-10,17,13809.0,4.42,5.07,4971.0,10494.0,12.05,15466.0
2026-04-10,18,15154.0,4.11,4.23,5993.0,12248.0,16.6,18241.0
2026-04-10,19,15372.0,3.66,3.56,6096.0,12768.0,17.21,18863.0
2026-04-10,20,15535.0,3.25,3.37,5726.0,12136.0,15.63,17862.0
2026-04-10,21,16361.0,3.08,3.47,5343.0,11391.0,15.33,16734.0
2026-04-10,22,16385.0,3.08,3.58,5085.0,11201.0,14.42,16286.0
2026-04-10,23,16699.0,3.01,3.7,4789.0,11422.0,14.72,16211.0
2026-04-11,0,12037.0,3.36,4.89,2465.0,5632.0,8.44,8097.0
2026-04-11,1,12426.0,3.88,6.15,2292.0,5383.0,7.9,7675.0
2026-04-11,2,11548.0,4.47,7.25,2148.0,5128.0,8.04,7276.0
2026-04-11,3,9929.0,4.88,8.73,2058.0,5213.0,8.24,7271.0
2026-04-11,4,10779.0,5.17,9.74,2707.0,6018.0,9.38,8725.0
2026-04-11,5,12339.0,5.37,9.57,3664.0,7509.0,12.3,11173.0
2026-04-11,6,14353.0,5.38,8.72,5023.0,10430.0,16.29,15453.0
2026-04-11,7,14998.0,5.06,8.45,6020.0,12515.0,19.0,18535.0
2026-04-11,8,14941.0,4.51,8.63,6523.0,13250.0,20.38,19773.0
2026-04-11,9,14961.0,3.86,9.39,6504.0,13522.0,20.63,20026.0
2026-04-11,10,15391.0,3.2,9.89,6341.0,14098.0,19.5,20439.0
2026-04-11,11,16520.0,2.78,10.29,5586.0,11904.0,16.94,17490.0
2026-04-11,12,16751.0,2.87,10.66,4042.0,10285.0,14.12,14326.0
2026-04-11,13,16598.0,3.26,8.86,3810.0,9083.0,12.69,12894.0
2026-04-11,14,16495.0,3.75,2.65,3403.0,8428.0,11.77,11831.0
2026-04-11,15,16377.0,4.3,2.1,3375.0,8634.0,11.59,12010.0
2026-04-11,16,16136.0,4.75,2.1,3247.0,9821.0,12.07,13067.0
2026-04-11,17,15818.0,4.94,2.1,4116.0,11670.0,14.46,15786.0
2026-04-11,18,15853.0,4.74,2.1,5852.0,12107.0,17.74,17959.0
2026-04-11,19,15927.0,4.46,2.1,5860.0,12266.0,18.79,18126.0
2026-04-11,20,16032.0,4.18,2.1,5802.0,12204.0,18.9,18005.0
2026-04-11,21,16236.0,3.94,2.1,5841.0,12233.0,18.79,18074.0
2026-04-11,22,17793.0,3.77,2.1,5966.0,12172.0,18.01,18138.0
2026-04-11,23,17772.0,3.82,2.1,5386.0,11250.0,16.3,16635.0
2026-04-12,0,12179.0,4.17,4.28,2864.0,5939.0,9.42,8804.0
2026-04-12,1,10668.0,4.43,6.27,3065.0,5807.0,9.36,8872.0
2026-04-12,2,10670.0,4.68,6.47,2913.0,5472.0,9.14,8385.0
2026-04-12,3,10581.0,4.98,6.73,2803.0,5268.0,8.88,8071.0
2026-04-12,4,10443.0,5.28,7.23,2731.0,5683.0,8.64,8414.0
2026-04-12,5,13590.0,5.46,5.57,3955.0,8432.0,12.01,12388.0
2026-04-12,6,15101.0,5.32,4.1,5922.0,12585.0,17.84,18507.0
2026-04-12,7,15955.0,4.86,4.17,6175.0,13123.0,19.07,19299.0
2026-04-12,8,16287.0,4.38,4.53,6556.0,13675.0,19.95,20231.0
2026-04-12,9,16346.0,3.86,4.83,6491.0,13763.0,19.95,20254.0
2026-04-12,10,16614.0,3.4,4.87,6337.0,13255.0,19.56,19593.0
2026-04-12,11,17517.0,3.2,5.23,5479.0,11426.0,16.73,16905.0
2026-04-12,12,17820.0,3.48,5.79,4612.0,9853.0,13.85,14465.0
2026-04-12,13,17156.0,3.96,6.67,4058.0,8383.0,11.98,12441.0
2026-04-12,14,12801.0,4.37,6.6,3631.0,7949.0,11.13,11580.0
2026-04-12,15,12375.0,4.4,5.94,3522.0,8782.0,10.93,12304.0
2026-04-12,16,12367.0,4.39,6.48,3577.0,8786.0,10.87,12363.0
2026-04-12,17,16124.0,4.6,4.83,4062.0,9214.0,12.19,13276.0
2026-04-12,18,16636.0,4.78,4.64,5049.0,10923.0,15.42,15972.0
2026-04-12,19,14112.0,4.68,6.84,5122.0,11494.0,17.06,16615.0
2026-04-12,20,12842.0,4.26,8.58,5061.0,11159.0,16.46,16219.0
2026-04-12,21,13186.0,3.83,8.28,5256.0,11070.0,16.34,16325.0
2026-04-12,22,13646.0,3.46,8.55,5114.0,10883.0,15.0,15997.0
2026-04-12,23,14187.0,3.18,8.79,4853.0,10477.0,13.98,15330.0
2026-04-13,0,13073.0,3.48,8.88,2703.0,5488.0,7.99,8191.0
2026-04-13,1,12309.0,4.0,9.22,2866.0,5557.0,8.17,8423.0
2026-04-13,2,12090.0,4.48,9.66,2807.0,5339.0,8.28,8147.0
2026-04-13,3,11897.0,4.94,9.97,2768.0,5818.0,8.31,8586.0
2026-04-13,4,12225.0,5.26,10.34,3341.0,7359.0,9.66,10700.0
2026-04-13,5,12461.0,5.26,9.94,4156.0,8892.0,12.22,13048.0
2026-04-13,6,15551.0,5.35,6.34,4425.0,9438.0,13.38,13863.0
2026-04-13,7,15102.0,5.4,5.71,5236.0,10810.0,15.92,16046.0
2026-04-13,8,15788.0,5.15,6.03,5825.0,12197.0,18.12,18023.0
2026-04-13,9,15824.0,4.85,6.78,5866.0,12259.0,18.23,18125.0
2026-04-13,10,16052.0,4.58,6.53,5765.0,12164.0,17.99,17929.0
2026-04-13,11,15068.0,4.37,7.08,5461.0,11410.0,16.34,16871.0
2026-04-13,12,13791.0,4.09,9.13,4757.0,10599.0,13.51,15356.0
2026-04-13,13,13596.0,3.99,10.81,4216.0,9052.0,10.43,13269.0
2026-04-13,14,13535.0,4.13,8.22,3523.0,8477.0,8.49,12000.0
2026-04-13,15,15499.0,4.43,4.77,3554.0,8490.0,8.33,12044.0
2026-04-13,16,14619.0,4.81,4.68,3740.0,8504.0,8.52,12244.0
2026-04-13,17,11771.0,4.87,7.76,4561.0,8394.0,10.6,12955.0
2026-04-13,18,12707.0,4.61,8.04,5158.0,9978.0,13.31,15136.0
2026-04-13,19,13607.0,4.25,7.44,5660.0,10857.0,15.45,16517.0
2026-04-13,20,14604.0,3.89,7.65,5664.0,10820.0,15.29,16484.0
2026-04-13,21,14481.0,3.67,6.99,5458.0,10763.0,15.48,16220.0
2026-04-13,22,16605.0,3.4,5.39,5790.0,13186.0,15.38,18976.0
2026-04-13,23,18095.0,3.2,5.54,5418.0,12420.0,13.47,17838.0
2026-04-14,0,12616.0,3.55,8.18,2750.0,6293.0,5.55,9044.0
2026-04-14,1,12086.0,3.93,9.27,2578.0,5961.0,5.84,8538.0
2026-04-14,2,11864.0,4.41,9.26,2475.0,5187.0,5.59,7662.0
2026-04-14,3,9979.0,4.89,9.88,2200.0,4396.0,5.65,6596.0
2026-04-14,4,11216.0,5.22,10.34,3009.0,6227.0,7.57,9237.0
2026-04-14,5,13606.0,5.4,8.64,3864.0,8170.0,9.88,12034.0
2026-04-14,6,14309.0,5.55,7.63,4422.0,9253.0,11.69,13675.0
2026-04-14,7,14763.0,5.52,7.18,5291.0,10902.0,14.19,16193.0
2026-04-14,8,15213.0,5.17,6.64,6113.0,12664.0,16.3,18777.0
2026-04-14,9,15219.0,4.61,7.17,6321.0,13741.0,16.52,20062.0
2026-04-14,10,15632.0,4.02,6.95,6249.0,13615.0,16.52,19864.0
2026-04-14,11,16591.0,3.58,6.71,5779.0,12592.0,15.33,18371.0
2026-04-14,12,16819.0,3.63,6.97,4945.0,9747.0,12.29,14692.0
2026-04-14,13,16758.0,4.01,8.66,4396.0,8247.0,10.31,12643.0
2026-04-14,14,12828.0,4.39,9.16,3844.0,7446.0,9.05,11290.0
2026-04-14,15,12994.0,4.55,8.15,3910.0,7483.0,9.07,11392.0
2026-04-14,16,13098.0,4.69,8.12,3862.0,8662.0,8.81,12524.0
2026-04-14,17,12962.0,4.66,8.21,4281.0,9594.0,9.95,13875.0
2026-04-14,18,15112.0,4.49,7.2,4836.0,11222.0,13.24,16058.0
2026-04-14,19,16652.0,4.39,5.63,5484.0,12174.0,15.91,17658.0
2026-04-14,20,15887.0,4.22,5.82,5381.0,11299.0,15.96,16679.0
2026-04-14,21,14010.0,4.06,7.16,5292.0,11120.0,15.06,16411.0
2026-04-14,22,16024.0,3.75,6.95,5781.0,11737.0,15.14,17518.0
2026-04-14,23,16189.0,3.64,6.71,5497.0,11032.0,13.43,16529.0
2026-04-15,0,11005.0,3.81,8.85,2686.0,5376.0,5.57,8062.0
2026-04-15,1,11010.0,4.17,8.85,2563.0,5481.0,5.32,8045.0
2026-04-15,2,10942.0,4.51,8.96,2477.0,5635.0,5.28,8112.0
2026-04-15,3,10208.0,4.85,8.45,2295.0,5384.0,5.73,7678.0
2026-04-15,4,12798.0,5.22,6.0,2732.0,6370.0,6.72,9102.0
2026-04-15,5,12552.0,5.45,5.96,3814.0,8817.0,9.73,12631.0
2026-04-15,6,13762.0,5.38,5.24,4597.0,9481.0,12.07,14077.0
2026-04-15,7,15158.0,5.28,4.79,5581.0,11210.0,14.98,16790.0
2026-04-15,8,15469.0,4.91,5.0,6237.0,12773.0,17.19,19010.0
2026-04-15,9,15445.0,4.43,5.23,6404.0,12922.0,17.36,19325.0
2026-04-15,10,15874.0,3.95,5.3,6425.0,13274.0,17.76,19699.0
2026-04-15,11,16424.0,3.45,5.23,6041.0,13245.0,16.09,19287.0
2026-04-15,12,17012.0,3.33,5.58,4985.0,11219.0,12.19,16205.0
2026-04-15,13,17372.0,3.58,6.42,4465.0,9553.0,12.59,14017.0
2026-04-15,14,17205.0,4.09,5.4,4018.0,8650.0,11.35,12668.0
2026-04-15,15,17078.0,4.7,4.13,3902.0,7784.0,11.17,11686.0
2026-04-15,16,14388.0,5.22,5.42,4019.0,7867.0,11.1,11886.0
2026-04-15,17,13676.0,5.41,5.86,4170.0,8533.0,11.83,12703.0
2026-04-15,18,13572.0,5.39,4.84,4823.0,9722.0,13.67,14546.0
2026-04-15,19,14327.0,5.14,4.79,5437.0,11921.0,16.19,17358.0
2026-04-15,20,15149.0,4.63,4.42,5839.0,13444.0,17.92,19283.0
2026-04-15,21,15329.0,4.1,4.45,5995.0,13548.0,17.84,19543.0
2026-04-15,22,15864.0,3.58,4.57,6160.0,13163.0,17.86,19323.0
2026-04-15,23,16634.0,3.34,4.86,5479.0,11189.0,15.24,16669.0
2026-04-16,0,13593.0,3.65,5.67,2954.0,6160.0,8.3,9114.0
2026-04-16,1,13270.0,4.2,6.55,2820.0,5863.0,8.07,8683.0
2026-04-16,2,11341.0,4.72,7.23,2657.0,5123.0,7.58,7780.0
2026-04-16,3,10697.0,5.18,7.53,3619.0,3794.0,7.54,7413.0
2026-04-16,4,9049.0,5.52,7.71,3074.0,3930.0,8.08,7004.0
2026-04-16,5,7022.0,5.63,8.01,2488.0,5140.0,9.21,7628.0
2026-04-16,6,12212.0,5.53,6.4,3797.0,8814.0,12.39,12611.0
2026-04-16,7,15528.0,5.38,4.76,5780.0,12197.0,17.38,17977.0
2026-04-16,8,15592.0,4.98,4.91,6174.0,12423.0,18.97,18596.0
2026-04-16,9,15574.0,4.59,5.24,6331.0,12353.0,19.26,18684.0
2026-04-16,10,15937.0,4.15,5.58,6566.0,12936.0,20.25,19502.0
2026-04-16,11,16158.0,3.74,6.23,6096.0,12371.0,18.28,18468.0
2026-04-16,12,17264.0,3.67,6.67,4706.0,10802.0,13.15,15508.0
2026-04-16,13,17045.0,4.02,8.26,3315.0,10289.0,11.89,13605.0
2026-04-16,14,16461.0,4.37,6.93,3377.0,10354.0,11.78,13731.0
2026-04-16,15,16535.0,4.67,4.06,3428.0,10435.0,12.07,13862.0
2026-04-16,16,16686.0,5.0,3.25,3463.0,10160.0,12.06,13623.0
2026-04-16,17,14831.0,5.23,3.72,4255.0,9586.0,13.1,13841.0
2026-04-16,18,15718.0,5.22,3.8,5256.0,11337.0,16.84,16594.0
2026-04-16,19,15672.0,4.95,3.86,5557.0,12252.0,19.0,17809.0
2026-04-16,20,14168.0,4.59,4.83,5243.0,11974.0,18.09,17217.0
2026-04-16,21,12575.0,4.12,6.92,4332.0,12349.0,16.43,16682.0
2026-04-16,22,14444.0,3.55,8.08,4270.0,13444.0,16.56,17715.0
2026-04-16,23,17757.0,3.32,7.97,4315.0,13590.0,15.5,17904.0
2026-04-17,0,13365.0,3.52,8.36,3695.0,6145.0,8.47,9840.0
2026-04-17,1,12669.0,3.96,9.24,2711.0,5507.0,8.12,8218.0
2026-04-17,2,11376.0,4.48,9.9,2230.0,5325.0,8.04,7555.0
2026-04-17,3,10240.0,4.85,8.78,1909.0,5446.0,8.15,7355.0
2026-04-17,4,10957.0,5.26,6.73,1885.0,4697.0,8.27,6582.0
2026-04-17,5,9299.0,5.64,6.44,2005.0,5471.0,10.03,7476.0
2026-04-17,6,11763.0,5.59,5.71,3803.0,8633.0,13.24,12436.0
2026-04-17,7,15253.0,5.45,4.65,5890.0,11939.0,17.09,17829.0
2026-04-17,8,15028.0,4.87,4.84,6588.0,13832.0,19.61,20420.0
2026-04-17,9,15077.0,4.19,4.85,6541.0,13722.0,19.35,20263.0
2026-04-17,10,15653.0,3.64,3.66,6309.0,12681.0,19.18,18990.0
2026-04-17,11,16319.0,3.18,4.07,6238.0,12801.0,18.29,19039.0
2026-04-17,12,17116.0,3.15,5.01,4927.0,10098.0,13.24,15025.0
2026-04-17,13,17057.0,3.6,6.25,4007.0,8688.0,10.93,12696.0
2026-04-17,14,16725.0,4.05,5.0,4088.0,9616.0,11.37,13704.0
2026-04-17,15,16453.0,4.4,3.26,4084.0,9668.0,11.38,13752.0
2026-04-17,16,16036.0,4.72,3.27,4028.0,9110.0,11.06,13139.0
2026-04-17,17,15550.0,5.06,3.72,4381.0,9259.0,11.73,13640.0
2026-04-17,18,15439.0,5.04,4.01,5592.0,11546.0,15.96,17138.0
2026-04-17,19,13178.0,4.64,5.08,5899.0,11697.0,17.98,17596.0
2026-04-17,20,12219.0,3.97,5.88,5956.0,11711.0,18.43,17667.0
2026-04-17,21,12917.0,3.36,5.86,5822.0,11258.0,17.87,17080.0
2026-04-17,22,14741.0,2.92,5.83,5769.0,11365.0,17.21,17135.0
2026-04-17,23,16596.0,2.67,6.11,5637.0,12088.0,15.67,17725.0
2026-04-18,0,14121.0,2.95,6.77,4221.0,4975.0,7.81,9196.0
2026-04-18,1,13898.0,3.55,7.05,4245.0,4490.0,7.87,8735.0
2026-04-18,2,13773.0,4.17,6.87,4217.0,4599.0,7.76,8817.0
2026-04-18,3,13110.0,4.77,7.5,4038.0,4302.0,7.57,8340.0
2026-04-18,4,12628.0,5.32,7.65,2614.0,5611.0,7.93,8225.0
2026-04-18,5,9091.0,5.65,7.79,2041.0,6162.0,9.16,8203.0
2026-04-18,6,12516.0,5.59,7.19,4354.0,8383.0,12.85,12737.0
2026-04-18,7,15008.0,5.42,6.4,5997.0,11537.0,17.5,17534.0
2026-04-18,8,15259.0,5.01,6.49,6378.0,12305.0,18.29,18682.0
2026-04-18,9,15407.0,4.53,6.15,6432.0,13248.0,18.44,19679.0
2026-04-18,10,15760.0,3.94,4.6,6477.0,13819.0,18.25,20297.0
2026-04-18,11,15835.0,3.42,4.63,6117.0,12683.0,16.15,18800.0
2026-04-18,12,16064.0,3.25,4.97,4666.0,10931.0,12.86,15597.0
2026-04-18,13,16094.0,3.47,5.99,4774.0,8384.0,11.73,13157.0
2026-04-18,14,16000.0,3.81,4.97,4649.0,8312.0,11.92,12961.0
2026-04-18,15,15924.0,4.17,2.95,4726.0,8090.0,11.59,12816.0
2026-04-18,16,15705.0,4.53,3.09,4516.0,8349.0,11.72,12864.0
2026-04-18,17,15250.0,4.72,3.68,4434.0,10700.0,13.27,15134.0
2026-04-18,18,15473.0,4.48,3.69,6107.0,12639.0,17.06,18746.0
2026-04-18,19,15048.0,3.97,3.72,6145.0,12950.0,17.61,19095.0
2026-04-18,20,15575.0,3.56,4.06,5925.0,11990.0,17.34,17914.0
2026-04-18,21,15582.0,3.29,4.29,5924.0,11760.0,17.11,17684.0
2026-04-18,22,16158.0,3.02,4.45,6053.0,12115.0,17.15,18168.0
2026-04-18,23,17885.0,2.84,4.64,5710.0,11697.0,15.82,17407.0
2026-04-19,0,5382.0,2.95,4.0,1980.0,5662.0,6.8,7642.0
2026-04-19,1,12270.0,2.81,2.81,1990.0,5135.0,6.84,7126.0
2026-04-19,2,13653.0,3.6,4.71,2531.0,4818.0,7.01,7350.0
2026-04-19,3,13392.0,4.36,5.4,2032.0,5061.0,6.81,7092.0
2026-04-19,4,12143.0,5.1,6.67,2235.0,4422.0,6.89,6657.0
2026-04-19,5,10069.0,5.57,6.05,2087.0,6183.0,8.35,8269.0
2026-04-19,6,11431.0,5.48,6.34,4396.0,8534.0,12.62,12929.0
2026-04-19,7,15291.0,5.26,5.2,6029.0,11957.0,17.54,17986.0
2026-04-19,8,15583.0,4.71,4.92,7005.0,13762.0,20.56,20766.0
2026-04-19,9,15545.0,4.02,5.09,7033.0,13533.0,20.26,20565.0
2026-04-19,10,15875.0,3.45,5.66,6847.0,13077.0,19.41,19923.0
2026-04-19,11,15922.0,2.97,6.35,6586.0,12670.0,18.4,19256.0
2026-04-19,12,16113.0,2.66,7.14,5827.0,10980.0,15.11,16806.0
2026-04-19,13,16113.0,2.81,7.6,4467.0,8888.0,10.77,13355.0
2026-04-19,14,16077.0,3.23,5.75,4215.0,8091.0,10.44,12307.0
2026-04-19,15,16064.0,3.68,3.7,4333.0,8215.0,10.79,12548.0
2026-04-19,16,15769.0,4.1,3.47,4457.0,8157.0,11.06,12614.0
2026-04-19,17,14017.0,4.34,3.98,4740.0,9535.0,12.58,14275.0
2026-04-19,18,13088.0,3.92,5.23,5951.0,12342.0,16.34,18293.0
2026-04-19,19,13364.0,3.14,5.91,6382.0,12994.0,18.62,19376.0
2026-04-19,20,14642.0,2.52,5.94,6236.0,12164.0,18.25,18400.0
2026-04-19,21,15899.0,2.06,5.1,6530.0,12689.0,19.08,19219.0
2026-04-19,22,17784.0,1.83,4.94,5867.0,11817.0,16.02,17684.0
2026-04-19,23,18220.0,1.97,5.06,5253.0,10771.0,13.8,16024.0
2026-04-20,0,14919.0,2.48,6.01,2917.0,6603.0,8.22,9520.0
2026-04-20,1,14931.0,3.12,6.24,2620.0,6688.0,8.39,9308.0
2026-04-20,2,14759.0,3.83,5.05,2547.0,6432.0,8.54,8979.0
2026-04-20,3,14683.0,4.54,5.3,2477.0,6314.0,8.67,8791.0
2026-04-20,4,12407.0,5.27,6.37,2258.0,5122.0,7.89,7380.0
2026-04-20,5,9318.0,5.57,7.16,3475.0,5281.0,9.2,8756.0
2026-04-20,6,14390.0,5.52,5.57,5561.0,9870.0,14.08,15431.0
2026-04-20,7,15442.0,5.2,4.72,6651.0,12502.0,19.09,19153.0
2026-04-20,8,15400.0,4.59,5.26,6975.0,13142.0,20.61,20117.0
2026-04-20,9,15450.0,4.08,5.58,6522.0,12514.0,18.81,19037.0
2026-04-20,10,15772.0,3.65,5.92,6461.0,12576.0,18.64,19037.0
2026-04-20,11,15827.0,3.17,3.27,6381.0,13271.0,17.4,19652.0
2026-04-20,12,16211.0,2.88,5.39,5406.0,11073.0,13.47,16478.0
2026-04-20,13,16302.0,3.04,5.53,3725.0,10415.0,11.36,14139.0
2026-04-20,14,16276.0,3.26,5.63,3648.0,10516.0,11.75,14164.0
2026-04-20,15,16321.0,3.51,5.68,3582.0,10458.0,11.63,14040.0
2026-04-20,16,16059.0,3.79,5.58,4273.0,8847.0,11.68,13120.0
2026-04-20,17,15650.0,4.11,5.48,4884.0,9029.0,13.1,13913.0
2026-04-20,18,15525.0,4.1,5.42,5701.0,11356.0,16.88,17057.0
2026-04-20,19,15324.0,3.7,5.42,6634.0,12755.0,20.12,19390.0
2026-04-20,20,14430.0,3.12,6.28,6108.0,13087.0,18.58,19195.0
2026-04-20,21,15181.0,2.5,5.55,6247.0,13870.0,18.15,20117.0
2026-04-20,22,16354.0,1.97,5.38,5935.0,13162.0,16.46,19098.0
2026-04-20,23,18239.0,1.79,5.65,5739.0,12633.0,15.69,18372.0
2026-04-21,0,17047.0,2.32,5.54,3719.0,4986.0,7.51,8706.0
2026-04-21,1,15347.0,3.29,6.98,3350.0,4720.0,7.43,8070.0
2026-04-21,2,15462.0,4.19,8.02,3404.0,4925.0,7.7,8328.0
2026-04-21,3,10458.0,4.81,12.74,2752.0,4603.0,7.21,7355.0
2026-04-21,4,10165.0,5.19,12.63,2062.0,4787.0,7.45,6849.0
2026-04-21,5,9047.0,5.5,11.24,2389.0,5163.0,8.85,7552.0
2026-04-21,6,14131.0,5.55,6.47,5130.0,9560.0,13.43,14690.0
2026-04-21,7,15421.0,5.23,5.64,6645.0,13638.0,19.39,20283.0
2026-04-21,8,15417.0,4.44,5.44,7081.0,13849.0,21.03,20931.0
2026-04-21,9,15406.0,3.95,5.37,6279.0,12252.0,18.23,18531.0
2026-04-21,10,15763.0,3.56,5.39,6360.0,12364.0,18.34,18725.0
2026-04-21,11,16042.0,3.21,5.41,5962.0,11661.0,16.53,17622.0
2026-04-21,12,16309.0,3.2,5.51,4001.0,10978.0,12.76,14979.0
2026-04-21,13,16387.0,3.45,5.64,3424.0,10029.0,10.64,13453.0
2026-04-21,14,16360.0,3.83,5.93,3417.0,9511.0,10.39,12928.0
2026-04-21,15,14108.0,4.09,7.7,3299.0,9475.0,10.2,12774.0
2026-04-21,16,15656.0,4.32,6.11,3268.0,9553.0,10.23,12821.0
2026-04-21,17,15701.0,4.62,5.67,3468.0,10528.0,11.55,13996.0
2026-04-21,18,15379.0,4.66,5.82,4637.0,11230.0,14.8,15867.0
2026-04-21,19,14011.0,4.36,6.95,5424.0,12146.0,17.27,17570.0
2026-04-21,20,13764.0,3.81,7.07,5815.0,12130.0,18.13,17945.0
2026-04-21,21,14404.0,3.28,6.42,5540.0,12211.0,18.17,17751.0
2026-04-21,22,15411.0,2.91,5.93,5142.0,12608.0,16.93,17749.0
2026-04-21,23,16517.0,2.56,5.25,4769.0,13267.0,15.98,18035.0
2026-04-22,0,16270.0,2.95,7.13,2855.0,6436.0,7.44,9291.0
2026-04-22,1,14234.0,3.64,9.21,2957.0,6098.0,7.34,9055.0
2026-04-22,2,12196.0,4.2,10.92,2409.0,5488.0,7.05,7898.0
2026-04-22,3,12538.0,4.72,11.65,2050.0,5850.0,7.82,7901.0
2026-04-22,4,10617.0,5.27,12.99,1873.0,5029.0,7.32,6901.0
2026-04-22,5,9036.0,5.55,10.97,2240.0,5135.0,8.6,7375.0
2026-04-22,6,12953.0,5.6,8.1,4073.0,9195.0,12.92,13268.0
2026-04-22,7,15424.0,5.44,5.72,6109.0,11873.0,17.68,17983.0
2026-04-22,8,15293.0,4.93,5.58,6836.0,13642.0,20.32,20477.0
2026-04-22,9,15270.0,4.21,5.44,6841.0,14113.0,20.2,20954.0
2026-04-22,10,15724.0,3.52,5.37,6875.0,14337.0,20.35,21212.0
2026-04-22,11,16071.0,2.9,5.34,6603.0,13120.0,18.81,19724.0
2026-04-22,12,16359.0,2.69,5.42,5188.0,10277.0,14.36,15465.0
2026-04-22,13,16339.0,2.88,5.53,4391.0,9202.0,12.15,13592.0
2026-04-22,14,16419.0,3.41,5.79,4521.0,9183.0,12.13,13704.0
2026-04-22,15,16435.0,3.73,5.83,4609.0,9637.0,12.05,14246.0
2026-04-22,16,16119.0,3.96,5.65,4489.0,9676.0,11.64,14164.0
2026-04-22,17,15709.0,4.12,5.51,4894.0,10741.0,13.02,15635.0
2026-04-22,18,15751.0,3.9,5.42,6088.0,12977.0,16.72,19065.0
2026-04-22,19,15709.0,3.39,5.27,6358.0,12824.0,18.36,19182.0
2026-04-22,20,15650.0,3.09,5.18,6029.0,11590.0,17.5,17620.0
2026-04-22,21,15575.0,2.83,5.1,5949.0,11640.0,17.4,17589.0
2026-04-22,22,15945.0,2.59,5.13,5947.0,11576.0,17.07,17523.0
2026-04-22,23,16415.0,2.43,5.21,5493.0,10678.0,14.91,16170.0
2026-04-23,0,7158.0,2.7,3.39,2778.0,5074.0,7.06,7852.0
2026-04-23,1,13006.0,2.59,4.47,2681.0,5129.0,6.97,7810.0
2026-04-23,2,17090.0,3.65,5.73,2626.0,5039.0,6.85,7665.0
2026-04-23,3,11642.0,4.51,11.1,2546.0,4968.0,6.78,7514.0
2026-04-23,4,11311.0,5.04,10.54,2363.0,4560.0,7.05,6923.0
2026-04-23,5,9221.0,5.46,10.24,2621.0,4983.0,8.29,7603.0
2026-04-23,6,12636.0,5.46,8.2,4656.0,8512.0,12.44,13168.0
2026-04-23,7,15083.0,5.24,5.58,6865.0,11450.0,19.48,18315.0
2026-04-23,8,14916.0,4.7,5.42,7310.0,12248.0,21.4,19557.0
2026-04-23,9,15196.0,4.12,5.38,7111.0,12080.0,21.21,19191.0
2026-04-23,10,15891.0,3.74,5.47,6551.0,11608.0,18.86,18159.0
2026-04-23,11,16155.0,3.44,5.51,6347.0,11661.0,17.31,18008.0
2026-04-23,12,16451.0,3.39,5.58,5228.0,9815.0,13.68,15043.0
2026-04-23,13,16463.0,3.71,5.78,4634.0,8505.0,11.48,13139.0
2026-04-23,14,16447.0,4.14,5.98,4489.0,8442.0,11.06,12931.0
2026-04-23,15,16394.0,4.55,6.05,4793.0,8766.0,11.83,13559.0
2026-04-23,16,16111.0,4.86,5.88,4940.0,8822.0,12.41,13762.0
2026-04-23,17,15730.0,5.1,5.78,5129.0,9163.0,13.88,14292.0
2026-04-23,18,15462.0,5.12,5.68,6208.0,10763.0,17.97,16970.0
2026-04-23,19,15563.0,4.77,5.59,6904.0,11969.0,21.14,18873.0
2026-04-23,20,15628.0,4.31,5.48,7010.0,12311.0,21.85,19321.0
2026-04-23,21,15725.0,3.86,5.37,7019.0,12011.0,21.45,19031.0
2026-04-23,22,16252.0,3.49,5.4,6846.0,11852.0,20.39,18698.0
2026-04-23,23,18050.0,3.23,5.78,6852.0,12495.0,19.98,19347.0
2026-04-24,0,13616.0,3.34,8.02,3159.0,7257.0,10.27,10416.0
2026-04-24,1,12954.0,3.73,8.29,2614.0,6686.0,9.23,9301.0
2026-04-24,2,13408.0,4.19,8.25,2657.0,6584.0,9.08,9241.0
2026-04-24,3,13359.0,4.7,8.5,2635.0,6013.0,8.61,8648.0
2026-04-24,4,12102.0,5.29,9.77,2561.0,4840.0,8.73,7401.0
2026-04-24,5,8426.0,5.6,11.01,2610.0,5519.0,9.92,8130.0
2026-04-24,6,13599.0,5.55,7.6,5004.0,8684.0,14.49,13688.0
2026-04-24,7,15465.0,5.38,5.7,6703.0,11615.0,19.53,18318.0
2026-04-24,8,15350.0,4.88,5.57,7159.0,12575.0,21.42,19734.0
2026-04-24,9,15374.0,4.28,5.45,7196.0,13028.0,20.91,20224.0
2026-04-24,10,15761.0,3.69,5.42,7149.0,13074.0,20.84,20223.0
2026-04-24,11,11875.0,3.04,9.22,6288.0,12248.0,17.02,18536.0
2026-04-24,12,6923.0,2.0,13.16,4502.0,10089.0,11.62,14590.0
2026-04-24,13,11491.0,1.43,9.89,3767.0,8589.0,9.34,12355.0
2026-04-24,14,16425.0,1.71,5.8,3676.0,8145.0,9.29,11820.0
2026-04-24,15,16604.0,2.33,5.6,3667.0,8173.0,9.61,11840.0
2026-04-24,16,16377.0,2.93,5.44,3689.0,8056.0,9.51,11745.0
2026-04-24,17,15976.0,3.45,5.43,3937.0,8621.0,10.49,12558.0
2026-04-24,18,15797.0,3.68,5.41,4859.0,10981.0,12.9,15840.0
2026-04-24,19,15784.0,3.49,5.31,5363.0,12437.0,14.73,17800.0
2026-04-24,20,15686.0,3.27,5.24,5315.0,11883.0,14.52,17197.0
2026-04-24,21,15570.0,3.07,5.17,5221.0,11823.0,14.37,17044.0
2026-04-24,22,16069.0,2.96,5.24,5105.0,11003.0,13.91,16107.0
2026-04-24,23,16789.0,3.02,5.42,4982.0,10567.0,12.86,15549.0
2026-04-25,0,13231.0,3.43,8.96,2968.0,5601.0,7.11,8569.0
2026-04-25,1,11050.0,3.88,10.82,2523.0,5277.0,6.82,7800.0
2026-04-25,2,11044.0,4.29,11.12,2614.0,4821.0,6.71,7435.0
2026-04-25,3,10925.0,4.81,11.32,3217.0,3525.0,6.21,6742.0
2026-04-25,4,10450.0,5.29,11.32,3629.0,3778.0,6.57,7407.0
2026-04-25,5,9598.0,5.56,10.21,3272.0,5551.0,7.89,8824.0
2026-04-25,6,13462.0,5.61,7.29,4085.0,8961.0,10.58,13046.0
2026-04-25,7,15129.0,5.55,5.7,5195.0,11284.0,13.47,16479.0
2026-04-25,8,14984.0,5.26,5.58,5903.0,11944.0,15.55,17847.0
2026-04-25,9,14870.0,4.88,5.51,5872.0,12016.0,15.63,17888.0
2026-04-25,10,14438.0,4.46,6.42,5838.0,12130.0,15.83,17969.0
2026-04-25,11,14454.0,4.04,6.68,5439.0,11548.0,14.63,16987.0
2026-04-25,12,12983.0,3.84,8.28,3490.0,10065.0,11.32,13555.0
2026-04-25,13,10112.0,3.71,10.76,3348.0,8017.0,9.4,11365.0
2026-04-25,14,9862.0,3.5,11.25,3020.0,8601.0,9.39,11621.0
2026-04-25,15,11955.0,3.3,9.56,3125.0,9110.0,9.45,12236.0
2026-04-25,16,12587.0,3.31,8.77,3019.0,9154.0,9.67,12173.0
2026-04-25,17,12410.0,3.29,8.47,3347.0,9994.0,10.72,13341.0
2026-04-25,18,12442.0,2.98,8.21,3885.0,11774.0,13.27,15659.0
2026-04-25,19,11007.0,2.36,9.41,4299.0,12350.0,15.07,16649.0
2026-04-25,20,12524.0,1.68,8.01,4204.0,11861.0,15.07,16065.0
2026-04-25,21,8274.0,1.68,3.55,24966.0,2416.0,6.01,27382.0
2026-04-25,22,47.0,1.8,2.1,32769.0,0.0,4.06,32769.0
2026-04-25,23,-53.0,1.8,2.1,32769.0,0.0,3.56,32769.0
2026-04-26,0,6977.0,1.8,2.1,32769.0,0.0,2.75,32769.0
2026-04-26,1,32769.0,1.81,2.1,32769.0,0.0,2.86,32769.0
2026-04-26,2,32769.0,1.81,2.1,32769.0,0.0,3.02,32769.0
2026-04-26,3,28401.0,1.81,2.1,32769.0,0.0,3.34,32769.0
2026-04-26,4,127.0,1.81,2.1,32769.0,0.0,3.83,32769.0
2026-04-26,5,1760.0,1.83,2.14,32769.0,0.0,4.82,32769.0
2026-04-26,6,16019.0,2.34,4.51,4277.0,7253.0,10.07,11530.0
2026-04-26,7,17341.0,2.79,4.9,5050.0,10427.0,13.71,15477.0
2026-04-26,8,17030.0,2.81,4.92,5733.0,12139.0,15.72,17872.0
2026-04-26,9,17262.0,2.67,4.94,5875.0,12392.0,15.94,18266.0
2026-04-26,10,17385.0,2.55,4.96,5872.0,12371.0,15.96,18243.0
2026-04-26,11,17415.0,2.3,4.94,6835.0,13477.0,19.5,20312.0
2026-04-26,12,17612.0,1.94,4.97,6742.0,13019.0,18.9,19761.0
2026-04-26,13,17671.0,2.05,5.06,4295.0,9292.0,11.32,13587.0
2026-04-26,14,17692.0,2.6,5.07,4014.0,9289.0,10.75,13303.0
2026-04-26,15,17601.0,3.16,5.07,3812.0,9192.0,10.58,13003.0
2026-04-26,16,17365.0,3.76,5.17,3810.0,8486.0,10.11,12296.0
2026-04-26,17,16824.0,4.34,5.44,4081.0,9144.0,11.41,13226.0
2026-04-26,18,16691.0,4.64,5.67,5072.0,9999.0,14.17,15072.0
2026-04-26,19,15674.0,4.69,6.76,5320.0,10898.0,15.9,16218.0
2026-04-26,20,11891.0,4.37,10.01,5337.0,11032.0,15.91,16369.0
2026-04-26,21,13296.0,3.76,8.17,5619.0,11428.0,16.15,17047.0
2026-04-26,22,16993.0,3.53,5.27,5878.0,11776.0,15.88,17655.0
2026-04-26,23,18366.0,3.44,5.22,5481.0,12367.0,14.48,17848.0
2026-04-27,0,12854.0,3.8,10.42,2667.0,6594.0,7.24,9261.0
2026-04-27,1,12003.0,4.19,11.47,2638.0,6466.0,7.26,9103.0
2026-04-27,2,10800.0,4.57,12.28,2512.0,6190.0,7.27,8702.0
2026-04-27,3,10441.0,4.88,12.8,2073.0,5721.0,7.24,7793.0
2026-04-27,4,10089.0,5.29,12.48,1614.0,4767.0,7.06,6380.0
2026-04-27,5,6016.0,5.55,12.73,1866.0,4666.0,8.25,6532.0
2026-04-27,6,12554.0,5.5,8.82,3998.0,8303.0,11.59,12301.0
2026-04-27,7,13218.0,5.36,8.41,5325.0,10900.0,15.0,16224.0
2026-04-27,8,14650.0,4.86,6.89,5980.0,12986.0,17.07,18966.0
2026-04-27,9,15818.0,4.38,5.69,5956.0,13168.0,17.06,19124.0
2026-04-27,10,16294.0,3.96,5.58,6116.0,13444.0,17.12,19559.0
2026-04-27,11,16532.0,3.65,5.56,5714.0,11606.0,15.45,17320.0
2026-04-27,12,16175.0,3.73,6.3,4729.0,9521.0,12.2,14250.0
2026-04-27,13,15118.0,4.08,7.58,4152.0,8047.0,10.35,12199.0
2026-04-27,14,13037.0,4.29,9.6,4113.0,7995.0,10.39,12108.0
2026-04-27,15,13156.0,4.34,9.46,4109.0,8966.0,10.14,13075.0
2026-04-27,16,15116.0,4.48,7.29,4241.0,8740.0,10.05,12982.0
2026-04-27,17,15337.0,4.72,6.64,4409.0,9343.0,10.98,13752.0
2026-04-27,18,15810.0,4.77,5.98,5230.0,11443.0,13.83,16673.0
2026-04-27,19,14981.0,4.49,6.62,5608.0,12537.0,15.89,18145.0
2026-04-27,20,14135.0,4.07,7.19,5803.0,11316.0,15.88,17119.0
2026-04-27,21,14226.0,3.69,7.03,5752.0,11198.0,15.77,16950.0
2026-04-27,22,14774.0,3.37,7.12,5708.0,11351.0,15.52,17059.0
2026-04-27,23,16004.0,3.1,6.52,5625.0,11408.0,14.88,17032.0
2026-04-28,0,12535.0,3.31,9.76,2913.0,6028.0,7.38,8941.0
2026-04-28,1,12359.0,3.71,10.12,2810.0,6316.0,7.11,9126.0
2026-04-28,2,12562.0,4.12,10.51,2781.0,6311.0,7.28,9091.0
2026-04-28,3,12545.0,4.54,10.69,2779.0,6416.0,7.45,9194.0
2026-04-28,4,11757.0,4.99,10.15,2194.0,5368.0,7.33,7562.0
2026-04-28,5,10844.0,5.47,9.48,2409.0,5916.0,8.4,8325.0
2026-04-28,6,12728.0,5.53,8.88,4327.0,8813.0,11.71,13140.0
2026-04-28,7,15636.0,5.45,6.24,5651.0,10993.0,15.05,16644.0
2026-04-28,8,16088.0,5.22,5.59,6179.0,12241.0,17.31,18420.0
2026-04-28,9,16092.0,4.9,5.53,6174.0,12630.0,17.54,18804.0
2026-04-28,10,16582.0,4.55,5.49,6229.0,13002.0,17.81,19231.0
2026-04-28,11,16863.0,4.16,5.43,6108.0,13343.0,16.51,19450.0
2026-04-28,12,17086.0,4.04,5.45,4673.0,11298.0,12.76,15970.0
2026-04-28,13,16546.0,4.34,6.31,3509.0,9915.0,10.36,13424.0
2026-04-28,14,14324.0,4.58,8.61,3088.0,9886.0,10.39,12973.0
2026-04-28,15,14338.0,4.73,8.58,3161.0,9695.0,10.08,12856.0
2026-04-28,16,14106.0,4.89,8.33,3237.0,9210.0,10.32,12447.0
2026-04-28,17,13853.0,5.1,8.18,3753.0,8870.0,11.36,12623.0
2026-04-28,18,13830.0,5.03,8.11,4285.0,11131.0,14.24,15416.0
2026-04-28,19,13895.0,4.7,8.0,4615.0,12048.0,15.94,16663.0
2026-04-28,20,13325.0,4.26,8.48,4731.0,12156.0,16.15,16887.0
2026-04-28,21,13066.0,3.72,8.1,4372.0,13326.0,15.84,17698.0
2026-04-28,22,15025.0,3.18,5.51,4396.0,13206.0,15.12,17602.0
2026-04-28,23,16180.0,2.91,5.01,4325.0,13284.0,14.67,17610.0
2026-04-29,0,16106.0,3.23,6.01,2693.0,6641.0,7.59,9334.0
2026-04-29,1,12786.0,4.01,9.83,2592.0,5622.0,7.55,8214.0
2026-04-29,2,11306.0,4.46,11.86,2526.0,5184.0,7.51,7710.0
2026-04-29,3,11303.0,4.89,11.96,2500.0,5174.0,7.45,7674.0
2026-04-29,4,9976.0,5.3,12.24,2198.0,4825.0,7.45,7023.0
2026-04-29,5,8522.0,5.58,11.58,2466.0,5017.0,8.65,7483.0
2026-04-29,6,12964.0,5.59,8.21,4377.0,8601.0,11.88,12977.0
2026-04-29,7,15316.0,5.44,6.48,5618.0,12279.0,15.25,17897.0
2026-04-29,8,16155.0,5.02,5.52,6136.0,13444.0,17.09,19580.0
2026-04-29,9,16194.0,4.59,5.42,6147.0,13360.0,17.24,19507.0
2026-04-29,10,16613.0,4.2,5.37,6079.0,12777.0,17.24,18855.0
2026-04-29,11,16849.0,4.0,5.38,5716.0,11676.0,15.89,17392.0
2026-04-29,12,16523.0,4.1,6.03,4920.0,9550.0,12.56,14470.0
2026-04-29,13,14224.0,4.41,8.56,4169.0,7913.0,10.55,12083.0
2026-04-29,14,12959.0,4.5,9.75,4064.0,8634.0,10.21,12697.0
2026-04-29,15,13572.0,4.56,9.31,4156.0,8777.0,10.17,12933.0
2026-04-29,16,13521.0,4.63,8.83,4063.0,8783.0,10.28,12846.0
2026-04-29,17,15115.0,4.75,7.01,4656.0,9629.0,11.7,14285.0
2026-04-29,18,15071.0,4.65,6.85,5513.0,11698.0,14.8,17212.0
2026-04-29,19,15032.0,4.3,6.67,5911.0,11442.0,16.35,17353.0
2026-04-29,20,14634.0,4.01,6.89,5856.0,11229.0,16.32,17085.0
2026-04-29,21,13884.0,3.63,7.38,5847.0,11203.0,16.15,17050.0
2026-04-29,22,14816.0,3.26,6.98,5811.0,11177.0,15.7,16989.0
2026-04-29,23,16477.0,3.08,6.46,5178.0,10947.0,14.29,16125.0
2026-04-30,0,12438.0,3.38,10.77,2801.0,6368.0,7.4,9168.0
2026-04-30,1,12775.0,3.84,11.0,2699.0,6130.0,7.26,8828.0
2026-04-30,2,12079.0,4.29,11.63,2574.0,5966.0,7.2,8541.0
2026-04-30,3,12040.0,4.72,11.84,2605.0,6112.0,7.45,8717.0
2026-04-30,4,11916.0,5.14,11.84,2517.0,5606.0,7.54,8123.0
2026-04-30,5,9798.0,5.51,11.52,2675.0,5996.0,8.78,8671.0
2026-04-30,6,12073.0,5.47,9.49,4208.0,8772.0,12.01,12980.0
2026-04-30,7,14757.0,5.19,6.98,5954.0,12323.0,16.61,18277.0
2026-04-30,8,15497.0,4.63,6.07,6446.0,13599.0,18.66,20045.0
2026-04-30,9,15943.0,4.12,5.6,6330.0,13026.0,18.37,19356.0
2026-04-30,10,16651.0,3.71,5.24,6397.0,13536.0,18.17,19933.0
2026-04-30,11,17128.0,3.37,5.17,5740.0,12454.0,15.38,18195.0
2026-04-30,12,17358.0,3.47,5.21,4189.0,10307.0,11.67,14496.0
2026-04-30,13,16208.0,3.93,6.52,2973.0,9489.0,9.81,12461.0
2026-04-30,14,14860.0,4.31,7.92,3025.0,9195.0,9.6,12219.0
2026-04-30,15,13776.0,4.52,9.1,3151.0,9098.0,9.59,12249.0
2026-04-30,16,13623.0,4.69,8.9,3164.0,8696.0,9.65,11860.0
2026-04-30,17,12182.0,4.8,9.69,3678.0,8928.0,11.07,12606.0
2026-04-30,18,12886.0,4.54,8.9,4174.0,11360.0,14.34,15534.0
2026-04-30,19,13261.0,4.1,8.49,4633.0,12082.0,16.11,16715.0
2026-04-30,20,13530.0,3.64,8.24,4411.0,12284.0,16.13,16695.0
2026-04-30,21,16203.0,3.38,5.14,4583.0,12459.0,16.05,17042.0
2026-04-30,22,16718.0,3.24,4.94,4364.0,12653.0,14.86,17017.0
2026-04-30,23,16786.0,3.15,5.31,4152.0,12474.0,13.57,16626.0
2026-05-01,0,12238.0,3.48,10.93,3048.0,5086.0,6.45,8134.0
2026-05-01,1,10898.0,3.9,11.71,2773.0,4757.0,6.27,7530.0
2026-05-01,2,9893.0,4.29,12.53,2209.0,4250.0,6.26,6458.0
2026-05-01,3,9719.0,4.74,13.47,1708.0,4043.0,6.14,5751.0
2026-05-01,4,9643.0,5.25,13.46,1510.0,3963.0,6.18,5473.0
2026-05-01,5,8666.0,5.6,11.79,2337.0,5213.0,7.86,7550.0
2026-05-01,6,11627.0,5.6,10.03,3860.0,7598.0,10.91,11458.0
2026-05-01,7,14162.0,5.57,7.8,5104.0,10406.0,14.44,15509.0
2026-05-01,8,15809.0,5.29,6.14,5917.0,12582.0,16.54,18499.0
2026-05-01,9,16311.0,4.9,5.52,6076.0,13346.0,16.75,19422.0
2026-05-01,10,16672.0,4.51,5.45,6164.0,13269.0,16.83,19433.0
2026-05-01,11,16807.0,4.23,5.41,5746.0,12252.0,15.24,17997.0
2026-05-01,12,12744.0,4.07,9.49,4998.0,9667.0,13.2,14665.0
2026-05-01,13,12775.0,3.87,9.25,4119.0,7890.0,11.05,12009.0
2026-05-01,14,15861.0,4.32,6.94,3792.0,7407.0,10.44,11199.0
2026-05-01,15,13794.0,4.78,9.03,3773.0,7390.0,10.25,11163.0
2026-05-01,16,12520.0,4.97,9.89,3717.0,7990.0,10.19,11706.0
2026-05-01,17,13618.0,4.99,8.56,4251.0,9291.0,11.83,13542.0
2026-05-01,18,15068.0,4.95,7.27,5083.0,11137.0,14.52,16220.0
2026-05-01,19,15377.0,4.69,7.31,5470.0,11857.0,16.0,17327.0
2026-05-01,20,11694.0,4.32,11.64,5372.0,10906.0,15.91,16278.0
2026-05-01,21,13387.0,3.73,10.62,5568.0,11370.0,16.22,16938.0
2026-05-01,22,15661.0,3.45,10.18,5493.0,11427.0,15.32,16920.0
2026-05-01,23,15176.0,3.31,11.58,4965.0,10302.0,13.25,15267.0
2026-05-02,0,10434.0,3.54,11.73,1583.0,5246.0,6.55,6829.0
2026-05-02,1,10238.0,3.94,11.23,1865.0,5397.0,6.65,7262.0
2026-05-02,2,10570.0,4.32,11.63,2057.0,5042.0,6.72,7099.0
2026-05-02,3,10619.0,4.76,11.78,2124.0,4868.0,6.76,6992.0
2026-05-02,4,10210.0,5.2,11.39,1793.0,4752.0,6.71,6545.0
2026-05-02,5,9293.0,5.49,9.73,2281.0,5920.0,8.12,8201.0
2026-05-02,6,12350.0,5.49,8.98,4036.0,8886.0,11.45,12922.0
2026-05-02,7,14598.0,5.38,6.82,5228.0,11055.0,15.56,16283.0
2026-05-02,8,14549.0,5.0,6.7,5764.0,12097.0,17.07,17862.0
2026-05-02,9,14492.0,4.61,6.63,5732.0,11584.0,16.51,17316.0
2026-05-02,10,14680.0,4.24,6.62,5812.0,11768.0,16.63,17580.0
2026-05-02,11,14898.0,3.91,6.59,5455.0,11198.0,15.28,16653.0
2026-05-02,12,15096.0,3.79,6.62,4987.0,10055.0,13.33,15042.0
2026-05-02,13,14816.0,3.93,7.03,4272.0,8545.0,11.33,12817.0
2026-05-02,14,12156.0,4.12,9.44,3912.0,7343.0,10.13,11254.0
2026-05-02,15,12144.0,4.23,9.48,3860.0,7423.0,10.13,11284.0
2026-05-02,16,12577.0,4.29,8.76,3854.0,8126.0,10.2,11980.0
2026-05-02,17,13936.0,4.39,7.25,4193.0,9278.0,11.68,13471.0
2026-05-02,18,14131.0,4.27,7.13,5088.0,11022.0,14.36,16111.0
2026-05-02,19,14464.0,4.0,7.09,5504.0,10912.0,16.05,16416.0
2026-05-02,20,14654.0,3.76,6.8,5323.0,11037.0,15.88,16360.0
2026-05-02,21,14996.0,3.53,6.53,5540.0,11549.0,16.27,17089.0
2026-05-02,22,16033.0,3.27,6.49,5537.0,11723.0,15.83,17260.0
2026-05-02,23,16549.0,3.2,8.26,5260.0,11188.0,14.51,16448.0
2026-05-03,0,11711.0,3.51,10.75,3032.0,4632.0,6.85,7664.0
2026-05-03,1,11604.0,3.95,10.4,3861.0,3933.0,6.8,7795.0
2026-05-03,2,10028.0,4.34,11.8,3605.0,3783.0,6.83,7388.0
2026-05-03,3,9785.0,4.64,11.53,3612.0,3901.0,6.94,7513.0
2026-05-03,4,10154.0,4.98,12.15,2245.0,4427.0,6.77,6672.0
2026-05-03,5,8837.0,5.37,10.35,2332.0,4325.0,7.69,6657.0
2026-05-03,6,11604.0,5.53,8.31,3641.0,7014.0,10.66,10655.0
2026-05-03,7,13875.0,5.5,7.09,5050.0,10411.0,14.57,15460.0
2026-05-03,8,14615.0,5.17,6.57,5798.0,12069.0,16.76,17867.0
2026-05-03,9,14558.0,4.72,6.48,5928.0,12299.0,16.79,18227.0
2026-05-03,10,14831.0,4.25,6.47,5953.0,12290.0,16.88,18243.0
2026-05-03,11,15201.0,3.88,6.27,5707.0,11591.0,15.64,17298.0
2026-05-03,12,14528.0,3.7,7.03,5133.0,10372.0,13.47,15505.0
2026-05-03,13,12310.0,3.56,9.05,4609.0,8464.0,11.41,13073.0
2026-05-03,14,11048.0,3.51,9.96,3841.0,7568.0,10.16,11409.0
2026-05-03,15,13235.0,3.57,7.89,3767.0,7736.0,9.94,11503.0
2026-05-03,16,13437.0,3.76,7.59,3887.0,8216.0,9.97,12104.0
2026-05-03,17,11415.0,3.78,9.13,4391.0,8866.0,11.37,13257.0
2026-05-03,18,12021.0,3.31,8.43,5213.0,11486.0,14.34,16699.0
2026-05-03,19,11204.0,2.63,9.04,5612.0,11017.0,15.78,16629.0
2026-05-03,20,11886.0,1.98,8.19,5526.0,10211.0,14.28,15737.0
2026-05-03,21,1325.0,1.96,3.49,32769.0,0.0,4.04,32769.0
2026-05-03,22,507.0,2.0,2.1,32769.0,0.0,3.46,32769.0
2026-05-03,23,534.0,2.01,2.1,32769.0,0.0,3.21,32769.0
2026-05-04,0,549.0,2.01,2.1,32769.0,0.0,3.22,32769.0
2026-05-04,1,578.0,2.04,2.1,32769.0,0.0,3.57,32769.0
2026-05-04,2,1305.0,2.08,2.1,32769.0,0.0,3.75,32769.0
2026-05-04,3,13994.0,2.71,3.36,7382.0,3953.0,5.72,11335.0
2026-05-04,4,17894.0,3.95,4.34,2123.0,4763.0,6.55,6886.0
2026-05-04,5,15206.0,5.21,5.73,2499.0,5302.0,7.82,7800.0
2026-05-04,6,11982.0,5.56,9.02,3979.0,8700.0,11.25,12679.0
2026-05-04,7,14166.0,5.29,6.89,5358.0,11627.0,15.22,16986.0
2026-05-04,8,15789.0,4.9,5.13,5941.0,12989.0,17.44,18930.0
2026-05-04,9,15930.0,4.48,4.89,6116.0,13085.0,17.63,19201.0
2026-05-04,10,16542.0,4.17,4.52,5926.0,12112.0,16.89,18038.0
2026-05-04,11,16775.0,3.98,4.42,5646.0,12302.0,15.52,17948.0
2026-05-04,12,16917.0,3.92,4.39,5050.0,11273.0,13.51,16323.0
2026-05-04,13,16969.0,4.15,4.57,4364.0,9402.0,11.35,13766.0
2026-05-04,14,16221.0,4.61,5.42,3920.0,8670.0,10.18,12590.0
2026-05-04,15,15388.0,5.04,6.23,3929.0,7952.0,10.12,11882.0
2026-05-04,16,10860.0,5.22,9.9,3839.0,7681.0,10.42,11520.0
2026-05-04,17,10536.0,5.07,9.69,4151.0,8158.0,11.56,12309.0
2026-05-04,18,10746.0,4.66,9.37,4974.0,9950.0,14.24,14924.0
2026-05-04,19,13063.0,4.17,7.47,5395.0,11084.0,15.86,16479.0
2026-05-04,20,15141.0,3.74,5.4,5402.0,12334.0,16.11,17736.0
2026-05-04,21,15962.0,3.43,4.67,5789.0,12637.0,16.49,18425.0
2026-05-04,22,16587.0,3.13,4.72,5697.0,12524.0,15.68,18222.0
2026-05-04,23,16968.0,3.06,4.81,5100.0,10762.0,13.96,15862.0
2026-05-05,0,10571.0,3.39,12.89,2263.0,5044.0,7.18,7307.0
2026-05-05,1,10578.0,3.77,12.04,2457.0,4627.0,7.35,7083.0
2026-05-05,2,10507.0,4.2,12.01,2543.0,4383.0,7.33,6927.0
2026-05-05,3,10245.0,4.62,11.7,2722.0,3953.0,7.26,6675.0
2026-05-05,4,10468.0,5.11,12.21,2629.0,3585.0,7.57,6214.0
2026-05-05,5,8511.0,5.51,10.62,2528.0,4664.0,8.48,7192.0
2026-05-05,6,11189.0,5.4,9.11,3719.0,8633.0,11.51,12351.0
2026-05-05,7,14811.0,5.24,6.32,5230.0,11877.0,15.25,17106.0
2026-05-05,8,15139.0,4.84,5.83,5819.0,12064.0,17.12,17882.0
2026-05-05,9,15218.0,4.56,5.71,5570.0,11648.0,16.74,17218.0
2026-05-05,10,15627.0,4.31,5.68,5758.0,11869.0,16.88,17627.0
2026-05-05,11,15421.0,4.05,6.12,5617.0,11336.0,15.38,16954.0
2026-05-05,12,14878.0,3.96,7.04,4556.0,9917.0,12.06,14474.0
2026-05-05,13,14218.0,4.11,7.88,3823.0,8696.0,10.05,12519.0
2026-05-05,14,14535.0,4.36,7.79,3703.0,8577.0,9.9,12280.0
2026-05-05,15,13795.0,4.57,9.3,3623.0,8814.0,9.96,12437.0
2026-05-05,16,13887.0,4.73,9.04,3684.0,8632.0,10.04,12316.0
2026-05-05,17,13441.0,4.88,8.71,3886.0,9188.0,10.99,13074.0
2026-05-05,18,13344.0,4.76,8.56,4952.0,10110.0,14.05,15062.0
2026-05-05,19,13265.0,4.45,8.4,5072.0,10913.0,15.56,15985.0
2026-05-05,20,13827.0,4.11,7.52,5302.0,10728.0,15.57,16030.0
2026-05-05,21,14308.0,3.86,6.39,5339.0,10824.0,15.58,16164.0
2026-05-05,22,14754.0,3.65,6.51,5319.0,10542.0,14.66,15861.0
2026-05-05,23,15215.0,3.43,6.64,5186.0,11914.0,14.22,17101.0
2026-05-06,0,11616.0,3.49,10.01,3025.0,5858.0,7.18,8882.0
2026-05-06,1,11572.0,3.85,10.6,2558.0,5960.0,7.02,8517.0
2026-05-06,2,11623.0,4.23,10.42,2453.0,6085.0,7.09,8538.0
2026-05-06,3,13505.0,4.73,8.77,2549.0,6151.0,7.35,8699.0
2026-05-06,4,11326.0,5.21,10.33,2385.0,5695.0,7.31,8080.0
2026-05-06,5,10113.0,5.56,9.61,2657.0,5806.0,8.45,8463.0
2026-05-06,6,12276.0,5.56,7.87,3746.0,9117.0,11.61,12862.0
2026-05-06,7,15410.0,5.44,5.36,5322.0,11580.0,15.16,16902.0
2026-05-06,8,15687.0,5.13,5.01,5912.0,12355.0,17.08,18268.0
2026-05-06,9,15655.0,4.85,5.0,5682.0,12319.0,16.82,18001.0
2026-05-06,10,16090.0,4.48,5.01,5994.0,13333.0,16.91,19326.0
2026-05-06,11,16370.0,4.1,4.96,5581.0,12559.0,15.35,18140.0
2026-05-06,12,16710.0,4.07,5.02,4544.0,10509.0,12.33,15054.0
2026-05-06,13,14122.0,4.38,7.77,3434.0,9018.0,10.19,12452.0
2026-05-06,14,11972.0,4.41,9.85,3049.0,8817.0,9.99,11867.0
2026-05-06,15,11391.0,4.41,10.31,2975.0,8271.0,9.97,11246.0
2026-05-06,16,11700.0,4.4,9.65,2943.0,8453.0,10.59,11397.0
2026-05-06,17,13412.0,4.47,7.71,3177.0,8440.0,11.36,11618.0
2026-05-06,18,16420.0,4.75,5.08,3608.0,10782.0,14.03,14389.0
2026-05-06,19,15137.0,4.77,6.21,4262.0,12170.0,16.3,16431.0
2026-05-06,20,12745.0,4.31,8.3,4136.0,13377.0,16.55,17514.0
2026-05-06,21,13797.0,3.73,8.91,4157.0,13285.0,16.5,17442.0
2026-05-06,22,14316.0,3.3,9.17,4194.0,12814.0,15.44,17008.0
2026-05-06,23,15545.0,3.06,8.61,4335.0,11035.0,14.25,15370.0
2026-05-07,0,11129.0,3.32,9.65,2318.0,4832.0,7.07,7150.0
2026-05-07,1,11520.0,3.87,8.95,2321.0,4630.0,6.86,6950.0
2026-05-07,2,10343.0,4.36,9.71,2291.0,4791.0,7.19,7081.0
2026-05-07,3,10338.0,4.72,9.88,2258.0,4982.0,7.06,7240.0
2026-05-07,4,9851.0,5.17,10.13,1927.0,3884.0,6.66,5810.0
2026-05-07,5,8134.0,5.49,9.78,1927.0,4832.0,7.69,6759.0
2026-05-07,6,11936.0,5.54,8.14,3545.0,8697.0,10.84,12242.0
2026-05-07,7,15526.0,5.45,5.2,5347.0,11913.0,14.98,17260.0
2026-05-07,8,15532.0,5.08,4.98,5808.0,12880.0,17.34,18688.0
2026-05-07,9,15497.0,4.75,4.97,5758.0,11739.0,17.06,17496.0
2026-05-07,10,14903.0,4.47,6.01,5712.0,11534.0,17.08,17246.0
2026-05-07,11,14662.0,4.17,6.49,5425.0,10813.0,15.29,16238.0
2026-05-07,12,10721.0,3.99,10.3,4364.0,8775.0,11.5,13139.0
2026-05-07,13,12007.0,3.76,9.14,3661.0,7994.0,9.85,11654.0
2026-05-07,14,14589.0,4.0,7.27,3659.0,8130.0,9.85,11789.0
2026-05-07,15,14465.0,4.34,7.57,3649.0,8340.0,9.86,11989.0
2026-05-07,16,14226.0,4.64,7.44,3668.0,7989.0,9.92,11657.0
2026-05-07,17,13923.0,4.91,7.19,3871.0,8614.0,11.13,12485.0
2026-05-07,18,13878.0,4.94,7.17,4804.0,9695.0,13.97,14499.0
2026-05-07,19,13793.0,4.74,7.12,5458.0,10450.0,15.79,15908.0
2026-05-07,20,11300.0,4.3,9.48,5417.0,10789.0,16.02,16206.0
2026-05-07,21,13506.0,3.72,7.45,5565.0,10768.0,16.05,16333.0
2026-05-07,22,15066.0,3.55,6.68,5440.0,10286.0,14.7,15726.0
2026-05-07,23,15251.0,3.36,6.74,5218.0,11189.0,13.56,16407.0
2026-05-08,0,12228.0,3.59,9.81,2649.0,5730.0,6.95,8379.0
2026-05-08,1,11367.0,4.03,9.95,2428.0,5351.0,6.75,7778.0
2026-05-08,2,11011.0,4.5,10.33,2230.0,5177.0,6.62,7407.0
2026-05-08,3,8727.0,4.8,12.13,2167.0,5160.0,6.58,7327.0
2026-05-08,4,8826.0,4.99,12.31,1988.0,5019.0,6.76,7007.0
2026-05-08,5,10183.0,5.29,9.05,2198.0,5046.0,8.03,7244.0
2026-05-08,6,12850.0,5.52,8.1,3897.0,8539.0,11.32,12437.0
2026-05-08,7,15315.0,5.43,5.56,5259.0,11503.0,15.25,16762.0
2026-05-08,8,15317.0,5.15,5.3,5883.0,11859.0,16.98,17742.0
2026-05-08,9,14906.0,4.84,5.66,5710.0,11622.0,16.81,17332.0
2026-05-08,10,15301.0,4.48,5.68,5894.0,12715.0,16.75,18609.0
2026-05-08,11,15641.0,4.06,5.63,5650.0,12270.0,14.81,17920.0
2026-05-08,12,14515.0,3.88,7.01,3846.0,10797.0,11.64,14643.0
2026-05-08,13,14443.0,4.06,7.14,2959.0,8850.0,9.16,11809.0
2026-05-08,14,13884.0,4.38,7.73,3036.0,8307.0,9.2,11343.0
2026-05-08,15,12338.0,4.63,8.98,3117.0,7647.0,9.27,10763.0
2026-05-08,16,12274.0,4.75,8.94,2758.0,8548.0,9.86,11306.0
2026-05-08,17,11979.0,4.87,8.66,3277.0,7960.0,11.05,11237.0
2026-05-08,18,11953.0,4.75,8.53,3927.0,10285.0,14.22,14212.0
2026-05-08,19,12371.0,4.32,8.0,4235.0,11441.0,15.72,15676.0
2026-05-08,20,12927.0,3.9,7.54,4234.0,11561.0,15.6,15794.0
2026-05-08,21,14390.0,3.6,6.19,4331.0,11347.0,15.5,15678.0
2026-05-08,22,14845.0,3.45,6.25,4320.0,11207.0,14.86,15527.0
2026-05-08,23,14486.0,3.25,7.3,4072.0,11329.0,13.51,15401.0
2026-05-09,0,10461.0,3.48,10.63,2149.0,4487.0,6.37,6636.0
2026-05-09,1,9905.0,3.92,11.95,1787.0,4948.0,6.45,6735.0
2026-05-09,2,9887.0,4.31,12.19,1770.0,4812.0,6.33,6582.0
2026-05-09,3,9267.0,4.75,12.77,1702.0,4145.0,6.2,5846.0
2026-05-09,4,7502.0,5.07,12.61,1691.0,3594.0,6.12,5285.0
2026-05-09,5,9143.0,5.38,9.7,2198.0,4683.0,7.56,6881.0
2026-05-09,6,10200.0,5.48,9.51,3327.0,7039.0,10.33,10365.0
2026-05-09,7,13470.0,5.28,7.37,5062.0,11226.0,14.4,16288.0
2026-05-09,8,15407.0,4.94,5.48,5780.0,11935.0,16.55,17715.0
2026-05-09,9,15493.0,4.63,5.26,5841.0,11881.0,16.6,17723.0
2026-05-09,10,15810.0,4.36,5.21,5822.0,11870.0,18.09,17691.0
2026-05-09,11,16005.0,4.15,5.15,5501.0,11402.0,17.01,16903.0
2026-05-09,12,16112.0,4.13,5.21,4999.0,10370.0,15.02,15369.0
2026-05-09,13,16069.0,4.36,5.4,4296.0,8837.0,12.76,13134.0
2026-05-09,14,14814.0,4.8,6.9,3827.0,7971.0,11.33,11798.0
2026-05-09,15,13468.0,5.02,8.25,3897.0,8491.0,11.18,12388.0
2026-05-09,16,13326.0,5.1,8.03,3925.0,8861.0,11.28,12786.0
2026-05-09,17,13050.0,5.11,7.81,4118.0,9596.0,12.05,13714.0
2026-05-09,18,13019.0,4.91,7.71,4915.0,10388.0,14.49,15302.0
2026-05-09,19,14043.0,4.57,6.61,5355.0,11191.0,16.24,16546.0
2026-05-09,20,13043.0,4.24,7.51,5321.0,11173.0,16.35,16494.0
2026-05-09,21,13192.0,3.71,7.47,5466.0,11535.0,16.39,17001.0
2026-05-09,22,17030.0,3.41,6.79,5502.0,11891.0,15.75,17393.0
2026-05-09,23,18627.0,3.53,7.54,5451.0,11142.0,14.52,16593.0
2026-05-10,0,11955.0,3.93,12.23,2637.0,5849.0,7.85,8486.0
2026-05-10,1,10631.0,4.26,11.68,2272.0,5373.0,7.35,7645.0
2026-05-10,2,10577.0,4.64,10.49,2148.0,4983.0,7.21,7131.0
2026-05-10,3,9653.0,4.99,11.95,2342.0,4574.0,7.01,6916.0
2026-05-10,4,8992.0,5.29,11.93,2063.0,4767.0,7.2,6831.0
2026-05-10,5,8529.0,5.51,11.17,1982.0,5302.0,8.13,7283.0
2026-05-10,6,11508.0,5.48,8.7,3481.0,8925.0,11.59,12406.0
2026-05-10,7,14442.0,5.36,6.29,5115.0,11011.0,15.49,16126.0
2026-05-10,8,14995.0,4.98,6.39,5968.0,12344.0,17.52,18311.0
2026-05-10,9,14895.0,4.58,6.31,5860.0,12072.0,16.91,17932.0
2026-05-10,10,14809.0,4.18,6.24,5925.0,11932.0,17.13,17857.0
2026-05-10,11,15001.0,3.82,6.18,5642.0,11675.0,16.38,17318.0
2026-05-10,12,15306.0,3.63,6.17,5259.0,10567.0,14.31,15826.0
2026-05-10,13,15632.0,3.75,5.95,4432.0,8703.0,11.76,13135.0
2026-05-10,14,15573.0,4.13,6.03,3892.0,8511.0,10.35,12403.0
2026-05-10,15,15488.0,4.52,6.17,3798.0,8508.0,10.31,12306.0
2026-05-10,16,14418.0,4.89,6.89,3650.0,8086.0,10.6,11736.0
2026-05-10,17,13212.0,5.18,7.56,3801.0,7714.0,11.45,11515.0
2026-05-10,18,12575.0,5.2,8.09,4666.0,9455.0,13.75,14121.0
2026-05-10,19,12341.0,4.81,8.22,5211.0,10739.0,15.53,15950.0
2026-05-10,20,12448.0,4.33,8.09,5347.0,10974.0,15.81,16321.0
2026-05-10,21,12769.0,3.81,7.81,5437.0,11462.0,15.68,16899.0
2026-05-10,22,15292.0,3.41,7.05,5477.0,11430.0,14.93,16907.0
2026-05-10,23,16859.0,3.34,7.94,5258.0,11038.0,14.01,16296.0
2026-05-11,0,12253.0,3.63,10.54,2737.0,5846.0,7.23,8582.0
2026-05-11,1,10768.0,4.04,11.74,2411.0,5105.0,6.85,7516.0
2026-05-11,2,10608.0,4.48,12.69,2916.0,3974.0,6.5,6890.0
2026-05-11,3,10472.0,4.91,12.65,3720.0,3641.0,6.48,7361.0
2026-05-11,4,8781.0,5.18,13.18,3389.0,3398.0,6.6,6787.0
2026-05-11,5,8226.0,5.4,10.41,2709.0,4304.0,7.82,7012.0
2026-05-11,6,12600.0,5.49,7.75,3692.0,8236.0,11.09,11928.0
2026-05-11,7,14439.0,5.46,6.32,5105.0,10575.0,14.32,15680.0
2026-05-11,8,14675.0,5.15,6.0,5839.0,11795.0,17.15,17634.0
2026-05-11,9,14675.0,4.81,5.92,5788.0,11275.0,16.8,17063.0
2026-05-11,10,15148.0,4.51,5.83,5757.0,11778.0,16.55,17536.0
2026-05-11,11,16087.0,4.18,5.23,5597.0,12420.0,15.11,18017.0
2026-05-11,12,16248.0,4.16,5.45,4519.0,10052.0,11.78,14571.0
2026-05-11,13,14418.0,4.47,7.54,3669.0,8643.0,9.86,12311.0
2026-05-11,14,11229.0,4.51,10.35,3722.0,8080.0,9.58,11802.0
2026-05-11,15,11294.0,4.45,10.46,3514.0,8087.0,9.61,11601.0
2026-05-11,16,12435.0,4.49,9.08,3600.0,7087.0,10.06,10687.0
2026-05-11,17,14555.0,4.86,6.68,3827.0,7456.0,10.84,11283.0
2026-05-11,18,13772.0,5.06,7.43,4842.0,9538.0,13.77,14380.0
2026-05-11,19,12977.0,4.75,8.06,5365.0,10726.0,15.47,16091.0
2026-05-11,20,12335.0,4.24,9.26,5166.0,11932.0,15.42,17098.0
2026-05-11,21,13045.0,3.63,8.91,5311.0,12325.0,15.52,17636.0
2026-05-11,22,15494.0,3.19,6.55,5211.0,12337.0,14.95,17547.0
2026-05-11,23,16869.0,3.05,5.48,4992.0,10817.0,13.53,15809.0
2026-05-12,0,11218.0,3.46,11.18,2389.0,5026.0,6.6,7415.0
2026-05-12,1,11731.0,3.91,10.44,2335.0,5028.0,6.77,7363.0
2026-05-12,2,10418.0,4.38,11.78,2262.0,4917.0,7.16,7178.0
2026-05-12,3,9815.0,4.75,12.4,2295.0,4972.0,7.09,7268.0
2026-05-12,4,12075.0,5.13,9.9,2154.0,4597.0,7.33,6751.0
2026-05-12,5,8142.0,5.62,10.03,2107.0,5508.0,8.28,7614.0
2026-05-12,6,13069.0,5.58,7.71,3915.0,9660.0,11.43,13575.0
2026-05-12,7,16006.0,5.44,5.02,5411.0,12738.0,15.77,18149.0
2026-05-12,8,15853.0,5.05,5.02,5749.0,12932.0,17.53,18681.0
2026-05-12,9,14876.0,4.78,5.99,5410.0,11329.0,16.96,16739.0
2026-05-12,10,14770.0,4.53,7.44,5616.0,11606.0,17.09,17222.0
2026-05-12,11,13788.0,4.15,9.25,5318.0,11009.0,15.47,16327.0
2026-05-12,12,10224.0,3.83,12.59,4431.0,8801.0,11.67,13232.0
2026-05-12,13,13548.0,3.73,9.44,3545.0,7696.0,9.44,11241.0
2026-05-12,14,13903.0,4.05,8.71,3526.0,8078.0,9.46,11604.0
2026-05-12,15,14300.0,4.35,7.41,3563.0,8171.0,9.75,11735.0
2026-05-12,16,13137.0,4.59,6.82,3573.0,8182.0,9.87,11755.0
2026-05-12,17,12889.0,4.71,6.76,3876.0,8730.0,11.08,12606.0
2026-05-12,18,13045.0,4.55,6.51,4911.0,10454.0,14.11,15365.0
2026-05-12,19,13751.0,4.21,5.76,5440.0,11063.0,16.0,16503.0
2026-05-12,20,13860.0,3.85,5.48,5552.0,10804.0,15.92,16356.0
2026-05-12,21,14451.0,3.55,4.8,5601.0,10854.0,16.04,16455.0
2026-05-12,22,15434.0,3.38,4.25,5567.0,10654.0,15.24,16221.0
2026-05-12,23,14932.0,3.23,5.2,5241.0,10291.0,14.0,15531.0
2026-05-13,0,10308.0,3.39,10.09,3351.0,4039.0,6.8,7391.0
2026-05-13,1,10417.0,3.77,11.29,3342.0,3704.0,6.64,7046.0
2026-05-13,2,11044.0,4.2,11.0,3352.0,3607.0,6.41,6960.0
2026-05-13,3,10468.0,4.71,11.36,3091.0,3577.0,6.28,6668.0
2026-05-13,4,9486.0,5.13,11.05,2045.0,4087.0,6.48,6131.0
2026-05-13,5,8648.0,5.43,9.89,2108.0,5366.0,7.75,7474.0
2026-05-13,6,11174.0,5.46,9.05,3205.0,8048.0,10.74,11254.0
2026-05-13,7,13404.0,5.28,7.36,5087.0,10518.0,14.29,15605.0
2026-05-13,8,14982.0,4.99,5.81,5527.0,11428.0,16.53,16955.0
2026-05-13,9,15061.0,4.75,5.72,5411.0,11401.0,16.39,16811.0
2026-05-13,10,15445.0,4.51,5.74,5553.0,12066.0,16.54,17619.0
2026-05-13,11,15805.0,4.18,5.64,5672.0,12401.0,15.79,18073.0
2026-05-13,12,16039.0,4.0,5.59,5113.0,11374.0,13.74,16487.0
2026-05-13,13,16124.0,4.08,5.76,4274.0,9858.0,11.49,14132.0
2026-05-13,14,16021.0,4.44,6.15,3967.0,8435.0,10.48,12402.0
2026-05-13,15,14819.0,4.94,7.33,3806.0,7604.0,10.46,11409.0
2026-05-13,16,11889.0,5.16,9.64,3733.0,7561.0,10.67,11294.0
2026-05-13,17,10864.0,5.16,10.0,3853.0,7590.0,11.3,11443.0
2026-05-13,18,12455.0,4.95,8.43,4741.0,9719.0,13.94,14460.0
2026-05-13,19,14534.0,4.62,6.81,5197.0,12445.0,16.0,17642.0
2026-05-13,20,14810.0,4.22,6.66,5376.0,12529.0,16.22,17906.0
2026-05-13,21,15528.0,3.81,5.4,5570.0,12358.0,16.06,17928.0
2026-05-13,22,16941.0,3.7,4.21,5679.0,10811.0,15.21,16491.0
2026-05-13,23,17567.0,3.83,4.51,5342.0,10358.0,13.81,15700.0
2026-05-14,0,11395.0,4.15,10.71,3014.0,5848.0,7.5,8862.0
2026-05-14,1,10369.0,4.38,11.29,2610.0,5788.0,7.3,8398.0
2026-05-14,2,10282.0,4.64,11.41,2547.0,5584.0,7.2,8131.0
2026-05-14,3,10403.0,4.92,11.72,2508.0,5577.0,7.03,8086.0
2026-05-14,4,9491.0,5.17,11.36,2311.0,5365.0,7.02,7675.0
2026-05-14,5,8613.0,5.33,9.82,2241.0,5421.0,8.26,7662.0
2026-05-14,6,13161.0,5.36,7.5,3904.0,9562.0,11.66,13466.0
2026-05-14,7,15484.0,5.2,5.42,5461.0,12294.0,15.39,17755.0
2026-05-14,8,15947.0,4.95,4.82,5646.0,11397.0,16.81,17043.0
2026-05-14,9,16023.0,4.81,4.78,5647.0,11392.0,16.65,17039.0
2026-05-14,10,16348.0,4.68,4.8,5750.0,11538.0,16.71,17288.0
2026-05-14,11,16710.0,4.56,4.77,5573.0,11162.0,15.61,16735.0
2026-05-14,12,14912.0,4.63,7.14,4389.0,9836.0,11.95,14225.0
2026-05-14,13,11955.0,4.67,9.99,3746.0,8570.0,10.04,12315.0
2026-05-14,14,11453.0,4.56,10.79,3617.0,8550.0,10.12,12167.0
2026-05-14,15,12523.0,4.52,10.8,3690.0,8458.0,9.92,12148.0
2026-05-14,16,11423.0,4.53,10.52,3517.0,8295.0,9.88,11812.0
2026-05-14,17,13540.0,4.57,7.9,3831.0,8404.0,10.93,12235.0
2026-05-14,18,14522.0,4.68,6.97,4604.0,9746.0,13.88,14350.0
2026-05-14,19,13926.0,4.51,7.38,5308.0,10883.0,15.68,16191.0
2026-05-14,20,13471.0,4.2,8.81,5371.0,11039.0,15.85,16410.0
2026-05-14,21,12711.0,3.75,9.05,5436.0,10954.0,15.97,16390.0
2026-05-14,22,14275.0,3.33,9.0,5387.0,11407.0,14.96,16794.0
2026-05-14,23,16233.0,3.12,9.12,5016.0,11577.0,13.44,16593.0
2026-05-15,0,12367.0,3.34,9.45,2448.0,6392.0,7.17,8840.0
2026-05-15,1,11613.0,3.78,10.45,2458.0,5771.0,7.13,8229.0
2026-05-15,2,11632.0,4.22,10.45,2222.0,5786.0,6.95,8008.0
2026-05-15,3,11587.0,4.65,10.53,2457.0,5630.0,7.39,8087.0
2026-05-15,4,9724.0,5.19,10.76,1784.0,3591.0,6.86,5375.0
2026-05-15,5,7313.0,5.51,10.86,1955.0,4208.0,8.03,6163.0
2026-05-15,6,11326.0,5.52,7.86,3798.0,7874.0,11.43,11673.0
2026-05-15,7,15324.0,5.48,5.16,5173.0,10709.0,15.0,15882.0
2026-05-15,8,15826.0,5.28,4.96,5801.0,12025.0,17.3,17826.0
2026-05-15,9,15835.0,4.99,4.9,5804.0,12698.0,17.4,18503.0
2026-05-15,10,15984.0,4.63,5.2,5835.0,12937.0,17.28,18772.0
2026-05-15,11,16330.0,4.3,5.13,5624.0,12438.0,15.81,18063.0
2026-05-15,12,14938.0,4.2,7.0,4518.0,10266.0,12.49,14784.0
2026-05-15,13,12137.0,4.26,9.83,3785.0,7652.0,10.79,11437.0
2026-05-15,14,10856.0,4.31,11.46,3548.0,7266.0,10.27,10814.0
2026-05-15,15,11126.0,4.32,12.26,3648.0,7050.0,9.9,10698.0
2026-05-15,16,10940.0,4.37,11.85,3534.0,7035.0,9.8,10569.0
2026-05-15,17,12956.0,4.38,9.08,3930.0,8608.0,11.43,12539.0
2026-05-15,18,15197.0,4.42,6.36,4976.0,10819.0,14.43,15795.0
2026-05-15,19,15127.0,4.16,6.26,5290.0,12338.0,16.26,17628.0
2026-05-15,20,15455.0,3.86,6.27,5227.0,12191.0,16.44,17418.0
2026-05-15,21,14047.0,3.63,7.55,5350.0,10513.0,16.04,15863.0
2026-05-15,22,13790.0,3.34,8.21,5491.0,10560.0,15.51,16051.0
2026-05-15,23,14335.0,3.04,8.52,5189.0,10828.0,14.1,16018.0
2026-05-16,0,12744.0,3.29,11.09,2591.0,5348.0,7.02,7939.0
2026-05-16,1,11435.0,3.84,11.49,2284.0,4873.0,6.58,7156.0
2026-05-16,2,11117.0,4.35,11.66,2162.0,5134.0,6.71,7296.0
2026-05-16,3,11016.0,4.8,11.64,2182.0,5380.0,6.7,7562.0
2026-05-16,4,10564.0,5.2,11.09,2133.0,5466.0,6.78,7599.0
2026-05-16,5,9312.0,5.46,9.1,2324.0,5899.0,7.86,8223.0
2026-05-16,6,12668.0,5.54,8.25,3966.0,8996.0,11.09,12963.0
2026-05-16,7,14920.0,5.36,6.17,5280.0,11427.0,15.15,16708.0
2026-05-16,8,14833.0,5.02,6.0,5851.0,11874.0,16.71,17725.0
2026-05-16,9,14750.0,4.62,5.93,5837.0,11982.0,16.89,17819.0
2026-05-16,10,15014.0,4.25,5.95,5756.0,11900.0,16.8,17656.0
2026-05-16,11,15171.0,3.96,5.92,5585.0,11235.0,15.56,16820.0
2026-05-16,12,15449.0,3.85,5.96,5110.0,10128.0,13.5,15238.0
2026-05-16,13,15409.0,4.02,6.12,3632.0,9016.0,11.15,12648.0
2026-05-16,14,14756.0,4.4,6.85,3204.0,8858.0,10.58,12063.0
2026-05-16,15,13907.0,4.62,7.72,3184.0,9270.0,10.74,12454.0
2026-05-16,16,13461.0,4.76,7.84,2996.0,9136.0,10.17,12132.0
2026-05-16,17,13190.0,4.88,7.63,3268.0,9229.0,11.31,12497.0
2026-05-16,18,13131.0,4.81,7.59,4131.0,10620.0,13.78,14751.0
2026-05-16,19,12094.0,4.4,8.39,4364.0,11496.0,15.06,15860.0
2026-05-16,20,12127.0,3.89,8.3,4455.0,11438.0,15.31,15893.0
2026-05-16,21,13583.0,3.37,6.93,4659.0,12148.0,16.08,16807.0
2026-05-16,22,16291.0,3.1,5.16,4559.0,12581.0,15.81,17140.0
2026-05-16,23,16986.0,3.03,5.22,4208.0,11964.0,14.5,16172.0
2026-05-17,0,11902.0,3.39,11.11,2472.0,5313.0,7.17,7784.0
2026-05-17,1,10323.0,3.82,11.81,2175.0,4753.0,6.46,6928.0
2026-05-17,2,9674.0,4.25,12.33,2342.0,3800.0,6.54,6142.0
2026-05-17,3,9505.0,4.65,12.67,3091.0,3174.0,6.12,6265.0
2026-05-17,4,10334.0,5.07,9.82,2502.0,3591.0,6.28,6093.0
2026-05-17,5,7714.0,5.49,10.74,1967.0,4648.0,7.26,6615.0
2026-05-17,6,10052.0,5.41,10.13,3461.0,7463.0,10.12,10924.0
2026-05-17,7,13268.0,5.28,7.86,4890.0,10089.0,14.04,14979.0
2026-05-17,8,14526.0,4.95,6.56,5754.0,11788.0,16.03,17542.0
2026-05-17,9,14722.0,4.55,6.24,5826.0,12034.0,16.27,17861.0
2026-05-17,10,14959.0,4.14,6.25,6001.0,11955.0,16.19,17956.0
2026-05-17,11,15011.0,3.78,6.17,5704.0,11635.0,15.53,17339.0
2026-05-17,12,15387.0,3.59,6.05,5448.0,10590.0,14.0,16038.0
2026-05-17,13,15609.0,3.68,5.94,4370.0,8800.0,11.53,13170.0
2026-05-17,14,15513.0,4.09,6.09,3980.0,7843.0,10.78,11823.0
2026-05-17,15,15417.0,4.49,6.17,4077.0,8768.0,11.3,12845.0
2026-05-17,16,15211.0,4.78,6.17,4042.0,8931.0,10.77,12973.0
2026-05-17,17,14881.0,5.02,6.12,4168.0,9211.0,11.42,13378.0
2026-05-17,18,14812.0,5.11,6.07,4889.0,10006.0,13.9,14894.0
2026-05-17,19,14736.0,4.96,6.0,5409.0,11080.0,15.55,16489.0
2026-05-17,20,13005.0,4.69,7.65,5430.0,11240.0,15.76,16670.0
2026-05-17,21,11855.0,3.97,8.52,5575.0,11502.0,15.72,17077.0
2026-05-17,22,15821.0,3.56,6.81,5551.0,11643.0,15.34,17194.0
2026-05-17,23,17969.0,3.58,7.36,5327.0,11164.0,14.18,16491.0
2026-05-18,0,11571.0,3.87,11.6,2773.0,6189.0,7.55,8961.0
2026-05-18,1,10879.0,4.16,11.57,2627.0,5673.0,7.36,8300.0
2026-05-18,2,10926.0,4.5,11.76,2504.0,5656.0,7.33,8160.0
2026-05-18,3,11030.0,4.83,11.99,2407.0,6117.0,7.35,8524.0
2026-05-18,4,10287.0,5.11,10.95,2384.0,5622.0,7.31,8006.0
2026-05-18,5,9899.0,5.36,9.16,2783.0,5916.0,7.96,8699.0
2026-05-18,6,13919.0,5.38,6.64,4206.0,9906.0,11.55,14112.0
2026-05-18,7,14634.0,5.2,6.16,5491.0,11780.0,15.21,17271.0
2026-05-18,8,15318.0,4.82,5.32,5835.0,12021.0,17.02,17856.0
2026-05-18,9,15354.0,4.53,5.21,5755.0,11566.0,16.83,17322.0
2026-05-18,10,15833.0,4.29,5.2,5799.0,11888.0,17.18,17687.0
2026-05-18,11,16132.0,4.01,5.11,5575.0,12342.0,15.6,17917.0
2026-05-18,12,15944.0,3.98,5.65,3976.0,10644.0,12.02,14620.0
2026-05-18,13,14955.0,4.24,6.86,3111.0,9260.0,9.79,12371.0
2026-05-18,14,14518.0,4.52,7.55,3171.0,8912.0,9.67,12084.0
2026-05-18,15,12476.0,4.68,9.51,2983.0,9063.0,9.74,12046.0
2026-05-18,16,11338.0,4.65,10.09,3031.0,8982.0,9.8,12013.0
2026-05-18,17,12728.0,4.6,8.45,3218.0,8994.0,10.89,12212.0
2026-05-18,18,13203.0,4.54,7.89,3906.0,10780.0,13.53,14686.0
2026-05-18,19,13764.0,4.22,7.4,4595.0,11759.0,15.73,16354.0
2026-05-18,20,13533.0,3.86,7.9,4446.0,11710.0,15.74,16156.0
2026-05-18,21,13319.0,3.49,7.89,4245.0,11567.0,15.43,15812.0
2026-05-18,22,14759.0,3.19,8.74,4040.0,12490.0,14.39,16530.0
2026-05-18,23,16487.0,3.01,7.85,4100.0,12120.0,13.17,16220.0
2026-05-19,0,12658.0,3.32,9.75,2426.0,6077.0,6.83,8503.0
2026-05-19,1,12083.0,3.83,10.14,2196.0,5622.0,7.01,7818.0
2026-05-19,2,11629.0,4.35,10.41,2235.0,5312.0,7.01,7547.0
2026-05-19,3,11613.0,4.84,10.6,2389.0,5251.0,7.26,7640.0
2026-05-19,4,9140.0,5.29,11.9,1878.0,4072.0,6.89,5950.0
2026-05-19,5,6310.0,5.5,11.27,1852.0,3944.0,7.94,5795.0
2026-05-19,6,11329.0,5.51,8.38,3811.0,7989.0,11.01,11800.0
2026-05-19,7,14328.0,5.4,6.33,5172.0,10627.0,14.47,15799.0
2026-05-19,8,14265.0,5.03,6.26,5848.0,12303.0,17.2,18151.0
2026-05-19,9,14382.0,4.48,6.13,5880.0,12912.0,17.15,18792.0
2026-05-19,10,14819.0,3.96,6.1,5787.0,12748.0,17.04,18535.0
2026-05-19,11,15180.0,3.56,6.07,5279.0,11943.0,14.9,17222.0
2026-05-19,12,15672.0,3.52,5.93,4414.0,9049.0,11.7,13463.0
2026-05-19,13,15320.0,4.0,6.61,3551.0,7421.0,9.3,10971.0
2026-05-19,14,12493.0,4.37,9.12,3600.0,7087.0,9.39,10686.0
2026-05-19,15,12461.0,4.61,9.38,3587.0,7130.0,9.72,10717.0
2026-05-19,16,11346.0,4.71,10.0,3572.0,7541.0,9.46,11113.0
2026-05-19,17,12388.0,4.71,8.8,4017.0,8888.0,10.98,12906.0
2026-05-19,18,13601.0,4.5,7.56,4945.0,11090.0,13.9,16034.0
2026-05-19,19,14358.0,4.08,6.75,5639.0,12293.0,15.8,17932.0
2026-05-19,20,15056.0,3.67,6.06,5594.0,11771.0,15.85,17364.0
2026-05-19,21,14927.0,3.43,6.18,5617.0,10845.0,15.85,16462.0
2026-05-19,22,15380.0,3.27,6.34,5485.0,10686.0,14.94,16171.0
2026-05-19,23,15606.0,3.16,6.6,5155.0,10469.0,13.37,15623.0
2026-05-20,0,7639.0,3.2,12.53,2428.0,5118.0,6.76,7546.0
2026-05-20,1,12017.0,3.5,10.41,2366.0,4875.0,6.8,7242.0
2026-05-20,2,12037.0,4.08,10.86,2254.0,5380.0,6.52,7634.0
2026-05-20,3,11909.0,4.62,10.84,2256.0,5534.0,6.59,7790.0
2026-05-20,4,9631.0,5.01,11.0,2132.0,5383.0,7.15,7516.0
2026-05-20,5,10276.0,5.29,8.55,2182.0,5963.0,8.24,8146.0
2026-05-20,6,13767.0,5.42,7.06,4061.0,9820.0,11.8,13880.0
2026-05-20,7,14327.0,5.22,6.44,5407.0,11323.0,15.46,16730.0
2026-05-20,8,14450.0,4.81,6.23,5804.0,11814.0,17.41,17617.0
2026-05-20,9,14563.0,4.49,6.12,5561.0,11214.0,17.08,16775.0
2026-05-20,10,14037.0,4.18,7.15,5472.0,11175.0,16.76,16647.0
2026-05-20,11,13612.0,3.83,7.83,5124.0,11076.0,15.11,16201.0
2026-05-20,12,12414.0,3.59,9.17,3365.0,9637.0,11.23,13002.0
2026-05-20,13,13141.0,3.64,8.49,2842.0,8226.0,9.6,11068.0
2026-05-20,14,14160.0,3.98,7.87,2899.0,8230.0,9.29,11128.0
2026-05-20,15,14054.0,4.34,8.15,2799.0,8442.0,9.16,11241.0
2026-05-20,16,12350.0,4.58,9.13,2882.0,7936.0,9.2,10817.0
2026-05-20,17,12037.0,4.72,8.79,3063.0,8122.0,10.92,11185.0
2026-05-20,18,11947.0,4.66,8.69,3934.0,9807.0,13.5,13741.0
2026-05-20,19,12229.0,4.23,8.28,4501.0,11374.0,15.33,15875.0
2026-05-20,20,12852.0,3.77,7.6,4542.0,11511.0,15.72,16053.0
2026-05-20,21,14482.0,3.45,5.96,4665.0,11023.0,15.57,15688.0
2026-05-20,22,14658.0,3.29,6.41,4533.0,11282.0,14.83,15815.0
2026-05-20,23,16262.0,3.11,5.42,4001.0,12455.0,13.42,16457.0
2026-05-21,0,7002.0,3.15,10.3,2615.0,5937.0,6.64,8552.0
2026-05-21,1,13429.0,3.27,8.81,2469.0,5413.0,6.62,7881.0
2026-05-21,2,13350.0,3.97,9.58,2356.0,5349.0,6.64,7704.0
2026-05-21,3,12489.0,4.66,9.85,2236.0,5378.0,6.79,7614.0
2026-05-21,4,9340.0,5.11,11.64,2061.0,4209.0,7.1,6270.0
2026-05-21,5,8453.0,5.49,10.27,2105.0,4330.0,7.93,6435.0
2026-05-21,6,11262.0,5.52,9.18,3876.0,7848.0,11.3,11723.0
2026-05-21,7,13937.0,5.41,6.7,5168.0,10492.0,14.95,15661.0
2026-05-21,8,14297.0,5.08,6.28,5580.0,11836.0,16.93,17417.0
2026-05-21,9,14481.0,4.64,6.19,5790.0,12531.0,16.97,18322.0
2026-05-21,10,15022.0,4.14,6.22,5856.0,12952.0,17.51,18808.0
2026-05-21,11,15355.0,3.74,6.13,5244.0,11800.0,14.89,17044.0
2026-05-21,12,14871.0,3.72,6.85,4298.0,9348.0,11.09,13645.0
2026-05-21,13,13348.0,4.0,8.57,3619.0,7034.0,9.44,10653.0
2026-05-21,14,12561.0,4.29,9.42,3516.0,6795.0,8.8,10310.0
2026-05-21,15,12621.0,4.56,9.34,3500.0,6919.0,8.97,10419.0
2026-05-21,16,12414.0,4.81,9.09,3482.0,6981.0,8.97,10463.0
2026-05-21,17,12159.0,4.98,8.85,3838.0,8082.0,10.14,11921.0
2026-05-21,18,12113.0,4.77,8.76,4950.0,10589.0,13.5,15539.0
2026-05-21,19,13466.0,4.23,7.45,5518.0,12018.0,15.21,17536.0
2026-05-21,20,15042.0,3.79,6.08,5363.0,12038.0,15.1,17401.0
2026-05-21,21,15032.0,3.57,5.69,5493.0,10782.0,14.99,16274.0
2026-05-21,22,15501.0,3.43,5.79,5409.0,10752.0,14.33,16161.0
2026-05-21,23,17224.0,3.42,6.68,5393.0,10870.0,13.69,16263.0
2026-05-22,0,11248.0,3.71,10.33,2806.0,5627.0,6.65,8433.0
2026-05-22,1,9516.0,3.98,11.33,2388.0,5078.0,6.21,7466.0
2026-05-22,2,10351.0,4.26,10.96,2353.0,5416.0,6.39,7769.0
2026-05-22,3,9490.0,4.55,11.69,2278.0,5222.0,6.51,7500.0
2026-05-22,4,9708.0,4.81,10.45,2040.0,4875.0,6.77,6915.0
2026-05-22,5,10800.0,5.25,8.8,2021.0,5602.0,7.56,7623.0
2026-05-22,6,13935.0,5.46,7.14,3955.0,9690.0,10.92,13644.0
2026-05-22,7,15658.0,5.41,5.06,5236.0,11202.0,14.85,16438.0
2026-05-22,8,16066.0,5.25,4.5,5612.0,11473.0,16.76,17085.0
2026-05-22,9,13779.0,5.03,6.64,5498.0,11269.0,16.4,16767.0
2026-05-22,10,13637.0,4.59,7.37,5627.0,11656.0,16.77,17283.0
2026-05-22,11,13165.0,4.11,8.15,5255.0,11340.0,14.89,16595.0
2026-05-22,12,12577.0,3.77,9.03,4007.0,10171.0,11.27,14178.0
2026-05-22,13,11413.0,3.62,10.05,3144.0,8640.0,9.39,11785.0
2026-05-22,14,15551.0,3.83,6.42,3077.0,8819.0,9.66,11896.0
2026-05-22,15,15558.0,4.26,6.56,2984.0,8956.0,9.38,11940.0
2026-05-22,16,15201.0,4.69,6.6,3035.0,8579.0,9.27,11614.0
2026-05-22,17,14472.0,5.09,6.89,3281.0,8474.0,10.71,11755.0
2026-05-22,18,13901.0,5.27,7.3,3698.0,10025.0,13.13,13722.0
2026-05-22,19,13131.0,5.06,7.85,4305.0,11472.0,15.13,15776.0
2026-05-22,20,11843.0,4.56,8.8,4417.0,11525.0,15.09,15942.0
2026-05-22,21,11971.0,4.03,8.66,4398.0,11325.0,15.01,15723.0
2026-05-22,22,12516.0,3.51,8.78,4223.0,12354.0,14.44,16577.0
2026-05-22,23,14827.0,3.02,9.81,4181.0,13142.0,13.71,17323.0
2026-05-23,0,12499.0,3.07,9.7,2725.0,6342.0,6.43,9067.0
2026-05-23,1,11560.0,3.52,10.23,2443.0,5413.0,6.11,7856.0
2026-05-23,2,12224.0,4.05,10.22,2322.0,5382.0,6.45,7704.0
2026-05-23,3,11248.0,4.59,11.19,2199.0,4878.0,6.1,7077.0
2026-05-23,4,8673.0,5.03,11.79,1821.0,3876.0,5.74,5697.0
2026-05-23,5,7821.0,5.34,10.73,2126.0,3780.0,7.17,5906.0
2026-05-23,6,8643.0,5.34,10.75,3417.0,7112.0,10.28,10528.0
2026-05-23,7,15211.0,5.18,5.91,5132.0,10661.0,14.29,15793.0
2026-05-23,8,15154.0,4.93,5.79,5867.0,11936.0,16.61,17803.0
2026-05-23,9,14836.0,4.56,5.93,5905.0,11947.0,16.21,17852.0
2026-05-23,10,14764.0,4.17,6.25,5783.0,11918.0,16.14,17700.0
2026-05-23,11,15004.0,3.84,6.02,5496.0,11199.0,15.12,16695.0
2026-05-23,12,15159.0,3.74,6.04,4946.0,10033.0,12.88,14979.0
2026-05-23,13,15178.0,3.87,6.27,4434.0,8933.0,11.2,13368.0
2026-05-23,14,15122.0,4.17,6.55,3840.0,8552.0,9.68,12392.0
2026-05-23,15,14058.0,4.45,7.54,4003.0,8657.0,9.65,12659.0
2026-05-23,16,12643.0,4.5,8.38,3901.0,8653.0,9.46,12554.0
2026-05-23,17,12411.0,4.47,8.13,4009.0,8874.0,10.51,12883.0
2026-05-23,18,12775.0,4.32,7.65,4694.0,9984.0,13.28,14678.0
2026-05-23,19,14222.0,4.02,6.28,5345.0,11046.0,15.01,16391.0
2026-05-23,20,14243.0,3.76,6.16,5205.0,10959.0,15.02,16164.0
2026-05-23,21,14249.0,3.46,6.11,5341.0,11235.0,15.02,16577.0
2026-05-23,22,15838.0,3.25,5.29,5511.0,11722.0,14.82,17234.0
2026-05-23,23,15281.0,3.04,6.31,5162.0,10712.0,12.89,15874.0
2026-05-24,0,11320.0,3.33,10.54,2285.0,5047.0,5.72,7332.0
2026-05-24,1,10938.0,3.78,10.34,2150.0,5364.0,5.48,7515.0
2026-05-24,2,11056.0,4.21,10.74,2327.0,4894.0,5.57,7221.0
2026-05-24,3,10849.0,4.75,10.87,2898.0,3700.0,5.34,6598.0
2026-05-24,4,9548.0,5.27,11.24,2780.0,3422.0,5.81,6202.0
2026-05-24,5,7942.0,5.51,10.96,3123.0,4405.0,7.1,7528.0
2026-05-24,6,10566.0,5.53,10.04,3450.0,7424.0,10.02,10873.0
2026-05-24,7,13753.0,5.37,7.19,4963.0,11009.0,14.49,15972.0
2026-05-24,8,14026.0,4.91,6.68,5895.0,12311.0,17.03,18206.0
2026-05-24,9,13982.0,4.4,6.57,5786.0,11956.0,16.0,17742.0
2026-05-24,10,14186.0,3.92,6.57,5887.0,11903.0,16.1,17790.0
2026-05-24,11,14990.0,3.54,5.84,5453.0,11337.0,14.93,16790.0
2026-05-24,12,15320.0,3.41,5.77,5281.0,10522.0,13.45,15803.0
2026-05-24,13,15975.0,3.51,5.28,3772.0,9242.0,10.77,13014.0
2026-05-24,14,15962.0,3.99,5.53,3480.0,8165.0,9.64,11645.0
2026-05-24,15,15080.0,4.48,6.44,3121.0,8566.0,9.21,11687.0
2026-05-24,16,13965.0,4.77,7.03,2912.0,9035.0,9.24,11947.0
2026-05-24,17,13694.0,4.93,6.93,3144.0,9885.0,10.35,13029.0
2026-05-24,18,13714.0,4.86,6.86,3979.0,10778.0,13.08,14757.0
2026-05-24,19,13782.0,4.61,6.71,4238.0,11812.0,14.77,16051.0
2026-05-24,20,12883.0,4.24,7.43,4349.0,12064.0,15.12,16412.0
2026-05-24,21,13359.0,3.69,6.9,4419.0,12445.0,15.32,16865.0
2026-05-24,22,15862.0,3.39,5.34,4408.0,12612.0,15.07,17020.0
2026-05-24,23,15227.0,3.25,6.68,4271.0,11312.0,13.25,15583.0
2026-05-25,0,11540.0,3.48,11.68,2774.0,4919.0,6.42,7693.0
2026-05-25,1,11131.0,3.87,11.87,3727.0,4326.0,6.62,8053.0
2026-05-25,2,11220.0,4.24,12.12,3817.0,4141.0,6.46,7958.0
2026-05-25,3,11258.0,4.64,12.36,3459.0,4096.0,6.67,7555.0
2026-05-25,4,10118.0,5.13,12.63,2874.0,3275.0,6.42,6150.0
2026-05-25,5,8389.0,5.51,11.13,2685.0,4098.0,7.51,6783.0
2026-05-25,6,11061.0,5.46,9.46,3722.0,8299.0,10.64,12021.0
2026-05-25,7,14747.0,5.33,6.19,5237.0,11178.0,14.26,16415.0
2026-05-25,8,14721.0,4.91,6.12,5885.0,12358.0,16.31,18243.0
2026-05-25,9,14698.0,4.54,6.09,5637.0,11522.0,16.06,17159.0
2026-05-25,10,15131.0,4.23,6.17,5551.0,11952.0,16.25,17503.0
2026-05-25,11,15381.0,3.96,6.18,5307.0,11360.0,14.8,16667.0
2026-05-25,12,14660.0,3.97,7.3,4283.0,9199.0,10.67,13482.0
2026-05-25,13,13848.0,4.16,8.3,3593.0,8476.0,8.75,12069.0
2026-05-25,14,13818.0,4.37,8.59,3645.0,8470.0,8.84,12115.0
2026-05-25,15,13599.0,4.6,8.82,3533.0,8098.0,8.74,11631.0
2026-05-25,16,12595.0,4.78,9.31,3478.0,8058.0,8.89,11536.0
2026-05-25,17,12424.0,4.86,9.11,3944.0,8648.0,10.26,12592.0
2026-05-25,18,12395.0,4.64,8.96,5027.0,10254.0,13.17,15281.0
2026-05-25,19,13617.0,4.25,7.92,5374.0,10880.0,14.87,16254.0
2026-05-25,20,13167.0,3.93,8.66,5400.0,10744.0,14.74,16144.0
2026-05-25,21,13291.0,3.49,8.36,5379.0,10778.0,14.8,16157.0
2026-05-25,22,14483.0,3.23,7.84,5270.0,10635.0,13.99,15905.0
2026-05-25,23,15567.0,3.1,8.65,5248.0,10760.0,12.86,16008.0
2026-05-26,0,11364.0,3.22,10.97,2832.0,6508.0,6.3,9340.0
2026-05-26,1,12710.0,3.55,8.97,2528.0,6092.0,6.26,8620.0
2026-05-26,2,11305.0,4.04,10.38,2361.0,5598.0,6.11,7959.0
2026-05-26,3,11108.0,4.44,9.8,2346.0,5556.0,6.06,7902.0
2026-05-26,4,12648.0,4.92,8.81,2132.0,5477.0,6.38,7609.0
2026-05-26,5,10405.0,5.51,8.71,2316.0,5726.0,7.19,8041.0
2026-05-26,6,10769.0,5.4,9.62,4153.0,8943.0,10.66,13096.0
2026-05-26,7,14779.0,5.13,5.98,5443.0,11523.0,14.66,16965.0
2026-05-26,8,15037.0,4.8,5.59,5836.0,11755.0,16.04,17591.0
2026-05-26,9,15107.0,4.49,5.56,5696.0,11621.0,16.04,17317.0
2026-05-26,10,14682.0,4.18,6.43,5668.0,12086.0,16.07,17755.0
2026-05-26,11,15815.0,3.8,5.67,5319.0,12260.0,14.44,17579.0
2026-05-26,12,16050.0,3.8,5.77,4369.0,9872.0,10.52,14240.0
2026-05-26,13,15662.0,4.17,6.45,3749.0,8725.0,8.66,12474.0
2026-05-26,14,12896.0,4.42,9.27,3542.0,8591.0,8.58,12133.0
2026-05-26,15,12460.0,4.46,9.72,3513.0,8597.0,8.56,12110.0
2026-05-26,16,12262.0,4.54,9.36,3662.0,7570.0,8.85,11231.0
2026-05-26,17,11993.0,4.64,9.1,3910.0,8000.0,9.8,11911.0
2026-05-26,18,12846.0,4.49,8.24,4841.0,10025.0,12.65,14866.0
2026-05-26,19,14985.0,4.22,6.65,5586.0,11233.0,14.51,16820.0
2026-05-26,20,14415.0,3.88,6.86,5559.0,12121.0,14.6,17680.0
2026-05-26,21,15047.0,3.49,6.2,5633.0,12303.0,14.75,17936.0
2026-05-26,22,15546.0,3.18,6.25,5398.0,11946.0,13.89,17344.0
2026-05-26,23,14695.0,2.94,6.04,5084.0,11256.0,12.46,16340.0
2026-05-27,0,12335.0,3.13,10.4,2602.0,5438.0,5.94,8040.0
2026-05-27,1,11943.0,3.62,10.17,2627.0,5462.0,6.33,8089.0
2026-05-27,2,11895.0,4.13,11.37,2215.0,5283.0,6.03,7498.0
2026-05-27,3,11452.0,4.65,11.25,2263.0,5292.0,6.22,7555.0
2026-05-27,4,9953.0,5.1,12.23,1979.0,4372.0,5.99,6351.0
2026-05-27,5,7997.0,5.49,11.09,1878.0,4188.0,6.71,6066.0
2026-05-27,6,13441.0,5.55,7.27,3730.0,8996.0,9.79,12726.0
2026-05-27,7,14578.0,5.47,6.19,5315.0,12089.0,13.95,17404.0
2026-05-27,8,14581.0,4.97,6.07,5894.0,13011.0,15.95,18905.0
2026-05-27,9,14664.0,4.47,6.03,5637.0,12061.0,15.84,17699.0
2026-05-27,10,15113.0,4.17,6.12,5580.0,11608.0,15.95,17187.0
2026-05-27,11,15426.0,3.96,6.19,5146.0,10960.0,13.91,16106.0
2026-05-27,12,15621.0,4.05,6.34,4433.0,8749.0,10.33,13182.0
2026-05-27,13,13800.0,4.45,8.34,3548.0,8023.0,8.69,11571.0
2026-05-27,14,11911.0,4.54,11.23,3635.0,8084.0,8.73,11719.0
2026-05-27,15,11250.0,4.5,11.69,3583.0,8023.0,8.69,11606.0
2026-05-27,16,11300.0,4.46,11.25,3548.0,7997.0,8.78,11545.0
2026-05-27,17,10910.0,4.36,10.56,3964.0,8801.0,10.07,12765.0
2026-05-27,18,13076.0,3.99,7.71,5117.0,10841.0,13.13,15958.0
2026-05-27,19,15067.0,3.66,5.72,5739.0,11478.0,15.4,17216.0
2026-05-27,20,15124.0,3.42,5.56,5603.0,11103.0,15.19,16707.0
2026-05-27,21,15107.0,3.21,5.46,5557.0,11003.0,15.07,16560.0
2026-05-27,22,15717.0,3.06,5.62,5501.0,10940.0,14.44,16441.0
2026-05-27,23,16410.0,3.01,5.95,5161.0,10258.0,12.56,15419.0
2026-05-28,0,12637.0,3.42,10.85,2563.0,5869.0,5.81,8433.0
2026-05-28,1,11711.0,3.88,11.79,2367.0,5465.0,5.68,7833.0
2026-05-28,2,11621.0,4.39,12.0,2167.0,5302.0,5.72,7469.0
2026-05-28,3,11584.0,4.88,12.15,2295.0,5473.0,6.08,7768.0
2026-05-28,4,10628.0,5.35,12.46,2194.0,5288.0,6.24,7482.0
2026-05-28,5,8353.0,5.53,11.47,2660.0,5912.0,7.34,8572.0
2026-05-28,6,12478.0,5.38,8.08,4151.0,9006.0,10.87,13158.0
2026-05-28,7,14616.0,5.25,6.34,5365.0,11500.0,14.56,16865.0
2026-05-28,8,14733.0,4.87,6.12,5717.0,11691.0,16.17,17408.0
2026-05-28,9,14806.0,4.55,6.11,5663.0,11426.0,15.84,17089.0
2026-05-28,10,15202.0,4.28,6.22,5679.0,11659.0,15.96,17338.0
2026-05-28,11,15410.0,3.98,7.56,5372.0,12144.0,14.29,17516.0
2026-05-28,12,13376.0,3.78,9.15,3397.0,10343.0,10.55,13740.0
2026-05-28,13,12986.0,3.85,9.66,2879.0,8648.0,8.61,11527.0
2026-05-28,14,12852.0,4.01,9.78,2860.0,8712.0,8.64,11572.0
2026-05-28,15,14594.0,4.24,7.9,2946.0,8659.0,8.58,11605.0
2026-05-28,16,13509.0,4.58,8.47,3164.0,7839.0,8.63,11002.0
2026-05-28,17,12281.0,4.79,8.97,3174.0,8248.0,9.69,11422.0
2026-05-28,18,12527.0,4.69,8.59,3909.0,10572.0,12.71,14481.0
2026-05-28,19,13398.0,4.34,7.74,4308.0,11675.0,14.43,15983.0
2026-05-28,20,13522.0,3.97,7.47,4324.0,11748.0,14.58,16073.0
2026-05-28,21,14451.0,3.61,6.73,4343.0,13006.0,14.74,17349.0
2026-05-28,22,16090.0,3.26,6.38,4202.0,13341.0,13.99,17543.0
2026-05-28,23,16113.0,3.05,4.06,4175.0,12656.0,12.47,16832.0
2026-05-29,0,13632.0,3.36,9.2,2571.0,5867.0,5.54,8438.0
2026-05-29,1,11912.0,3.94,11.55,2057.0,5455.0,5.54,7512.0
2026-05-29,2,9884.0,4.41,13.74,2326.0,4106.0,5.4,6432.0
2026-05-29,3,9085.0,4.79,14.61,2521.0,4002.0,5.39,6523.0
2026-05-29,4,9032.0,5.08,13.75,2451.0,3275.0,5.64,5726.0
2026-05-29,5,7292.0,5.45,11.79,2381.0,3811.0,6.65,6192.0
2026-05-29,6,11251.0,5.4,8.85,3805.0,8063.0,9.76,11868.0
2026-05-29,7,14071.0,5.22,6.76,5309.0,11361.0,13.89,16670.0
2026-05-29,8,14747.0,4.72,6.05,5960.0,13234.0,16.22,19194.0
2026-05-29,9,14863.0,4.17,5.86,5825.0,12877.0,15.83,18701.0
2026-05-29,10,16794.0,3.8,4.31,5768.0,12945.0,15.81,18714.0
2026-05-29,11,17208.0,3.68,4.17,5294.0,11278.0,14.02,16572.0
2026-05-29,12,17353.0,3.97,4.38,4456.0,8621.0,10.31,13077.0
2026-05-29,13,14022.0,4.51,8.06,3538.0,7130.0,8.06,10668.0
2026-05-29,14,12613.0,4.85,9.41,3446.0,7088.0,8.19,10535.0
2026-05-29,15,11994.0,4.96,10.27,3411.0,8042.0,8.83,11453.0
2026-05-29,16,10823.0,4.94,11.14,3492.0,8059.0,8.75,11551.0
2026-05-29,17,10595.0,4.79,10.24,3905.0,8504.0,9.68,12410.0
2026-05-29,18,13119.0,4.52,8.01,4767.0,10637.0,12.42,15404.0
2026-05-29,19,14322.0,4.19,7.26,5131.0,11368.0,13.82,16499.0
2026-05-29,20,13610.0,3.93,7.7,5270.0,10279.0,13.97,15549.0
2026-05-29,21,13799.0,3.66,7.8,5424.0,10248.0,13.99,15672.0
2026-05-29,22,15117.0,3.47,8.72,5434.0,10654.0,14.15,16088.0
2026-05-29,23,15193.0,3.33,9.26,5212.0,10833.0,12.39,16046.0
2026-05-30,0,10803.0,3.46,11.88,2599.0,5600.0,5.31,8199.0
2026-05-30,1,11074.0,3.79,11.39,2344.0,5719.0,5.32,8063.0
2026-05-30,2,10318.0,4.16,12.5,2181.0,5380.0,5.26,7562.0
2026-05-30,3,9169.0,4.44,13.12,2130.0,5178.0,5.21,7308.0
2026-05-30,4,8679.0,4.67,12.34,1884.0,4755.0,5.13,6640.0
2026-05-30,5,12776.0,5.12,7.42,2226.0,5410.0,6.3,7635.0
2026-05-30,6,13321.0,5.57,7.63,3750.0,8425.0,9.58,12175.0
2026-05-30,7,14012.0,5.43,6.85,5267.0,11176.0,13.63,16443.0
2026-05-30,8,15928.0,5.1,4.91,5738.0,12342.0,15.43,18080.0
2026-05-30,9,15904.0,4.82,4.84,5931.0,12138.0,15.24,18070.0
2026-05-30,10,16229.0,4.58,4.79,5790.0,12003.0,15.05,17794.0
2026-05-30,11,15996.0,4.42,5.13,5452.0,11184.0,14.05,16636.0
2026-05-30,12,14788.0,4.37,6.62,4834.0,10110.0,12.04,14944.0
2026-05-30,13,14764.0,4.38,6.75,4399.0,9653.0,10.03,14052.0
2026-05-30,14,14527.0,4.55,7.23,4042.0,8757.0,9.13,12799.0
2026-05-30,15,14194.0,4.78,7.79,3972.0,8036.0,9.37,12008.0
2026-05-30,16,12989.0,5.01,8.45,3894.0,7699.0,9.06,11593.0
2026-05-30,17,12770.0,5.15,8.28,3913.0,8195.0,10.18,12107.0
2026-05-30,18,12745.0,5.08,8.18,4686.0,9805.0,12.56,14491.0
2026-05-30,19,12763.0,4.74,8.07,4994.0,10648.0,14.11,15641.0
2026-05-30,20,12781.0,4.37,7.96,5034.0,10673.0,14.29,15708.0
2026-05-30,21,12930.0,3.96,7.89,5153.0,11225.0,14.58,16378.0
2026-05-30,22,13550.0,3.51,8.97,5432.0,11533.0,14.48,16965.0
2026-05-30,23,14588.0,3.13,11.48,5329.0,11148.0,13.5,16477.0
2026-05-31,0,9839.0,3.18,12.95,2358.0,5231.0,6.18,7589.0
2026-05-31,1,9502.0,3.45,13.11,2082.0,5022.0,5.78,7104.0
2026-05-31,2,11829.0,3.89,11.51,2076.0,5243.0,5.78,7319.0
2026-05-31,3,10653.0,4.41,12.54,3001.0,3624.0,5.39,6625.0
2026-05-31,4,10392.0,4.88,10.9,2410.0,3672.0,5.24,6082.0
2026-05-31,5,9644.0,5.4,10.14,1854.0,4490.0,6.53,6344.0
2026-05-31,6,9696.0,5.55,9.93,3340.0,6633.0,9.29,9973.0
2026-05-31,7,14188.0,5.48,6.71,4776.0,9939.0,12.78,14715.0
2026-05-31,8,15224.0,5.29,6.02,5731.0,11801.0,15.12,17532.0
2026-05-31,9,15223.0,4.97,5.87,5769.0,11886.0,15.05,17656.0
2026-05-31,10,15513.0,4.68,5.85,5765.0,11812.0,15.05,17577.0
2026-05-31,11,14977.0,4.44,6.54,5435.0,10914.0,14.08,16349.0
2026-05-31,12,13259.0,4.25,8.48,4894.0,9645.0,11.65,14539.0
2026-05-31,13,13324.0,4.21,8.59,4174.0,8159.0,9.8,12333.0
2026-05-31,14,13407.0,4.45,8.68,3585.0,7596.0,8.59,11181.0
2026-05-31,15,13065.0,4.64,8.29,3588.0,8097.0,8.76,11685.0
2026-05-31,16,13208.0,4.86,8.44,3604.0,7697.0,8.79,11301.0
2026-05-31,17,12878.0,5.05,8.43,3778.0,8149.0,9.83,11927.0
2026-05-31,18,12991.0,5.07,8.25,4608.0,9082.0,12.34,13690.0
2026-05-31,19,12589.0,4.81,8.65,5169.0,10134.0,14.27,15303.0
2026-05-31,20,12657.0,4.46,8.74,5038.0,10394.0,14.3,15431.0
2026-05-31,21,11319.0,3.99,9.89,5079.0,10876.0,14.68,15955.0
2026-05-31,22,13936.0,3.57,8.38,5284.0,11044.0,14.23,16328.0
2026-05-31,23,14069.0,3.28,12.52,4834.0,10359.0,12.12,15193.0
2025-03-01,0,15073.0,2.44,4.94,3564.0,6927.0,9.81,10491.0
2025-03-01,1,15814.0,3.06,5.2,3403.0,6452.0,9.66,9855.0
2025-03-01,2,15322.0,3.8,6.37,3103.0,6037.0,9.48,9140.0
2025-03-01,3,15468.0,4.55,6.97,3154.0,6145.0,9.84,9298.0
2025-03-01,4,13225.0,5.19,8.59,3237.0,6195.0,9.94,9432.0
2025-03-01,5,10780.0,5.4,8.45,3610.0,6718.0,10.58,10328.0
2025-03-01,6,11939.0,5.33,7.86,4507.0,8640.0,12.81,13147.0
2025-03-01,7,15121.0,5.08,5.55,6103.0,11151.0,15.94,17253.0
2025-03-01,8,14970.0,4.71,5.42,6745.0,11931.0,17.3,18676.0
2025-03-01,9,14718.0,4.19,5.23,6785.0,11946.0,17.43,18731.0
2025-03-01,10,14809.0,3.68,5.17,6517.0,11570.0,16.38,18088.0
2025-03-01,11,14762.0,3.37,5.15,5654.0,10266.0,14.11,15920.0
2025-03-01,12,14833.0,3.37,5.16,4894.0,8966.0,12.19,13860.0
2025-03-01,13,14875.0,3.51,5.22,4695.0,8679.0,12.19,13374.0
2025-03-01,14,14904.0,3.71,5.29,4552.0,8509.0,11.87,13061.0
2025-03-01,15,14654.0,3.92,5.65,4531.0,8398.0,11.96,12929.0
2025-03-01,16,14001.0,4.0,6.25,4583.0,8222.0,12.28,12805.0
2025-03-01,17,13235.0,4.36,6.53,4813.0,9257.0,12.74,14070.0
2025-03-01,18,14532.0,4.15,5.3,5758.0,11128.0,15.05,16886.0
2025-03-01,19,14652.0,3.74,5.3,6006.0,11744.0,16.0,17749.0
2025-03-01,20,14870.0,3.39,5.25,5932.0,10710.0,16.2,16642.0
2025-03-01,21,15095.0,3.13,5.47,6183.0,10844.0,16.16,17027.0
2025-03-01,22,15791.0,2.89,5.36,6169.0,10593.0,15.59,16762.0
2025-03-01,23,15854.0,2.8,5.43,5501.0,9841.0,13.93,15342.0
2025-03-02,0,13722.0,3.04,8.19,3673.0,6970.0,9.89,10643.0
2025-03-02,1,13200.0,3.34,7.93,3583.0,6783.0,9.77,10367.0
2025-03-02,2,14265.0,3.72,7.27,3406.0,6581.0,9.72,9987.0
2025-03-02,3,15148.0,4.33,6.71,3260.0,6104.0,9.59,9364.0
2025-03-02,4,12386.0,4.9,9.26,3318.0,5938.0,9.51,9256.0
2025-03-02,5,11608.0,5.12,8.18,3605.0,6520.0,10.3,10125.0
2025-03-02,6,11584.0,5.27,8.07,3719.0,6896.0,11.51,10615.0
2025-03-02,7,13207.0,5.2,7.07,5078.0,8990.0,13.51,14068.0
2025-03-02,8,14547.0,5.03,5.65,5985.0,10526.0,14.68,16511.0
2025-03-02,9,14853.0,4.66,5.41,6591.0,11664.0,16.26,18255.0
2025-03-02,10,14866.0,4.17,5.33,6768.0,11879.0,17.01,18647.0
2025-03-02,11,14818.0,3.71,5.23,6551.0,11307.0,16.3,17858.0
2025-03-02,12,14183.0,3.33,5.93,5969.0,10857.0,14.75,16826.0
2025-03-02,13,14226.0,3.07,5.92,5271.0,9945.0,13.09,15216.0
2025-03-02,14,14882.0,3.06,5.37,4699.0,8984.0,12.07,13683.0
2025-03-02,15,14939.0,3.25,5.38,4496.0,8583.0,11.43,13080.0
2025-03-02,16,14741.0,3.49,5.38,4396.0,8494.0,11.49,12890.0
2025-03-02,17,14297.0,3.7,5.68,4517.0,8911.0,11.83,13428.0
2025-03-02,18,13156.0,3.67,6.67,5021.0,9354.0,12.53,14375.0
2025-03-02,19,13294.0,3.49,6.63,5325.0,9733.0,13.7,15058.0
2025-03-02,20,13414.0,3.21,6.54,5724.0,10402.0,15.37,16125.0
2025-03-02,21,13818.0,2.8,6.57,6191.0,11128.0,16.19,17319.0
2025-03-02,22,14353.0,2.34,6.74,6375.0,11336.0,15.7,17711.0
2025-03-02,23,17384.0,2.04,5.78,5962.0,11355.0,14.43,17316.0
2025-03-03,0,16028.0,2.47,6.42,3522.0,7163.0,9.06,10684.0
2025-03-03,1,15687.0,3.07,6.47,3415.0,7139.0,9.11,10554.0
2025-03-03,2,14653.0,3.65,6.2,3245.0,6993.0,9.15,10238.0
2025-03-03,3,14492.0,4.16,6.33,3259.0,6890.0,9.44,10149.0
2025-03-03,4,14701.0,4.71,6.67,3290.0,6789.0,9.73,10078.0
2025-03-03,5,13130.0,5.18,6.22,3220.0,6689.0,10.17,9909.0
2025-03-03,6,14341.0,5.47,6.79,4682.0,8780.0,12.59,13462.0
2025-03-03,7,14684.0,5.25,5.61,6333.0,11384.0,15.9,17717.0
2025-03-03,8,14544.0,4.83,5.35,6495.0,11327.0,16.91,17822.0
2025-03-03,9,14352.0,4.38,5.24,6525.0,11305.0,16.56,17830.0
2025-03-03,10,14514.0,3.89,5.17,6444.0,11972.0,16.06,18416.0
2025-03-03,11,14318.0,3.5,5.12,5390.0,10247.0,13.77,15637.0
2025-03-03,12,14297.0,3.49,5.15,4582.0,8841.0,11.98,13422.0
2025-03-03,13,14315.0,3.6,5.21,4529.0,8811.0,12.05,13340.0
2025-03-03,14,14356.0,3.75,5.26,4309.0,8516.0,11.77,12826.0
2025-03-03,15,14347.0,3.93,5.3,4330.0,8590.0,12.01,12920.0
2025-03-03,16,14250.0,4.08,5.29,4566.0,8742.0,11.87,13308.0
2025-03-03,17,13877.0,4.12,5.37,4972.0,9380.0,12.98,14352.0
2025-03-03,18,11214.0,3.87,7.51,5362.0,9506.0,14.78,14867.0
2025-03-03,19,11500.0,3.33,7.8,5784.0,10296.0,15.94,16080.0
2025-03-03,20,11260.0,2.69,8.06,5790.0,10462.0,16.16,16251.0
2025-03-03,21,13051.0,2.12,6.28,5726.0,10349.0,16.08,16076.0
2025-03-03,22,15059.0,1.86,4.99,5958.0,10467.0,15.45,16425.0
2025-03-03,23,15147.0,1.69,5.02,5330.0,10412.0,12.77,15742.0
2025-03-04,0,13981.0,1.94,4.75,3399.0,6782.0,8.09,10181.0
2025-03-04,1,14756.0,2.47,4.94,3225.0,6566.0,8.38,9791.0
2025-03-04,2,15328.0,3.18,5.19,3079.0,6295.0,8.46,9374.0
2025-03-04,3,15382.0,3.94,5.39,3096.0,6391.0,8.79,9486.0
2025-03-04,4,14974.0,4.66,5.48,3179.0,6453.0,9.4,9632.0
2025-03-04,5,13685.0,5.23,5.33,3509.0,6355.0,10.41,9864.0
2025-03-04,6,11997.0,5.46,7.77,4641.0,8184.0,12.73,12825.0
2025-03-04,7,14115.0,5.15,5.41,6197.0,11344.0,16.06,17541.0
2025-03-04,8,14108.0,4.56,5.27,6730.0,12323.0,17.49,19053.0
2025-03-04,9,14235.0,3.97,5.18,6576.0,11404.0,17.15,17980.0
2025-03-04,10,14473.0,3.45,5.15,6350.0,11916.0,16.07,18266.0
2025-03-04,11,14604.0,3.1,5.12,5464.0,10319.0,13.53,15784.0
2025-03-04,12,14810.0,3.13,5.19,4406.0,8617.0,11.69,13023.0
2025-03-04,13,14767.0,3.35,5.25,4246.0,8437.0,11.79,12684.0
2025-03-04,14,14885.0,3.61,5.33,4264.0,8499.0,12.04,12762.0
2025-03-04,15,14927.0,3.84,5.4,4297.0,8674.0,12.86,12971.0
2025-03-04,16,14736.0,4.05,5.64,4405.0,8685.0,12.78,13091.0
2025-03-04,17,13552.0,4.13,6.58,4849.0,8875.0,14.01,13724.0
2025-03-04,18,13514.0,4.03,6.47,5467.0,9595.0,15.67,15062.0
2025-03-04,19,13580.0,3.74,6.34,5761.0,10113.0,16.26,15874.0
2025-03-04,20,12756.0,3.36,7.09,5814.0,10310.0,16.34,16125.0
2025-03-04,21,12932.0,2.89,6.95,5873.0,10228.0,16.22,16101.0
2025-03-04,22,13363.0,2.47,7.07,5859.0,10529.0,15.14,16387.0
2025-03-04,23,12076.0,2.56,8.45,1911.0,4119.0,6.56,6030.0
2025-03-05,0,10353.0,3.32,7.71,1988.0,4112.0,6.31,6100.0
2025-03-05,1,14231.0,3.72,5.07,3447.0,6939.0,8.98,10386.0
2025-03-05,2,13312.0,4.23,6.02,3023.0,6196.0,8.7,9220.0
2025-03-05,3,13379.0,4.71,6.27,3144.0,6291.0,8.43,9434.0
2025-03-05,4,12803.0,5.17,6.83,3296.0,6333.0,8.9,9629.0
2025-03-05,5,10681.0,5.5,7.72,3092.0,5384.0,9.58,8476.0
2025-03-05,6,11125.0,5.57,8.56,4530.0,7823.0,12.22,12353.0
2025-03-05,7,13812.0,5.24,5.97,6128.0,10750.0,15.25,16877.0
2025-03-05,8,14087.0,4.74,5.32,6482.0,12075.0,16.71,18557.0
2025-03-05,9,14059.0,4.11,5.18,6647.0,12542.0,16.79,19188.0
2025-03-05,10,14311.0,3.46,5.11,6392.0,12063.0,15.42,18455.0
2025-03-05,11,14445.0,3.07,5.07,5367.0,10356.0,12.55,15723.0
2025-03-05,12,14559.0,3.09,5.14,4445.0,8718.0,10.54,13163.0
2025-03-05,13,14589.0,3.28,5.2,4409.0,8809.0,10.58,13218.0
2025-03-05,14,14616.0,3.47,5.25,4255.0,8595.0,10.68,12850.0
2025-03-05,15,14719.0,3.71,5.33,4111.0,8427.0,10.66,12538.0
2025-03-05,16,14439.0,3.93,5.58,4428.0,8687.0,11.56,13116.0
2025-03-05,17,13899.0,4.01,5.72,4943.0,8734.0,13.11,13677.0
2025-03-05,18,13611.0,3.97,5.59,5509.0,9723.0,15.03,15232.0
2025-03-05,19,13672.0,3.66,5.46,5984.0,10696.0,16.41,16680.0
2025-03-05,20,13988.0,3.25,5.15,6029.0,10963.0,16.44,16992.0
2025-03-05,21,14182.0,2.89,4.89,6016.0,10724.0,16.4,16740.0
2025-03-05,22,14681.0,2.57,4.92,6103.0,11110.0,15.88,17213.0
2025-03-05,23,14729.0,2.26,4.9,5517.0,10634.0,13.61,16151.0
2025-03-06,0,14085.0,2.44,4.78,3534.0,7002.0,9.15,10536.0
2025-03-06,1,14056.0,2.9,4.85,3333.0,6635.0,9.04,9969.0
2025-03-06,2,14304.0,3.46,5.01,3222.0,6618.0,8.85,9839.0
2025-03-06,3,14419.0,4.04,5.18,3172.0,6588.0,8.77,9760.0
2025-03-06,4,14298.0,4.66,5.32,3275.0,5873.0,9.51,9148.0
2025-03-06,5,12260.0,5.25,6.56,3387.0,5784.0,9.92,9171.0
2025-03-06,6,11701.0,5.36,8.14,4595.0,7981.0,12.26,12577.0
2025-03-06,7,14313.0,5.14,5.46,6043.0,10577.0,15.11,16620.0
2025-03-06,8,14228.0,4.71,5.32,6546.0,11479.0,16.47,18024.0
2025-03-06,9,14282.0,4.18,5.24,6558.0,12125.0,16.79,18683.0
2025-03-06,10,14585.0,3.51,5.17,6523.0,13062.0,16.03,19586.0
2025-03-06,11,14730.0,2.99,5.12,5606.0,11437.0,13.45,17044.0
2025-03-06,12,14905.0,2.95,5.17,4540.0,9091.0,11.28,13631.0
2025-03-06,13,14993.0,3.12,5.25,4525.0,9096.0,11.23,13622.0
2025-03-06,14,15030.0,3.3,5.3,4400.0,8993.0,11.15,13393.0
2025-03-06,15,15064.0,3.53,5.37,4356.0,8821.0,11.04,13177.0
2025-03-06,16,14997.0,3.81,5.41,4339.0,8233.0,11.01,12572.0
2025-03-06,17,15065.0,4.12,5.47,4742.0,8450.0,11.8,13192.0
2025-03-06,18,14666.0,4.25,5.49,5461.0,9679.0,13.87,15140.0
2025-03-06,19,13074.0,3.99,6.74,5892.0,10486.0,15.87,16378.0
2025-03-06,20,12975.0,3.54,6.64,5934.0,10583.0,16.08,16517.0
2025-03-06,21,13071.0,3.04,6.46,6102.0,11389.0,15.88,17491.0
2025-03-06,22,14130.0,2.49,6.09,6123.0,11538.0,14.86,17661.0
2025-03-06,23,15861.0,2.22,5.17,5472.0,10566.0,12.61,16038.0
2025-03-07,0,15290.0,2.57,5.99,3548.0,6937.0,8.13,10485.0
2025-03-07,1,14704.0,3.16,5.59,3222.0,6473.0,8.19,9694.0
2025-03-07,2,14602.0,3.8,5.76,2973.0,6201.0,8.14,9173.0
2025-03-07,3,14452.0,4.48,5.97,3245.0,6069.0,8.85,9314.0
2025-03-07,4,13298.0,5.12,6.63,3111.0,5485.0,8.85,8597.0
2025-03-07,5,9602.0,5.47,9.02,3051.0,5531.0,9.63,8582.0
2025-03-07,6,11982.0,5.45,8.52,4489.0,7954.0,12.03,12443.0
2025-03-07,7,14819.0,5.33,5.62,6171.0,10685.0,15.48,16856.0
2025-03-07,8,14454.0,4.92,5.43,6453.0,11948.0,16.47,18400.0
2025-03-07,9,14416.0,4.34,5.31,6544.0,12452.0,16.49,18996.0
2025-03-07,10,14689.0,3.74,5.24,6454.0,12592.0,15.79,19046.0
2025-03-07,11,14836.0,3.32,5.22,5439.0,10536.0,13.39,15975.0
2025-03-07,12,14999.0,3.45,5.3,4441.0,8033.0,10.86,12474.0
2025-03-07,13,14751.0,3.8,5.75,4328.0,7758.0,10.83,12086.0
2025-03-07,14,14197.0,4.13,6.48,4128.0,7766.0,10.95,11894.0
2025-03-07,15,13833.0,4.4,7.07,4040.0,8177.0,10.73,12217.0
2025-03-07,16,13383.0,4.56,7.41,4260.0,7963.0,10.7,12223.0
2025-03-07,17,13113.0,4.68,7.32,4570.0,8200.0,11.87,12771.0
2025-03-07,18,12073.0,4.61,8.2,4992.0,8938.0,13.9,13930.0
2025-03-07,19,11103.0,4.15,8.22,5627.0,10199.0,15.57,15826.0
2025-03-07,20,11442.0,3.53,8.07,5556.0,10262.0,15.33,15818.0
2025-03-07,21,13891.0,3.1,6.56,5540.0,10265.0,15.17,15805.0
2025-03-07,22,14694.0,2.89,6.03,5909.0,10346.0,14.58,16255.0
2025-03-07,23,15010.0,2.75,6.15,5437.0,9706.0,12.69,15142.0
2025-03-08,0,13859.0,3.05,7.55,3341.0,6366.0,8.16,9707.0
2025-03-08,1,13718.0,3.58,7.39,3222.0,6137.0,8.12,9359.0
2025-03-08,2,13587.0,4.13,7.61,3178.0,6146.0,8.12,9324.0
2025-03-08,3,13262.0,4.62,7.7,3130.0,6562.0,8.11,9692.0
2025-03-08,4,12653.0,5.06,7.85,3187.0,6545.0,8.44,9732.0
2025-03-08,5,10945.0,5.27,7.51,3401.0,6931.0,9.66,10333.0
2025-03-08,6,11712.0,5.28,7.81,4202.0,8001.0,12.04,12203.0
2025-03-08,7,14320.0,5.1,6.12,5728.0,10357.0,15.22,16084.0
2025-03-08,8,14971.0,4.8,5.49,6428.0,11403.0,16.49,17831.0
2025-03-08,9,14790.0,4.36,5.35,6692.0,12080.0,16.63,18773.0
2025-03-08,10,14843.0,3.82,5.24,6430.0,12010.0,15.85,18440.0
2025-03-08,11,14900.0,3.53,5.2,5443.0,10003.0,12.91,15446.0
2025-03-08,12,14956.0,3.61,5.27,4618.0,8649.0,11.0,13266.0
2025-03-08,13,14087.0,3.77,6.23,4340.0,8275.0,10.99,12615.0
2025-03-08,14,13553.0,3.94,6.82,4237.0,8481.0,10.93,12718.0
2025-03-08,15,13573.0,3.96,7.06,4339.0,9080.0,11.4,13419.0
2025-03-08,16,13919.0,3.95,6.99,4431.0,9125.0,12.5,13556.0
2025-03-08,17,14203.0,3.99,7.18,4607.0,9251.0,13.61,13858.0
2025-03-08,18,14570.0,4.0,7.36,5236.0,9550.0,15.39,14786.0
2025-03-08,19,14367.0,3.82,7.14,5812.0,10670.0,16.43,16482.0
2025-03-08,20,14280.0,3.56,6.95,5796.0,10580.0,16.25,16376.0
2025-03-08,21,13309.0,3.2,6.16,6083.0,10726.0,15.93,16809.0
2025-03-08,22,14017.0,2.78,5.73,6011.0,10559.0,15.07,16570.0
2025-03-08,23,15230.0,2.6,6.5,5446.0,9957.0,13.16,15404.0
2025-03-09,0,14280.0,2.88,6.36,3515.0,6558.0,9.38,10073.0
2025-03-09,1,14048.0,3.43,5.96,3307.0,6206.0,9.67,9513.0
2025-03-09,2,13804.0,3.99,6.1,3130.0,5982.0,9.28,9112.0
2025-03-09,3,13908.0,4.56,6.37,3293.0,6085.0,9.62,9378.0
2025-03-09,4,13335.0,5.12,6.79,3215.0,5781.0,9.86,8996.0
2025-03-09,5,10739.0,5.48,7.57,2948.0,6001.0,10.29,8949.0
2025-03-09,6,10257.0,5.6,8.38,3448.0,6830.0,11.46,10277.0
2025-03-09,7,11509.0,5.4,8.59,4828.0,9191.0,13.55,14019.0
2025-03-09,8,13845.0,5.09,6.32,5638.0,10105.0,15.02,15743.0
2025-03-09,9,14651.0,4.75,5.45,6809.0,11762.0,16.67,18571.0
2025-03-09,10,14861.0,4.15,5.34,6772.0,12376.0,17.6,19148.0
2025-03-09,11,14822.0,3.67,5.26,6300.0,11092.0,16.73,17392.0
2025-03-09,12,14924.0,3.45,5.23,5703.0,10140.0,15.07,15843.0
2025-03-09,13,14979.0,3.37,5.25,5098.0,9671.0,13.74,14769.0
2025-03-09,14,15011.0,3.49,5.31,4574.0,8680.0,12.59,13254.0
2025-03-09,15,13438.0,3.7,6.95,4184.0,7967.0,11.83,12151.0
2025-03-09,16,13117.0,3.82,6.99,4363.0,8283.0,11.8,12646.0
2025-03-09,17,12945.0,3.81,6.88,4574.0,8972.0,12.54,13546.0
2025-03-09,18,12915.0,3.69,6.76,4943.0,9366.0,13.85,14309.0
2025-03-09,19,13051.0,3.52,6.72,5210.0,9407.0,15.04,14617.0
2025-03-09,20,13754.0,3.23,6.0,5770.0,10341.0,16.6,16111.0
2025-03-09,21,15034.0,2.96,5.19,6142.0,11024.0,17.2,17166.0
2025-03-09,22,15647.0,2.69,5.2,6196.0,11079.0,16.36,17276.0
2025-03-09,23,17494.0,2.63,5.66,5822.0,10351.0,14.66,16173.0
2025-03-10,0,13868.0,3.08,7.92,3343.0,6651.0,9.17,9995.0
2025-03-10,1,13116.0,3.49,8.62,3093.0,6506.0,8.97,9598.0
2025-03-10,2,12935.0,3.96,8.79,2866.0,6219.0,8.79,9085.0
2025-03-10,3,12590.0,4.43,9.3,3062.0,6491.0,8.81,9553.0
2025-03-10,4,13292.0,4.79,6.87,3204.0,6747.0,9.57,9951.0
2025-03-10,5,12679.0,5.21,7.12,3202.0,6770.0,10.53,9972.0
2025-03-10,6,12656.0,5.36,7.66,4605.0,8515.0,13.09,13119.0
2025-03-10,7,14406.0,5.15,5.77,6125.0,10687.0,16.08,16813.0
2025-03-10,8,14564.0,4.78,5.43,6356.0,11100.0,16.96,17457.0
2025-03-10,9,14490.0,4.38,5.33,6431.0,11624.0,17.14,18055.0
2025-03-10,10,14696.0,3.84,5.28,6343.0,11888.0,16.08,18231.0
2025-03-10,11,14859.0,3.51,5.24,5270.0,10488.0,13.4,15758.0
2025-03-10,12,14965.0,3.57,5.31,4435.0,8917.0,11.95,13352.0
2025-03-10,13,15099.0,3.76,5.4,4371.0,8818.0,12.13,13188.0
2025-03-10,14,15121.0,3.99,5.5,4308.0,8753.0,12.4,13061.0
2025-03-10,15,15111.0,4.23,5.56,4344.0,8801.0,12.32,13146.0
2025-03-10,16,14004.0,4.38,6.55,4514.0,8833.0,12.46,13347.0
2025-03-10,17,13875.0,4.4,6.46,4871.0,9182.0,13.59,14052.0
2025-03-10,18,13751.0,4.31,6.34,5340.0,9438.0,15.7,14778.0
2025-03-10,19,13688.0,4.05,6.26,5775.0,10287.0,16.73,16062.0
2025-03-10,20,13276.0,3.65,6.33,5878.0,10512.0,17.28,16390.0
2025-03-10,21,13415.0,3.24,6.22,5830.0,10576.0,17.28,16406.0
2025-03-10,22,13947.0,2.85,6.32,5913.0,10500.0,15.86,16413.0
2025-03-10,23,16775.0,2.64,5.68,5327.0,10661.0,14.09,15988.0
2025-03-11,0,14137.0,2.97,5.23,3415.0,6992.0,9.43,10407.0
2025-03-11,1,13713.0,3.42,5.92,3246.0,6671.0,9.37,9917.0
2025-03-11,2,14094.0,3.9,6.25,3176.0,6763.0,9.3,9939.0
2025-03-11,3,14374.0,4.46,6.62,3092.0,6605.0,9.52,9697.0
2025-03-11,4,12897.0,4.96,6.26,3067.0,6262.0,9.78,9330.0
2025-03-11,5,11244.0,5.35,7.06,3188.0,5817.0,10.85,9005.0
2025-03-11,6,12012.0,5.43,7.43,4491.0,8067.0,13.26,12558.0
2025-03-11,7,14747.0,5.22,5.61,6192.0,11236.0,16.62,17428.0
2025-03-11,8,14535.0,4.7,5.43,6663.0,12377.0,18.29,19040.0
2025-03-11,9,14442.0,4.16,5.29,6482.0,11676.0,18.38,18158.0
2025-03-11,10,14622.0,3.66,5.25,6324.0,11631.0,16.77,17955.0
2025-03-11,11,14706.0,3.36,5.24,5328.0,10086.0,13.63,15414.0
2025-03-11,12,14887.0,3.47,5.32,4395.0,8531.0,11.92,12926.0
2025-03-11,13,14910.0,3.7,5.39,4411.0,8846.0,11.79,13256.0
2025-03-11,14,14949.0,3.9,5.45,4424.0,8920.0,11.91,13344.0
2025-03-11,15,14564.0,4.08,6.0,4414.0,8951.0,11.94,13365.0
2025-03-11,16,14023.0,4.18,6.46,4535.0,8910.0,12.3,13444.0
2025-03-11,17,13818.0,4.24,6.4,4979.0,8841.0,13.44,13820.0
2025-03-11,18,13654.0,4.15,6.24,5523.0,9776.0,15.26,15299.0
2025-03-11,19,13633.0,3.87,6.08,5871.0,10352.0,16.64,16223.0
2025-03-11,20,14422.0,3.54,5.35,6036.0,10645.0,16.53,16681.0
2025-03-11,21,14693.0,3.28,5.29,5966.0,10506.0,16.37,16472.0
2025-03-11,22,15064.0,3.02,5.33,5998.0,10972.0,15.42,16970.0
2025-03-11,23,15059.0,2.83,5.67,5402.0,10240.0,13.52,15642.0
2025-03-12,0,13431.0,3.0,6.63,3497.0,7012.0,9.31,10509.0
2025-03-12,1,12774.0,3.39,7.48,3170.0,6532.0,9.22,9702.0
2025-03-12,2,13158.0,3.81,7.21,3147.0,6415.0,9.15,9562.0
2025-03-12,3,13202.0,4.26,7.48,3233.0,6299.0,9.49,9532.0
2025-03-12,4,12320.0,4.73,7.19,3094.0,5629.0,10.15,8722.0
2025-03-12,5,11535.0,5.13,6.91,3242.0,5861.0,10.74,9103.0
2025-03-12,6,12559.0,5.26,6.58,4644.0,8294.0,13.1,12938.0
2025-03-12,7,14039.0,5.02,5.37,6091.0,10781.0,16.17,16872.0
2025-03-12,8,14384.0,4.54,5.34,6670.0,12233.0,17.65,18904.0
2025-03-12,9,14365.0,3.87,5.18,6690.0,13225.0,18.14,19915.0
2025-03-12,10,14568.0,3.21,5.1,6345.0,12005.0,16.54,18350.0
2025-03-12,11,14661.0,2.86,5.07,5451.0,10410.0,13.92,15861.0
2025-03-12,12,14846.0,2.89,5.18,4400.0,8745.0,12.05,13145.0
2025-03-12,13,14940.0,3.13,5.25,4397.0,8694.0,12.24,13092.0
2025-03-12,14,14940.0,3.36,5.31,4404.0,8762.0,12.52,13166.0
2025-03-12,15,14921.0,3.66,5.37,4172.0,7592.0,12.2,11764.0
2025-03-12,16,14744.0,4.08,5.42,4243.0,7486.0,11.4,11729.0
2025-03-12,17,14081.0,4.38,5.86,4859.0,8447.0,12.74,13306.0
2025-03-12,18,11791.0,4.2,7.67,5457.0,9781.0,14.89,15238.0
2025-03-12,19,12029.0,3.7,7.43,5712.0,10498.0,16.07,16210.0
2025-03-12,20,13319.0,3.16,6.25,5959.0,11409.0,16.15,17368.0
2025-03-12,21,13548.0,2.64,6.13,6084.0,11601.0,15.85,17685.0
2025-03-12,22,14151.0,2.15,6.02,6008.0,11143.0,15.12,17151.0
2025-03-12,23,14585.0,1.85,5.86,5570.0,10075.0,13.72,15645.0
2025-03-13,0,13847.0,2.14,4.74,3390.0,5922.0,9.19,9312.0
2025-03-13,1,13826.0,2.71,4.79,3044.0,5538.0,9.0,8582.0
2025-03-13,2,14051.0,3.41,4.98,2872.0,5350.0,8.97,8222.0
2025-03-13,3,14330.0,4.13,5.21,3124.0,5535.0,9.07,8659.0
2025-03-13,4,13984.0,4.83,5.32,3097.0,5368.0,9.61,8465.0
2025-03-13,5,12141.0,5.48,6.63,3065.0,5273.0,10.64,8337.0
2025-03-13,6,10004.0,5.47,8.91,4599.0,8719.0,13.33,13318.0
2025-03-13,7,14505.0,5.02,5.48,6119.0,11669.0,16.27,17788.0
2025-03-13,8,14413.0,4.49,5.33,6482.0,12341.0,17.62,18823.0
2025-03-13,9,14351.0,3.81,5.17,6916.0,13423.0,18.94,20338.0
2025-03-13,10,14674.0,3.21,5.14,6063.0,10838.0,16.64,16901.0
2025-03-13,11,14787.0,3.17,5.07,4993.0,8854.0,13.74,13847.0
2025-03-13,12,14848.0,3.41,5.17,4317.0,7620.0,11.65,11937.0
2025-03-13,13,12558.0,3.65,7.67,4030.0,7365.0,11.34,11395.0
2025-03-13,14,12345.0,3.74,7.91,4028.0,8062.0,11.5,12090.0
2025-03-13,15,12441.0,3.72,7.98,4164.0,8287.0,11.37,12451.0
2025-03-13,16,14226.0,3.79,6.24,4251.0,8361.0,11.71,12611.0
2025-03-13,17,14166.0,4.02,6.07,4594.0,8939.0,13.04,13533.0
2025-03-13,18,13984.0,3.94,6.08,5386.0,10410.0,15.31,15796.0
2025-03-13,19,14352.0,3.63,5.6,5839.0,11320.0,17.02,17159.0
2025-03-13,20,14540.0,3.3,5.27,5834.0,10727.0,17.07,16561.0
2025-03-13,21,14638.0,3.05,5.18,5871.0,10526.0,16.74,16396.0
2025-03-13,22,14694.0,2.86,5.14,5758.0,10059.0,15.45,15816.0
2025-03-13,23,15156.0,2.78,5.34,5288.0,9310.0,13.43,14598.0
2025-03-14,0,12390.0,3.05,7.22,3380.0,6208.0,9.06,9588.0
2025-03-14,1,11700.0,3.38,6.92,3001.0,5920.0,9.1,8921.0
2025-03-14,2,12392.0,3.75,6.61,3051.0,6335.0,8.73,9386.0
2025-03-14,3,13826.0,4.2,5.62,3093.0,6451.0,9.24,9544.0
2025-03-14,4,14412.0,4.81,5.38,3065.0,6226.0,9.39,9291.0
2025-03-14,5,12184.0,5.33,7.0,3287.0,6566.0,10.56,9853.0
2025-03-14,6,13029.0,5.4,7.31,4613.0,8975.0,13.05,13587.0
2025-03-14,7,14476.0,5.22,5.5,5945.0,10625.0,16.09,16570.0
2025-03-14,8,14185.0,4.75,5.32,6646.0,12261.0,17.96,18906.0
2025-03-14,9,14097.0,4.13,5.17,6497.0,11814.0,17.9,18311.0
2025-03-14,10,14082.0,3.65,5.09,6121.0,10876.0,16.37,16997.0
2025-03-14,11,13606.0,3.33,4.96,5300.0,9688.0,13.66,14987.0
2025-03-14,12,13736.0,3.35,4.98,4388.0,8069.0,11.65,12456.0
2025-03-14,13,14448.0,3.52,5.21,4158.0,8587.0,11.57,12745.0
2025-03-14,14,14640.0,3.7,5.32,4262.0,8628.0,11.54,12890.0
2025-03-14,15,14987.0,3.92,5.45,4267.0,8736.0,11.66,13003.0
2025-03-14,16,14699.0,4.16,5.77,4284.0,8580.0,11.82,12864.0
2025-03-14,17,13763.0,4.34,6.39,4609.0,8232.0,12.8,12840.0
2025-03-14,18,13713.0,4.3,6.32,5393.0,9470.0,15.24,14863.0
2025-03-14,19,13767.0,4.05,6.2,5727.0,10286.0,16.4,16014.0
2025-03-14,20,13842.0,3.72,6.06,5816.0,10323.0,16.69,16139.0
2025-03-14,21,13666.0,3.38,6.09,5890.0,10448.0,16.81,16338.0
2025-03-14,22,13902.0,2.99,6.2,5897.0,10483.0,15.46,16379.0
2025-03-14,23,15301.0,2.76,5.16,5462.0,10136.0,13.5,15598.0
2025-03-15,0,13851.0,3.05,6.2,3496.0,6439.0,9.01,9935.0
2025-03-15,1,13165.0,3.47,6.3,3090.0,6292.0,8.42,9382.0
2025-03-15,2,13351.0,3.97,6.94,3007.0,6124.0,8.98,9131.0
2025-03-15,3,12598.0,4.42,7.64,3133.0,6343.0,9.02,9476.0
2025-03-15,4,12211.0,4.79,7.58,3035.0,5810.0,9.55,8845.0
2025-03-15,5,12078.0,5.24,8.74,3083.0,5577.0,10.52,8660.0
2025-03-15,6,11914.0,5.45,8.8,4337.0,7831.0,12.68,12168.0
2025-03-15,7,14657.0,5.21,5.8,6179.0,11366.0,16.12,17545.0
2025-03-15,8,14721.0,4.7,5.46,6732.0,12464.0,17.46,19196.0
2025-03-15,9,14528.0,4.11,5.29,6921.0,12255.0,17.36,19177.0
2025-03-15,10,14604.0,3.54,5.21,6444.0,11370.0,15.73,17814.0
2025-03-15,11,14717.0,3.24,5.19,5536.0,10067.0,13.58,15604.0
2025-03-15,12,14835.0,3.29,5.28,4699.0,8642.0,11.84,13341.0
2025-03-15,13,14820.0,3.51,5.33,4483.0,8349.0,11.51,12832.0
2025-03-15,14,14816.0,3.76,5.39,4451.0,8718.0,11.13,13169.0
2025-03-15,15,14847.0,3.93,5.45,4519.0,8999.0,11.32,13518.0
2025-03-15,16,14688.0,4.09,5.42,4466.0,8992.0,11.67,13458.0
2025-03-15,17,14455.0,4.21,5.36,4837.0,9401.0,12.13,14238.0
2025-03-15,18,14247.0,4.14,5.25,5566.0,9941.0,14.33,15507.0
2025-03-15,19,14300.0,3.91,5.17,5947.0,10639.0,16.49,16587.0
2025-03-15,20,14479.0,3.62,5.36,6024.0,10707.0,16.46,16732.0
2025-03-15,21,14394.0,3.27,5.51,6282.0,10947.0,16.48,17229.0
2025-03-15,22,14983.0,2.96,5.28,6110.0,10417.0,15.35,16528.0
2025-03-15,23,14891.0,2.85,5.22,5453.0,9553.0,13.51,15007.0
2025-03-16,0,14095.0,3.09,5.53,3758.0,6711.0,9.33,10469.0
2025-03-16,1,13957.0,3.59,6.16,3416.0,6375.0,9.35,9791.0
2025-03-16,2,12552.0,4.06,7.6,3353.0,6163.0,9.41,9516.0
2025-03-16,3,12165.0,4.41,8.05,3360.0,6170.0,9.26,9531.0
2025-03-16,4,11753.0,4.75,7.94,3107.0,5709.0,9.88,8815.0
2025-03-16,5,11906.0,5.11,7.2,3023.0,6008.0,10.52,9031.0
2025-03-16,6,12645.0,5.44,8.12,3802.0,7636.0,12.39,11438.0
2025-03-16,7,14800.0,5.41,5.64,5274.0,10397.0,14.75,15671.0
2025-03-16,8,14566.0,5.18,5.56,6063.0,11089.0,16.15,17152.0
2025-03-16,9,14475.0,4.75,5.46,6583.0,11559.0,17.47,18142.0
2025-03-16,10,14491.0,4.24,5.37,6690.0,11599.0,17.43,18289.0
2025-03-16,11,14398.0,3.79,5.38,6351.0,10929.0,16.25,17281.0
2025-03-16,12,14212.0,3.44,5.64,5815.0,10583.0,14.29,16398.0
2025-03-16,13,14232.0,3.24,5.62,5200.0,9745.0,13.14,14946.0
2025-03-16,14,14532.0,3.25,5.47,4694.0,8841.0,12.0,13536.0
2025-03-16,15,14694.0,3.45,5.27,4368.0,8210.0,11.26,12579.0
2025-03-16,16,14536.0,3.73,5.3,4255.0,8195.0,11.28,12451.0
2025-03-16,17,14423.0,3.96,5.28,4577.0,8779.0,12.07,13356.0
2025-03-16,18,14252.0,4.02,5.22,5012.0,9194.0,13.12,14206.0
2025-03-16,19,14283.0,4.03,5.24,5187.0,9444.0,14.36,14631.0
2025-03-16,20,11988.0,3.74,7.42,5806.0,10346.0,15.4,16151.0
2025-03-16,21,12358.0,3.15,7.4,6241.0,11009.0,16.09,17250.0
2025-03-16,22,13116.0,2.54,7.19,6285.0,11100.0,15.9,17385.0
2025-03-16,23,15599.0,2.17,5.35,6089.0,10985.0,14.99,17074.0
2025-03-17,0,14592.0,2.34,4.96,3510.0,6903.0,8.73,10413.0
2025-03-17,1,15966.0,2.96,5.32,3130.0,6633.0,8.71,9763.0
2025-03-17,2,15092.0,3.74,7.17,2955.0,6411.0,8.46,9367.0
2025-03-17,3,14031.0,4.38,6.97,3098.0,6732.0,8.5,9830.0
2025-03-17,4,13579.0,4.83,6.96,3140.0,6817.0,9.54,9957.0
2025-03-17,5,12281.0,5.2,6.51,3196.0,6702.0,10.27,9899.0
2025-03-17,6,12680.0,5.4,6.65,4516.0,8026.0,12.66,12542.0
2025-03-17,7,14418.0,5.19,5.5,6078.0,10754.0,15.87,16832.0
2025-03-17,8,14472.0,4.81,5.42,6386.0,11330.0,17.19,17716.0
2025-03-17,9,14329.0,4.35,5.3,6566.0,11467.0,16.98,18034.0
2025-03-17,10,14538.0,3.89,5.26,6209.0,11312.0,15.97,17521.0
2025-03-17,11,14571.0,3.58,5.21,5345.0,10334.0,13.23,15679.0
2025-03-17,12,14742.0,3.59,5.28,4601.0,9069.0,11.26,13670.0
2025-03-17,13,14745.0,3.76,5.33,4449.0,8823.0,11.24,13272.0
2025-03-17,14,14011.0,3.94,6.03,4173.0,8394.0,11.2,12566.0
2025-03-17,15,13581.0,4.09,6.62,4225.0,8462.0,11.14,12688.0
2025-03-17,16,13036.0,4.13,7.13,4512.0,8867.0,11.45,13379.0
2025-03-17,17,12854.0,4.0,6.91,5011.0,9462.0,12.7,14473.0
2025-03-17,18,13359.0,3.77,6.16,5643.0,9863.0,14.91,15506.0
2025-03-17,19,14171.0,3.44,5.36,5991.0,10714.0,16.37,16705.0
2025-03-17,20,14432.0,3.13,5.02,5894.0,10726.0,16.52,16619.0
2025-03-17,21,14589.0,2.86,4.98,6022.0,10787.0,16.46,16809.0
2025-03-17,22,15046.0,2.59,5.03,5991.0,10616.0,15.32,16607.0
2025-03-17,23,15465.0,2.4,5.11,5523.0,10572.0,12.89,16096.0
2025-03-18,0,15286.0,2.69,5.1,3665.0,7273.0,8.85,10938.0
2025-03-18,1,15288.0,3.28,5.21,3280.0,6760.0,8.54,10039.0
2025-03-18,2,13473.0,3.94,6.91,2914.0,6245.0,8.8,9159.0
2025-03-18,3,12373.0,4.35,7.93,3128.0,6672.0,8.77,9801.0
2025-03-18,4,13759.0,4.72,6.22,3295.0,6872.0,9.54,10167.0
2025-03-18,5,12607.0,5.19,6.18,3170.0,6176.0,10.53,9346.0
2025-03-18,6,12583.0,5.4,7.48,4617.0,8173.0,13.19,12790.0
2025-03-18,7,14417.0,5.19,5.52,6118.0,10806.0,16.43,16924.0
2025-03-18,8,14168.0,4.79,5.33,6382.0,11218.0,17.48,17600.0
2025-03-18,9,14101.0,4.28,5.21,6577.0,11485.0,17.67,18062.0
2025-03-18,10,14280.0,3.73,5.16,6234.0,11794.0,16.81,18028.0
2025-03-18,11,14450.0,3.4,5.14,5274.0,10099.0,13.78,15374.0
2025-03-18,12,14565.0,3.43,5.19,4487.0,8796.0,11.75,13283.0
2025-03-18,13,14521.0,3.62,5.25,4298.0,8579.0,11.5,12877.0
2025-03-18,14,14534.0,3.85,5.33,4229.0,8538.0,12.08,12767.0
2025-03-18,15,14583.0,4.06,5.38,4383.0,8624.0,11.89,13007.0
2025-03-18,16,14411.0,4.24,5.38,4511.0,8701.0,11.8,13212.0
2025-03-18,17,14211.0,4.38,5.35,4837.0,8622.0,12.95,13459.0
2025-03-18,18,13737.0,4.38,5.65,5492.0,9750.0,14.86,15242.0
2025-03-18,19,12545.0,3.99,6.65,5985.0,10534.0,16.67,16519.0
2025-03-18,20,12692.0,3.49,6.47,5927.0,10574.0,16.84,16501.0
2025-03-18,21,12843.0,3.0,6.3,6011.0,10776.0,16.32,16787.0
2025-03-18,22,13319.0,2.44,6.36,6201.0,11510.0,15.52,17711.0
2025-03-18,23,14547.0,2.0,5.12,5613.0,10778.0,13.7,16391.0
2025-03-19,0,15207.0,2.18,5.04,3781.0,7384.0,9.49,11164.0
2025-03-19,1,15119.0,2.7,5.05,3462.0,6884.0,9.59,10346.0
2025-03-19,2,15236.0,3.35,5.21,3153.0,6535.0,9.49,9688.0
2025-03-19,3,14496.0,4.0,5.19,3158.0,6587.0,9.21,9746.0
2025-03-19,4,14744.0,4.63,5.45,3079.0,5995.0,9.96,9074.0
2025-03-19,5,11525.0,5.16,7.75,3047.0,6039.0,10.91,9086.0
2025-03-19,6,13866.0,5.33,6.71,4806.0,8875.0,13.78,13681.0
2025-03-19,7,14486.0,5.15,5.48,6235.0,10878.0,16.79,17113.0
2025-03-19,8,14159.0,4.73,5.3,6462.0,11285.0,17.51,17748.0
2025-03-19,9,14017.0,4.23,5.15,6522.0,11671.0,17.15,18192.0
2025-03-19,10,14251.0,3.67,5.07,6293.0,11757.0,16.25,18050.0
2025-03-19,11,14289.0,3.3,5.02,5401.0,10331.0,13.65,15732.0
2025-03-19,12,14516.0,3.3,5.09,4586.0,8841.0,11.57,13428.0
2025-03-19,13,14496.0,3.44,5.13,4369.0,8589.0,11.55,12958.0
2025-03-19,14,14554.0,3.68,5.21,4153.0,8258.0,11.14,12411.0
2025-03-19,15,14626.0,3.91,5.3,4397.0,8657.0,11.11,13054.0
2025-03-19,16,14524.0,4.1,5.32,4602.0,8514.0,11.27,13116.0
2025-03-19,17,14332.0,4.29,5.3,4829.0,8427.0,12.3,13255.0
2025-03-19,18,14174.0,4.32,5.26,5498.0,9695.0,14.47,15192.0
2025-03-19,19,14029.0,4.07,5.34,5933.0,10407.0,15.69,16340.0
2025-03-19,20,12635.0,3.7,6.54,5753.0,10235.0,15.75,15988.0
2025-03-19,21,12817.0,3.24,6.4,5858.0,10937.0,15.38,16795.0
2025-03-19,22,14034.0,2.72,5.5,6197.0,11294.0,14.75,17491.0
2025-03-19,23,14745.0,2.37,5.09,5626.0,10693.0,13.44,16320.0
2025-03-20,0,14869.0,2.57,5.14,3664.0,7155.0,8.67,10820.0
2025-03-20,1,15059.0,3.1,5.21,3507.0,6974.0,8.62,10481.0
2025-03-20,2,15317.0,3.76,5.3,3227.0,6563.0,8.24,9790.0
2025-03-20,3,15391.0,4.47,5.49,3422.0,6344.0,9.22,9766.0
2025-03-20,4,13599.0,5.11,6.04,3333.0,6164.0,9.48,9497.0
2025-03-20,5,8955.0,5.33,9.25,3142.0,5869.0,10.1,9010.0
2025-03-20,6,9566.0,5.21,9.38,4300.0,7966.0,12.88,12266.0
2025-03-20,7,14531.0,4.81,5.39,5896.0,11507.0,16.32,17403.0
2025-03-20,8,14386.0,4.33,5.22,6227.0,12153.0,17.49,18380.0
2025-03-20,9,14276.0,3.79,5.09,6210.0,12304.0,17.43,18514.0
2025-03-20,10,14463.0,3.26,5.02,5964.0,11643.0,15.91,17606.0
2025-03-20,11,14547.0,2.99,4.99,5145.0,10278.0,13.48,15424.0
2025-03-20,12,14652.0,3.03,5.05,4204.0,8659.0,11.89,12863.0
2025-03-20,13,14712.0,3.26,5.15,4131.0,8447.0,11.67,12577.0
2025-03-20,14,14736.0,3.5,5.22,4104.0,8492.0,11.97,12596.0
2025-03-20,15,14685.0,3.78,5.33,4002.0,7805.0,11.88,11807.0
2025-03-20,16,12966.0,4.05,6.78,4113.0,7698.0,11.63,11811.0
2025-03-20,17,12592.0,4.12,6.79,4553.0,8282.0,12.69,12835.0
2025-03-20,18,12540.0,3.95,6.65,5126.0,9544.0,14.89,14670.0
2025-03-20,19,12714.0,3.61,6.52,5285.0,9886.0,16.09,15171.0
2025-03-20,20,12822.0,3.22,6.37,5327.0,10772.0,15.86,16099.0
2025-03-20,21,13040.0,2.75,6.25,5406.0,11007.0,15.89,16413.0
2025-03-20,22,14130.0,2.35,5.67,5480.0,10970.0,15.19,16451.0
2025-03-20,23,13681.0,2.06,5.43,5062.0,10465.0,13.55,15527.0
2025-03-21,0,14050.0,2.11,4.76,3380.0,7056.0,8.92,10436.0
2025-03-21,1,15212.0,2.74,5.06,3000.0,6010.0,8.9,9010.0
2025-03-21,2,15288.0,3.58,5.25,2778.0,5715.0,8.81,8493.0
2025-03-21,3,14641.0,4.37,5.31,2918.0,5833.0,8.66,8751.0
2025-03-21,4,13048.0,5.04,6.98,3029.0,5789.0,9.2,8818.0
2025-03-21,5,10888.0,5.37,7.53,3005.0,6081.0,9.76,9086.0
2025-03-21,6,11917.0,5.43,7.61,4399.0,8733.0,12.48,13132.0
2025-03-21,7,14458.0,5.14,5.47,5861.0,11246.0,15.9,17106.0
2025-03-21,8,14236.0,4.75,5.32,6108.0,11282.0,17.15,17389.0
2025-03-21,9,14201.0,4.34,5.21,6206.0,11415.0,17.04,17621.0
2025-03-21,10,14303.0,3.86,5.12,6029.0,11563.0,16.46,17592.0
2025-03-21,11,14361.0,3.6,5.1,4945.0,9411.0,13.61,14355.0
2025-03-21,12,13206.0,3.72,6.46,4116.0,7912.0,11.27,12029.0
2025-03-21,13,12071.0,3.76,7.62,4119.0,7938.0,11.32,12057.0
2025-03-21,14,12194.0,3.73,7.69,4110.0,8490.0,11.06,12600.0
2025-03-21,15,13933.0,3.77,6.25,4090.0,8581.0,11.15,12671.0
2025-03-21,16,13888.0,3.91,6.19,4361.0,8879.0,11.42,13240.0
2025-03-21,17,14370.0,3.97,5.36,4733.0,9396.0,12.87,14129.0
2025-03-21,18,14328.0,3.92,5.19,5224.0,9918.0,14.93,15142.0
2025-03-21,19,14136.0,3.78,5.24,5527.0,10192.0,16.55,15719.0
2025-03-21,20,14157.0,3.55,5.24,5628.0,10470.0,16.57,16098.0
2025-03-21,21,14262.0,3.3,5.2,5659.0,10543.0,16.77,16202.0
2025-03-21,22,14579.0,3.05,5.21,5772.0,10753.0,16.21,16525.0
2025-03-21,23,14702.0,2.91,8.98,5116.0,9818.0,13.81,14934.0
2025-03-22,0,12874.0,3.11,9.4,3242.0,6530.0,9.28,9772.0
2025-03-22,1,11847.0,3.44,8.46,3039.0,6469.0,9.4,9508.0
2025-03-22,2,12890.0,3.79,5.77,2993.0,6384.0,9.13,9377.0
2025-03-22,3,13922.0,4.25,5.28,3084.0,7041.0,9.4,10125.0
2025-03-22,4,14353.0,4.74,5.86,3086.0,6748.0,10.09,9834.0
2025-03-22,5,13075.0,5.29,7.09,3238.0,6627.0,11.04,9865.0
2025-03-22,6,11966.0,5.48,8.24,4083.0,7767.0,13.34,11850.0
2025-03-22,7,14725.0,5.38,5.59,5676.0,10498.0,16.18,16173.0
2025-03-22,8,14437.0,5.03,5.44,6302.0,11642.0,17.4,17945.0
2025-03-22,9,14349.0,4.51,5.3,6513.0,11883.0,17.47,18396.0
2025-03-22,10,14580.0,4.02,5.26,6137.0,11341.0,16.33,17478.0
2025-03-22,11,14594.0,3.76,5.24,5250.0,10028.0,13.67,15278.0
2025-03-22,12,14666.0,3.82,5.3,4587.0,8745.0,12.01,13332.0
2025-03-22,13,14742.0,4.0,5.37,4461.0,8511.0,12.26,12972.0
2025-03-22,14,14689.0,4.24,5.48,4360.0,8380.0,12.36,12740.0
2025-03-22,15,13764.0,4.42,6.46,4410.0,8499.0,12.33,12909.0
2025-03-22,16,13667.0,4.48,6.43,4415.0,8928.0,11.94,13343.0
2025-03-22,17,13534.0,4.45,6.34,4815.0,9639.0,12.9,14453.0
2025-03-22,18,13469.0,4.19,6.19,5531.0,11053.0,15.66,16584.0
2025-03-22,19,13192.0,3.76,5.87,5805.0,10838.0,17.02,16643.0
2025-03-22,20,13853.0,3.33,5.91,5879.0,11128.0,17.01,17007.0
2025-03-22,21,14159.0,2.91,5.89,5928.0,11136.0,16.9,17063.0
2025-03-22,22,14606.0,2.61,5.93,5745.0,10580.0,15.53,16325.0
2025-03-22,23,16227.0,2.51,5.29,5196.0,10045.0,13.58,15241.0
2025-03-23,0,13885.0,2.94,8.32,3465.0,6733.0,9.43,10198.0
2025-03-23,1,14067.0,3.36,5.98,3334.0,6577.0,9.3,9911.0
2025-03-23,2,13855.0,3.87,6.09,3328.0,6717.0,9.39,10044.0
2025-03-23,3,14868.0,4.39,6.74,3328.0,6788.0,9.68,10117.0
2025-03-23,4,13342.0,4.97,7.12,3192.0,6479.0,10.19,9672.0
2025-03-23,5,10818.0,5.28,8.3,3150.0,6182.0,10.83,9332.0
2025-03-23,6,11282.0,5.4,8.81,3565.0,7199.0,11.75,10764.0
2025-03-23,7,12619.0,5.34,7.97,4755.0,8993.0,13.83,13748.0
2025-03-23,8,12700.0,5.02,7.54,5779.0,11055.0,15.83,16834.0
2025-03-23,9,14287.0,4.4,5.64,6276.0,12134.0,17.32,18410.0
2025-03-23,10,14722.0,3.93,5.32,6356.0,11608.0,17.31,17964.0
2025-03-23,11,14784.0,3.53,5.27,6138.0,11083.0,16.38,17221.0
2025-03-23,12,14800.0,3.29,5.24,5443.0,9961.0,15.17,15404.0
2025-03-23,13,14785.0,3.31,5.27,4752.0,8713.0,13.56,13466.0
2025-03-23,14,14808.0,3.54,5.35,4351.0,8347.0,12.53,12698.0
2025-03-23,15,14855.0,3.76,5.42,4256.0,8516.0,12.23,12772.0
2025-03-23,16,14605.0,4.04,5.55,4161.0,8313.0,12.16,12475.0
2025-03-23,17,11967.0,4.09,7.8,4326.0,8784.0,12.79,13110.0
2025-03-23,18,13537.0,3.95,5.95,4686.0,9466.0,14.01,14151.0
2025-03-23,19,14479.0,3.85,5.23,5135.0,10505.0,15.44,15639.0
2025-03-23,20,14531.0,3.62,5.17,5528.0,10813.0,16.75,16341.0
2025-03-23,21,14832.0,3.34,5.15,5920.0,11079.0,17.46,16998.0
2025-03-23,22,15257.0,3.03,5.17,5916.0,11135.0,16.81,17052.0
2025-03-23,23,15993.0,2.87,5.34,5356.0,10292.0,15.32,15648.0
2025-03-24,0,13117.0,3.19,7.92,3180.0,6317.0,9.25,9497.0
2025-03-24,1,12152.0,3.52,8.8,3094.0,6380.0,9.15,9474.0
2025-03-24,2,13641.0,3.98,7.69,2789.0,6282.0,9.19,9071.0
2025-03-24,3,13053.0,4.48,8.84,2863.0,6559.0,9.18,9422.0
2025-03-24,4,13344.0,4.88,6.73,3187.0,6824.0,9.84,10011.0
2025-03-24,5,12047.0,5.25,6.62,3251.0,6686.0,10.8,9938.0
2025-03-24,6,13457.0,5.38,6.89,4436.0,8975.0,13.04,13411.0
2025-03-24,7,14466.0,5.2,5.5,5848.0,10956.0,16.35,16804.0
2025-03-24,8,14183.0,4.8,5.34,6217.0,11411.0,17.65,17628.0
2025-03-24,9,14066.0,4.35,5.23,6065.0,11348.0,17.45,17413.0
2025-03-24,10,14116.0,3.9,5.17,6040.0,11160.0,16.44,17200.0
2025-03-24,11,14125.0,3.59,5.15,5251.0,10212.0,14.1,15463.0
2025-03-24,12,14219.0,3.55,5.21,4368.0,8988.0,12.21,13356.0
2025-03-24,13,14225.0,3.67,5.26,4345.0,9061.0,11.87,13406.0
2025-03-24,14,14324.0,3.78,5.31,4299.0,8889.0,11.96,13188.0
2025-03-24,15,14380.0,3.92,5.36,4340.0,8967.0,11.94,13307.0
2025-03-24,16,14409.0,4.06,5.35,4421.0,8981.0,12.03,13401.0
2025-03-24,17,14116.0,4.11,5.27,4910.0,9693.0,13.2,14603.0
2025-03-24,18,13994.0,3.93,5.14,5521.0,10903.0,15.32,16424.0
2025-03-24,19,14102.0,3.62,5.05,5692.0,10636.0,16.66,16328.0
2025-03-24,20,14161.0,3.34,4.99,5622.0,10622.0,16.42,16243.0
2025-03-24,21,14236.0,3.07,4.94,5663.0,10638.0,16.14,16301.0
2025-03-24,22,14748.0,2.84,5.01,5646.0,10247.0,15.76,15893.0
2025-03-24,23,15070.0,2.73,5.05,5121.0,10161.0,13.98,15282.0
2025-03-25,0,13958.0,2.96,4.85,3453.0,7121.0,9.45,10574.0
2025-03-25,1,15569.0,3.49,5.32,3243.0,7066.0,9.22,10309.0
2025-03-25,2,13727.0,4.11,7.46,2888.0,6487.0,8.94,9376.0
2025-03-25,3,12821.0,4.6,7.92,2923.0,6498.0,8.72,9421.0
2025-03-25,4,12357.0,4.94,7.76,3251.0,7175.0,9.47,10426.0
2025-03-25,5,11419.0,5.1,7.2,3323.0,7334.0,10.68,10658.0
2025-03-25,6,11946.0,5.12,7.54,4489.0,8656.0,13.63,13144.0
2025-03-25,7,12546.0,4.69,7.37,5976.0,10937.0,16.7,16913.0
2025-03-25,8,14545.0,4.2,5.29,6203.0,11389.0,17.47,17592.0
2025-03-25,9,14363.0,3.8,5.19,6118.0,11263.0,17.68,17380.0
2025-03-25,10,14637.0,3.41,5.19,5965.0,11296.0,16.45,17260.0
2025-03-25,11,14712.0,3.12,5.18,5241.0,10491.0,14.59,15732.0
2025-03-25,12,14821.0,3.16,5.24,4377.0,9037.0,12.87,13414.0
2025-03-25,13,14869.0,3.38,5.32,4196.0,8653.0,12.29,12849.0
2025-03-25,14,14870.0,3.62,5.41,4184.0,8880.0,11.89,13064.0
2025-03-25,15,14377.0,3.84,6.05,4227.0,8895.0,12.02,13122.0
2025-03-25,16,13532.0,3.92,6.71,4376.0,8866.0,12.54,13242.0
2025-03-25,17,13314.0,3.89,6.54,4870.0,9522.0,13.85,14393.0
2025-03-25,18,13562.0,3.69,6.05,5427.0,10002.0,15.48,15428.0
2025-03-25,19,14116.0,3.45,5.5,5614.0,10391.0,16.97,16004.0
2025-03-25,20,14562.0,3.25,5.06,5556.0,10202.0,16.77,15758.0
2025-03-25,21,14586.0,3.07,5.03,5643.0,10561.0,17.04,16204.0
2025-03-25,22,15149.0,2.89,5.1,5698.0,10524.0,16.17,16222.0
2025-03-25,23,14626.0,2.78,4.98,5311.0,10720.0,14.65,16032.0
2025-03-26,0,13124.0,2.76,4.66,3427.0,7218.0,9.86,10645.0
2025-03-26,1,14603.0,3.19,5.03,3343.0,7061.0,10.37,10404.0
2025-03-26,2,15202.0,3.77,5.31,3064.0,6709.0,10.45,9773.0
2025-03-26,3,14903.0,4.44,5.41,2965.0,6519.0,10.34,9484.0
2025-03-26,4,12873.0,4.98,7.07,3212.0,6518.0,11.28,9730.0
2025-03-26,5,11975.0,5.33,7.33,3268.0,5815.0,12.07,9083.0
2025-03-26,6,11479.0,5.45,7.63,4568.0,8408.0,14.59,12976.0
2025-03-26,7,14454.0,5.15,5.51,5960.0,10874.0,17.47,16834.0
2025-03-26,8,14342.0,4.77,5.39,6203.0,11311.0,18.12,17514.0
2025-03-26,9,14082.0,4.34,5.25,6154.0,11289.0,18.19,17443.0
2025-03-26,10,14379.0,3.81,5.22,6153.0,12533.0,17.31,18686.0
2025-03-26,11,14468.0,3.37,5.18,5301.0,10856.0,15.34,16156.0
2025-03-26,12,14692.0,3.4,5.25,4306.0,8801.0,12.87,13107.0
2025-03-26,13,14780.0,3.62,5.35,4159.0,8622.0,12.65,12782.0
2025-03-26,14,14756.0,3.87,5.46,4193.0,8613.0,12.78,12806.0
2025-03-26,15,14546.0,4.12,5.49,4190.0,8630.0,12.91,12821.0
2025-03-26,16,14654.0,4.33,5.46,4234.0,8675.0,12.95,12910.0
2025-03-26,17,13637.0,4.46,6.08,4786.0,9090.0,14.13,13875.0
2025-03-26,18,13209.0,4.32,6.11,5351.0,9799.0,16.41,15151.0
2025-03-26,19,13266.0,4.01,5.98,5555.0,10234.0,17.78,15790.0
2025-03-26,20,13343.0,3.67,5.85,5631.0,10440.0,17.72,16071.0
2025-03-26,21,13328.0,3.27,5.69,5821.0,10787.0,17.26,16608.0
2025-03-26,22,13586.0,2.85,5.63,5792.0,10995.0,16.16,16787.0
2025-03-26,23,14519.0,2.48,4.94,5365.0,10864.0,14.77,16230.0
2025-03-27,0,14677.0,2.62,4.96,3581.0,7322.0,10.31,10903.0
2025-03-27,1,14450.0,3.13,4.98,3389.0,7075.0,9.64,10465.0
2025-03-27,2,13907.0,3.61,4.98,3337.0,7025.0,9.61,10362.0
2025-03-27,3,14707.0,4.08,5.29,3219.0,6811.0,10.16,10030.0
2025-03-27,4,14074.0,4.76,5.32,3074.0,5636.0,10.39,8710.0
2025-03-27,5,11588.0,5.31,7.36,3257.0,5707.0,11.56,8965.0
2025-03-27,6,12204.0,5.45,8.02,4540.0,8208.0,14.12,12748.0
2025-03-27,7,14266.0,5.19,5.48,6029.0,10988.0,17.8,17017.0
2025-03-27,8,14040.0,4.76,5.32,6213.0,11238.0,18.17,17451.0
2025-03-27,9,13967.0,4.31,5.21,6084.0,11416.0,18.15,17501.0
2025-03-27,10,14135.0,3.8,5.15,5930.0,11704.0,16.68,17634.0
2025-03-27,11,14180.0,3.46,5.12,5189.0,10177.0,13.78,15366.0
2025-03-27,12,14230.0,3.49,5.16,4221.0,8620.0,12.27,12841.0
2025-03-27,13,14395.0,3.66,5.31,4259.0,8668.0,11.73,12927.0
2025-03-27,14,14653.0,3.87,5.48,4160.0,8648.0,11.37,12808.0
2025-03-27,15,14950.0,4.11,5.61,4142.0,8687.0,12.02,12829.0
2025-03-27,16,14978.0,4.37,5.55,4317.0,8914.0,12.54,13231.0
2025-03-27,17,14620.0,4.47,5.45,4828.0,10077.0,13.83,14905.0
2025-03-27,18,13892.0,4.36,5.91,5322.0,10269.0,15.93,15591.0
2025-03-27,19,13178.0,4.07,6.52,5485.0,10259.0,16.66,15744.0
2025-03-27,20,12895.0,3.68,6.69,5627.0,10555.0,16.64,16182.0
2025-03-27,21,12993.0,3.25,6.52,5543.0,10534.0,16.59,16077.0
2025-03-27,22,13394.0,2.87,6.59,5621.0,10507.0,15.7,16128.0
2025-03-27,23,14390.0,2.57,5.73,5160.0,10442.0,13.6,15602.0
2025-03-28,0,13898.0,2.74,4.78,3468.0,7290.0,9.6,10758.0
2025-03-28,1,14493.0,3.22,5.02,3116.0,6738.0,9.62,9853.0
2025-03-28,2,14683.0,3.85,5.19,3039.0,6545.0,9.45,9584.0
2025-03-28,3,14528.0,4.49,6.5,2967.0,6532.0,9.4,9500.0
2025-03-28,4,13182.0,5.08,6.77,2979.0,6182.0,9.81,9161.0
2025-03-28,5,8579.0,5.32,9.33,2992.0,5632.0,10.86,8625.0
2025-03-28,6,10436.0,5.15,8.71,4577.0,8351.0,14.16,12929.0
2025-03-28,7,14513.0,4.84,5.43,5888.0,10849.0,17.19,16737.0
2025-03-28,8,14226.0,4.48,5.26,6045.0,11153.0,17.82,17197.0
2025-03-28,9,13926.0,4.06,5.14,6113.0,11098.0,18.18,17211.0
2025-03-28,10,14105.0,3.67,5.08,5772.0,10632.0,16.91,16404.0
2025-03-28,11,14121.0,3.44,5.1,5046.0,9775.0,14.45,14821.0
2025-03-28,12,14205.0,3.45,5.18,4360.0,8814.0,12.44,13173.0
2025-03-28,13,14097.0,3.62,5.44,4155.0,8462.0,11.97,12617.0
2025-03-28,14,13437.0,3.79,6.27,3987.0,8146.0,12.28,12133.0
2025-03-28,15,11962.0,3.88,7.94,4029.0,8154.0,11.87,12183.0
2025-03-28,16,12177.0,3.77,6.82,4203.0,8680.0,11.88,12882.0
2025-03-28,17,12836.0,3.68,5.59,4577.0,9247.0,13.02,13824.0
2025-03-28,18,13447.0,3.46,4.94,5354.0,10869.0,15.62,16222.0
2025-03-28,19,14216.0,3.08,4.99,5520.0,11225.0,16.32,16745.0
2025-03-28,20,14588.0,2.89,4.99,5295.0,10228.0,16.56,15523.0
2025-03-28,21,14618.0,2.75,4.97,5407.0,10295.0,16.97,15701.0
2025-03-28,22,15062.0,2.59,5.03,5724.0,11032.0,16.85,16756.0
2025-03-28,23,15218.0,2.43,5.06,5108.0,10110.0,14.08,15218.0
2025-03-29,0,14523.0,2.71,4.94,3469.0,6967.0,9.58,10436.0
2025-03-29,1,14030.0,3.24,5.98,3199.0,6534.0,9.94,9733.0
2025-03-29,2,13156.0,3.71,7.18,2981.0,5978.0,9.24,8959.0
2025-03-29,3,14581.0,4.35,5.88,3005.0,6366.0,9.0,9370.0
2025-03-29,4,13676.0,4.88,5.91,3284.0,6634.0,9.87,9918.0
2025-03-29,5,13009.0,5.3,5.83,3160.0,6520.0,11.08,9681.0
2025-03-29,6,11519.0,5.47,7.45,4352.0,8211.0,13.85,12563.0
2025-03-29,7,14240.0,5.22,5.61,5867.0,10679.0,16.41,16546.0
2025-03-29,8,14308.0,4.8,5.44,6325.0,11722.0,17.88,18048.0
2025-03-29,9,14320.0,4.29,5.32,6400.0,11885.0,18.21,18285.0
2025-03-29,10,14482.0,3.78,5.24,6235.0,11498.0,17.11,17734.0
2025-03-29,11,14411.0,3.47,5.2,5380.0,9985.0,14.15,15365.0
2025-03-29,12,14382.0,3.52,5.38,4532.0,8348.0,12.2,12880.0
2025-03-29,13,10998.0,3.51,8.52,4429.0,8263.0,11.75,12692.0
2025-03-29,14,10663.0,3.26,8.91,4335.0,8120.0,11.96,12455.0
2025-03-29,15,12907.0,3.07,6.87,4364.0,8732.0,12.34,13096.0
2025-03-29,16,14544.0,3.12,5.2,4443.0,9530.0,12.46,13973.0
2025-03-29,17,14346.0,3.15,5.09,4793.0,10300.0,13.6,15093.0
2025-03-29,18,14380.0,2.92,5.01,5533.0,11498.0,15.57,17031.0
2025-03-29,19,14562.0,2.61,4.96,5733.0,10984.0,16.77,16716.0
2025-03-29,20,14548.0,2.28,4.92,5790.0,11498.0,16.85,17288.0
2025-03-29,21,14767.0,1.92,4.96,6058.0,11355.0,17.05,17413.0
2025-03-29,22,15507.0,1.64,5.11,5869.0,10841.0,16.21,16710.0
2025-03-29,23,15856.0,1.56,5.18,5272.0,10095.0,13.64,15367.0
2025-03-30,0,15082.0,1.86,5.01,3720.0,7243.0,9.56,10963.0
2025-03-30,1,15325.0,2.47,5.08,3458.0,6477.0,10.12,9935.0
2025-03-30,2,15295.0,3.18,5.21,3221.0,6267.0,10.47,9488.0
2025-03-30,3,15542.0,3.92,5.44,3317.0,6414.0,10.24,9730.0
2025-03-30,4,14947.0,4.62,5.5,3322.0,6490.0,10.37,9811.0
2025-03-30,5,13049.0,5.18,6.8,3278.0,6432.0,10.88,9710.0
2025-03-30,6,12073.0,5.43,8.51,3904.0,7403.0,12.45,11307.0
2025-03-30,7,13149.0,5.31,7.32,5220.0,9586.0,15.14,14806.0
2025-03-30,8,14222.0,5.05,6.0,5828.0,10833.0,16.52,16661.0
2025-03-30,9,14469.0,4.68,5.44,6206.0,11477.0,17.17,17683.0
2025-03-30,10,14503.0,4.24,5.33,6280.0,11411.0,17.12,17691.0
2025-03-30,11,14536.0,3.8,5.26,6037.0,11839.0,16.33,17876.0
2025-03-30,12,14643.0,3.42,5.23,5600.0,10970.0,14.61,16570.0
2025-03-30,13,14650.0,3.32,5.16,4833.0,9614.0,13.02,14448.0
2025-03-30,14,14560.0,3.44,5.14,4394.0,8764.0,12.08,13158.0
2025-03-30,15,14603.0,3.66,5.19,4193.0,8342.0,11.64,12535.0
2025-03-30,16,14495.0,3.94,5.25,4050.0,7725.0,11.79,11775.0
2025-03-30,17,14236.0,4.31,5.43,4103.0,7843.0,12.23,11947.0
2025-03-30,18,13310.0,4.38,6.17,4818.0,9520.0,14.05,14339.0
2025-03-30,19,13353.0,4.14,6.07,5275.0,10255.0,15.54,15530.0
2025-03-30,20,13490.0,3.89,6.0,5344.0,9964.0,15.73,15308.0
2025-03-30,21,13829.0,3.59,6.03,5665.0,11045.0,15.47,16711.0
2025-03-30,22,14347.0,3.22,6.09,5505.0,11145.0,14.47,16650.0
2025-03-30,23,15065.0,3.02,6.36,5065.0,10499.0,13.37,15564.0
2025-03-31,0,14088.0,3.23,8.12,3495.0,7412.0,9.5,10907.0
2025-03-31,1,13707.0,3.61,7.46,3136.0,6815.0,9.31,9951.0
2025-03-31,2,13500.0,4.12,7.91,2930.0,6433.0,9.15,9363.0
2025-03-31,3,12752.0,4.63,8.7,2841.0,5768.0,9.23,8609.0
2025-03-31,4,11704.0,5.09,8.77,2827.0,5512.0,9.74,8339.0
2025-03-31,5,10543.0,5.44,8.5,2990.0,5533.0,10.99,8523.0
2025-03-31,6,11692.0,5.47,7.45,4447.0,8294.0,13.57,12740.0
2025-03-31,7,14424.0,5.23,5.51,5847.0,10907.0,16.87,16754.0
2025-03-31,8,14370.0,4.87,5.42,6015.0,11458.0,17.46,17473.0
2025-03-31,9,14376.0,4.37,5.3,6166.0,12540.0,17.51,18706.0
2025-03-31,10,14738.0,3.84,5.28,5922.0,12069.0,16.53,17992.0
2025-03-31,11,14838.0,3.51,5.23,5233.0,10769.0,13.92,16002.0
2025-03-31,12,14896.0,3.56,5.28,4305.0,8948.0,11.62,13253.0
2025-03-31,13,14579.0,3.79,5.74,4089.0,8674.0,11.7,12762.0
2025-03-31,14,12662.0,3.94,7.55,4005.0,8225.0,11.37,12231.0
2025-03-31,15,12190.0,3.98,7.96,4038.0,7545.0,11.89,11584.0
2025-03-31,16,12278.0,4.07,7.99,4168.0,7768.0,12.34,11937.0
2025-03-31,17,12107.0,4.03,7.82,4464.0,8488.0,13.69,12952.0
2025-03-31,18,12173.0,3.77,7.64,5202.0,10414.0,15.7,15616.0
2025-03-31,19,12878.0,3.22,6.79,5560.0,11566.0,16.97,17125.0
2025-03-31,20,14568.0,2.8,5.18,5420.0,11345.0,16.45,16766.0
2025-03-31,21,14826.0,2.5,4.95,5639.0,11708.0,16.65,17347.0
2025-03-31,22,15255.0,2.19,5.03,5693.0,11559.0,15.87,17251.0
2025-03-31,23,18025.0,2.13,5.76,5246.0,10725.0,14.2,15972.0
2025-04-01,0,15237.0,2.69,6.3,3280.0,6484.0,9.34,9764.0
2025-04-01,1,15054.0,3.37,6.45,3131.0,6367.0,9.61,9498.0
2025-04-01,2,14376.0,4.06,7.38,3045.0,6198.0,9.7,9243.0
2025-04-01,3,12437.0,4.62,9.12,2853.0,5696.0,9.23,8549.0
2025-04-01,4,11325.0,5.06,8.36,2870.0,5518.0,9.59,8388.0
2025-04-01,5,10146.0,5.36,8.02,2857.0,5488.0,10.38,8345.0
2025-04-01,6,13468.0,5.46,6.91,4555.0,9349.0,13.11,13904.0
2025-04-01,7,14567.0,5.24,5.55,5803.0,11653.0,15.95,17457.0
2025-04-01,8,14403.0,4.74,5.38,6155.0,12252.0,17.04,18406.0
2025-04-01,9,14313.0,4.18,5.23,6306.0,12444.0,17.12,18750.0
2025-04-01,10,14474.0,3.62,5.2,6091.0,11816.0,16.74,17907.0
2025-04-01,11,14584.0,3.35,5.18,5062.0,9825.0,14.18,14887.0
2025-04-01,12,14717.0,3.49,5.26,4186.0,8212.0,12.47,12399.0
2025-04-01,13,14702.0,3.76,5.39,4157.0,8104.0,12.56,12261.0
2025-04-01,14,13556.0,4.01,6.7,3970.0,8241.0,12.66,12212.0
2025-04-01,15,13341.0,4.12,6.79,4017.0,8427.0,12.45,12444.0
2025-04-01,16,13254.0,4.18,6.71,4244.0,8820.0,12.57,13064.0
2025-04-01,17,13075.0,4.1,6.54,4662.0,9549.0,13.26,14211.0
2025-04-01,18,13106.0,3.87,6.25,5090.0,10443.0,15.23,15534.0
2025-04-01,19,14067.0,3.42,5.2,5716.0,12153.0,16.89,17869.0
2025-04-01,20,14188.0,2.9,5.02,5634.0,11621.0,17.09,17255.0
2025-04-01,21,14343.0,2.62,4.89,5461.0,10422.0,16.75,15883.0
2025-04-01,22,16294.0,2.4,5.31,5790.0,11226.0,16.48,17016.0
2025-04-01,23,16522.0,2.39,5.36,5193.0,10235.0,14.35,15428.0
2025-04-02,0,15000.0,2.81,5.07,3208.0,6418.0,9.22,9627.0
2025-04-02,1,13809.0,3.39,4.91,3109.0,6486.0,9.07,9595.0
2025-04-02,2,13983.0,3.93,5.07,2915.0,6516.0,8.86,9431.0
2025-04-02,3,14663.0,4.52,5.39,2888.0,6457.0,9.21,9345.0
2025-04-02,4,13713.0,5.17,6.12,3018.0,6422.0,9.79,9440.0
2025-04-02,5,11217.0,5.5,7.9,3158.0,6548.0,10.73,9706.0
2025-04-02,6,12048.0,5.5,7.02,4525.0,8976.0,13.08,13501.0
2025-04-02,7,14254.0,5.2,5.47,5964.0,10964.0,16.49,16928.0
2025-04-02,8,14083.0,4.77,5.34,6229.0,11314.0,17.75,17543.0
2025-04-02,9,14083.0,4.32,5.25,6170.0,11210.0,17.72,17380.0
2025-04-02,10,14349.0,3.94,5.26,5882.0,10554.0,16.58,16436.0
2025-04-02,11,14221.0,3.72,5.41,5030.0,9849.0,14.78,14879.0
2025-04-02,12,12708.0,3.72,7.17,4142.0,8594.0,12.95,12736.0
2025-04-02,13,12624.0,3.66,7.34,4165.0,9026.0,13.08,13191.0
2025-04-02,14,12964.0,3.6,7.15,4153.0,9060.0,12.8,13213.0
2025-04-02,15,13513.0,3.67,6.77,3914.0,8229.0,12.46,12143.0
2025-04-02,16,13415.0,3.78,6.76,4256.0,8975.0,12.55,13230.0
2025-04-02,17,13246.0,3.71,6.59,4733.0,9587.0,13.53,14320.0
2025-04-02,18,13205.0,3.57,6.47,5142.0,9484.0,14.79,14626.0
2025-04-02,19,12806.0,3.28,7.0,5578.0,10230.0,16.03,15808.0
2025-04-02,20,12817.0,2.84,6.9,5650.0,10508.0,16.28,16158.0
2025-04-02,21,13031.0,2.45,6.83,5561.0,10230.0,16.39,15790.0
2025-04-02,22,13763.0,2.07,6.49,5711.0,10822.0,15.41,16533.0
2025-04-02,23,15328.0,1.83,5.08,5204.0,10386.0,13.57,15590.0
2025-04-03,0,14286.0,2.13,4.84,3347.0,6956.0,9.21,10303.0
2025-04-03,1,14006.0,2.61,4.8,3234.0,6785.0,9.08,10018.0
2025-04-03,2,14269.0,3.15,4.97,3089.0,6604.0,9.2,9693.0
2025-04-03,3,14964.0,3.78,5.26,2983.0,6414.0,8.84,9397.0
2025-04-03,4,14856.0,4.53,5.43,3068.0,5857.0,9.31,8925.0
2025-04-03,5,12722.0,5.23,6.89,3082.0,5399.0,9.83,8481.0
2025-04-03,6,11433.0,5.43,8.75,4363.0,8017.0,12.9,12380.0
2025-04-03,7,13797.0,5.14,6.09,5820.0,10569.0,16.32,16389.0
2025-04-03,8,13979.0,4.74,5.52,6194.0,11159.0,17.32,17353.0
2025-04-03,9,13786.0,4.26,5.38,6145.0,11620.0,17.47,17765.0
2025-04-03,10,14012.0,3.71,5.32,5975.0,11575.0,16.16,17550.0
2025-04-03,11,14111.0,3.38,5.29,5033.0,10165.0,13.28,15198.0
2025-04-03,12,14343.0,3.41,5.25,4167.0,8817.0,11.53,12984.0
2025-04-03,13,14418.0,3.59,5.31,4103.0,8533.0,11.21,12635.0
2025-04-03,14,14454.0,3.85,5.43,3954.0,8454.0,12.14,12408.0
2025-04-03,15,14614.0,4.1,5.49,3966.0,8842.0,11.94,12808.0
2025-04-03,16,14504.0,4.3,5.44,4368.0,9051.0,12.35,13419.0
2025-04-03,17,14313.0,4.44,5.4,4683.0,8817.0,13.61,13501.0
2025-04-03,18,14030.0,4.48,5.47,5184.0,9548.0,15.74,14732.0
2025-04-03,19,13351.0,4.21,6.1,5640.0,10405.0,17.24,16045.0
2025-04-03,20,13335.0,3.89,6.16,5494.0,10376.0,17.02,15870.0
2025-04-03,21,11133.0,3.38,8.47,5650.0,10510.0,17.08,16159.0
2025-04-03,22,11546.0,2.77,8.48,5589.0,10759.0,15.76,16348.0
2025-04-03,23,13169.0,2.19,6.82,5181.0,10703.0,14.4,15884.0
2025-04-04,0,14148.0,2.32,4.79,3394.0,7095.0,9.15,10489.0
2025-04-04,1,14306.0,2.82,4.89,3114.0,6623.0,9.16,9737.0
2025-04-04,2,14684.0,3.39,5.11,3196.0,6783.0,9.03,9980.0
2025-04-04,3,14870.0,4.01,5.27,3025.0,6452.0,9.15,9477.0
2025-04-04,4,14082.0,4.68,5.29,2867.0,5581.0,9.48,8448.0
2025-04-04,5,12033.0,5.27,6.97,3110.0,5818.0,10.49,8928.0
2025-04-04,6,12456.0,5.44,7.98,4465.0,8213.0,13.02,12678.0
2025-04-04,7,14648.0,5.27,5.58,5862.0,10676.0,16.13,16538.0
2025-04-04,8,14402.0,4.9,5.47,6199.0,11809.0,16.92,18008.0
2025-04-04,9,14291.0,4.37,5.34,6181.0,12214.0,17.22,18395.0
2025-04-04,10,14498.0,3.89,5.3,5937.0,11039.0,16.18,16977.0
2025-04-04,11,14473.0,3.72,5.28,5016.0,9369.0,13.43,14384.0
2025-04-04,12,11995.0,3.79,7.92,4134.0,7657.0,11.34,11791.0
2025-04-04,13,11366.0,3.73,8.49,4090.0,7631.0,11.27,11722.0
2025-04-04,14,11469.0,3.71,8.66,3967.0,7487.0,11.51,11454.0
2025-04-04,15,11548.0,3.69,8.7,4081.0,7994.0,11.09,12075.0
2025-04-04,16,14501.0,3.73,5.74,4181.0,8502.0,10.86,12683.0
2025-04-04,17,14644.0,3.89,5.31,4718.0,9878.0,12.16,14596.0
2025-04-04,18,14444.0,3.79,5.2,5298.0,10542.0,14.69,15840.0
2025-04-04,19,14470.0,3.61,5.13,5588.0,10215.0,15.82,15803.0
2025-04-04,20,13220.0,3.4,6.55,5472.0,10212.0,15.9,15684.0
2025-04-04,21,11736.0,2.91,8.0,5600.0,10451.0,15.96,16052.0
2025-04-04,22,12087.0,2.37,8.05,5606.0,10334.0,14.94,15939.0
2025-04-04,23,15011.0,2.07,5.27,5128.0,9931.0,13.17,15058.0
2025-04-05,0,14079.0,2.41,4.81,3289.0,6280.0,8.53,9569.0
2025-04-05,1,14392.0,3.0,4.96,3154.0,6030.0,8.8,9184.0
2025-04-05,2,14604.0,3.72,5.16,2995.0,5796.0,8.64,8791.0
2025-04-05,3,13371.0,4.38,6.42,3103.0,6024.0,8.61,9127.0
2025-04-05,4,12297.0,4.84,6.93,3116.0,5721.0,8.92,8837.0
2025-04-05,5,11635.0,5.26,7.49,3169.0,5594.0,9.79,8763.0
2025-04-05,6,13361.0,5.43,6.94,4560.0,8956.0,12.84,13516.0
2025-04-05,7,14686.0,5.18,5.57,6093.0,11871.0,15.97,17965.0
2025-04-05,8,14316.0,4.75,5.38,6190.0,11263.0,16.72,17454.0
2025-04-05,9,14265.0,4.3,5.28,6270.0,11556.0,16.56,17826.0
2025-04-05,10,14652.0,3.86,5.29,6124.0,11267.0,15.44,17391.0
2025-04-05,11,14780.0,3.61,5.3,5308.0,9996.0,13.39,15304.0
2025-04-05,12,14285.0,3.7,5.98,4325.0,8248.0,10.73,12573.0
2025-04-05,13,13794.0,3.89,6.57,4217.0,8138.0,10.96,12355.0
2025-04-05,14,13641.0,3.99,6.89,4155.0,8735.0,10.91,12890.0
2025-04-05,15,13333.0,4.05,7.26,4148.0,8710.0,11.09,12858.0
2025-04-05,16,13414.0,4.03,6.9,4401.0,9070.0,11.18,13471.0
2025-04-05,17,13293.0,3.99,6.73,4601.0,8848.0,12.34,13450.0
2025-04-05,18,13214.0,3.91,6.59,5184.0,9388.0,14.53,14571.0
2025-04-05,19,13432.0,3.58,6.51,5518.0,10840.0,16.42,16358.0
2025-04-05,20,13561.0,3.17,6.38,5625.0,10991.0,16.37,16616.0
2025-04-05,21,14977.0,2.82,5.31,5864.0,10688.0,16.6,16552.0
2025-04-05,22,14477.0,2.61,6.43,5758.0,10439.0,15.39,16197.0
2025-04-05,23,13891.0,2.34,6.7,5198.0,10083.0,13.89,15281.0
2025-04-06,0,13287.0,2.46,5.55,3429.0,6462.0,9.44,9891.0
2025-04-06,1,13606.0,2.92,4.92,3282.0,6182.0,9.77,9463.0
2025-04-06,2,13714.0,3.47,4.93,3054.0,5842.0,9.48,8895.0
2025-04-06,3,14320.0,4.06,5.2,3014.0,6361.0,9.4,9375.0
2025-04-06,4,14615.0,4.71,5.44,3088.0,6355.0,9.8,9443.0
2025-04-06,5,13536.0,5.28,5.41,3187.0,6369.0,10.66,9557.0
2025-04-06,6,11377.0,5.52,7.5,3953.0,7372.0,12.59,11326.0
2025-04-06,7,14699.0,5.52,5.68,5279.0,9638.0,14.95,14918.0
2025-04-06,8,14458.0,5.34,5.66,5933.0,10844.0,16.23,16777.0
2025-04-06,9,14287.0,4.96,5.76,6190.0,11337.0,16.74,17527.0
2025-04-06,10,14083.0,4.5,6.18,6289.0,11383.0,16.51,17673.0
2025-04-06,11,13246.0,4.0,7.07,5972.0,10831.0,15.82,16804.0
2025-04-06,12,13407.0,3.59,7.12,5493.0,10622.0,14.32,16114.0
2025-04-06,13,13514.0,3.33,7.09,4848.0,9538.0,13.02,14386.0
2025-04-06,14,13608.0,3.3,7.16,4400.0,8659.0,11.95,13059.0
2025-04-06,15,14321.0,3.45,6.53,4179.0,8245.0,11.34,12424.0
2025-04-06,16,13375.0,3.63,7.15,4198.0,8346.0,11.36,12543.0
2025-04-06,17,13177.0,3.69,6.97,4530.0,8962.0,12.25,13492.0
2025-04-06,18,13178.0,3.6,6.87,4970.0,9310.0,13.8,14280.0
2025-04-06,19,12841.0,3.43,7.28,5143.0,9584.0,15.07,14727.0
2025-04-06,20,11796.0,3.04,8.19,5396.0,10052.0,15.4,15448.0
2025-04-06,21,12185.0,2.55,8.24,5519.0,10435.0,15.57,15954.0
2025-04-06,22,14929.0,2.17,6.09,5473.0,10831.0,14.52,16304.0
2025-04-06,23,16213.0,2.15,5.28,4977.0,10206.0,12.98,15183.0
2025-04-07,0,16869.0,2.65,5.5,3510.0,7588.0,9.14,11097.0
2025-04-07,1,16034.0,3.32,5.41,3324.0,7216.0,8.95,10539.0
2025-04-07,2,14734.0,4.02,7.28,3220.0,7123.0,9.12,10343.0
2025-04-07,3,13387.0,4.37,7.35,3245.0,7151.0,9.41,10395.0
2025-04-07,4,13385.0,4.85,7.56,3134.0,6720.0,9.6,9854.0
2025-04-07,5,11972.0,5.23,6.94,3202.0,6102.0,10.58,9304.0
2025-04-07,6,11539.0,5.47,8.97,4076.0,7465.0,12.52,11542.0
2025-04-07,7,12689.0,5.22,7.16,5286.0,9606.0,14.74,14892.0
2025-04-07,8,13790.0,4.94,5.92,5779.0,10598.0,16.14,16377.0
2025-04-07,9,14239.0,4.54,5.36,6112.0,11135.0,16.79,17247.0
2025-04-07,10,14539.0,4.16,5.34,6018.0,11205.0,16.67,17223.0
2025-04-07,11,14968.0,3.81,5.32,5944.0,11566.0,15.55,17510.0
2025-04-07,12,15241.0,3.5,5.37,5519.0,11448.0,14.31,16966.0
2025-04-07,13,15388.0,3.4,5.4,4917.0,10365.0,12.59,15282.0
2025-04-07,14,15292.0,3.51,5.46,4488.0,8999.0,11.46,13486.0
2025-04-07,15,14936.0,3.79,6.15,4168.0,8355.0,11.04,12523.0
2025-04-07,16,13950.0,4.05,6.96,4226.0,7851.0,10.91,12077.0
2025-04-07,17,13092.0,4.25,7.57,4319.0,7972.0,11.7,12291.0
2025-04-07,18,12829.0,4.23,7.76,4998.0,9228.0,13.26,14226.0
2025-04-07,19,12932.0,3.97,7.65,5329.0,9889.0,14.93,15218.0
2025-04-07,20,12993.0,3.65,7.5,5536.0,10231.0,15.1,15767.0
2025-04-07,21,13214.0,3.26,7.39,5588.0,10869.0,14.97,16456.0
2025-04-07,22,13648.0,2.82,7.47,5499.0,11273.0,14.08,16772.0
2025-04-07,23,14423.0,2.5,7.04,5050.0,10521.0,12.92,15570.0
2025-04-08,0,15424.0,2.79,5.61,3394.0,7251.0,8.8,10644.0
2025-04-08,1,14993.0,3.36,5.44,3238.0,6903.0,8.52,10141.0
2025-04-08,2,14259.0,3.94,6.34,3119.0,6696.0,8.45,9815.0
2025-04-08,3,13340.0,4.49,7.37,2988.0,5948.0,8.3,8937.0
2025-04-08,4,12421.0,4.98,8.59,2940.0,5649.0,8.89,8589.0
2025-04-08,5,10781.0,5.37,7.48,3013.0,5485.0,9.75,8498.0
2025-04-08,6,12332.0,5.52,6.81,4376.0,8028.0,12.67,12404.0
2025-04-08,7,14324.0,5.35,5.54,5801.0,10721.0,16.16,16522.0
2025-04-08,8,14714.0,5.02,5.55,6013.0,11044.0,16.75,17057.0
2025-04-08,9,14616.0,4.64,5.46,6194.0,12048.0,16.74,18242.0
2025-04-08,10,14734.0,4.16,5.42,5973.0,11748.0,15.54,17721.0
2025-04-08,11,15187.0,3.9,5.38,5365.0,10895.0,13.09,16260.0
2025-04-08,12,15424.0,3.93,5.48,4415.0,9274.0,11.1,13689.0
2025-04-08,13,15386.0,4.19,5.57,4273.0,9230.0,10.53,13504.0
2025-04-08,14,15360.0,4.36,5.63,4388.0,9679.0,11.2,14067.0
2025-04-08,15,15452.0,4.54,5.76,4300.0,9145.0,12.12,13445.0
2025-04-08,16,14573.0,4.86,6.49,4350.0,8068.0,12.28,12418.0
2025-04-08,17,13276.0,4.97,7.45,4755.0,8823.0,13.22,13578.0
2025-04-08,18,13248.0,4.81,7.35,5357.0,10078.0,15.46,15435.0
2025-04-08,19,13312.0,4.45,7.17,5627.0,10597.0,17.01,16224.0
2025-04-08,20,13384.0,4.03,6.99,5699.0,11559.0,16.71,17259.0
2025-04-08,21,13275.0,3.51,6.61,5853.0,11549.0,16.51,17402.0
2025-04-08,22,13519.0,3.01,6.51,5736.0,11069.0,15.11,16805.0
2025-04-08,23,14456.0,2.64,5.74,5311.0,10860.0,13.28,16170.0
2025-04-09,0,13930.0,2.77,4.76,3559.0,7081.0,8.72,10640.0
2025-04-09,1,14857.0,3.29,5.13,3284.0,6478.0,8.36,9762.0
2025-04-09,2,15162.0,3.96,5.54,3294.0,6479.0,8.59,9773.0
2025-04-09,3,14060.0,4.61,6.44,3079.0,6160.0,8.41,9239.0
2025-04-09,4,11374.0,5.05,8.63,3025.0,5647.0,8.92,8672.0
2025-04-09,5,10416.0,5.32,8.12,3204.0,5859.0,9.76,9064.0
2025-04-09,6,13356.0,5.38,6.64,4741.0,9109.0,12.65,13850.0
2025-04-09,7,15025.0,5.08,5.55,6270.0,12419.0,16.0,18689.0
2025-04-09,8,15105.0,4.56,5.44,6421.0,12769.0,17.09,19190.0
2025-04-09,9,15096.0,4.02,5.36,6441.0,12620.0,17.04,19061.0
2025-04-09,10,15247.0,3.56,5.31,6083.0,11816.0,15.93,17900.0
2025-04-09,11,15361.0,3.4,5.34,5144.0,9585.0,13.78,14728.0
2025-04-09,12,15560.0,3.63,5.47,4406.0,8263.0,11.54,12669.0
2025-04-09,13,13798.0,3.91,7.34,4136.0,7901.0,11.2,12037.0
2025-04-09,14,13889.0,4.08,7.59,4181.0,8494.0,11.28,12675.0
2025-04-09,15,13960.0,4.16,7.65,4248.0,9177.0,11.58,13425.0
2025-04-09,16,13814.0,4.18,7.48,4378.0,9032.0,11.68,13410.0
2025-04-09,17,13776.0,4.16,7.37,4897.0,9513.0,13.05,14410.0
2025-04-09,18,13828.0,3.92,7.22,5592.0,11101.0,15.75,16693.0
2025-04-09,19,13917.0,3.45,7.01,5830.0,11806.0,17.59,17635.0
2025-04-09,20,15427.0,3.07,5.4,5832.0,11083.0,17.04,16915.0
2025-04-09,21,15557.0,2.92,5.35,5654.0,10557.0,16.18,16210.0
2025-04-09,22,16032.0,2.81,5.46,5864.0,10601.0,15.47,16465.0
2025-04-09,23,15624.0,2.75,5.95,5392.0,10114.0,14.02,15505.0
2025-04-10,0,14266.0,3.01,5.95,3368.0,6551.0,8.97,9918.0
2025-04-10,1,14738.0,3.56,6.25,3348.0,6809.0,9.34,10157.0
2025-04-10,2,13907.0,4.08,7.23,3079.0,6680.0,9.37,9759.0
2025-04-10,3,14219.0,4.6,7.8,3106.0,6840.0,9.23,9946.0
2025-04-10,4,13016.0,5.04,7.24,3176.0,6566.0,9.91,9742.0
2025-04-10,5,11465.0,5.39,7.33,3051.0,6246.0,10.63,9297.0
2025-04-10,6,12148.0,5.37,7.23,4485.0,8829.0,13.49,13314.0
2025-04-10,7,15009.0,5.23,5.56,5818.0,10614.0,16.94,16432.0
2025-04-10,8,14588.0,4.98,6.43,6006.0,10952.0,17.75,16958.0
2025-04-10,9,13752.0,4.61,7.07,6085.0,11025.0,17.45,17110.0
2025-04-10,10,13650.0,4.16,7.24,5896.0,10662.0,16.39,16558.0
2025-04-10,11,13809.0,3.86,7.34,5122.0,10163.0,13.25,15285.0
2025-04-10,12,13494.0,3.76,8.05,4494.0,9012.0,11.43,13506.0
2025-04-10,13,12808.0,3.74,8.63,4292.0,8791.0,11.87,13083.0
2025-04-10,14,12143.0,3.62,8.85,4313.0,9328.0,11.55,13641.0
2025-04-10,15,14638.0,3.55,6.66,4298.0,9466.0,11.98,13764.0
2025-04-10,16,14935.0,3.7,6.5,4333.0,9226.0,12.14,13559.0
2025-04-10,17,15313.0,3.85,5.7,4794.0,9607.0,12.91,14402.0
2025-04-10,18,15282.0,3.94,5.4,5190.0,9805.0,14.96,14995.0
2025-04-10,19,15048.0,3.88,5.48,5621.0,10449.0,15.68,16070.0
2025-04-10,20,14928.0,3.72,5.42,5619.0,10470.0,16.07,16089.0
2025-04-10,21,13493.0,3.47,6.76,5777.0,10494.0,16.08,16271.0
2025-04-10,22,14801.0,3.16,6.13,5809.0,10660.0,15.13,16469.0
2025-04-10,23,14586.0,2.99,8.35,5265.0,10489.0,13.09,15754.0
2025-04-11,0,13296.0,3.08,9.55,3515.0,7257.0,8.79,10773.0
2025-04-11,1,12498.0,3.34,8.84,3343.0,6969.0,8.88,10311.0
2025-04-11,2,14003.0,3.75,7.56,3105.0,6588.0,8.5,9693.0
2025-04-11,3,13525.0,4.26,6.72,3079.0,6659.0,8.74,9739.0
2025-04-11,4,13783.0,4.74,6.33,3109.0,6612.0,9.43,9721.0
2025-04-11,5,12297.0,5.19,6.52,3087.0,6132.0,10.19,9219.0
2025-04-11,6,12406.0,5.44,7.97,4384.0,8002.0,12.64,12386.0
2025-04-11,7,15309.0,5.31,5.68,5709.0,10575.0,15.93,16284.0
2025-04-11,8,15260.0,5.13,5.61,5888.0,11439.0,16.87,17327.0
2025-04-11,9,15215.0,4.8,5.49,6117.0,11577.0,16.98,17694.0
2025-04-11,10,15454.0,4.54,5.49,5883.0,10904.0,15.55,16787.0
2025-04-11,11,15618.0,4.43,5.56,5218.0,9893.0,12.91,15111.0
2025-04-11,12,14720.0,4.64,6.71,4462.0,8479.0,11.37,12941.0
2025-04-11,13,12879.0,4.74,8.52,4290.0,8630.0,11.17,12921.0
2025-04-11,14,12868.0,4.76,8.58,4167.0,8595.0,10.96,12761.0
2025-04-11,15,12958.0,4.69,8.72,4307.0,9277.0,11.0,13584.0
2025-04-11,16,13092.0,4.59,8.82,4415.0,9178.0,10.96,13593.0
2025-04-11,17,12977.0,4.48,8.64,4815.0,9661.0,12.19,14476.0
2025-04-11,18,11808.0,4.22,7.47,5117.0,9547.0,14.05,14664.0
2025-04-11,19,11829.0,3.76,6.91,5551.0,10408.0,15.56,15959.0
2025-04-11,20,13601.0,3.29,5.66,5506.0,10407.0,15.72,15913.0
2025-04-11,21,14060.0,3.11,5.8,5318.0,9990.0,15.46,15308.0
2025-04-11,22,14339.0,2.96,5.84,5383.0,9868.0,14.38,15251.0
2025-04-11,23,14654.0,2.88,5.97,4878.0,9410.0,12.72,14288.0
2025-04-12,0,13844.0,3.2,7.05,3399.0,6232.0,8.71,9632.0
2025-04-12,1,13391.0,3.7,7.57,3235.0,6015.0,8.63,9250.0
2025-04-12,2,13028.0,4.2,7.82,3043.0,5738.0,9.2,8781.0
2025-04-12,3,12581.0,4.69,8.39,2921.0,5877.0,9.41,8799.0
2025-04-12,4,11581.0,5.08,8.22,3202.0,6053.0,10.02,9255.0
2025-04-12,5,11180.0,5.28,7.84,3433.0,6340.0,10.92,9773.0
2025-04-12,6,12582.0,5.29,6.19,4643.0,9291.0,14.22,13935.0
2025-04-12,7,13454.0,4.96,5.26,5798.0,11076.0,16.81,16874.0
2025-04-12,8,14261.0,4.45,5.29,6261.0,12039.0,17.5,18300.0
2025-04-12,9,14592.0,3.9,5.26,6470.0,12412.0,17.84,18883.0
2025-04-12,10,15127.0,3.41,5.29,6136.0,11738.0,16.45,17874.0
2025-04-12,11,15237.0,3.2,5.31,5268.0,10133.0,13.85,15401.0
2025-04-12,12,15153.0,3.37,5.42,4486.0,8455.0,12.13,12942.0
2025-04-12,13,14202.0,3.59,6.21,4390.0,8289.0,12.14,12679.0
2025-04-12,14,14104.0,3.8,6.32,4195.0,8291.0,11.65,12486.0
2025-04-12,15,13934.0,3.94,6.29,4190.0,9087.0,11.24,13278.0
2025-04-12,16,14552.0,4.02,5.52,4248.0,9468.0,11.26,13716.0
2025-04-12,17,14494.0,4.03,5.46,4756.0,10538.0,12.9,15294.0
2025-04-12,18,14543.0,3.9,5.4,5331.0,10481.0,14.71,15812.0
2025-04-12,19,14841.0,3.69,5.39,5625.0,11060.0,15.77,16686.0
2025-04-12,20,14819.0,3.47,5.82,5588.0,11028.0,15.33,16617.0
2025-04-12,21,15601.0,3.22,7.18,5831.0,11278.0,15.41,17109.0
2025-04-12,22,16015.0,3.08,7.4,5821.0,11050.0,14.47,16871.0
2025-04-12,23,15647.0,2.99,7.91,5366.0,10147.0,12.75,15513.0
2025-04-13,0,13631.0,3.29,7.29,3106.0,6099.0,7.46,9205.0
2025-04-13,1,13188.0,3.87,7.61,2932.0,5844.0,7.28,8776.0
2025-04-13,2,11806.0,4.33,8.88,2782.0,5714.0,7.32,8496.0
2025-04-13,3,11742.0,4.72,9.1,2710.0,6037.0,7.79,8746.0
2025-04-13,4,11487.0,5.05,9.0,2942.0,6482.0,8.21,9424.0
2025-04-13,5,11564.0,5.18,7.69,3367.0,7486.0,9.24,10853.0
2025-04-13,6,13064.0,5.23,5.97,4076.0,9170.0,10.9,13246.0
2025-04-13,7,14448.0,5.13,5.44,5081.0,10499.0,13.56,15580.0
2025-04-13,8,14475.0,4.87,5.41,5817.0,11668.0,15.87,17485.0
2025-04-13,9,14888.0,4.39,5.42,6156.0,12495.0,16.52,18651.0
2025-04-13,10,15102.0,3.99,5.37,5952.0,11260.0,15.79,17212.0
2025-04-13,11,15085.0,3.76,5.35,5552.0,10550.0,14.61,16101.0
2025-04-13,12,15129.0,3.72,5.39,4904.0,9276.0,12.73,14180.0
2025-04-13,13,14651.0,3.96,6.22,4211.0,8053.0,11.02,12264.0
2025-04-13,14,12444.0,4.15,8.13,3839.0,7772.0,10.31,11612.0
2025-04-13,15,12435.0,4.24,8.21,3657.0,7778.0,9.93,11435.0
2025-04-13,16,11583.0,4.29,8.67,3786.0,8064.0,10.05,11850.0
2025-04-13,17,11433.0,4.15,8.4,4057.0,9070.0,11.0,13127.0
2025-04-13,18,11619.0,3.83,8.34,4562.0,10207.0,12.3,14769.0
2025-04-13,19,12025.0,3.32,8.36,5080.0,10923.0,13.96,16003.0
2025-04-13,20,12185.0,2.85,7.71,5173.0,10082.0,14.51,15255.0
2025-04-13,21,13893.0,2.55,6.06,5334.0,10279.0,14.57,15613.0
2025-04-13,22,14291.0,2.29,5.65,5461.0,10357.0,14.11,15817.0
2025-04-13,23,14815.0,2.14,5.84,5176.0,9897.0,12.95,15073.0
2025-04-14,0,14045.0,2.46,5.56,2927.0,6023.0,7.55,8950.0
2025-04-14,1,13842.0,3.01,5.13,2900.0,6300.0,7.58,9200.0
2025-04-14,2,13650.0,3.59,4.86,2801.0,6077.0,7.55,8878.0
2025-04-14,3,14104.0,4.18,5.08,2876.0,6253.0,8.0,9129.0
2025-04-14,4,14111.0,4.77,5.24,3016.0,6535.0,8.49,9551.0
2025-04-14,5,13472.0,5.2,5.22,3320.0,7394.0,9.3,10714.0
2025-04-14,6,13920.0,5.45,5.41,4020.0,8265.0,11.19,12285.0
2025-04-14,7,11081.0,5.28,8.38,4828.0,9787.0,13.38,14615.0
2025-04-14,8,14415.0,4.97,5.4,5542.0,10824.0,15.42,16366.0
2025-04-14,9,14315.0,4.67,5.33,5785.0,11193.0,15.68,16979.0
2025-04-14,10,14521.0,4.33,5.27,5801.0,11123.0,15.54,16924.0
2025-04-14,11,14605.0,4.03,5.21,5586.0,11097.0,14.49,16683.0
2025-04-14,12,14707.0,3.82,5.26,5017.0,10256.0,12.94,15273.0
2025-04-14,13,13099.0,3.76,6.74,4393.0,9024.0,11.6,13417.0
2025-04-14,14,12252.0,3.71,7.52,4109.0,8377.0,10.59,12486.0
2025-04-14,15,11497.0,3.67,8.16,3841.0,8003.0,10.12,11844.0
2025-04-14,16,11424.0,3.61,8.08,3806.0,7906.0,10.03,11712.0
2025-04-14,17,13385.0,3.57,6.26,4157.0,8901.0,10.78,13058.0
2025-04-14,18,14593.0,3.7,5.16,4571.0,9407.0,12.19,13978.0
2025-04-14,19,14722.0,3.68,5.14,5075.0,10050.0,14.13,15125.0
2025-04-14,20,14864.0,3.61,5.14,5347.0,10322.0,15.11,15669.0
2025-04-14,21,14891.0,3.48,5.12,5562.0,10607.0,16.0,16170.0
2025-04-14,22,14910.0,3.32,5.51,5544.0,10485.0,14.74,16028.0
2025-04-14,23,12907.0,3.05,7.92,5167.0,10616.0,13.06,15783.0
2025-04-15,0,12025.0,3.03,8.12,3060.0,6663.0,7.99,9723.0
2025-04-15,1,11548.0,3.28,7.76,3014.0,6469.0,8.0,9484.0
2025-04-15,2,13044.0,3.62,6.26,2802.0,6146.0,8.73,8948.0
2025-04-15,3,14572.0,4.26,5.22,2730.0,6012.0,8.71,8742.0
2025-04-15,4,13761.0,4.91,6.37,2870.0,6362.0,8.81,9233.0
2025-04-15,5,12255.0,5.31,6.85,3326.0,7021.0,9.51,10347.0
2025-04-15,6,12047.0,5.47,8.0,3740.0,7748.0,10.98,11487.0
2025-04-15,7,11863.0,5.32,8.03,4871.0,9719.0,13.5,14590.0
2025-04-15,8,14444.0,4.95,5.4,5845.0,11312.0,15.76,17157.0
2025-04-15,9,14351.0,4.53,5.3,6099.0,11685.0,16.61,17784.0
2025-04-15,10,14571.0,4.09,5.26,6064.0,11643.0,17.1,17707.0
2025-04-15,11,14525.0,3.67,5.16,5822.0,11754.0,15.88,17576.0
2025-04-15,12,14557.0,3.39,5.1,5176.0,10455.0,14.1,15631.0
2025-04-15,13,15516.0,3.38,5.37,4593.0,9376.0,12.76,13969.0
2025-04-15,14,15866.0,3.7,5.59,4258.0,8592.0,12.19,12850.0
2025-04-15,15,14552.0,4.1,7.02,4008.0,8359.0,11.62,12366.0
2025-04-15,16,12960.0,4.24,8.45,3976.0,8254.0,11.17,12231.0
2025-04-15,17,12827.0,4.35,8.49,3981.0,7850.0,11.66,11831.0
2025-04-15,18,12515.0,4.33,8.2,4460.0,9186.0,13.06,13646.0
2025-04-15,19,12594.0,4.07,8.12,4975.0,10167.0,14.76,15142.0
2025-04-15,20,12583.0,3.73,7.86,5251.0,10124.0,15.27,15374.0
2025-04-15,21,12445.0,3.32,7.49,5452.0,10365.0,15.74,15817.0
2025-04-15,22,13082.0,2.9,7.65,5488.0,10699.0,14.93,16187.0
2025-04-15,23,16235.0,2.7,5.24,5234.0,10598.0,13.68,15832.0
2025-04-16,0,14331.0,3.02,6.28,3210.0,6918.0,8.71,10128.0
2025-04-16,1,13468.0,3.52,6.71,2983.0,6520.0,8.6,9504.0
2025-04-16,2,13277.0,4.02,7.02,2817.0,6218.0,8.62,9035.0
2025-04-16,3,12250.0,4.51,7.92,2666.0,5999.0,8.31,8666.0
2025-04-16,4,11954.0,4.92,8.0,2948.0,6058.0,8.36,9006.0
2025-04-16,5,11151.0,5.2,8.03,3080.0,6411.0,9.31,9491.0
2025-04-16,6,12644.0,5.35,7.96,3921.0,8116.0,11.52,12037.0
2025-04-16,7,13151.0,5.27,7.24,4991.0,9967.0,13.71,14958.0
2025-04-16,8,13516.0,4.94,6.31,5676.0,11164.0,15.89,16840.0
2025-04-16,9,13969.0,4.46,5.48,6086.0,11778.0,16.66,17864.0
2025-04-16,10,14405.0,3.91,5.24,6176.0,12585.0,16.43,18761.0
2025-04-16,11,14513.0,3.44,5.06,5711.0,11604.0,15.14,17315.0
2025-04-16,12,14602.0,3.21,5.03,5055.0,10260.0,13.39,15315.0
2025-04-16,13,14320.0,3.21,5.01,4478.0,9158.0,11.81,13636.0
2025-04-16,14,13568.0,3.26,5.04,4209.0,8577.0,10.92,12786.0
2025-04-16,15,14484.0,3.46,5.3,3927.0,7548.0,10.83,11475.0
2025-04-16,16,14149.0,3.88,5.56,3711.0,7114.0,10.8,10825.0
2025-04-16,17,14651.0,4.32,5.76,3990.0,7747.0,11.86,11737.0
2025-04-16,18,13993.0,4.49,6.33,4678.0,9647.0,13.7,14325.0
2025-04-16,19,14139.0,4.29,6.29,5399.0,11345.0,15.37,16743.0
2025-04-16,20,14479.0,3.88,6.27,5718.0,11898.0,16.28,17616.0
2025-04-16,21,14936.0,3.5,6.32,5827.0,11973.0,16.3,17799.0
2025-04-16,22,15526.0,3.17,6.46,5711.0,11735.0,15.25,17446.0
2025-04-16,23,14606.0,2.97,7.68,5257.0,10812.0,13.82,16069.0
2025-04-17,0,13712.0,3.13,7.22,3200.0,6328.0,9.33,9528.0
2025-04-17,1,13900.0,3.68,7.46,3074.0,6075.0,9.12,9149.0
2025-04-17,2,12227.0,4.2,9.17,2900.0,5848.0,8.53,8748.0
2025-04-17,3,11926.0,4.61,9.18,2984.0,5885.0,8.67,8870.0
2025-04-17,4,11880.0,4.98,9.3,2816.0,5985.0,8.72,8801.0
2025-04-17,5,11553.0,5.26,8.89,3230.0,7250.0,9.95,10480.0
2025-04-17,6,14761.0,5.33,7.18,4618.0,10350.0,13.15,14968.0
2025-04-17,7,15959.0,5.07,5.76,6108.0,12888.0,16.5,18997.0
2025-04-17,8,15764.0,4.61,5.6,6419.0,13287.0,17.41,19706.0
2025-04-17,9,15522.0,4.08,5.43,6381.0,13185.0,17.21,19566.0
2025-04-17,10,15729.0,3.66,5.41,6026.0,11559.0,15.82,17585.0
2025-04-17,11,15618.0,3.57,5.43,5104.0,9511.0,12.68,14615.0
2025-04-17,12,15525.0,3.82,5.7,4460.0,8380.0,11.27,12840.0
2025-04-17,13,13381.0,4.02,7.85,4266.0,8142.0,11.1,12408.0
2025-04-17,14,13268.0,4.12,8.02,4065.0,8283.0,10.58,12348.0
2025-04-17,15,13247.0,4.19,8.06,4061.0,8448.0,10.86,12510.0
2025-04-17,16,12515.0,4.19,8.14,4208.0,8647.0,11.0,12856.0
2025-04-17,17,12180.0,4.02,7.69,4659.0,9587.0,12.09,14246.0
2025-04-17,18,12365.0,3.63,7.5,5315.0,11016.0,14.2,16331.0
2025-04-17,19,12649.0,3.01,7.3,5781.0,12072.0,16.01,17853.0
2025-04-17,20,15108.0,2.51,4.99,5660.0,11141.0,15.73,16801.0
2025-04-17,21,15168.0,2.35,4.97,5518.0,10553.0,14.93,16072.0
2025-04-17,22,15743.0,2.21,5.08,5659.0,10529.0,14.4,16188.0
2025-04-17,23,17476.0,2.27,5.5,5265.0,10080.0,12.88,15345.0
2025-04-18,0,14759.0,2.75,6.39,3230.0,6420.0,7.94,9650.0
2025-04-18,1,14734.0,3.35,6.72,3189.0,6324.0,8.03,9512.0
2025-04-18,2,14649.0,4.01,6.98,2913.0,6331.0,7.71,9245.0
2025-04-18,3,14354.0,4.62,7.14,3004.0,6531.0,7.97,9536.0
2025-04-18,4,13044.0,5.11,6.72,3054.0,6537.0,8.55,9591.0
2025-04-18,5,9595.0,5.37,8.52,2994.0,6554.0,9.59,9547.0
2025-04-18,6,12791.0,5.2,7.18,4571.0,9221.0,12.63,13791.0
2025-04-18,7,14747.0,5.02,5.46,5886.0,10980.0,15.89,16867.0
2025-04-18,8,14409.0,4.68,5.33,6190.0,11323.0,16.46,17512.0
2025-04-18,9,14273.0,4.25,5.26,6206.0,11296.0,16.28,17502.0
2025-04-18,10,14305.0,3.84,5.16,6129.0,11199.0,15.16,17328.0
2025-04-18,11,14502.0,3.55,5.16,5281.0,9980.0,12.09,15261.0
2025-04-18,12,14711.0,3.63,5.24,4464.0,8775.0,10.25,13239.0
2025-04-18,13,14306.0,3.77,5.75,4420.0,9068.0,10.38,13489.0
2025-04-18,14,13848.0,3.84,6.32,4274.0,8679.0,10.16,12953.0
2025-04-18,15,13828.0,3.95,6.35,4255.0,8449.0,10.03,12703.0
2025-04-18,16,13779.0,4.12,6.22,4277.0,7987.0,10.09,12264.0
2025-04-18,17,12214.0,4.17,7.32,4689.0,8540.0,11.38,13229.0
2025-04-18,18,11848.0,3.93,7.32,5230.0,9665.0,13.66,14895.0
2025-04-18,19,13965.0,3.59,5.97,5572.0,10292.0,15.01,15863.0
2025-04-18,20,14049.0,3.35,5.92,5619.0,10377.0,15.13,15996.0
2025-04-18,21,12670.0,3.02,7.3,5563.0,10330.0,15.24,15893.0
2025-04-18,22,13125.0,2.61,7.43,5677.0,10328.0,14.23,16005.0
2025-04-18,23,14339.0,2.32,6.41,5215.0,10049.0,12.26,15264.0
2025-04-19,0,14776.0,2.63,6.59,3374.0,6528.0,7.91,9902.0
2025-04-19,1,14573.0,3.21,6.01,3110.0,6675.0,7.57,9785.0
2025-04-19,2,13578.0,3.78,6.18,2967.0,6427.0,7.28,9394.0
2025-04-19,3,13363.0,4.25,6.44,3017.0,6691.0,7.62,9708.0
2025-04-19,4,13396.0,4.69,6.71,3128.0,6758.0,8.49,9886.0
2025-04-19,5,12731.0,5.1,6.57,3119.0,6157.0,9.47,9276.0
2025-04-19,6,12603.0,5.38,7.25,4426.0,8061.0,12.15,12487.0
2025-04-19,7,14737.0,5.24,5.5,5835.0,10771.0,15.31,16607.0
2025-04-19,8,14356.0,4.85,5.34,6284.0,11601.0,16.16,17886.0
2025-04-19,9,14842.0,4.38,5.37,6489.0,11967.0,16.38,18456.0
2025-04-19,10,15086.0,3.95,5.36,6137.0,11477.0,15.48,17615.0
2025-04-19,11,15016.0,3.77,5.46,5202.0,9832.0,12.98,15035.0
2025-04-19,12,14525.0,3.87,6.17,4491.0,8538.0,10.6,13029.0
2025-04-19,13,12692.0,3.96,6.73,4187.0,8137.0,10.24,12324.0
2025-04-19,14,13392.0,4.09,7.12,4139.0,8141.0,11.25,12280.0
2025-04-19,15,13433.0,4.17,7.19,4236.0,8807.0,11.56,13043.0
2025-04-19,16,13357.0,4.21,7.17,4257.0,9059.0,11.69,13317.0
2025-04-19,17,13347.0,4.15,7.1,4700.0,9668.0,12.96,14368.0
2025-04-19,18,13507.0,3.95,7.04,5370.0,10237.0,14.77,15607.0
2025-04-19,19,13661.0,3.63,6.73,5700.0,10754.0,15.52,16454.0
2025-04-19,20,13583.0,3.26,6.26,5791.0,10889.0,15.59,16680.0
2025-04-19,21,14726.0,2.91,5.2,6006.0,11049.0,15.82,17054.0
2025-04-19,22,14789.0,2.63,4.89,5845.0,10875.0,14.83,16721.0
2025-04-19,23,15810.0,2.47,5.11,5280.0,10268.0,13.03,15548.0
2025-04-20,0,14886.0,2.81,5.19,3484.0,6866.0,9.07,10349.0
2025-04-20,1,14867.0,3.36,5.26,3380.0,6676.0,9.32,10056.0
2025-04-20,2,14880.0,3.97,5.44,3249.0,6268.0,8.95,9517.0
2025-04-20,3,14083.0,4.58,6.39,3127.0,6207.0,9.22,9334.0
2025-04-20,4,11731.0,5.04,7.63,3069.0,6030.0,9.79,9099.0
2025-04-20,5,11118.0,5.25,7.74,3102.0,6422.0,10.31,9524.0
2025-04-20,6,12252.0,5.38,8.69,4161.0,8254.0,12.32,12415.0
2025-04-20,7,14177.0,5.16,6.77,5546.0,10660.0,15.02,16206.0
2025-04-20,8,14620.0,4.88,6.08,6083.0,11534.0,16.65,17617.0
2025-04-20,9,14490.0,4.35,5.87,6521.0,12236.0,17.59,18758.0
2025-04-20,10,14530.0,3.85,5.77,6421.0,11620.0,16.96,18041.0
2025-04-20,11,14680.0,3.41,5.47,6280.0,11287.0,16.12,17567.0
2025-04-20,12,15109.0,3.14,5.24,5652.0,10377.0,14.55,16029.0
2025-04-20,13,15107.0,3.15,5.31,5042.0,9198.0,12.32,14240.0
2025-04-20,14,15147.0,3.28,5.48,4562.0,9107.0,11.04,13668.0
2025-04-20,15,15235.0,3.48,5.5,4396.0,8674.0,10.37,13069.0
2025-04-20,16,14879.0,3.74,5.32,4244.0,8523.0,10.27,12766.0
2025-04-20,17,12980.0,3.86,7.04,4417.0,8893.0,11.19,13310.0
2025-04-20,18,13089.0,3.71,6.95,4978.0,10015.0,13.98,14993.0
2025-04-20,19,13359.0,3.34,6.87,5520.0,10763.0,15.48,16284.0
2025-04-20,20,13494.0,3.0,6.77,5511.0,10243.0,15.19,15753.0
2025-04-20,21,13497.0,2.65,6.59,5629.0,10565.0,15.18,16193.0
2025-04-20,22,15458.0,2.41,5.18,5421.0,10366.0,14.14,15787.0
2025-04-20,23,15822.0,2.41,5.11,4970.0,9692.0,12.74,14662.0
2025-04-21,0,15195.0,2.83,6.22,3484.0,6882.0,8.77,10366.0
2025-04-21,1,14658.0,3.33,6.29,3292.0,7089.0,8.37,10381.0
2025-04-21,2,14756.0,3.86,6.38,3178.0,6978.0,8.65,10156.0
2025-04-21,3,14392.0,4.42,6.45,3167.0,6877.0,8.75,10044.0
2025-04-21,4,13869.0,4.92,6.48,3078.0,6580.0,8.6,9658.0
2025-04-21,5,11248.0,5.28,7.34,3106.0,6636.0,9.7,9743.0
2025-04-21,6,14099.0,5.34,6.38,4798.0,9359.0,13.06,14157.0
2025-04-21,7,14890.0,5.17,5.55,6156.0,11299.0,16.16,17455.0
2025-04-21,8,14530.0,4.72,5.39,6458.0,12254.0,16.65,18712.0
2025-04-21,9,14492.0,4.12,5.27,6519.0,12763.0,16.76,19282.0
2025-04-21,10,14785.0,3.58,5.25,6120.0,11385.0,15.13,17505.0
2025-04-21,11,14714.0,3.43,5.34,5147.0,9433.0,12.03,14580.0
2025-04-21,12,13677.0,3.53,6.57,4411.0,8198.0,10.21,12609.0
2025-04-21,13,13413.0,3.62,6.98,4318.0,8074.0,10.98,12392.0
2025-04-21,14,13441.0,3.74,7.12,4211.0,8510.0,10.65,12721.0
2025-04-21,15,13455.0,3.8,7.19,4287.0,8722.0,11.08,13009.0
2025-04-21,16,13370.0,3.82,7.02,4486.0,9051.0,11.68,13537.0
2025-04-21,17,14026.0,3.77,6.03,4957.0,9820.0,12.93,14777.0
2025-04-21,18,14895.0,3.62,5.2,5589.0,11173.0,15.28,16762.0
2025-04-21,19,14901.0,3.29,5.09,5937.0,11759.0,16.6,17696.0
2025-04-21,20,13994.0,2.92,4.81,5903.0,11093.0,16.5,16996.0
2025-04-21,21,14853.0,2.58,4.92,5973.0,11077.0,16.37,17051.0
2025-04-21,22,15214.0,2.36,4.99,5806.0,10499.0,15.38,16306.0
2025-04-21,23,15418.0,2.26,5.0,5271.0,9976.0,13.41,15247.0
2025-04-22,0,14546.0,2.54,4.84,3556.0,6892.0,9.39,10448.0
2025-04-22,1,15054.0,3.13,5.07,3168.0,6519.0,8.3,9687.0
2025-04-22,2,15345.0,3.77,5.27,3277.0,7168.0,8.49,10445.0
2025-04-22,3,15631.0,4.4,5.49,3257.0,7204.0,9.49,10460.0
2025-04-22,4,13647.0,4.94,6.16,3203.0,6873.0,9.92,10076.0
2025-04-22,5,12673.0,5.36,7.06,3366.0,6778.0,10.92,10143.0
2025-04-22,6,11479.0,5.24,8.45,4943.0,9640.0,13.37,14583.0
2025-04-22,7,15139.0,4.94,5.53,6105.0,11066.0,15.5,17171.0
2025-04-22,8,14916.0,4.57,5.42,6473.0,11664.0,16.96,18137.0
2025-04-22,9,14664.0,4.16,5.3,6376.0,11506.0,17.06,17882.0
2025-04-22,10,15009.0,3.77,5.32,6132.0,11197.0,15.57,17329.0
2025-04-22,11,15181.0,3.54,5.35,5299.0,10634.0,12.54,15933.0
2025-04-22,12,14715.0,3.56,6.1,4491.0,9226.0,10.55,13717.0
2025-04-22,13,14585.0,3.64,6.41,4495.0,9177.0,10.67,13672.0
2025-04-22,14,14592.0,3.75,6.6,4301.0,8891.0,10.19,13192.0
2025-04-22,15,14642.0,3.91,6.65,4301.0,8864.0,10.06,13165.0
2025-04-22,16,14462.0,4.03,6.47,4477.0,8999.0,11.0,13476.0
2025-04-22,17,14200.0,4.1,6.34,4770.0,9459.0,11.69,14228.0
2025-04-22,18,14076.0,3.94,6.18,5507.0,10714.0,14.17,16221.0
2025-04-22,19,12953.0,3.53,7.37,5862.0,10791.0,15.44,16653.0
2025-04-22,20,13479.0,3.05,6.71,5741.0,10681.0,15.54,16422.0
2025-04-22,21,14560.0,2.73,5.87,5887.0,10752.0,15.5,16639.0
2025-04-22,22,15004.0,2.47,5.96,5803.0,10383.0,14.28,16186.0
2025-04-22,23,15701.0,2.39,5.13,5193.0,9891.0,12.33,15084.0
2025-04-23,0,14124.0,2.66,4.79,3512.0,7033.0,8.0,10545.0
2025-04-23,1,14152.0,3.07,4.86,3317.0,6804.0,7.79,10121.0
2025-04-23,2,14545.0,3.62,5.06,3019.0,6420.0,7.68,9439.0
2025-04-23,3,14621.0,4.25,5.27,3071.0,6516.0,7.67,9587.0
2025-04-23,4,14122.0,4.76,5.84,3320.0,6719.0,8.34,10039.0
2025-04-23,5,12640.0,5.2,7.01,3259.0,6436.0,9.19,9695.0
2025-04-23,6,13409.0,5.43,7.54,4728.0,8578.0,11.85,13306.0
2025-04-23,7,14154.0,5.15,6.67,6331.0,11395.0,15.48,17727.0
2025-04-23,8,14037.0,4.65,6.44,6404.0,11607.0,16.05,18011.0
2025-04-23,9,13983.0,4.13,6.27,6388.0,11598.0,16.37,17986.0
2025-04-23,10,15313.0,3.67,5.39,6236.0,11858.0,14.93,18094.0
2025-04-23,11,15490.0,3.42,5.35,5355.0,10732.0,12.77,16087.0
2025-04-23,12,15711.0,3.51,5.43,4662.0,9360.0,10.64,14022.0
2025-04-23,13,15718.0,3.71,5.58,4590.0,9259.0,10.44,13848.0
2025-04-23,14,14676.0,3.94,6.87,4324.0,8764.0,10.28,13088.0
2025-04-23,15,14122.0,4.09,7.41,4328.0,8657.0,9.98,12985.0
2025-04-23,16,13826.0,4.16,7.49,4594.0,9089.0,10.48,13683.0
2025-04-23,17,13694.0,4.11,7.31,4997.0,9860.0,12.48,14857.0
2025-04-23,18,13716.0,3.92,7.16,5623.0,10198.0,14.95,15821.0
2025-04-23,19,13684.0,3.57,6.93,5881.0,10870.0,15.88,16751.0
2025-04-23,20,13724.0,3.17,6.74,5911.0,10944.0,15.93,16855.0
2025-04-23,21,13852.0,2.77,6.61,5917.0,10951.0,15.55,16868.0
2025-04-23,22,14345.0,2.41,6.73,5938.0,10708.0,14.62,16646.0
2025-04-23,23,16300.0,2.24,5.22,5320.0,10823.0,12.76,16143.0
2025-04-24,0,15242.0,2.55,5.01,3596.0,7461.0,8.4,11057.0
2025-04-24,1,15311.0,3.09,5.11,3331.0,7050.0,8.31,10381.0
2025-04-24,2,15479.0,3.73,5.29,3266.0,6944.0,8.1,10210.0
2025-04-24,3,15419.0,4.42,5.46,3066.0,6697.0,8.2,9763.0
2025-04-24,4,12650.0,4.98,7.25,3133.0,6435.0,8.9,9567.0
2025-04-24,5,11545.0,5.31,8.17,3195.0,5813.0,9.53,9007.0
2025-04-24,6,12252.0,5.39,8.65,4933.0,8856.0,12.42,13789.0
2025-04-24,7,14744.0,5.06,6.05,6137.0,11138.0,15.51,17275.0
2025-04-24,8,14964.0,4.71,5.53,6329.0,11507.0,16.52,17836.0
2025-04-24,9,14813.0,4.31,5.41,6432.0,11781.0,16.65,18214.0
2025-04-24,10,15016.0,3.81,5.38,6258.0,12343.0,15.84,18600.0
2025-04-24,11,15157.0,3.46,5.33,5483.0,11065.0,13.04,16547.0
2025-04-24,12,15301.0,3.48,5.41,4613.0,9396.0,10.77,14008.0
2025-04-24,13,15341.0,3.66,5.53,4519.0,9218.0,10.21,13737.0
2025-04-24,14,15416.0,3.85,5.74,4519.0,9283.0,10.84,13802.0
2025-04-24,15,15003.0,4.05,6.29,4458.0,9110.0,11.23,13568.0
2025-04-24,16,14411.0,4.16,6.55,4582.0,9175.0,11.07,13756.0
2025-04-24,17,14125.0,4.18,6.39,4969.0,9560.0,12.39,14529.0
2025-04-24,18,13232.0,4.04,6.96,5463.0,10002.0,14.32,15464.0
2025-04-24,19,13286.0,3.68,6.76,5943.0,10769.0,14.89,16712.0
2025-04-24,20,13783.0,3.26,6.05,5880.0,10714.0,14.95,16594.0
2025-04-24,21,14737.0,2.97,5.15,5909.0,10971.0,15.06,16880.0
2025-04-24,22,15339.0,2.67,5.22,6008.0,11736.0,14.06,17744.0
2025-04-24,23,15616.0,2.39,5.26,5581.0,11280.0,12.59,16861.0
2025-04-25,0,13876.0,2.54,4.8,3483.0,7287.0,7.57,10771.0
2025-04-25,1,14436.0,2.92,4.89,3395.0,7166.0,7.66,10561.0
2025-04-25,2,14556.0,3.44,5.02,3135.0,6714.0,7.68,9848.0
2025-04-25,3,14743.0,4.02,5.21,3137.0,6828.0,7.74,9965.0
2025-04-25,4,14491.0,4.56,5.29,3373.0,6636.0,8.27,10009.0
2025-04-25,5,13966.0,5.11,5.42,3320.0,6090.0,9.44,9409.0
2025-04-25,6,13900.0,5.45,6.22,4825.0,8765.0,12.03,13591.0
2025-04-25,7,14969.0,5.26,5.6,6180.0,11271.0,15.31,17451.0
2025-04-25,8,14735.0,4.78,5.45,6594.0,12958.0,16.57,19552.0
2025-04-25,9,14600.0,4.13,5.31,6559.0,12917.0,16.2,19477.0
2025-04-25,10,15066.0,3.57,5.28,6313.0,11884.0,14.93,18197.0
2025-04-25,11,14988.0,3.36,5.64,5247.0,9789.0,12.67,15036.0
2025-04-25,12,14583.0,3.46,6.27,4590.0,8596.0,10.61,13186.0
2025-04-25,13,15106.0,3.67,5.97,4539.0,8448.0,10.54,12987.0
2025-04-25,14,13549.0,3.9,7.55,4306.0,8206.0,10.31,12512.0
2025-04-25,15,14058.0,3.93,6.98,4481.0,9652.0,10.27,14133.0
2025-04-25,16,14516.0,3.9,6.41,4696.0,10013.0,10.68,14709.0
2025-04-25,17,14325.0,3.83,6.28,4965.0,10518.0,11.41,15483.0
2025-04-25,18,14345.0,3.58,6.15,5708.0,11463.0,13.98,17171.0
2025-04-25,19,14551.0,3.17,5.87,6004.0,11852.0,15.52,17857.0
2025-04-25,20,15307.0,2.81,5.07,5942.0,11745.0,15.72,17687.0
2025-04-25,21,15446.0,2.5,5.04,5956.0,11693.0,15.22,17648.0
2025-04-25,22,15948.0,2.24,5.15,5994.0,11277.0,14.64,17271.0
2025-04-25,23,16302.0,2.17,5.21,5393.0,10374.0,12.59,15766.0
2025-04-26,0,14988.0,2.49,5.01,3641.0,7282.0,8.15,10923.0
2025-04-26,1,15512.0,3.0,5.14,3487.0,7447.0,8.55,10933.0
2025-04-26,2,15959.0,3.63,5.67,3344.0,7286.0,8.58,10630.0
2025-04-26,3,14887.0,4.26,7.15,3225.0,7156.0,8.33,10381.0
2025-04-26,4,13491.0,4.74,6.73,3340.0,6456.0,8.43,9797.0
2025-04-26,5,12623.0,5.23,6.61,3212.0,5709.0,8.99,8921.0
2025-04-26,6,12449.0,5.4,6.55,4672.0,8218.0,11.58,12890.0
2025-04-26,7,15050.0,5.24,5.61,6134.0,11085.0,14.68,17219.0
2025-04-26,8,14921.0,4.85,5.51,6600.0,11821.0,15.77,18421.0
2025-04-26,9,14884.0,4.39,5.44,6592.0,11861.0,15.88,18453.0
2025-04-26,10,14447.0,3.91,6.14,6297.0,11664.0,14.77,17962.0
2025-04-26,11,14393.0,3.55,6.24,5488.0,10432.0,12.48,15920.0
2025-04-26,12,14592.0,3.45,6.29,4743.0,9696.0,11.19,14439.0
2025-04-26,13,14628.0,3.46,6.37,4666.0,9461.0,11.1,14127.0
2025-04-26,14,14657.0,3.5,6.44,4549.0,9411.0,10.81,13959.0
2025-04-26,15,15257.0,3.62,5.98,4428.0,8929.0,10.6,13358.0
2025-04-26,16,14058.0,3.82,6.89,4379.0,8309.0,10.53,12688.0
2025-04-26,17,13418.0,3.87,7.01,4806.0,8920.0,11.58,13726.0
2025-04-26,18,13699.0,3.72,6.51,5470.0,10057.0,13.76,15527.0
2025-04-26,19,14953.0,3.45,5.26,5908.0,10858.0,15.46,16765.0
2025-04-26,20,15053.0,3.18,5.21,5979.0,11337.0,16.05,17317.0
2025-04-26,21,15098.0,2.8,5.18,6087.0,11863.0,16.04,17950.0
2025-04-26,22,15660.0,2.49,5.1,5974.0,10884.0,14.88,16858.0
2025-04-26,23,15944.0,2.41,5.16,5315.0,10054.0,12.8,15369.0
2025-04-27,0,11849.0,2.5,7.32,3735.0,7702.0,8.52,11437.0
2025-04-27,1,14869.0,2.68,5.44,3505.0,7329.0,8.52,10834.0
2025-04-27,2,16168.0,3.31,5.51,3437.0,7185.0,8.74,10622.0
2025-04-27,3,15240.0,3.91,5.27,3420.0,7277.0,8.36,10697.0
2025-04-27,4,14787.0,4.5,5.32,3235.0,6121.0,8.78,9355.0
2025-04-27,5,13540.0,5.13,6.28,3204.0,5686.0,9.58,8890.0
2025-04-27,6,11525.0,5.45,9.15,4170.0,7282.0,11.03,11451.0
2025-04-27,7,14565.0,5.28,6.23,5626.0,10148.0,13.73,15774.0
2025-04-27,8,15399.0,5.03,5.66,6399.0,12251.0,15.83,18650.0
2025-04-27,9,15218.0,4.53,5.54,6641.0,12257.0,16.87,18898.0
2025-04-27,10,15428.0,4.12,5.47,6540.0,11753.0,16.16,18293.0
2025-04-27,11,15465.0,3.78,5.42,6264.0,11232.0,14.87,17496.0
2025-04-27,12,15609.0,3.61,5.43,5674.0,10244.0,13.16,15917.0
2025-04-27,13,15592.0,3.67,5.46,5097.0,9508.0,11.44,14605.0
2025-04-27,14,15655.0,3.83,5.44,4722.0,9296.0,10.66,14017.0
2025-04-27,15,15729.0,4.08,5.49,4506.0,8921.0,10.47,13426.0
2025-04-27,16,14923.0,4.34,6.29,4441.0,8748.0,10.33,13189.0
2025-04-27,17,14096.0,4.49,6.97,4639.0,9120.0,11.05,13760.0
2025-04-27,18,13156.0,4.36,7.91,5157.0,10244.0,12.71,15400.0
2025-04-27,19,12898.0,3.98,8.15,5511.0,10640.0,14.46,16151.0
2025-04-27,20,13084.0,3.52,7.98,5711.0,11129.0,14.72,16840.0
2025-04-27,21,13527.0,3.06,7.07,5759.0,10748.0,14.34,16508.0
2025-04-27,22,15112.0,2.8,5.34,5624.0,10512.0,13.15,16136.0
2025-04-27,23,16141.0,2.77,5.24,5055.0,9641.0,12.01,14697.0
2025-04-28,0,14282.0,3.16,7.04,3544.0,7368.0,7.92,10912.0
2025-04-28,1,14771.0,3.56,6.52,3381.0,7278.0,7.9,10659.0
2025-04-28,2,14785.0,4.11,7.04,3242.0,7037.0,7.93,10279.0
2025-04-28,3,14428.0,4.64,8.26,3325.0,7219.0,8.18,10544.0
2025-04-28,4,12453.0,5.03,7.65,3205.0,6799.0,8.72,10004.0
2025-04-28,5,10777.0,5.23,7.35,3217.0,6776.0,9.14,9993.0
2025-04-28,6,15063.0,5.34,5.6,4800.0,9288.0,12.4,14087.0
2025-04-28,7,15178.0,5.23,5.61,6112.0,11311.0,15.57,17424.0
2025-04-28,8,14964.0,4.84,5.5,6466.0,11950.0,16.34,18416.0
2025-04-28,9,14771.0,4.38,5.41,6388.0,11773.0,16.53,18160.0
2025-04-28,10,15063.0,3.98,5.39,6217.0,11810.0,15.25,18028.0
2025-04-28,11,15208.0,3.67,5.32,5415.0,10948.0,12.6,16363.0
2025-04-28,12,13707.0,3.62,7.1,4581.0,9339.0,10.52,13921.0
2025-04-28,13,13261.0,3.53,7.53,4596.0,9371.0,10.42,13967.0
2025-04-28,14,14318.0,3.48,6.69,4511.0,9107.0,10.13,13617.0
2025-04-28,15,15503.0,3.68,5.64,4421.0,8948.0,10.09,13368.0
2025-04-28,16,14873.0,3.91,5.95,4588.0,9105.0,10.36,13693.0
2025-04-28,17,14611.0,3.97,5.83,5039.0,9961.0,11.51,15000.0
2025-04-28,18,13990.0,3.81,6.26,5514.0,10632.0,13.67,16146.0
2025-04-28,19,14154.0,3.51,6.03,5895.0,10843.0,15.0,16738.0
2025-04-28,20,14511.0,3.16,5.54,5978.0,11095.0,15.2,17073.0
2025-04-28,21,15097.0,2.83,4.99,6088.0,12005.0,15.56,18094.0
2025-04-28,22,15630.0,2.47,5.06,6056.0,11786.0,14.68,17843.0
2025-04-28,23,16217.0,2.31,5.16,5348.0,10865.0,12.29,16214.0
2025-04-29,0,15920.0,2.67,5.13,3537.0,7338.0,8.21,10874.0
2025-04-29,1,15349.0,3.23,5.14,3408.0,7117.0,8.13,10525.0
2025-04-29,2,15389.0,3.85,5.29,3168.0,6757.0,7.99,9925.0
2025-04-29,3,12482.0,4.37,7.9,3090.0,6588.0,8.05,9678.0
2025-04-29,4,13059.0,4.69,6.38,3238.0,6588.0,8.8,9826.0
2025-04-29,5,12769.0,5.11,6.07,3309.0,5974.0,9.93,9283.0
2025-04-29,6,13647.0,5.36,6.47,4759.0,8729.0,12.98,13488.0
2025-04-29,7,14208.0,5.12,6.4,6197.0,11183.0,15.56,17380.0
2025-04-29,8,15127.0,4.7,5.48,6425.0,11654.0,16.58,18079.0
2025-04-29,9,15106.0,4.31,5.4,6380.0,11831.0,17.39,18211.0
2025-04-29,10,15423.0,3.85,5.38,6290.0,12617.0,16.06,18907.0
2025-04-29,11,15530.0,3.53,5.36,5457.0,11212.0,13.14,16669.0
2025-04-29,12,15888.0,3.58,5.47,4687.0,9638.0,11.1,14325.0
2025-04-29,13,15375.0,3.77,6.21,4514.0,9285.0,10.6,13798.0
2025-04-29,14,15888.0,3.99,5.88,4423.0,9271.0,10.79,13694.0
2025-04-29,15,15547.0,4.3,6.45,4432.0,9073.0,10.59,13505.0
2025-04-29,16,14520.0,4.5,7.37,4517.0,9134.0,10.73,13651.0
2025-04-29,17,14057.0,4.52,7.59,4767.0,9285.0,11.8,14052.0
2025-04-29,18,13868.0,4.47,7.49,5214.0,9572.0,13.94,14786.0
2025-04-29,19,13365.0,4.17,7.03,5826.0,11126.0,15.68,16952.0
2025-04-29,20,13391.0,3.69,6.78,5831.0,11393.0,15.9,17224.0
2025-04-29,21,13416.0,3.22,6.55,5817.0,10730.0,15.78,16547.0
2025-04-29,22,13995.0,2.85,6.71,5686.0,10791.0,14.6,16476.0
2025-04-29,23,14462.0,2.55,6.85,5274.0,10940.0,12.68,16214.0
2025-04-30,0,14488.0,2.69,6.09,3506.0,7484.0,8.41,10990.0
2025-04-30,1,14552.0,3.12,5.96,3544.0,7514.0,8.97,11058.0
2025-04-30,2,15410.0,3.64,5.25,3283.0,7059.0,8.1,10342.0
2025-04-30,3,15070.0,4.27,5.59,3142.0,6965.0,8.05,10107.0
2025-04-30,4,14222.0,4.83,5.54,3250.0,6789.0,8.41,10038.0
2025-04-30,5,12123.0,5.31,6.47,3274.0,5927.0,9.6,9202.0
2025-04-30,6,12363.0,5.42,7.3,4745.0,8599.0,12.38,13344.0
2025-04-30,7,15025.0,5.15,5.56,6240.0,11426.0,15.69,17666.0
2025-04-30,8,14622.0,4.75,5.68,6279.0,11503.0,16.31,17782.0
2025-04-30,9,14316.0,4.3,5.82,6327.0,11810.0,15.85,18137.0
2025-04-30,10,14582.0,3.78,5.78,6165.0,11955.0,14.81,18120.0
2025-04-30,11,14668.0,3.45,5.73,5211.0,10398.0,12.24,15609.0
2025-04-30,12,14862.0,3.46,5.8,4637.0,9360.0,10.44,13998.0
2025-04-30,13,14951.0,3.58,5.92,4447.0,9172.0,10.02,13619.0
2025-04-30,14,14449.0,3.76,6.69,4271.0,8887.0,9.71,13157.0
2025-04-30,15,13729.0,3.85,7.33,4385.0,9006.0,9.85,13391.0
2025-04-30,16,13906.0,3.89,7.34,4539.0,9163.0,10.23,13702.0
2025-04-30,17,13908.0,3.86,7.31,4866.0,9703.0,11.58,14569.0
2025-04-30,18,13899.0,3.68,6.71,5458.0,10758.0,13.86,16216.0
2025-04-30,19,14617.0,3.35,5.92,5748.0,11094.0,15.36,16843.0
2025-04-30,20,14448.0,3.13,5.96,5671.0,10517.0,15.32,16188.0
2025-04-30,21,14411.0,2.88,5.87,5862.0,10652.0,15.38,16514.0
2025-04-30,22,14941.0,2.61,5.99,5889.0,11412.0,14.28,17301.0
2025-04-30,23,15824.0,2.34,5.32,5443.0,11064.0,12.19,16507.0
2025-05-01,0,15607.0,2.61,5.08,3658.0,7708.0,8.11,11367.0
2025-05-01,1,15484.0,3.12,5.15,3613.0,7617.0,7.95,11231.0
2025-05-01,2,15456.0,3.63,5.26,3549.0,7637.0,8.21,11186.0
2025-05-01,3,14707.0,4.13,5.18,3440.0,7218.0,8.33,10658.0
2025-05-01,4,14188.0,4.63,5.49,3373.0,6640.0,8.65,10013.0
2025-05-01,5,12427.0,5.13,6.43,3015.0,5425.0,9.38,8440.0
2025-05-01,6,11723.0,5.45,9.18,3870.0,7019.0,11.09,10889.0
2025-05-01,7,12681.0,5.33,8.27,5061.0,9296.0,13.49,14356.0
2025-05-01,8,14748.0,5.12,6.19,5729.0,10564.0,14.75,16293.0
2025-05-01,9,15025.0,4.82,5.74,6260.0,11702.0,15.34,17962.0
2025-05-01,10,15179.0,4.37,5.71,6367.0,12372.0,15.43,18739.0
2025-05-01,11,15322.0,3.94,5.64,6186.0,12068.0,14.84,18254.0
2025-05-01,12,15528.0,3.66,5.62,5578.0,10929.0,13.37,16507.0
2025-05-01,13,15619.0,3.67,5.67,4923.0,9592.0,11.91,14515.0
2025-05-01,14,13241.0,3.74,8.05,4467.0,8736.0,10.78,13203.0
2025-05-01,15,13015.0,3.78,8.27,4186.0,7856.0,10.3,12042.0
2025-05-01,16,12914.0,3.94,8.23,4075.0,7488.0,10.6,11563.0
2025-05-01,17,12294.0,4.04,7.81,4315.0,7832.0,11.33,12147.0
2025-05-01,18,12282.0,3.95,7.68,4888.0,8972.0,13.03,13859.0
2025-05-01,19,12775.0,3.64,7.19,5444.0,10393.0,14.65,15838.0
2025-05-01,20,14086.0,3.17,5.82,5883.0,12368.0,15.32,18250.0
2025-05-01,21,14908.0,2.72,4.98,5750.0,11766.0,14.7,17516.0
2025-05-01,22,15703.0,2.47,5.09,5619.0,11420.0,13.45,17038.0
2025-05-01,23,16355.0,2.37,5.22,5181.0,10620.0,12.15,15800.0
2025-05-02,0,15716.0,2.76,5.14,3484.0,7446.0,8.06,10930.0
2025-05-02,1,15488.0,3.34,5.22,3481.0,6790.0,8.26,10271.0
2025-05-02,2,13605.0,4.04,7.15,2849.0,5779.0,7.43,8628.0
2025-05-02,3,11941.0,4.49,8.56,2975.0,5913.0,7.43,8888.0
2025-05-02,4,12037.0,4.85,8.32,3008.0,5993.0,8.19,9001.0
2025-05-02,5,11051.0,5.19,7.3,2984.0,5864.0,8.95,8849.0
2025-05-02,6,12710.0,5.29,6.92,4605.0,9144.0,11.87,13749.0
2025-05-02,7,14741.0,4.99,5.8,5833.0,11852.0,15.1,17685.0
2025-05-02,8,15014.0,4.55,5.43,6277.0,12652.0,15.7,18929.0
2025-05-02,9,14931.0,4.01,5.31,6348.0,12585.0,15.82,18933.0
2025-05-02,10,15184.0,3.57,5.33,6165.0,11603.0,14.83,17768.0
2025-05-02,11,15221.0,3.33,5.31,5420.0,10206.0,12.34,15626.0
2025-05-02,12,15459.0,3.46,5.36,4561.0,8646.0,10.47,13207.0
2025-05-02,13,15528.0,3.78,5.46,4293.0,8296.0,10.18,12589.0
2025-05-02,14,15627.0,4.17,5.49,4200.0,8500.0,9.97,12701.0
2025-05-02,15,14725.0,4.48,6.2,4134.0,8753.0,10.08,12887.0
2025-05-02,16,13900.0,4.57,6.86,4261.0,9000.0,10.14,13261.0
2025-05-02,17,13756.0,4.58,6.97,4563.0,9043.0,11.49,13606.0
2025-05-02,18,12344.0,4.47,8.02,5002.0,9475.0,13.33,14477.0
2025-05-02,19,13890.0,4.05,6.48,5722.0,11386.0,15.45,17108.0
2025-05-02,20,14274.0,3.63,6.09,5704.0,11459.0,15.53,17163.0
2025-05-02,21,14327.0,3.28,5.97,5738.0,10883.0,15.09,16622.0
2025-05-02,22,14674.0,2.99,6.0,5676.0,10659.0,14.01,16335.0
2025-05-02,23,15149.0,2.81,5.49,5295.0,10144.0,12.15,15439.0
2025-05-03,0,14472.0,3.06,6.38,3561.0,6891.0,8.1,10451.0
2025-05-03,1,13404.0,3.51,6.41,3200.0,6324.0,7.7,9524.0
2025-05-03,2,13426.0,4.01,6.53,3115.0,6370.0,7.68,9486.0
2025-05-03,3,13344.0,4.46,6.67,3050.0,6627.0,7.97,9676.0
2025-05-03,4,12627.0,4.84,6.51,3144.0,6560.0,8.31,9704.0
2025-05-03,5,13328.0,5.2,5.56,3146.0,6693.0,9.25,9839.0
2025-05-03,6,13775.0,5.55,8.04,4406.0,8687.0,12.14,13093.0
2025-05-03,7,14228.0,5.25,7.06,5762.0,10946.0,15.59,16708.0
2025-05-03,8,15807.0,5.07,5.71,5959.0,11427.0,16.41,17386.0
2025-05-03,9,15688.0,4.8,5.66,6347.0,11852.0,16.58,18198.0
2025-05-03,10,16583.0,4.52,5.81,6122.0,11546.0,15.4,17668.0
2025-05-03,11,15933.0,4.51,6.64,5234.0,10076.0,12.72,15310.0
2025-05-03,12,13551.0,4.54,9.57,4586.0,8885.0,11.29,13471.0
2025-05-03,13,13035.0,4.54,10.17,4398.0,8531.0,10.88,12929.0
2025-05-03,14,12928.0,4.48,10.42,4426.0,9204.0,10.57,13630.0
2025-05-03,15,13193.0,4.4,10.66,4319.0,9020.0,10.22,13339.0
2025-05-03,16,13580.0,4.43,10.46,4257.0,9074.0,11.24,13331.0
2025-05-03,17,13873.0,4.49,9.77,4551.0,8973.0,13.04,13523.0
2025-05-03,18,13365.0,4.39,9.17,5218.0,10453.0,15.54,15671.0
2025-05-03,19,12698.0,3.93,8.16,5670.0,11399.0,16.74,17069.0
2025-05-03,20,13679.0,3.56,7.16,7662.0,9485.0,14.93,17148.0
2025-05-03,21,13573.0,3.34,6.97,5870.0,10954.0,15.92,16825.0
2025-05-03,22,14575.0,2.93,6.95,5903.0,11042.0,15.12,16946.0
2025-05-03,23,16594.0,2.88,5.55,5256.0,9873.0,13.28,15129.0
2025-05-04,0,13333.0,3.25,6.99,3224.0,6275.0,8.15,9499.0
2025-05-04,1,12321.0,3.66,7.28,3040.0,5799.0,7.99,8839.0
2025-05-04,2,12255.0,4.13,7.55,2862.0,5591.0,8.03,8453.0
2025-05-04,3,11877.0,4.55,7.61,2876.0,6093.0,7.8,8969.0
2025-05-04,4,10460.0,4.82,7.88,2727.0,5777.0,8.56,8504.0
2025-05-04,5,10177.0,5.07,7.78,2666.0,5544.0,8.91,8209.0
2025-05-04,6,11251.0,5.2,7.3,3638.0,6913.0,10.72,10551.0
2025-05-04,7,13132.0,5.27,7.1,4661.0,8545.0,12.93,13206.0
2025-05-04,8,13474.0,5.06,7.35,5791.0,10835.0,14.99,16626.0
2025-05-04,9,14356.0,4.52,6.13,6272.0,12319.0,15.87,18591.0
2025-05-04,10,15239.0,4.05,5.43,6265.0,11535.0,15.67,17800.0
2025-05-04,11,15026.0,3.84,5.45,5794.0,10392.0,14.47,16186.0
2025-05-04,12,13864.0,3.71,6.86,5341.0,9652.0,13.51,14993.0
2025-05-04,13,13751.0,3.59,7.04,4891.0,8865.0,12.48,13756.0
2025-05-04,14,13379.0,3.7,7.45,4191.0,7614.0,11.34,11805.0
2025-05-04,15,12861.0,3.83,8.06,4029.0,7920.0,10.88,11949.0
2025-05-04,16,12814.0,3.84,8.04,4361.0,8575.0,11.52,12935.0
2025-05-04,17,12671.0,3.74,7.87,4501.0,9000.0,12.57,13500.0
2025-05-04,18,12946.0,3.5,7.86,5140.0,10779.0,14.06,15919.0
2025-05-04,19,13649.0,3.03,6.85,5483.0,11554.0,14.67,17036.0
2025-05-04,20,15401.0,2.76,5.07,5321.0,10350.0,14.26,15671.0
2025-05-04,21,15457.0,2.72,5.08,5419.0,10191.0,14.08,15610.0
2025-05-04,22,16191.0,2.68,5.23,5511.0,10408.0,13.59,15919.0
2025-05-04,23,17216.0,2.78,6.16,5070.0,9736.0,12.34,14806.0
2025-05-05,0,13424.0,3.25,9.48,3040.0,6072.0,7.4,9112.0
2025-05-05,1,12592.0,3.66,9.14,2985.0,6387.0,7.35,9372.0
2025-05-05,2,12588.0,4.04,9.46,2775.0,6369.0,7.31,9145.0
2025-05-05,3,12727.0,4.44,9.95,2827.0,6372.0,7.28,9199.0
2025-05-05,4,11773.0,4.83,8.88,2763.0,6159.0,7.8,8923.0
2025-05-05,5,10745.0,5.11,7.95,2749.0,6019.0,8.34,8768.0
2025-05-05,6,11668.0,5.23,8.8,3693.0,7613.0,9.34,11306.0
2025-05-05,7,13071.0,5.16,7.88,4763.0,9105.0,11.45,13868.0
2025-05-05,8,13917.0,4.96,6.62,5711.0,10374.0,13.6,16084.0
2025-05-05,9,14587.0,4.63,5.69,6032.0,10924.0,14.64,16957.0
2025-05-05,10,14969.0,4.33,5.65,6085.0,11242.0,14.66,17327.0
2025-05-05,11,14972.0,4.02,5.58,5923.0,11121.0,13.84,17044.0
2025-05-05,12,15113.0,3.78,5.58,5491.0,10920.0,12.73,16411.0
2025-05-05,13,15079.0,3.66,5.62,5132.0,10202.0,11.76,15334.0
2025-05-05,14,14652.0,3.71,6.25,4616.0,9236.0,10.65,13852.0
2025-05-05,15,14175.0,3.79,6.72,4317.0,8895.0,10.47,13212.0
2025-05-05,16,14355.0,3.87,6.33,4598.0,9410.0,11.35,14008.0
2025-05-05,17,14135.0,3.85,6.16,4901.0,10096.0,12.53,14997.0
2025-05-05,18,14035.0,3.65,6.01,5424.0,10863.0,14.05,16288.0
2025-05-05,19,14073.0,3.37,5.87,5558.0,10484.0,14.65,16042.0
2025-05-05,20,14148.0,3.16,5.81,5533.0,10063.0,14.48,15596.0
2025-05-05,21,14342.0,2.96,5.8,5696.0,10307.0,14.57,16004.0
2025-05-05,22,14719.0,2.77,5.88,5582.0,10153.0,13.39,15735.0
2025-05-05,23,14787.0,2.62,5.85,5191.0,10467.0,12.36,15657.0
2025-05-06,0,14754.0,2.82,5.9,3645.0,7681.0,8.2,11326.0
2025-05-06,1,15144.0,3.28,5.12,3280.0,7116.0,8.09,10397.0
2025-05-06,2,15146.0,3.93,5.26,3052.0,6611.0,7.89,9662.0
2025-05-06,3,13304.0,4.5,6.94,3110.0,6680.0,7.96,9790.0
2025-05-06,4,12378.0,4.89,7.32,3080.0,6655.0,8.44,9735.0
2025-05-06,5,11106.0,5.14,7.36,3119.0,6274.0,9.14,9394.0
2025-05-06,6,12903.0,5.24,7.58,4679.0,8535.0,12.07,13214.0
2025-05-06,7,14478.0,5.01,6.52,5964.0,11132.0,15.5,17095.0
2025-05-06,8,14963.0,4.64,5.94,6282.0,11593.0,16.29,17874.0
2025-05-06,9,14988.0,4.27,5.89,6182.0,11386.0,16.23,17569.0
2025-05-06,10,15256.0,3.98,5.92,5847.0,11045.0,14.7,16892.0
2025-05-06,11,15355.0,3.84,5.86,5039.0,10102.0,11.86,15141.0
2025-05-06,12,14823.0,4.0,6.66,4295.0,8752.0,10.14,13047.0
2025-05-06,13,13721.0,4.13,7.77,4317.0,8867.0,10.2,13185.0
2025-05-06,14,13773.0,4.22,7.79,4207.0,8741.0,10.28,12948.0
2025-05-06,15,13792.0,4.32,7.83,4308.0,8825.0,10.05,13134.0
2025-05-06,16,13718.0,4.38,7.81,4320.0,8830.0,10.14,13150.0
2025-05-06,17,13828.0,4.42,7.87,4622.0,9320.0,11.1,13942.0
2025-05-06,18,14310.0,4.33,8.14,5380.0,10577.0,13.51,15957.0
2025-05-06,19,13951.0,3.98,7.65,5801.0,11554.0,15.11,17355.0
2025-05-06,20,13789.0,3.57,7.28,5928.0,10920.0,14.91,16848.0
2025-05-06,21,13779.0,3.18,6.99,5833.0,10744.0,14.81,16578.0
2025-05-06,22,15185.0,2.89,6.11,5868.0,10917.0,14.09,16785.0
2025-05-06,23,17276.0,2.75,5.52,5498.0,11582.0,12.37,17080.0
2025-05-07,0,15089.0,3.05,6.0,3573.0,7669.0,7.9,11242.0
2025-05-07,1,14908.0,3.52,6.3,3400.0,7300.0,7.79,10700.0
2025-05-07,2,14838.0,4.03,6.51,3290.0,7172.0,8.22,10462.0
2025-05-07,3,13608.0,4.51,7.36,3173.0,6922.0,8.19,10095.0
2025-05-07,4,12415.0,4.85,6.86,3212.0,6631.0,8.51,9844.0
2025-05-07,5,12026.0,5.22,7.23,3046.0,5594.0,9.14,8641.0
2025-05-07,6,12332.0,5.41,7.89,4623.0,8296.0,11.87,12919.0
2025-05-07,7,15017.0,5.17,5.77,6070.0,10871.0,15.02,16941.0
2025-05-07,8,15052.0,4.91,5.53,6056.0,10984.0,15.3,17040.0
2025-05-07,9,14922.0,4.59,5.47,6199.0,11472.0,15.45,17671.0
2025-05-07,10,15177.0,4.22,5.45,5952.0,11755.0,14.48,17707.0
2025-05-07,11,15251.0,4.0,5.44,5266.0,10549.0,12.01,15815.0
2025-05-07,12,14610.0,4.05,6.45,4478.0,9075.0,10.1,13553.0
2025-05-07,13,14630.0,4.18,6.57,4330.0,8893.0,10.23,13223.0
2025-05-07,14,14635.0,4.36,6.64,4338.0,8846.0,10.2,13183.0
2025-05-07,15,13472.0,4.52,7.78,4120.0,8506.0,9.95,12626.0
2025-05-07,16,12644.0,4.51,8.38,4404.0,9193.0,10.11,13598.0
2025-05-07,17,12690.0,4.33,7.93,4681.0,9357.0,11.44,14038.0
2025-05-07,18,14096.0,4.17,6.61,5357.0,10268.0,13.23,15625.0
2025-05-07,19,14039.0,3.9,6.47,5739.0,10529.0,14.64,16268.0
2025-05-07,20,14106.0,3.61,6.18,5733.0,10612.0,14.76,16344.0
2025-05-07,21,14167.0,3.3,5.93,5887.0,11165.0,14.87,17052.0
2025-05-07,22,15267.0,2.89,5.65,5916.0,11926.0,14.34,17842.0
2025-05-07,23,16923.0,2.69,5.5,5454.0,11317.0,12.68,16771.0
2025-05-08,0,14339.0,2.98,6.58,3571.0,7561.0,8.18,11131.0
2025-05-08,1,14452.0,3.4,6.05,3312.0,7062.0,7.63,10374.0
2025-05-08,2,14398.0,3.92,6.25,3237.0,6875.0,7.59,10113.0
2025-05-08,3,14290.0,4.48,6.45,3124.0,6353.0,7.68,9477.0
2025-05-08,4,13152.0,5.02,6.21,3183.0,6099.0,8.33,9283.0
2025-05-08,5,9445.0,5.33,8.46,3123.0,5878.0,8.85,9001.0
2025-05-08,6,12336.0,5.24,7.14,4611.0,8533.0,11.64,13144.0
2025-05-08,7,15096.0,5.11,5.58,5790.0,10623.0,14.7,16412.0
2025-05-08,8,15016.0,4.89,5.49,5956.0,11266.0,15.53,17222.0
2025-05-08,9,14978.0,4.49,5.37,6239.0,12426.0,15.72,18666.0
2025-05-08,10,15276.0,4.06,5.36,5929.0,11702.0,14.36,17631.0
2025-05-08,11,15402.0,3.87,5.39,5153.0,10261.0,11.88,15414.0
2025-05-08,12,14795.0,3.98,6.29,4346.0,8859.0,9.92,13205.0
2025-05-08,13,13778.0,4.08,7.48,4212.0,8761.0,10.08,12973.0
2025-05-08,14,13359.0,4.16,7.99,4224.0,8307.0,10.21,12531.0
2025-05-08,15,12771.0,4.25,8.55,4016.0,7880.0,10.13,11895.0
2025-05-08,16,11891.0,4.28,9.02,4119.0,8131.0,10.09,12250.0
2025-05-08,17,11793.0,4.19,8.79,4353.0,8505.0,11.05,12859.0
2025-05-08,18,11879.0,3.93,8.68,5093.0,9747.0,13.16,14840.0
2025-05-08,19,13207.0,3.38,7.78,5655.0,11563.0,14.69,17217.0
2025-05-08,20,15585.0,3.02,5.39,5664.0,11707.0,14.85,17371.0
2025-05-08,21,15434.0,2.73,5.27,5789.0,11791.0,15.04,17580.0
2025-05-08,22,16000.0,2.47,5.37,5675.0,11387.0,13.93,17062.0
2025-05-08,23,17283.0,2.45,6.03,5237.0,10089.0,12.41,15326.0
2025-05-09,0,14455.0,2.96,7.08,3148.0,6014.0,7.33,9162.0
2025-05-09,1,12349.0,3.53,7.34,2795.0,5268.0,7.03,8064.0
2025-05-09,2,11528.0,3.99,7.06,2850.0,5290.0,6.91,8139.0
2025-05-09,3,11415.0,4.38,7.22,2841.0,5415.0,7.01,8255.0
2025-05-09,4,11165.0,4.75,7.33,2839.0,5308.0,7.38,8147.0
2025-05-09,5,10842.0,5.02,7.22,3068.0,6303.0,8.0,9371.0
2025-05-09,6,12154.0,5.09,8.2,4160.0,8267.0,9.77,12427.0
2025-05-09,7,14615.0,4.93,5.85,5481.0,10846.0,12.29,16327.0
2025-05-09,8,14807.0,4.58,5.4,6100.0,12089.0,14.63,18189.0
2025-05-09,9,14654.0,4.21,5.3,6014.0,10920.0,14.44,16934.0
2025-05-09,10,14835.0,3.87,5.33,6129.0,11227.0,14.42,17356.0
2025-05-09,11,14867.0,3.59,5.31,5696.0,10571.0,13.37,16267.0
2025-05-09,12,15109.0,3.52,5.33,5157.0,9537.0,11.53,14694.0
2025-05-09,13,15099.0,3.66,5.58,4503.0,8444.0,10.35,12946.0
2025-05-09,14,9626.0,3.69,10.53,4053.0,7776.0,9.63,11829.0
2025-05-09,15,13929.0,3.51,6.56,4287.0,8806.0,9.81,13093.0
2025-05-09,16,14931.0,3.74,5.53,4383.0,8902.0,9.88,13285.0
2025-05-09,17,14640.0,3.86,5.42,4710.0,9915.0,10.86,14624.0
2025-05-09,18,14661.0,3.7,5.39,5487.0,11422.0,12.97,16908.0
2025-05-09,19,14349.0,3.38,5.5,5731.0,10726.0,13.86,16456.0
2025-05-09,20,14374.0,3.17,5.43,5596.0,10386.0,13.65,15982.0
2025-05-09,21,14723.0,2.94,5.14,5751.0,10576.0,13.89,16327.0
2025-05-09,22,14189.0,2.77,6.33,5193.0,9769.0,12.73,14962.0
2025-05-09,23,13158.0,2.68,7.26,4729.0,9064.0,10.68,13792.0
2025-05-10,0,13599.0,2.82,5.43,3644.0,6890.0,7.78,10533.0
2025-05-10,1,14066.0,3.25,4.89,3446.0,6659.0,7.54,10105.0
2025-05-10,2,14088.0,3.81,5.0,3081.0,6037.0,7.39,9117.0
2025-05-10,3,14185.0,4.35,5.17,3315.0,6958.0,7.31,10272.0
2025-05-10,4,13673.0,4.81,5.34,3312.0,6849.0,7.68,10162.0
2025-05-10,5,12560.0,5.21,5.76,3193.0,6634.0,8.66,9827.0
2025-05-10,6,12676.0,5.34,6.93,4548.0,8995.0,11.83,13544.0
2025-05-10,7,13894.0,5.07,5.81,5708.0,10711.0,14.5,16418.0
2025-05-10,8,15101.0,4.77,5.72,6111.0,11382.0,15.55,17493.0
2025-05-10,9,15067.0,4.4,5.61,6352.0,11669.0,15.53,18021.0
2025-05-10,10,15310.0,4.05,5.62,6044.0,11191.0,14.24,17235.0
2025-05-10,11,15361.0,3.89,5.64,5355.0,9958.0,11.35,15313.0
2025-05-10,12,15095.0,4.06,6.3,4589.0,8601.0,9.4,13190.0
2025-05-10,13,13877.0,4.23,7.51,4440.0,8359.0,9.47,12799.0
2025-05-10,14,13906.0,4.37,7.61,4426.0,8347.0,9.72,12773.0
2025-05-10,15,13904.0,4.52,7.64,4343.0,8268.0,9.77,12611.0
2025-05-10,16,14242.0,4.66,7.87,4346.0,9008.0,9.78,13353.0
2025-05-10,17,14028.0,4.7,7.76,4762.0,10113.0,10.92,14875.0
2025-05-10,18,13916.0,4.46,7.48,5375.0,11529.0,13.52,16904.0
2025-05-10,19,13925.0,4.09,7.27,5728.0,10782.0,14.57,16510.0
2025-05-10,20,14152.0,3.79,7.23,5698.0,10631.0,14.59,16329.0
2025-05-10,21,14757.0,3.61,7.49,5740.0,10556.0,14.23,16296.0
2025-05-10,22,15257.0,3.35,7.75,5805.0,10503.0,13.53,16308.0
2025-05-10,23,15512.0,3.31,9.23,5279.0,9968.0,11.99,15247.0
2025-05-11,0,11582.0,3.47,10.37,3247.0,6132.0,7.22,9379.0
2025-05-11,1,12191.0,3.78,8.8,2917.0,5667.0,7.14,8584.0
2025-05-11,2,11626.0,4.21,8.57,2795.0,5510.0,7.2,8306.0
2025-05-11,3,11054.0,4.55,8.31,2868.0,5479.0,7.18,8347.0
2025-05-11,4,10847.0,4.89,8.28,2730.0,5121.0,7.73,7852.0
2025-05-11,5,10431.0,5.21,8.08,2802.0,5532.0,8.35,8334.0
2025-05-11,6,11312.0,5.34,8.93,3672.0,7095.0,9.8,10767.0
2025-05-11,7,13730.0,5.3,7.4,4941.0,9734.0,12.38,14675.0
2025-05-11,8,15319.0,5.12,5.63,5816.0,10755.0,14.4,16571.0
2025-05-11,9,15154.0,4.96,5.56,5886.0,10733.0,14.18,16619.0
2025-05-11,10,15275.0,4.72,5.56,6136.0,11032.0,14.06,17168.0
2025-05-11,11,14161.0,4.46,6.55,5716.0,10381.0,13.13,16097.0
2025-05-11,12,11850.0,4.16,8.83,5054.0,9211.0,11.3,14265.0
2025-05-11,13,11918.0,3.89,8.76,4581.0,8879.0,9.95,13459.0
2025-05-11,14,12007.0,3.81,8.84,4039.0,7865.0,9.16,11904.0
2025-05-11,15,12045.0,3.81,8.82,4168.0,8135.0,9.75,12303.0
2025-05-11,16,12015.0,3.75,8.73,4107.0,8044.0,9.92,12151.0
2025-05-11,17,11929.0,3.73,8.58,4271.0,8505.0,10.58,12776.0
2025-05-11,18,15314.0,3.62,5.43,5113.0,10665.0,12.89,15779.0
2025-05-11,19,14420.0,3.52,6.3,5329.0,10255.0,14.24,15583.0
2025-05-11,20,12128.0,3.22,8.17,5473.0,9951.0,14.17,15425.0
2025-05-11,21,13319.0,2.85,7.57,5697.0,10710.0,15.25,16407.0
2025-05-11,22,15046.0,2.54,7.51,5959.0,11588.0,15.72,17547.0
2025-05-11,23,18468.0,2.41,5.75,5369.0,10733.0,13.99,16103.0
2025-05-12,0,16294.0,2.7,5.22,4727.0,9765.0,11.56,14492.0
2025-05-12,1,16714.0,3.02,5.38,3965.0,8466.0,9.8,12431.0
2025-05-12,2,16786.0,3.64,5.54,3581.0,7603.0,9.04,11184.0
2025-05-12,3,16387.0,4.35,5.67,3428.0,7341.0,8.51,10769.0
2025-05-12,4,12761.0,4.87,8.49,3142.0,6476.0,8.41,9618.0
2025-05-12,5,10988.0,5.25,8.04,2905.0,5461.0,8.57,8366.0
2025-05-12,6,11672.0,5.38,7.94,4148.0,7424.0,11.33,11572.0
2025-05-12,7,15237.0,5.36,5.66,5599.0,10226.0,14.04,15825.0
2025-05-12,8,15156.0,5.24,5.6,5669.0,10433.0,14.35,16102.0
2025-05-12,9,14920.0,5.08,5.7,5846.0,10695.0,14.37,16541.0
2025-05-12,10,13322.0,4.72,7.3,5979.0,11296.0,14.47,17275.0
2025-05-12,11,13391.0,4.19,7.12,5722.0,11088.0,13.44,16811.0
2025-05-12,12,13641.0,3.86,7.12,5066.0,9895.0,11.74,14961.0
2025-05-12,13,13607.0,3.79,7.17,4446.0,8748.0,10.58,13194.0
2025-05-12,14,12715.0,3.87,7.92,4048.0,8017.0,9.8,12065.0
2025-05-12,15,12804.0,3.95,7.98,3993.0,7546.0,9.97,11540.0
2025-05-12,16,12722.0,4.19,8.04,3776.0,6700.0,10.35,10476.0
2025-05-12,17,12048.0,4.35,8.42,4230.0,7551.0,11.52,11781.0
2025-05-12,18,11925.0,4.21,8.51,4763.0,8785.0,13.13,13548.0
2025-05-12,19,12784.0,3.87,7.68,5228.0,10253.0,14.64,15482.0
2025-05-12,20,13965.0,3.57,7.07,5298.0,10312.0,14.55,15610.0
2025-05-12,21,14131.0,3.33,7.08,5369.0,10752.0,14.43,16121.0
2025-05-12,22,14705.0,3.04,7.73,5340.0,10785.0,12.99,16125.0
2025-05-12,23,14838.0,2.92,9.15,4722.0,9806.0,10.97,14528.0
2025-05-13,0,14204.0,3.21,8.75,3391.0,7242.0,7.71,10634.0
2025-05-13,1,14564.0,3.64,7.91,3228.0,7138.0,8.0,10366.0
2025-05-13,2,13412.0,4.16,8.68,2906.0,5969.0,7.74,8876.0
2025-05-13,3,12813.0,4.67,8.51,2976.0,5997.0,7.92,8973.0
2025-05-13,4,12554.0,5.14,8.94,2915.0,5853.0,8.45,8768.0
2025-05-13,5,9703.0,5.41,9.64,3061.0,5810.0,9.15,8871.0
2025-05-13,6,11689.0,5.4,9.11,4420.0,8312.0,11.81,12732.0
2025-05-13,7,11828.0,5.0,8.87,5675.0,10762.0,15.22,16437.0
2025-05-13,8,15465.0,4.55,5.5,5889.0,12001.0,16.09,17890.0
2025-05-13,9,15544.0,4.23,5.42,5948.0,12103.0,15.97,18051.0
2025-05-13,10,15624.0,3.91,5.52,5912.0,11919.0,15.01,17832.0
2025-05-13,11,15136.0,3.74,6.04,4941.0,10181.0,12.38,15122.0
2025-05-13,12,13517.0,3.77,8.68,4329.0,8960.0,10.39,13289.0
2025-05-13,13,13232.0,3.8,10.1,4301.0,8161.0,10.34,12462.0
2025-05-13,14,13034.0,3.9,9.98,4121.0,7881.0,10.25,12002.0
2025-05-13,15,12751.0,3.97,9.83,4173.0,7985.0,10.61,12158.0
2025-05-13,16,12638.0,4.04,9.58,4269.0,7881.0,10.2,12150.0
2025-05-13,17,13036.0,4.07,8.73,4623.0,8679.0,10.72,13302.0
2025-05-13,18,12487.0,3.85,7.97,5277.0,10579.0,12.83,15856.0
2025-05-13,19,14742.0,3.43,5.78,5810.0,11602.0,14.19,17412.0
2025-05-13,20,15006.0,3.1,5.56,5817.0,11688.0,14.7,17505.0
2025-05-13,21,15199.0,2.76,5.29,5967.0,11743.0,14.92,17710.0
2025-05-13,22,15789.0,2.55,5.09,5796.0,10662.0,14.06,16458.0
2025-05-13,23,15935.0,2.46,5.12,5315.0,10589.0,12.51,15904.0
2025-05-14,0,15427.0,2.78,5.04,3560.0,7205.0,8.24,10764.0
2025-05-14,1,15463.0,3.38,5.18,3260.0,6701.0,7.74,9961.0
2025-05-14,2,15463.0,4.15,5.41,3005.0,6026.0,7.21,9031.0
2025-05-14,3,10412.0,4.62,10.2,3090.0,6218.0,7.24,9308.0
2025-05-14,4,11520.0,4.82,8.93,2955.0,6167.0,7.71,9121.0
2025-05-14,5,11223.0,5.05,8.07,3180.0,6841.0,8.41,10021.0
2025-05-14,6,14938.0,5.17,5.81,4851.0,9803.0,11.54,14654.0
2025-05-14,7,14883.0,4.94,5.67,6031.0,11947.0,14.48,17978.0
2025-05-14,8,14906.0,4.48,5.46,6241.0,12160.0,15.19,18401.0
2025-05-14,9,14923.0,4.12,5.34,6035.0,11129.0,15.15,17165.0
2025-05-14,10,15125.0,3.86,5.27,5715.0,10834.0,13.89,16549.0
2025-05-14,11,14833.0,3.83,5.77,4737.0,9150.0,11.14,13887.0
2025-05-14,12,13244.0,3.99,7.57,4103.0,7911.0,9.14,12014.0
2025-05-14,13,12840.0,4.1,8.11,4090.0,8090.0,9.02,12180.0
2025-05-14,14,12962.0,4.14,8.29,4061.0,8545.0,9.3,12606.0
2025-05-14,15,13086.0,4.18,8.4,4144.0,8640.0,9.1,12784.0
2025-05-14,16,13194.0,4.2,8.58,4240.0,8596.0,9.08,12836.0
2025-05-14,17,13399.0,4.22,8.75,4631.0,9116.0,10.23,13747.0
2025-05-14,18,13296.0,4.07,8.37,5153.0,10409.0,12.24,15562.0
2025-05-14,19,13460.0,3.68,7.12,5754.0,10956.0,14.52,16711.0
2025-05-14,20,13380.0,3.32,6.83,5608.0,10500.0,16.08,16107.0
2025-05-14,21,14728.0,3.03,5.43,5782.0,10699.0,15.88,16482.0
2025-05-14,22,15432.0,2.98,5.05,5642.0,10566.0,14.54,16208.0
2025-05-14,23,16399.0,2.84,5.28,5284.0,10251.0,12.74,15534.0
2025-05-15,0,13786.0,3.15,7.23,3416.0,6752.0,7.95,10168.0
2025-05-15,1,13418.0,3.56,7.77,3195.0,6509.0,7.87,9704.0
2025-05-15,2,13552.0,3.97,8.15,3158.0,7033.0,8.05,10191.0
2025-05-15,3,13582.0,4.36,8.43,3134.0,7265.0,8.07,10399.0
2025-05-15,4,11992.0,4.64,7.38,3166.0,7066.0,8.53,10233.0
2025-05-15,5,12944.0,4.89,6.03,3374.0,7223.0,8.82,10597.0
2025-05-15,6,15267.0,5.11,5.68,4694.0,9478.0,11.78,14172.0
2025-05-15,7,15359.0,5.01,5.58,5920.0,11088.0,14.84,17008.0
2025-05-15,8,15096.0,4.78,5.47,5900.0,10963.0,15.28,16863.0
2025-05-15,9,14980.0,4.51,5.41,6032.0,11109.0,14.69,17141.0
2025-05-15,10,15213.0,4.23,5.43,5934.0,10961.0,14.24,16895.0
2025-05-15,11,15300.0,4.12,5.46,5152.0,9936.0,12.58,15087.0
2025-05-15,12,14498.0,4.21,6.88,4464.0,9123.0,10.43,13586.0
2025-05-15,13,13028.0,4.25,9.26,4253.0,8853.0,10.02,13106.0
2025-05-15,14,12659.0,4.24,9.84,4233.0,8752.0,9.91,12985.0
2025-05-15,15,12693.0,4.15,9.87,4271.0,8960.0,10.26,13230.0
2025-05-15,16,12681.0,4.1,9.69,4315.0,8742.0,10.45,13057.0
2025-05-15,17,12532.0,3.98,9.45,4663.0,9275.0,11.44,13938.0
2025-05-15,18,12613.0,3.77,9.28,5147.0,9497.0,13.31,14644.0
2025-05-15,19,12770.0,3.42,9.17,5638.0,10364.0,14.79,16001.0
2025-05-15,20,14329.0,3.03,7.56,5780.0,10696.0,15.09,16476.0
2025-05-15,21,15133.0,2.86,6.89,5598.0,10487.0,14.79,16085.0
2025-05-15,22,14911.0,2.7,6.68,5778.0,10649.0,13.9,16428.0
2025-05-15,23,14933.0,2.53,6.65,5201.0,10114.0,12.4,15314.0
2025-05-16,0,15529.0,2.81,7.11,3454.0,7347.0,7.75,10801.0
2025-05-16,1,14756.0,3.36,6.19,3262.0,7047.0,7.75,10309.0
2025-05-16,2,14798.0,3.94,6.39,3172.0,6941.0,7.65,10113.0
2025-05-16,3,14590.0,4.5,6.78,3253.0,7088.0,7.87,10341.0
2025-05-16,4,13677.0,4.97,6.88,3200.0,7100.0,8.48,10300.0
2025-05-16,5,12835.0,5.33,6.67,3463.0,6836.0,9.1,10299.0
2025-05-16,6,13248.0,5.45,6.88,4890.0,9341.0,11.99,14231.0
2025-05-16,7,14798.0,5.21,6.08,5902.0,10877.0,15.13,16779.0
2025-05-16,8,15208.0,4.92,5.56,6193.0,11503.0,15.77,17696.0
2025-05-16,9,15183.0,4.57,5.51,6269.0,11574.0,15.89,17842.0
2025-05-16,10,14598.0,4.22,6.45,5952.0,10970.0,14.9,16922.0
2025-05-16,11,14252.0,4.03,6.88,5025.0,9403.0,12.09,14428.0
2025-05-16,12,14109.0,4.06,7.57,4460.0,8969.0,10.18,13429.0
2025-05-16,13,14581.0,4.18,7.98,4430.0,8864.0,10.12,13294.0
2025-05-16,14,14570.0,4.4,7.99,4203.0,8742.0,10.2,12946.0
2025-05-16,15,14579.0,4.65,8.82,4129.0,8360.0,10.4,12490.0
2025-05-16,16,13075.0,4.82,10.45,4213.0,8060.0,10.32,12273.0
2025-05-16,17,12877.0,4.88,10.27,4504.0,8273.0,10.98,12777.0
2025-05-16,18,12044.0,4.72,9.42,5088.0,9549.0,13.06,14636.0
2025-05-16,19,12152.0,4.28,9.19,5609.0,10443.0,14.85,16053.0
2025-05-16,20,12439.0,3.8,9.07,5559.0,10376.0,14.79,15935.0
2025-05-16,21,12580.0,3.35,8.9,5698.0,10492.0,14.95,16190.0
2025-05-16,22,13963.0,2.93,7.9,5766.0,10580.0,14.56,16346.0
2025-05-16,23,14552.0,2.72,7.34,5323.0,10160.0,12.84,15484.0
2025-05-17,0,14089.0,2.92,6.51,3475.0,6818.0,8.48,10294.0
2025-05-17,1,13716.0,3.33,6.34,3461.0,6782.0,8.73,10243.0
2025-05-17,2,14241.0,3.81,6.87,3135.0,6428.0,8.59,9563.0
2025-05-17,3,14493.0,4.36,7.37,3226.0,7003.0,8.15,10230.0
2025-05-17,4,12402.0,4.74,6.77,3224.0,6883.0,8.39,10107.0
2025-05-17,5,12027.0,5.01,6.72,3174.0,6679.0,9.18,9853.0
2025-05-17,6,14301.0,5.11,6.16,4765.0,9706.0,12.37,14471.0
2025-05-17,7,15313.0,4.92,5.57,6225.0,11854.0,15.64,18079.0
2025-05-17,8,15135.0,4.51,5.44,6395.0,12119.0,16.28,18514.0
2025-05-17,9,15159.0,4.05,5.36,6533.0,11994.0,15.85,18527.0
2025-05-17,10,15624.0,3.66,5.39,6253.0,11500.0,14.83,17753.0
2025-05-17,11,15910.0,3.51,5.46,5325.0,10069.0,12.41,15394.0
2025-05-17,12,15118.0,3.7,6.42,4672.0,8776.0,10.23,13448.0
2025-05-17,13,13585.0,3.79,7.99,4611.0,8648.0,10.35,13260.0
2025-05-17,14,13167.0,3.81,8.47,4434.0,8455.0,10.12,12889.0
2025-05-17,15,13199.0,3.88,8.47,4343.0,8286.0,10.08,12629.0
2025-05-17,16,13140.0,3.95,8.39,4338.0,8440.0,10.55,12777.0
2025-05-17,17,13005.0,3.9,8.22,4678.0,9514.0,11.83,14192.0
2025-05-17,18,12906.0,3.64,7.76,5329.0,10696.0,13.5,16025.0
2025-05-17,19,15078.0,3.31,5.64,5816.0,10793.0,14.79,16609.0
2025-05-17,20,15041.0,3.09,5.59,5880.0,10916.0,14.91,16796.0
2025-05-17,21,15436.0,2.85,5.25,6069.0,11094.0,14.69,17163.0
2025-05-17,22,15995.0,2.68,5.18,5836.0,10799.0,13.74,16636.0
2025-05-17,23,17045.0,2.76,6.93,5288.0,10168.0,11.97,15456.0
2025-05-18,0,12575.0,3.05,8.7,3182.0,6306.0,6.97,9488.0
2025-05-18,1,12198.0,3.42,8.56,2982.0,5926.0,7.33,8908.0
2025-05-18,2,12221.0,3.84,8.88,2952.0,5851.0,7.23,8803.0
2025-05-18,3,13092.0,4.25,8.21,3038.0,6645.0,7.25,9683.0
2025-05-18,4,12719.0,4.67,7.23,3020.0,6515.0,7.55,9535.0
2025-05-18,5,12107.0,5.04,7.03,2922.0,6221.0,8.48,9142.0
2025-05-18,6,11435.0,5.33,8.33,3599.0,6874.0,9.85,10473.0
2025-05-18,7,12167.0,5.15,8.7,5155.0,10265.0,12.81,15420.0
2025-05-18,8,12286.0,4.53,8.31,6038.0,12279.0,15.05,18316.0
2025-05-18,9,14330.0,3.83,6.28,6270.0,12327.0,14.5,18596.0
2025-05-18,10,15160.0,3.33,5.65,6329.0,11783.0,14.66,18112.0
2025-05-18,11,15487.0,3.07,5.27,5839.0,10618.0,13.5,16457.0
2025-05-18,12,15555.0,3.03,5.3,5332.0,9647.0,11.83,14979.0
2025-05-18,13,15446.0,3.2,5.45,4696.0,8379.0,11.1,13074.0
2025-05-18,14,15375.0,3.59,5.54,4241.0,7701.0,9.8,11941.0
2025-05-18,15,15346.0,3.97,5.49,4332.0,8456.0,9.68,12788.0
2025-05-18,16,15107.0,4.28,5.5,4359.0,8457.0,9.98,12816.0
2025-05-18,17,13756.0,4.45,6.42,4556.0,9057.0,10.83,13613.0
2025-05-18,18,13700.0,4.34,6.32,5217.0,10408.0,12.88,15624.0
2025-05-18,19,13561.0,3.99,6.38,5631.0,11155.0,14.65,16787.0
2025-05-18,20,12791.0,3.57,7.04,5621.0,10391.0,14.4,16012.0
2025-05-18,21,13769.0,3.17,6.16,5710.0,10744.0,14.13,16454.0
2025-05-18,22,15194.0,2.95,5.43,5456.0,10443.0,13.47,15898.0
2025-05-18,23,15633.0,2.98,6.7,4799.0,9256.0,11.19,14055.0
2025-05-19,0,13390.0,3.31,7.19,3440.0,6719.0,8.22,10159.0
2025-05-19,1,13520.0,3.73,8.04,3208.0,6496.0,7.99,9704.0
2025-05-19,2,13237.0,4.16,8.59,3094.0,6728.0,7.51,9822.0
2025-05-19,3,13057.0,4.53,8.66,3244.0,7120.0,8.1,10364.0
2025-05-19,4,12580.0,4.8,7.52,3281.0,6860.0,8.91,10141.0
2025-05-19,5,12230.0,5.08,6.62,3212.0,6758.0,9.52,9970.0
2025-05-19,6,14069.0,5.23,5.99,4747.0,9356.0,12.35,14103.0
2025-05-19,7,15194.0,5.09,5.58,5857.0,10817.0,15.93,16674.0
2025-05-19,8,15118.0,4.85,5.52,6101.0,11046.0,16.97,17147.0
2025-05-19,9,15027.0,4.55,5.45,6152.0,11476.0,16.53,17628.0
2025-05-19,10,15233.0,4.21,5.44,5916.0,11379.0,15.64,17295.0
2025-05-19,11,15295.0,4.09,5.45,5091.0,9752.0,12.79,14843.0
2025-05-19,12,13946.0,4.14,7.44,4494.0,9191.0,11.33,13685.0
2025-05-19,13,14128.0,4.2,7.62,4464.0,9027.0,11.28,13491.0
2025-05-19,14,14065.0,4.3,7.61,4348.0,8833.0,11.81,13181.0
2025-05-19,15,12895.0,4.34,8.83,4169.0,8735.0,11.1,12905.0
2025-05-19,16,12317.0,4.27,9.39,4279.0,8754.0,11.02,13033.0
2025-05-19,17,12880.0,4.17,8.69,4564.0,8982.0,12.28,13546.0
2025-05-19,18,13035.0,4.03,8.67,5190.0,9602.0,13.95,14793.0
2025-05-19,19,13178.0,3.7,8.55,5757.0,10616.0,15.51,16374.0
2025-05-19,20,14459.0,3.31,7.4,5829.0,10712.0,15.76,16541.0
2025-05-19,21,15464.0,3.13,6.41,5851.0,10651.0,15.28,16502.0
2025-05-19,22,14741.0,2.96,7.16,5806.0,10549.0,14.77,16355.0
2025-05-19,23,14892.0,2.76,7.24,5441.0,10542.0,13.58,15983.0
2025-05-20,0,14737.0,2.92,6.24,3575.0,7493.0,9.12,11068.0
2025-05-20,1,14880.0,3.39,6.24,3429.0,7301.0,9.52,10730.0
2025-05-20,2,14869.0,3.93,6.43,3305.0,7207.0,9.43,10512.0
2025-05-20,3,13936.0,4.43,7.26,3369.0,7160.0,9.71,10529.0
2025-05-20,4,12076.0,4.74,7.98,3296.0,6768.0,9.95,10065.0
2025-05-20,5,11829.0,4.96,7.91,3481.0,6330.0,10.42,9810.0
2025-05-20,6,13303.0,5.08,7.57,4916.0,8902.0,13.08,13817.0
2025-05-20,7,15008.0,4.9,5.5,6034.0,11079.0,16.25,17114.0
2025-05-20,8,14817.0,4.56,5.39,6238.0,11348.0,16.63,17586.0
2025-05-20,9,14670.0,4.16,5.31,6254.0,11507.0,16.84,17760.0
2025-05-20,10,15042.0,3.77,5.34,5998.0,11580.0,16.96,17578.0
2025-05-20,11,15139.0,3.48,5.33,5273.0,11151.0,14.34,16424.0
2025-05-20,12,15387.0,3.49,5.35,4458.0,9621.0,12.51,14079.0
2025-05-20,13,15275.0,3.67,5.63,4291.0,8871.0,12.29,13162.0
2025-05-20,14,15031.0,3.93,5.98,4235.0,8885.0,12.18,13120.0
2025-05-20,15,13785.0,4.06,7.33,4214.0,8859.0,11.74,13072.0
2025-05-20,16,13678.0,4.1,7.4,4389.0,8846.0,11.28,13236.0
2025-05-20,17,12093.0,4.05,8.81,4598.0,8593.0,12.34,13192.0
2025-05-20,18,11986.0,3.76,8.43,5322.0,9908.0,14.39,15230.0
2025-05-20,19,12816.0,3.24,7.69,5758.0,10700.0,15.87,16458.0
2025-05-20,20,13819.0,2.81,6.92,5818.0,10954.0,16.22,16772.0
2025-05-20,21,14838.0,2.45,5.71,5801.0,10899.0,15.67,16700.0
2025-05-20,22,15846.0,2.24,5.56,5843.0,11541.0,15.52,17383.0
2025-05-20,23,5101.0,2.5,10.24,2354.0,5043.0,7.88,7397.0
2025-05-21,0,3858.0,3.02,10.17,2148.0,4536.0,7.05,6684.0
2025-05-21,1,3625.0,3.49,9.62,1959.0,4377.0,6.78,6336.0
2025-05-21,2,3510.0,3.94,9.59,1854.0,4368.0,7.03,6221.0
2025-05-21,3,11834.0,4.39,6.17,2912.0,6365.0,8.69,9276.0
2025-05-21,4,14151.0,4.84,5.43,3294.0,6751.0,10.08,10046.0
2025-05-21,5,13201.0,5.36,6.52,3402.0,6070.0,9.94,9471.0
2025-05-21,6,12616.0,5.46,8.26,4958.0,8976.0,12.95,13934.0
2025-05-21,7,15096.0,5.23,5.75,6061.0,11071.0,16.01,17132.0
2025-05-21,8,14659.0,4.87,5.85,6278.0,11565.0,16.56,17843.0
2025-05-21,9,14643.0,4.49,5.74,6118.0,11355.0,16.5,17473.0
2025-05-21,10,14852.0,4.11,5.79,5827.0,12225.0,15.49,18052.0
2025-05-21,11,14944.0,3.79,6.13,5049.0,10847.0,12.79,15896.0
2025-05-21,12,12564.0,3.72,8.75,4224.0,8761.0,10.32,12985.0
2025-05-21,13,12663.0,3.67,8.78,4191.0,8697.0,10.1,12888.0
2025-05-21,14,12863.0,3.66,8.98,4066.0,8540.0,10.03,12606.0
2025-05-21,15,13724.0,3.73,8.45,4111.0,8451.0,10.04,12562.0
2025-05-21,16,13092.0,3.86,9.47,4214.0,7895.0,10.04,12110.0
2025-05-21,17,12945.0,3.92,9.41,4650.0,8406.0,11.52,13056.0
2025-05-21,18,12852.0,3.78,8.84,5293.0,9718.0,13.59,15011.0
2025-05-21,19,13960.0,3.45,7.57,5715.0,10692.0,15.08,16408.0
2025-05-21,20,14164.0,3.14,7.12,5796.0,10928.0,15.04,16724.0
2025-05-21,21,15272.0,2.8,5.66,5916.0,11736.0,15.03,17652.0
2025-05-21,22,15685.0,2.54,5.22,5826.0,11602.0,14.19,17428.0
2025-05-21,23,15824.0,2.33,5.24,5306.0,11002.0,12.15,16309.0
2025-05-22,0,15564.0,2.65,5.21,3558.0,7364.0,7.58,10922.0
2025-05-22,1,15128.0,3.2,5.22,3279.0,6814.0,7.53,10093.0
2025-05-22,2,14908.0,3.9,5.53,3122.0,6214.0,7.48,9336.0
2025-05-22,3,12711.0,4.45,7.63,3178.0,6291.0,7.57,9469.0
2025-05-22,4,11712.0,4.79,7.82,3158.0,6059.0,8.04,9217.0
2025-05-22,5,11535.0,5.08,7.67,3258.0,5860.0,8.84,9117.0
2025-05-22,6,13001.0,5.25,8.05,4806.0,8711.0,12.05,13518.0
2025-05-22,7,14828.0,5.0,5.77,6060.0,11027.0,15.71,17087.0
2025-05-22,8,14784.0,4.64,5.56,6257.0,12035.0,16.51,18292.0
2025-05-22,9,14729.0,4.11,5.44,6293.0,12638.0,16.74,18931.0
2025-05-22,10,15074.0,3.61,5.42,6021.0,12021.0,15.23,18042.0
2025-05-22,11,15196.0,3.37,5.41,5040.0,10274.0,12.46,15314.0
2025-05-22,12,15412.0,3.53,5.54,4278.0,8882.0,10.36,13160.0
2025-05-22,13,15479.0,3.77,5.68,4328.0,8956.0,10.64,13284.0
2025-05-22,14,15491.0,4.07,5.79,4149.0,8594.0,10.72,12744.0
2025-05-22,15,13453.0,4.3,7.96,4079.0,8231.0,10.56,12310.0
2025-05-22,16,13486.0,4.39,8.04,4294.0,8063.0,11.13,12358.0
2025-05-22,18,13181.0,4.36,7.75,5255.0,10634.0,14.32,15889.0
2025-05-22,19,13221.0,3.89,7.47,5739.0,11655.0,15.43,17393.0
2025-05-22,20,14657.0,3.37,5.9,5869.0,11918.0,15.92,17787.0
2025-05-22,21,14913.0,2.97,5.13,5913.0,12040.0,16.03,17953.0
2025-05-22,22,15302.0,2.62,5.16,5760.0,10866.0,14.85,16627.0
2025-05-22,23,15931.0,2.54,5.28,5020.0,9885.0,12.78,14905.0
2025-05-23,0,14123.0,2.92,7.54,3231.0,6651.0,8.58,9882.0
2025-05-23,1,13928.0,3.42,7.04,3082.0,6433.0,8.46,9515.0
2025-05-23,2,13300.0,3.92,7.56,3003.0,6274.0,8.42,9277.0
2025-05-23,3,13171.0,4.42,7.74,2880.0,6121.0,8.63,9001.0
2025-05-23,4,11794.0,4.85,7.08,3023.0,5909.0,8.88,8933.0
2025-05-23,5,11655.0,5.1,7.1,3417.0,6705.0,9.92,10122.0
2025-05-23,6,14417.0,5.18,6.32,4943.0,9700.0,12.93,14643.0
2025-05-23,7,14960.0,4.92,5.65,6204.0,12110.0,15.94,18314.0
2025-05-23,8,14832.0,4.6,5.53,6373.0,12354.0,16.46,18728.0
2025-05-23,16,13022.0,4.17,7.56,4520.0,9494.0,10.96,14014.0
2025-05-23,17,12956.0,4.01,7.37,4859.0,9786.0,11.91,14645.0
2025-05-23,18,13050.0,3.95,7.32,4946.0,9839.0,12.37,14785.0
2025-05-23,19,14801.0,3.36,5.66,5748.0,11053.0,15.4,16801.0
2025-05-23,20,15023.0,3.08,5.42,5777.0,10822.0,15.91,16599.0
2025-05-23,21,15009.0,2.86,5.35,5852.0,10994.0,15.52,16846.0
2025-05-23,22,15511.0,2.62,5.44,5872.0,11078.0,14.99,16950.0
2025-05-23,23,16491.0,2.57,6.04,5259.0,9951.0,12.61,15209.0
2025-05-24,0,14109.0,2.97,6.13,3482.0,6628.0,8.18,10110.0
2025-05-24,1,14527.0,3.48,5.43,3341.0,6417.0,8.05,9758.0
2025-05-24,2,13484.0,4.06,6.58,3072.0,6162.0,8.21,9234.0
2025-05-24,3,12560.0,4.51,7.34,2956.0,6458.0,7.98,9413.0
2025-05-24,4,11567.0,4.79,6.91,3256.0,6683.0,8.96,9939.0
2025-05-24,5,11262.0,5.0,6.74,3246.0,5976.0,9.93,9222.0
2025-05-24,6,13852.0,5.26,5.46,4460.0,8001.0,12.48,12461.0
2025-05-24,7,15014.0,5.12,5.7,6128.0,11435.0,16.5,17562.0
2025-05-24,8,15096.0,4.71,5.65,6471.0,12074.0,17.0,18545.0
2025-05-24,9,14889.0,4.36,5.55,6566.0,12137.0,16.7,18704.0
2025-05-24,10,15048.0,3.86,5.49,6497.0,12171.0,16.0,18667.0
2025-05-24,11,15244.0,3.52,5.47,5812.0,10832.0,14.16,16644.0
2025-05-24,12,15210.0,3.47,5.49,4837.0,9354.0,12.37,14191.0
2025-05-24,13,15276.0,3.67,5.59,4671.0,8914.0,11.72,13586.0
2025-05-24,14,15322.0,3.86,5.57,4646.0,9583.0,12.53,14229.0
2025-05-24,15,15364.0,4.0,5.57,4562.0,9863.0,12.83,14425.0
2025-05-24,16,15447.0,4.11,5.57,4560.0,10095.0,12.84,14655.0
2025-05-24,17,15116.0,4.26,5.5,4469.0,8854.0,12.9,13322.0
2025-05-24,18,14755.0,4.41,5.83,5114.0,9562.0,14.91,14676.0
2025-05-24,19,12764.0,4.1,8.61,5652.0,10676.0,16.4,16327.0
2025-05-24,20,12616.0,3.64,8.76,5616.0,10659.0,16.26,16275.0
2025-05-24,21,12929.0,3.15,8.7,5881.0,10915.0,16.51,16796.0
2025-05-24,22,14007.0,2.74,7.87,5693.0,10667.0,15.78,16360.0
2025-05-24,23,14613.0,2.47,8.19,5370.0,10450.0,14.76,15821.0
2025-05-25,0,14572.0,2.79,8.33,3059.0,5971.0,9.24,9030.0
2025-05-25,1,13079.0,3.43,8.02,2746.0,5452.0,8.64,8198.0
2025-05-25,2,12955.0,3.99,7.77,2831.0,5501.0,8.48,8332.0
2025-05-25,3,12408.0,4.49,7.61,2757.0,6011.0,8.35,8768.0
2025-05-25,4,11886.0,4.9,7.48,2729.0,5787.0,8.52,8517.0
2025-05-25,5,11829.0,5.31,7.64,2783.0,5594.0,9.19,8377.0
2025-05-25,6,9917.0,5.58,9.95,3550.0,6414.0,10.6,9964.0
2025-05-25,7,11519.0,5.3,8.47,4943.0,9048.0,13.06,13991.0
2025-05-25,8,15206.0,5.07,5.82,5891.0,11431.0,15.23,17322.0
2025-05-25,9,15206.0,4.81,5.74,5988.0,11872.0,15.28,17860.0
2025-05-25,10,15192.0,4.45,5.67,6127.0,11654.0,15.46,17781.0
2025-05-25,11,14957.0,4.15,6.01,5923.0,10982.0,15.0,16905.0
2025-05-25,12,13833.0,3.95,7.06,5312.0,9663.0,13.32,14974.0
2025-05-25,13,13454.0,3.87,7.51,4791.0,8682.0,12.21,13473.0
2025-05-25,14,11503.0,3.86,9.29,4129.0,7454.0,10.68,11584.0
2025-05-25,15,11251.0,3.84,9.53,4151.0,7723.0,10.71,11873.0
2025-05-25,16,11977.0,3.74,8.92,4213.0,8225.0,10.41,12438.0
2025-05-25,17,12433.0,3.66,8.15,4359.0,9017.0,11.11,13376.0
2025-05-25,18,14024.0,3.39,6.65,5208.0,11026.0,13.65,16234.0
2025-05-25,19,15324.0,3.16,5.32,5506.0,10951.0,14.83,16457.0
2025-05-25,20,15303.0,3.05,5.28,5641.0,10373.0,14.52,16014.0
2025-05-25,21,15247.0,2.95,5.41,5545.0,10363.0,14.49,15908.0
2025-05-25,22,15730.0,2.95,5.59,5374.0,10136.0,13.44,15510.0
2025-05-25,23,13784.0,2.9,10.12,4666.0,9093.0,11.56,13759.0
2025-05-26,0,12752.0,3.11,9.55,3266.0,6636.0,8.55,9902.0
2025-05-26,1,12785.0,3.43,9.22,3331.0,7065.0,8.62,10396.0
2025-05-26,2,13138.0,3.74,9.06,3091.0,7023.0,8.48,10114.0
2025-05-26,3,13817.0,4.16,8.52,3065.0,6963.0,8.5,10029.0
2025-05-26,4,13594.0,4.59,6.88,3174.0,6842.0,8.74,10017.0
2025-05-26,5,13555.0,5.03,5.9,3359.0,6661.0,9.52,10020.0
2025-05-26,6,14194.0,5.33,6.77,4829.0,9300.0,12.36,14130.0
2025-05-26,7,14752.0,5.05,5.83,6045.0,11628.0,15.4,17673.0
2025-05-26,8,14772.0,4.62,5.52,6194.0,12027.0,16.51,18220.0
2025-05-26,9,14760.0,4.24,5.43,6093.0,11340.0,16.31,17433.0
2025-05-26,10,14367.0,3.95,6.0,5699.0,10318.0,14.87,16017.0
2025-05-26,11,14833.0,3.88,5.57,4794.0,9053.0,12.16,13848.0
2025-05-26,12,13625.0,4.05,7.06,4256.0,7950.0,10.75,12207.0
2025-05-26,13,13108.0,4.2,7.64,4131.0,7888.0,10.36,12019.0
2025-05-26,14,13185.0,4.34,7.74,4133.0,7877.0,10.53,12010.0
2025-05-26,15,13229.0,4.47,7.86,4186.0,8014.0,10.48,12200.0
2025-05-26,16,13164.0,4.59,7.89,4212.0,7895.0,11.07,12107.0
2025-05-26,17,13015.0,4.69,7.86,4514.0,8189.0,11.83,12702.0
2025-05-26,18,13053.0,4.6,7.79,5159.0,9862.0,13.74,15021.0
2025-05-26,19,13194.0,4.2,7.56,5742.0,11335.0,15.69,17078.0
2025-05-26,20,13278.0,3.7,7.34,5821.0,11107.0,15.65,16928.0
2025-05-26,21,13433.0,3.29,7.21,5703.0,10576.0,15.54,16279.0
2025-05-26,22,14154.0,2.96,7.6,5630.0,10452.0,14.47,16082.0
2025-05-26,23,16048.0,2.85,9.01,5247.0,10223.0,12.59,15471.0
2025-05-27,0,13211.0,3.13,8.71,3315.0,6651.0,8.11,9966.0
2025-05-27,1,13089.0,3.53,7.55,3047.0,6131.0,8.06,9178.0
2025-05-27,2,12720.0,4.0,7.57,3111.0,6225.0,8.46,9337.0
2025-05-27,3,12961.0,4.38,7.95,3110.0,6253.0,8.46,9363.0
2025-05-27,4,11503.0,4.74,7.12,3055.0,5902.0,8.84,8957.0
2025-05-27,5,11307.0,5.06,7.17,3157.0,5529.0,9.23,8686.0
2025-05-27,6,13262.0,5.2,6.77,4817.0,8824.0,12.46,13641.0
2025-05-27,7,14724.0,5.01,5.6,5855.0,11077.0,15.79,16932.0
2025-05-27,8,14639.0,4.67,5.49,6008.0,11644.0,16.14,17651.0
2025-05-27,9,14752.0,4.24,5.39,6041.0,12299.0,16.38,18339.0
2025-05-27,10,15547.0,3.84,5.49,5890.0,11906.0,15.47,17796.0
2025-05-27,11,15953.0,3.69,5.56,5089.0,10506.0,12.48,15595.0
2025-05-27,12,16062.0,3.91,5.69,4290.0,8849.0,10.68,13139.0
2025-05-27,13,15986.0,4.24,5.81,4329.0,9164.0,10.73,13493.0
2025-05-27,14,15986.0,4.54,5.95,4283.0,9031.0,10.98,13315.0
2025-05-27,15,13620.0,4.81,8.35,4196.0,9031.0,11.65,13227.0
2025-05-27,16,11351.0,4.63,10.18,4300.0,8875.0,11.59,13174.0
2025-05-27,17,11439.0,4.36,9.72,4554.0,9221.0,13.6,13775.0
2025-05-27,18,14053.0,4.08,7.14,5348.0,10777.0,15.32,16125.0
2025-05-27,19,14721.0,3.74,5.52,5869.0,11976.0,17.03,17845.0
2025-05-27,20,14863.0,3.33,5.28,5961.0,12130.0,16.83,18091.0
2025-05-27,21,14999.0,2.91,5.13,6074.0,12267.0,16.74,18341.0
2025-05-27,22,15429.0,2.62,5.16,5782.0,10351.0,15.57,16133.0
2025-05-27,23,16262.0,2.61,5.37,5235.0,10087.0,13.89,15322.0
2025-05-28,0,14445.0,2.96,6.13,3545.0,6579.0,9.55,10125.0
2025-05-28,1,13586.0,3.49,7.48,3192.0,6349.0,9.49,9541.0
2025-05-28,2,13484.0,4.01,7.71,3070.0,6227.0,9.27,9296.0
2025-05-28,3,13258.0,4.5,7.86,3112.0,6319.0,9.28,9430.0
2025-05-28,4,12313.0,4.95,7.46,3057.0,5806.0,9.59,8864.0
2025-05-28,5,10643.0,5.21,7.37,3397.0,6683.0,10.19,10080.0
2025-05-28,6,14942.0,5.28,5.73,4905.0,9752.0,13.13,14657.0
2025-05-28,7,14938.0,5.04,5.66,6072.0,12174.0,16.15,18246.0
2025-05-28,8,14819.0,4.53,5.52,6288.0,12509.0,16.73,18797.0
2025-05-28,9,14885.0,4.1,5.48,6069.0,11343.0,16.84,17412.0
2025-05-28,10,15093.0,3.86,5.45,5791.0,10576.0,16.18,16366.0
2025-05-28,11,15132.0,3.83,5.43,4804.0,9167.0,13.42,13971.0
2025-05-28,12,13548.0,4.02,7.42,4125.0,7880.0,11.0,12005.0
2025-05-28,13,11241.0,4.03,9.63,3912.0,7837.0,11.19,11749.0
2025-05-28,14,12676.0,3.97,9.92,4072.0,8599.0,11.28,12670.0
2025-05-28,15,14009.0,4.01,8.99,4061.0,8628.0,11.47,12689.0
2025-05-28,16,13193.0,4.1,8.79,4104.0,8589.0,11.28,12693.0
2025-05-28,17,13027.0,4.09,8.57,4554.0,9328.0,12.5,13881.0
2025-05-28,18,12856.0,3.82,8.17,5188.0,10710.0,14.62,15898.0
2025-05-28,19,12848.0,3.32,7.68,5661.0,10943.0,15.6,16604.0
2025-05-28,20,15111.0,3.0,5.42,5586.0,10432.0,15.8,16018.0
2025-05-28,21,15133.0,2.9,5.37,5576.0,10297.0,15.47,15873.0
2025-05-28,22,15392.0,2.78,5.41,5651.0,10370.0,14.66,16020.0
2025-05-28,23,16271.0,2.72,6.05,5116.0,9836.0,13.24,14952.0
2025-05-29,0,14461.0,3.13,7.91,3272.0,6633.0,8.73,9905.0
2025-05-29,1,12682.0,3.64,8.37,2640.0,5907.0,7.69,8547.0
2025-05-29,2,11741.0,4.08,8.24,2553.0,6062.0,7.59,8614.0
2025-05-29,3,11442.0,4.4,8.22,2673.0,6141.0,7.61,8813.0
2025-05-29,4,11758.0,4.75,7.96,2575.0,5844.0,8.08,8419.0
2025-05-29,5,11261.0,5.13,7.2,2960.0,5858.0,8.74,8818.0
2025-05-29,6,12352.0,5.3,8.0,4095.0,7493.0,10.5,11587.0
2025-05-29,7,13824.0,5.22,6.75,5277.0,9873.0,13.68,15151.0
2025-05-29,8,14557.0,4.95,5.99,6106.0,11439.0,16.15,17544.0
2025-05-29,9,13717.0,4.5,6.68,5970.0,11264.0,16.21,17234.0
2025-05-29,10,13899.0,4.11,6.95,5709.0,10638.0,15.25,16346.0
2025-05-29,11,14527.0,3.86,7.43,5069.0,10496.0,13.61,15565.0
2025-05-29,12,14409.0,3.88,8.26,4296.0,9049.0,11.92,13345.0
2025-05-29,13,11789.0,3.91,10.0,3887.0,8413.0,11.08,12300.0
2025-05-29,14,11549.0,3.86,9.8,3684.0,7888.0,10.47,11572.0
2025-05-29,15,11960.0,3.85,10.31,3846.0,8112.0,10.57,11958.0
2025-05-29,16,12439.0,3.87,10.8,3843.0,7986.0,10.99,11830.0
2025-05-29,17,12171.0,3.89,9.51,4117.0,8491.0,11.75,12608.0
2025-05-29,18,12990.0,3.83,8.85,4639.0,9031.0,13.11,13670.0
2025-05-29,19,13718.0,3.69,8.58,5213.0,9827.0,15.0,15040.0
2025-05-29,20,14075.0,3.45,6.62,5576.0,10531.0,15.42,16107.0
2025-05-29,21,13992.0,3.19,6.12,5577.0,10480.0,15.31,16057.0
2025-05-29,22,14650.0,2.9,5.64,5872.0,10800.0,15.12,16671.0
2025-05-29,23,15346.0,2.63,5.14,5734.0,11499.0,14.28,17232.0
2025-05-30,0,15208.0,2.87,5.15,3039.0,6517.0,7.81,9556.0
2025-05-30,1,14534.0,3.58,6.0,2909.0,6281.0,7.23,9190.0
2025-05-30,2,11944.0,4.09,8.43,2717.0,5982.0,7.21,8699.0
2025-05-30,3,11997.0,4.52,8.84,2529.0,5748.0,7.35,8277.0
2025-05-30,4,11129.0,4.91,9.75,2695.0,6144.0,7.65,8839.0
2025-05-30,5,10153.0,5.08,7.74,3007.0,6210.0,8.48,9217.0
2025-05-30,6,12896.0,5.21,7.36,4130.0,8008.0,10.61,12138.0
2025-05-30,7,13683.0,5.12,6.91,5392.0,10070.0,13.49,15463.0
2025-05-30,8,14632.0,4.81,5.86,5998.0,11281.0,16.07,17279.0
2025-05-30,9,14664.0,4.44,5.78,6172.0,11635.0,16.03,17807.0
2025-05-30,10,14950.0,4.07,5.76,5885.0,11245.0,15.04,17131.0
2025-05-30,11,14990.0,3.83,5.74,5399.0,10848.0,13.31,16247.0
2025-05-30,12,15157.0,3.79,5.9,4719.0,9559.0,11.27,14277.0
2025-05-30,13,14320.0,3.94,6.78,4205.0,8761.0,10.86,12966.0
2025-05-30,14,13683.0,4.11,7.67,4166.0,8175.0,11.17,12341.0
2025-05-30,15,13637.0,4.3,8.1,4087.0,7743.0,10.14,11830.0
2025-05-30,16,13523.0,4.52,8.11,4126.0,7725.0,10.23,11850.0
2025-05-30,17,12634.0,4.7,8.64,4165.0,7691.0,10.44,11856.0
2025-05-30,18,12080.0,4.68,9.04,4493.0,8685.0,12.15,13178.0
2025-05-30,19,11497.0,4.37,9.64,5294.0,10140.0,13.96,15434.0
2025-05-30,20,11587.0,3.7,9.5,5708.0,11885.0,14.79,17594.0
2025-05-30,21,15192.0,3.18,6.17,5700.0,11677.0,14.91,17377.0
2025-05-30,22,15642.0,2.97,6.8,5952.0,11215.0,14.77,17167.0
2025-05-30,23,17450.0,2.86,6.69,5673.0,10981.0,13.41,16654.0
2025-05-31,0,13077.0,3.19,8.87,3028.0,6105.0,7.0,9133.0
2025-05-31,1,12295.0,3.64,8.85,2764.0,5685.0,6.91,8449.0
2025-05-31,2,12131.0,4.11,9.08,2678.0,5513.0,6.99,8190.0
2025-05-31,3,11885.0,4.57,9.17,2647.0,5474.0,7.03,8121.0
2025-05-31,4,9883.0,4.89,8.59,2647.0,5502.0,7.52,8149.0
2025-05-31,5,9668.0,5.04,8.26,2768.0,5959.0,8.18,8727.0
2025-05-31,6,14077.0,5.15,6.4,4074.0,8774.0,10.63,12848.0
2025-05-31,7,15016.0,5.15,5.73,5467.0,10937.0,13.88,16403.0
2025-05-31,8,14880.0,4.82,5.61,6265.0,11673.0,16.07,17938.0
2025-05-31,9,14748.0,4.4,5.48,6288.0,11751.0,15.98,18039.0
2025-05-31,10,14905.0,3.99,5.43,6168.0,11415.0,14.91,17583.0
2025-05-31,11,14924.0,3.72,5.36,5582.0,10663.0,13.32,16245.0
2025-05-31,12,15167.0,3.72,5.44,4729.0,9046.0,11.16,13775.0
2025-05-31,13,14879.0,3.96,5.85,4370.0,8298.0,10.15,12668.0
2025-05-31,14,13534.0,4.17,7.22,4134.0,8059.0,9.76,12193.0
2025-05-31,15,13602.0,4.3,7.1,4158.0,8587.0,9.33,12744.0
2025-05-31,16,13416.0,4.4,7.04,4105.0,8550.0,9.6,12655.0
2025-05-31,17,13288.0,4.49,6.96,4169.0,8449.0,10.02,12617.0
2025-05-31,18,13768.0,4.54,7.27,4560.0,8775.0,11.5,13335.0
2025-05-31,19,12207.0,4.42,8.83,5002.0,9670.0,12.95,14672.0
2025-05-31,20,12596.0,4.03,9.02,5499.0,10436.0,14.01,15935.0
2025-05-31,21,13023.0,3.63,9.13,5511.0,10341.0,14.01,15852.0
2025-05-31,22,13497.0,3.26,9.24,5768.0,10790.0,13.93,16558.0
2025-05-31,23,14867.0,2.92,8.62,5700.0,10900.0,13.22,16600.0
