date,hour,LP_Qin,LP_Level,LP_Inlet,LP_F_Sarasin,LP_F_Sathon,LP_P_Sarasin,LP_P_Sathon,TotalFlow
2026-03-01,0,6730.0,2.11,14.02,2837.0,4032.0,0.96,4.3,6870.0
2026-03-01,1,3745.0,2.62,13.65,2743.0,3054.0,1.37,4.75,5797.0
2026-03-01,2,3780.0,3.1,14.21,2886.0,3202.0,1.75,5.22,6089.0
2026-03-01,3,3755.0,3.47,14.0,2896.0,3204.0,1.74,5.21,6101.0
2026-03-01,4,3780.0,4.01,13.91,1643.0,1920.0,1.48,4.22,3563.0
2026-03-01,5,8023.0,4.52,12.88,2281.0,4200.0,2.95,5.88,6481.0
2026-03-01,6,11169.0,5.1,13.42,4186.0,7109.0,5.24,9.44,11295.0
2026-03-01,7,11237.0,5.22,13.89,5369.0,8878.0,5.95,11.44,14248.0
2026-03-01,8,10733.0,5.13,13.63,5551.0,9265.0,5.71,11.44,14817.0
2026-03-01,9,10552.0,4.95,13.55,5708.0,9415.0,5.49,11.44,15123.0
2026-03-01,10,10525.0,4.8,13.44,5476.0,8996.0,4.9,10.59,14471.0
2026-03-01,11,10519.0,4.66,13.44,5788.0,9258.0,4.33,10.45,15046.0
2026-03-01,12,10680.0,4.54,13.89,5703.0,8960.0,3.99,10.03,14662.0
2026-03-01,13,10848.0,4.45,14.39,5665.0,8691.0,3.91,9.94,14356.0
2026-03-01,14,10906.0,4.41,14.68,5685.0,8782.0,3.89,9.95,14467.0
2026-03-01,15,11014.0,4.36,15.02,5617.0,8838.0,3.99,9.95,14455.0
2026-03-01,16,10910.0,4.31,14.57,5551.0,8700.0,4.28,10.18,14251.0
2026-03-01,17,8970.0,4.06,15.66,5418.0,8830.0,5.06,10.72,14248.0
2026-03-01,18,8852.0,3.73,15.64,5411.0,8829.0,5.29,10.95,14240.0
2026-03-01,19,8870.0,3.36,15.93,5387.0,8884.0,5.31,10.95,14272.0
2026-03-01,20,9118.0,2.98,16.99,5422.0,8973.0,5.27,10.95,14395.0
2026-03-01,21,10023.0,2.7,16.21,5228.0,8483.0,4.61,10.12,13711.0
2026-03-01,22,9841.0,2.62,16.37,5052.0,8027.0,3.57,8.92,13079.0
2026-03-01,23,9273.0,2.56,16.54,4543.0,6930.0,2.53,7.39,11473.0
2026-03-02,0,6315.0,2.72,15.1,2666.0,3700.0,1.0,4.31,6365.0
2026-03-02,1,2351.0,3.1,17.66,2866.0,3135.0,1.36,4.85,6002.0
2026-03-02,2,2215.0,3.35,16.44,2745.0,3007.0,1.46,4.86,5752.0
2026-03-02,3,3049.0,3.49,15.65,2645.0,2893.0,1.56,4.88,5538.0
2026-03-02,4,7882.0,3.96,14.85,1996.0,3787.0,1.6,4.35,5783.0
2026-03-02,5,10095.0,4.62,12.3,2885.0,5398.0,3.28,6.5,8283.0
2026-03-02,6,10545.0,4.99,12.4,4501.0,7917.0,5.22,9.79,12418.0
2026-03-02,7,11012.0,5.03,12.25,5124.0,9263.0,6.02,11.26,14387.0
2026-03-02,8,11108.0,4.99,12.52,5354.0,9496.0,5.88,11.44,14850.0
2026-03-02,9,10957.0,4.84,12.03,5464.0,9670.0,5.73,11.44,15134.0
2026-03-02,10,11007.0,4.69,12.14,5447.0,9489.0,5.09,10.82,14936.0
2026-03-02,11,11052.0,4.58,12.2,5753.0,9585.0,4.21,10.44,15338.0
2026-03-02,12,11260.0,4.41,12.84,5840.0,9410.0,3.77,10.18,15250.0
2026-03-02,13,11320.0,4.27,12.91,5795.0,9171.0,3.56,9.95,14966.0
2026-03-02,14,11113.0,4.19,12.45,5741.0,9186.0,3.65,9.95,14927.0
2026-03-02,15,11036.0,4.09,12.38,5713.0,9184.0,3.72,9.94,14898.0
2026-03-02,16,11085.0,3.93,12.39,5717.0,9368.0,4.11,10.33,15085.0
2026-03-02,17,11048.0,3.85,12.4,5554.0,9221.0,4.93,10.85,14775.0
2026-03-02,18,11058.0,3.77,12.22,5273.0,9138.0,5.45,10.95,14411.0
2026-03-02,19,9379.0,3.61,13.61,5186.0,8845.0,5.54,10.94,14031.0
2026-03-02,20,7980.0,3.19,14.74,5114.0,8996.0,5.64,10.92,14110.0
2026-03-02,21,8448.0,2.71,14.26,4855.0,8354.0,4.62,9.68,13208.0
2026-03-02,22,9772.0,2.56,13.6,4430.0,7296.0,3.32,7.95,11727.0
2026-03-02,23,8612.0,2.58,15.4,4149.0,6590.0,2.39,6.77,10739.0
2026-03-03,0,6784.0,2.74,14.32,2250.0,3461.0,0.68,3.77,5712.0
2026-03-03,1,2866.0,3.08,13.16,1883.0,2031.0,0.83,3.71,3914.0
2026-03-03,2,2888.0,3.31,13.59,2145.0,2276.0,1.05,4.06,4421.0
2026-03-03,3,3404.0,3.72,14.34,2100.0,2237.0,1.23,4.2,4336.0
2026-03-03,4,6732.0,4.41,13.94,1767.0,2219.0,1.6,4.35,3987.0
2026-03-03,5,7778.0,4.99,14.59,2787.0,5207.0,3.3,6.39,7994.0
2026-03-03,6,9421.0,5.05,14.57,4730.0,7748.0,5.3,10.1,12479.0
2026-03-03,7,9913.0,4.92,14.07,5530.0,9126.0,5.74,11.45,14657.0
2026-03-03,8,10677.0,4.66,13.39,5657.0,9390.0,5.57,11.45,15048.0
2026-03-03,9,11794.0,4.67,12.33,5649.0,9561.0,5.57,11.44,15210.0
2026-03-03,10,11352.0,4.67,12.7,5496.0,9059.0,4.82,10.56,14555.0
2026-03-03,11,10756.0,4.62,12.72,5860.0,9197.0,4.19,10.45,15057.0
2026-03-03,12,10190.0,4.38,12.29,5998.0,9270.0,3.98,10.44,15268.0
2026-03-03,13,10287.0,4.09,12.41,5902.0,9221.0,4.03,10.36,15123.0
2026-03-03,14,10907.0,3.97,11.79,5671.0,8945.0,3.92,9.95,14616.0
2026-03-03,15,10908.0,3.89,11.8,5640.0,8901.0,3.96,9.95,14541.0
2026-03-03,16,10886.0,3.82,11.69,5523.0,8688.0,4.1,9.95,14211.0
2026-03-03,17,10692.0,3.79,11.49,5475.0,8831.0,4.79,10.55,14306.0
2026-03-03,18,10198.0,3.69,11.59,5398.0,9212.0,5.33,10.94,14611.0
2026-03-03,19,8779.0,3.37,12.23,5291.0,9006.0,5.48,10.95,14297.0
2026-03-03,20,8879.0,2.99,12.82,5280.0,8920.0,5.47,10.95,14200.0
2026-03-03,21,8200.0,2.61,14.64,5083.0,8457.0,4.63,9.89,13539.0
2026-03-03,22,7966.0,2.23,15.53,4648.0,7510.0,3.5,8.29,12158.0
2026-03-03,23,8087.0,2.07,16.21,3805.0,6121.0,2.27,6.28,9925.0
2026-03-04,0,5222.0,2.31,14.84,2278.0,2755.0,0.74,3.79,5032.0
2026-03-04,1,4664.0,2.83,14.82,2351.0,2474.0,1.08,4.18,4825.0
2026-03-04,2,4310.0,3.49,15.78,2100.0,2204.0,1.21,4.16,4304.0
2026-03-04,3,3951.0,3.94,16.94,2184.0,2287.0,1.54,4.53,4471.0
2026-03-04,4,7305.0,4.49,15.76,2085.0,3606.0,1.74,4.52,5692.0
2026-03-04,5,8084.0,4.92,16.23,2467.0,5086.0,3.33,6.22,7554.0
2026-03-04,6,9049.0,5.03,14.43,4184.0,7844.0,5.26,9.54,12029.0
2026-03-04,7,10958.0,4.97,11.98,5284.0,9536.0,5.97,11.44,14820.0
2026-03-04,8,10583.0,4.81,11.17,5414.0,9562.0,5.76,11.44,14976.0
2026-03-04,9,10600.0,4.62,11.16,5547.0,9777.0,5.65,11.44,15324.0
2026-03-04,10,10610.0,4.41,11.21,5376.0,9433.0,4.82,10.46,14809.0
2026-03-04,11,10978.0,4.19,12.16,5754.0,9514.0,4.25,10.44,15268.0
2026-03-04,12,11017.0,4.08,12.24,5978.0,9465.0,3.88,10.45,15443.0
2026-03-04,13,11088.0,3.9,12.3,6032.0,9568.0,3.78,10.45,15600.0
2026-03-04,14,11115.0,3.71,12.47,5955.0,9451.0,3.89,10.44,15406.0
2026-03-04,15,11259.0,3.55,13.03,5941.0,9387.0,3.92,10.44,15328.0
2026-03-04,16,11258.0,3.43,13.03,5805.0,9355.0,4.13,10.45,15160.0
2026-03-04,17,11286.0,3.35,12.98,5429.0,9252.0,4.92,10.71,14681.0
2026-03-04,18,11104.0,3.3,12.55,5231.0,9099.0,5.41,10.95,14330.0
2026-03-04,19,11017.0,3.27,12.33,5164.0,9005.0,5.48,10.94,14169.0
2026-03-04,20,11038.0,3.24,12.24,5120.0,9026.0,5.57,10.95,14146.0
2026-03-04,21,10943.0,3.23,12.03,5014.0,8552.0,4.77,10.06,13566.0
2026-03-04,22,9194.0,3.25,14.48,4544.0,7268.0,3.46,8.25,11812.0
2026-03-04,23,7947.0,3.07,15.39,4238.0,6498.0,2.39,6.92,10736.0
2026-03-05,0,3635.0,3.01,14.66,2215.0,2624.0,0.73,3.83,4839.0
2026-03-05,1,2686.0,3.4,14.24,2163.0,2271.0,0.88,3.92,4434.0
2026-03-05,2,2724.0,3.67,15.33,2339.0,2451.0,1.19,4.32,4789.0
2026-03-05,3,2731.0,3.96,16.37,2536.0,2653.0,1.48,4.72,5189.0
2026-03-05,4,7423.0,4.29,15.57,1989.0,3692.0,1.67,4.41,5682.0
2026-03-05,5,7724.0,4.68,14.11,2389.0,4942.0,3.16,5.95,7331.0
2026-03-05,6,9562.0,4.76,13.29,4365.0,7862.0,5.31,9.7,12227.0
2026-03-05,7,10987.0,4.78,12.15,5320.0,9365.0,6.02,11.44,14685.0
2026-03-05,8,10969.0,4.67,12.09,5461.0,9672.0,5.88,11.45,15133.0
2026-03-05,9,10968.0,4.53,12.06,5408.0,9723.0,5.97,11.44,15131.0
2026-03-05,10,10982.0,4.38,12.07,5676.0,9789.0,5.29,11.16,15465.0
2026-03-05,11,11192.0,4.14,12.48,5901.0,9694.0,4.17,10.45,15595.0
2026-03-05,12,11288.0,4.05,12.95,6017.0,9521.0,3.99,10.45,15538.0
2026-03-05,13,11367.0,3.92,13.15,6075.0,9508.0,3.9,10.45,15584.0
2026-03-05,14,11346.0,3.81,13.19,6029.0,9581.0,3.97,10.45,15610.0
2026-03-05,15,11669.0,3.7,12.82,6025.0,9659.0,3.99,10.45,15684.0
2026-03-05,16,11867.0,3.65,12.54,5878.0,9471.0,4.19,10.46,15349.0
2026-03-05,17,11798.0,3.66,12.31,5670.0,9456.0,5.01,10.95,15126.0
2026-03-05,18,11676.0,3.67,11.85,5449.0,9440.0,5.33,10.94,14890.0
2026-03-05,19,10436.0,3.66,12.56,5398.0,9301.0,5.38,10.94,14700.0
2026-03-05,20,8442.0,3.26,13.93,5358.0,9281.0,5.43,10.94,14639.0
2026-03-05,21,8433.0,2.77,13.74,5188.0,8662.0,4.76,10.13,13849.0
2026-03-05,22,8337.0,2.43,13.38,4895.0,7712.0,3.51,8.57,12606.0
2026-03-05,23,10051.0,2.32,13.08,4462.0,6875.0,2.36,6.97,11337.0
2026-03-06,0,5180.0,2.71,14.02,2571.0,2966.0,0.85,4.1,5537.0
2026-03-06,1,3957.0,3.17,14.94,2592.0,2723.0,1.13,4.4,5315.0
2026-03-06,2,5020.0,3.7,14.27,2615.0,2751.0,1.23,4.53,5366.0
2026-03-06,3,5583.0,4.5,14.01,2578.0,2699.0,1.37,4.63,5277.0
2026-03-06,4,4649.0,4.8,8.9,2175.0,3705.0,1.64,4.46,5881.0
2026-03-06,5,7333.0,4.85,6.8,2951.0,5380.0,3.31,6.43,8331.0
2026-03-06,6,9656.0,4.9,6.38,4293.0,7944.0,5.31,9.6,12237.0
2026-03-06,7,11041.0,4.91,5.7,5306.0,9558.0,6.01,11.44,14865.0
2026-03-06,8,10878.0,4.8,5.55,5457.0,9714.0,5.8,11.44,15171.0
2026-03-06,9,10829.0,4.64,5.44,5501.0,9863.0,5.75,11.45,15364.0
2026-03-06,10,10930.0,4.45,5.56,5539.0,9688.0,4.92,10.76,15227.0
2026-03-06,11,10920.0,4.13,5.65,5811.0,9647.0,4.16,10.45,15457.0
2026-03-06,12,11006.0,4.12,2.54,5772.0,9288.0,3.69,9.99,15061.0
2026-03-06,13,11149.0,4.0,2.03,5787.0,9315.0,3.62,9.95,15102.0
2026-03-06,14,11106.0,3.88,2.05,5733.0,9337.0,3.72,9.95,15071.0
2026-03-06,15,11145.0,3.78,2.05,5666.0,9225.0,3.82,9.95,14891.0
2026-03-06,16,11245.0,3.71,2.13,5613.0,9124.0,4.13,10.17,14737.0
2026-03-06,17,11302.0,3.66,2.12,5445.0,9160.0,4.83,10.59,14605.0
2026-03-06,18,11222.0,3.62,2.08,5253.0,9223.0,5.45,10.9,14476.0
2026-03-06,19,10693.0,3.59,2.03,5180.0,8889.0,5.42,10.74,14068.0
2026-03-06,20,9558.0,3.43,2.13,5195.0,8999.0,5.57,10.95,14194.0
2026-03-06,21,8944.0,3.1,2.15,5024.0,8443.0,4.74,9.96,13467.0
2026-03-06,22,9018.0,2.85,2.18,4842.0,7635.0,3.57,8.65,12477.0
2026-03-06,23,9220.0,2.79,2.33,4112.0,6417.0,2.21,6.58,10529.0
2026-03-07,0,7428.0,3.07,2.3,2439.0,3759.0,0.91,4.07,6198.0
2026-03-07,1,3373.0,3.47,2.11,1644.0,1890.0,0.54,3.31,3533.0
2026-03-07,2,3386.0,3.93,2.21,1743.0,1992.0,0.8,3.59,3735.0
2026-03-07,3,3332.0,4.36,2.28,1830.0,2077.0,0.93,3.77,3907.0
2026-03-07,4,6930.0,4.8,2.14,1905.0,3450.0,1.6,4.3,5355.0
2026-03-07,5,10837.0,5.23,1.9,2794.0,5376.0,3.31,6.32,8170.0
2026-03-07,6,14342.0,5.36,2.22,4394.0,7606.0,5.27,9.67,11999.0
2026-03-07,7,11619.0,5.24,2.19,5327.0,9027.0,5.87,11.34,14354.0
2026-03-07,8,10334.0,5.03,2.05,5569.0,9435.0,5.62,11.45,15004.0
2026-03-07,9,10168.0,4.74,1.97,5720.0,9619.0,5.42,11.45,15338.0
2026-03-07,10,10245.0,4.46,2.03,5870.0,9750.0,4.97,11.25,15620.0
2026-03-07,11,10325.0,4.15,2.05,5941.0,9534.0,4.12,10.54,15475.0
2026-03-07,12,10387.0,3.88,2.11,5979.0,9250.0,3.84,10.3,15229.0
2026-03-07,13,10713.0,3.66,2.06,5852.0,9015.0,3.66,9.96,14866.0
2026-03-07,14,11753.0,3.62,2.03,5801.0,9054.0,3.75,9.95,14856.0
2026-03-07,15,11792.0,3.66,2.07,5757.0,9054.0,3.82,9.95,14811.0
2026-03-07,16,11842.0,3.7,2.11,5891.0,9227.0,4.08,10.38,15118.0
2026-03-07,17,11772.0,3.72,2.08,5768.0,9193.0,4.78,10.89,14960.0
2026-03-07,18,10865.0,3.71,2.14,5501.0,8982.0,5.22,10.94,14483.0
2026-03-07,19,9260.0,3.5,2.34,5481.0,8981.0,5.26,10.95,14462.0
2026-03-07,20,9166.0,3.14,2.35,5537.0,9037.0,5.17,10.95,14574.0
2026-03-07,21,9128.0,2.78,2.32,5291.0,8575.0,4.55,10.06,13867.0
2026-03-07,22,9505.0,2.6,2.59,4799.0,7613.0,3.62,8.6,12411.0
2026-03-07,23,9184.0,2.67,2.62,3710.0,6193.0,2.66,6.58,9902.0
2026-03-08,0,5334.0,2.9,2.64,2244.0,3073.0,1.1,4.05,5317.0
2026-03-08,1,3645.0,3.33,2.61,1990.0,2068.0,1.58,4.47,4059.0
2026-03-08,2,3710.0,3.75,2.75,1582.0,1654.0,1.6,4.3,3237.0
2026-03-08,3,3735.0,4.18,2.92,1371.0,1434.0,1.63,4.24,2805.0
2026-03-08,4,7759.0,4.61,2.98,2095.0,3633.0,1.62,4.4,5728.0
2026-03-08,5,9447.0,5.11,2.62,3002.0,5248.0,3.26,6.54,8250.0
2026-03-08,6,9755.0,5.19,2.64,4423.0,7433.0,5.34,9.77,11856.0
2026-03-08,7,10753.0,5.15,2.29,5237.0,8902.0,6.12,11.44,14138.0
2026-03-08,8,10602.0,5.06,2.28,5465.0,9370.0,5.83,11.45,14835.0
2026-03-08,9,10634.0,4.89,2.31,5528.0,9646.0,5.75,11.45,15174.0
2026-03-08,10,10588.0,4.69,2.14,5413.0,9351.0,4.96,10.56,14764.0
2026-03-08,11,10667.0,4.61,2.17,5730.0,9130.0,4.35,10.44,14860.0
2026-03-08,12,10767.0,4.49,2.56,5728.0,8964.0,3.92,10.08,14693.0
2026-03-08,13,10857.0,4.37,2.8,5684.0,8925.0,3.84,9.95,14609.0
2026-03-08,14,10873.0,4.32,2.75,5668.0,8945.0,3.88,9.95,14612.0
2026-03-08,15,10800.0,4.21,2.16,5568.0,8768.0,3.98,9.95,14335.0
2026-03-08,16,10723.0,4.14,1.73,5525.0,8954.0,4.27,10.18,14480.0
2026-03-08,17,10387.0,4.04,1.73,5389.0,9150.0,5.12,10.78,14540.0
2026-03-08,18,10034.0,3.86,1.73,5210.0,9021.0,5.53,10.95,14231.0
2026-03-08,19,8977.0,3.61,1.84,5166.0,8834.0,5.54,10.94,14000.0
2026-03-08,20,8789.0,3.17,1.84,5197.0,8955.0,5.51,10.94,14152.0
2026-03-08,21,8747.0,2.81,1.84,4969.0,8347.0,4.68,9.92,13316.0
2026-03-08,22,8669.0,2.56,1.78,4511.0,7542.0,3.48,8.24,12052.0
2026-03-08,23,8124.0,2.41,1.75,4043.0,6314.0,2.22,6.57,10358.0
2026-03-09,0,4967.0,2.51,1.58,2617.0,3304.0,1.02,4.36,5921.0
2026-03-09,1,3709.0,2.94,1.7,2386.0,2652.0,1.19,4.36,5039.0
2026-03-09,2,3760.0,3.39,1.78,2500.0,2775.0,1.45,4.7,5275.0
2026-03-09,3,3754.0,3.8,1.78,2562.0,2833.0,1.39,4.68,5394.0
2026-03-09,4,7361.0,4.31,1.73,1963.0,3720.0,1.62,4.36,5683.0
2026-03-09,5,9567.0,4.88,1.58,2492.0,5144.0,3.3,6.27,7636.0
2026-03-09,6,9246.0,5.12,1.68,4041.0,7528.0,5.2,9.31,11569.0
2026-03-09,7,10341.0,5.04,1.52,5198.0,9289.0,6.01,11.37,14487.0
2026-03-09,8,10221.0,4.78,1.49,5386.0,9622.0,5.82,11.45,15009.0
2026-03-09,9,11208.0,4.63,1.49,5527.0,9759.0,5.63,11.44,15286.0
2026-03-09,10,11634.0,4.59,1.46,5411.0,9435.0,5.02,10.69,14847.0
2026-03-09,11,11948.0,4.6,1.56,5735.0,9466.0,4.28,10.45,15200.0
2026-03-09,12,11854.0,4.59,1.55,5838.0,9297.0,3.81,10.17,15135.0
2026-03-09,13,11945.0,4.61,1.57,5800.0,9267.0,3.63,9.95,15067.0
2026-03-09,14,11408.0,4.6,1.62,5773.0,9261.0,3.69,9.95,15033.0
2026-03-09,15,11285.0,4.52,1.63,5761.0,9249.0,3.73,9.94,15010.0
2026-03-09,16,11085.0,4.4,1.54,5790.0,9386.0,4.06,10.28,15176.0
2026-03-09,17,10432.0,4.23,1.46,5604.0,9384.0,4.93,10.85,14988.0
2026-03-09,18,10084.0,3.99,1.46,5395.0,9258.0,5.33,10.95,14653.0
2026-03-09,19,9014.0,3.69,1.57,5339.0,9137.0,5.4,10.94,14476.0
2026-03-09,20,8907.0,3.26,1.56,5284.0,9266.0,5.51,10.94,14550.0
2026-03-09,21,8742.0,2.87,1.46,4936.0,8472.0,4.68,9.79,13409.0
2026-03-09,22,8975.0,2.62,1.58,4819.0,7712.0,3.52,8.55,12531.0
2026-03-09,23,7988.0,2.47,1.73,4204.0,6443.0,2.3,6.74,10647.0
2026-03-10,0,5637.0,2.55,1.78,2787.0,3665.0,1.15,4.59,6452.0
2026-03-10,1,3910.0,2.97,1.85,2611.0,2864.0,1.15,4.44,5475.0
2026-03-10,2,3956.0,3.45,1.93,2681.0,2940.0,1.4,4.74,5622.0
2026-03-10,3,3835.0,3.97,1.77,2508.0,2751.0,1.34,4.56,5259.0
2026-03-10,4,6993.0,4.42,1.69,2024.0,3613.0,1.66,4.42,5637.0
2026-03-10,5,8658.0,4.92,1.41,2484.0,5231.0,3.3,6.22,7716.0
2026-03-10,6,9379.0,5.12,1.6,4043.0,7643.0,5.08,9.11,11686.0
2026-03-10,7,10765.0,5.03,1.4,5399.0,9556.0,6.18,11.63,14955.0
2026-03-10,8,11311.0,4.93,1.32,5660.0,9980.0,6.13,11.95,15640.0
2026-03-10,9,11232.0,4.79,1.29,5782.0,10137.0,5.98,11.93,15920.0
2026-03-10,10,11246.0,4.62,1.31,5808.0,9907.0,5.18,11.24,15715.0
2026-03-10,11,11265.0,4.5,1.32,5922.0,9559.0,4.14,10.45,15481.0
2026-03-10,12,11607.0,4.4,1.45,6023.0,9633.0,3.72,10.23,15656.0
2026-03-10,13,11693.0,4.29,1.52,5938.0,9475.0,3.55,9.95,15413.0
2026-03-10,14,11744.0,4.3,1.55,5896.0,9544.0,3.59,9.94,15440.0
2026-03-10,15,12090.0,4.3,1.57,5817.0,9478.0,3.74,9.95,15296.0
2026-03-10,16,11965.0,4.28,1.42,5671.0,9233.0,3.98,9.96,14904.0
2026-03-10,17,10573.0,4.31,1.47,5653.0,9517.0,4.96,10.92,15170.0
2026-03-10,18,9579.0,4.0,1.41,5634.0,9776.0,5.56,11.44,15409.0
2026-03-10,19,9344.0,3.61,1.29,5536.0,9678.0,5.64,11.42,15215.0
2026-03-10,20,9261.0,3.21,1.28,5490.0,9492.0,5.7,11.44,14982.0
2026-03-10,21,9314.0,2.88,1.28,5127.0,8789.0,4.73,10.15,13916.0
2026-03-10,22,8818.0,2.67,1.08,4699.0,7711.0,3.24,8.18,12410.0
2026-03-10,23,8804.0,2.58,1.07,4170.0,6540.0,2.12,6.55,10710.0
2026-03-11,0,4408.0,2.83,1.14,2193.0,2580.0,0.52,3.6,4774.0
2026-03-11,1,3577.0,3.24,1.2,2297.0,2418.0,0.88,3.99,4715.0
2026-03-11,2,3764.0,3.67,1.44,2209.0,2322.0,1.06,4.12,4531.0
2026-03-11,3,3856.0,4.11,1.63,2162.0,2264.0,1.15,4.17,4426.0
2026-03-11,4,7437.0,4.6,1.8,1964.0,3838.0,1.59,4.3,5802.0
2026-03-11,5,7943.0,4.9,1.69,3065.0,5620.0,3.35,6.67,8684.0
2026-03-11,6,8573.0,4.87,1.68,4249.0,7818.0,5.21,9.51,12067.0
2026-03-11,7,11687.0,4.75,1.32,5458.0,9685.0,6.25,11.94,15144.0
2026-03-11,8,11565.0,4.77,1.28,5649.0,9803.0,5.93,11.93,15452.0
2026-03-11,9,11444.0,4.59,1.25,5646.0,10030.0,5.91,11.89,15676.0
2026-03-11,10,11466.0,4.57,1.27,5309.0,9424.0,5.0,10.55,14734.0
2026-03-11,11,11557.0,4.53,1.31,5697.0,9474.0,4.29,10.44,15171.0
2026-03-11,12,12130.0,4.51,1.51,5898.0,9512.0,3.97,10.46,15410.0
2026-03-11,13,12150.0,4.54,1.53,5826.0,9285.0,3.75,10.15,15110.0
2026-03-11,14,11447.0,4.58,1.6,5705.0,8986.0,3.69,9.94,14691.0
2026-03-11,15,10901.0,4.45,8.58,5730.0,9229.0,3.7,9.95,14959.0
2026-03-11,16,10556.0,4.2,13.22,5705.0,9335.0,3.88,10.08,15040.0
2026-03-11,17,10538.0,4.11,13.13,5629.0,9445.0,4.77,10.81,15074.0
2026-03-11,18,9744.0,3.83,12.47,5654.0,9483.0,5.42,11.45,15136.0
2026-03-11,19,9628.0,3.47,12.8,5595.0,9432.0,5.5,11.44,15027.0
2026-03-11,20,9767.0,3.13,13.28,5558.0,9392.0,5.55,11.45,14950.0
2026-03-11,21,9638.0,2.86,13.05,5168.0,8635.0,4.43,9.91,13803.0
2026-03-11,22,9785.0,2.74,13.42,4775.0,7620.0,3.28,8.3,12394.0
2026-03-11,23,8429.0,2.73,16.37,4265.0,6461.0,2.1,6.62,10726.0
2026-03-12,0,4960.0,2.82,15.11,2659.0,3328.0,0.71,4.01,5987.0
2026-03-12,1,3935.0,3.27,15.03,2684.0,2835.0,0.95,4.28,5519.0
2026-03-12,2,3959.0,3.76,15.46,2747.0,2896.0,1.26,4.62,5643.0
2026-03-12,3,2176.0,4.04,16.84,2892.0,3036.0,1.52,4.96,5928.0
2026-03-12,4,7404.0,4.4,17.14,2135.0,3881.0,1.39,4.17,6016.0
2026-03-12,5,8245.0,4.73,16.27,3177.0,5832.0,3.19,6.48,9009.0
2026-03-12,6,9482.0,4.76,14.96,4689.0,8115.0,5.37,10.08,12804.0
2026-03-12,7,12264.0,4.81,12.34,5533.0,9499.0,6.25,11.94,15032.0
2026-03-12,8,12019.0,4.91,11.89,5719.0,9655.0,6.01,11.94,15375.0
2026-03-12,9,11467.0,4.82,11.36,5745.0,9797.0,5.96,11.94,15541.0
2026-03-12,10,11349.0,4.77,11.1,5724.0,9625.0,5.12,11.13,15349.0
2026-03-12,11,11553.0,4.72,11.66,5922.0,9512.0,4.11,10.45,15434.0
2026-03-12,12,12042.0,4.71,12.85,5888.0,9296.0,3.81,10.13,15184.0
2026-03-12,13,11595.0,4.72,13.28,5884.0,9152.0,3.62,9.95,15036.0
2026-03-12,14,11516.0,4.68,13.46,5877.0,9237.0,3.63,9.94,15114.0
2026-03-12,15,11011.0,4.66,14.1,5773.0,9199.0,3.78,9.95,14972.0
2026-03-12,16,10438.0,4.48,15.16,5881.0,9454.0,4.14,10.4,15335.0
2026-03-12,17,10143.0,4.26,14.67,5755.0,9463.0,4.98,11.03,15218.0
2026-03-12,18,10061.0,4.0,14.57,5628.0,9456.0,5.59,11.45,15084.0
2026-03-12,19,10042.0,3.76,14.29,5624.0,9297.0,5.57,11.45,14920.0
2026-03-12,20,8695.0,3.38,15.04,5668.0,9606.0,5.54,11.44,15274.0
2026-03-12,21,9003.0,2.9,15.29,5306.0,8955.0,4.72,10.25,14262.0
2026-03-12,22,9623.0,2.69,15.53,4900.0,7856.0,3.52,8.61,12756.0
2026-03-12,23,8767.0,2.6,15.75,4441.0,6695.0,2.31,6.98,11136.0
2026-03-13,0,5718.0,2.7,16.7,2806.0,3479.0,1.04,4.46,6285.0
2026-03-13,1,4034.0,3.28,16.96,2886.0,3107.0,1.33,4.82,5993.0
2026-03-13,2,3571.0,3.68,17.62,2998.0,3214.0,1.66,5.22,6212.0
2026-03-13,3,2983.0,4.17,19.12,3213.0,3420.0,1.75,5.49,6634.0
2026-03-13,4,8180.0,4.58,18.5,2102.0,3823.0,1.63,4.41,5924.0
2026-03-13,5,8008.0,5.0,12.01,2917.0,5470.0,3.36,6.58,8387.0
2026-03-13,6,9331.0,5.02,12.0,4508.0,7863.0,5.24,9.81,12372.0
2026-03-13,7,10955.0,4.97,10.84,5467.0,9504.0,6.22,11.91,14971.0
2026-03-13,8,11157.0,4.82,10.52,5531.0,9769.0,6.15,11.94,15301.0
2026-03-13,9,11575.0,4.73,11.47,5546.0,9862.0,6.13,11.95,15408.0
2026-03-13,10,11949.0,4.73,12.27,5505.0,9662.0,5.39,11.19,15167.0
2026-03-13,11,11971.0,4.76,12.48,5660.0,9379.0,4.36,10.46,15039.0
2026-03-13,12,11546.0,4.75,13.33,5690.0,9059.0,3.88,10.08,14750.0
2026-03-13,13,10955.0,4.71,14.24,5636.0,9014.0,3.83,9.95,14651.0
2026-03-13,14,10887.0,4.62,14.35,5634.0,9183.0,3.84,9.95,14817.0
2026-03-13,15,10901.0,4.5,14.38,5606.0,9177.0,3.89,9.95,14782.0
2026-03-13,16,10824.0,4.35,14.09,5676.0,9391.0,4.12,10.25,15067.0
2026-03-13,17,10418.0,4.18,13.4,5556.0,9241.0,5.02,10.95,14797.0
2026-03-13,18,9928.0,3.94,13.68,5426.0,9146.0,5.7,11.44,14571.0
2026-03-13,19,9908.0,3.69,13.71,5397.0,9256.0,5.77,11.45,14653.0
2026-03-13,20,9118.0,3.35,14.31,5366.0,9268.0,5.81,11.46,14635.0
2026-03-13,21,8815.0,2.94,14.98,4911.0,8406.0,4.84,10.0,13318.0
2026-03-13,22,8899.0,2.71,16.55,4683.0,7466.0,3.54,8.5,12150.0
2026-03-13,23,8390.0,2.57,19.08,4215.0,6530.0,2.35,6.86,10744.0
2026-03-14,0,5275.0,2.68,15.17,2455.0,3032.0,0.79,4.01,5487.0
2026-03-14,1,3547.0,3.05,14.88,2205.0,2492.0,0.87,3.97,4696.0
2026-03-14,2,3583.0,3.35,15.27,2234.0,2515.0,1.09,4.19,4749.0
2026-03-14,3,3614.0,4.04,15.57,2319.0,2591.0,1.33,4.47,4910.0
2026-03-14,4,7253.0,4.42,15.89,1899.0,3712.0,1.75,4.46,5610.0
2026-03-14,5,8488.0,4.84,13.87,2569.0,5103.0,3.31,6.34,7671.0
2026-03-14,6,9140.0,5.07,14.55,4127.0,7387.0,5.33,9.55,11514.0
2026-03-14,7,10518.0,4.89,13.86,5536.0,9372.0,6.14,11.94,14907.0
2026-03-14,8,11766.0,4.84,12.0,5607.0,9508.0,6.03,11.94,15116.0
2026-03-14,9,11495.0,4.76,11.34,5681.0,9695.0,5.97,11.94,15376.0
2026-03-14,10,11460.0,4.75,11.13,5439.0,9157.0,4.96,10.67,14595.0
2026-03-14,11,11402.0,4.75,10.91,5786.0,9249.0,4.24,10.44,15035.0
2026-03-14,12,11583.0,4.7,11.51,5864.0,9048.0,3.84,10.21,14912.0
2026-03-14,13,11737.0,4.72,11.74,5738.0,8814.0,3.73,9.95,14552.0
2026-03-14,14,11108.0,4.73,12.89,5689.0,8845.0,3.83,9.94,14534.0
2026-03-14,15,10578.0,4.63,13.39,5716.0,9020.0,3.81,9.95,14736.0
2026-03-14,16,10405.0,4.43,12.95,5725.0,9178.0,4.19,10.29,14902.0
2026-03-14,17,10405.0,4.14,12.75,5648.0,9282.0,5.22,11.19,14930.0
2026-03-14,18,9496.0,4.0,13.34,5432.0,9122.0,5.75,11.44,14554.0
2026-03-14,19,9323.0,3.67,14.38,5384.0,9046.0,5.81,11.45,14430.0
2026-03-14,20,9043.0,3.34,15.31,5405.0,8939.0,5.76,11.44,14344.0
2026-03-14,21,9011.0,2.98,16.08,5095.0,8293.0,4.8,10.14,13388.0
2026-03-14,22,8273.0,2.77,17.93,4420.0,7175.0,3.46,8.08,11595.0
2026-03-14,23,7189.0,2.48,19.28,4105.0,6319.0,2.36,6.72,10424.0
2026-03-15,0,4613.0,2.5,16.68,2402.0,3039.0,0.86,4.02,5441.0
2026-03-15,1,3763.0,2.91,16.72,2036.0,2156.0,0.94,3.89,4192.0
2026-03-15,2,3982.0,3.41,17.94,2222.0,2341.0,1.3,4.34,4563.0
2026-03-15,3,4034.0,3.63,18.39,2330.0,2438.0,1.36,4.45,4769.0
2026-03-15,4,7851.0,4.26,15.87,1937.0,3833.0,1.77,4.46,5770.0
2026-03-15,5,8542.0,4.83,14.37,2628.0,5260.0,3.35,6.41,7889.0
2026-03-15,6,9909.0,5.06,14.45,4280.0,7639.0,5.39,9.68,11920.0
2026-03-15,7,10936.0,5.15,13.76,5204.0,8839.0,6.08,11.45,14043.0
2026-03-15,8,10653.0,5.09,13.67,5387.0,9230.0,5.86,11.44,14618.0
2026-03-15,9,10546.0,4.95,13.3,5381.0,9249.0,5.86,11.45,14629.0
2026-03-15,10,10475.0,4.86,13.08,5281.0,9096.0,5.11,10.6,14376.0
2026-03-15,11,10501.0,4.69,13.07,5693.0,9258.0,4.35,10.44,14951.0
2026-03-15,12,10899.0,4.59,14.38,5626.0,8854.0,3.87,9.95,14480.0
2026-03-15,13,10923.0,4.54,14.56,5586.0,8793.0,3.91,9.95,14379.0
2026-03-15,14,10983.0,4.51,14.67,5509.0,8829.0,4.0,9.95,14338.0
2026-03-15,15,10525.0,4.42,13.1,5545.0,8908.0,3.95,9.95,14453.0
2026-03-15,16,9621.0,4.14,13.75,5556.0,9024.0,4.35,10.33,14580.0
2026-03-15,17,9240.0,3.78,13.88,5276.0,8917.0,5.01,10.63,14193.0
2026-03-15,18,9029.0,3.56,13.1,5157.0,8961.0,5.69,11.12,14118.0
2026-03-15,19,8982.0,3.23,12.91,5004.0,8810.0,5.68,10.95,13814.0
2026-03-15,20,9060.0,2.91,12.76,5112.0,8805.0,5.54,10.95,13917.0
2026-03-15,21,9353.0,2.62,12.25,4973.0,8348.0,4.71,9.98,13322.0
2026-03-15,22,9885.0,2.6,13.43,4416.0,7040.0,3.42,8.08,11456.0
2026-03-15,23,9528.0,2.71,15.0,4230.0,6548.0,2.31,6.83,10778.0
2026-03-16,0,6086.0,2.97,14.28,2597.0,3550.0,0.97,4.23,6147.0
2026-03-16,1,2832.0,3.3,15.03,2580.0,2675.0,1.31,4.57,5255.0
2026-03-16,2,2830.0,3.54,15.3,2595.0,2702.0,1.66,4.91,5297.0
2026-03-16,3,2852.0,3.92,15.72,2664.0,2784.0,1.77,5.07,5448.0
2026-03-16,4,8143.0,4.28,15.27,1904.0,3822.0,1.7,4.39,5726.0
2026-03-16,5,8143.0,4.8,13.64,2608.0,5355.0,3.43,6.46,7963.0
2026-03-16,6,8308.0,4.78,13.8,3996.0,7637.0,5.39,9.42,11633.0
2026-03-16,7,11406.0,4.72,11.92,5273.0,9403.0,6.41,11.87,14676.0
2026-03-16,8,11648.0,4.71,11.74,5495.0,9677.0,6.2,11.94,15172.0
2026-03-16,9,11765.0,4.65,12.17,5657.0,9877.0,5.95,11.94,15534.0
2026-03-16,10,11868.0,4.62,12.24,5481.0,9470.0,5.17,10.97,14950.0
2026-03-16,11,11922.0,4.67,12.49,5687.0,9354.0,4.31,10.44,15041.0
2026-03-16,12,12103.0,4.65,13.07,5818.0,9276.0,3.93,10.29,15095.0
2026-03-16,13,12212.0,4.78,13.21,5690.0,9111.0,3.77,9.95,14801.0
2026-03-16,14,11837.0,4.81,13.69,5677.0,9121.0,3.81,9.95,14798.0
2026-03-16,15,11505.0,4.87,14.03,5576.0,9002.0,3.94,9.95,14578.0
2026-03-16,16,9761.0,4.77,15.42,5676.0,9103.0,4.25,10.36,14778.0
2026-03-16,17,9468.0,4.28,15.03,5659.0,9472.0,5.32,11.35,15131.0
2026-03-16,18,9552.0,4.03,15.18,5394.0,9287.0,5.81,11.45,14681.0
2026-03-16,19,9509.0,3.66,15.07,5352.0,9261.0,5.87,11.44,14614.0
2026-03-16,20,9510.0,3.34,15.03,5354.0,9302.0,5.88,11.44,14656.0
2026-03-16,21,9187.0,3.09,15.13,4980.0,8456.0,4.89,10.06,13435.0
2026-03-16,22,8666.0,2.79,14.9,4498.0,7260.0,3.56,8.23,11757.0
2026-03-16,23,8021.0,2.82,14.71,3923.0,6130.0,2.4,6.53,10053.0
2026-03-17,0,3875.0,2.79,14.46,1815.0,2222.0,0.57,3.39,4036.0
2026-03-17,1,3476.0,3.16,14.92,1827.0,1958.0,0.94,3.77,3785.0
2026-03-17,2,3523.0,3.52,15.91,1915.0,2051.0,1.15,4.0,3966.0
2026-03-17,3,2978.0,3.92,16.88,1958.0,2093.0,1.38,4.25,4051.0
2026-03-17,4,7245.0,4.39,14.24,1786.0,3727.0,1.65,4.27,5513.0
2026-03-17,5,8158.0,4.82,12.54,2519.0,5133.0,3.35,6.22,7652.0
2026-03-17,6,8613.0,5.01,14.54,4082.0,7482.0,5.24,9.25,11563.0
2026-03-17,7,9778.0,4.8,13.6,5269.0,9409.0,6.31,11.63,14678.0
2026-03-17,8,10364.0,4.54,13.13,5633.0,9954.0,6.15,11.95,15587.0
2026-03-17,9,11922.0,4.38,12.31,5701.0,10081.0,6.07,11.94,15781.0
2026-03-17,10,11981.0,4.42,12.41,5438.0,9482.0,5.09,10.69,14920.0
2026-03-17,11,12280.0,4.48,13.27,5592.0,9115.0,4.0,9.8,14708.0
2026-03-17,12,12250.0,4.64,13.1,5784.0,9302.0,3.65,9.77,15087.0
2026-03-17,13,12257.0,4.69,13.27,5874.0,9359.0,3.67,9.94,15234.0
2026-03-17,14,12342.0,4.82,13.34,5810.0,9252.0,3.74,9.95,15062.0
2026-03-17,15,11744.0,4.88,13.83,5785.0,9272.0,3.77,9.95,15057.0
2026-03-17,16,10155.0,4.7,14.62,5789.0,9434.0,4.17,10.33,15222.0
2026-03-17,17,9826.0,4.25,13.65,5649.0,9581.0,5.02,10.94,15229.0
2026-03-17,18,9104.0,3.94,13.6,5562.0,9690.0,5.68,11.45,15253.0
2026-03-17,19,9100.0,3.58,13.51,5441.0,9396.0,5.81,11.44,14837.0
2026-03-17,20,9078.0,3.12,13.47,5380.0,9363.0,5.88,11.44,14742.0
2026-03-17,21,9211.0,2.77,13.98,5252.0,8848.0,4.99,10.48,14100.0
2026-03-17,22,9471.0,2.56,15.17,4884.0,7887.0,3.64,8.76,12771.0
2026-03-17,23,9395.0,2.56,16.72,4233.0,6805.0,2.26,6.75,11038.0
2026-03-18,0,5929.0,2.67,15.94,2564.0,3547.0,0.92,4.15,6111.0
2026-03-18,1,3003.0,2.96,16.53,1997.0,2228.0,0.91,3.86,4225.0
2026-03-18,2,3032.0,3.47,17.06,2088.0,2317.0,1.13,4.12,4405.0
2026-03-18,3,3051.0,3.8,17.45,2129.0,2356.0,1.32,4.33,4485.0
2026-03-18,4,6366.0,4.01,17.94,1829.0,3746.0,1.77,4.42,5575.0
2026-03-18,5,8440.0,4.51,14.36,2580.0,5466.0,3.54,6.5,8046.0
2026-03-18,6,9222.0,4.66,13.79,4259.0,7906.0,5.54,9.8,12165.0
2026-03-18,7,11434.0,4.59,12.1,5384.0,9570.0,6.39,11.98,14953.0
2026-03-18,8,11587.0,4.59,11.74,5586.0,9781.0,6.05,11.94,15367.0
2026-03-18,9,11526.0,4.49,11.49,5681.0,10014.0,5.92,11.93,15695.0
2026-03-18,10,11422.0,4.37,11.18,5603.0,9642.0,5.11,11.07,15246.0
2026-03-18,11,11054.0,4.03,10.26,5899.0,9675.0,4.15,10.59,15575.0
2026-03-18,12,11501.0,3.87,11.47,5959.0,9404.0,3.68,10.26,15363.0
2026-03-18,13,11584.0,4.01,11.66,5849.0,9235.0,3.52,9.94,15084.0
2026-03-18,14,11626.0,3.93,11.76,5796.0,9097.0,3.58,9.95,14892.0
2026-03-18,15,11637.0,3.99,11.72,5762.0,9342.0,3.65,9.95,15104.0
2026-03-18,16,11243.0,3.86,10.81,5801.0,9411.0,4.11,10.43,15212.0
2026-03-18,17,11663.0,3.84,11.97,5656.0,9458.0,5.13,11.2,15114.0
2026-03-18,18,10566.0,3.77,13.06,5477.0,9419.0,5.65,11.44,14897.0
2026-03-18,19,9217.0,3.43,14.12,5428.0,9336.0,5.72,11.44,14764.0
2026-03-18,20,9189.0,3.02,14.0,5436.0,9332.0,5.71,11.44,14769.0
2026-03-18,21,9174.0,2.63,13.82,5209.0,8855.0,4.89,10.4,14064.0
2026-03-18,22,9180.0,2.39,13.98,4696.0,7767.0,3.48,8.44,12463.0
2026-03-18,23,11034.0,2.42,13.0,4858.0,7346.0,2.52,7.72,12204.0
2026-03-19,0,5063.0,2.61,14.31,2211.0,2816.0,0.55,3.67,5027.0
2026-03-19,1,3791.0,3.04,13.6,2120.0,2225.0,0.8,3.83,4345.0
2026-03-19,2,3770.0,3.54,13.95,2144.0,2261.0,1.13,4.16,4405.0
2026-03-19,3,3800.0,3.95,14.42,2243.0,2355.0,1.12,4.2,4598.0
2026-03-19,4,6738.0,4.45,13.24,1942.0,3842.0,1.64,4.37,5784.0
2026-03-19,5,8268.0,4.79,13.63,2517.0,5324.0,3.4,6.36,7841.0
2026-03-19,6,9664.0,4.96,12.46,4367.0,8048.0,5.36,9.75,12416.0
2026-03-19,7,10932.0,4.82,9.9,5529.0,9810.0,6.2,11.88,15338.0
2026-03-19,8,11093.0,4.69,10.48,5684.0,9887.0,6.03,11.93,15572.0
2026-03-19,9,11423.0,4.56,11.29,5691.0,9869.0,5.82,11.76,15560.0
2026-03-19,10,11430.0,4.52,10.97,5371.0,9241.0,4.9,10.45,14612.0
2026-03-19,11,11515.0,4.5,11.41,5843.0,9558.0,4.2,10.44,15402.0
2026-03-19,12,12063.0,4.47,13.03,6052.0,9512.0,3.85,10.45,15564.0
2026-03-19,13,11858.0,4.46,12.3,5856.0,9297.0,3.66,9.96,15153.0
2026-03-19,14,11794.0,4.5,12.19,5895.0,9339.0,3.58,9.95,15234.0
2026-03-19,15,11994.0,4.48,12.72,5909.0,9479.0,3.61,10.0,15387.0
2026-03-19,16,12175.0,4.5,13.27,5958.0,9560.0,4.03,10.45,15518.0
2026-03-19,17,11553.0,4.43,13.48,5934.0,9909.0,4.87,11.25,15844.0
2026-03-19,18,10375.0,4.24,13.18,5771.0,9737.0,5.37,11.45,15508.0
2026-03-19,19,9361.0,3.94,13.86,5661.0,9598.0,5.53,11.44,15260.0
2026-03-19,20,9170.0,3.57,13.84,5662.0,9567.0,5.54,11.44,15229.0
2026-03-19,21,9132.0,3.08,13.65,5472.0,9025.0,4.78,10.5,14497.0
2026-03-19,22,9339.0,2.89,14.32,5341.0,8305.0,3.56,9.24,13646.0
2026-03-19,23,9347.0,2.76,14.67,4503.0,6838.0,2.2,6.99,11341.0
2026-03-20,0,5841.0,2.95,13.95,2924.0,3631.0,0.77,4.21,6555.0
2026-03-20,1,3005.0,3.29,14.49,2608.0,2827.0,0.83,4.12,5436.0
2026-03-20,2,3017.0,3.52,14.43,2667.0,2886.0,1.01,4.33,5554.0
2026-03-20,3,3042.0,3.59,14.92,2741.0,2969.0,1.21,4.59,5711.0
2026-03-20,4,7315.0,4.28,14.86,2117.0,3789.0,1.53,4.31,5905.0
2026-03-20,5,7834.0,4.73,14.57,3092.0,5648.0,3.32,6.58,8740.0
2026-03-20,6,9952.0,4.75,14.01,4673.0,8334.0,5.22,9.93,13007.0
2026-03-20,7,11729.0,4.76,12.12,5651.0,9876.0,6.04,11.94,15526.0
2026-03-20,8,11562.0,4.69,11.61,5667.0,10026.0,5.99,11.94,15693.0
2026-03-20,9,11490.0,4.58,11.17,5741.0,10070.0,5.85,11.95,15811.0
2026-03-20,10,11532.0,4.47,11.46,5546.0,9660.0,5.12,11.0,15206.0
2026-03-20,11,11626.0,4.43,11.79,5773.0,9496.0,4.19,10.43,15269.0
2026-03-20,12,12268.0,4.42,13.39,5872.0,9409.0,3.81,10.25,15282.0
2026-03-20,13,12237.0,4.49,13.42,5764.0,9374.0,3.65,9.94,15138.0
2026-03-20,14,12251.0,4.44,13.41,5763.0,9266.0,3.63,9.95,15029.0
2026-03-20,15,12221.0,4.65,13.41,5768.0,9159.0,3.63,9.95,14927.0
2026-03-20,16,10210.0,4.61,13.73,5730.0,9335.0,4.02,10.26,15065.0
2026-03-20,17,9955.0,4.23,14.05,5628.0,9563.0,5.0,11.04,15191.0
2026-03-20,18,9890.0,3.95,13.93,5460.0,9471.0,5.66,11.44,14931.0
2026-03-20,19,9910.0,3.73,13.97,5390.0,9352.0,5.76,11.45,14742.0
2026-03-20,20,9627.0,3.47,14.66,5322.0,9213.0,5.83,11.45,14535.0
2026-03-20,21,9399.0,3.19,14.58,4905.0,8356.0,4.65,9.82,13261.0
2026-03-20,22,8801.0,2.95,15.04,4756.0,7745.0,3.66,8.69,12501.0
2026-03-20,23,8093.0,2.78,15.47,4296.0,6714.0,2.38,6.96,11010.0
2026-03-21,0,4177.0,2.85,13.73,2095.0,2500.0,0.46,3.48,4594.0
2026-03-21,1,3440.0,3.16,13.2,2057.0,2234.0,0.71,3.71,4291.0
2026-03-21,2,3460.0,3.47,13.66,2110.0,2293.0,0.89,3.91,4403.0
2026-03-21,3,3601.0,4.03,16.14,2398.0,2578.0,1.28,4.45,4976.0
2026-03-21,4,6140.0,4.4,16.73,2104.0,3502.0,1.6,4.46,5607.0
2026-03-21,5,7652.0,4.66,12.92,3062.0,5553.0,3.45,6.79,8615.0
2026-03-21,6,9918.0,4.77,12.81,4545.0,7758.0,5.31,9.97,12302.0
2026-03-21,7,11213.0,4.81,12.75,5155.0,9059.0,6.08,11.45,14214.0
2026-03-21,8,11065.0,4.72,12.39,5394.0,9310.0,5.8,11.44,14704.0
2026-03-21,9,10974.0,4.67,12.04,5477.0,9466.0,5.72,11.45,14943.0
2026-03-21,10,10973.0,4.5,11.88,5680.0,9568.0,5.14,11.16,15248.0
2026-03-21,11,11113.0,4.3,12.37,5991.0,9580.0,4.33,10.85,15571.0
2026-03-21,12,11652.0,4.14,13.92,5825.0,9074.0,3.88,10.21,14899.0
2026-03-21,13,11674.0,4.12,13.95,5687.0,8906.0,3.79,9.95,14594.0
2026-03-21,14,11744.0,4.17,14.06,5710.0,8911.0,3.78,9.95,14621.0
2026-03-21,15,11699.0,4.24,14.07,5703.0,8952.0,3.81,9.95,14655.0
2026-03-21,16,11335.0,4.32,13.13,5665.0,9044.0,4.13,10.2,14709.0
2026-03-21,17,10909.0,4.16,12.68,5631.0,9314.0,5.08,11.02,14945.0
2026-03-21,18,9466.0,4.02,12.96,5557.0,9203.0,5.61,11.45,14760.0
2026-03-21,19,8985.0,3.66,13.25,5537.0,9208.0,5.66,11.44,14744.0
2026-03-21,20,8786.0,3.27,13.55,5291.0,8886.0,5.57,11.08,14177.0
2026-03-21,21,8453.0,2.85,14.04,5160.0,8556.0,4.77,10.16,13716.0
2026-03-21,22,8686.0,2.52,15.1,4931.0,7754.0,3.57,8.71,12685.0
2026-03-21,23,8803.0,2.35,16.44,4508.0,6977.0,2.51,7.23,11485.0
2026-03-22,0,6859.0,2.61,12.2,2340.0,2899.0,0.65,3.75,5240.0
2026-03-22,1,3264.0,3.23,13.64,2413.0,2675.0,0.98,4.13,5087.0
2026-03-22,2,3117.0,3.53,16.31,2822.0,3083.0,1.44,4.86,5905.0
2026-03-22,3,3135.0,3.83,16.79,2709.0,2957.0,1.56,4.89,5666.0
2026-03-22,4,6828.0,4.28,16.5,2070.0,3598.0,1.66,4.43,5668.0
2026-03-22,5,8341.0,4.8,13.11,2829.0,5304.0,3.42,6.59,8133.0
2026-03-22,6,9114.0,4.92,13.65,4383.0,7609.0,5.48,9.85,11992.0
2026-03-22,7,10918.0,4.83,13.32,5239.0,8827.0,6.08,11.46,14066.0
2026-03-22,8,11685.0,4.95,12.86,5397.0,9262.0,5.88,11.44,14659.0
2026-03-22,9,11122.0,4.94,12.9,5460.0,9412.0,5.82,11.44,14873.0
2026-03-22,10,10483.0,4.74,13.02,5496.0,9302.0,5.01,10.74,14799.0
2026-03-22,11,10504.0,4.61,13.02,5802.0,9449.0,4.25,10.45,15251.0
2026-03-22,12,10841.0,4.37,14.29,5876.0,9254.0,4.07,10.41,15130.0
2026-03-22,13,10605.0,4.21,13.38,5740.0,9017.0,3.74,9.95,14758.0
2026-03-22,14,10597.0,4.16,13.29,5645.0,8881.0,3.86,9.95,14526.0
2026-03-22,15,11142.0,4.1,13.1,5618.0,8949.0,3.9,9.95,14566.0
2026-03-22,16,11375.0,4.05,13.07,5631.0,8954.0,4.26,10.32,14585.0
2026-03-22,17,10697.0,4.05,13.22,5301.0,8969.0,5.05,10.66,14269.0
2026-03-22,18,10531.0,3.96,13.21,5198.0,9094.0,5.48,10.95,14292.0
2026-03-22,19,10475.0,3.84,13.17,5172.0,9011.0,5.5,10.95,14183.0
2026-03-22,20,8705.0,3.61,14.48,5145.0,8984.0,5.53,10.94,14129.0
2026-03-22,21,8751.0,3.19,14.81,5006.0,8385.0,4.64,9.94,13391.0
2026-03-22,22,8123.0,2.88,15.66,4682.0,7533.0,3.42,8.35,12215.0
2026-03-22,23,7650.0,2.67,16.95,4106.0,6331.0,2.19,6.59,10437.0
2026-03-23,0,3951.0,2.61,14.87,2121.0,2793.0,0.63,3.65,4914.0
2026-03-23,1,3180.0,2.96,15.07,2021.0,2228.0,0.83,3.81,4249.0
2026-03-23,2,3185.0,3.34,14.88,2006.0,2217.0,0.93,3.9,4223.0
2026-03-23,3,3319.0,3.64,14.2,1915.0,2102.0,0.99,3.9,4017.0
2026-03-23,4,7513.0,4.08,12.92,1899.0,3815.0,1.55,4.26,5714.0
2026-03-23,5,8731.0,4.53,11.95,2662.0,5550.0,3.42,6.5,8211.0
2026-03-23,6,11001.0,4.72,11.29,4398.0,7963.0,5.37,9.88,12361.0
2026-03-23,7,11264.0,4.89,10.68,5377.0,9523.0,6.22,11.83,14900.0
2026-03-23,8,11195.0,4.73,10.44,5637.0,9994.0,5.94,11.93,15631.0
2026-03-23,9,11098.0,4.58,10.23,5615.0,9854.0,5.81,11.75,15469.0
2026-03-23,10,11029.0,4.37,10.18,5616.0,9640.0,5.13,11.12,15255.0
2026-03-23,11,11041.0,4.21,10.13,5765.0,9457.0,4.18,10.42,15222.0
2026-03-23,12,11689.0,4.14,11.71,5992.0,9448.0,3.7,10.34,15440.0
2026-03-23,13,11929.0,4.04,11.47,6162.0,9782.0,3.74,10.65,15944.0
2026-03-23,14,12843.0,4.07,11.02,6127.0,9652.0,3.83,10.66,15779.0
2026-03-23,15,12485.0,4.08,12.22,5912.0,9357.0,3.67,10.17,15269.0
2026-03-23,16,11878.0,4.16,12.38,5657.0,9263.0,4.05,10.15,14920.0
2026-03-23,17,9923.0,4.03,13.7,5676.0,9613.0,4.96,11.01,15289.0
2026-03-23,18,9743.0,3.72,13.24,5505.0,9488.0,5.66,11.44,14993.0
2026-03-23,19,9696.0,3.4,13.17,5427.0,9318.0,5.76,11.44,14745.0
2026-03-23,20,9828.0,3.09,13.55,5442.0,9414.0,5.77,11.44,14856.0
2026-03-23,21,8970.0,2.8,14.25,4964.0,8541.0,4.64,9.81,13505.0
2026-03-23,22,8779.0,2.53,14.17,4782.0,7638.0,3.51,8.49,12420.0
2026-03-23,23,9452.0,2.47,13.17,4373.0,6736.0,2.38,6.96,11110.0
2026-03-24,0,5618.0,2.72,14.32,2806.0,3499.0,1.0,4.42,6305.0
2026-03-24,1,3558.0,2.99,15.07,2624.0,2903.0,1.2,4.53,5527.0
2026-03-24,2,3600.0,3.57,15.68,2667.0,2950.0,1.4,4.75,5616.0
2026-03-24,3,3616.0,4.01,16.03,2712.0,2992.0,1.58,4.95,5704.0
2026-03-24,4,6863.0,4.35,13.93,2023.0,3774.0,1.81,4.57,5798.0
2026-03-24,5,7530.0,4.66,12.99,2756.0,5517.0,3.48,6.53,8274.0
2026-03-24,6,10077.0,4.74,11.74,4310.0,7913.0,5.26,9.61,12223.0
2026-03-24,7,11207.0,4.77,10.52,5589.0,9836.0,6.17,11.93,15425.0
2026-03-24,8,11110.0,4.62,10.3,5686.0,10172.0,6.06,11.95,15858.0
2026-03-24,9,11019.0,4.42,10.15,5743.0,10214.0,5.98,11.94,15957.0
2026-03-24,10,11100.0,4.23,10.25,5551.0,9535.0,5.03,10.78,15086.0
2026-03-24,11,11457.0,4.1,11.25,5834.0,9504.0,4.24,10.45,15339.0
2026-03-24,12,11675.0,4.03,11.67,5993.0,9615.0,3.69,10.16,15608.0
2026-03-24,13,11754.0,3.94,11.91,5937.0,9596.0,3.53,9.94,15533.0
2026-03-24,14,11829.0,4.03,12.01,5925.0,9468.0,3.53,9.95,15393.0
2026-03-25,9,11128.0,4.6,11.58,5727.0,10056.0,5.83,11.94,15782.0
2026-03-25,10,11374.0,4.44,12.13,5469.0,9513.0,4.99,10.79,14982.0
2026-03-25,11,11656.0,4.45,12.97,5737.0,9389.0,4.21,10.45,15126.0
2026-03-25,12,11773.0,4.34,13.37,5776.0,9316.0,3.81,10.15,15092.0
2026-03-25,13,11948.0,4.44,13.74,5729.0,9309.0,3.68,9.94,15038.0
2026-03-25,14,11972.0,4.39,13.84,5690.0,9249.0,3.75,9.95,14940.0
2026-03-25,15,11673.0,4.5,14.08,5701.0,9181.0,3.75,9.94,14882.0
2026-03-25,16,11460.0,4.47,13.23,5755.0,9390.0,4.11,10.38,15145.0
2026-03-25,17,10830.0,4.3,12.83,5704.0,9433.0,4.96,11.1,15137.0
2026-03-25,18,10387.0,4.08,12.8,5588.0,9558.0,5.52,11.44,15146.0
2026-03-25,19,10313.0,3.88,12.58,5535.0,9506.0,5.6,11.44,15041.0
2026-03-25,20,10239.0,3.62,12.24,5453.0,9504.0,5.73,11.43,14957.0
2026-03-25,21,10124.0,3.44,12.04,5025.0,8591.0,4.77,10.05,13617.0
2026-03-25,22,9307.0,3.31,13.82,4877.0,7877.0,3.55,8.7,12754.0
2026-03-25,23,7340.0,3.13,17.0,4178.0,6510.0,2.28,6.72,10689.0
2026-03-26,0,4095.0,2.98,15.23,2071.0,3056.0,0.62,3.6,5127.0
2026-03-26,1,2659.0,3.17,13.93,2145.0,2363.0,0.76,3.81,4508.0
2026-03-26,2,3394.0,3.56,13.61,2050.0,2264.0,0.9,3.89,4314.0
2026-03-26,3,3530.0,3.96,15.36,2260.0,2468.0,1.15,4.25,4728.0
2026-03-26,4,6750.0,4.27,15.6,1947.0,3732.0,1.67,4.41,5679.0
2026-03-26,5,8878.0,4.73,14.84,2703.0,5412.0,3.34,6.44,8115.0
2026-03-26,6,10257.0,4.94,13.8,4732.0,8446.0,5.7,10.5,13178.0
2026-03-26,7,10560.0,4.82,13.12,5527.0,9745.0,6.24,11.94,15272.0
2026-03-26,8,10447.0,4.58,12.94,5685.0,9967.0,6.03,11.94,15651.0
2026-03-26,9,10373.0,4.22,12.7,5720.0,10201.0,5.98,11.95,15920.0
2026-03-26,10,10351.0,4.02,12.66,5477.0,9496.0,4.88,10.57,14972.0
2026-03-26,11,10317.0,3.82,12.42,5888.0,9551.0,4.14,10.45,15440.0
2026-03-26,12,11975.0,3.68,13.38,5855.0,9335.0,3.78,10.06,15189.0
2026-03-26,13,12289.0,3.76,13.33,5859.0,9484.0,3.68,9.95,15343.0
2026-03-26,14,12303.0,3.83,13.38,5831.0,9409.0,3.71,9.95,15241.0
2026-03-26,15,12285.0,3.93,13.46,5810.0,9281.0,3.72,9.95,15091.0
2026-03-26,16,11948.0,4.0,12.4,5826.0,9410.0,4.13,10.36,15235.0
2026-03-26,17,11943.0,3.99,12.32,5584.0,9491.0,5.01,10.88,15075.0
2026-03-26,18,10207.0,3.93,13.37,5602.0,9808.0,5.59,11.44,15410.0
2026-03-26,19,9837.0,3.55,13.55,5525.0,9748.0,5.69,11.44,15272.0
2026-03-26,20,9813.0,3.29,13.49,5502.0,9531.0,5.69,11.45,15033.0
2026-03-26,21,9756.0,3.03,13.24,5130.0,8691.0,4.79,10.19,13821.0
2026-03-26,22,8745.0,2.84,14.29,5019.0,8050.0,3.76,9.06,13069.0
2026-03-26,23,8644.0,2.66,14.77,4206.0,6666.0,2.29,6.75,10872.0
2026-03-27,0,4146.0,2.81,15.27,2133.0,2537.0,0.6,3.63,4670.0
2026-03-27,1,3498.0,3.19,14.07,2153.0,2333.0,0.79,3.84,4486.0
2026-03-27,2,3523.0,3.56,14.43,2237.0,2414.0,0.95,4.05,4650.0
2026-03-27,3,3602.0,4.0,15.54,2342.0,2521.0,1.28,4.44,4864.0
2026-03-27,4,6803.0,4.44,15.08,1962.0,3668.0,1.74,4.51,5630.0
2026-03-27,5,7804.0,4.79,15.04,2414.0,5338.0,3.24,6.16,7752.0
2026-03-27,6,9031.0,4.86,14.62,4152.0,7891.0,5.24,9.49,12043.0
2026-03-27,7,10438.0,4.71,13.27,5463.0,9728.0,6.22,11.94,15191.0
2026-03-27,8,11071.0,4.54,12.52,5605.0,9873.0,5.98,11.94,15478.0
2026-03-27,9,11054.0,4.36,12.27,5648.0,9946.0,5.85,11.88,15595.0
2026-03-27,10,11055.0,4.18,12.19,5371.0,9587.0,5.1,10.74,14958.0
2026-03-27,11,11185.0,4.07,12.38,5711.0,9441.0,4.13,10.35,15152.0
2026-03-27,12,11505.0,3.94,13.5,5924.0,9467.0,3.86,10.43,15392.0
2026-03-27,13,11644.0,3.86,13.95,5924.0,9495.0,3.84,10.44,15418.0
2026-03-27,14,11265.0,3.74,15.01,5925.0,9668.0,3.85,10.46,15593.0
2026-03-27,15,11318.0,3.57,15.39,5931.0,9527.0,3.83,10.45,15458.0
2026-03-27,16,11022.0,3.41,14.31,5773.0,9416.0,4.1,10.45,15189.0
2026-03-27,17,11035.0,3.25,14.11,5587.0,9334.0,5.02,11.03,14921.0
2026-03-27,18,11477.0,3.17,13.46,5459.0,9356.0,5.66,11.45,14815.0
2026-03-27,19,11441.0,3.15,13.38,5317.0,9259.0,5.77,11.35,14576.0
2026-03-27,20,11440.0,3.13,13.23,5336.0,9319.0,5.76,11.34,14656.0
2026-03-27,21,10212.0,3.07,14.09,5088.0,8574.0,4.83,10.21,13661.0
2026-03-27,22,8872.0,2.9,15.84,4907.0,7817.0,3.69,8.93,12724.0
2026-03-27,23,8973.0,2.75,16.44,4503.0,6891.0,2.54,7.35,11394.0
2026-03-28,0,5898.0,2.88,15.71,2743.0,3674.0,0.8,4.21,6417.0
2026-03-28,1,3609.0,3.28,15.59,2267.0,2512.0,0.89,4.02,4779.0
2026-03-28,2,3664.0,3.64,16.92,2421.0,2656.0,1.22,4.44,5077.0
2026-03-28,3,3688.0,4.03,17.36,2487.0,2717.0,1.41,4.66,5204.0
2026-03-28,4,6870.0,4.57,15.36,2097.0,3813.0,1.69,4.47,5910.0
2026-03-28,5,7244.0,4.84,15.09,2700.0,5023.0,3.23,6.27,7723.0
2026-03-28,6,9211.0,4.85,13.68,4525.0,7877.0,5.37,9.97,12402.0
2026-03-28,7,11277.0,4.81,12.86,5464.0,9464.0,6.35,11.94,14927.0
2026-03-28,8,11211.0,4.71,12.79,5659.0,9694.0,6.08,11.94,15353.0
2026-03-28,9,11133.0,4.6,12.36,5780.0,9844.0,5.88,11.93,15624.0
2026-03-28,10,11195.0,4.47,12.63,5526.0,9427.0,5.12,10.89,14953.0
2026-03-28,11,11214.0,4.4,12.61,5782.0,9374.0,4.29,10.45,15157.0
2026-03-28,12,11446.0,4.26,13.35,5979.0,9232.0,3.97,10.45,15211.0
2026-03-28,13,11702.0,4.23,14.12,5936.0,9378.0,4.04,10.43,15315.0
2026-03-28,14,11670.0,4.24,14.06,5749.0,9055.0,3.79,9.95,14804.0
2026-03-28,15,11752.0,4.25,14.13,5682.0,9025.0,3.88,9.95,14708.0
2026-03-28,16,11425.0,4.34,13.23,5782.0,9197.0,4.08,10.26,14979.0
2026-03-28,17,11441.0,4.33,13.44,5612.0,9217.0,4.97,10.9,14829.0
2026-03-28,18,10778.0,4.2,13.59,5572.0,9295.0,5.6,11.45,14867.0
2026-03-28,19,9475.0,4.05,14.61,5454.0,9146.0,5.73,11.44,14600.0
2026-03-28,20,8087.0,3.6,15.63,5420.0,9183.0,5.77,11.44,14603.0
2026-03-28,21,8026.0,3.07,15.4,4998.0,8519.0,4.79,10.0,13517.0
2026-03-28,22,8059.0,2.72,15.56,4496.0,7404.0,3.44,8.1,11900.0
2026-03-28,23,8683.0,2.58,18.9,4104.0,6381.0,2.26,6.62,10485.0
2026-03-29,0,3835.0,2.64,18.61,2483.0,3136.0,0.9,4.09,5619.0
2026-03-29,1,3266.0,2.99,18.19,2572.0,2796.0,1.24,4.54,5369.0
2026-03-29,2,3317.0,3.39,18.84,2652.0,2871.0,1.47,4.82,5523.0
2026-03-29,3,3306.0,3.79,18.67,2648.0,2862.0,1.54,4.89,5510.0
2026-03-29,4,6409.0,4.03,16.28,1977.0,3757.0,1.61,4.36,5734.0
2026-03-29,5,7530.0,4.34,13.85,2189.0,4757.0,2.97,5.79,6946.0
2026-03-29,6,10554.0,4.65,12.09,4196.0,7554.0,5.22,9.49,11751.0
2026-03-29,7,11014.0,4.75,13.37,5113.0,8903.0,6.16,11.45,14017.0
2026-03-29,8,10897.0,4.71,13.09,5250.0,9140.0,5.91,11.44,14390.0
2026-03-29,9,10979.0,4.63,13.23,5307.0,9298.0,5.88,11.44,14604.0
2026-03-29,10,10924.0,4.54,13.15,5411.0,9159.0,5.17,10.94,14570.0
2026-03-29,11,11096.0,4.45,13.7,5685.0,9205.0,4.25,10.44,14889.0
2026-03-29,12,11499.0,4.35,14.95,5619.0,8983.0,3.92,10.06,14602.0
2026-03-29,13,11485.0,4.38,14.93,5577.0,8819.0,3.85,9.95,14396.0
2026-03-29,14,11629.0,4.4,15.1,5548.0,8811.0,3.88,9.95,14359.0
2026-03-29,15,11577.0,4.45,15.19,5523.0,8861.0,3.93,9.94,14384.0
2026-03-29,16,11394.0,4.47,14.49,5544.0,8822.0,4.23,10.26,14366.0
2026-03-29,17,11056.0,4.44,14.32,5319.0,8804.0,5.07,10.79,14123.0
2026-03-29,18,10829.0,4.42,14.24,5147.0,8859.0,5.47,10.94,14005.0
2026-03-29,19,10845.0,4.38,14.24,5117.0,8712.0,5.51,10.94,13829.0
2026-03-29,20,10762.0,4.37,14.22,5182.0,8766.0,5.42,10.95,13947.0
2026-03-29,21,9994.0,4.26,14.67,4987.0,8379.0,4.69,9.99,13366.0
2026-03-29,22,8708.0,4.2,15.65,4613.0,7319.0,3.45,8.35,11932.0
2026-03-29,23,5613.0,3.79,19.87,4088.0,6365.0,2.38,6.75,10453.0
2026-03-30,0,3508.0,3.44,15.92,2430.0,3382.0,0.91,4.12,5812.0
2026-03-30,1,2750.0,3.57,15.51,2246.0,2502.0,0.97,4.1,4749.0
2026-03-30,2,2727.0,3.91,16.28,2270.0,2535.0,1.06,4.2,4805.0
2026-03-30,3,2757.0,4.27,16.67,2084.0,2350.0,1.15,4.17,4434.0
2026-03-30,4,5379.0,4.41,16.12,1937.0,3624.0,1.67,4.42,5561.0
2026-03-30,5,8134.0,4.64,13.87,2758.0,5474.0,3.58,6.73,8233.0
2026-03-30,6,10420.0,4.81,13.43,4717.0,8441.0,5.84,10.62,13158.0
2026-03-30,7,11069.0,4.76,12.9,5449.0,9513.0,6.32,11.94,14962.0
2026-03-30,8,11077.0,4.66,12.48,5636.0,9863.0,6.08,11.94,15499.0
2026-03-30,9,10982.0,4.48,12.17,5749.0,10145.0,5.92,11.93,15895.0
2026-03-30,10,11014.0,4.3,12.17,5545.0,9577.0,4.91,10.69,15122.0
2026-03-30,11,11194.0,4.21,12.34,5677.0,9360.0,4.05,10.06,15037.0
2026-03-30,12,11278.0,4.18,12.67,5672.0,9291.0,3.92,9.94,14963.0
2026-03-30,13,11468.0,4.05,14.06,5863.0,9292.0,3.64,9.94,15155.0
2026-03-30,14,11504.0,3.99,14.11,5851.0,9324.0,3.63,9.95,15175.0
2026-03-30,15,11648.0,3.95,14.05,5815.0,9352.0,3.71,9.96,15167.0
2026-03-30,16,11346.0,3.86,13.07,5791.0,9428.0,4.04,10.23,15220.0
2026-03-30,17,11178.0,3.83,12.8,5582.0,9550.0,5.02,10.89,15132.0
2026-03-30,18,11205.0,3.76,12.65,5569.0,9592.0,5.64,11.44,15161.0
2026-03-30,19,10557.0,3.64,13.02,5520.0,9524.0,5.69,11.44,15044.0
2026-03-30,20,9984.0,3.43,13.38,5472.0,9488.0,5.76,11.44,14961.0
2026-03-30,21,9196.0,3.1,13.75,5186.0,8588.0,4.99,10.41,13774.0
2026-03-30,22,9412.0,2.94,14.75,4657.0,7535.0,3.49,8.32,12192.0
2026-03-30,23,7691.0,2.83,16.76,4177.0,6551.0,2.32,6.72,10729.0
2026-03-31,0,4484.0,2.78,16.43,2542.0,3387.0,0.79,4.07,5929.0
2026-03-31,1,2859.0,3.07,15.64,1948.0,2187.0,0.83,3.76,4135.0
2026-03-31,2,2809.0,3.24,14.33,2015.0,2259.0,1.05,4.01,4274.0
2026-03-31,3,2898.0,3.69,15.37,1947.0,2149.0,1.24,4.15,4096.0
2026-03-31,4,7713.0,4.02,14.44,1923.0,3794.0,1.71,4.43,5718.0
2026-03-31,5,9016.0,4.5,13.18,2422.0,5159.0,3.29,6.2,7581.0
2026-03-31,6,10160.0,4.79,13.2,4400.0,8039.0,5.3,9.76,12438.0
2026-03-31,7,11146.0,4.84,12.42,5432.0,9744.0,6.21,11.82,15175.0
2026-03-31,8,10987.0,4.71,11.92,5611.0,9981.0,6.08,11.94,15592.0
2026-03-31,9,10939.0,4.5,11.67,5669.0,10141.0,5.92,11.9,15809.0
2026-03-31,10,10902.0,4.18,11.72,5485.0,9649.0,5.19,10.97,15134.0
2026-03-31,11,11001.0,4.07,11.95,5691.0,9578.0,4.29,10.45,15269.0
2026-03-31,12,11867.0,4.05,12.6,5743.0,9421.0,3.74,9.99,15164.0
2026-03-31,13,11852.0,4.08,13.25,5728.0,9389.0,3.69,9.95,15117.0
2026-03-31,14,10744.0,3.98,15.0,5662.0,9083.0,3.75,9.95,14744.0
2026-03-31,15,10773.0,3.84,15.18,5684.0,9141.0,3.74,9.95,14824.0
2026-03-31,16,10571.0,3.67,14.47,5645.0,9280.0,4.13,10.27,14925.0
2026-03-31,17,10298.0,3.45,13.65,5552.0,9443.0,5.11,11.06,14994.0
2026-03-31,18,10337.0,3.2,12.99,5389.0,9438.0,5.74,11.44,14827.0
2026-03-31,19,10665.0,3.03,13.61,5323.0,9330.0,5.82,11.44,14653.0
2026-03-31,20,10633.0,2.9,13.45,5348.0,9304.0,5.8,11.44,14652.0
2026-03-31,21,10495.0,2.77,13.03,4985.0,8540.0,4.84,10.14,13525.0
2026-03-31,22,10479.0,2.82,13.07,4669.0,7653.0,3.52,8.48,12322.0
2026-03-31,23,10768.0,3.0,14.87,4375.0,6815.0,2.39,7.08,11190.0
2026-04-01,0,5595.0,3.28,15.57,2431.0,3172.0,0.65,3.89,5603.0
2026-04-01,1,3183.0,3.68,16.15,1935.0,2220.0,0.84,3.81,4155.0
2026-04-01,2,2755.0,4.01,16.85,2011.0,2292.0,1.11,4.11,4302.0
2026-04-01,3,2776.0,4.32,17.26,2066.0,2349.0,1.24,4.26,4415.0
2026-04-01,4,6271.0,4.56,15.98,1877.0,3816.0,1.59,4.32,5693.0
2026-04-01,5,8107.0,4.8,13.88,2600.0,5443.0,3.35,6.38,8043.0
2026-04-01,6,9713.0,4.95,12.18,4180.0,7754.0,5.2,9.48,11934.0
2026-04-01,7,10773.0,4.89,11.37,5247.0,9384.0,6.09,11.49,14631.0
2026-04-01,8,10883.0,4.78,11.64,5567.0,9757.0,6.11,11.94,15324.0
2026-04-01,9,10882.0,4.59,11.62,5608.0,9872.0,6.05,11.92,15480.0
2026-04-01,10,11177.0,4.45,12.48,5232.0,9210.0,4.98,10.45,14441.0
2026-04-01,11,11643.0,4.43,13.79,5798.0,9366.0,4.2,10.44,15164.0
2026-04-01,12,11626.0,4.35,13.72,6000.0,9485.0,3.89,10.45,15485.0
2026-04-01,13,11668.0,4.21,13.8,6019.0,9663.0,3.88,10.45,15682.0
2026-04-01,14,11644.0,4.12,13.85,5973.0,9584.0,3.97,10.44,15558.0
2026-04-01,15,11736.0,4.06,13.92,5764.0,9300.0,3.89,10.09,15064.0
2026-04-01,16,10648.0,4.02,14.15,5685.0,9181.0,4.14,10.23,14866.0
2026-04-01,17,9530.0,3.68,14.48,5680.0,9493.0,5.02,11.03,15172.0
2026-04-01,18,9821.0,3.37,13.94,5543.0,9583.0,5.66,11.44,15126.0
2026-04-01,19,10085.0,3.07,13.56,5489.0,9539.0,5.75,11.45,15028.0
2026-04-01,20,10017.0,2.79,12.8,5451.0,9429.0,5.73,11.42,14880.0
2026-04-01,21,9955.0,2.55,12.03,5201.0,8969.0,4.96,10.41,14170.0
2026-04-01,22,10491.0,2.5,12.92,4720.0,7684.0,3.59,8.53,12403.0
2026-04-01,23,9345.0,2.64,14.56,4100.0,6452.0,2.14,6.45,10552.0
2026-04-02,0,3937.0,2.66,14.87,2362.0,2665.0,0.69,3.86,5027.0
2026-04-02,1,3462.0,3.26,13.77,2086.0,2351.0,0.75,3.76,4437.0
2026-04-02,2,3485.0,3.67,13.99,2190.0,2448.0,1.0,4.06,4638.0
2026-04-02,3,3523.0,4.09,14.56,2255.0,2503.0,0.99,4.09,4758.0
2026-04-02,4,7576.0,4.48,13.06,1985.0,3819.0,1.59,4.33,5804.0
2026-04-02,5,8074.0,4.94,15.28,2474.0,5263.0,3.13,6.09,7737.0
2026-04-02,6,9049.0,4.9,13.88,4457.0,8157.0,5.22,9.7,12614.0
2026-04-02,7,11069.0,4.83,12.21,5477.0,9775.0,6.21,11.86,15252.0
2026-04-02,8,10944.0,4.7,11.73,5685.0,10066.0,6.0,11.94,15751.0
2026-04-02,9,10678.0,4.45,11.04,5711.0,10085.0,5.92,11.93,15796.0
2026-04-02,10,10821.0,4.17,11.49,5493.0,9577.0,5.2,10.95,15070.0
2026-04-02,11,11046.0,3.93,12.0,5765.0,9697.0,4.27,10.44,15461.0
2026-04-02,12,11607.0,3.94,13.78,5982.0,9695.0,3.89,10.43,15677.0
2026-04-02,13,11916.0,3.89,14.47,5891.0,9551.0,3.85,10.29,15442.0
2026-04-02,14,11846.0,3.82,14.46,5814.0,9333.0,3.73,10.12,15147.0
2026-04-02,15,11890.0,3.84,14.65,5747.0,9274.0,3.73,10.02,15021.0
2026-04-02,16,11686.0,3.89,14.02,5724.0,9471.0,4.11,10.35,15195.0
2026-04-02,17,10695.0,3.77,13.62,5679.0,9602.0,4.99,11.12,15281.0
2026-04-02,18,10619.0,3.57,13.53,5493.0,9511.0,5.58,11.44,15004.0
2026-04-02,19,9728.0,3.34,14.2,5430.0,9389.0,5.67,11.44,14819.0
2026-04-02,20,9352.0,2.96,14.42,5348.0,9349.0,5.78,11.44,14697.0
2026-04-02,21,10279.0,2.69,13.39,5029.0,8658.0,4.71,10.08,13687.0
2026-04-02,22,10618.0,2.71,13.47,4823.0,7867.0,3.55,8.69,12689.0
2026-04-02,23,10947.0,2.88,14.71,4604.0,7213.0,2.63,7.56,11817.0
2026-04-03,0,5223.0,3.21,14.94,2642.0,3323.0,0.98,4.38,5965.0
2026-04-03,1,2755.0,3.57,15.95,2285.0,2569.0,0.92,4.07,4854.0
2026-04-03,2,2754.0,3.87,16.43,2401.0,2688.0,1.14,4.36,5089.0
2026-04-03,3,2759.0,4.18,16.83,2434.0,2723.0,1.34,4.58,5157.0
2026-04-03,4,5054.0,4.23,17.19,1916.0,3708.0,1.7,4.42,5624.0
2026-04-03,5,8209.0,4.49,14.67,2749.0,5521.0,3.46,6.59,8269.0
2026-04-03,6,9824.0,4.64,13.86,4731.0,8448.0,5.51,10.37,13179.0
2026-04-03,7,11077.0,4.51,12.89,5484.0,9644.0,6.17,11.93,15128.0
2026-04-03,8,11145.0,4.39,12.55,5574.0,9828.0,6.07,11.94,15402.0
2026-04-03,9,11076.0,4.13,12.28,5700.0,10060.0,5.95,11.94,15760.0
2026-04-03,10,11011.0,3.91,12.06,5958.0,10100.0,5.46,11.92,16058.0
2026-04-03,11,11258.0,3.78,12.06,5853.0,9476.0,4.09,10.46,15330.0
2026-04-03,12,11678.0,3.71,14.04,5901.0,9306.0,3.73,10.19,15207.0
2026-04-03,13,11062.0,3.61,14.92,5849.0,9177.0,3.57,9.95,15026.0
2026-04-03,14,11106.0,3.5,15.01,5794.0,9245.0,3.66,9.95,15039.0
2026-04-03,15,11078.0,3.39,15.12,5786.0,9346.0,3.7,9.94,15132.0
2026-04-03,16,10797.0,3.24,14.04,5838.0,9445.0,4.09,10.37,15283.0
2026-04-03,17,12551.0,3.2,12.32,5701.0,9513.0,4.91,10.94,15213.0
2026-04-03,18,12481.0,3.35,12.16,5583.0,9468.0,5.5,11.35,15051.0
2026-04-03,19,11209.0,3.44,13.3,5459.0,9291.0,5.74,11.44,14750.0
2026-04-03,20,9424.0,3.21,14.8,5435.0,9322.0,5.79,11.44,14757.0
2026-04-03,21,8991.0,2.88,14.92,5096.0,8695.0,4.82,10.12,13790.0
2026-04-03,22,8844.0,2.64,15.83,4574.0,7524.0,3.42,8.16,12098.0
2026-04-03,23,8757.0,2.57,16.25,4325.0,6634.0,2.27,6.78,10958.0
2026-04-04,0,4573.0,2.74,15.14,2142.0,2705.0,0.64,3.66,4847.0
2026-04-04,1,3493.0,3.03,14.02,1928.0,2208.0,0.65,3.58,4136.0
2026-04-04,2,3435.0,3.52,13.76,1903.0,2165.0,0.83,3.74,4068.0
2026-04-04,3,3509.0,3.99,14.74,1921.0,2173.0,1.09,4.0,4094.0
2026-04-04,4,6822.0,4.35,14.15,1922.0,3883.0,1.55,4.25,5805.0
2026-04-04,5,7719.0,4.59,13.05,3049.0,5706.0,3.25,6.48,8755.0
2026-04-04,6,10857.0,4.74,13.48,4782.0,8123.0,5.44,10.26,12906.0
2026-04-04,7,11380.0,4.83,13.05,5437.0,9364.0,6.17,11.76,14801.0
2026-04-04,8,11304.0,4.73,12.78,5694.0,9887.0,5.99,11.93,15582.0
2026-04-04,9,11221.0,4.62,12.54,5719.0,9946.0,5.82,11.8,15665.0
2026-04-04,10,11112.0,4.48,12.31,5594.0,9488.0,4.96,10.82,15082.0
2026-04-04,11,11200.0,4.31,12.64,5827.0,9391.0,4.14,10.4,15218.0
2026-04-04,12,11593.0,4.2,13.59,5859.0,9229.0,3.74,10.07,15088.0
2026-04-04,13,11655.0,4.19,13.86,5821.0,9123.0,3.64,9.95,14944.0
2026-04-04,14,11713.0,4.27,13.93,5793.0,9160.0,3.73,10.0,14953.0
2026-04-04,15,11700.0,4.18,14.01,5712.0,9054.0,3.78,9.94,14766.0
2026-04-04,16,11320.0,4.25,13.1,5695.0,9172.0,4.07,10.22,14867.0
2026-04-04,17,11330.0,4.19,13.12,5663.0,9293.0,4.92,10.99,14956.0
2026-04-04,18,11421.0,4.12,13.33,5488.0,9373.0,5.64,11.44,14861.0
2026-04-04,19,9630.0,3.94,14.95,5403.0,9334.0,5.75,11.44,14737.0
2026-04-04,20,9089.0,3.64,13.93,5424.0,9211.0,5.72,11.44,14636.0
2026-04-04,21,8437.0,3.26,13.73,5171.0,8570.0,4.88,10.39,13741.0
2026-04-04,22,8376.0,2.88,13.53,4874.0,7716.0,3.59,8.8,12591.0
2026-04-04,23,8328.0,2.67,13.43,4477.0,6913.0,2.57,7.36,11389.0
2026-04-05,0,6063.0,2.69,13.52,2859.0,3590.0,1.07,4.56,6449.0
2026-04-05,1,3247.0,3.16,15.35,2596.0,2865.0,1.11,4.47,5461.0
2026-04-05,2,3090.0,3.37,15.97,2663.0,2938.0,1.56,4.95,5601.0
2026-04-05,3,3112.0,3.92,16.53,2740.0,3022.0,1.61,5.05,5762.0
2026-04-05,4,7260.0,4.19,13.52,1865.0,3877.0,1.67,4.37,5742.0
2026-04-05,5,8304.0,4.62,12.87,2893.0,5623.0,3.41,6.67,8516.0
2026-04-05,6,10437.0,4.82,12.53,4269.0,7647.0,5.32,9.75,11916.0
2026-04-05,7,11082.0,4.92,12.28,5138.0,8713.0,5.99,11.44,13850.0
2026-04-05,8,11365.0,4.92,13.11,5391.0,9063.0,5.7,11.43,14454.0
2026-04-05,9,11337.0,4.89,13.07,5497.0,9288.0,5.62,11.44,14785.0
2026-04-05,10,11351.0,4.89,13.03,5378.0,8980.0,4.84,10.59,14358.0
2026-04-05,11,11742.0,4.88,14.3,5768.0,9182.0,4.15,10.44,14949.0
2026-04-05,12,11887.0,4.88,14.54,5742.0,9055.0,4.0,10.28,14797.0
2026-04-05,13,11907.0,4.97,14.71,5601.0,8778.0,3.83,9.95,14379.0
2026-04-05,14,10421.0,4.99,16.17,5654.0,8671.0,3.75,9.95,14324.0
2026-04-05,15,8815.0,4.66,17.74,5634.0,8740.0,3.8,9.95,14374.0
2026-04-05,16,8407.0,4.11,17.46,5659.0,8927.0,4.14,10.26,14586.0
2026-04-05,17,9281.0,3.71,16.1,5566.0,8983.0,4.95,10.9,14548.0
2026-04-05,18,9493.0,3.4,15.47,5331.0,8945.0,5.31,10.94,14276.0
2026-04-05,19,9514.0,3.12,15.35,5264.0,8901.0,5.39,10.94,14165.0
2026-04-05,20,9513.0,2.85,15.47,5325.0,8918.0,5.31,10.94,14244.0
2026-04-05,21,10461.0,2.67,15.53,5159.0,8497.0,4.59,10.02,13656.0
2026-04-05,22,9397.0,2.64,16.42,4717.0,7550.0,3.41,8.34,12266.0
2026-04-05,23,8332.0,2.56,16.82,4176.0,6336.0,2.1,6.48,10512.0
2026-04-06,0,5525.0,2.61,16.4,2572.0,3521.0,0.84,4.32,6092.0
2026-04-06,1,3067.0,2.93,15.87,2785.0,3028.0,1.08,4.53,5813.0
2026-04-06,2,2987.0,3.23,14.34,2580.0,2823.0,1.23,4.53,5403.0
2026-04-06,3,3101.0,3.64,16.25,2814.0,3050.0,1.65,5.1,5864.0
2026-04-06,4,8472.0,4.01,15.65,2151.0,3738.0,1.51,4.36,5889.0
2026-04-06,5,9399.0,4.65,11.53,3322.0,5761.0,3.3,6.85,9083.0
2026-04-06,6,10678.0,4.85,11.97,5007.0,8411.0,5.37,10.49,13418.0
2026-04-06,7,11125.0,4.85,12.5,5631.0,9407.0,6.06,11.94,15037.0
2026-04-06,8,10690.0,4.72,11.42,5791.0,9692.0,5.81,11.94,15483.0
2026-04-06,9,10719.0,4.51,11.15,5917.0,9887.0,5.65,11.95,15804.0
2026-04-06,10,10668.0,4.21,11.16,5726.0,9570.0,4.9,10.95,15296.0
2026-04-06,11,10969.0,4.03,11.88,5928.0,9481.0,4.03,10.44,15408.0
2026-04-06,12,11024.0,3.94,12.09,6020.0,9357.0,3.74,10.33,15377.0
2026-04-06,13,11209.0,3.82,12.46,5964.0,9136.0,3.72,10.24,15100.0
2026-04-06,14,11179.0,3.73,12.48,5908.0,9123.0,3.79,10.25,15031.0
2026-04-06,15,11973.0,3.71,12.79,5871.0,9330.0,3.85,10.24,15200.0
2026-04-06,16,11926.0,3.75,12.71,5896.0,9493.0,4.11,10.55,15389.0
2026-04-06,17,11632.0,3.75,11.95,5788.0,9397.0,4.9,11.16,15185.0
2026-04-06,18,10482.0,3.63,13.07,5709.0,9340.0,5.29,11.44,15049.0
2026-04-06,19,10520.0,3.44,13.36,5583.0,9197.0,5.44,11.44,14780.0
2026-04-06,20,10558.0,3.26,13.31,5557.0,9424.0,5.48,11.44,14981.0
2026-04-06,21,9902.0,3.06,13.58,5325.0,8835.0,4.61,10.35,14161.0
2026-04-06,22,8839.0,2.83,14.85,4893.0,7746.0,3.29,8.55,12639.0
2026-04-06,23,8409.0,2.68,15.87,4174.0,6391.0,2.11,6.61,10565.0
2026-04-07,0,4521.0,2.74,15.44,2803.0,3396.0,0.89,4.34,6199.0
2026-04-07,1,2738.0,3.03,15.95,2682.0,2971.0,1.1,4.51,5653.0
2026-04-07,2,2783.0,3.34,16.54,2734.0,3022.0,1.39,4.83,5756.0
2026-04-07,3,2737.0,3.65,16.62,2668.0,2948.0,1.49,4.89,5616.0
2026-04-07,4,7931.0,3.9,14.5,1955.0,3829.0,1.48,4.25,5784.0
2026-04-07,5,10738.0,4.63,13.2,3134.0,5738.0,3.32,6.73,8872.0
2026-04-07,6,10341.0,4.92,13.95,4772.0,8280.0,5.33,10.26,13052.0
2026-04-07,7,10540.0,4.77,13.21,5481.0,9663.0,6.14,11.94,15143.0
2026-04-07,8,10739.0,4.6,12.94,5574.0,9859.0,6.02,11.95,15433.0
2026-04-07,9,10806.0,4.41,12.82,5533.0,9873.0,6.07,11.94,15406.0
2026-04-07,10,10686.0,4.11,11.93,5536.0,9457.0,5.13,11.02,14993.0
2026-04-07,11,10909.0,4.01,13.02,5783.0,9480.0,4.12,10.44,15263.0
2026-04-07,12,11102.0,3.84,13.68,5748.0,9274.0,3.69,9.98,15022.0
2026-04-07,13,11153.0,3.74,13.7,5765.0,9404.0,3.64,9.94,15169.0
2026-04-07,14,11273.0,3.62,14.15,5787.0,9337.0,3.62,9.94,15124.0
2026-04-07,15,11501.0,3.55,14.72,5701.0,9182.0,3.74,9.95,14883.0
2026-04-07,16,11170.0,3.49,13.68,5704.0,9325.0,4.2,10.38,15029.0
2026-04-07,17,11510.0,3.44,12.75,5573.0,9418.0,5.06,10.99,14991.0
2026-04-07,18,11279.0,3.4,11.97,5472.0,9568.0,5.69,11.44,15041.0
2026-04-07,19,11080.0,3.4,11.42,4693.0,8585.0,4.97,9.75,13278.0
2026-04-07,20,10792.0,3.42,10.64,5469.0,9395.0,5.79,11.45,14863.0
2026-04-07,21,10693.0,3.32,10.6,5184.0,8702.0,4.85,10.3,13886.0
2026-04-07,22,9344.0,3.29,11.7,4721.0,7589.0,3.45,8.4,12310.0
2026-04-07,23,8247.0,3.22,12.69,3998.0,6300.0,2.04,6.32,10298.0
2026-04-08,0,4834.0,3.2,11.99,2794.0,3739.0,0.64,4.16,6534.0
2026-04-08,1,2954.0,3.39,11.47,2649.0,2869.0,1.18,4.56,5518.0
2026-04-08,2,3046.0,3.76,13.62,2523.0,2749.0,1.34,4.63,5271.0
2026-04-08,3,3196.0,4.14,17.09,2273.0,2486.0,1.31,4.44,4759.0
2026-04-08,4,6965.0,4.48,16.0,1938.0,3767.0,1.76,4.52,5705.0
2026-04-08,5,9380.0,4.86,14.95,2586.0,5594.0,3.33,6.35,8180.0
2026-04-08,6,10189.0,5.17,14.95,4151.0,7952.0,5.29,9.49,12103.0
2026-04-08,7,11427.0,5.16,12.92,5258.0,9539.0,6.11,11.49,14797.0
2026-04-08,8,11333.0,5.08,12.78,5632.0,10010.0,5.99,11.85,15642.0
2026-04-08,9,11299.0,4.93,12.78,5734.0,10073.0,5.92,11.93,15807.0
2026-04-08,10,10492.0,4.78,12.37,5483.0,9478.0,4.91,10.64,14960.0
2026-04-08,11,8643.0,4.35,12.91,5725.0,9542.0,4.21,10.31,15267.0
2026-04-08,12,9108.0,3.84,14.77,5852.0,9389.0,3.75,10.07,15241.0
2026-04-08,13,9401.0,3.42,16.18,5784.0,9304.0,3.71,9.95,15089.0
2026-04-08,14,10929.0,3.09,14.98,5793.0,9350.0,3.71,9.95,15144.0
2026-04-08,15,12457.0,3.14,13.93,5789.0,9339.0,3.69,9.95,15128.0
2026-04-08,16,12191.0,3.22,13.16,5868.0,9548.0,3.98,10.35,15417.0
2026-04-08,17,12066.0,3.24,12.75,5784.0,9749.0,5.11,11.31,15533.0
2026-04-08,18,11789.0,3.25,12.17,5516.0,9638.0,5.64,11.44,15154.0
2026-04-08,19,11692.0,3.27,11.83,5401.0,9335.0,5.74,11.45,14736.0
2026-04-08,20,11082.0,3.25,12.08,5330.0,9323.0,5.78,11.42,14653.0
2026-04-08,21,10467.0,3.21,12.66,4844.0,8536.0,4.67,9.79,13380.0
2026-04-08,22,10525.0,3.27,13.65,4628.0,7694.0,3.48,8.38,12322.0
2026-04-08,23,8662.0,3.33,16.38,4115.0,6563.0,2.32,6.77,10678.0
2026-04-09,0,5335.0,3.36,14.7,2813.0,3679.0,1.01,4.47,6491.0
2026-04-09,1,2760.0,3.61,14.27,2463.0,2643.0,1.08,4.34,5106.0
2026-04-09,2,2748.0,3.64,14.26,2466.0,2641.0,1.09,4.36,5107.0
2026-04-09,3,3101.0,3.92,15.1,2338.0,2595.0,1.29,4.49,4933.0
2026-04-09,4,6750.0,4.57,16.29,1913.0,3946.0,1.61,4.36,5859.0
2026-04-09,5,9325.0,4.94,14.54,2775.0,5762.0,3.44,6.62,8537.0
2026-04-09,6,9948.0,5.13,13.67,4263.0,8081.0,5.34,9.67,12344.0
2026-04-09,7,11226.0,5.09,12.47,5240.0,9592.0,6.11,11.57,14833.0
2026-04-09,8,10875.0,4.94,11.71,5513.0,9844.0,6.1,11.94,15358.0
2026-04-09,9,10696.0,4.73,11.13,5599.0,9880.0,5.97,11.94,15479.0
2026-04-09,10,10165.0,4.5,11.91,5287.0,9178.0,4.92,10.54,14465.0
2026-04-09,11,10089.0,4.16,13.12,5665.0,9531.0,4.27,10.45,15197.0
2026-04-09,12,10262.0,3.89,13.74,5685.0,9231.0,3.75,9.98,14916.0
2026-04-09,13,10431.0,3.68,14.16,5728.0,9310.0,3.64,9.94,15038.0
2026-04-09,14,10414.0,3.47,14.19,5760.0,9319.0,3.63,9.94,15078.0
2026-04-09,15,10442.0,3.24,14.31,5701.0,9276.0,3.7,9.95,14977.0
2026-04-09,16,10154.0,3.0,13.31,5597.0,9245.0,4.03,10.09,14842.0
2026-04-09,17,10950.0,2.75,12.19,5717.0,9626.0,5.14,11.29,15343.0
2026-04-09,18,12904.0,2.8,9.81,5485.0,9467.0,5.64,11.45,14952.0
2026-04-09,19,12736.0,3.01,9.48,5421.0,9499.0,5.75,11.44,14920.0
2026-04-09,20,12762.0,3.2,9.41,5382.0,9486.0,5.81,11.44,14868.0
2026-04-09,21,11204.0,3.28,10.29,4889.0,8484.0,4.87,10.0,13373.0
2026-04-09,22,9976.0,3.44,12.03,4507.0,7386.0,3.51,8.24,11893.0
2026-04-09,23,8756.0,3.27,15.15,4319.0,6631.0,2.19,6.78,10951.0
2026-04-10,0,3671.0,3.5,15.51,1999.0,2354.0,0.64,3.62,4353.0
2026-04-10,1,2639.0,3.8,15.98,1909.0,2118.0,0.74,3.68,4027.0
2026-04-10,2,2401.0,4.05,16.57,2229.0,2440.0,0.97,4.09,4668.0
2026-04-10,3,2423.0,4.29,17.23,2416.0,2633.0,1.12,4.33,5049.0
2026-04-10,4,6816.0,4.57,15.44,2015.0,3792.0,1.55,4.35,5807.0
2026-04-10,5,7907.0,4.9,13.41,2561.0,5316.0,3.3,6.33,7878.0
2026-04-10,6,8466.0,4.92,13.76,4518.0,8272.0,5.37,9.94,12790.0
2026-04-10,7,11042.0,4.7,12.33,5432.0,9827.0,6.35,11.94,15259.0
2026-04-10,8,11014.0,4.56,12.04,5574.0,9902.0,6.11,11.93,15476.0
2026-04-10,9,11210.0,4.39,12.51,5658.0,10046.0,5.98,11.94,15704.0
2026-04-10,10,11231.0,4.22,12.75,5624.0,9697.0,5.14,11.05,15321.0
2026-04-10,11,11374.0,4.14,13.05,5861.0,9610.0,4.16,10.44,15471.0
2026-04-10,12,11839.0,4.09,14.28,5926.0,9402.0,3.77,10.2,15328.0
2026-04-10,13,11811.0,4.08,14.39,5909.0,9388.0,3.73,10.14,15297.0
2026-04-10,14,11838.0,4.04,14.44,5926.0,9525.0,3.72,10.14,15451.0
2026-04-10,15,11873.0,4.02,14.52,5916.0,9630.0,3.72,10.14,15546.0
2026-04-10,16,11268.0,3.97,12.65,5823.0,9649.0,4.11,10.37,15472.0
2026-04-10,17,11318.0,3.85,12.89,5638.0,9441.0,5.0,10.98,15079.0
2026-04-10,18,11387.0,3.78,13.11,5537.0,9537.0,5.51,11.33,15074.0
2026-04-10,19,11199.0,3.72,12.65,5446.0,9451.0,5.63,11.35,14896.0
2026-04-10,20,11113.0,3.66,12.45,5395.0,9297.0,5.66,11.34,14691.0
2026-04-10,21,10471.0,3.59,12.72,5163.0,8733.0,4.92,10.39,13896.0
2026-04-10,22,9496.0,3.49,14.14,4692.0,7688.0,3.52,8.5,12379.0
2026-04-10,23,9127.0,3.48,16.6,4056.0,6520.0,2.17,6.52,10577.0
2026-04-11,0,5061.0,3.67,13.96,2590.0,3462.0,0.91,4.25,6052.0
2026-04-11,1,2116.0,3.81,13.72,2662.0,2691.0,1.11,4.5,5353.0
2026-04-11,2,1785.0,3.9,17.34,3155.0,3193.0,1.69,5.45,6348.0
2026-04-11,3,1737.0,4.14,16.84,3083.0,3123.0,1.92,5.62,6206.0
2026-04-11,4,4353.0,4.14,17.36,1925.0,3785.0,1.69,4.47,5710.0
2026-04-11,5,8053.0,4.24,14.79,2766.0,5392.0,3.42,6.6,8158.0
2026-04-11,6,10019.0,4.51,13.96,4179.0,7293.0,5.1,9.4,11473.0
2026-04-11,7,11796.0,4.7,12.48,4682.0,8544.0,5.58,10.45,13226.0
2026-04-11,8,11767.0,4.9,12.09,4826.0,8875.0,5.43,10.44,13701.0
2026-04-11,9,11552.0,5.03,11.88,4965.0,8971.0,5.27,10.45,13936.0
2026-04-11,10,10096.0,5.0,12.35,5303.0,8891.0,4.79,10.43,14194.0
2026-04-11,11,9178.0,4.65,13.14,5696.0,9115.0,4.23,10.44,14811.0
2026-04-11,12,9317.0,4.22,14.31,5669.0,8954.0,3.84,10.06,14623.0
2026-04-11,13,9247.0,3.89,13.92,5609.0,8982.0,3.81,9.94,14592.0
2026-04-11,14,9304.0,3.5,14.05,5610.0,8904.0,3.8,9.95,14514.0
2026-04-11,15,9353.0,3.14,14.14,5653.0,8828.0,3.73,9.95,14481.0
2026-04-11,16,10929.0,2.89,13.14,5575.0,8789.0,4.13,10.23,14364.0
2026-04-11,17,12571.0,2.99,11.83,5274.0,8776.0,4.85,10.53,14050.0
2026-04-11,18,12741.0,3.32,11.31,5118.0,8836.0,5.32,10.75,13954.0
2026-04-11,19,12514.0,3.58,11.71,5512.0,9149.0,5.54,11.44,14661.0
2026-04-11,20,9516.0,3.49,13.83,5524.0,9010.0,5.52,11.44,14534.0
2026-04-11,21,9828.0,3.23,13.86,5247.0,8316.0,4.51,10.17,13562.0
2026-04-11,22,10213.0,3.22,15.68,4625.0,7234.0,3.31,8.21,11859.0
2026-04-11,23,8688.0,3.3,17.3,4144.0,6194.0,2.25,6.66,10338.0
2026-04-12,0,3016.0,3.41,18.2,2702.0,2982.0,0.82,4.26,5684.0
2026-04-12,1,2594.0,3.56,17.0,2578.0,2713.0,0.84,4.19,5291.0
2026-04-12,2,2789.0,3.85,17.79,2681.0,2805.0,1.17,4.57,5486.0
2026-04-12,3,2785.0,4.23,18.22,2750.0,2879.0,1.36,4.8,5629.0
2026-04-12,4,7473.0,4.57,17.08,2246.0,3718.0,1.43,4.37,5964.0
2026-04-12,5,7819.0,4.88,14.3,3037.0,5444.0,3.21,6.58,8481.0
2026-04-12,6,9441.0,4.89,13.42,4629.0,7834.0,5.29,10.06,12463.0
2026-04-12,7,11038.0,4.9,12.9,5056.0,8682.0,5.82,11.07,13738.0
2026-04-12,8,10489.0,4.92,13.06,4803.0,8625.0,5.6,10.55,13428.0
2026-04-12,9,10435.0,4.91,12.91,4913.0,8694.0,5.47,10.54,13607.0
2026-04-12,10,10419.0,4.88,12.73,5132.0,8846.0,5.11,10.45,13978.0
2026-04-12,11,9494.0,4.7,14.95,5634.0,9081.0,4.42,10.43,14715.0
2026-04-12,12,8933.0,4.24,15.76,5661.0,8928.0,3.88,9.96,14589.0
2026-04-12,13,9010.0,3.85,15.84,5609.0,8803.0,3.9,9.95,14412.0
2026-04-12,14,8763.0,3.45,14.78,5579.0,8748.0,3.95,9.94,14327.0
2026-04-12,15,9977.0,3.07,13.96,5612.0,8747.0,3.88,9.94,14358.0
2026-04-12,16,11760.0,3.04,12.0,5740.0,9082.0,4.19,10.37,14822.0
2026-04-12,17,11314.0,3.08,10.8,5221.0,8791.0,4.94,10.45,14012.0
2026-04-12,18,11285.0,3.18,11.49,4869.0,8484.0,5.38,10.46,13353.0
2026-04-12,19,10911.0,3.3,12.36,4823.0,8328.0,5.41,10.45,13151.0
2026-04-12,20,10753.0,3.37,14.05,4843.0,8345.0,5.38,10.45,13189.0
2026-04-12,21,9438.0,3.31,15.05,4790.0,8007.0,4.69,9.69,12796.0
2026-04-12,22,8977.0,3.23,16.05,4490.0,7280.0,3.61,8.31,11770.0
2026-04-12,23,9538.0,3.22,18.56,4273.0,6653.0,2.53,7.08,10926.0
2026-04-13,0,6414.0,3.39,18.62,3012.0,4056.0,1.17,4.76,7068.0
2026-04-13,1,2820.0,3.7,18.72,2651.0,2803.0,1.24,4.63,5454.0
2026-04-13,2,2839.0,4.01,19.41,2388.0,2535.0,1.27,4.49,4924.0
2026-04-13,3,2849.0,4.32,19.95,2318.0,2485.0,1.45,4.63,4803.0
2026-04-13,4,7745.0,4.7,19.07,1954.0,3913.0,1.66,4.44,5867.0
2026-04-13,5,7972.0,5.08,17.4,2647.0,5220.0,3.37,6.49,7868.0
2026-04-13,6,9552.0,5.13,14.23,4074.0,7196.0,5.25,9.48,11270.0
2026-04-13,7,10390.0,5.17,13.95,4443.0,7973.0,5.84,10.45,12415.0
2026-04-13,8,10313.0,5.14,13.48,4637.0,8273.0,5.6,10.44,12910.0
2026-04-13,9,10475.0,5.14,13.13,4744.0,8552.0,5.49,10.44,13296.0
2026-04-13,10,9619.0,4.99,13.69,5055.0,8740.0,5.11,10.44,13794.0
2026-04-13,11,9079.0,4.7,15.45,5581.0,8818.0,4.39,10.44,14399.0
2026-04-13,12,9858.0,4.38,15.27,5579.0,8700.0,3.92,10.03,14279.0
2026-04-13,13,10393.0,4.19,15.49,5524.0,8651.0,3.93,9.94,14175.0
2026-04-13,14,10538.0,4.08,14.6,5539.0,8865.0,3.89,9.94,14405.0
2026-04-13,15,10868.0,3.98,14.24,5564.0,8736.0,3.86,9.95,14299.0
2026-04-13,16,10791.0,3.91,13.79,5550.0,8732.0,4.25,10.31,14283.0
2026-04-13,17,10592.0,3.82,13.15,5151.0,8589.0,4.94,10.45,13740.0
2026-04-13,18,10427.0,3.78,12.77,4849.0,8622.0,5.33,10.45,13471.0
2026-04-13,19,10157.0,3.73,12.04,4781.0,8358.0,5.38,10.44,13140.0
2026-04-13,20,9007.0,3.59,12.88,4731.0,8303.0,5.45,10.44,13034.0
2026-04-13,21,9105.0,3.39,13.26,4637.0,7850.0,4.62,9.55,12487.0
2026-04-13,22,9378.0,3.34,14.45,4275.0,6849.0,3.4,7.95,11125.0
2026-04-13,23,7674.0,3.31,18.41,3979.0,6169.0,2.31,6.62,10148.0
2026-04-14,0,3539.0,3.27,15.91,2242.0,2677.0,0.71,3.86,4920.0
2026-04-14,1,2656.0,3.45,13.87,2707.0,2765.0,1.31,4.74,5472.0
2026-04-14,2,2754.0,3.81,16.73,3071.0,3128.0,1.78,5.48,6199.0
2026-04-14,3,2799.0,4.1,17.43,3186.0,3237.0,2.04,5.81,6422.0
2026-04-14,4,5456.0,4.21,17.19,1998.0,3845.0,1.8,4.58,5843.0
2026-04-14,5,8714.0,4.52,13.94,2371.0,4634.0,3.08,6.05,7005.0
2026-04-14,6,10018.0,4.92,13.31,4166.0,7012.0,5.18,9.42,11178.0
2026-04-14,7,9030.0,4.92,13.56,4619.0,8003.0,5.79,10.45,12622.0
2026-04-14,8,9746.0,4.78,12.69,4784.0,8382.0,5.56,10.45,13166.0
2026-04-14,9,10173.0,4.73,12.08,4883.0,8614.0,5.42,10.44,13497.0
2026-04-14,10,10220.0,4.64,12.04,5214.0,8709.0,5.02,10.44,13923.0
2026-04-14,11,10488.0,4.53,12.93,5704.0,8927.0,4.33,10.44,14631.0
2026-04-14,12,10610.0,4.38,13.29,5698.0,9004.0,4.0,10.09,14702.0
2026-04-14,13,10641.0,4.27,13.33,5605.0,8800.0,3.97,9.95,14405.0
2026-04-14,14,10724.0,4.14,13.52,5607.0,8884.0,3.98,9.95,14492.0
2026-04-14,15,10783.0,4.03,13.89,5632.0,8848.0,3.95,9.94,14480.0
2026-04-14,16,10709.0,3.95,13.76,5701.0,8965.0,4.28,10.37,14665.0
2026-04-14,17,10654.0,3.91,13.53,5254.0,8767.0,4.96,10.45,14020.0
2026-04-14,18,10592.0,3.89,13.36,5023.0,8775.0,5.24,10.44,13798.0
2026-04-14,19,10641.0,3.88,13.32,4938.0,8670.0,5.32,10.44,13609.0
2026-04-14,20,10430.0,3.87,13.45,4961.0,8565.0,5.28,10.44,13526.0
2026-04-14,21,10166.0,3.83,13.16,4938.0,8110.0,4.59,9.78,13048.0
2026-04-14,22,9416.0,3.81,14.56,4748.0,7481.0,3.56,8.54,12229.0
2026-04-14,23,7654.0,3.71,18.43,4140.0,6455.0,2.3,6.72,10595.0
2026-04-15,0,4129.0,3.68,16.0,2600.0,3245.0,1.14,4.48,5845.0
2026-04-15,1,3134.0,3.87,15.09,2609.0,2764.0,1.21,4.56,5373.0
2026-04-15,2,3139.0,4.39,15.28,2671.0,2810.0,1.31,4.69,5481.0
2026-04-15,3,3226.0,4.75,17.14,2731.0,2863.0,1.61,5.05,5594.0
2026-04-15,4,6004.0,4.97,19.54,2022.0,3807.0,1.81,4.62,5829.0
2026-04-15,5,7760.0,5.14,15.77,2609.0,5061.0,3.35,6.47,7669.0
2026-04-15,6,7809.0,5.11,15.01,3913.0,7006.0,5.14,9.21,10919.0
2026-04-15,7,8877.0,4.75,14.57,4592.0,8183.0,5.67,10.44,12775.0
2026-04-15,8,10332.0,4.74,13.22,4753.0,8576.0,5.46,10.44,13329.0
2026-04-15,9,10273.0,4.71,12.26,4891.0,8642.0,5.29,10.44,13533.0
2026-04-15,10,10474.0,4.62,11.21,5220.0,8929.0,4.89,10.45,14150.0
2026-04-15,11,10970.0,4.51,11.85,5664.0,9068.0,4.26,10.44,14732.0
2026-04-15,12,11073.0,4.43,13.09,5629.0,9027.0,3.93,10.1,14656.0
2026-04-15,13,10234.0,4.26,14.82,5482.0,8712.0,3.97,9.94,14194.0
2026-04-15,14,10143.0,4.03,15.09,5515.0,8752.0,3.92,9.95,14267.0
2026-04-15,15,10154.0,3.88,15.09,5522.0,8703.0,3.9,9.94,14225.0
2026-04-15,16,10088.0,3.66,13.99,5639.0,8917.0,4.23,10.4,14557.0
2026-04-15,17,10715.0,3.5,13.61,5238.0,8779.0,4.8,10.45,14017.0
2026-04-15,18,10746.0,3.46,13.79,5024.0,8719.0,5.08,10.44,13743.0
2026-04-15,19,10679.0,3.42,13.56,4903.0,8397.0,5.19,10.44,13300.0
2026-04-15,20,10547.0,3.47,13.16,4904.0,8415.0,5.2,10.45,13319.0
2026-04-15,21,9919.0,3.45,13.44,4743.0,7938.0,4.47,9.54,12681.0
2026-04-15,22,8668.0,3.41,14.95,4368.0,7068.0,3.23,7.91,11436.0
2026-04-15,23,8347.0,3.19,17.18,4101.0,6501.0,2.28,6.73,10602.0
2026-04-16,0,3943.0,3.3,15.25,2194.0,2856.0,0.7,3.81,5051.0
2026-04-16,1,2700.0,3.54,14.86,2079.0,2203.0,1.06,4.11,4282.0
2026-04-16,2,2714.0,3.84,15.42,2225.0,2343.0,1.09,4.23,4568.0
2026-04-16,3,2783.0,4.12,16.67,2323.0,2413.0,1.42,4.6,4736.0
2026-04-16,4,7910.0,4.36,16.65,1890.0,3820.0,1.78,4.53,5710.0
2026-04-16,5,9579.0,5.03,14.76,2419.0,5229.0,3.45,6.43,7647.0
2026-04-16,6,10182.0,5.22,14.59,4018.0,7359.0,5.2,9.33,11377.0
2026-04-16,7,11147.0,5.21,13.42,5027.0,8945.0,6.11,11.28,13972.0
2026-04-16,8,10578.0,5.1,13.23,5492.0,9526.0,6.08,11.82,15018.0
2026-04-16,9,10343.0,4.86,12.4,5687.0,9858.0,5.95,11.93,15545.0
2026-04-16,10,10595.0,4.56,11.38,5375.0,9539.0,5.21,10.79,14914.0
2026-04-16,11,11028.0,4.5,12.04,5354.0,9028.0,4.46,10.11,14382.0
2026-04-16,12,11262.0,4.48,14.03,5728.0,9118.0,3.73,9.97,14845.0
2026-04-16,13,10993.0,4.35,14.71,5795.0,9338.0,3.65,9.94,15133.0
2026-04-16,14,10925.0,4.23,14.59,5768.0,9355.0,3.7,9.94,15123.0
2026-04-16,15,10998.0,4.16,14.72,5752.0,9264.0,3.71,9.94,15016.0
2026-04-16,16,10767.0,4.03,13.78,5772.0,9365.0,4.14,10.39,15137.0
2026-04-16,17,10699.0,3.85,13.68,5769.0,9609.0,5.05,11.25,15378.0
2026-04-16,18,10525.0,3.66,13.09,5499.0,9641.0,5.68,11.45,15140.0
2026-04-16,19,10475.0,3.46,12.88,5404.0,9487.0,5.78,11.44,14891.0
2026-04-16,20,10411.0,3.29,12.91,5412.0,9418.0,5.79,11.44,14829.0
2026-04-16,21,10401.0,3.21,12.81,4794.0,8278.0,4.58,9.6,13072.0
2026-04-16,22,9067.0,3.24,14.0,4311.0,7117.0,3.46,7.98,11428.0
2026-04-16,23,8429.0,3.23,16.59,3835.0,6101.0,2.29,6.42,9936.0
2026-04-17,0,4553.0,3.29,17.27,2594.0,3340.0,0.97,4.34,5934.0
2026-04-17,1,2817.0,3.64,18.5,2221.0,2413.0,1.02,4.14,4634.0
2026-04-17,2,2834.0,3.97,19.01,2311.0,2508.0,1.26,4.43,4818.0
2026-04-17,3,2848.0,4.29,19.24,2347.0,2541.0,1.55,4.73,4887.0
2026-04-17,4,4630.0,4.34,20.81,1969.0,3924.0,1.78,4.56,5892.0
2026-04-17,5,8814.0,4.57,14.01,2366.0,5124.0,3.29,6.24,7491.0
2026-04-17,6,10194.0,4.92,12.13,3989.0,7500.0,5.06,9.15,11490.0
2026-04-17,7,10403.0,4.94,12.69,5328.0,9563.0,6.33,11.9,14891.0
2026-04-17,8,11086.0,4.78,12.29,5527.0,9760.0,6.07,11.94,15287.0
2026-04-17,9,11041.0,4.64,12.02,5580.0,9887.0,5.97,11.94,15467.0
2026-04-17,10,11024.0,4.47,11.96,5336.0,9539.0,5.09,10.76,14875.0
2026-04-17,11,10903.0,4.32,13.23,5683.0,9410.0,4.24,10.44,15093.0
2026-04-17,12,10128.0,4.09,15.2,5656.0,9199.0,3.73,9.95,14856.0
2026-04-17,13,10169.0,3.86,15.33,5718.0,9286.0,3.62,9.94,15003.0
2026-04-17,14,10174.0,3.57,15.29,5703.0,9287.0,3.67,9.94,14989.0
2026-04-17,15,10255.0,3.31,15.28,5689.0,9153.0,3.68,9.94,14841.0
2026-04-17,16,10371.0,3.07,13.64,5608.0,9136.0,3.89,10.04,14744.0
2026-04-17,17,12142.0,3.01,11.75,5555.0,9263.0,4.84,10.87,14818.0
2026-04-17,18,12047.0,3.11,11.35,5452.0,9399.0,5.61,11.45,14852.0
2026-04-17,19,11705.0,3.17,12.03,5363.0,9162.0,5.71,11.45,14525.0
2026-04-17,20,11147.0,3.19,12.3,5323.0,9064.0,5.73,11.45,14387.0
2026-04-17,21,10255.0,3.11,12.3,4824.0,8338.0,4.79,9.93,13162.0
2026-04-17,22,10357.0,3.15,13.54,4410.0,7369.0,3.5,8.22,11779.0
2026-04-17,23,8561.0,3.23,16.47,3972.0,6390.0,2.25,6.55,10362.0
2026-04-18,0,6695.0,3.23,17.41,2935.0,4780.0,1.11,4.65,7715.0
2026-04-18,1,7735.0,3.35,16.81,2346.0,3941.0,0.94,3.96,6288.0
2026-04-18,2,7856.0,3.8,17.36,2165.0,3753.0,1.04,3.97,5918.0
2026-04-18,3,7850.0,4.25,17.38,2152.0,3729.0,1.14,4.06,5881.0
2026-04-18,4,7459.0,4.67,16.53,1965.0,3911.0,1.66,4.46,5876.0
2026-04-18,5,7606.0,4.97,15.71,2714.0,5268.0,3.36,6.5,7982.0
2026-04-18,6,10159.0,5.07,15.67,4531.0,7967.0,5.47,10.18,12498.0
2026-04-18,7,10898.0,5.1,14.27,5280.0,9132.0,6.24,11.73,14412.0
2026-04-18,8,10755.0,4.97,13.75,5549.0,9535.0,6.09,11.93,15084.0
2026-04-18,9,11238.0,4.79,12.99,5701.0,9740.0,5.9,11.95,15441.0
2026-04-18,10,11276.0,4.68,12.65,5514.0,9274.0,5.02,10.85,14787.0
2026-04-18,11,11293.0,4.64,12.79,5808.0,9300.0,4.19,10.44,15107.0
2026-04-18,12,11648.0,4.58,13.8,5870.0,9129.0,3.78,10.15,14999.0
2026-04-18,13,11738.0,4.59,14.09,5774.0,9030.0,3.7,9.94,14804.0
2026-04-18,14,11488.0,4.59,13.45,5809.0,9314.0,3.68,9.94,15123.0
2026-04-18,15,11468.0,4.53,13.12,5754.0,9098.0,3.74,9.95,14852.0
2026-04-18,16,11287.0,4.53,13.83,5786.0,9091.0,4.08,10.32,14877.0
2026-04-18,17,10107.0,4.3,11.75,5578.0,9185.0,4.97,10.88,14764.0
2026-04-18,18,9984.0,4.08,11.38,5580.0,9347.0,5.57,11.44,14927.0
2026-04-18,19,9910.0,3.84,11.27,5401.0,9054.0,5.59,11.29,14456.0
2026-04-18,20,8773.0,3.54,11.97,5247.0,9003.0,5.6,11.08,14250.0
2026-04-18,21,8723.0,3.15,12.0,5245.0,8647.0,4.65,10.19,13892.0
2026-04-18,22,9091.0,2.92,13.47,4641.0,7518.0,3.46,8.33,12159.0
2026-04-18,23,10007.0,2.97,15.29,4222.0,6579.0,2.42,6.9,10801.0
2026-04-19,0,5487.0,3.24,14.49,2841.0,3498.0,1.06,4.57,6339.0
2026-04-19,1,2854.0,3.59,14.94,2584.0,2786.0,1.1,4.47,5370.0
2026-04-19,2,3541.0,3.97,14.85,2573.0,2775.0,1.35,4.69,5348.0
2026-04-19,3,3558.0,4.39,15.18,2623.0,2821.0,1.52,4.89,5444.0
2026-04-19,4,5431.0,4.65,16.3,1979.0,3796.0,1.62,4.44,5774.0
2026-04-19,5,8324.0,4.87,14.57,2774.0,5347.0,3.32,6.52,8121.0
2026-04-19,6,8710.0,5.02,15.04,4362.0,7555.0,5.42,9.84,11916.0
2026-04-19,7,10344.0,4.87,13.99,5060.0,8726.0,6.19,11.45,13786.0
2026-04-19,8,10569.0,4.82,13.32,5226.0,9096.0,6.0,11.43,14322.0
2026-04-19,9,10485.0,4.7,12.91,5408.0,9345.0,5.78,11.44,14752.0
2026-04-19,10,10501.0,4.55,13.02,5268.0,9204.0,4.9,10.45,14472.0
2026-04-19,11,10573.0,4.39,13.22,5730.0,9393.0,4.24,10.44,15123.0
2026-04-19,12,10595.0,4.22,13.31,5690.0,9018.0,3.73,9.95,14707.0
2026-04-19,13,10674.0,4.08,13.45,5742.0,9010.0,3.63,9.95,14751.0
2026-04-19,14,10890.0,3.95,14.26,5670.0,9006.0,3.71,9.94,14675.0
2026-04-19,15,11031.0,3.88,14.71,5575.0,8804.0,3.82,9.95,14379.0
2026-04-19,16,10620.0,3.81,13.47,5643.0,8986.0,4.18,10.37,14630.0
2026-04-19,17,10348.0,3.64,12.54,5424.0,8975.0,5.05,10.91,14399.0
2026-04-19,18,10249.0,3.5,12.38,5143.0,8888.0,5.45,10.95,14030.0
2026-04-19,19,10284.0,3.39,12.31,5075.0,8873.0,5.53,10.95,13948.0
2026-04-19,20,10086.0,3.26,11.73,5073.0,8874.0,5.51,10.93,13947.0
2026-04-19,21,10666.0,3.18,11.19,4935.0,8215.0,4.35,9.66,13150.0
2026-04-19,22,9979.0,3.23,12.55,4681.0,7518.0,3.37,8.39,12199.0
2026-04-19,23,8750.0,3.24,16.17,3981.0,6281.0,2.23,6.56,10261.0
2026-04-20,0,3682.0,3.31,16.12,2502.0,3161.0,0.85,4.16,5663.0
2026-04-20,1,2741.0,3.56,16.6,2651.0,2878.0,1.3,4.75,5530.0
2026-04-20,2,2761.0,3.88,16.99,2416.0,2640.0,1.4,4.68,5056.0
2026-04-20,3,2786.0,4.19,17.99,2551.0,2740.0,1.6,4.97,5291.0
2026-04-20,4,7218.0,4.51,17.73,1857.0,3855.0,1.86,4.63,5712.0
2026-04-20,5,8920.0,4.93,13.51,2723.0,5551.0,3.58,6.79,8273.0
2026-04-20,6,10287.0,5.14,13.26,4435.0,7974.0,5.33,9.97,12410.0
2026-04-20,7,10252.0,5.05,12.09,5376.0,9561.0,6.25,11.9,14937.0
2026-04-20,8,10263.0,4.75,12.31,5578.0,9903.0,6.03,11.94,15481.0
2026-04-20,9,10437.0,4.46,12.81,5683.0,10103.0,5.79,11.93,15786.0
2026-04-20,10,10536.0,4.15,12.63,5632.0,9700.0,5.01,11.06,15332.0
2026-04-20,11,11385.0,4.0,12.2,5752.0,9435.0,4.18,10.44,15187.0
2026-04-20,12,12118.0,4.01,13.44,5780.0,9230.0,3.6,9.94,15010.0
2026-04-20,13,12289.0,4.1,13.89,5818.0,9256.0,3.56,9.94,15074.0
2026-04-20,14,12284.0,4.21,13.85,5830.0,9327.0,3.58,9.94,15157.0
2026-04-20,15,11940.0,4.29,14.14,5811.0,9355.0,3.62,9.96,15166.0
2026-04-20,16,10428.0,4.17,14.49,5861.0,9483.0,4.05,10.42,15343.0
2026-04-20,17,10244.0,3.88,13.87,5944.0,9819.0,5.02,11.44,15763.0
2026-04-20,18,10601.0,3.61,13.34,5615.0,9689.0,5.53,11.44,15303.0
2026-04-20,19,10849.0,3.43,12.99,5529.0,9700.0,5.64,11.44,15229.0
2026-04-20,20,10883.0,3.29,12.92,5487.0,9426.0,5.66,11.43,14913.0
2026-04-20,21,11117.0,3.24,12.28,5139.0,8547.0,4.67,10.13,13685.0
2026-04-20,22,10670.0,3.36,13.73,4752.0,7631.0,3.51,8.52,12383.0
2026-04-20,23,8996.0,3.41,16.57,4020.0,6452.0,2.39,6.71,10472.0
2026-04-21,0,5092.0,3.5,16.92,2630.0,3508.0,1.06,4.44,6139.0
2026-04-21,1,2769.0,3.81,17.37,2079.0,2301.0,0.91,3.98,4380.0
2026-04-21,2,3032.0,4.14,16.67,2045.0,2249.0,1.09,4.14,4294.0
2026-04-21,3,3183.0,4.5,17.39,2118.0,2317.0,1.27,4.35,4434.0
2026-04-21,4,6166.0,4.78,18.77,1993.0,3890.0,1.68,4.5,5883.0
2026-04-21,5,7677.0,4.95,16.98,2730.0,5662.0,3.43,6.57,8392.0
2026-04-21,6,9588.0,5.01,13.24,4473.0,8228.0,5.26,9.82,12701.0
2026-04-21,7,11312.0,4.96,12.88,5458.0,9868.0,6.19,11.82,15326.0
2026-04-21,8,11249.0,4.8,12.74,5714.0,10107.0,5.91,11.94,15821.0
2026-04-21,9,11051.0,4.65,12.32,5713.0,10135.0,5.86,11.94,15849.0
2026-04-21,10,11070.0,4.5,12.28,5425.0,9507.0,4.76,10.48,14932.0
2026-04-21,11,11339.0,4.29,13.03,5825.0,9799.0,4.14,10.43,15625.0
2026-04-21,12,11631.0,4.22,13.95,5798.0,9458.0,3.69,10.0,15256.0
2026-04-21,13,11753.0,4.26,14.42,5802.0,9489.0,3.61,9.94,15292.0
2026-04-21,14,11752.0,4.25,14.4,5802.0,9359.0,3.58,9.94,15161.0
2026-04-21,15,11669.0,4.25,14.01,5767.0,9355.0,3.63,9.94,15122.0
2026-04-21,16,11599.0,4.18,13.79,5800.0,9489.0,4.07,10.42,15290.0
2026-04-21,17,10746.0,4.14,13.1,5501.0,9500.0,4.77,10.69,15001.0
2026-04-21,18,10044.0,3.92,13.31,5507.0,9689.0,5.55,11.44,15196.0
2026-04-21,19,9751.0,3.61,13.33,5380.0,9453.0,5.71,11.44,14833.0
2026-04-21,20,9779.0,3.31,13.3,5330.0,9463.0,5.67,11.34,14793.0
2026-04-21,21,9878.0,3.06,13.08,5039.0,8820.0,4.77,10.15,13859.0
2026-04-21,22,10419.0,3.06,13.6,4448.0,7482.0,3.32,8.07,11930.0
2026-04-21,23,9614.0,3.21,15.53,4113.0,6590.0,2.22,6.67,10702.0
2026-04-22,0,8682.0,3.32,18.41,2415.0,4400.0,0.9,3.99,6816.0
2026-04-22,1,8273.0,3.31,18.42,2284.0,4052.0,0.94,3.97,6335.0
2026-04-22,2,8235.0,3.66,16.64,2224.0,3884.0,0.96,3.96,6108.0
2026-04-22,3,8265.0,4.2,16.78,2121.0,3799.0,1.1,4.04,5920.0
2026-04-22,4,8176.0,4.7,16.31,1918.0,4017.0,1.56,4.36,5935.0
2026-04-22,5,7204.0,5.06,14.56,2454.0,5289.0,3.05,6.08,7743.0
2026-04-22,6,9213.0,4.97,14.41,4327.0,8155.0,5.16,9.68,12481.0
2026-04-22,7,10571.0,4.84,13.37,5423.0,9931.0,6.2,11.94,15354.0
2026-04-22,8,10506.0,4.59,13.12,5560.0,9897.0,5.98,11.93,15458.0
2026-04-22,9,10524.0,4.26,13.14,5593.0,9928.0,5.84,11.84,15521.0
2026-04-22,10,10606.0,4.08,13.4,5415.0,9537.0,5.03,10.83,14951.0
2026-04-22,11,11186.0,3.93,13.94,5737.0,9501.0,4.15,10.43,15238.0
2026-04-22,12,11716.0,3.85,14.29,5847.0,9296.0,3.64,10.15,15143.0
2026-04-22,13,11816.0,3.84,14.45,5769.0,9195.0,3.62,9.96,14964.0
2026-04-22,14,11764.0,3.83,14.38,5769.0,9342.0,3.6,9.94,15111.0
2026-04-22,15,11774.0,3.83,14.48,5748.0,9134.0,3.62,9.95,14882.0
2026-04-22,16,11436.0,3.83,13.53,5772.0,9450.0,4.02,10.33,15221.0
2026-04-22,17,11456.0,3.74,12.19,5732.0,9633.0,4.96,11.17,15365.0
2026-04-22,18,12049.0,3.7,11.45,5584.0,9647.0,5.5,11.45,15232.0
2026-04-22,19,12168.0,3.76,11.27,5502.0,9545.0,5.64,11.44,15047.0
2026-04-22,20,11674.0,3.82,11.5,5526.0,9414.0,5.61,11.44,14940.0
2026-04-22,21,11093.0,3.82,11.56,5194.0,8769.0,4.73,10.23,13963.0
2026-04-22,22,8914.0,3.76,13.91,4803.0,7778.0,3.44,8.54,12582.0
2026-04-22,23,8091.0,3.51,15.78,4473.0,6916.0,2.33,7.12,11389.0
2026-04-23,0,4900.0,3.54,13.39,2802.0,3405.0,0.98,4.5,6206.0
2026-04-23,1,3140.0,3.87,14.29,2633.0,2846.0,1.08,4.49,5479.0
2026-04-23,2,3079.0,4.26,15.16,2620.0,2838.0,1.19,4.59,5459.0
2026-04-23,3,3106.0,4.63,15.66,2673.0,2887.0,1.37,4.8,5560.0
2026-04-23,4,5791.0,4.84,16.14,2042.0,3938.0,1.73,4.55,5980.0
2026-04-23,5,7533.0,5.03,12.51,2721.0,5448.0,3.23,6.38,8168.0
2026-04-23,6,9365.0,5.03,11.94,4645.0,8282.0,5.3,10.0,12927.0
2026-04-23,7,10709.0,4.88,11.29,5515.0,9829.0,6.27,11.94,15343.0
2026-04-23,8,10936.0,4.69,11.84,5768.0,10173.0,5.86,11.93,15940.0
2026-04-23,9,10873.0,4.46,11.9,5770.0,10225.0,5.85,11.93,15995.0
2026-04-23,10,11250.0,4.31,12.92,5455.0,9389.0,4.78,10.49,14844.0
2026-04-23,11,11408.0,4.26,13.61,5892.0,9561.0,4.09,10.44,15453.0
2026-04-23,12,11218.0,4.16,14.76,5846.0,9370.0,3.62,9.95,15216.0
2026-04-23,13,10364.0,3.9,15.39,5855.0,9466.0,3.57,9.92,15321.0
2026-04-23,14,10327.0,3.65,15.38,5816.0,9394.0,3.55,9.85,15210.0
2026-04-23,15,11445.0,3.58,14.54,5709.0,9320.0,3.46,9.63,15029.0
2026-04-23,16,11681.0,3.6,13.03,5586.0,9346.0,3.83,9.83,14932.0
2026-04-23,17,11887.0,3.62,12.6,5750.0,9680.0,4.94,11.12,15430.0
2026-04-23,18,11887.0,3.62,12.22,5615.0,9609.0,5.47,11.44,15224.0
2026-04-23,19,11549.0,3.61,12.07,5550.0,9651.0,5.57,11.45,15201.0
2026-04-23,20,10429.0,3.47,12.89,5524.0,9720.0,5.6,11.44,15244.0
2026-04-23,21,10451.0,3.28,12.81,5157.0,8779.0,4.56,10.07,13937.0
2026-04-23,22,10448.0,3.32,13.05,4647.0,7386.0,3.21,8.17,12033.0
2026-04-23,23,9354.0,3.48,16.58,4138.0,6493.0,2.19,6.67,10632.0
2026-04-24,0,3510.0,3.59,14.69,2374.0,2734.0,0.7,3.94,5108.0
2026-04-24,1,2592.0,3.91,13.65,2339.0,2527.0,0.96,4.19,4866.0
2026-04-24,2,1783.0,4.12,14.55,2417.0,2614.0,1.26,4.53,5031.0
2026-04-24,3,2703.0,4.35,15.29,2419.0,2609.0,1.47,4.74,5027.0
2026-04-24,4,7011.0,4.73,14.36,1893.0,3230.0,1.72,4.53,5123.0
2026-04-24,5,7287.0,4.98,15.06,2747.0,5573.0,3.48,6.67,8320.0
2026-04-24,6,10088.0,5.04,13.66,4616.0,8253.0,5.35,10.2,12869.0
2026-04-24,7,10750.0,4.92,13.04,5476.0,9750.0,6.14,11.94,15225.0
2026-04-24,8,11216.0,4.74,12.5,5632.0,10009.0,5.9,11.95,15642.0
2026-04-24,9,11145.0,4.58,12.31,5664.0,9961.0,5.86,11.93,15625.0
2026-04-24,10,11113.0,4.45,12.26,5259.0,9135.0,4.88,10.52,14393.0
2026-04-24,11,11584.0,4.36,13.59,5733.0,9373.0,4.13,10.44,15106.0
2026-04-24,12,11794.0,4.28,14.47,5788.0,9258.0,3.73,10.15,15046.0
2026-04-24,13,11677.0,4.36,14.58,5727.0,9190.0,3.6,9.94,14917.0
2026-04-24,14,11439.0,4.3,14.61,5696.0,9231.0,3.65,9.94,14927.0
2026-04-24,15,11478.0,4.27,14.64,5696.0,9161.0,3.66,9.94,14857.0
2026-04-24,16,11271.0,4.23,14.21,5734.0,9376.0,4.07,10.39,15109.0
2026-04-24,17,11265.0,4.14,14.05,5532.0,9255.0,4.94,10.95,14787.0
2026-04-24,18,11229.0,4.08,13.97,5500.0,9394.0,5.55,11.45,14894.0
2026-04-24,19,10068.0,3.93,13.61,5408.0,9371.0,5.66,11.44,14779.0
2026-04-24,20,9517.0,3.57,13.59,5465.0,9258.0,5.58,11.44,14722.0
2026-04-24,21,9482.0,3.3,13.45,5036.0,8595.0,4.67,10.05,13632.0
2026-04-24,22,9639.0,3.19,14.3,4490.0,7534.0,3.46,8.21,12024.0
2026-04-24,23,8939.0,3.19,15.91,4199.0,6786.0,2.28,6.81,10985.0
2026-04-25,0,4708.0,3.19,14.75,2667.0,3531.0,0.87,4.27,6198.0
2026-04-25,1,3108.0,3.42,14.43,2458.0,2734.0,1.02,4.32,5191.0
2026-04-25,2,3457.0,3.93,14.82,2529.0,2799.0,1.25,4.59,5328.0
2026-04-25,3,3490.0,4.31,15.21,2568.0,2829.0,1.44,4.79,5397.0
2026-04-25,4,6778.0,4.75,18.07,1898.0,3866.0,1.61,4.4,5764.0
2026-04-25,5,7442.0,4.97,17.29,2790.0,5516.0,3.41,6.63,8306.0
2026-04-25,6,9940.0,5.03,15.37,4714.0,8138.0,5.4,10.27,12852.0
2026-04-25,7,10634.0,4.96,13.36,5473.0,9346.0,6.22,11.94,14819.0
2026-04-25,8,10510.0,4.77,13.12,5576.0,9526.0,6.11,11.94,15102.0
2026-04-25,9,10369.0,4.57,12.63,5650.0,9803.0,6.01,11.92,15452.0
2026-04-25,10,10229.0,4.25,12.07,5494.0,9377.0,5.07,10.85,14871.0
2026-04-25,11,10839.0,4.04,12.7,5809.0,9355.0,4.2,10.44,15164.0
2026-04-25,12,11965.0,4.04,12.72,6019.0,9538.0,3.87,10.45,15556.0
2026-04-25,13,12072.0,4.09,13.05,5955.0,9346.0,3.94,10.44,15300.0
2026-04-25,14,11902.0,4.08,13.98,5786.0,9229.0,3.86,10.12,15015.0
2026-04-25,15,11528.0,4.13,13.72,5699.0,9046.0,3.74,9.95,14745.0
2026-04-25,16,11429.0,4.1,13.38,5820.0,9325.0,4.1,10.4,15145.0
2026-04-25,17,11140.0,3.95,12.58,5846.0,9436.0,5.11,11.39,15282.0
2026-04-25,18,11100.0,4.03,12.33,5559.0,9303.0,5.55,11.44,14862.0
2026-04-25,19,10463.0,3.9,13.01,5546.0,9332.0,5.57,11.45,14877.0
2026-04-25,20,9585.0,3.68,14.09,5501.0,9190.0,5.6,11.43,14691.0
2026-04-25,21,9192.0,3.37,13.81,4959.0,8291.0,4.56,9.77,13250.0
2026-04-25,22,8639.0,3.26,14.61,3743.0,6811.0,3.62,7.59,10554.0
2026-04-25,23,6744.0,3.24,16.32,2453.0,5418.0,2.68,5.74,7870.0
2026-04-26,0,3015.0,3.31,14.21,1528.0,1905.0,1.71,4.39,3433.0
2026-04-26,1,2584.0,3.66,12.71,1733.0,1878.0,2.27,4.98,3612.0
2026-04-26,2,2696.0,3.94,15.5,1597.0,1730.0,2.6,5.28,3328.0
2026-04-26,3,2746.0,4.23,16.69,1045.0,1189.0,2.2,4.74,2234.0
2026-04-26,4,4705.0,4.25,16.37,1684.0,4005.0,2.49,5.01,5689.0
2026-04-26,5,8380.0,4.51,17.23,2622.0,4914.0,3.41,6.28,7535.0
2026-04-26,6,10564.0,4.8,14.7,4431.0,7248.0,5.43,9.5,11679.0
2026-04-26,7,10625.0,4.9,13.38,5226.0,8647.0,6.43,11.42,13874.0
2026-04-26,8,11148.0,4.87,13.37,5368.0,9005.0,6.23,11.44,14374.0
2026-04-26,9,11272.0,4.86,12.85,5523.0,9339.0,6.07,11.43,14862.0
2026-04-26,10,11175.0,4.79,12.62,5578.0,9322.0,5.04,10.91,14900.0
2026-04-26,11,11259.0,4.71,12.89,5772.0,9247.0,4.18,10.44,15019.0
2026-04-26,12,11726.0,4.68,14.28,5676.0,9032.0,3.82,9.97,14708.0
2026-04-26,13,11703.0,4.72,14.39,5662.0,8946.0,3.79,9.94,14608.0
2026-04-26,14,11750.0,4.81,14.52,5637.0,8908.0,3.83,9.95,14545.0
2026-04-26,15,11809.0,4.85,14.61,5611.0,8773.0,3.86,9.94,14384.0
2026-04-26,16,10619.0,4.85,14.74,5665.0,9073.0,4.28,10.4,14738.0
2026-04-26,17,10126.0,4.66,14.07,5347.0,8855.0,5.13,10.82,14202.0
2026-04-26,18,10454.0,4.5,13.33,5186.0,8752.0,5.44,10.94,13938.0
2026-04-26,19,10150.0,4.4,13.32,5143.0,8824.0,5.51,10.94,13968.0
2026-04-26,20,8877.0,4.03,14.26,5234.0,8968.0,5.41,10.94,14203.0
2026-04-26,21,8558.0,3.65,14.45,5061.0,8538.0,4.7,10.07,13598.0
2026-04-26,22,8605.0,3.41,14.73,4576.0,7370.0,3.42,8.26,11946.0
2026-04-26,23,8834.0,3.24,15.67,4327.0,6818.0,2.5,7.12,11145.0
2026-04-27,0,4753.0,3.33,15.6,2474.0,3100.0,0.99,4.31,5575.0
2026-04-27,1,3611.0,3.78,16.09,2340.0,2572.0,1.04,4.27,4912.0
2026-04-27,2,3623.0,4.28,16.3,2440.0,2657.0,1.15,4.45,5097.0
2026-04-27,3,3258.0,4.71,17.48,2577.0,2784.0,1.38,4.75,5361.0
2026-04-27,4,4965.0,4.85,20.38,1988.0,3763.0,1.85,4.68,5751.0
2026-04-27,5,6762.0,4.88,16.44,2597.0,5360.0,3.41,6.5,7957.0
2026-04-27,6,9551.0,4.9,13.79,4411.0,8161.0,5.27,9.75,12571.0
2026-04-27,7,10579.0,4.71,13.05,5604.0,9758.0,6.12,11.94,15362.0
2026-04-27,8,11062.0,4.55,12.29,5790.0,10045.0,5.87,11.93,15835.0
2026-04-27,9,10927.0,4.31,11.93,5843.0,10068.0,5.78,11.9,15911.0
2026-04-27,10,10948.0,4.07,11.91,5489.0,9294.0,4.72,10.44,14782.0
2026-04-27,11,11095.0,3.97,12.06,6000.0,9682.0,3.99,10.43,15683.0
2026-04-27,12,11552.0,3.88,13.63,6066.0,9576.0,3.56,10.15,15641.0
2026-04-27,13,11564.0,3.82,13.22,5946.0,9416.0,3.51,9.94,15361.0
2026-04-27,14,11591.0,3.77,13.75,5929.0,9457.0,3.53,9.94,15386.0
2026-04-27,15,11593.0,3.73,13.86,5891.0,9369.0,3.6,9.96,15260.0
2026-04-27,16,11329.0,3.63,13.11,5916.0,9633.0,4.1,10.45,15549.0
2026-04-27,17,11300.0,3.52,13.05,5872.0,10010.0,5.21,11.44,15882.0
2026-04-27,18,11256.0,3.4,12.82,5617.0,9721.0,5.56,11.44,15338.0
2026-04-27,19,11111.0,3.31,12.43,5573.0,9557.0,5.61,11.44,15130.0
2026-04-27,20,10927.0,3.2,12.1,5573.0,9523.0,5.63,11.45,15096.0
2026-04-27,21,10908.0,3.1,11.83,5470.0,9093.0,4.88,10.64,14563.0
2026-04-27,22,10955.0,3.12,12.24,5072.0,8117.0,3.72,9.07,13189.0
2026-04-27,23,8950.0,3.18,15.05,4245.0,6610.0,2.33,6.8,10856.0
2026-04-28,0,4831.0,3.25,14.78,2413.0,3121.0,0.71,3.89,5534.0
2026-04-28,1,3102.0,3.7,14.66,2581.0,2795.0,1.09,4.41,5377.0
2026-04-28,2,2982.0,4.07,15.43,2419.0,2632.0,1.31,4.52,5050.0
2026-04-28,3,2737.0,4.39,16.35,2258.0,2463.0,1.2,4.32,4722.0
2026-04-28,4,6913.0,4.72,15.23,1973.0,3751.0,1.66,4.44,5724.0
2026-04-28,5,7486.0,5.0,14.01,2722.0,5472.0,3.37,6.46,8194.0
2026-04-28,6,9826.0,5.01,13.7,4595.0,8416.0,5.33,10.0,13010.0
2026-04-28,7,10911.0,4.9,12.79,5602.0,9862.0,6.1,11.94,15463.0
2026-04-28,8,11161.0,4.72,12.35,5738.0,10021.0,5.9,11.94,15758.0
2026-04-28,9,11109.0,4.57,12.14,5746.0,10052.0,5.81,11.89,15798.0
2026-04-28,10,11329.0,4.43,13.05,5436.0,9514.0,4.98,10.7,14950.0
2026-04-28,11,11602.0,4.32,13.7,5795.0,9687.0,4.18,10.44,15482.0
2026-04-28,12,11703.0,4.23,14.13,5884.0,9448.0,3.78,10.25,15332.0
2026-04-28,13,11802.0,4.26,14.26,5838.0,9245.0,3.52,9.94,15083.0
2026-04-28,14,11848.0,4.26,14.33,5783.0,9259.0,3.59,9.95,15042.0
2026-04-28,15,11846.0,4.25,14.42,5734.0,9322.0,3.68,9.94,15057.0
2026-04-28,16,11520.0,4.24,13.45,5773.0,9545.0,3.99,10.31,15317.0
2026-04-28,17,11256.0,4.05,12.88,5585.0,9462.0,4.84,10.84,15047.0
2026-04-28,18,11260.0,4.02,13.48,5573.0,9479.0,5.46,11.44,15051.0
2026-04-28,19,10328.0,3.9,14.35,5522.0,9538.0,5.55,11.44,15060.0
2026-04-28,20,10127.0,3.62,14.48,5505.0,9546.0,5.59,11.45,15051.0
2026-04-28,21,9506.0,3.36,14.49,5126.0,8733.0,4.7,10.19,13859.0
2026-04-28,22,9392.0,3.14,14.63,4945.0,7805.0,3.49,8.82,12750.0
2026-04-28,23,9506.0,3.0,14.86,4515.0,7086.0,2.35,7.23,11601.0
2026-04-29,0,5732.0,3.18,15.19,2675.0,3794.0,0.88,4.27,6469.0
2026-04-29,1,3495.0,3.54,14.59,2234.0,2472.0,0.84,4.0,4706.0
2026-04-29,2,3472.0,3.74,14.35,2182.0,2414.0,1.01,4.13,4597.0
2026-04-29,3,3497.0,4.35,14.76,2213.0,2436.0,1.31,4.44,4649.0
2026-04-29,4,6877.0,4.77,14.38,1990.0,3808.0,1.66,4.47,5798.0
2026-04-29,5,7365.0,4.99,14.21,2806.0,5551.0,3.28,6.45,8357.0
2026-04-29,6,9966.0,5.02,12.71,4720.0,8390.0,5.21,10.09,13110.0
2026-04-29,7,11188.0,4.93,12.45,5562.0,9785.0,6.11,11.94,15346.0
2026-04-29,8,11130.0,4.74,12.33,5733.0,9969.0,5.89,11.95,15702.0
2026-04-29,9,11038.0,4.53,12.16,5760.0,9986.0,5.82,11.94,15746.0
2026-04-29,10,11094.0,4.35,12.35,5483.0,9397.0,4.81,10.6,14880.0
2026-04-29,11,11422.0,4.21,13.25,5850.0,9368.0,4.14,10.44,15218.0
2026-04-29,12,11755.0,4.13,14.17,6025.0,9466.0,3.73,10.28,15491.0
2026-04-29,13,11840.0,4.16,14.19,5930.0,9357.0,3.52,9.94,15286.0
2026-04-29,14,11763.0,4.13,14.28,5872.0,9360.0,3.63,9.95,15232.0
2026-04-29,15,11814.0,4.13,14.37,5865.0,9337.0,3.66,9.95,15201.0
2026-04-29,16,11615.0,4.09,13.66,5803.0,9395.0,4.04,10.25,15198.0
2026-04-29,17,11051.0,3.99,13.04,5755.0,9713.0,5.28,11.37,15468.0
2026-04-29,18,10537.0,3.8,13.24,5610.0,9635.0,5.57,11.44,15245.0
2026-04-29,19,10469.0,3.6,13.05,5590.0,9636.0,5.6,11.44,15225.0
2026-04-29,20,10325.0,3.37,12.48,5561.0,9650.0,5.65,11.44,15211.0
2026-04-29,21,10205.0,3.14,12.17,5297.0,8998.0,4.8,10.34,14294.0
2026-04-29,22,10223.0,3.13,12.29,4544.0,7303.0,3.13,7.89,11847.0
2026-04-29,23,10078.0,3.3,13.19,4423.0,6722.0,2.19,6.88,11145.0
2026-04-30,0,3620.0,3.44,13.59,2221.0,2626.0,0.46,3.59,4848.0
2026-04-30,1,2677.0,3.79,14.73,2302.0,2441.0,0.82,4.01,4743.0
2026-04-30,2,2689.0,4.07,15.4,2399.0,2528.0,1.05,4.28,4927.0
2026-04-30,3,2718.0,4.36,15.85,2472.0,2600.0,1.15,4.42,5072.0
2026-04-30,4,6673.0,4.65,14.61,1917.0,3849.0,1.62,4.37,5766.0
2026-04-30,5,7149.0,4.88,13.25,2721.0,5526.0,3.45,6.48,8246.0
2026-04-30,6,10255.0,4.93,13.6,4591.0,8450.0,5.35,9.93,13040.0
2026-04-30,7,11087.0,4.88,12.37,5575.0,9939.0,6.18,11.91,15514.0
2026-04-30,8,11034.0,4.72,12.15,5663.0,9969.0,6.03,11.93,15632.0
2026-04-30,9,10953.0,4.53,11.96,5680.0,9959.0,5.81,11.74,15638.0
2026-04-30,10,11023.0,4.38,12.09,5381.0,9524.0,4.86,10.45,14904.0
2026-04-30,11,11672.0,4.28,14.08,5819.0,9659.0,4.2,10.44,15478.0
2026-04-30,12,11783.0,4.28,14.55,5825.0,9490.0,3.72,10.02,15315.0
2026-04-30,13,11886.0,4.27,14.63,5823.0,9368.0,3.62,9.95,15191.0
2026-04-30,14,11825.0,4.28,14.61,5779.0,9344.0,3.68,9.95,15123.0
2026-04-30,15,11914.0,4.27,14.72,5816.0,9399.0,3.63,9.95,15215.0
2026-04-30,16,11574.0,4.24,13.66,5825.0,9572.0,4.1,10.41,15397.0
2026-04-30,17,10807.0,4.16,13.7,5671.0,9556.0,5.03,11.11,15227.0
2026-04-30,18,10528.0,3.96,13.25,5528.0,9531.0,5.56,11.44,15059.0
2026-04-30,19,10492.0,3.77,13.27,5430.0,9440.0,5.69,11.44,14869.0
2026-04-30,20,9951.0,3.54,13.69,5313.0,9424.0,5.72,11.33,14737.0
2026-04-30,21,10133.0,3.35,12.82,4989.0,8640.0,4.7,10.0,13629.0
2026-04-30,22,9237.0,3.23,14.1,4695.0,7504.0,3.27,8.26,12199.0
2026-04-30,23,9278.0,3.21,16.5,4222.0,6680.0,2.07,6.64,10902.0
2026-05-01,0,4750.0,3.37,15.04,2764.0,3383.0,0.87,4.39,6146.0
2026-05-01,1,3579.0,3.73,15.61,2631.0,2823.0,1.05,4.47,5455.0
2026-05-01,2,3698.0,4.22,17.14,2711.0,2910.0,1.26,4.73,5621.0
2026-05-01,3,3722.0,4.67,17.79,2672.0,2873.0,1.35,4.79,5545.0
2026-05-01,4,4742.0,4.85,19.78,1973.0,3947.0,1.89,4.68,5920.0
2026-05-01,5,6868.0,4.85,15.93,2570.0,5232.0,3.38,6.44,7802.0
2026-05-01,6,9545.0,4.91,15.18,4328.0,7644.0,5.3,9.69,11972.0
2026-05-01,7,10562.0,4.84,13.34,5392.0,9222.0,6.27,11.94,14614.0
2026-05-01,8,10621.0,4.66,12.89,5507.0,9674.0,6.13,11.94,15181.0
2026-05-01,9,11083.0,4.48,12.24,5590.0,9802.0,6.03,11.95,15392.0
2026-05-01,10,10978.0,4.27,11.98,5375.0,9099.0,4.83,10.58,14474.0
2026-05-01,11,11183.0,4.21,12.71,5751.0,9274.0,4.2,10.44,15025.0
2026-05-01,12,11705.0,4.13,14.13,5665.0,8946.0,3.81,9.98,14611.0
2026-05-01,13,11187.0,4.19,14.98,5561.0,8751.0,3.89,9.95,14312.0
2026-05-01,14,11073.0,4.21,15.09,5559.0,8695.0,3.88,9.95,14253.0
2026-05-01,15,11109.0,4.1,15.12,5610.0,8743.0,3.81,9.94,14353.0
2026-05-01,16,10966.0,4.14,14.57,5644.0,8944.0,4.18,10.3,14587.0
2026-05-01,17,10812.0,4.01,14.21,5685.0,9414.0,5.27,11.34,15099.0
2026-05-01,18,10726.0,3.87,14.02,5439.0,9183.0,5.71,11.44,14622.0
2026-05-01,19,10966.0,3.79,14.8,5403.0,8969.0,5.71,11.43,14372.0
2026-05-01,20,11141.0,3.76,15.4,5394.0,8871.0,5.72,11.42,14265.0
2026-05-01,21,9956.0,3.72,16.59,4982.0,8231.0,4.62,9.85,13213.0
2026-05-01,22,8417.0,3.58,19.15,4582.0,7276.0,3.34,8.13,11859.0
2026-05-01,23,7511.0,3.36,21.67,3970.0,6097.0,2.17,6.44,10067.0
2026-05-02,0,3312.0,3.28,18.17,2455.0,2928.0,0.83,3.95,5384.0
2026-05-02,1,2777.0,3.59,17.49,2698.0,2872.0,1.03,4.21,5570.0
2026-05-02,2,2804.0,3.94,18.28,2766.0,2945.0,1.26,4.47,5711.0
2026-05-02,3,2820.0,4.24,18.69,2842.0,3045.0,1.48,4.72,5887.0
2026-05-02,4,7420.0,4.57,18.21,2021.0,3847.0,1.79,4.47,5868.0
2026-05-02,5,8676.0,4.97,15.3,2994.0,5262.0,3.58,6.63,8256.0
2026-05-02,6,9031.0,5.09,16.19,4481.0,7316.0,5.49,9.45,11797.0
2026-05-02,7,10345.0,5.02,13.54,5161.0,8703.0,6.26,11.47,13864.0
2026-05-02,8,10459.0,4.89,12.98,5531.0,9364.0,6.26,11.94,14895.0
2026-05-02,9,10334.0,4.71,12.67,5647.0,9649.0,6.01,11.82,15297.0
2026-05-02,10,10359.0,4.49,12.64,5438.0,9183.0,4.85,10.5,14621.0
2026-05-02,11,10830.0,4.29,14.19,5834.0,9203.0,4.17,10.37,15037.0
2026-05-02,12,10874.0,4.17,14.25,5732.0,8923.0,3.8,9.95,14655.0
2026-05-02,13,10871.0,4.12,14.23,5734.0,8786.0,3.76,9.95,14520.0
2026-05-02,14,10920.0,4.13,14.32,5717.0,8769.0,3.77,9.95,14486.0
2026-05-02,15,10960.0,4.07,14.43,5639.0,8839.0,3.89,9.94,14479.0
2026-05-02,16,10825.0,4.0,14.2,5748.0,9081.0,4.24,10.4,14829.0
2026-05-02,17,10511.0,3.86,13.13,5708.0,9224.0,5.23,11.28,14932.0
2026-05-02,18,10395.0,3.69,12.69,5428.0,9198.0,5.75,11.44,14626.0
2026-05-02,19,10350.0,3.53,12.66,5398.0,9074.0,5.75,11.45,14472.0
2026-05-02,20,10327.0,3.4,12.48,5292.0,8851.0,5.71,11.3,14143.0
2026-05-02,21,10270.0,3.31,12.37,4937.0,8390.0,4.82,9.99,13328.0
2026-05-02,22,9850.0,3.32,14.36,4754.0,7696.0,3.71,8.71,12450.0
2026-05-02,23,8265.0,3.15,16.67,3833.0,6380.0,2.48,6.64,10214.0
2026-05-03,0,4831.0,3.33,15.39,2562.0,3623.0,1.24,4.53,6185.0
2026-05-03,1,2825.0,3.55,15.36,2511.0,2722.0,1.35,4.66,5233.0
2026-05-03,2,2805.0,3.87,15.77,2550.0,2763.0,1.65,4.97,5313.0
2026-05-03,3,2823.0,4.22,16.21,2528.0,2754.0,1.91,5.22,5282.0
2026-05-03,4,7347.0,4.54,17.74,1824.0,3966.0,1.71,4.46,5790.0
2026-05-03,5,8733.0,4.95,14.98,2809.0,5296.0,3.33,6.57,8105.0
2026-05-03,6,8917.0,5.09,15.14,4233.0,7364.0,5.2,9.53,11596.0
2026-05-03,7,10408.0,4.99,13.14,5092.0,8689.0,6.1,11.44,13781.0
2026-05-03,8,10402.0,4.87,12.64,5165.0,9022.0,6.03,11.44,14186.0
2026-05-03,9,10279.0,4.7,12.37,5345.0,9214.0,5.83,11.43,14559.0
2026-05-03,10,10348.0,4.57,12.64,5284.0,8969.0,4.84,10.47,14253.0
2026-05-03,11,10835.0,4.42,14.11,5694.0,9015.0,4.26,10.44,14709.0
2026-05-03,12,10864.0,4.13,14.16,5815.0,9079.0,4.05,10.45,14894.0
2026-05-03,13,10916.0,4.14,14.28,5605.0,8713.0,3.83,9.98,14318.0
2026-05-03,14,10940.0,4.06,14.5,5556.0,8680.0,3.84,9.94,14236.0
2026-05-03,15,10995.0,4.09,14.6,5524.0,8715.0,3.92,9.97,14239.0
2026-05-03,16,10735.0,4.0,13.9,5683.0,8979.0,4.26,10.46,14662.0
2026-05-03,17,10734.0,3.91,13.8,5243.0,8606.0,4.96,10.6,13849.0
2026-05-03,18,10183.0,3.83,13.41,5113.0,8721.0,5.51,10.94,13834.0
2026-05-03,19,9838.0,3.7,13.53,5055.0,8671.0,5.59,10.94,13725.0
2026-05-03,20,9473.0,3.5,14.09,5119.0,8893.0,5.53,10.95,14012.0
2026-05-03,21,9445.0,3.27,13.49,4721.0,8035.0,4.73,9.68,12756.0
2026-05-03,22,9281.0,3.22,13.77,4397.0,7147.0,3.78,8.42,11544.0
2026-05-03,23,8080.0,3.25,14.91,3161.0,5569.0,2.66,6.22,8729.0
2026-05-04,0,3568.0,3.37,15.2,1962.0,2496.0,1.53,4.53,4458.0
2026-05-04,1,2709.0,3.7,15.31,2238.0,2407.0,2.21,5.32,4645.0
2026-05-04,2,2662.0,4.02,14.71,1996.0,2162.0,2.49,5.46,4158.0
2026-05-04,3,2735.0,4.3,16.29,1025.0,1267.0,1.17,3.81,2292.0
2026-05-04,4,5340.0,4.35,17.24,1949.0,3894.0,1.83,4.62,5843.0
2026-05-04,5,7776.0,4.45,14.31,2341.0,5004.0,3.14,6.13,7345.0
2026-05-04,6,10688.0,4.86,13.67,4217.0,7471.0,5.19,9.44,11688.0
2026-05-04,7,10784.0,4.92,13.51,5480.0,9346.0,6.24,11.9,14827.0
2026-05-04,8,11120.0,4.79,12.53,5693.0,9822.0,6.03,11.94,15515.0
2026-05-04,9,11003.0,4.66,12.17,5762.0,9840.0,5.91,11.94,15603.0
2026-05-04,10,11014.0,4.53,12.04,5419.0,9188.0,4.9,10.57,14608.0
2026-05-04,11,11299.0,4.48,12.96,5837.0,9346.0,4.19,10.44,15183.0
2026-05-04,12,11383.0,4.4,13.05,5877.0,9210.0,3.68,10.01,15087.0
2026-05-04,13,11590.0,4.38,13.7,5824.0,9142.0,3.67,9.94,14966.0
2026-05-04,14,11589.0,4.39,13.77,5814.0,9101.0,3.7,9.95,14916.0
2026-05-04,15,11614.0,4.33,13.88,5779.0,8959.0,3.73,9.95,14738.0
2026-05-04,16,11320.0,4.43,13.17,5785.0,9065.0,4.09,10.3,14850.0
2026-05-04,17,10898.0,4.35,12.73,5505.0,8990.0,4.96,10.79,14495.0
2026-05-04,18,10502.0,4.22,12.95,5458.0,9237.0,5.72,11.44,14694.0
2026-05-04,19,10435.0,4.1,12.81,5417.0,9214.0,5.76,11.44,14631.0
2026-05-04,20,10393.0,3.98,12.75,5408.0,9228.0,5.77,11.44,14636.0
2026-05-04,21,9620.0,3.8,12.98,4888.0,8205.0,4.45,9.59,13093.0
2026-05-04,22,6836.0,3.39,16.72,4467.0,7232.0,3.14,7.87,11699.0
2026-05-04,23,7561.0,3.1,17.85,4211.0,6571.0,2.23,6.73,10782.0
2026-05-05,0,5484.0,3.09,16.27,2872.0,3910.0,1.09,4.62,6783.0
2026-05-05,1,3967.0,3.35,15.93,2690.0,2923.0,1.21,4.61,5613.0
2026-05-05,2,4008.0,3.78,16.52,2857.0,3085.0,1.37,4.89,5941.0
2026-05-05,3,2752.0,4.56,17.93,2826.0,3057.0,1.6,5.09,5883.0
2026-05-05,4,4183.0,4.63,18.1,2028.0,3806.0,1.68,4.53,5834.0
2026-05-05,5,6205.0,4.51,14.42,2381.0,5239.0,3.36,6.32,7620.0
2026-05-05,6,8879.0,4.51,14.47,4293.0,7904.0,5.32,9.68,12197.0
2026-05-05,7,10553.0,4.29,13.0,5422.0,9688.0,6.28,11.94,15110.0
2026-05-05,8,11005.0,4.0,12.33,5539.0,9828.0,6.09,11.94,15367.0
2026-05-05,9,11474.0,3.86,11.7,5565.0,9810.0,6.07,11.94,15375.0
2026-05-05,10,11916.0,3.88,11.39,5296.0,9177.0,4.93,10.57,14472.0
2026-05-05,11,12103.0,3.91,11.92,5798.0,9490.0,4.1,10.44,15288.0
2026-05-05,12,12645.0,3.93,13.29,5749.0,9257.0,3.71,10.01,15006.0
2026-05-05,13,12681.0,4.24,13.37,5768.0,9181.0,3.62,9.94,14949.0
2026-05-05,14,12362.0,4.51,13.66,5761.0,9079.0,3.59,9.95,14840.0
2026-05-05,15,11283.0,4.49,14.6,5681.0,9115.0,3.71,9.95,14796.0
2026-05-05,16,10744.0,4.31,13.98,5546.0,9217.0,3.91,9.96,14763.0
2026-05-05,17,10165.0,4.14,14.06,5564.0,9356.0,4.99,11.02,14920.0
2026-05-05,18,10033.0,3.91,14.11,5365.0,9293.0,5.72,11.45,14658.0
2026-05-05,19,10015.0,3.74,13.93,5299.0,9226.0,5.8,11.44,14525.0
2026-05-05,20,9698.0,3.48,13.04,5325.0,9252.0,5.76,11.44,14577.0
2026-05-05,21,9681.0,3.25,12.81,4792.0,8465.0,4.8,9.9,13256.0
2026-05-05,22,9720.0,3.22,12.99,4247.0,7139.0,3.37,7.9,11385.0
2026-05-05,23,8574.0,3.23,16.16,4129.0,6593.0,2.22,6.67,10722.0
2026-05-06,0,4161.0,3.24,16.44,2215.0,2743.0,0.63,3.82,4958.0
2026-05-06,1,3174.0,3.69,15.18,2180.0,2412.0,0.92,4.08,4592.0
2026-05-06,2,3156.0,4.07,14.5,2100.0,2341.0,1.12,4.22,4441.0
2026-05-06,3,3177.0,4.43,14.84,2168.0,2421.0,1.3,4.44,4588.0
2026-05-06,4,6744.0,4.76,13.74,1956.0,3722.0,1.65,4.49,5679.0
2026-05-06,5,7396.0,5.02,12.11,2553.0,5421.0,3.41,6.47,7974.0
2026-05-06,6,8592.0,4.91,11.85,4364.0,8135.0,5.22,9.67,12499.0
2026-05-06,7,10537.0,4.77,10.52,5434.0,9711.0,6.33,11.94,15146.0
2026-05-06,8,10819.0,4.57,11.54,5671.0,9771.0,6.01,11.94,15442.0
2026-05-06,9,10807.0,4.25,11.4,5696.0,9935.0,5.93,11.93,15631.0
2026-05-06,10,10833.0,4.01,11.52,5429.0,9440.0,4.79,10.49,14869.0
2026-05-06,11,11157.0,3.92,12.29,6028.0,9747.0,3.87,10.44,15776.0
2026-05-06,12,11586.0,3.89,13.66,5939.0,9487.0,3.62,10.08,15427.0
2026-05-06,13,11618.0,3.83,13.78,5878.0,9355.0,3.58,9.95,15233.0
2026-05-06,14,11747.0,3.82,13.93,5846.0,9407.0,3.65,9.95,15253.0
2026-05-06,15,11746.0,3.8,14.05,5830.0,9302.0,3.65,9.95,15132.0
2026-05-06,16,11361.0,3.77,12.97,5855.0,9477.0,4.06,10.36,15333.0
2026-05-06,17,11390.0,3.68,13.1,5761.0,9571.0,5.19,11.33,15332.0
2026-05-06,18,11437.0,3.62,13.18,5561.0,9381.0,5.58,11.44,14941.0
2026-05-06,19,11304.0,3.59,12.92,5521.0,9587.0,5.68,11.44,15109.0
2026-05-06,20,11018.0,3.5,12.01,5435.0,9558.0,5.74,11.38,14994.0
2026-05-06,21,10642.0,3.43,12.01,5093.0,8786.0,4.81,10.13,13879.0
2026-05-06,22,8556.0,3.25,13.64,4798.0,7642.0,3.48,8.52,12440.0
2026-05-06,23,8104.0,2.99,15.77,4469.0,6873.0,2.34,7.08,11341.0
2026-05-07,0,4892.0,2.93,14.29,2724.0,3548.0,0.8,4.23,6272.0
2026-05-07,1,2995.0,3.05,13.8,2401.0,2614.0,0.92,4.19,5015.0
2026-05-07,2,3021.0,3.52,14.09,2433.0,2654.0,1.23,4.51,5086.0
2026-05-07,3,3039.0,3.87,14.61,2448.0,2678.0,1.41,4.69,5126.0
2026-05-07,4,7237.0,4.43,13.88,1913.0,3880.0,1.52,4.32,5793.0
2026-05-07,5,8778.0,4.89,12.14,2597.0,5507.0,3.36,6.46,8104.0
2026-05-07,6,9511.0,5.05,12.93,4451.0,8238.0,5.21,9.78,12689.0
2026-05-07,7,10870.0,4.92,11.75,5468.0,9873.0,6.25,11.94,15341.0
2026-05-07,8,10720.0,4.75,10.99,5552.0,10051.0,6.09,11.94,15603.0
2026-05-07,9,10586.0,4.42,10.75,5641.0,10041.0,5.96,11.94,15682.0
2026-05-07,10,10719.0,4.23,11.12,5322.0,9337.0,4.79,10.44,14659.0
2026-05-07,11,11244.0,4.05,12.75,5817.0,9520.0,4.07,10.45,15337.0
2026-05-07,12,11362.0,3.95,13.13,5813.0,9408.0,3.85,10.24,15222.0
2026-05-07,13,11713.0,3.93,14.28,5682.0,9216.0,3.72,9.94,14898.0
2026-05-07,14,11867.0,3.96,14.52,5705.0,9220.0,3.69,9.95,14925.0
2026-05-07,15,11773.0,4.06,14.55,5662.0,9010.0,3.72,9.94,14672.0
2026-05-07,16,11653.0,4.04,13.86,5683.0,9155.0,4.01,10.22,14838.0
2026-05-07,17,11268.0,3.99,12.69,5283.0,9022.0,4.82,10.5,14306.0
2026-05-07,18,11249.0,3.98,12.81,5375.0,9435.0,5.75,11.45,14809.0
2026-05-07,19,10723.0,3.94,13.19,5295.0,9234.0,5.82,11.44,14530.0
2026-05-07,20,10061.0,3.71,13.57,5298.0,9149.0,5.79,11.44,14447.0
2026-05-07,21,9415.0,3.54,14.29,4820.0,8344.0,4.77,9.88,13164.0
2026-05-07,22,9430.0,3.4,14.54,4528.0,7408.0,3.27,8.1,11936.0
2026-05-07,23,7686.0,3.15,13.68,4238.0,6692.0,2.02,6.61,10929.0
2026-05-08,0,3911.0,3.18,14.8,2158.0,2648.0,0.63,3.75,4805.0
2026-05-08,1,3118.0,3.65,15.1,2212.0,2444.0,0.84,4.01,4656.0
2026-05-08,2,3139.0,3.99,15.51,2345.0,2566.0,1.06,4.29,4911.0
2026-05-08,3,3171.0,4.38,16.33,2420.0,2641.0,1.28,4.55,5061.0
2026-05-08,4,7226.0,4.7,16.25,1984.0,3936.0,1.82,4.65,5920.0
2026-05-08,5,6056.0,4.95,15.15,2078.0,4818.0,3.01,5.87,6896.0
2026-05-08,6,8806.0,4.88,13.45,4068.0,7633.0,5.06,9.21,11701.0
2026-05-08,7,10368.0,4.76,12.67,5407.0,9701.0,6.31,11.94,15108.0
2026-05-08,8,10855.0,4.57,11.82,5477.0,9561.0,6.18,11.94,15038.0
2026-05-08,9,11039.0,4.29,12.04,5625.0,9617.0,5.98,11.94,15242.0
2026-05-08,10,11059.0,4.24,12.27,5479.0,9265.0,5.03,10.85,14744.0
2026-05-08,11,11616.0,4.12,13.79,5851.0,9511.0,4.11,10.44,15361.0
2026-05-08,12,11621.0,4.06,13.91,5803.0,9239.0,3.73,10.04,15041.0
2026-05-08,13,11646.0,4.19,14.02,5818.0,9078.0,3.62,9.95,14896.0
2026-05-08,14,11627.0,4.09,14.01,5836.0,9088.0,3.59,9.95,14924.0
2026-05-08,15,11140.0,4.13,14.5,5839.0,9179.0,3.63,9.94,15017.0
2026-05-08,16,10747.0,4.05,13.8,5876.0,9488.0,4.03,10.37,15364.0
2026-05-08,17,10442.0,3.84,12.79,5673.0,9459.0,5.09,11.1,15132.0
2026-05-08,18,10954.0,3.66,12.5,5547.0,9444.0,5.61,11.44,14991.0
2026-05-08,19,10533.0,3.55,12.76,5401.0,9189.0,5.78,11.45,14591.0
2026-05-08,20,10411.0,3.4,12.77,5377.0,9209.0,5.8,11.44,14585.0
2026-05-08,21,10328.0,3.28,12.53,5069.0,8649.0,4.82,10.13,13717.0
2026-05-08,22,10426.0,3.3,12.74,4747.0,7644.0,3.56,8.55,12391.0
2026-05-08,23,10436.0,3.52,16.15,4356.0,6627.0,2.38,6.99,10982.0
2026-05-09,0,3659.0,3.46,17.44,1962.0,2416.0,0.48,3.66,4378.0
2026-05-09,1,2782.0,3.92,17.46,2496.0,2583.0,0.8,4.11,5079.0
2026-05-09,2,2489.0,4.2,18.28,2625.0,2708.0,1.13,4.51,5333.0
2026-05-09,3,2285.0,4.43,18.81,2585.0,2660.0,1.26,4.61,5245.0
2026-05-09,4,4662.0,4.45,20.41,1974.0,3696.0,1.57,4.4,5669.0
2026-05-09,5,6961.0,4.56,15.23,2660.0,5356.0,3.22,6.36,8016.0
2026-05-09,6,9338.0,4.58,14.2,4401.0,7795.0,5.35,9.81,12195.0
2026-05-09,7,11313.0,4.55,13.03,5383.0,9380.0,6.38,11.96,14763.0
2026-05-09,8,11211.0,4.47,12.74,5550.0,9631.0,6.14,11.94,15181.0
2026-05-09,9,11187.0,4.43,12.41,5670.0,9692.0,5.97,11.94,15362.0
2026-05-09,10,11055.0,4.17,12.24,5527.0,9430.0,4.93,10.78,14957.0
2026-05-09,11,11360.0,4.12,13.16,5836.0,9461.0,4.12,10.44,15298.0
2026-05-09,12,11374.0,3.98,13.26,5797.0,9151.0,3.77,10.11,14948.0
2026-05-09,13,11553.0,4.05,13.54,5732.0,9003.0,3.67,9.95,14735.0
2026-05-09,14,11714.0,4.15,14.01,5662.0,9002.0,3.77,9.95,14663.0
2026-05-09,15,11755.0,4.23,14.13,5661.0,8978.0,3.75,9.95,14639.0
2026-05-09,16,10950.0,4.22,14.08,5728.0,9266.0,4.14,10.4,14994.0
2026-05-09,17,10760.0,4.06,13.8,5661.0,9368.0,5.18,11.31,15029.0
2026-05-09,18,10707.0,3.96,13.75,5442.0,9129.0,5.58,11.44,14571.0
2026-05-09,19,10681.0,3.86,13.65,5360.0,8922.0,5.65,11.45,14282.0
2026-05-09,20,10639.0,3.75,13.53,5397.0,9110.0,5.65,11.43,14507.0
2026-05-09,21,9243.0,3.52,15.04,4837.0,8124.0,4.6,9.74,12962.0
2026-05-09,22,8896.0,3.34,15.83,4375.0,7102.0,3.41,8.09,11478.0
2026-05-09,23,7764.0,3.29,18.09,4122.0,6457.0,2.2,6.67,10579.0
2026-05-10,0,3507.0,3.22,16.79,2326.0,2850.0,0.63,3.91,5175.0
2026-05-10,1,2697.0,3.43,15.07,2550.0,2704.0,0.99,4.38,5255.0
2026-05-10,2,2735.0,3.91,16.2,2626.0,2789.0,1.4,4.83,5415.0
2026-05-10,3,2848.0,4.18,18.96,2625.0,2781.0,1.63,5.05,5406.0
2026-05-10,4,6934.0,4.48,18.55,1916.0,3887.0,1.72,4.53,5803.0
2026-05-10,5,8156.0,4.88,15.91,2588.0,5157.0,3.34,6.51,7745.0
2026-05-10,6,9482.0,4.99,14.65,4127.0,7263.0,5.33,9.63,11389.0
2026-05-10,7,10609.0,5.06,13.26,4870.0,8385.0,6.2,11.31,13255.0
2026-05-10,8,10507.0,4.98,12.93,5208.0,9003.0,5.91,11.44,14211.0
2026-05-10,9,10350.0,4.83,12.57,5335.0,9234.0,5.79,11.44,14568.0
2026-05-10,10,10299.0,4.7,12.29,5259.0,8837.0,4.85,10.53,14097.0
2026-05-10,11,10542.0,4.54,13.12,5678.0,9007.0,4.22,10.44,14686.0
2026-05-10,12,10791.0,4.27,14.02,5686.0,8930.0,3.86,10.13,14616.0
2026-05-10,13,10863.0,4.24,14.2,5600.0,8828.0,3.8,9.95,14427.0
2026-05-10,14,10913.0,4.12,14.31,5533.0,8738.0,3.9,9.95,14271.0
2026-05-10,15,10893.0,4.12,14.4,5505.0,8604.0,3.91,9.95,14108.0
2026-05-10,16,10706.0,4.12,13.6,5600.0,8904.0,4.34,10.44,14504.0
2026-05-10,17,10518.0,4.05,13.21,5187.0,8749.0,5.17,10.7,13936.0
2026-05-10,18,10351.0,4.0,13.18,5052.0,8590.0,5.6,10.94,13642.0
2026-05-10,19,9243.0,3.69,13.86,5036.0,8616.0,5.64,10.94,13652.0
2026-05-10,20,9190.0,3.54,13.74,5133.0,8764.0,5.54,10.95,13897.0
2026-05-10,21,9136.0,3.3,13.55,4747.0,7961.0,4.57,9.53,12708.0
2026-05-10,22,9172.0,3.22,13.53,4269.0,6913.0,3.33,7.83,11182.0
2026-05-10,23,9448.0,3.29,14.77,3969.0,6284.0,2.26,6.53,10253.0
2026-05-11,0,3498.0,3.27,17.25,2479.0,3113.0,1.06,4.44,5592.0
2026-05-11,1,2696.0,3.61,15.3,2573.0,2786.0,1.24,4.67,5359.0
2026-05-11,2,2737.0,3.97,15.83,2603.0,2816.0,1.55,5.0,5419.0
2026-05-11,3,2853.0,4.3,19.02,2993.0,3219.0,1.99,5.71,6211.0
2026-05-11,4,6912.0,4.59,20.07,1942.0,3870.0,1.92,4.79,5812.0
2026-05-11,5,7283.0,4.91,15.68,2002.0,4950.0,3.21,6.07,6952.0
2026-05-11,6,8477.0,4.86,14.29,3954.0,7631.0,5.14,9.23,11586.0
2026-05-11,7,10451.0,4.8,11.6,5380.0,9468.0,6.34,11.95,14848.0
2026-05-11,8,10719.0,4.63,11.1,5562.0,9901.0,6.12,11.94,15463.0
2026-05-11,9,10670.0,4.37,10.94,5649.0,9980.0,6.01,11.94,15629.0
2026-05-11,10,10770.0,4.23,11.28,7229.0,10965.0,4.8,10.55,18194.0
2026-05-11,11,11204.0,3.87,10.41,15054.0,17393.0,3.92,9.94,32447.0
2026-05-11,12,11601.0,4.0,13.61,5710.0,9085.0,3.63,9.95,14795.0
2026-05-11,13,11722.0,4.06,14.0,5741.0,9081.0,3.6,9.94,14822.0
2026-05-11,14,11818.0,4.1,14.12,5693.0,8954.0,3.65,9.95,14646.0
2026-05-11,15,11774.0,4.09,14.16,5727.0,9119.0,3.62,9.95,14846.0
2026-05-11,16,11620.0,4.15,13.78,5674.0,9042.0,3.94,10.17,14716.0
2026-05-11,17,10053.0,3.92,12.64,5647.0,9410.0,5.13,11.23,15057.0
2026-05-11,18,9710.0,3.51,12.85,5464.0,9368.0,5.63,11.44,14832.0
2026-05-11,19,9653.0,3.49,12.77,5383.0,9289.0,5.74,11.45,14672.0
2026-05-11,20,9812.0,3.21,13.26,5386.0,9287.0,5.74,11.45,14673.0
2026-05-11,21,10279.0,3.02,12.9,5002.0,8440.0,4.82,10.13,13442.0
2026-05-11,22,10428.0,3.11,12.86,4565.0,7236.0,3.37,8.23,11802.0
2026-05-11,23,8955.0,3.22,14.94,4081.0,6355.0,2.13,6.57,10435.0
2026-05-12,0,3879.0,3.12,15.23,2732.0,3225.0,0.97,4.52,5957.0
2026-05-12,1,2760.0,3.57,15.74,2631.0,2898.0,1.23,4.72,5528.0
2026-05-12,2,2765.0,3.92,16.79,2755.0,3026.0,1.57,5.13,5782.0
2026-05-12,3,2833.0,4.31,17.43,2882.0,3153.0,1.84,5.48,6035.0
2026-05-12,4,7235.0,4.68,16.68,1530.0,3419.0,1.53,4.26,4949.0
2026-05-12,5,7231.0,5.06,12.39,2610.0,5269.0,3.47,6.6,7879.0
2026-05-12,6,9258.0,5.0,12.94,4392.0,7879.0,5.36,9.88,12271.0
2026-05-12,7,11103.0,5.01,12.16,5373.0,9645.0,6.39,11.93,15018.0
2026-05-12,8,11006.0,4.88,12.0,5522.0,9748.0,6.2,11.94,15269.0
2026-05-12,9,11027.0,4.77,12.01,5535.0,9601.0,6.17,11.94,15136.0
2026-05-12,10,11520.0,4.72,13.36,5519.0,9309.0,5.15,10.99,14828.0
2026-05-12,11,11838.0,4.71,14.38,6009.0,9671.0,4.38,10.93,15680.0
2026-05-12,12,11966.0,4.65,14.76,6008.0,9579.0,4.09,10.68,15586.0
2026-05-12,13,11976.0,4.69,14.75,5817.0,9252.0,3.61,9.94,15069.0
2026-05-12,14,11973.0,4.74,14.8,5785.0,9217.0,3.61,9.95,15002.0
2026-05-12,15,11805.0,4.8,14.89,5773.0,9160.0,3.63,9.94,14933.0
2026-05-12,16,10858.0,4.75,14.22,5801.0,9448.0,4.11,10.42,15249.0
2026-05-12,17,10516.0,4.51,13.01,5684.0,9626.0,5.15,11.24,15310.0
2026-05-12,18,9801.0,4.17,13.13,5446.0,9393.0,5.64,11.45,14839.0
2026-05-12,19,9729.0,3.87,13.03,5303.0,9241.0,5.8,11.44,14543.0
2026-05-12,20,9259.0,3.71,13.17,5279.0,9326.0,5.86,11.44,14605.0
2026-05-12,21,9157.0,3.27,13.44,4927.0,8662.0,4.75,10.0,13589.0
2026-05-12,22,9433.0,3.18,14.65,4900.0,7999.0,3.45,8.72,12899.0
2026-05-12,23,9773.0,3.14,16.18,4583.0,7045.0,2.44,7.43,11628.0
2026-05-13,0,5469.0,3.26,15.56,2685.0,3469.0,0.85,4.33,6154.0
2026-05-13,1,2735.0,3.43,15.52,2277.0,2507.0,0.94,4.22,4784.0
2026-05-13,2,2749.0,3.89,15.69,2342.0,2579.0,1.2,4.52,4920.0
2026-05-13,3,2757.0,4.27,16.26,2410.0,2641.0,1.38,4.74,5051.0
2026-05-13,4,6980.0,4.6,15.73,1967.0,3856.0,1.68,4.59,5824.0
2026-05-13,5,7301.0,4.87,14.2,2826.0,5562.0,3.51,6.85,8388.0
2026-05-13,6,10226.0,4.89,13.5,4661.0,8274.0,5.44,10.38,12935.0
2026-05-13,7,11337.0,4.91,12.52,5373.0,9413.0,6.19,11.94,14785.0
2026-05-13,8,11669.0,4.86,11.71,5471.0,9579.0,6.08,11.94,15049.0
2026-05-13,9,11648.0,4.82,11.64,5563.0,9658.0,5.96,11.94,15221.0
2026-05-13,10,11638.0,4.82,11.58,5598.0,9356.0,4.99,11.11,14954.0
2026-05-13,11,12127.0,4.83,12.91,5874.0,9349.0,4.15,10.7,15223.0
2026-05-13,12,11963.0,4.84,12.86,5888.0,9230.0,3.84,10.44,15118.0
2026-05-13,13,11726.0,4.8,13.84,5884.0,9246.0,3.85,10.45,15130.0
2026-05-13,14,11580.0,4.8,14.2,5832.0,9217.0,3.92,10.44,15049.0
2026-05-13,15,11033.0,4.7,14.64,5862.0,9301.0,3.88,10.45,15163.0
2026-05-13,16,10860.0,4.55,14.24,5747.0,9203.0,4.04,10.45,14949.0
2026-05-13,17,10286.0,4.21,14.27,5603.0,9281.0,5.08,11.23,14885.0
2026-05-13,18,10057.0,4.03,14.23,5423.0,9320.0,5.57,11.45,14743.0
2026-05-13,19,10002.0,3.77,14.04,5374.0,9327.0,5.65,11.44,14701.0
2026-05-13,20,9694.0,3.55,13.05,5437.0,9410.0,5.58,11.44,14847.0
2026-05-13,21,9608.0,3.3,12.68,5164.0,8656.0,4.75,10.37,13820.0
2026-05-13,22,9831.0,3.21,13.48,4516.0,7386.0,3.33,8.21,11902.0
2026-05-13,23,8679.0,3.21,18.05,4032.0,6268.0,2.18,6.62,10301.0
2026-05-14,0,3502.0,3.24,17.13,2247.0,2640.0,0.77,4.02,4887.0
2026-05-14,1,2721.0,3.57,14.93,2503.0,2749.0,1.12,4.54,5252.0
2026-05-14,2,2706.0,3.98,15.14,2519.0,2769.0,1.32,4.73,5288.0
2026-05-14,3,2803.0,4.28,17.38,2280.0,2534.0,1.34,4.61,4814.0
2026-05-14,4,7107.0,4.62,16.26,1905.0,3783.0,1.77,4.64,5688.0
2026-05-14,5,7721.0,4.93,13.79,2527.0,5291.0,3.49,6.55,7818.0
2026-05-14,6,10042.0,5.07,13.19,4411.0,8001.0,5.38,9.99,12412.0
2026-05-14,7,11035.0,5.06,12.06,5365.0,9449.0,6.35,11.94,14813.0
2026-05-14,8,11049.0,4.93,11.85,5506.0,9749.0,6.21,11.95,15255.0
2026-05-14,9,10942.0,4.7,11.69,5570.0,9830.0,6.09,11.94,15401.0
2026-05-14,10,10909.0,4.66,11.68,5276.0,9041.0,4.93,10.56,14318.0
2026-05-14,11,11311.0,4.61,12.67,5728.0,9284.0,4.25,10.44,15013.0
2026-05-14,12,11624.0,4.56,13.77,5758.0,9298.0,3.78,10.05,15056.0
2026-05-14,13,11695.0,4.51,13.88,5814.0,9400.0,3.6,9.94,15214.0
2026-05-14,14,11685.0,4.51,14.04,5789.0,9180.0,3.62,9.95,14969.0
2026-05-14,15,11746.0,4.57,14.24,5763.0,9099.0,3.65,9.94,14862.0
2026-05-14,16,10798.0,4.45,13.97,5777.0,9310.0,4.12,10.4,15088.0
2026-05-14,17,10694.0,4.26,13.59,5763.0,9689.0,5.11,11.3,15452.0
2026-05-14,18,10464.0,4.09,12.91,5496.0,9602.0,5.63,11.44,15098.0
2026-05-14,19,10441.0,3.91,12.82,5484.0,9329.0,5.62,11.44,14813.0
2026-05-14,20,10090.0,3.74,13.05,5488.0,9356.0,5.63,11.45,14844.0
2026-05-14,21,9143.0,3.5,13.42,5088.0,8646.0,4.88,10.28,13734.0
2026-05-14,22,9200.0,3.26,13.6,4692.0,7625.0,3.54,8.52,12317.0
2026-05-14,23,9171.0,3.21,15.25,4465.0,6885.0,2.49,7.31,11349.0
2026-05-15,0,4493.0,3.1,18.36,2179.0,3467.0,0.4,3.46,5646.0
2026-05-15,1,7572.0,3.25,16.77,2399.0,3974.0,0.89,3.96,6373.0
2026-05-15,2,8319.0,3.75,16.69,2220.0,3702.0,1.02,4.02,5922.0
2026-05-15,3,8391.0,4.27,17.1,2326.0,3700.0,1.07,4.11,6026.0
2026-05-15,4,8170.0,4.89,16.5,2136.0,3912.0,1.62,4.54,6047.0
2026-05-15,5,6783.0,5.12,15.4,2610.0,5525.0,3.41,6.46,8135.0
2026-05-15,6,9769.0,5.07,12.22,4399.0,8346.0,5.41,9.88,12745.0
2026-05-15,7,10609.0,4.93,11.38,5291.0,9444.0,6.43,11.94,14735.0
2026-05-15,8,10769.0,4.82,11.09,5444.0,9628.0,6.22,11.93,15072.0
2026-05-15,9,10695.0,4.63,10.9,5616.0,9807.0,5.94,11.93,15422.0
2026-05-15,10,10928.0,4.42,11.74,5232.0,9260.0,4.95,10.56,14492.0
2026-05-15,11,11412.0,4.34,13.04,5743.0,9482.0,4.1,10.44,15225.0
2026-05-15,12,11773.0,4.17,14.05,5663.0,9082.0,3.73,10.03,14746.0
2026-05-15,13,11852.0,4.39,14.19,5644.0,8991.0,3.66,9.95,14635.0
2026-05-15,14,11829.0,4.41,14.34,5640.0,9014.0,3.67,9.94,14654.0
2026-05-15,15,11938.0,4.5,14.51,5657.0,9099.0,3.67,9.94,14756.0
2026-05-15,16,11539.0,4.51,13.4,5476.0,9005.0,3.99,10.02,14481.0
2026-05-15,17,11181.0,4.55,13.14,5249.0,8963.0,4.91,10.63,14212.0
2026-05-15,18,10530.0,4.32,13.04,5318.0,9223.0,5.71,11.44,14541.0
2026-05-15,19,10452.0,4.07,12.75,5202.0,9164.0,5.84,11.44,14365.0
2026-05-15,20,10343.0,4.08,12.47,5237.0,9256.0,5.81,11.44,14493.0
2026-05-15,21,8759.0,3.72,13.6,4915.0,8456.0,4.83,10.14,13371.0
2026-05-15,22,8695.0,3.6,14.95,4557.0,7425.0,3.51,8.46,11982.0
2026-05-15,23,8335.0,3.3,16.48,4021.0,6311.0,2.14,6.64,10333.0
2026-05-16,0,3821.0,3.34,16.53,2414.0,2826.0,0.91,4.33,5239.0
2026-05-16,1,2733.0,3.63,15.72,2354.0,2486.0,1.01,4.37,4840.0
2026-05-16,2,2719.0,4.1,15.69,2357.0,2492.0,1.16,4.52,4849.0
2026-05-16,3,2381.0,4.45,16.4,2470.0,2598.0,1.34,4.75,5068.0
2026-05-16,4,5549.0,4.59,16.35,1931.0,3751.0,1.51,4.48,5682.0
2026-05-16,5,6715.0,4.65,13.79,2370.0,4936.0,2.99,6.13,7307.0
2026-05-16,6,10980.0,4.9,12.51,4513.0,7768.0,5.33,10.06,12281.0
2026-05-16,7,10393.0,4.92,12.84,5265.0,9160.0,6.37,11.94,14425.0
2026-05-16,8,10309.0,4.69,12.47,5477.0,9593.0,6.09,11.94,15070.0
2026-05-16,9,10320.0,4.41,12.53,5630.0,9799.0,5.89,11.94,15429.0
2026-05-16,10,10947.0,4.11,12.25,5425.0,9089.0,4.92,10.78,14514.0
2026-05-16,11,11346.0,4.05,13.05,5714.0,9045.0,4.15,10.44,14759.0
2026-05-16,12,11600.0,4.14,13.83,5651.0,8789.0,3.81,10.06,14440.0
2026-05-16,13,11646.0,4.12,13.95,5700.0,8996.0,3.65,9.95,14696.0
2026-05-16,14,11633.0,4.1,14.0,5675.0,8963.0,3.69,9.95,14638.0
2026-05-16,15,11708.0,4.27,14.1,5658.0,8770.0,3.7,9.94,14428.0
2026-05-16,16,11440.0,4.46,13.43,5761.0,8964.0,4.06,10.39,14725.0
2026-05-16,17,11186.0,4.41,12.64,5628.0,9141.0,4.94,11.04,14769.0
2026-05-16,18,10447.0,4.2,12.86,5427.0,9109.0,5.63,11.44,14537.0
2026-05-16,19,10494.0,4.19,12.93,5414.0,9108.0,5.63,11.45,14522.0
2026-05-16,20,10064.0,3.92,13.31,5433.0,9235.0,5.62,11.45,14668.0
2026-05-16,21,9238.0,3.72,13.68,5244.0,8649.0,4.87,10.52,13893.0
2026-05-16,22,9521.0,3.59,15.32,4728.0,7485.0,3.47,8.56,12213.0
2026-05-16,23,9159.0,3.6,17.31,4255.0,6525.0,2.15,6.82,10780.0
2026-05-17,0,3400.0,3.46,16.29,2781.0,3065.0,0.84,4.5,5846.0
2026-05-17,1,2290.0,3.94,15.38,2632.0,2848.0,1.03,4.58,5480.0
2026-05-17,2,2172.0,4.02,15.35,2631.0,2838.0,1.27,4.79,5469.0
2026-05-17,3,2753.0,4.39,17.56,2833.0,3049.0,1.65,5.31,5881.0
2026-05-17,4,5302.0,4.68,17.6,2061.0,3682.0,1.57,4.58,5743.0
2026-05-17,5,7312.0,4.79,14.35,2637.0,5221.0,3.26,6.5,7858.0
2026-05-17,6,9378.0,4.89,14.82,4041.0,7300.0,5.25,9.5,11342.0
2026-05-17,7,10689.0,4.98,13.65,4936.0,8539.0,6.34,11.44,13475.0
2026-05-17,8,10538.0,4.96,13.24,5206.0,9166.0,5.94,11.44,14372.0
2026-05-17,9,10432.0,4.75,12.82,5377.0,9463.0,5.72,11.43,14840.0
2026-05-17,10,10334.0,4.69,12.56,5278.0,9025.0,4.91,10.58,14303.0
2026-05-17,11,10392.0,4.56,12.78,5703.0,9054.0,4.15,10.44,14757.0
2026-05-17,12,10731.0,4.36,13.88,5651.0,8892.0,3.72,9.99,14543.0
2026-05-17,13,10892.0,4.2,14.39,5597.0,9026.0,3.75,9.95,14623.0
2026-05-17,14,10870.0,4.22,14.4,5536.0,8864.0,3.8,9.95,14400.0
2026-05-17,15,10948.0,4.13,14.54,5502.0,8708.0,3.79,9.95,14209.0
2026-05-17,16,10783.0,4.04,13.91,5583.0,9040.0,4.22,10.41,14622.0
2026-05-17,17,10713.0,4.1,13.67,5374.0,8986.0,5.0,10.9,14360.0
2026-05-17,18,10598.0,3.97,13.44,5057.0,8715.0,5.46,10.95,13772.0
2026-05-17,19,10635.0,4.01,13.38,5033.0,8714.0,5.48,10.94,13748.0
2026-05-17,20,9451.0,3.86,14.3,5093.0,8790.0,5.4,10.94,13883.0
2026-05-17,21,9011.0,3.63,15.44,4754.0,8175.0,4.71,9.85,12928.0
2026-05-17,22,8945.0,3.48,15.68,4222.0,7054.0,3.35,7.96,11275.0
2026-05-17,23,8647.0,3.47,17.9,3911.0,6234.0,2.4,6.78,10145.0
2026-05-18,0,3309.0,3.12,18.8,2339.0,2785.0,0.83,4.21,5124.0
2026-05-18,1,2792.0,3.59,17.17,2242.0,2416.0,1.04,4.37,4659.0
2026-05-18,2,2790.0,4.14,17.14,2257.0,2443.0,1.22,4.56,4700.0
2026-05-18,3,2794.0,4.45,17.59,2236.0,2387.0,1.5,4.8,4623.0
2026-05-18,4,5984.0,4.62,17.56,1881.0,3936.0,1.79,4.71,5816.0
2026-05-18,5,7958.0,4.92,12.27,2251.0,5442.0,3.31,6.34,7693.0
2026-05-18,6,9367.0,4.93,12.31,4311.0,8057.0,5.23,9.82,12368.0
2026-05-18,7,10661.0,4.82,12.0,5294.0,9595.0,6.29,11.94,14889.0
2026-05-18,8,10975.0,4.68,11.62,5464.0,9628.0,6.06,11.94,15093.0
2026-05-18,9,10837.0,4.49,11.46,5577.0,9838.0,5.88,11.92,15415.0
2026-05-18,10,10880.0,4.19,11.53,5277.0,9280.0,4.82,10.55,14557.0
2026-05-18,11,11116.0,4.0,12.31,5752.0,9289.0,4.04,10.44,15041.0
2026-05-18,12,11651.0,3.98,13.8,5651.0,9111.0,3.66,9.95,14761.0
2026-05-18,13,11605.0,4.07,13.8,5665.0,9079.0,3.63,9.94,14744.0
2026-05-18,14,11689.0,4.03,13.87,5667.0,9111.0,3.66,9.95,14778.0
2026-05-18,15,11691.0,4.02,14.06,5706.0,9031.0,3.6,9.95,14736.0
2026-05-18,16,10790.0,4.03,13.96,5817.0,9291.0,4.0,10.43,15109.0
2026-05-18,17,10739.0,3.91,13.66,5815.0,9585.0,5.0,11.36,15400.0
2026-05-18,18,10472.0,3.68,13.0,5507.0,9533.0,5.53,11.44,15040.0
2026-05-18,19,10831.0,3.52,12.64,5428.0,9482.0,5.65,11.44,14910.0
2026-05-18,20,11192.0,3.46,12.34,5406.0,9227.0,5.64,11.45,14633.0
2026-05-18,21,11030.0,3.46,11.99,4986.0,8482.0,4.71,10.06,13468.0
2026-05-18,22,9195.0,3.39,13.82,4476.0,7181.0,3.39,8.22,11657.0
2026-05-18,23,8950.0,3.16,16.12,4067.0,6455.0,2.36,6.84,10522.0
2026-05-19,0,3394.0,3.3,17.36,2099.0,2558.0,0.7,3.94,4657.0
2026-05-19,1,2821.0,3.78,17.94,2230.0,2352.0,0.96,4.3,4582.0
2026-05-19,2,2846.0,4.12,18.39,2287.0,2408.0,1.3,4.65,4695.0
2026-05-19,3,2871.0,4.43,19.25,2413.0,2538.0,1.43,4.85,4951.0
2026-05-19,4,6950.0,4.73,19.38,1922.0,3886.0,1.76,4.76,5808.0
2026-05-19,5,7986.0,5.02,14.77,2567.0,5669.0,3.42,6.65,8236.0
2026-05-19,6,9870.0,5.09,12.12,4625.0,8562.0,5.37,10.21,13187.0
2026-05-19,7,10739.0,4.96,11.19,5448.0,9721.0,6.2,11.95,15169.0
2026-05-19,8,10705.0,4.76,10.96,5521.0,9777.0,6.09,11.94,15298.0
2026-05-19,9,10593.0,4.59,10.82,5610.0,9890.0,5.98,11.94,15501.0
2026-05-19,10,10742.0,4.42,11.13,5260.0,9190.0,4.8,10.44,14449.0
2026-05-19,11,11263.0,4.27,12.67,5748.0,9397.0,4.14,10.44,15145.0
2026-05-19,12,11532.0,4.21,13.39,5734.0,9130.0,3.63,9.97,14863.0
2026-05-19,13,11721.0,4.15,13.87,5764.0,9120.0,3.55,9.95,14884.0
2026-05-19,14,11662.0,4.28,13.98,5690.0,9165.0,3.65,9.95,14855.0
2026-05-19,15,11705.0,4.23,14.06,5702.0,9261.0,3.65,9.95,14964.0
2026-05-19,16,11177.0,4.11,14.19,5712.0,9338.0,4.11,10.41,15050.0
2026-05-19,17,10621.0,4.11,13.4,5472.0,9294.0,4.97,10.94,14766.0
2026-05-19,18,10355.0,4.03,12.59,5369.0,9404.0,5.65,11.44,14773.0
2026-05-19,19,10241.0,3.87,12.21,5326.0,9391.0,5.68,11.44,14717.0
2026-05-19,20,9607.0,3.61,12.52,5247.0,9403.0,5.71,11.37,14650.0
2026-05-19,21,9645.0,3.38,12.59,4777.0,8415.0,4.82,10.0,13193.0
2026-05-19,22,9625.0,3.37,13.79,4352.0,7097.0,3.33,8.11,11448.0
2026-05-19,23,8232.0,3.32,15.63,3780.0,5981.0,2.08,6.39,9761.0
2026-05-20,0,3426.0,3.22,14.92,2390.0,2968.0,0.81,4.27,5357.0
2026-05-20,1,2692.0,3.64,14.65,2570.0,2689.0,1.13,4.71,5259.0
2026-05-20,2,2815.0,3.96,17.88,2733.0,2843.0,1.54,5.21,5577.0
2026-05-20,3,2832.0,4.26,18.35,2570.0,2671.0,1.47,5.03,5241.0
2026-05-20,4,6901.0,4.52,15.43,1985.0,3919.0,1.51,4.56,5904.0
2026-05-20,5,7342.0,4.78,11.41,2540.0,5426.0,3.28,6.52,7966.0
2026-05-20,6,10314.0,4.93,12.32,4438.0,8057.0,5.16,9.9,12495.0
2026-05-20,7,10296.0,4.83,12.28,5372.0,9409.0,6.14,11.94,14781.0
2026-05-20,8,10285.0,4.59,12.18,5453.0,9689.0,6.01,11.93,15142.0
2026-05-20,9,10789.0,4.29,11.78,5486.0,9625.0,6.0,11.95,15111.0
2026-05-20,10,11295.0,4.14,12.64,5305.0,9124.0,4.96,10.78,14429.0
2026-05-20,11,11552.0,4.13,13.68,5682.0,9125.0,4.05,10.43,14808.0
2026-05-20,12,11878.0,4.03,14.28,5642.0,9001.0,3.56,9.94,14643.0
2026-05-20,13,11848.0,4.19,14.28,5721.0,9095.0,3.46,9.95,14816.0
2026-05-20,14,11828.0,4.06,14.29,5679.0,9071.0,3.52,9.94,14750.0
2026-05-20,15,11840.0,4.21,14.4,5700.0,8978.0,3.55,10.0,14678.0
2026-05-20,16,11624.0,4.29,13.68,5786.0,9197.0,3.93,10.44,14983.0
2026-05-20,17,11165.0,4.18,12.38,5599.0,9316.0,4.84,11.04,14914.0
2026-05-20,18,11126.0,4.06,12.29,5445.0,9381.0,5.48,11.44,14826.0
2026-05-20,19,10428.0,4.02,12.66,5405.0,9313.0,5.53,11.44,14718.0
2026-05-20,20,10349.0,3.88,12.54,5353.0,9303.0,5.62,11.44,14656.0
2026-05-20,21,9363.0,3.65,12.9,4870.0,8354.0,4.82,10.15,13224.0
2026-05-20,22,9123.0,3.45,13.56,4181.0,7089.0,3.36,7.99,11270.0
2026-05-20,23,9590.0,3.59,15.54,4068.0,6086.0,1.98,6.26,10154.0
2026-05-21,0,8426.0,3.74,13.91,3262.0,4317.0,0.81,4.13,7579.0
2026-05-21,1,7617.0,3.87,14.58,2905.0,3785.0,0.8,3.97,6690.0
2026-05-21,2,8070.0,4.48,15.45,3708.0,4547.0,1.4,4.85,8255.0
2026-05-21,3,8146.0,4.67,15.96,3682.0,4527.0,1.53,4.96,8209.0
2026-05-21,4,7989.0,4.89,16.0,3008.0,4453.0,1.85,4.97,7462.0
2026-05-21,5,6864.0,5.05,12.79,3017.0,5307.0,3.27,6.31,8324.0
2026-05-21,6,9162.0,4.95,12.58,5089.0,7926.0,5.61,9.62,13015.0
2026-05-21,7,10545.0,4.7,11.84,6299.0,9339.0,6.96,11.78,15638.0
2026-05-21,8,10913.0,4.53,11.57,6500.0,9512.0,6.96,11.94,16013.0
2026-05-21,9,11141.0,4.25,12.38,6547.0,9644.0,6.92,11.93,16191.0
2026-05-21,10,11322.0,3.97,12.86,6360.0,9133.0,5.72,10.62,15493.0
2026-05-21,11,11432.0,3.74,13.23,6933.0,9247.0,4.94,10.43,16180.0
2026-05-21,12,11839.0,3.81,13.37,6868.0,9057.0,4.62,10.06,15925.0
2026-05-21,13,12422.0,3.81,13.63,7063.0,9065.0,4.86,9.94,16128.0
2026-05-21,14,12854.0,3.85,13.24,7069.0,9108.0,4.72,9.94,16177.0
2026-05-21,15,12973.0,3.99,13.19,6655.0,9068.0,4.33,9.95,15723.0
2026-05-21,16,12162.0,3.98,12.6,6620.0,9166.0,4.68,10.27,15787.0
2026-05-21,17,11899.0,4.02,12.33,6216.0,9115.0,5.45,10.59,15331.0
2026-05-21,18,11953.0,4.02,12.35,6252.0,9331.0,5.97,11.11,15582.0
2026-05-21,19,11232.0,3.81,12.54,6283.0,9407.0,6.27,11.44,15690.0
2026-05-21,20,10773.0,3.82,12.63,6227.0,9427.0,6.33,11.44,15654.0
2026-05-21,21,10337.0,3.51,12.62,6002.0,8836.0,5.44,10.45,14838.0
2026-05-21,22,9973.0,3.44,13.87,5777.0,7710.0,3.79,8.75,13487.0
2026-05-21,23,9621.0,3.33,16.62,5368.0,6653.0,2.58,7.24,12022.0
2026-05-22,0,8975.0,3.37,16.1,3844.0,4682.0,1.32,4.67,8525.0
2026-05-22,1,8447.0,3.69,16.69,4008.0,4343.0,1.61,4.46,8351.0
2026-05-22,2,8453.0,3.87,17.53,3846.0,4053.0,1.62,4.46,7899.0
2026-05-22,3,8203.0,4.42,18.37,2585.0,3805.0,1.4,4.38,6390.0
2026-05-22,4,7290.0,4.8,16.54,2095.0,3938.0,1.78,4.68,6032.0
2026-05-22,5,6868.0,5.02,14.89,2602.0,5268.0,3.29,6.33,7870.0
2026-05-22,6,9278.0,5.02,13.28,4489.0,7728.0,5.25,9.35,12217.0
2026-05-22,7,10734.0,4.9,11.97,5427.0,9467.0,6.24,11.83,14894.0
2026-05-22,8,10877.0,4.73,11.71,5497.0,9724.0,6.24,11.94,15221.0
2026-05-22,9,10888.0,4.6,11.65,5612.0,9745.0,6.07,11.94,15357.0
2026-05-22,10,11223.0,4.48,12.69,5283.0,9120.0,4.92,10.54,14403.0
2026-05-22,11,11522.0,4.48,13.59,5756.0,9313.0,4.06,10.43,15069.0
2026-05-22,12,11738.0,4.45,14.03,5649.0,9174.0,3.68,9.98,14823.0
2026-05-22,13,11782.0,4.47,14.14,5699.0,9050.0,3.53,9.94,14749.0
2026-05-22,14,11714.0,4.49,14.06,5709.0,9022.0,3.53,9.95,14731.0
2026-05-22,15,11752.0,4.48,14.16,5667.0,9096.0,3.6,9.94,14763.0
2026-05-22,16,11422.0,4.49,13.7,5665.0,9199.0,4.03,10.35,14864.0
2026-05-22,17,10543.0,4.23,13.18,5626.0,9498.0,5.15,11.33,15124.0
2026-05-22,18,10426.0,4.05,12.82,5364.0,9223.0,5.61,11.44,14587.0
2026-05-22,19,10440.0,3.85,12.94,5302.0,9228.0,5.69,11.45,14531.0
2026-05-22,20,10417.0,3.76,12.94,5296.0,9262.0,5.7,11.45,14558.0
2026-05-22,21,9263.0,3.56,13.37,4759.0,8311.0,4.67,9.85,13070.0
2026-05-22,22,9123.0,3.49,13.44,4359.0,7268.0,3.4,8.17,11626.0
2026-05-22,23,7869.0,3.28,18.19,3862.0,6152.0,2.2,6.59,10014.0
2026-05-23,0,3483.0,3.35,16.17,2407.0,2957.0,0.84,4.32,5364.0
2026-05-23,1,2644.0,3.67,15.85,2599.0,2863.0,1.18,4.8,5462.0
2026-05-23,2,2643.0,4.08,15.87,2588.0,2844.0,1.4,4.99,5432.0
2026-05-23,3,2654.0,4.37,16.56,2615.0,2888.0,1.6,5.2,5503.0
2026-05-23,4,7373.0,4.7,17.86,1942.0,3875.0,1.63,4.65,5817.0
2026-05-23,5,7627.0,4.99,16.99,2802.0,5443.0,3.22,6.66,8244.0
2026-05-23,6,9527.0,5.05,15.75,4392.0,7560.0,5.23,9.91,11953.0
2026-05-23,7,10754.0,5.01,13.66,5329.0,9031.0,6.2,11.94,14360.0
2026-05-23,8,10726.0,4.89,13.06,5551.0,9450.0,5.98,11.93,15000.0
2026-05-23,9,11141.0,4.75,12.43,5638.0,9832.0,5.88,11.93,15471.0
2026-05-23,10,11148.0,4.59,12.21,5645.0,9590.0,5.04,11.17,15236.0
2026-05-23,11,11316.0,4.51,12.79,5760.0,9160.0,4.09,10.44,14920.0
2026-05-23,12,11284.0,4.45,12.64,5841.0,9031.0,3.64,10.16,14871.0
2026-05-23,13,11372.0,4.35,12.82,5819.0,8946.0,3.57,10.05,14765.0
2026-05-23,14,11379.0,4.21,12.93,5806.0,9052.0,3.59,10.04,14858.0
2026-05-23,15,11370.0,4.1,13.02,5769.0,9061.0,3.72,10.11,14830.0
2026-05-23,16,11222.0,4.13,12.33,5754.0,9142.0,4.15,10.5,14897.0
2026-05-23,17,10936.0,3.98,11.72,5646.0,9246.0,5.02,11.18,14893.0
2026-05-23,18,10916.0,4.07,11.59,5465.0,9059.0,5.49,11.44,14524.0
2026-05-23,19,10795.0,3.89,11.51,5486.0,9167.0,5.48,11.45,14653.0
2026-05-23,20,10115.0,3.76,11.69,5487.0,9150.0,5.48,11.45,14637.0
2026-05-23,21,9373.0,3.61,12.09,4968.0,8460.0,4.57,9.94,13429.0
2026-05-23,22,9305.0,3.39,13.33,5316.0,8130.0,3.38,9.25,13446.0
2026-05-23,23,9820.0,3.26,13.27,5216.0,7677.0,2.42,8.22,12893.0
2026-05-24,0,8462.0,3.23,12.95,3367.0,5146.0,0.88,4.81,8514.0
2026-05-24,1,8189.0,3.45,14.49,2989.0,4684.0,0.93,4.56,7673.0
2026-05-24,2,8245.0,3.65,16.06,2699.0,4413.0,1.12,4.56,7111.0
2026-05-24,3,8260.0,4.11,16.34,2538.0,4184.0,1.23,4.57,6722.0
2026-05-24,4,8169.0,4.73,15.97,2076.0,4029.0,1.63,4.69,6105.0
2026-05-24,5,6890.0,5.01,16.18,2669.0,5230.0,3.08,6.46,7899.0
2026-05-24,6,8759.0,4.93,16.3,4583.0,7790.0,5.25,10.12,12372.0
2026-05-24,7,10318.0,4.79,14.08,5075.0,8917.0,6.08,11.45,13992.0
2026-05-24,8,11300.0,4.8,12.89,5207.0,9297.0,5.86,11.44,14504.0
2026-05-24,9,11249.0,4.73,12.58,5384.0,9489.0,5.66,11.44,14874.0
2026-05-24,10,11185.0,4.73,12.43,5468.0,9251.0,4.94,10.92,14719.0
2026-05-24,11,11469.0,4.69,12.96,5633.0,9151.0,4.18,10.44,14784.0
2026-05-24,12,11682.0,4.68,13.72,5661.0,8954.0,3.61,9.96,14615.0
2026-05-24,13,11762.0,4.74,13.96,5620.0,8988.0,3.63,9.94,14608.0
2026-05-24,14,11493.0,4.78,14.17,5558.0,8992.0,3.72,9.95,14550.0
2026-05-24,15,10990.0,4.76,14.66,5569.0,8797.0,3.67,9.95,14366.0
2026-05-24,16,10931.0,4.73,14.28,5615.0,8912.0,3.96,10.3,14527.0
2026-05-24,17,10403.0,4.61,12.63,5262.0,8826.0,4.67,10.52,14088.0
2026-05-24,18,10234.0,4.39,12.06,5353.0,9015.0,5.41,11.33,14368.0
2026-05-24,19,9944.0,4.27,12.17,5385.0,9257.0,5.51,11.44,14642.0
2026-05-24,20,10168.0,3.92,11.86,5340.0,9299.0,5.59,11.45,14638.0
2026-05-24,21,9742.0,3.76,11.92,5194.0,8792.0,4.87,10.62,13986.0
2026-05-24,22,9211.0,3.56,13.75,4600.0,7420.0,3.42,8.51,12020.0
2026-05-24,23,9302.0,3.47,15.68,4307.0,6688.0,2.49,7.31,10995.0
2026-05-25,0,4511.0,3.51,15.08,2797.0,3525.0,1.09,4.82,6323.0
2026-05-25,1,2743.0,3.58,15.82,2335.0,2521.0,1.0,4.46,4857.0
2026-05-25,2,2803.0,4.29,16.86,2414.0,2606.0,1.26,4.75,5020.0
2026-05-25,3,2858.0,4.59,18.9,2623.0,2820.0,1.6,5.21,5443.0
2026-05-25,4,4949.0,4.72,21.42,1984.0,3875.0,1.85,4.92,5859.0
2026-05-25,5,6159.0,4.7,16.11,2280.0,5192.0,3.21,6.34,7472.0
2026-05-25,6,9093.0,4.72,14.43,4069.0,7756.0,5.01,9.39,11825.0
2026-05-25,7,10859.0,4.63,12.57,5236.0,9568.0,6.28,11.88,14804.0
2026-05-25,8,11145.0,4.52,12.12,5457.0,9663.0,6.03,11.94,15121.0
2026-05-25,9,11034.0,4.21,11.96,5583.0,9616.0,5.81,11.94,15199.0
2026-05-25,10,11076.0,3.92,12.03,5322.0,9102.0,4.82,10.69,14424.0
2026-05-25,11,11208.0,4.13,12.62,5732.0,9261.0,4.02,10.44,14993.0
2026-05-25,12,11669.0,4.1,13.71,5671.0,9115.0,3.6,9.95,14786.0
2026-05-25,13,11798.0,4.0,13.99,5748.0,9160.0,3.5,9.94,14908.0
2026-05-25,14,11764.0,4.01,14.08,5732.0,9010.0,3.51,9.94,14742.0
2026-05-25,15,11823.0,4.02,14.12,5667.0,8996.0,3.6,9.94,14663.0
2026-05-25,16,11592.0,4.09,13.39,5661.0,9201.0,3.95,10.2,14862.0
2026-05-25,17,11353.0,4.02,12.77,5589.0,9581.0,4.99,11.08,15169.0
2026-05-25,18,11267.0,4.0,12.63,5532.0,9419.0,5.44,11.45,14951.0
2026-05-25,19,10537.0,3.94,13.04,5470.0,9302.0,5.5,11.43,14772.0
2026-05-25,20,9351.0,3.61,13.88,5389.0,9347.0,5.63,11.44,14737.0
2026-05-25,21,9218.0,3.38,13.63,4960.0,8634.0,4.73,10.1,13594.0
2026-05-25,22,9245.0,3.09,13.49,4795.0,7866.0,3.57,8.78,12661.0
2026-05-25,23,9663.0,3.14,15.44,4257.0,6642.0,2.44,7.17,10899.0
2026-05-26,0,5988.0,3.28,17.17,2567.0,3543.0,0.97,4.46,6109.0
2026-05-26,1,2842.0,3.58,18.18,2372.0,2615.0,1.09,4.5,4987.0
2026-05-26,2,2868.0,3.97,18.4,2410.0,2641.0,1.24,4.67,5051.0
2026-05-26,3,2867.0,4.41,18.52,2422.0,2638.0,1.49,4.92,5059.0
2026-05-26,4,7109.0,4.75,15.9,1979.0,3866.0,1.66,4.68,5844.0
2026-05-26,5,6406.0,4.96,13.52,2496.0,5486.0,3.22,6.39,7982.0
2026-05-26,6,9369.0,4.79,12.59,4528.0,8330.0,5.19,9.93,12858.0
2026-05-26,7,11029.0,4.72,11.84,5485.0,9767.0,6.13,11.94,15251.0
2026-05-26,8,11055.0,4.61,11.8,5665.0,10000.0,5.89,11.94,15665.0
2026-05-26,9,10933.0,4.37,11.61,5676.0,10021.0,5.85,11.93,15697.0
2026-05-26,10,10973.0,4.19,11.69,5505.0,9482.0,4.86,10.8,14987.0
2026-05-26,11,11389.0,3.9,12.8,5799.0,9386.0,4.04,10.44,15186.0
2026-05-26,12,11572.0,4.06,13.44,5725.0,9214.0,3.59,9.96,14939.0
2026-05-26,13,11693.0,3.99,13.74,5788.0,9278.0,3.47,9.94,15066.0
2026-05-26,14,11698.0,3.98,13.81,5755.0,9314.0,3.52,9.94,15068.0
2026-05-26,15,11730.0,4.01,13.95,5735.0,9292.0,3.59,10.02,15027.0
2026-05-26,16,11412.0,3.94,13.1,5713.0,9350.0,3.96,10.35,15063.0
2026-05-26,17,11279.0,3.93,12.63,5493.0,9387.0,4.86,10.9,14881.0
2026-05-26,18,11235.0,3.95,12.56,5499.0,9547.0,5.37,11.39,15045.0
2026-05-26,19,11249.0,3.88,12.49,5449.0,9508.0,5.46,11.44,14957.0
2026-05-26,20,10984.0,3.79,12.23,5348.0,9415.0,5.53,11.39,14763.0
2026-05-26,21,9626.0,3.63,12.57,4822.0,8571.0,4.49,9.81,13393.0
2026-05-26,22,9704.0,3.5,11.36,5516.0,7795.0,3.68,8.61,13310.0
2026-05-26,23,8844.0,3.36,8.75,5610.0,6365.0,2.68,6.59,11975.0
2026-05-27,0,9450.0,3.5,12.12,3665.0,4525.0,1.04,4.25,8190.0
2026-05-27,1,8847.0,3.94,12.48,3069.0,4026.0,0.93,3.96,7095.0
2026-05-27,2,8534.0,4.43,13.82,2850.0,3770.0,0.99,3.96,6620.0
2026-05-27,3,8644.0,4.88,14.23,2882.0,3705.0,0.97,3.96,6587.0
2026-05-27,4,15089.0,5.14,13.38,2513.0,3955.0,1.37,4.23,6468.0
2026-05-27,5,19174.0,4.99,14.18,3149.0,5757.0,3.2,6.46,8906.0
2026-05-27,6,16887.0,5.03,12.54,4920.0,8450.0,5.22,10.12,13369.0
2026-05-27,7,9928.0,5.04,11.66,5499.0,9589.0,6.02,11.94,15088.0
2026-05-27,8,10674.0,4.74,10.74,5610.0,9851.0,5.85,11.93,15460.0
2026-05-27,9,10551.0,4.46,10.53,5693.0,9952.0,5.69,11.91,15645.0
2026-05-27,10,10780.0,4.03,11.1,5398.0,9140.0,4.51,10.44,14539.0
2026-05-27,11,11288.0,4.01,12.63,5882.0,9450.0,3.82,10.44,15332.0
2026-05-27,12,11492.0,4.0,13.09,5850.0,9153.0,3.36,9.95,15003.0
2026-05-27,13,11532.0,3.95,13.22,5862.0,9250.0,3.35,9.94,15112.0
2026-05-27,14,11499.0,3.83,13.44,5842.0,9212.0,3.4,9.95,15054.0
2026-05-27,15,11586.0,3.84,13.5,5818.0,9190.0,3.44,9.94,15007.0
2026-05-27,16,11525.0,3.82,13.38,5806.0,9240.0,3.8,10.27,15046.0
2026-05-27,17,10832.0,3.68,11.35,5611.0,9309.0,4.54,10.69,14919.0
2026-05-27,18,10667.0,3.51,10.92,5695.0,9651.0,5.26,11.44,15346.0
2026-05-27,19,10621.0,3.22,10.7,5551.0,9508.0,5.45,11.44,15060.0
2026-05-27,20,10693.0,3.08,10.83,5515.0,9396.0,5.48,11.42,14911.0
2026-05-27,21,11309.0,3.0,10.69,5225.0,8692.0,4.36,10.07,13918.0
2026-05-27,22,10424.0,3.07,12.87,4858.0,7599.0,3.0,8.31,12458.0
2026-05-27,23,9579.0,3.1,15.91,4392.0,6693.0,2.13,6.92,11085.0
2026-05-28,0,3785.0,3.19,16.28,2223.0,2699.0,0.43,3.76,4922.0
2026-05-28,1,2759.0,3.56,16.71,2510.0,2677.0,0.93,4.46,5187.0
2026-05-28,2,2809.0,3.91,17.44,2594.0,2757.0,1.14,4.71,5351.0
2026-05-28,3,2831.0,4.26,18.02,2646.0,2837.0,1.22,4.83,5483.0
2026-05-28,4,5523.0,4.31,17.74,2031.0,3981.0,1.46,4.52,6012.0
2026-05-28,5,8988.0,4.64,11.9,2786.0,5717.0,3.16,6.56,8503.0
2026-05-28,6,9821.0,4.78,13.07,4755.0,8541.0,5.16,10.12,13296.0
2026-05-28,7,11080.0,4.68,12.1,5577.0,9766.0,6.03,11.94,15343.0
2026-05-28,8,11088.0,4.54,11.99,5622.0,9780.0,5.95,11.94,15402.0
2026-05-28,9,11098.0,4.31,11.94,5671.0,9811.0,5.74,11.8,15481.0
2026-05-28,10,11251.0,4.15,12.46,5394.0,9280.0,4.65,10.44,14675.0
2026-05-28,11,11780.0,4.06,14.01,5897.0,9565.0,3.96,10.43,15462.0
2026-05-28,12,11835.0,4.03,14.16,5960.0,9381.0,3.59,10.19,15341.0
2026-05-28,13,11914.0,4.1,14.37,5830.0,9022.0,3.49,9.94,14851.0
2026-05-28,14,11892.0,4.17,14.33,5859.0,9164.0,3.48,9.94,15023.0
2026-05-28,15,11869.0,4.11,14.39,5797.0,9278.0,3.56,9.94,15075.0
2026-05-28,16,11707.0,4.14,13.74,5860.0,9558.0,3.96,10.4,15418.0
2026-05-28,17,11266.0,4.1,12.58,5767.0,9615.0,5.02,11.29,15382.0
2026-05-28,18,11138.0,4.08,12.32,5608.0,9520.0,5.4,11.44,15128.0
2026-05-28,19,10397.0,3.9,12.58,5588.0,9535.0,5.4,11.44,15123.0
2026-05-28,20,10408.0,3.68,12.42,5536.0,9595.0,5.47,11.43,15131.0
2026-05-28,21,10124.0,3.56,11.65,5043.0,8737.0,4.44,9.93,13780.0
2026-05-28,22,9937.0,3.48,11.08,4693.0,7689.0,3.45,8.58,12382.0
2026-05-28,23,9856.0,3.54,10.95,4450.0,7101.0,2.26,7.18,11551.0
2026-05-29,0,3837.0,3.57,15.55,2284.0,2970.0,0.59,3.98,5254.0
2026-05-29,1,2741.0,3.86,15.34,2059.0,2264.0,0.72,4.01,4323.0
2026-05-29,2,2761.0,4.2,15.91,2098.0,2306.0,1.0,4.31,4404.0
2026-05-29,3,2799.0,4.52,16.98,2238.0,2441.0,1.05,4.45,4679.0
2026-05-29,4,5957.0,4.75,18.29,1999.0,3939.0,1.51,4.58,5938.0
2026-05-29,5,7614.0,4.86,12.99,2864.0,5734.0,3.25,6.77,8597.0
2026-05-29,6,11083.0,4.97,12.24,5066.0,8957.0,5.33,10.79,14022.0
2026-05-29,7,11195.0,4.89,12.3,5389.0,9654.0,5.99,11.79,15043.0
2026-05-29,8,11063.0,4.75,12.1,5617.0,9959.0,5.84,11.94,15576.0
2026-05-29,9,10886.0,4.57,11.5,5671.0,9910.0,5.75,11.93,15581.0
2026-05-29,10,10698.0,4.32,10.91,5543.0,9530.0,4.85,10.94,15073.0
2026-05-29,11,10966.0,4.02,11.62,5849.0,9346.0,3.87,10.44,15195.0
2026-05-29,12,11336.0,3.99,12.69,5797.0,9003.0,3.4,9.96,14801.0
2026-05-29,13,11527.0,3.89,13.29,5771.0,9139.0,3.45,9.95,14910.0
2026-05-29,14,11414.0,3.85,12.92,5795.0,9245.0,3.42,9.95,15040.0
2026-05-29,15,11763.0,3.84,13.94,5739.0,9135.0,3.48,9.94,14874.0
2026-05-29,16,11424.0,3.71,12.97,5757.0,9235.0,3.97,10.42,14992.0
2026-05-29,17,11221.0,3.73,12.53,5498.0,9314.0,4.85,10.93,14812.0
2026-05-29,18,11144.0,3.62,12.22,5469.0,9384.0,5.44,11.43,14853.0
2026-05-29,19,11121.0,3.53,12.22,5424.0,9317.0,5.5,11.44,14740.0
2026-05-29,20,11107.0,3.44,12.13,5448.0,9325.0,5.48,11.44,14773.0
2026-05-29,21,10425.0,3.34,12.28,5133.0,8653.0,4.72,10.38,13786.0
2026-05-29,22,10193.0,3.36,12.8,4500.0,7286.0,3.28,8.25,11785.0
2026-05-29,23,8435.0,3.38,15.94,4200.0,6578.0,2.18,6.89,10778.0
2026-05-30,0,3826.0,3.44,15.75,2309.0,2759.0,0.61,4.05,5068.0
2026-05-30,1,2764.0,3.68,16.21,2378.0,2658.0,0.85,4.34,5036.0
2026-05-30,2,2825.0,4.08,17.76,2604.0,2897.0,1.13,4.77,5501.0
2026-05-30,3,2745.0,4.39,15.97,2407.0,2690.0,1.02,4.52,5096.0
2026-05-30,4,7082.0,4.7,15.51,2033.0,3842.0,1.42,4.48,5875.0
2026-05-30,5,7196.0,4.95,13.59,2958.0,5508.0,3.01,6.49,8466.0
2026-05-30,6,10309.0,4.91,11.99,4817.0,8231.0,5.15,10.26,13048.0
2026-05-30,7,10989.0,4.94,11.73,5446.0,9392.0,5.96,11.75,14838.0
2026-05-30,8,10836.0,4.65,11.32,5712.0,9799.0,5.8,11.94,15510.0
2026-05-30,9,10726.0,4.55,11.14,5846.0,9855.0,5.6,11.94,15700.0
2026-05-30,10,10720.0,4.17,10.92,5693.0,9405.0,4.73,10.9,15098.0
2026-05-30,11,10937.0,4.16,11.56,5850.0,9299.0,4.0,10.44,15149.0
2026-05-30,12,11370.0,3.93,12.89,5970.0,9321.0,3.69,10.33,15291.0
2026-05-30,13,11660.0,3.95,13.68,5732.0,8875.0,3.56,9.95,14607.0
2026-05-30,14,11717.0,4.02,14.0,5720.0,8897.0,3.59,9.94,14618.0
2026-05-30,15,11830.0,4.02,14.08,5694.0,8973.0,3.63,9.95,14667.0
2026-05-30,16,11502.0,4.06,13.23,5778.0,9217.0,3.95,10.33,14994.0
2026-05-30,17,11431.0,4.04,13.0,5596.0,9193.0,4.84,10.94,14788.0
2026-05-30,18,10889.0,4.02,13.19,5491.0,9099.0,5.42,11.39,14589.0
2026-05-30,19,10637.0,3.97,13.42,5485.0,9025.0,5.47,11.44,14511.0
2026-05-30,20,10494.0,3.87,13.04,5483.0,9203.0,5.51,11.45,14686.0
2026-05-30,21,10255.0,3.76,12.93,5179.0,8520.0,4.77,10.4,13698.0
2026-05-30,22,9311.0,3.67,15.69,4748.0,7648.0,3.48,8.64,12395.0
2026-05-30,23,7955.0,3.37,17.99,4117.0,6520.0,2.25,6.85,10637.0
2026-05-31,0,4811.0,3.51,18.02,2767.0,3659.0,0.93,4.61,6426.0
2026-05-31,1,2834.0,3.85,18.01,2477.0,3082.0,0.96,4.51,5558.0
2026-05-31,2,2847.0,4.28,18.4,2532.0,3139.0,1.29,4.87,5671.0
2026-05-31,3,2858.0,4.65,18.85,2588.0,3171.0,1.45,5.06,5759.0
2026-05-31,4,5501.0,4.87,18.41,2141.0,3846.0,1.64,4.78,5987.0
2026-05-31,5,7185.0,5.0,17.78,2504.0,5082.0,2.93,6.19,7587.0
2026-05-31,6,9522.0,5.11,16.0,4213.0,7488.0,4.92,9.38,11701.0
2026-05-31,7,10784.0,5.13,14.04,5053.0,8863.0,6.03,11.42,13916.0
2026-05-31,8,10684.0,5.06,13.46,5265.0,9191.0,5.75,11.43,14457.0
2026-05-31,9,10552.0,4.91,13.16,5430.0,9366.0,5.53,11.45,14796.0
2026-05-31,10,10495.0,4.74,12.87,5388.0,9185.0,4.84,10.74,14573.0
2026-05-31,11,10656.0,4.63,13.46,5626.0,9091.0,4.17,10.45,14717.0
2026-05-31,12,11089.0,4.47,14.7,5779.0,9036.0,3.91,10.44,14816.0
2026-05-31,13,11149.0,4.31,15.08,5754.0,8993.0,3.94,10.44,14747.0
2026-05-31,14,10482.0,4.34,16.43,5426.0,8562.0,3.85,9.95,13988.0
2026-05-31,15,9553.0,4.07,14.07,5476.0,8640.0,3.78,9.94,14116.0
2026-05-31,16,10319.0,3.82,15.2,5554.0,8676.0,4.11,10.36,14230.0
2026-05-31,17,10534.0,3.76,14.83,5292.0,8496.0,4.96,10.87,13789.0
2026-05-31,18,10865.0,3.79,14.16,5064.0,8587.0,5.34,10.94,13652.0
2026-05-31,19,11088.0,3.83,14.75,4971.0,8560.0,5.48,10.94,13531.0
2026-05-31,20,10635.0,3.85,16.4,4993.0,8657.0,5.44,10.94,13650.0
2026-05-31,21,9912.0,3.77,16.7,4933.0,8141.0,4.71,10.18,13074.0
2026-05-31,22,9291.0,3.69,17.48,4660.0,7517.0,3.77,8.95,12177.0
2026-05-31,23,8713.0,3.62,18.88,3971.0,6129.0,2.24,6.75,10100.0
2025-03-01,0,8325.0,3.28,17.08,2565.0,4680.0,1.32,3.95,7246.0
2025-03-01,1,8394.0,3.6,17.45,2439.0,4429.0,1.42,3.96,6867.0
2025-03-01,2,8602.0,4.02,18.8,2209.0,4016.0,1.58,3.96,6225.0
2025-03-01,3,8657.0,4.51,19.08,2059.0,3883.0,1.7,3.96,5942.0
2025-03-01,4,8894.0,5.03,19.26,1948.0,3872.0,1.83,4.0,5820.0
2025-03-01,5,10016.0,5.27,18.07,2893.0,5372.0,3.2,6.24,8265.0
2025-03-01,6,8094.0,4.96,16.33,4501.0,8114.0,5.51,10.6,12615.0
2025-03-01,7,8974.0,4.6,13.39,4775.0,9046.0,5.98,11.44,13821.0
2025-03-01,8,9381.0,4.23,12.09,4985.0,9467.0,5.63,11.43,14451.0
2025-03-01,9,9902.0,3.93,10.83,5109.0,9280.0,5.37,11.44,14389.0
2025-03-01,10,9965.0,3.66,10.97,5268.0,9284.0,4.93,11.34,14552.0
2025-03-01,11,10818.0,3.41,10.58,5379.0,9168.0,4.21,10.93,14547.0
2025-03-01,12,12265.0,3.41,9.63,5568.0,9264.0,3.92,10.93,14831.0
2025-03-01,13,12388.0,3.51,9.76,5574.0,9098.0,3.86,10.94,14672.0
2025-03-01,14,12432.0,3.62,9.85,5538.0,9046.0,3.9,10.91,14584.0
2025-03-01,15,12460.0,3.76,9.96,5525.0,9102.0,3.89,10.94,14626.0
2025-03-01,16,12429.0,3.88,10.0,5610.0,9215.0,4.11,11.32,14826.0
2025-03-01,17,10887.0,3.92,10.73,5326.0,9137.0,4.59,11.24,14463.0
2025-03-01,18,8928.0,3.6,12.43,5001.0,8946.0,5.23,11.24,13947.0
2025-03-01,19,10603.0,3.36,13.11,4927.0,8760.0,5.34,11.22,13687.0
2025-03-01,20,11114.0,3.35,14.82,4746.0,8603.0,5.34,10.87,13349.0
2025-03-01,21,8339.0,3.29,17.59,4059.0,7291.0,4.0,8.51,11350.0
2025-03-01,22,7358.0,3.03,20.14,4024.0,6798.0,2.98,7.45,10822.0
2025-03-01,23,7768.0,2.83,17.47,3625.0,5909.0,2.22,6.16,9534.0
2025-03-02,0,7821.0,2.92,15.51,2484.0,4387.0,1.36,3.97,6871.0
2025-03-02,1,7932.0,3.2,16.26,2338.0,4204.0,1.49,3.97,6543.0
2025-03-02,2,8499.0,3.57,17.64,2243.0,4054.0,1.54,3.96,6296.0
2025-03-02,3,8491.0,4.02,17.8,2082.0,3904.0,1.67,3.96,5986.0
2025-03-02,4,8421.0,4.49,17.49,2029.0,3962.0,1.91,4.15,5991.0
2025-03-02,5,8317.0,4.84,16.93,3034.0,5544.0,3.21,6.32,8578.0
2025-03-02,6,9792.0,4.95,16.23,4150.0,7629.0,5.24,9.8,11780.0
2025-03-02,7,9793.0,4.85,14.14,4797.0,8709.0,5.73,11.24,13506.0
2025-03-02,8,10522.0,4.74,12.64,4849.0,9044.0,5.67,11.23,13893.0
2025-03-02,9,10643.0,4.64,13.16,4948.0,9223.0,5.54,11.24,14170.0
2025-03-02,10,10604.0,4.53,12.95,5057.0,9098.0,5.0,10.94,14155.0
2025-03-02,11,10585.0,4.41,12.94,5349.0,9071.0,4.41,10.94,14420.0
2025-03-02,12,10598.0,4.26,12.88,5534.0,9121.0,4.03,10.93,14655.0
2025-03-02,13,10685.0,4.09,13.17,5553.0,9058.0,4.01,10.94,14611.0
2025-03-02,14,10817.0,3.95,13.63,5564.0,9159.0,4.01,10.94,14723.0
2025-03-02,15,10963.0,3.82,14.02,5548.0,9203.0,4.02,10.93,14751.0
2025-03-02,16,11453.0,3.71,13.69,5614.0,9182.0,4.08,11.14,14796.0
2025-03-02,17,12466.0,3.79,13.49,5406.0,9093.0,4.62,11.24,14499.0
2025-03-02,18,12169.0,3.97,13.83,5110.0,9023.0,5.18,11.24,14133.0
2025-03-02,19,10123.0,3.93,14.1,5012.0,8975.0,5.36,11.24,13987.0
2025-03-02,20,9924.0,3.76,14.45,5003.0,9089.0,5.4,11.24,14093.0
2025-03-02,21,9445.0,3.54,15.9,4661.0,8285.0,4.53,9.79,12946.0
2025-03-02,22,8389.0,3.36,17.7,4339.0,7320.0,3.35,8.15,11658.0
2025-03-02,23,7230.0,3.13,18.6,3804.0,6216.0,2.17,6.21,10020.0
2025-03-03,0,7473.0,3.11,18.25,2693.0,4661.0,1.34,4.07,7353.0
2025-03-03,1,7608.0,3.31,18.0,2458.0,4325.0,1.43,3.96,6783.0
2025-03-03,2,7653.0,3.59,18.36,2236.0,4122.0,1.61,3.96,6359.0
2025-03-03,3,7818.0,3.92,19.36,2130.0,4045.0,1.69,3.96,6175.0
2025-03-03,4,7839.0,4.28,19.39,2035.0,3954.0,1.75,3.96,5990.0
2025-03-03,5,7538.0,4.57,17.67,2404.0,4814.0,2.53,4.94,7217.0
2025-03-03,6,8043.0,4.61,15.71,3948.0,7751.0,4.98,9.29,11699.0
2025-03-03,7,10417.0,4.39,12.43,4955.0,9373.0,5.58,11.24,14327.0
2025-03-03,8,10295.0,4.21,12.06,5035.0,9452.0,5.4,11.25,14487.0
2025-03-03,9,10675.0,4.01,11.57,5001.0,9666.0,5.42,11.23,14667.0
2025-03-03,10,11495.0,3.93,10.98,5238.0,9656.0,5.0,11.24,14894.0
2025-03-03,11,11604.0,3.9,11.28,5410.0,9542.0,4.45,11.05,14952.0
2025-03-03,12,11581.0,3.86,11.29,5484.0,9250.0,4.12,10.94,14734.0
2025-03-03,13,11640.0,3.86,11.44,5521.0,9241.0,4.03,10.94,14761.0
2025-03-03,14,11928.0,3.86,12.11,5571.0,9337.0,3.9,10.94,14908.0
2025-03-03,15,11785.0,3.86,11.81,5543.0,9371.0,3.97,10.95,14915.0
2025-03-03,16,12148.0,3.87,12.65,5669.0,9540.0,4.09,11.32,15209.0
2025-03-03,17,11932.0,3.87,12.09,5448.0,9483.0,4.68,11.44,14931.0
2025-03-03,18,10630.0,3.81,11.3,5116.0,9302.0,5.24,11.44,14419.0
2025-03-03,19,9587.0,3.58,12.36,5106.0,9326.0,5.38,11.44,14432.0
2025-03-03,20,8182.0,3.08,13.52,5097.0,9353.0,5.37,11.44,14451.0
2025-03-03,21,9963.0,2.66,12.41,4553.0,8203.0,4.28,9.51,12756.0
2025-03-03,22,11078.0,2.83,13.18,4086.0,7251.0,3.22,7.76,11337.0
2025-03-03,23,7980.0,2.9,14.93,3569.0,6119.0,2.21,6.03,9688.0
2025-03-04,0,7691.0,2.92,13.5,2722.0,4810.0,1.39,4.21,7532.0
2025-03-04,1,7830.0,3.14,14.32,2308.0,4290.0,1.51,3.96,6598.0
2025-03-04,2,8202.0,3.5,16.02,2017.0,3886.0,1.72,3.96,5902.0
2025-03-04,3,8285.0,3.94,16.69,2028.0,3808.0,1.7,3.96,5836.0
2025-03-04,4,7895.0,4.35,15.92,2076.0,3929.0,1.82,4.1,6005.0
2025-03-04,5,9398.0,4.65,12.59,3560.0,6326.0,3.7,7.49,9886.0
2025-03-04,6,10037.0,4.76,12.72,4387.0,8086.0,5.25,10.16,12473.0
2025-03-04,7,11166.0,4.73,10.22,4789.0,9316.0,5.71,11.23,14105.0
2025-03-04,8,11502.0,4.7,9.83,4916.0,9337.0,5.47,11.24,14253.0
2025-03-04,9,12188.0,4.81,9.45,4893.0,9217.0,5.27,11.02,14110.0
2025-03-04,10,10815.0,4.9,10.21,4918.0,9020.0,4.78,10.6,13938.0
2025-03-04,11,9933.0,4.68,10.96,5364.0,9357.0,4.31,10.92,14721.0
2025-03-04,12,11029.0,4.43,11.93,5463.0,9291.0,3.92,10.74,14754.0
2025-03-04,13,11715.0,4.41,11.66,5497.0,9163.0,3.88,10.74,14660.0
2025-03-04,14,11947.0,4.44,12.12,5470.0,9093.0,3.91,10.74,14564.0
2025-03-04,15,11741.0,4.48,12.8,5524.0,9325.0,3.91,10.79,14848.0
2025-03-04,16,11035.0,4.37,14.76,5723.0,9487.0,4.13,11.34,15209.0
2025-03-04,17,10443.0,4.2,15.88,5483.0,9470.0,4.55,11.31,14953.0
2025-03-04,18,9875.0,3.92,16.18,5111.0,9216.0,5.12,11.24,14328.0
2025-03-04,19,9076.0,3.6,16.46,5125.0,9201.0,5.24,11.24,14326.0
2025-03-04,20,9041.0,3.22,16.4,4818.0,8937.0,5.24,10.76,13755.0
2025-03-04,21,9137.0,3.01,16.96,4140.0,7572.0,3.93,8.43,11712.0
2025-03-04,22,8484.0,2.95,17.87,3786.0,6731.0,2.9,6.92,10516.0
2025-03-04,23,8504.0,2.93,17.99,3646.0,6131.0,2.04,5.88,9777.0
2025-03-05,0,8076.0,3.06,15.41,2665.0,4860.0,1.31,4.04,7525.0
2025-03-05,1,8308.0,3.33,16.92,2469.0,4578.0,1.41,3.96,7047.0
2025-03-05,2,8487.0,3.7,17.93,2304.0,4212.0,1.52,3.96,6515.0
2025-03-05,3,8628.0,4.16,18.63,2118.0,3999.0,1.67,3.96,6116.0
2025-03-05,4,8347.0,4.63,17.1,2089.0,4095.0,1.79,4.05,6183.0
2025-03-05,5,8098.0,4.92,15.49,3313.0,6043.0,3.13,6.56,9356.0
2025-03-05,6,8261.0,4.73,14.63,4429.0,8362.0,4.95,9.84,12791.0
2025-03-05,7,11022.0,4.51,11.51,4872.0,9417.0,5.73,11.27,14289.0
2025-03-05,8,12511.0,4.64,10.22,5037.0,9696.0,5.45,11.24,14732.0
2025-03-05,9,12497.0,4.81,10.13,5017.0,9562.0,5.42,11.24,14580.0
2025-03-05,10,11049.0,4.88,11.32,5150.0,9313.0,4.68,10.75,14463.0
2025-03-05,11,10990.0,4.78,11.7,5422.0,9395.0,4.09,10.74,14816.0
2025-03-05,12,11100.0,4.66,12.03,5548.0,9388.0,3.85,10.74,14936.0
2025-03-05,13,11235.0,4.55,12.25,5600.0,9468.0,3.74,10.74,15068.0
2025-03-05,14,11222.0,4.45,12.32,5501.0,9141.0,3.87,10.73,14641.0
2025-03-05,15,11379.0,4.4,12.91,5505.0,9180.0,3.85,10.74,14685.0
2025-03-05,16,11689.0,4.35,13.86,5753.0,9653.0,4.04,11.38,15407.0
2025-03-05,17,11133.0,4.26,13.62,5488.0,9663.0,4.68,11.44,15151.0
2025-03-05,18,9712.0,4.01,12.82,5197.0,9419.0,5.15,11.44,14616.0
2025-03-05,19,9583.0,3.7,12.17,5156.0,9341.0,5.29,11.44,14497.0
2025-03-05,20,9025.0,3.35,12.35,5127.0,9287.0,5.31,11.43,14415.0
2025-03-05,21,8971.0,2.95,12.5,4921.0,8795.0,4.67,10.48,13715.0
2025-03-05,22,9291.0,2.71,13.79,4518.0,7836.0,3.35,8.52,12355.0
2025-03-05,23,9375.0,2.7,14.26,3861.0,6587.0,2.37,6.63,10448.0
2025-03-06,0,8284.0,2.91,14.12,2567.0,4717.0,1.26,3.95,7284.0
2025-03-06,1,8750.0,3.28,15.43,2302.0,4248.0,1.49,3.96,6550.0
2025-03-06,2,8765.0,3.78,17.24,2129.0,3963.0,1.62,3.96,6093.0
2025-03-06,3,8849.0,4.32,17.91,2077.0,3899.0,1.72,4.02,5976.0
2025-03-06,4,8757.0,4.88,18.61,2001.0,4101.0,1.95,4.18,6101.0
2025-03-06,5,8205.0,5.19,18.06,3152.0,5859.0,3.26,6.57,9011.0
2025-03-06,6,10145.0,5.07,15.12,4668.0,8599.0,5.44,10.85,13267.0
2025-03-06,7,10440.0,5.0,12.41,4767.0,9285.0,5.79,11.44,14052.0
2025-03-06,8,10291.0,4.82,11.81,4977.0,9510.0,5.55,11.44,14487.0
2025-03-06,9,10219.0,4.6,11.62,5000.0,9554.0,5.51,11.43,14554.0
2025-03-06,10,10149.0,4.36,11.35,5079.0,9247.0,4.99,11.08,14326.0
2025-03-06,11,10174.0,4.13,11.33,5381.0,9196.0,4.24,10.93,14577.0
2025-03-06,12,10839.0,3.92,11.18,5510.0,9224.0,3.98,10.94,14734.0
2025-03-06,13,11240.0,3.77,11.57,5543.0,9219.0,3.91,10.94,14763.0
2025-03-06,14,12864.0,3.83,10.89,5562.0,9288.0,3.88,10.94,14850.0
2025-03-06,15,12884.0,4.01,11.09,5564.0,9283.0,3.92,10.94,14847.0
2025-03-06,16,12269.0,4.14,12.19,5697.0,9508.0,4.02,11.33,15205.0
2025-03-06,17,12002.0,4.19,15.33,5499.0,9404.0,4.58,11.44,14902.0
2025-03-06,18,10335.0,4.09,16.0,5239.0,9358.0,5.12,11.44,14597.0
2025-03-06,19,9880.0,3.82,14.63,5179.0,9310.0,5.26,11.42,14488.0
2025-03-06,20,10053.0,3.53,13.9,5160.0,9216.0,5.3,11.44,14376.0
2025-03-06,21,10763.0,3.43,13.04,4575.0,8121.0,4.39,9.69,12696.0
2025-03-06,22,9094.0,3.44,16.04,4238.0,7323.0,3.28,7.94,11561.0
2025-03-06,23,7773.0,3.26,18.57,3876.0,6423.0,2.26,6.48,10299.0
2025-03-07,0,7590.0,3.25,17.17,2576.0,4642.0,1.32,3.99,7218.0
2025-03-07,1,7964.0,3.5,17.57,2440.0,4332.0,1.41,3.96,6771.0
2025-03-07,2,8128.0,3.84,18.41,2228.0,3934.0,1.57,3.96,6162.0
2025-03-07,3,8161.0,4.26,18.79,2059.0,3804.0,1.7,3.96,5863.0
2025-03-07,4,8031.0,4.68,17.67,2040.0,4001.0,1.73,3.96,6041.0
2025-03-07,5,7893.0,4.93,17.13,3315.0,5990.0,3.35,6.78,9305.0
2025-03-07,6,7879.0,4.72,16.79,4667.0,8396.0,5.24,10.46,13063.0
2025-03-07,7,9296.0,4.22,14.04,4976.0,9373.0,5.69,11.35,14349.0
2025-03-07,8,12727.0,4.21,11.16,5059.0,9581.0,5.39,11.23,14639.0
2025-03-07,9,12380.0,4.44,11.33,4900.0,9251.0,5.21,10.82,14150.0
2025-03-07,10,11723.0,4.59,11.56,5041.0,9091.0,4.62,10.55,14132.0
2025-03-07,11,11908.0,4.63,12.19,5493.0,9543.0,4.21,10.93,15036.0
2025-03-07,12,12051.0,4.64,12.49,5655.0,9585.0,3.9,10.93,15240.0
2025-03-07,13,12182.0,4.67,12.91,5666.0,9439.0,3.88,10.94,15104.0
2025-03-07,14,10991.0,4.64,14.21,5611.0,9367.0,3.93,10.93,14978.0
2025-03-07,15,10813.0,4.52,15.76,5610.0,9342.0,3.93,10.94,14952.0
2025-03-07,16,9853.0,4.24,16.24,5777.0,9653.0,4.17,11.44,15430.0
2025-03-07,17,9648.0,3.86,15.55,5531.0,9542.0,4.67,11.45,15072.0
2025-03-07,18,9597.0,3.54,15.19,5143.0,9132.0,5.35,11.44,14276.0
2025-03-07,19,9519.0,3.26,15.05,5120.0,9109.0,5.39,11.44,14229.0
2025-03-07,20,9596.0,2.99,15.02,5042.0,8957.0,5.52,11.44,13999.0
2025-03-07,21,9677.0,2.78,15.35,4524.0,8302.0,4.86,9.95,12826.0
2025-03-07,22,9612.0,2.76,15.31,3901.0,7099.0,3.58,7.76,11000.0
2025-03-07,23,9397.0,3.0,16.33,3151.0,5598.0,2.26,5.56,8749.0
2025-03-08,0,8383.0,3.32,17.22,2452.0,4432.0,1.41,3.96,6883.0
2025-03-08,1,7623.0,3.64,18.33,2161.0,4099.0,1.65,3.96,6260.0
2025-03-08,2,7711.0,3.99,18.9,2082.0,3823.0,1.82,4.1,5905.0
2025-03-08,3,7634.0,4.34,18.37,2111.0,3864.0,1.96,4.25,5974.0
2025-03-08,4,7596.0,4.68,18.36,2070.0,3952.0,2.17,4.42,6022.0
2025-03-08,5,8272.0,4.94,17.09,3167.0,5782.0,3.62,6.88,8949.0
2025-03-08,6,10567.0,5.01,15.83,4387.0,8094.0,5.57,10.49,12481.0
2025-03-08,7,10231.0,5.05,14.36,4680.0,8794.0,5.84,11.24,13473.0
2025-03-08,8,9517.0,4.85,14.83,4792.0,8946.0,5.57,11.15,13738.0
2025-03-08,9,10026.0,4.61,14.28,4814.0,8966.0,5.22,10.86,13780.0
2025-03-08,10,10574.0,4.54,13.09,4894.0,8930.0,4.66,10.48,13824.0
2025-03-08,11,10946.0,4.42,13.09,5381.0,9178.0,4.19,10.94,14560.0
2025-03-08,12,12026.0,4.41,12.4,5474.0,9056.0,4.02,10.94,14530.0
2025-03-08,13,11889.0,4.48,12.13,5448.0,8909.0,4.03,10.95,14357.0
2025-03-08,14,11724.0,4.56,12.36,5390.0,8684.0,3.99,10.81,14075.0
2025-03-08,15,9696.0,4.47,14.52,5354.0,8769.0,4.0,10.74,14123.0
2025-03-08,16,9536.0,4.15,14.94,5479.0,9046.0,4.2,11.15,14525.0
2025-03-08,17,9541.0,3.83,14.97,5141.0,8753.0,4.95,11.24,13895.0
2025-03-08,18,9582.0,3.58,15.19,4904.0,8620.0,5.38,11.21,13523.0
2025-03-08,19,10080.0,3.41,14.93,4849.0,8567.0,5.39,11.14,13416.0
2025-03-08,20,9771.0,3.33,15.11,4486.0,8152.0,5.25,10.32,12637.0
2025-03-08,21,8207.0,3.18,16.45,3770.0,6964.0,3.83,7.9,10734.0
2025-03-08,22,8144.0,3.09,17.82,3617.0,6482.0,2.86,6.77,10098.0
2025-03-08,23,7574.0,2.95,18.19,3664.0,6142.0,2.11,6.09,9806.0
2025-03-09,0,7332.0,2.93,16.42,2855.0,4853.0,1.38,4.35,7708.0
2025-03-09,1,8313.0,3.15,17.19,2398.0,4206.0,1.41,3.96,6604.0
2025-03-09,2,8636.0,3.58,18.56,2152.0,3897.0,1.59,3.96,6048.0
2025-03-09,3,8721.0,4.09,19.21,2059.0,3770.0,1.83,4.12,5829.0
2025-03-09,4,8677.0,4.61,19.03,1988.0,3978.0,2.0,4.21,5966.0
2025-03-09,5,8602.0,5.0,18.65,3033.0,5509.0,3.57,6.65,8542.0
2025-03-09,6,9294.0,5.04,16.74,4286.0,7666.0,5.61,10.35,11952.0
2025-03-09,7,9722.0,4.97,15.03,4772.0,8507.0,5.71,11.24,13280.0
2025-03-09,8,9494.0,4.77,14.66,4830.0,8809.0,5.62,11.24,13639.0
2025-03-09,9,9416.0,4.51,14.23,4840.0,8954.0,5.64,11.24,13794.0
2025-03-09,10,9671.0,4.22,13.8,5062.0,9021.0,5.07,11.07,14083.0
2025-03-09,11,10269.0,4.01,13.61,5333.0,9054.0,4.38,10.94,14387.0
2025-03-09,12,10728.0,3.85,13.34,5557.0,9087.0,3.99,10.94,14644.0
2025-03-09,13,10970.0,3.72,14.05,5563.0,9021.0,3.98,10.93,14584.0
2025-03-09,14,11155.0,3.63,14.79,5524.0,8988.0,4.06,10.94,14512.0
2025-03-09,15,11312.0,3.59,15.27,5516.0,8915.0,4.08,10.94,14431.0
2025-03-09,16,11803.0,3.59,14.34,5622.0,9108.0,4.17,11.23,14730.0
2025-03-09,17,11589.0,3.62,13.48,5196.0,8907.0,5.01,11.24,14103.0
2025-03-09,18,11362.0,3.68,12.78,4953.0,8802.0,5.44,11.23,13755.0
2025-03-09,19,11241.0,3.76,13.59,4909.0,8754.0,5.53,11.24,13663.0
2025-03-09,20,9702.0,3.64,15.69,4920.0,8856.0,5.53,11.24,13776.0
2025-03-09,21,9872.0,3.49,16.32,4591.0,7996.0,4.56,9.75,12586.0
2025-03-09,22,8497.0,3.37,18.55,4514.0,7425.0,3.53,8.59,11939.0
2025-03-09,23,8066.0,3.19,18.88,3817.0,6324.0,2.33,6.41,10142.0
2025-03-10,0,7901.0,3.23,17.66,2790.0,4705.0,1.43,4.3,7495.0
2025-03-10,1,8234.0,3.55,17.58,2345.0,4117.0,1.49,3.96,6462.0
2025-03-10,2,8337.0,3.96,18.06,2208.0,3981.0,1.6,3.96,6190.0
2025-03-10,3,8397.0,4.41,18.64,2054.0,3813.0,1.73,3.97,5867.0
2025-03-10,4,8318.0,4.9,18.08,1938.0,3841.0,2.0,4.16,5779.0
2025-03-10,5,11673.0,5.31,20.76,3089.0,5868.0,3.62,6.81,8957.0
2025-03-10,6,8617.0,5.11,18.67,4821.0,8601.0,5.7,11.14,13422.0
2025-03-10,7,9698.0,4.68,13.49,4770.0,9230.0,5.9,11.24,14000.0
2025-03-10,8,10489.0,4.54,12.6,4970.0,9500.0,5.58,11.24,14470.0
2025-03-10,9,10399.0,4.37,12.37,5033.0,9537.0,5.42,11.24,14570.0
2025-03-10,10,10385.0,4.19,12.25,5171.0,9260.0,4.8,10.87,14431.0
2025-03-10,11,10472.0,4.01,12.3,5491.0,9339.0,4.12,10.87,14829.0
2025-03-10,12,10528.0,3.78,12.64,5635.0,9396.0,3.89,10.94,15031.0
2025-03-10,13,10720.0,3.56,13.34,5640.0,9500.0,3.87,10.94,15140.0
2025-03-10,14,10934.0,3.38,14.0,5621.0,9367.0,3.9,10.94,14988.0
2025-03-10,15,12412.0,3.36,13.59,5599.0,9269.0,3.91,10.95,14868.0
2025-03-10,16,12447.0,3.47,13.53,5600.0,9377.0,3.95,11.02,14977.0
2025-03-10,17,12036.0,3.55,14.51,5463.0,9417.0,4.67,11.44,14879.0
2025-03-10,18,11030.0,3.51,14.45,5154.0,9283.0,5.27,11.44,14437.0
2025-03-10,19,10972.0,3.44,14.4,5018.0,9161.0,5.55,11.44,14179.0
2025-03-10,20,10183.0,3.34,13.57,4985.0,9077.0,5.58,11.44,14062.0
2025-03-10,21,9795.0,3.12,13.79,5023.0,8916.0,4.99,10.97,13939.0
2025-03-10,22,9641.0,2.96,15.7,4338.0,7428.0,3.51,8.41,11767.0
2025-03-10,23,9569.0,3.02,17.95,3891.0,6445.0,2.3,6.6,10335.0
2025-03-11,0,8303.0,3.23,14.88,2518.0,4673.0,1.28,3.93,7191.0
2025-03-11,1,8545.0,3.58,16.31,2421.0,4323.0,1.37,3.96,6744.0
2025-03-11,2,8671.0,4.02,16.78,2250.0,3946.0,1.5,3.96,6196.0
2025-03-11,3,8723.0,4.53,17.21,2149.0,3881.0,1.67,4.05,6030.0
2025-03-11,4,9039.0,5.04,17.53,2082.0,4027.0,1.89,4.2,6109.0
2025-03-11,5,11036.0,5.31,17.87,3098.0,5735.0,3.34,6.61,8833.0
2025-03-11,6,9814.0,5.04,14.28,4570.0,8464.0,5.46,10.72,13034.0
2025-03-11,7,10115.0,4.9,13.25,4790.0,9271.0,5.82,11.4,14061.0
2025-03-11,8,10434.0,4.74,12.33,4891.0,9304.0,5.46,11.24,14195.0
2025-03-11,9,11076.0,4.6,11.46,4914.0,9239.0,5.38,11.21,14153.0
2025-03-11,10,11572.0,4.64,11.0,4746.0,8829.0,4.77,10.34,13575.0
2025-03-11,11,11939.0,4.73,11.97,5079.0,9024.0,4.06,10.24,14104.0
2025-03-11,12,10776.0,4.71,13.26,5428.0,9171.0,3.87,10.72,14599.0
2025-03-11,13,10753.0,4.54,13.34,5458.0,9234.0,3.85,10.74,14693.0
2025-03-11,14,10779.0,4.38,13.56,5446.0,9112.0,3.87,10.74,14558.0
2025-03-11,15,10893.0,4.26,13.98,5454.0,9083.0,3.94,10.8,14537.0
2025-03-11,16,11029.0,4.13,14.57,5579.0,9435.0,4.02,11.08,15014.0
2025-03-11,17,10339.0,3.96,14.93,5371.0,9320.0,4.62,11.24,14691.0
2025-03-11,18,9405.0,3.63,14.73,5051.0,8994.0,5.21,11.24,14046.0
2025-03-11,19,9392.0,3.33,14.17,5022.0,8915.0,5.31,11.24,13937.0
2025-03-11,20,9392.0,3.03,14.05,4960.0,8994.0,5.39,11.24,13954.0
2025-03-11,21,9426.0,2.81,14.19,4447.0,8176.0,4.51,9.51,12623.0
2025-03-11,22,9846.0,2.76,15.0,4093.0,7307.0,3.34,7.83,11400.0
2025-03-11,23,9255.0,2.93,16.51,3527.0,6022.0,2.25,6.02,9549.0
2025-03-12,0,8166.0,3.14,15.95,2392.0,4501.0,1.4,3.92,6893.0
2025-03-12,1,8193.0,3.5,16.18,2079.0,4099.0,1.57,3.86,6177.0
2025-03-12,2,8293.0,3.94,17.23,1992.0,3893.0,1.76,3.99,5885.0
2025-03-12,3,8108.0,4.37,18.28,2120.0,3880.0,1.76,4.08,6000.0
2025-03-12,4,8022.0,4.78,17.7,2032.0,4078.0,1.93,4.17,6110.0
2025-03-12,5,8141.0,5.06,15.86,3218.0,6002.0,3.43,6.75,9220.0
2025-03-12,6,9967.0,5.02,14.0,4568.0,8531.0,5.28,10.42,13099.0
2025-03-12,7,9799.0,4.88,12.94,4811.0,9357.0,5.77,11.25,14167.0
2025-03-12,8,9821.0,4.65,12.57,4808.0,9354.0,5.72,11.23,14162.0
2025-03-12,9,10283.0,4.47,11.9,4813.0,9338.0,5.67,11.12,14151.0
2025-03-12,10,10189.0,4.33,11.48,4695.0,9033.0,4.88,10.23,13728.0
2025-03-12,11,10205.0,4.17,11.74,5214.0,9139.0,4.0,10.24,14354.0
2025-03-12,12,10560.0,4.01,12.87,5365.0,9048.0,3.68,10.24,14412.0
2025-03-12,13,10622.0,3.89,13.04,5365.0,8970.0,3.68,10.24,14334.0
2025-03-12,14,12564.0,3.9,12.17,5431.0,9174.0,3.76,10.5,14606.0
2025-03-12,15,13273.0,4.16,11.9,5562.0,9412.0,3.79,10.73,14974.0
2025-03-12,16,11486.0,4.28,13.28,5632.0,9553.0,4.23,11.3,15185.0
2025-03-12,17,10514.0,4.14,13.9,5234.0,9232.0,4.96,11.24,14466.0
2025-03-12,18,9361.0,3.89,14.05,5056.0,9116.0,5.24,11.24,14172.0
2025-03-12,19,9293.0,3.58,13.87,4971.0,9121.0,5.39,11.24,14093.0
2025-03-12,20,9229.0,3.26,13.49,4967.0,9212.0,5.42,11.24,14178.0
2025-03-12,21,8033.0,2.88,14.28,4541.0,8130.0,4.61,9.78,12671.0
2025-03-12,22,8132.0,2.57,15.86,4099.0,7020.0,3.31,7.84,11119.0
2025-03-12,23,8333.0,2.5,17.05,3530.0,5944.0,2.04,5.82,9474.0
2025-03-13,0,8110.0,2.65,15.72,2824.0,4891.0,1.39,4.31,7714.0
2025-03-13,1,8236.0,2.92,16.57,2433.0,4327.0,1.37,3.96,6759.0
2025-03-13,2,8393.0,3.32,17.5,2170.0,3978.0,1.58,3.96,6148.0
2025-03-13,3,9022.0,3.8,17.92,2113.0,3874.0,1.61,3.96,5987.0
2025-03-13,4,10992.0,4.59,14.32,2045.0,4059.0,1.76,4.04,6105.0
2025-03-13,5,8713.0,5.16,15.92,2877.0,5735.0,3.42,6.35,8612.0
2025-03-13,6,8407.0,5.11,14.26,4102.0,7941.0,5.19,9.71,12042.0
2025-03-13,7,9837.0,4.81,12.22,4743.0,9208.0,5.77,11.24,13951.0
2025-03-13,8,10326.0,4.64,11.86,4787.0,9390.0,5.68,11.24,14177.0
2025-03-13,9,10217.0,4.43,11.8,5051.0,9561.0,5.76,11.77,14611.0
2025-03-13,10,10343.0,4.2,12.13,5170.0,9277.0,4.87,11.17,14447.0
2025-03-13,11,10681.0,4.03,13.28,5335.0,9272.0,3.93,10.53,14607.0
2025-03-13,12,10993.0,3.87,13.36,5470.0,9178.0,3.88,10.74,14649.0
2025-03-13,13,11666.0,3.83,13.71,5487.0,9082.0,3.83,10.74,14569.0
2025-03-13,14,12172.0,3.87,13.43,5482.0,9007.0,3.82,10.74,14490.0
2025-03-13,15,12401.0,4.01,14.44,5522.0,9042.0,3.72,10.74,14564.0
2025-03-13,16,11780.0,4.02,15.52,5727.0,9800.0,4.48,11.92,15527.0
2025-03-13,17,11867.0,3.96,15.88,5402.0,9623.0,5.3,11.94,15025.0
2025-03-13,18,11885.0,3.97,16.05,5284.0,9390.0,5.45,11.93,14675.0
2025-03-13,19,9934.0,3.9,15.86,5255.0,9275.0,5.51,11.93,14530.0
2025-03-13,20,9609.0,3.51,15.37,5263.0,9167.0,5.5,11.94,14430.0
2025-03-13,21,9861.0,3.33,14.64,4560.0,8128.0,4.28,9.5,12688.0
2025-03-13,22,9782.0,3.31,14.21,4179.0,7211.0,3.19,7.86,11389.0
2025-03-13,23,8278.0,3.33,16.09,3782.0,6120.0,2.22,6.41,9902.0
2025-03-14,0,7607.0,3.37,15.54,2727.0,4654.0,1.19,4.03,7381.0
2025-03-14,1,8007.0,3.61,17.84,2513.0,4237.0,1.31,3.96,6750.0
2025-03-14,2,8086.0,3.94,18.32,2288.0,4033.0,1.5,3.96,6321.0
2025-03-14,3,7167.0,4.27,20.03,2056.0,3745.0,1.66,3.96,5801.0
2025-03-14,4,6882.0,4.51,18.35,1800.0,3891.0,1.88,3.98,5691.0
2025-03-14,5,7310.0,4.64,16.18,2738.0,5530.0,3.29,6.07,8268.0
2025-03-14,6,10130.0,4.64,14.36,5008.0,8894.0,5.74,11.58,13902.0
2025-03-14,7,9665.0,4.4,12.65,5212.0,9491.0,5.81,11.94,14703.0
2025-03-14,8,11086.0,4.17,11.38,5270.0,9664.0,5.7,11.94,14934.0
2025-03-14,9,11427.0,4.11,10.94,5234.0,9724.0,5.68,11.87,14957.0
2025-03-14,10,11337.0,4.08,10.81,5094.0,9305.0,4.81,10.8,14399.0
2025-03-14,11,11510.0,4.07,11.13,5406.0,9383.0,4.17,10.74,14789.0
2025-03-14,12,11554.0,4.06,11.29,5543.0,9156.0,3.89,10.74,14699.0
2025-03-14,13,11788.0,4.07,11.97,5573.0,9187.0,3.81,10.74,14760.0
2025-03-14,14,12171.0,4.14,13.06,5598.0,9271.0,3.76,10.74,14869.0
2025-03-14,15,12095.0,4.25,14.96,5575.0,9207.0,3.74,10.74,14782.0
2025-03-14,16,11280.0,4.23,15.6,5739.0,9414.0,4.16,11.39,15152.0
2025-03-14,17,11263.0,4.18,15.64,5404.0,9350.0,4.86,11.44,14755.0
2025-03-14,18,8796.0,4.0,17.24,5127.0,9202.0,5.35,11.44,14329.0
2025-03-14,19,8845.0,3.49,16.67,5057.0,9256.0,5.4,11.44,14313.0
2025-03-14,20,9565.0,3.14,16.03,5107.0,9281.0,5.41,11.44,14388.0
2025-03-14,21,9367.0,2.89,15.2,4553.0,8172.0,4.71,9.84,12725.0
2025-03-14,22,10113.0,2.85,14.62,4095.0,7275.0,3.39,7.86,11370.0
2025-03-14,23,10455.0,3.09,14.49,3680.0,6346.0,2.19,6.13,10026.0
2025-03-15,0,10196.0,3.54,13.53,2717.0,4819.0,1.29,4.06,7536.0
2025-03-15,1,7834.0,4.01,17.04,2448.0,4374.0,1.43,3.96,6822.0
2025-03-15,2,7200.0,4.24,18.79,2179.0,4041.0,1.62,3.96,6220.0
2025-03-15,3,6717.0,4.43,18.79,2163.0,3942.0,1.62,3.95,6105.0
2025-03-15,4,6537.0,4.59,17.6,1946.0,3919.0,1.8,3.99,5865.0
2025-03-15,5,9410.0,4.8,16.54,3176.0,5962.0,3.68,7.05,9138.0
2025-03-15,6,10056.0,5.03,16.45,4451.0,8160.0,5.68,10.63,12611.0
2025-03-15,7,9390.0,4.87,14.3,4702.0,8900.0,5.93,11.32,13602.0
2025-03-15,8,10203.0,4.66,12.86,4771.0,9208.0,5.7,11.24,13979.0
2025-03-15,9,11404.0,4.6,11.14,4801.0,9184.0,5.37,10.97,13985.0
2025-03-15,10,11482.0,4.68,10.84,4871.0,8913.0,4.79,10.57,13784.0
2025-03-15,11,10875.0,4.68,11.71,5298.0,9044.0,4.16,10.74,14342.0
2025-03-15,12,10444.0,4.52,12.45,5438.0,9055.0,3.84,10.73,14493.0
2025-03-15,13,10595.0,4.34,12.36,5397.0,9007.0,3.9,10.74,14404.0
2025-03-15,14,11779.0,4.3,11.64,5363.0,8986.0,3.96,10.74,14349.0
2025-03-15,15,10417.0,4.23,12.3,5380.0,9035.0,3.94,10.75,14414.0
2025-03-15,16,10186.0,4.01,11.59,5539.0,9300.0,4.26,11.36,14839.0
2025-03-15,17,9841.0,3.71,10.57,5231.0,9070.0,4.96,11.45,14301.0
2025-03-15,18,9849.0,3.46,10.49,5052.0,9046.0,5.34,11.43,14099.0
2025-03-15,19,10024.0,3.23,11.25,4985.0,8917.0,5.4,11.44,13902.0
2025-03-15,20,10618.0,3.11,13.1,4902.0,8743.0,5.54,11.44,13645.0
2025-03-15,21,10739.0,3.07,13.47,4829.0,8342.0,4.89,10.66,13171.0
2025-03-15,22,9891.0,3.11,14.64,4389.0,7357.0,3.5,8.6,11746.0
2025-03-15,23,8125.0,3.08,14.09,3832.0,6267.0,2.03,6.31,10099.0
2025-03-16,0,8228.0,3.02,15.21,3368.0,5598.0,1.74,5.36,8966.0
2025-03-16,1,8440.0,3.25,15.14,2513.0,4425.0,1.27,3.96,6938.0
2025-03-16,2,8713.0,3.64,16.64,2358.0,4135.0,1.4,3.96,6493.0
2025-03-16,3,8725.0,4.12,16.91,2137.0,3947.0,1.58,3.96,6084.0
2025-03-16,4,8715.0,4.63,16.63,2000.0,3984.0,1.96,4.22,5985.0
2025-03-16,5,8696.0,5.08,15.95,2339.0,4932.0,3.13,5.64,7272.0
2025-03-16,6,8918.0,5.16,17.74,4096.0,7586.0,5.54,10.08,11683.0
2025-03-16,7,9241.0,4.93,15.08,4648.0,8582.0,5.93,11.26,13230.0
2025-03-16,8,9335.0,4.68,13.99,4858.0,9017.0,5.71,11.44,13876.0
2025-03-16,9,9155.0,4.36,13.09,4904.0,9045.0,5.64,11.44,13949.0
2025-03-16,10,9637.0,4.07,12.46,4980.0,8879.0,4.88,10.78,13859.0
2025-03-16,11,10052.0,3.79,12.35,5371.0,9156.0,4.11,10.74,14527.0
2025-03-16,12,11271.0,3.65,12.07,5475.0,8885.0,3.87,10.74,14360.0
2025-03-16,13,11447.0,3.61,12.78,5465.0,8871.0,3.91,10.74,14336.0
2025-03-16,14,11808.0,3.63,13.95,5461.0,8991.0,3.95,10.74,14452.0
2025-03-16,15,13520.0,3.84,12.62,5406.0,8878.0,4.05,10.74,14284.0
2025-03-16,16,11934.0,4.17,13.71,5436.0,8952.0,4.25,11.01,14389.0
2025-03-16,17,9479.0,3.98,14.76,5197.0,8875.0,4.95,11.24,14072.0
2025-03-16,18,9310.0,3.7,13.98,4956.0,8738.0,5.41,11.24,13694.0
2025-03-16,19,9224.0,3.44,13.69,4941.0,8656.0,5.43,11.24,13597.0
2025-03-16,20,9269.0,3.18,13.69,4720.0,8572.0,5.34,10.74,13292.0
2025-03-16,21,9362.0,3.04,14.25,4166.0,7483.0,4.0,8.59,11649.0
2025-03-16,22,8650.0,3.04,16.56,3832.0,6719.0,2.86,7.0,10551.0
2025-03-16,23,8464.0,2.98,17.61,3882.0,6455.0,2.21,6.4,10337.0
2025-03-17,0,8269.0,3.03,16.63,3176.0,5260.0,1.54,4.78,8436.0
2025-03-17,1,8194.0,3.29,16.18,2451.0,4266.0,1.37,3.96,6717.0
2025-03-17,2,8298.0,3.67,16.89,2263.0,3992.0,1.51,3.96,6255.0
2025-03-17,3,8505.0,4.12,17.83,2205.0,3870.0,1.57,3.98,6075.0
2025-03-17,4,8476.0,4.6,17.88,2081.0,4021.0,1.87,4.16,6101.0
2025-03-17,5,8440.0,4.96,17.58,3067.0,5812.0,3.43,6.47,8879.0
2025-03-17,6,9463.0,4.93,15.56,4668.0,8551.0,5.46,10.66,13219.0
2025-03-17,7,10672.0,4.85,13.24,4786.0,9292.0,5.8,11.26,14078.0
2025-03-17,8,10422.0,4.74,12.47,4842.0,9374.0,5.63,11.24,14216.0
2025-03-17,9,10344.0,4.6,12.19,4899.0,9508.0,5.59,11.23,14407.0
2025-03-17,10,10324.0,4.4,11.82,5071.0,9493.0,5.02,11.0,14565.0
2025-03-17,11,10296.0,4.19,11.91,5422.0,9334.0,4.07,10.67,14756.0
2025-03-17,12,10493.0,3.96,12.37,5570.0,9320.0,3.79,10.75,14890.0
2025-03-17,13,10664.0,3.77,13.08,5584.0,9339.0,3.74,10.73,14923.0
2025-03-17,14,11681.0,3.64,12.61,5572.0,9370.0,3.78,10.74,14943.0
2025-03-17,15,12220.0,3.67,12.77,5594.0,9501.0,3.71,10.74,15095.0
2025-03-17,16,12280.0,3.72,12.86,5636.0,9412.0,4.06,11.19,15048.0
2025-03-17,17,12011.0,3.79,12.18,5292.0,9284.0,4.83,11.24,14577.0
2025-03-17,18,11785.0,3.86,11.63,5058.0,9126.0,5.28,11.24,14184.0
2025-03-17,19,9199.0,3.72,13.17,4943.0,9231.0,5.37,11.23,14174.0
2025-03-17,20,9124.0,3.34,13.14,4882.0,9223.0,5.49,11.24,14104.0
2025-03-17,21,9260.0,3.06,13.65,4436.0,8123.0,4.55,9.64,12560.0
2025-03-17,22,9774.0,2.93,15.83,4503.0,7843.0,3.6,8.85,12346.0
2025-03-17,23,8954.0,2.94,17.57,3764.0,6404.0,2.38,6.55,10168.0
2025-03-18,0,8120.0,3.05,15.86,2580.0,4755.0,1.49,4.23,7334.0
2025-03-18,1,8310.0,3.38,17.04,2269.0,4340.0,1.53,3.96,6610.0
2025-03-18,2,8565.0,3.79,18.38,2163.0,4117.0,1.6,3.96,6280.0
2025-03-18,3,8597.0,4.28,18.79,2021.0,3918.0,1.69,3.96,5939.0
2025-03-18,4,8415.0,4.78,17.55,1848.0,3878.0,1.92,4.06,5726.0
2025-03-18,5,8270.0,5.12,15.88,3219.0,6096.0,3.62,6.98,9315.0
2025-03-18,6,8127.0,4.87,15.95,4789.0,8669.0,5.69,11.24,13458.0
2025-03-18,7,9107.0,4.45,13.94,4768.0,9155.0,5.75,11.23,13924.0
2025-03-18,8,11374.0,4.27,11.79,4835.0,9196.0,5.6,11.24,14032.0
2025-03-18,9,11706.0,4.33,11.43,4902.0,9260.0,5.54,11.24,14162.0
2025-03-18,10,11588.0,4.37,11.28,4982.0,9186.0,4.91,10.85,14169.0
2025-03-18,11,11973.0,4.42,12.13,5334.0,9164.0,4.12,10.73,14498.0
2025-03-18,12,12044.0,4.47,12.22,5463.0,9070.0,3.86,10.74,14533.0
2025-03-18,13,11902.0,4.52,12.11,5469.0,9153.0,3.75,10.67,14622.0
2025-03-18,14,10611.0,4.42,12.92,5494.0,9269.0,3.84,10.74,14763.0
2025-03-18,15,10799.0,4.23,13.55,5482.0,9231.0,3.84,10.74,14713.0
2025-03-18,16,10670.0,4.07,13.15,5412.0,9119.0,3.96,10.74,14531.0
2025-03-18,17,10783.0,3.91,13.63,5330.0,9280.0,4.8,11.33,14610.0
2025-03-18,18,11300.0,3.81,13.91,5121.0,9226.0,5.34,11.43,14347.0
2025-03-18,19,11208.0,3.81,13.54,5025.0,9249.0,5.48,11.43,14274.0
2025-03-18,20,10840.0,3.73,13.71,5010.0,9179.0,5.55,11.44,14190.0
2025-03-18,21,10630.0,3.69,12.95,4459.0,8211.0,4.77,9.77,12670.0
2025-03-18,22,8726.0,3.68,14.54,4283.0,7463.0,3.75,8.52,11746.0
2025-03-18,23,7543.0,3.44,13.04,3989.0,6603.0,2.25,6.63,10592.0
2025-03-19,0,7396.0,3.34,16.48,2626.0,4691.0,1.32,4.06,7316.0
2025-03-19,1,7609.0,3.55,18.0,2227.0,4263.0,1.58,3.96,6490.0
2025-03-19,2,7686.0,3.88,18.5,1949.0,3778.0,1.75,3.96,5728.0
2025-03-19,3,7735.0,4.25,18.86,2074.0,3798.0,1.66,3.96,5872.0
2025-03-19,4,7566.0,4.6,17.67,1857.0,3915.0,1.87,4.0,5772.0
2025-03-19,5,7856.0,4.85,15.64,2952.0,5815.0,3.72,6.78,8767.0
2025-03-19,6,8223.0,4.74,15.49,4323.0,8207.0,5.55,10.28,12530.0
2025-03-19,7,9773.0,4.43,13.46,4714.0,9190.0,5.9,11.24,13903.0
2025-03-19,8,11577.0,4.38,11.2,4857.0,9363.0,5.61,11.18,14220.0
2025-03-19,9,11571.0,4.42,11.1,4858.0,9306.0,5.59,11.13,14164.0
2025-03-19,10,11585.0,4.51,11.06,4795.0,8843.0,4.81,10.3,13638.0
2025-03-19,11,11597.0,4.57,11.15,5416.0,9323.0,4.08,10.74,14739.0
2025-03-19,12,11904.0,4.56,11.97,5570.0,9406.0,3.8,10.74,14977.0
2025-03-19,13,11787.0,4.56,11.62,5599.0,9336.0,3.77,10.74,14935.0
2025-03-19,14,11730.0,4.57,12.02,5588.0,9200.0,3.75,10.75,14788.0
2025-03-19,15,9445.0,4.39,13.98,5561.0,9193.0,3.77,10.74,14753.0
2025-03-19,16,9474.0,4.01,14.76,5548.0,9483.0,4.28,11.2,15031.0
2025-03-19,17,9536.0,3.65,14.87,5212.0,9445.0,5.03,11.24,14656.0
2025-03-19,18,9530.0,3.33,14.65,5049.0,9134.0,5.29,11.24,14183.0
2025-03-19,19,9394.0,3.06,14.28,5006.0,8992.0,5.41,11.24,13998.0
2025-03-19,20,10176.0,2.81,13.68,4949.0,9050.0,5.45,11.24,13999.0
2025-03-19,21,10583.0,2.77,13.56,4381.0,8092.0,4.74,9.59,12473.0
2025-03-19,22,9791.0,2.9,13.96,4008.0,7103.0,3.58,7.91,11111.0
2025-03-19,23,8143.0,2.89,16.01,3534.0,5827.0,2.13,5.93,9361.0
2025-03-20,0,8210.0,3.04,16.58,2644.0,4697.0,1.4,4.14,7342.0
2025-03-20,1,8390.0,3.38,17.28,2454.0,4226.0,1.37,3.96,6680.0
2025-03-20,2,8526.0,3.8,18.11,2218.0,3929.0,1.55,3.96,6148.0
2025-03-20,3,8606.0,4.3,18.73,2152.0,3877.0,1.66,4.02,6029.0
2025-03-20,4,8129.0,4.76,15.98,2038.0,4127.0,1.84,4.08,6166.0
2025-03-20,5,8222.0,5.02,16.56,3379.0,6344.0,3.84,7.37,9723.0
2025-03-20,6,8835.0,4.9,16.21,4130.0,8046.0,5.41,9.94,12176.0
2025-03-20,7,10568.0,4.79,12.9,4733.0,9198.0,5.88,11.35,13931.0
2025-03-20,8,10910.0,4.7,12.29,4777.0,9318.0,5.72,11.24,14095.0
2025-03-20,9,11698.0,4.71,11.53,4800.0,9381.0,5.55,11.14,14182.0
2025-03-20,10,11663.0,4.79,11.77,4938.0,9130.0,4.87,10.73,14068.0
2025-03-20,11,10590.0,4.76,13.17,5263.0,9094.0,4.18,10.74,14357.0
2025-03-20,12,10574.0,4.61,12.97,5417.0,9132.0,3.89,10.74,14549.0
2025-03-20,13,10628.0,4.43,13.15,5437.0,9208.0,3.88,10.74,14645.0
2025-03-20,14,10641.0,4.26,13.21,5425.0,9191.0,3.86,10.74,14616.0
2025-03-20,15,10681.0,4.09,13.29,5435.0,9269.0,3.87,10.77,14705.0
2025-03-20,16,10638.0,3.9,13.21,5532.0,9380.0,4.16,11.23,14912.0
2025-03-20,17,11289.0,3.75,12.79,5233.0,9116.0,4.79,11.24,14349.0
2025-03-20,18,10739.0,3.77,13.13,4950.0,9045.0,5.32,11.24,13995.0
2025-03-20,19,9226.0,3.51,13.73,4825.0,8894.0,5.53,11.24,13719.0
2025-03-20,20,9061.0,3.19,13.62,4806.0,8963.0,5.49,11.17,13769.0
2025-03-20,21,7877.0,2.83,14.59,4015.0,7566.0,4.13,8.53,11581.0
2025-03-20,22,8133.0,2.67,15.92,3523.0,6427.0,2.94,6.75,9950.0
2025-03-20,23,7727.0,2.58,13.92,3851.0,6408.0,2.23,6.43,10259.0
2025-03-21,0,7292.0,2.44,11.76,2844.0,4984.0,1.43,4.43,7828.0
2025-03-21,1,8307.0,2.69,16.98,2328.0,4242.0,1.43,3.96,6571.0
2025-03-21,2,8369.0,3.09,17.48,2118.0,4045.0,1.61,3.96,6163.0
2025-03-21,3,8222.0,3.53,16.44,2058.0,4013.0,1.64,3.96,6071.0
2025-03-21,4,7878.0,3.9,14.58,1904.0,4105.0,1.78,3.97,6009.0
2025-03-21,5,10908.0,4.41,14.14,2710.0,5447.0,3.39,6.22,8156.0
2025-03-21,6,11615.0,4.92,11.75,4610.0,8507.0,5.71,11.02,13117.0
2025-03-21,7,10433.0,4.92,12.5,4711.0,9072.0,5.93,11.36,13783.0
2025-03-21,8,10324.0,4.79,12.15,4790.0,9227.0,5.69,11.24,14017.0
2025-03-21,9,10373.0,4.63,12.3,4861.0,9303.0,5.54,11.24,14165.0
2025-03-21,10,10285.0,4.49,11.91,4810.0,8893.0,4.87,10.49,13702.0
2025-03-21,11,10273.0,4.35,12.07,5252.0,8937.0,4.01,10.43,14189.0
2025-03-21,12,10329.0,4.17,12.19,5405.0,8926.0,3.7,10.44,14331.0
2025-03-21,13,10458.0,4.0,12.53,5400.0,8839.0,3.71,10.44,14239.0
2025-03-21,14,10821.0,3.86,13.79,5409.0,9008.0,3.72,10.44,14418.0
2025-03-21,15,10934.0,3.76,14.12,5471.0,9048.0,3.66,10.44,14519.0
2025-03-21,16,10884.0,3.63,13.91,5623.0,9291.0,4.14,11.23,14914.0
2025-03-21,17,11206.0,3.51,13.51,5277.0,9125.0,4.84,11.24,14402.0
2025-03-21,18,11490.0,3.52,13.03,5045.0,9095.0,5.32,11.25,14140.0
2025-03-21,19,11403.0,3.56,12.95,5034.0,8992.0,5.32,11.24,14027.0
2025-03-21,20,10196.0,3.55,14.11,4988.0,8905.0,5.39,11.25,13893.0
2025-03-21,21,8901.0,3.26,15.34,4633.0,8244.0,4.78,10.08,12877.0
2025-03-21,22,8877.0,3.07,15.16,4198.0,7260.0,3.55,8.14,11459.0
2025-03-21,23,8449.0,3.04,17.34,3581.0,5893.0,2.12,5.94,9473.0
2025-03-22,0,8331.0,3.22,16.99,2675.0,4565.0,1.22,4.0,7241.0
2025-03-22,1,8353.0,3.56,17.23,2414.0,4254.0,1.41,3.96,6667.0
2025-03-22,2,8053.0,3.96,17.73,2287.0,4082.0,1.5,3.96,6368.0
2025-03-22,3,7578.0,4.28,17.96,2156.0,3985.0,1.62,3.98,6141.0
2025-03-22,4,7433.0,4.6,16.96,2049.0,4062.0,1.83,4.1,6112.0
2025-03-22,5,8500.0,4.82,16.68,3182.0,5888.0,3.51,6.74,9070.0
2025-03-22,6,10041.0,4.92,14.39,4740.0,8416.0,5.63,11.0,13156.0
2025-03-22,7,9922.0,4.81,13.65,4820.0,8882.0,5.81,11.24,13702.0
2025-03-22,8,9753.0,4.65,12.92,4860.0,9016.0,5.72,11.24,13876.0
2025-03-22,9,9598.0,4.42,12.46,5009.0,9194.0,5.46,11.23,14202.0
2025-03-22,10,9650.0,4.16,12.52,5118.0,9167.0,4.77,10.77,14285.0
2025-03-22,11,10768.0,3.94,12.14,5415.0,9364.0,4.11,10.74,14779.0
2025-03-22,12,11187.0,3.85,12.17,5534.0,9090.0,3.87,10.74,14625.0
2025-03-22,13,11204.0,3.81,12.29,5544.0,8986.0,3.84,10.74,14530.0
2025-03-22,14,11304.0,3.77,12.4,5532.0,8993.0,3.84,10.74,14525.0
2025-03-22,15,11161.0,3.72,12.23,5551.0,9187.0,3.8,10.74,14738.0
2025-03-22,16,11613.0,3.65,11.81,5621.0,9410.0,4.15,11.23,15031.0
2025-03-22,17,11828.0,3.66,11.78,5265.0,8985.0,4.87,11.24,14250.0
2025-03-22,18,11876.0,3.77,11.8,4958.0,8785.0,5.42,11.24,13742.0
2025-03-22,19,11489.0,3.9,12.08,4915.0,8771.0,5.48,11.24,13687.0
2025-03-22,20,9265.0,3.77,13.69,4868.0,8770.0,5.56,11.24,13638.0
2025-03-22,21,9453.0,3.55,14.69,4428.0,8002.0,4.62,9.62,12430.0
2025-03-22,22,9861.0,3.52,16.48,4159.0,7310.0,3.38,8.0,11470.0
2025-03-22,23,8977.0,3.57,18.21,3931.0,6627.0,2.3,6.69,10558.0
2025-03-23,0,7840.0,3.53,17.52,3641.0,6036.0,1.94,5.95,9678.0
2025-03-23,1,7897.0,3.62,16.83,2529.0,4424.0,1.3,3.98,6953.0
2025-03-23,2,8188.0,3.94,18.73,2203.0,4050.0,1.55,3.96,6253.0
2025-03-23,3,8248.0,4.37,19.31,2104.0,3927.0,1.63,3.96,6031.0
2025-03-23,4,8246.0,4.81,19.06,1933.0,3935.0,1.81,4.02,5868.0
2025-03-23,5,7525.0,5.11,19.8,2713.0,5430.0,3.35,6.15,8142.0
2025-03-23,6,10080.0,5.05,14.9,4467.0,8066.0,5.72,10.8,12532.0
2025-03-23,7,10702.0,5.11,13.39,4546.0,8447.0,6.08,11.24,12993.0
2025-03-23,8,10494.0,5.1,12.78,4656.0,8773.0,5.89,11.23,13429.0
2025-03-23,9,10403.0,5.02,12.35,4762.0,8973.0,5.67,11.24,13735.0
2025-03-23,10,10400.0,4.91,12.35,4922.0,8822.0,4.86,10.76,13744.0
2025-03-23,11,10480.0,4.78,12.74,5293.0,8909.0,4.1,10.74,14202.0
2025-03-23,12,10507.0,4.62,12.8,5455.0,8978.0,3.84,10.74,14433.0
2025-03-23,13,10610.0,4.46,13.0,5359.0,8841.0,3.91,10.75,14200.0
2025-03-23,14,10662.0,4.33,13.08,5388.0,8814.0,3.93,10.74,14202.0
2025-03-23,15,10904.0,4.22,14.03,5385.0,8877.0,3.96,10.73,14263.0
2025-03-23,16,11011.0,4.11,14.16,5566.0,9120.0,4.13,11.21,14686.0
2025-03-23,17,10885.0,4.01,13.87,5203.0,8980.0,4.87,11.24,14183.0
2025-03-23,18,10575.0,3.92,12.88,4912.0,8790.0,5.4,11.24,13701.0
2025-03-23,19,9516.0,3.75,13.68,4826.0,8739.0,5.57,11.23,13565.0
2025-03-23,20,9450.0,3.51,14.09,4828.0,8687.0,5.56,11.24,13515.0
2025-03-23,21,10059.0,3.34,14.41,4430.0,7867.0,4.81,9.87,12297.0
2025-03-23,22,8992.0,3.37,16.17,4024.0,7069.0,3.43,7.88,11093.0
2025-03-23,23,7737.0,3.23,17.81,3642.0,6246.0,2.11,6.07,9888.0
2025-03-24,0,7891.0,3.27,16.92,2603.0,4558.0,1.29,4.03,7161.0
2025-03-24,1,8100.0,3.58,17.84,2379.0,4176.0,1.43,3.96,6555.0
2025-03-24,2,8146.0,3.97,18.05,2085.0,3866.0,1.65,3.96,5950.0
2025-03-24,3,7652.0,4.42,19.67,1961.0,3725.0,1.73,3.96,5686.0
2025-03-24,4,6677.0,4.68,19.64,1869.0,3869.0,1.86,4.01,5738.0
2025-03-24,5,7889.0,4.87,15.94,2911.0,5560.0,3.4,6.42,8472.0
2025-03-24,6,9008.0,4.86,14.36,4382.0,8194.0,5.2,10.03,12576.0
2025-03-24,7,9595.0,4.61,13.08,4826.0,9226.0,5.79,11.23,14052.0
2025-03-24,8,10095.0,4.37,12.33,4969.0,9448.0,5.42,11.24,14417.0
2025-03-24,9,10266.0,4.17,11.87,5183.0,9421.0,5.29,11.23,14604.0
2025-03-24,10,10208.0,3.96,11.68,5147.0,9322.0,4.69,10.74,14469.0
2025-03-24,11,10735.0,3.74,11.4,5516.0,9576.0,3.96,10.73,15091.0
2025-03-24,12,11650.0,3.64,10.98,5622.0,9490.0,3.74,10.74,15112.0
2025-03-24,13,12621.0,3.7,10.34,5624.0,9453.0,3.74,10.74,15077.0
2025-03-24,14,12787.0,3.87,10.82,5580.0,9290.0,3.84,10.73,14870.0
2025-03-24,15,13186.0,4.11,11.68,5598.0,9343.0,3.75,10.74,14941.0
2025-03-24,16,10536.0,4.16,13.44,5749.0,9727.0,4.09,11.41,15476.0
2025-03-24,17,9342.0,3.76,13.16,5337.0,9334.0,4.7,11.24,14670.0
2025-03-24,18,11291.0,3.57,11.86,5178.0,9193.0,5.09,11.24,14371.0
2025-03-24,19,10257.0,3.51,12.5,4967.0,9052.0,5.4,11.24,14019.0
2025-03-24,20,9064.0,3.25,13.11,4878.0,9051.0,5.39,11.08,13929.0
2025-03-24,21,9071.0,3.05,13.09,3877.0,7403.0,3.89,8.08,11280.0
2025-03-24,22,7907.0,2.98,14.82,3681.0,6680.0,2.86,6.83,10361.0
2025-03-24,23,8281.0,2.89,17.04,3605.0,6192.0,2.07,5.92,9798.0
2025-03-25,0,8080.0,3.03,15.93,2725.0,4902.0,1.33,4.17,7627.0
2025-03-25,1,8399.0,3.32,15.9,2392.0,4439.0,1.4,3.96,6830.0
2025-03-25,2,9134.0,3.84,19.03,2174.0,3968.0,1.56,3.97,6142.0
2025-03-25,3,8872.0,4.4,20.49,2114.0,3912.0,1.74,4.1,6026.0
2025-03-25,4,8641.0,4.93,19.22,1997.0,4138.0,1.98,4.24,6135.0
2025-03-25,5,11591.0,5.32,16.53,2734.0,5747.0,3.57,6.42,8481.0
2025-03-25,6,9863.0,5.21,14.87,4237.0,8386.0,5.62,10.33,12624.0
2025-03-25,7,9153.0,4.89,13.26,4659.0,9201.0,5.88,11.23,13860.0
2025-03-25,8,9063.0,4.53,12.59,4757.0,9370.0,5.69,11.24,14127.0
2025-03-25,9,10035.0,4.23,11.12,4609.0,9250.0,5.87,11.2,13859.0
2025-03-25,10,10290.0,4.11,11.0,4755.0,8991.0,5.15,10.74,13746.0
2025-03-25,11,10490.0,3.96,11.36,5290.0,9207.0,4.14,10.73,14497.0
2025-03-25,12,10563.0,3.77,11.64,5450.0,9141.0,3.82,10.75,14591.0
2025-03-25,13,11348.0,3.62,11.35,5490.0,9144.0,3.71,10.74,14634.0
2025-03-25,14,12256.0,3.66,11.0,5521.0,9281.0,3.69,10.74,14802.0
2025-03-25,15,12337.0,3.73,11.26,5517.0,9293.0,3.7,10.74,14809.0
2025-03-25,16,12630.0,3.85,11.92,5323.0,9096.0,4.08,10.74,14418.0
2025-03-25,17,12412.0,4.02,12.04,5189.0,9236.0,4.99,11.39,14425.0
2025-03-25,18,11415.0,4.08,13.06,5016.0,9150.0,5.36,11.44,14165.0
2025-03-25,19,9746.0,3.96,14.19,4939.0,9102.0,5.51,11.44,14041.0
2025-03-25,20,9440.0,3.64,14.33,4892.0,9097.0,5.52,11.34,13990.0
2025-03-25,21,9520.0,3.42,14.56,4360.0,8003.0,4.46,9.45,12362.0
2025-03-25,22,9657.0,3.37,16.57,4253.0,7318.0,3.52,8.33,11571.0
2025-03-25,23,8510.0,3.33,18.11,3800.0,6347.0,2.23,6.43,10146.0
2025-03-26,0,7512.0,3.41,14.18,2608.0,4696.0,1.21,3.96,7303.0
2025-03-26,1,7136.0,3.53,14.8,2365.0,4393.0,1.41,3.96,6758.0
2025-03-26,2,7603.0,3.74,17.41,2208.0,4121.0,1.53,3.95,6329.0
2025-03-26,3,7729.0,4.05,18.28,2084.0,3926.0,1.62,3.95,6010.0
2025-03-26,4,7541.0,4.38,17.2,1880.0,3931.0,1.77,3.96,5811.0
2025-03-26,5,8617.0,4.68,15.31,3084.0,5888.0,3.53,6.69,8972.0
2025-03-26,6,9512.0,4.75,13.63,4168.0,8011.0,5.38,9.93,12179.0
2025-03-26,7,9576.0,4.58,12.27,4680.0,9269.0,6.15,11.43,13949.0
2025-03-26,8,9351.0,4.3,11.48,4784.0,9435.0,6.03,11.43,14219.0
2025-03-26,9,9456.0,3.97,11.07,4873.0,9351.0,5.9,11.44,14224.0
2025-03-26,10,11612.0,3.84,9.8,5032.0,9304.0,5.08,10.98,14336.0
2025-03-26,11,11852.0,3.89,9.91,5409.0,9202.0,4.11,10.74,14611.0
2025-03-26,12,11902.0,3.91,10.16,5578.0,9306.0,3.79,10.74,14883.0
2025-03-26,13,11912.0,3.94,10.26,5600.0,9293.0,3.76,10.74,14893.0
2025-03-26,14,11905.0,3.96,10.23,5609.0,9292.0,3.7,10.74,14901.0
2025-03-26,15,12046.0,4.0,10.48,5621.0,9288.0,3.71,10.75,14909.0
2025-03-26,16,10357.0,3.88,12.07,5737.0,9612.0,3.99,11.24,15349.0
2025-03-26,17,10419.0,3.62,12.5,5398.0,9505.0,4.65,11.24,14903.0
2025-03-26,18,10244.0,3.41,11.79,5195.0,9275.0,5.05,11.24,14470.0
2025-03-26,19,10140.0,3.21,11.6,5090.0,9095.0,5.23,11.24,14185.0
2025-03-26,20,10652.0,3.06,11.17,5086.0,9143.0,5.24,11.23,14229.0
2025-03-26,21,9870.0,3.02,10.64,4446.0,8149.0,4.34,9.3,12595.0
2025-03-26,22,8013.0,2.8,8.92,4123.0,7455.0,3.27,7.79,11578.0
2025-03-26,23,8521.0,2.69,9.23,3677.0,6357.0,2.05,5.98,10033.0
2025-03-27,0,9204.0,2.93,9.99,2725.0,4879.0,1.26,4.09,7604.0
2025-03-27,1,8346.0,3.28,10.93,2532.0,4512.0,1.3,3.96,7044.0
2025-03-27,2,8595.0,3.69,11.16,2420.0,4202.0,1.39,3.96,6622.0
2025-03-27,3,8784.0,4.16,12.93,2370.0,4074.0,1.42,3.96,6445.0
2025-03-27,4,9147.0,4.7,14.85,2108.0,4132.0,1.77,4.1,6239.0
2025-03-27,5,8141.0,5.1,15.11,3090.0,6087.0,3.55,6.77,9177.0
2025-03-27,6,8555.0,4.95,14.14,4585.0,8641.0,5.51,10.64,13225.0
2025-03-27,7,9439.0,4.62,12.56,4773.0,9461.0,6.02,11.45,14234.0
2025-03-27,8,11200.0,4.44,11.13,4820.0,9339.0,5.69,11.27,14159.0
2025-03-27,9,11416.0,4.47,10.77,4767.0,9335.0,5.76,11.24,14102.0
2025-03-27,10,11424.0,4.53,10.67,4699.0,8989.0,4.9,10.31,13688.0
2025-03-27,11,11508.0,4.56,10.59,5308.0,9349.0,4.16,10.7,14657.0
2025-03-27,12,12561.0,4.64,10.24,5461.0,9117.0,3.87,10.73,14578.0
2025-03-27,13,11462.0,4.75,11.49,5510.0,9138.0,3.72,10.75,14647.0
2025-03-27,14,10500.0,4.6,12.61,5476.0,9099.0,3.75,10.74,14574.0
2025-03-27,15,10009.0,4.37,16.79,5523.0,9230.0,3.66,10.73,14753.0
2025-03-27,16,10123.0,4.08,17.89,5616.0,9540.0,4.08,11.32,15156.0
2025-03-27,17,9787.0,3.8,16.03,5117.0,9075.0,4.99,11.24,14192.0
2025-03-27,18,9956.0,3.54,13.73,4786.0,9006.0,5.53,11.17,13793.0
2025-03-27,19,10313.0,3.46,13.47,4722.0,8765.0,5.59,11.14,13486.0
2025-03-27,20,9180.0,3.25,13.38,4688.0,8903.0,5.53,11.02,13591.0
2025-03-27,21,8815.0,3.04,13.11,3801.0,7546.0,4.39,8.58,11348.0
2025-03-27,22,8465.0,2.96,13.9,3634.0,6873.0,3.48,7.45,10507.0
2025-03-27,23,8128.0,2.93,15.4,3456.0,6140.0,2.28,6.03,9595.0
2025-03-28,0,7934.0,3.04,13.45,2558.0,4596.0,1.26,4.0,7154.0
2025-03-28,1,8120.0,3.34,14.22,2371.0,4290.0,1.39,3.96,6660.0
2025-03-28,2,8265.0,3.72,14.7,2141.0,3959.0,1.56,3.96,6100.0
2025-03-28,3,8395.0,4.18,15.46,1982.0,3904.0,1.81,4.08,5885.0
2025-03-28,4,8340.0,4.66,15.54,2000.0,4053.0,2.05,4.32,6053.0
2025-03-28,5,7630.0,4.98,13.45,2584.0,5252.0,3.39,6.12,7836.0
2025-03-28,6,8074.0,4.88,13.36,4140.0,8022.0,5.49,10.15,12162.0
2025-03-28,7,10667.0,4.68,11.8,4603.0,9051.0,6.04,11.38,13653.0
2025-03-28,8,11312.0,4.69,10.56,4730.0,9152.0,5.91,11.41,13883.0
2025-03-28,9,11142.0,4.66,10.05,4998.0,9507.0,5.79,11.74,14504.0
2025-03-28,10,11162.0,4.59,10.01,5004.0,9343.0,5.18,11.24,14347.0
2025-03-28,11,11342.0,4.49,9.81,5558.0,9477.0,4.23,11.23,15035.0
2025-03-28,12,12189.0,4.47,9.39,5603.0,9251.0,3.95,11.14,14854.0
2025-03-28,13,12227.0,4.55,9.42,5645.0,9519.0,3.5,10.74,15164.0
2025-03-28,14,12062.0,4.58,9.81,5481.0,9054.0,3.82,10.74,14535.0
2025-03-28,15,10219.0,4.54,11.89,5348.0,8593.0,4.04,10.74,13940.0
2025-03-28,16,9931.0,4.37,14.51,5219.0,8592.0,3.77,10.21,13811.0
2025-03-28,17,9265.0,4.13,14.09,4936.0,8430.0,4.35,10.24,13366.0
2025-03-28,18,9045.0,3.89,13.06,4642.0,8552.0,5.22,10.54,13194.0
2025-03-28,19,8997.0,3.59,12.82,4755.0,8716.0,5.73,11.24,13471.0
2025-03-28,20,8961.0,3.3,12.9,4619.0,8498.0,5.69,10.97,13118.0
2025-03-28,21,8365.0,3.17,13.26,3330.0,6688.0,4.1,7.62,10019.0
2025-03-28,22,7911.0,3.19,14.9,2626.0,5850.0,3.63,6.38,8476.0
2025-03-28,23,7939.0,3.41,15.28,2125.0,4656.0,1.84,4.22,6781.0
2025-03-29,0,7725.0,3.6,13.88,2703.0,4875.0,1.41,4.23,7578.0
2025-03-29,1,7847.0,3.83,14.63,2271.0,4355.0,1.5,3.95,6625.0
2025-03-29,2,8039.0,4.17,15.78,2219.0,4084.0,1.52,3.96,6302.0
2025-03-29,3,8213.0,4.56,16.72,2228.0,4015.0,1.52,3.96,6243.0
2025-03-29,4,8129.0,4.97,16.2,2113.0,4127.0,1.91,4.25,6241.0
2025-03-29,5,7559.0,5.14,16.05,3238.0,5987.0,3.76,7.03,9225.0
2025-03-29,6,9561.0,5.01,12.65,4547.0,8282.0,5.55,10.7,12829.0
2025-03-29,7,9416.0,4.83,11.55,4778.0,8874.0,5.74,11.23,13652.0
2025-03-29,8,9988.0,4.62,11.28,4863.0,9055.0,5.61,11.24,13917.0
2025-03-29,9,9951.0,4.44,11.21,4883.0,9178.0,5.58,11.24,14061.0
2025-03-29,10,9972.0,4.23,11.29,5168.0,9269.0,4.93,11.11,14437.0
2025-03-29,11,10058.0,4.01,11.51,5378.0,9083.0,4.11,10.73,14461.0
2025-03-29,12,11504.0,3.88,11.17,5491.0,9096.0,3.85,10.73,14587.0
2025-03-29,13,11558.0,3.89,11.25,5488.0,9042.0,3.87,10.75,14530.0
2025-03-29,14,11574.0,3.9,11.27,5476.0,8912.0,3.9,10.74,14388.0
2025-03-29,15,11506.0,3.93,11.15,5458.0,8832.0,3.89,10.74,14290.0
2025-03-29,16,11477.0,3.95,11.04,5426.0,8966.0,4.03,10.84,14391.0
2025-03-29,17,11348.0,3.93,10.8,5265.0,9182.0,4.99,11.44,14447.0
2025-03-29,18,10711.0,3.93,11.15,4938.0,8974.0,5.6,11.44,13912.0
2025-03-29,19,8883.0,3.68,12.49,4928.0,8949.0,5.59,11.44,13877.0
2025-03-29,20,8924.0,3.33,12.43,4959.0,8754.0,5.5,11.44,13713.0
2025-03-29,21,8926.0,3.03,12.57,4576.0,7946.0,4.56,9.88,12522.0
2025-03-29,22,9478.0,2.92,17.15,4368.0,7274.0,3.45,8.46,11642.0
2025-03-29,23,8734.0,2.94,19.61,3984.0,6395.0,2.21,6.71,10379.0
2025-03-30,0,8157.0,3.06,16.23,2668.0,4632.0,1.2,4.05,7300.0
2025-03-30,1,8198.0,3.35,16.46,2453.0,4360.0,1.32,3.96,6813.0
2025-03-30,2,8250.0,3.71,16.93,2334.0,4029.0,1.4,3.96,6364.0
2025-03-30,3,8400.0,4.13,17.66,2226.0,3876.0,1.49,3.96,6102.0
2025-03-30,4,8292.0,4.59,17.11,1979.0,3899.0,1.74,4.01,5878.0
2025-03-30,5,7696.0,4.89,13.83,2994.0,5442.0,3.49,6.71,8436.0
2025-03-30,6,9287.0,4.88,14.47,4445.0,7751.0,5.49,10.6,12196.0
2025-03-30,7,9103.0,4.68,13.3,4686.0,8551.0,6.04,11.43,13237.0
2025-03-30,8,9864.0,4.45,12.45,4789.0,8834.0,5.85,11.44,13623.0
2025-03-30,9,10204.0,4.3,11.78,4883.0,8947.0,5.7,11.44,13829.0
2025-03-30,10,10220.0,4.16,11.88,4785.0,8662.0,5.17,10.77,13446.0
2025-03-30,11,10312.0,4.04,12.26,5138.0,8808.0,4.44,10.74,13946.0
2025-03-30,12,10354.0,3.86,12.34,5449.0,8917.0,3.84,10.74,14366.0
2025-03-30,13,11148.0,3.71,11.36,5398.0,8842.0,3.94,10.74,14240.0
2025-03-30,14,11836.0,3.78,10.34,5389.0,8750.0,3.95,10.74,14139.0
2025-03-30,15,11883.0,3.88,10.44,5364.0,8786.0,3.92,10.74,14150.0
2025-03-30,16,11795.0,3.98,10.86,5423.0,8831.0,4.2,11.04,14254.0
2025-03-30,17,10760.0,3.97,11.52,5090.0,8627.0,5.07,11.24,13717.0
2025-03-30,18,10699.0,3.95,11.51,4913.0,8591.0,5.41,11.24,13504.0
2025-03-30,19,10743.0,3.95,11.58,4910.0,8576.0,5.44,11.24,13486.0
2025-03-30,20,8785.0,3.79,12.97,4858.0,8512.0,5.42,11.14,13369.0
2025-03-30,21,9288.0,3.53,13.97,4420.0,7658.0,4.42,9.44,12078.0
2025-03-30,22,8989.0,3.41,15.06,4557.0,7572.0,3.6,8.85,12128.0
2025-03-30,23,8113.0,3.23,16.66,3961.0,6428.0,2.13,6.55,10389.0
2025-03-31,0,7660.0,3.27,17.02,2699.0,4559.0,1.2,4.05,7258.0
2025-03-31,1,7759.0,3.49,17.59,2520.0,4283.0,1.27,3.96,6803.0
2025-03-31,2,7851.0,3.79,18.33,2298.0,3945.0,1.45,3.96,6242.0
2025-03-31,3,8002.0,4.18,19.34,2115.0,3774.0,1.6,3.96,5889.0
2025-03-31,4,7935.0,4.6,18.78,1922.0,3845.0,1.82,4.04,5767.0
2025-03-31,5,7726.0,4.87,17.3,3090.0,5823.0,3.38,6.58,8913.0
2025-03-31,6,8171.0,4.7,14.97,4310.0,8206.0,5.39,10.12,12516.0
2025-03-31,7,10165.0,4.43,12.59,4675.0,9034.0,6.02,11.34,13709.0
2025-03-31,8,12640.0,4.58,10.81,4724.0,9011.0,5.83,11.24,13735.0
2025-03-31,9,11603.0,4.85,11.45,4524.0,8816.0,5.74,10.84,13339.0
2025-03-31,10,10364.0,4.89,12.75,4662.0,8762.0,4.93,10.24,13423.0
2025-03-31,11,10376.0,4.78,12.7,5334.0,9177.0,4.21,10.74,14511.0
2025-03-31,12,10433.0,4.59,12.87,5464.0,9143.0,3.94,10.74,14606.0
2025-03-31,13,10621.0,4.44,13.53,5511.0,9091.0,3.85,10.73,14602.0
2025-03-31,14,10905.0,4.31,14.32,5521.0,9146.0,3.84,10.74,14667.0
2025-03-31,15,10970.0,4.21,14.7,5553.0,9063.0,3.75,10.74,14616.0
2025-03-31,16,11236.0,4.14,15.73,5648.0,9364.0,4.06,11.18,15011.0
2025-03-31,17,11059.0,4.07,14.86,5246.0,9170.0,4.87,11.24,14416.0
2025-03-31,18,10273.0,3.98,14.48,4916.0,9015.0,5.52,11.24,13931.0
2025-03-31,19,9796.0,3.81,13.34,4835.0,8999.0,5.67,11.24,13833.0
2025-03-31,20,9818.0,3.61,13.36,4843.0,9112.0,5.66,11.25,13955.0
2025-03-31,21,9457.0,3.44,13.68,4398.0,8159.0,4.76,9.66,12557.0
2025-03-31,22,8568.0,3.32,14.28,4057.0,7221.0,3.62,8.05,11278.0
2025-03-31,23,7479.0,3.23,16.58,3338.0,5770.0,2.06,5.63,9109.0
2025-04-01,0,7507.0,3.29,15.81,2622.0,4654.0,1.23,3.97,7276.0
2025-04-01,1,7846.0,3.52,17.33,2342.0,4212.0,1.43,3.96,6554.0
2025-04-01,2,8013.0,3.89,18.3,2162.0,4029.0,1.58,3.96,6191.0
2025-04-01,3,7993.0,4.28,18.21,2130.0,3931.0,1.64,4.0,6060.0
2025-04-01,4,7686.0,4.66,16.19,2066.0,4062.0,1.86,4.16,6129.0
2025-04-01,5,8195.0,4.92,14.17,2999.0,5735.0,3.43,6.52,8735.0
2025-04-01,6,9525.0,4.9,13.27,4375.0,8310.0,5.49,10.41,12685.0
2025-04-01,7,11056.0,4.89,11.87,4676.0,9009.0,6.04,11.44,13684.0
2025-04-01,8,10958.0,4.9,11.61,4718.0,9171.0,5.93,11.44,13889.0
2025-04-01,9,10493.0,4.86,11.57,4679.0,9072.0,5.7,11.09,13751.0
2025-04-01,10,10148.0,4.74,11.8,4745.0,9000.0,5.16,10.74,13745.0
2025-04-01,11,10174.0,4.57,11.88,5189.0,8986.0,4.31,10.74,14175.0
2025-04-01,12,10197.0,4.36,11.91,5332.0,9054.0,4.01,10.73,14386.0
2025-04-01,13,10293.0,4.15,12.03,5385.0,9102.0,3.93,10.74,14487.0
2025-04-01,14,10740.0,3.95,11.89,5381.0,9148.0,3.92,10.75,14528.0
2025-04-01,15,11516.0,3.89,11.19,5402.0,9093.0,3.88,10.75,14495.0
2025-04-01,16,11619.0,3.89,11.44,5455.0,9029.0,4.24,11.15,14485.0
2025-04-01,17,10651.0,3.86,11.57,5114.0,8987.0,4.97,11.25,14101.0
2025-04-01,18,10083.0,3.69,11.63,4859.0,8963.0,5.46,11.24,13822.0
2025-04-01,19,9350.0,3.49,12.12,4803.0,8814.0,5.57,11.23,13617.0
2025-04-01,20,8863.0,3.17,12.32,4614.0,8646.0,5.4,10.79,13260.0
2025-04-01,21,8665.0,2.92,12.46,3957.0,7517.0,4.3,8.7,11474.0
2025-04-01,22,7752.0,2.78,12.39,3533.0,6430.0,3.0,6.86,9963.0
2025-04-01,23,8373.0,2.74,10.06,3535.0,6046.0,1.99,5.91,9581.0
2025-04-02,0,8499.0,2.88,10.49,2667.0,4822.0,1.24,4.09,7489.0
2025-04-02,1,8693.0,3.24,11.38,2362.0,4418.0,1.38,3.96,6779.0
2025-04-02,2,8981.0,3.7,12.26,2214.0,4193.0,1.5,3.95,6406.0
2025-04-02,3,8843.0,4.2,11.89,2137.0,4085.0,1.55,3.96,6223.0
2025-04-02,4,9322.0,4.74,13.87,2038.0,4106.0,1.77,4.1,6144.0
2025-04-02,5,9493.0,5.21,18.28,2596.0,5329.0,3.41,6.14,7925.0
2025-04-02,6,9480.0,5.16,13.71,4259.0,8164.0,5.42,10.22,12424.0
2025-04-02,7,9035.0,4.96,12.68,4653.0,9169.0,5.85,11.24,13822.0
2025-04-02,8,8868.0,4.58,12.38,4799.0,9257.0,5.62,11.24,14056.0
2025-04-02,9,9593.0,4.22,11.64,4808.0,9196.0,5.58,11.19,14005.0
2025-04-02,10,10038.0,4.04,10.87,4919.0,8892.0,4.89,10.74,13811.0
2025-04-02,11,10556.0,3.92,11.14,5325.0,9118.0,4.11,10.74,14443.0
2025-04-02,12,11442.0,3.83,11.9,5497.0,9212.0,3.8,10.73,14709.0
2025-04-02,13,11792.0,3.87,12.51,5454.0,9143.0,3.81,10.75,14597.0
2025-04-02,14,11915.0,3.94,12.98,5479.0,9047.0,3.85,10.74,14526.0
2025-04-02,15,12024.0,4.06,13.87,5563.0,9128.0,3.81,10.83,14691.0
2025-04-02,16,10816.0,4.02,14.68,5596.0,9417.0,4.21,11.24,15013.0
2025-04-02,17,10747.0,3.9,14.24,5216.0,9134.0,4.93,11.24,14350.0
2025-04-02,18,10648.0,3.82,13.98,4949.0,9009.0,5.36,11.24,13958.0
2025-04-02,19,11009.0,3.81,15.35,4905.0,8882.0,5.49,11.24,13787.0
2025-04-02,20,10045.0,3.77,15.13,4910.0,9137.0,5.52,11.24,14047.0
2025-04-02,21,9626.0,3.57,15.8,4542.0,8247.0,4.55,9.72,12789.0
2025-04-02,22,8835.0,3.46,16.86,4386.0,7484.0,3.47,8.38,11870.0
2025-04-02,23,7700.0,3.26,18.03,3878.0,6481.0,2.14,6.4,10359.0
2025-04-03,0,7514.0,3.27,16.0,2708.0,4670.0,1.14,3.96,7378.0
2025-04-03,1,7626.0,3.46,15.92,2547.0,4376.0,1.27,3.96,6923.0
2025-04-03,2,7627.0,3.71,16.11,2409.0,4158.0,1.39,3.96,6568.0
2025-04-03,3,7811.0,4.02,17.32,2304.0,4005.0,1.46,3.96,6309.0
2025-04-03,4,7780.0,4.37,17.07,2007.0,3896.0,1.75,4.02,5903.0
2025-04-03,5,7630.0,4.69,16.27,2693.0,5265.0,3.35,6.13,7958.0
2025-04-03,6,8018.0,4.54,14.44,4599.0,8413.0,5.71,10.88,13012.0
2025-04-03,7,9121.0,4.2,12.53,4616.0,9037.0,6.12,11.24,13653.0
2025-04-03,8,10525.0,4.05,11.2,4800.0,9241.0,5.82,11.24,14041.0
2025-04-03,9,10499.0,3.97,11.0,4830.0,9217.0,5.73,11.2,14047.0
2025-04-03,10,10505.0,3.92,11.12,4884.0,8827.0,4.82,10.43,13710.0
2025-04-03,11,10684.0,3.87,11.67,5259.0,8961.0,4.07,10.45,14219.0
2025-04-03,12,10830.0,3.8,11.83,5430.0,9128.0,3.75,10.43,14558.0
2025-04-03,13,10876.0,3.69,11.99,5496.0,9246.0,3.65,10.44,14742.0
2025-04-03,14,11184.0,3.63,13.07,5439.0,9004.0,3.73,10.44,14444.0
2025-04-03,15,11769.0,3.67,14.97,5426.0,8962.0,3.72,10.44,14388.0
2025-04-03,16,11843.0,3.78,15.22,5381.0,8987.0,3.96,10.59,14368.0
2025-04-03,17,11752.0,3.88,15.7,5260.0,9188.0,4.85,11.24,14448.0
2025-04-03,18,10984.0,3.9,14.81,4952.0,9156.0,5.44,11.24,14108.0
2025-04-03,19,10065.0,3.83,15.35,4881.0,8973.0,5.56,11.24,13855.0
2025-04-03,20,9596.0,3.62,15.71,4867.0,8839.0,5.56,11.24,13706.0
2025-04-03,21,8514.0,3.37,16.63,4331.0,7930.0,4.55,9.42,12261.0
2025-04-03,22,8504.0,3.13,16.63,4446.0,7680.0,3.58,8.68,12126.0
2025-04-03,23,8548.0,2.98,16.87,3904.0,6630.0,2.19,6.55,10534.0
2025-04-04,0,8002.0,3.06,15.34,2764.0,4863.0,1.28,4.27,7626.0
2025-04-04,1,8084.0,3.34,16.58,2461.0,4264.0,1.27,3.96,6725.0
2025-04-04,2,8232.0,3.7,17.37,2340.0,4118.0,1.39,3.96,6458.0
2025-04-04,3,8324.0,4.12,17.86,2158.0,3886.0,1.54,3.97,6044.0
2025-04-04,4,8149.0,4.56,17.08,1983.0,4069.0,1.92,4.2,6052.0
2025-04-04,5,8409.0,4.91,15.1,2776.0,5530.0,3.55,6.52,8305.0
2025-04-04,6,9132.0,4.94,13.78,4184.0,8134.0,5.32,10.0,12318.0
2025-04-04,7,10069.0,4.81,11.73,4625.0,9143.0,5.95,11.33,13768.0
2025-04-04,8,9967.0,4.63,11.31,4781.0,9216.0,5.62,11.23,13997.0
2025-04-04,9,10794.0,4.46,10.64,4763.0,9072.0,5.52,11.15,13835.0
2025-04-04,10,11193.0,4.48,10.39,4694.0,8746.0,4.73,10.27,13440.0
2025-04-04,11,11184.0,4.5,10.28,5191.0,8999.0,4.06,10.54,14190.0
2025-04-04,12,11544.0,4.45,10.75,5424.0,9091.0,3.82,10.74,14516.0
2025-04-04,13,12488.0,4.53,10.32,5429.0,9111.0,3.8,10.73,14540.0
2025-04-04,14,11121.0,4.58,11.52,5433.0,9056.0,3.8,10.74,14490.0
2025-04-04,15,10265.0,4.4,12.26,5465.0,9205.0,3.78,10.74,14671.0
2025-04-04,16,10486.0,4.14,13.1,5623.0,9508.0,4.22,11.44,15131.0
2025-04-04,17,10158.0,3.93,13.65,5257.0,9142.0,4.91,11.44,14399.0
2025-04-04,18,9314.0,3.63,13.1,5045.0,8990.0,5.35,11.44,14035.0
2025-04-04,19,9336.0,3.33,13.11,4919.0,8861.0,5.54,11.43,13780.0
2025-04-04,20,9322.0,3.05,13.24,4913.0,8911.0,5.58,11.44,13824.0
2025-04-04,21,9894.0,2.87,13.02,4412.0,8063.0,4.67,9.71,12475.0
2025-04-04,22,10714.0,2.98,14.81,4068.0,7114.0,3.39,7.91,11182.0
2025-04-04,23,8485.0,3.11,16.57,3783.0,6246.0,2.08,6.26,10030.0
2025-04-05,0,7901.0,3.21,15.33,2711.0,4716.0,1.12,3.99,7427.0
2025-04-05,1,7888.0,3.44,15.34,2482.0,4423.0,1.3,3.96,6905.0
2025-04-05,2,8159.0,3.77,16.87,2281.0,4092.0,1.47,3.96,6372.0
2025-04-05,3,8223.0,4.18,17.36,2175.0,3972.0,1.54,3.95,6147.0
2025-04-05,4,8064.0,4.6,16.34,2068.0,4092.0,1.83,4.15,6161.0
2025-04-05,5,8528.0,4.95,14.58,2878.0,5610.0,3.48,6.49,8488.0
2025-04-05,6,9323.0,4.99,13.7,4234.0,7934.0,5.36,10.04,12167.0
2025-04-05,7,10252.0,4.92,12.23,4771.0,8888.0,5.92,11.43,13659.0
2025-04-05,8,10131.0,4.79,11.74,4914.0,9131.0,5.7,11.44,14046.0
2025-04-05,9,10017.0,4.6,11.47,4952.0,9322.0,5.64,11.43,14274.0
2025-04-05,10,10019.0,4.4,11.39,4917.0,9089.0,4.99,10.76,14007.0
2025-04-05,11,10071.0,4.21,11.67,5319.0,9152.0,4.19,10.74,14471.0
2025-04-05,12,10810.0,4.01,11.38,5478.0,9025.0,3.81,10.74,14503.0
2025-04-05,13,11407.0,3.98,11.05,5539.0,9085.0,3.78,10.74,14624.0
2025-04-05,14,11479.0,3.96,11.09,5534.0,9122.0,3.8,10.74,14656.0
2025-04-05,15,11845.0,3.95,10.81,5578.0,9202.0,3.79,10.82,14780.0
2025-04-05,16,12166.0,4.06,10.48,5593.0,9310.0,4.2,11.22,14903.0
2025-04-05,17,10145.0,3.98,11.69,5138.0,8976.0,5.03,11.25,14114.0
2025-04-05,18,10027.0,3.82,11.58,4939.0,8823.0,5.41,11.23,13762.0
2025-04-05,19,9350.0,3.62,13.6,4986.0,8855.0,5.32,11.24,13841.0
2025-04-05,20,9159.0,3.33,13.76,4854.0,8801.0,5.21,10.91,13656.0
2025-04-05,21,9441.0,3.15,14.93,4240.0,7551.0,3.82,8.52,11791.0
2025-04-05,22,8942.0,3.16,19.52,4291.0,7038.0,2.92,7.74,11328.0
2025-04-05,23,8371.0,3.03,18.06,4210.0,6785.0,2.23,6.95,10995.0
2025-04-06,0,8135.0,3.07,15.91,2957.0,4933.0,1.27,4.37,7891.0
2025-04-06,1,8734.0,3.36,12.6,2581.0,4454.0,1.21,3.96,7035.0
2025-04-06,2,8910.0,3.84,12.5,2346.0,4182.0,1.41,3.96,6528.0
2025-04-06,3,8945.0,4.37,12.92,2219.0,4063.0,1.5,3.96,6282.0
2025-04-06,4,9040.0,4.92,12.93,2172.0,4060.0,1.61,4.04,6232.0
2025-04-06,5,13376.0,5.36,13.66,2819.0,5388.0,3.24,6.22,8207.0
2025-04-06,6,6856.0,5.03,16.11,4063.0,7515.0,5.25,9.8,11578.0
2025-04-06,7,10457.0,4.72,13.08,4694.0,8569.0,5.72,11.24,13263.0
2025-04-06,8,10368.0,4.68,12.53,4728.0,8824.0,5.65,11.23,13552.0
2025-04-06,9,10254.0,4.57,12.18,4793.0,8975.0,5.55,11.23,13768.0
2025-04-06,10,10259.0,4.44,12.22,4970.0,8929.0,4.87,10.91,13899.0
2025-04-06,11,10608.0,4.32,13.34,5276.0,8828.0,4.1,10.73,14103.0
2025-04-06,12,10839.0,4.22,14.28,5429.0,8923.0,3.79,10.74,14352.0
2025-04-06,13,10894.0,4.13,14.34,5410.0,8831.0,3.81,10.74,14242.0
2025-04-06,14,10930.0,4.05,14.47,5357.0,8816.0,3.92,10.74,14173.0
2025-04-06,15,10862.0,3.99,14.3,5372.0,8765.0,3.9,10.73,14137.0
2025-04-06,16,10829.0,3.9,14.23,5454.0,8927.0,4.18,11.18,14381.0
2025-04-06,17,10848.0,3.81,14.13,5093.0,8676.0,4.93,11.24,13769.0
2025-04-06,18,10712.0,3.8,14.24,4813.0,8483.0,5.43,11.23,13297.0
2025-04-06,19,10200.0,3.73,14.62,4798.0,8600.0,5.5,11.24,13398.0
2025-04-06,20,10244.0,3.62,14.72,4775.0,8564.0,5.52,11.24,13339.0
2025-04-06,21,9355.0,3.53,16.08,4408.0,7553.0,4.47,9.58,11960.0
2025-04-06,22,8913.0,3.42,16.46,4262.0,7080.0,3.34,8.18,11342.0
2025-04-06,23,7629.0,3.25,16.43,3980.0,6388.0,2.37,6.87,10368.0
2025-04-07,0,7358.0,3.23,15.11,2648.0,4596.0,1.25,4.07,7244.0
2025-04-07,1,7365.0,3.43,15.14,2359.0,4185.0,1.39,3.96,6544.0
2025-04-07,2,7619.0,3.7,16.39,2299.0,4034.0,1.43,3.96,6333.0
2025-04-07,3,7720.0,4.02,17.06,2163.0,3811.0,1.53,3.96,5974.0
2025-04-07,4,7685.0,4.4,16.97,1923.0,3699.0,1.82,4.07,5622.0
2025-04-07,5,7636.0,4.63,16.7,3453.0,5927.0,3.82,7.46,9380.0
2025-04-07,6,7384.0,4.36,15.2,4676.0,8263.0,5.66,11.02,12939.0
2025-04-07,7,8904.0,3.87,12.9,4717.0,8866.0,5.91,11.24,13583.0
2025-04-07,8,12453.0,3.94,11.02,4762.0,8925.0,5.82,11.24,13687.0
2025-04-07,9,11616.0,4.13,11.85,4806.0,8837.0,5.77,11.25,13644.0
2025-04-07,10,11874.0,4.31,12.65,4843.0,8441.0,5.2,10.77,13284.0
2025-04-07,11,11860.0,4.53,13.15,5291.0,8831.0,4.33,10.73,14122.0
2025-04-07,12,11411.0,4.59,13.7,5458.0,8964.0,4.0,10.74,14422.0
2025-04-07,13,11825.0,4.64,14.8,5499.0,9015.0,3.93,10.75,14514.0
2025-04-07,14,11790.0,4.72,14.84,5467.0,8753.0,3.97,10.74,14221.0
2025-04-07,15,11811.0,4.83,14.91,5442.0,8760.0,4.02,10.73,14201.0
2025-04-07,16,10986.0,4.87,16.57,5385.0,8823.0,4.15,10.74,14208.0
2025-04-07,17,10169.0,4.74,17.93,5179.0,8909.0,5.06,11.23,14088.0
2025-04-07,18,8576.0,4.44,18.86,4921.0,8884.0,5.55,11.24,13806.0
2025-04-07,19,8559.0,4.04,18.83,4928.0,8799.0,5.53,11.24,13727.0
2025-04-07,20,8521.0,3.64,18.76,4963.0,8865.0,5.48,11.24,13828.0
2025-04-07,21,8618.0,3.3,19.08,4532.0,7858.0,4.54,9.65,12390.0
2025-04-07,22,9439.0,3.16,18.1,4285.0,7298.0,3.5,8.25,11582.0
2025-04-07,23,7940.0,3.13,18.9,3882.0,6507.0,2.29,6.5,10389.0
2025-04-08,0,7694.0,3.13,17.51,2743.0,4740.0,1.19,4.05,7483.0
2025-04-08,1,7624.0,3.35,16.98,2544.0,4340.0,1.28,3.96,6885.0
2025-04-08,2,7654.0,3.62,17.33,2323.0,4005.0,1.46,3.96,6328.0
2025-04-08,3,7704.0,3.96,17.51,2203.0,3818.0,1.55,3.96,6021.0
2025-04-08,4,7401.0,4.32,15.72,1945.0,3803.0,1.76,3.98,5748.0
2025-04-08,5,8638.0,4.65,14.43,2603.0,5560.0,3.39,6.14,8164.0
2025-04-08,6,9939.0,4.81,13.63,4381.0,8273.0,5.64,10.51,12654.0
2025-04-08,7,10570.0,4.77,13.08,4688.0,9134.0,6.01,11.38,13823.0
2025-04-08,8,10495.0,4.68,12.9,4817.0,9321.0,5.6,11.24,14138.0
2025-04-08,9,11550.0,4.63,11.7,4871.0,9368.0,5.45,11.15,14240.0
2025-04-08,10,11555.0,4.69,11.15,4937.0,9203.0,4.83,10.69,14141.0
2025-04-08,11,10579.0,4.65,12.19,5344.0,9304.0,4.08,10.73,14648.0
2025-04-08,12,10900.0,4.45,12.73,5511.0,9396.0,3.79,10.74,14907.0
2025-04-08,13,11850.0,4.42,12.08,5474.0,9135.0,3.76,10.74,14609.0
2025-04-08,14,11834.0,4.46,11.9,5445.0,9101.0,3.81,10.74,14546.0
2025-04-08,15,11951.0,4.51,12.28,5457.0,9123.0,3.76,10.74,14580.0
2025-04-08,16,11984.0,4.54,12.43,5625.0,9478.0,4.11,11.35,15103.0
2025-04-08,17,9372.0,4.34,13.99,5298.0,9249.0,4.8,11.44,14547.0
2025-04-08,18,10282.0,4.03,13.42,5019.0,9043.0,5.34,11.44,14061.0
2025-04-08,19,11444.0,3.99,13.05,4955.0,8980.0,5.43,11.44,13935.0
2025-04-08,20,11098.0,4.0,13.18,4971.0,9085.0,5.41,11.41,14056.0
2025-04-08,21,10278.0,4.0,13.05,4288.0,7888.0,4.39,9.29,12177.0
2025-04-08,22,9203.0,3.99,13.6,4108.0,7380.0,3.43,8.11,11488.0
2025-04-08,23,9319.0,3.97,14.32,3779.0,6387.0,2.24,6.47,10165.0
2025-04-09,0,6497.0,3.95,9.11,3292.0,5434.0,1.47,4.94,8726.0
2025-04-09,1,6837.0,3.87,14.0,2565.0,4482.0,1.43,4.2,7047.0
2025-04-09,2,7652.0,4.08,16.93,2170.0,4039.0,1.52,3.96,6208.0
2025-04-09,3,7820.0,4.43,17.62,2114.0,3855.0,1.7,4.11,5969.0
2025-04-09,4,7752.0,4.82,17.52,2032.0,3953.0,2.03,4.36,5985.0
2025-04-09,5,7381.0,5.05,14.55,2921.0,5729.0,3.59,6.7,8650.0
2025-04-09,6,9741.0,4.96,12.79,4391.0,8270.0,5.48,10.52,12661.0
2025-04-09,7,10369.0,4.89,12.39,4594.0,9092.0,6.11,11.44,13686.0
2025-04-09,8,10265.0,4.76,12.05,4666.0,9210.0,6.0,11.43,13877.0
2025-04-09,9,10301.0,4.62,12.15,4732.0,9110.0,5.89,11.44,13842.0
2025-04-09,10,10315.0,4.49,12.16,4776.0,8961.0,5.13,10.75,13737.0
2025-04-09,11,10540.0,4.34,12.85,5302.0,9154.0,4.13,10.74,14455.0
2025-04-09,12,10735.0,4.17,13.52,5510.0,9264.0,3.75,10.73,14774.0
2025-04-09,13,10864.0,4.01,14.0,5489.0,9201.0,3.77,10.74,14690.0
2025-04-09,14,10997.0,3.89,14.5,5472.0,9088.0,3.81,10.74,14560.0
2025-04-09,15,12047.0,3.85,14.27,5526.0,9053.0,3.69,10.74,14580.0
2025-04-09,16,12404.0,3.96,14.19,5648.0,9506.0,4.27,11.42,15154.0
2025-04-09,17,10857.0,3.93,15.13,5287.0,9291.0,4.93,11.39,14578.0
2025-04-09,18,9687.0,3.72,15.77,5052.0,9121.0,5.22,11.24,14173.0
2025-04-09,19,9695.0,3.48,15.71,4888.0,8917.0,5.51,11.24,13805.0
2025-04-09,20,9569.0,3.26,15.17,4828.0,8725.0,5.53,11.17,13554.0
2025-04-09,21,9142.0,3.14,16.13,3677.0,7305.0,4.0,7.92,10982.0
2025-04-09,22,8461.0,3.11,17.98,3957.0,7109.0,3.28,7.61,11066.0
2025-04-09,23,8219.0,3.01,16.67,3727.0,6327.0,2.13,6.16,10054.0
2025-04-10,0,7643.0,3.05,13.5,2811.0,4953.0,1.33,4.27,7763.0
2025-04-10,1,8941.0,3.34,12.93,2485.0,4492.0,1.31,3.96,6977.0
2025-04-10,2,9562.0,3.87,13.42,2214.0,4160.0,1.53,3.96,6373.0
2025-04-10,3,9911.0,4.58,13.57,2161.0,3956.0,1.67,4.07,6117.0
2025-04-10,4,13113.0,5.27,12.24,2176.0,4132.0,1.76,4.16,6308.0
2025-04-10,5,23580.0,5.49,13.09,3110.0,5863.0,3.44,6.59,8973.0
2025-04-10,6,10181.0,5.24,14.77,4295.0,8195.0,5.52,10.27,12490.0
2025-04-10,7,9239.0,4.97,13.88,4632.0,8907.0,5.99,11.24,13539.0
2025-04-10,8,9807.0,4.75,13.41,4671.0,9047.0,5.94,11.24,13719.0
2025-04-10,9,9870.0,4.56,12.94,4773.0,9178.0,5.77,11.24,13952.0
2025-04-10,10,10412.0,4.39,12.39,5013.0,9152.0,5.01,10.94,14164.0
2025-04-10,11,10547.0,4.26,12.86,5371.0,9148.0,4.13,10.74,14519.0
2025-04-10,12,10683.0,4.11,13.5,5470.0,9110.0,3.89,10.74,14580.0
2025-04-10,13,10828.0,3.99,13.86,5509.0,9176.0,3.81,10.74,14686.0
2025-04-10,14,10969.0,3.88,14.43,5501.0,9190.0,3.81,10.74,14691.0
2025-04-10,15,11063.0,3.77,14.21,5513.0,9312.0,3.8,10.74,14825.0
2025-04-10,16,12044.0,3.75,14.7,5416.0,9171.0,4.04,10.82,14587.0
2025-04-10,17,11918.0,3.83,14.57,5131.0,9128.0,5.02,11.24,14259.0
2025-04-10,18,11426.0,3.93,14.39,4836.0,9013.0,5.44,11.24,13849.0
2025-04-10,19,10260.0,3.93,15.07,4786.0,8898.0,5.62,11.24,13684.0
2025-04-10,20,8959.0,3.66,15.84,4776.0,8977.0,5.64,11.24,13753.0
2025-04-10,21,9086.0,3.32,16.55,4568.0,8581.0,4.89,10.2,13149.0
2025-04-10,22,8977.0,3.14,19.16,4136.0,7388.0,3.46,8.14,11524.0
2025-04-10,23,8689.0,3.07,19.69,3908.0,6615.0,2.48,6.84,10524.0
2025-04-11,0,8412.0,3.21,17.72,2641.0,4704.0,1.39,4.19,7345.0
2025-04-11,1,8131.0,3.54,16.33,2367.0,4248.0,1.38,3.96,6615.0
2025-04-11,2,8083.0,3.92,15.95,2225.0,4072.0,1.49,3.96,6297.0
2025-04-11,3,8031.0,4.29,15.46,2186.0,3968.0,1.52,3.96,6154.0
2025-04-11,4,7940.0,4.68,14.97,1889.0,3890.0,1.88,4.09,5779.0
2025-04-11,5,7629.0,4.96,13.25,2942.0,5689.0,3.63,6.79,8631.0
2025-04-11,6,9085.0,4.86,13.42,4448.0,8237.0,5.68,10.82,12685.0
2025-04-11,7,9659.0,4.67,13.0,4512.0,8866.0,6.04,11.23,13378.0
2025-04-11,8,9814.0,4.5,13.19,4589.0,8994.0,5.94,11.24,13583.0
2025-04-11,9,9812.0,4.32,13.24,4594.0,9015.0,5.93,11.24,13610.0
2025-04-11,10,9800.0,4.13,13.18,4800.0,8930.0,5.02,10.73,13730.0
2025-04-11,11,10518.0,3.94,13.62,5199.0,8940.0,4.14,10.63,14139.0
2025-04-11,12,11433.0,3.89,13.23,5364.0,9131.0,3.85,10.63,14495.0
2025-04-11,13,11502.0,3.87,13.41,5375.0,9063.0,3.82,10.64,14437.0
2025-04-11,14,11735.0,3.86,14.1,5404.0,9155.0,3.78,10.64,14558.0
2025-04-11,15,11881.0,3.89,14.54,5415.0,9076.0,3.73,10.63,14491.0
2025-04-11,16,12104.0,3.95,15.15,5324.0,8929.0,4.15,10.88,14253.0
2025-04-11,17,12334.0,4.09,16.04,4976.0,8887.0,4.91,10.94,13863.0
2025-04-11,18,10435.0,4.21,17.54,4843.0,8976.0,5.37,11.13,13820.0
2025-04-11,19,8188.0,3.84,16.62,4793.0,8742.0,5.55,11.24,13535.0
2025-04-11,20,9783.0,3.48,18.76,5075.0,8846.0,5.05,11.23,13921.0
2025-04-11,21,9903.0,3.32,18.65,4914.0,8206.0,3.9,9.85,13120.0
2025-04-11,22,9573.0,3.25,17.32,4359.0,7333.0,3.29,8.24,11692.0
2025-04-11,23,8537.0,3.25,18.65,3607.0,6278.0,2.51,6.44,9885.0
2025-04-12,0,7941.0,3.38,19.69,2396.0,4441.0,1.38,3.96,6838.0
2025-04-12,1,6976.0,3.59,19.3,2276.0,4213.0,1.48,3.96,6489.0
2025-04-12,2,6923.0,3.76,18.98,2142.0,3896.0,1.57,3.96,6038.0
2025-04-12,3,7009.0,3.98,19.62,1982.0,3717.0,1.69,3.96,5699.0
2025-04-12,4,6347.0,4.2,14.93,2083.0,3869.0,1.61,3.95,5952.0
2025-04-12,5,8653.0,4.34,13.22,3000.0,5605.0,3.55,6.69,8604.0
2025-04-12,6,9613.0,4.5,12.42,4220.0,7694.0,5.46,10.09,11914.0
2025-04-12,7,9869.0,4.43,11.66,4312.0,8380.0,5.74,10.46,12692.0
2025-04-12,8,11276.0,4.5,10.42,4437.0,8516.0,5.49,10.44,12953.0
2025-04-12,9,10428.0,4.6,11.79,4562.0,8521.0,5.3,10.43,13083.0
2025-04-12,10,9265.0,4.43,13.88,4854.0,8759.0,4.71,10.43,13613.0
2025-04-12,11,9436.0,4.15,14.05,5210.0,8991.0,4.06,10.41,14201.0
2025-04-12,12,10450.0,3.95,12.81,5273.0,8836.0,3.77,10.24,14109.0
2025-04-12,13,10437.0,3.83,12.5,5263.0,8673.0,3.78,10.24,13937.0
2025-04-12,14,11701.0,3.84,11.7,5284.0,8563.0,3.71,10.24,13846.0
2025-04-12,15,11408.0,3.93,10.79,5247.0,8679.0,3.8,10.24,13926.0
2025-04-12,16,11517.0,4.0,10.98,5164.0,8559.0,3.97,10.24,13723.0
2025-04-12,17,11829.0,4.15,12.04,4816.0,8439.0,4.63,10.24,13255.0
2025-04-12,18,11819.0,4.38,12.05,4543.0,8264.0,5.09,10.24,12807.0
2025-04-12,19,8577.0,4.41,14.55,4396.0,8114.0,5.33,10.25,12511.0
2025-04-12,20,7827.0,4.05,14.57,4397.0,8107.0,5.3,10.24,12504.0
2025-04-12,21,6850.0,3.64,17.56,4270.0,7580.0,4.76,9.54,11850.0
2025-04-12,22,7392.0,3.22,17.97,4124.0,6960.0,3.72,8.3,11084.0
2025-04-12,23,8298.0,3.13,17.32,3264.0,5833.0,2.19,5.71,9097.0
2025-04-13,0,8120.0,3.31,16.26,2568.0,4731.0,1.45,4.2,7299.0
2025-04-13,1,7477.0,3.58,16.45,2366.0,4345.0,1.39,3.96,6712.0
2025-04-13,2,7267.0,3.81,17.22,2277.0,4087.0,1.45,3.96,6363.0
2025-04-13,3,7079.0,4.05,17.91,2109.0,3920.0,1.62,4.0,6029.0
2025-04-13,4,6899.0,4.29,16.69,2067.0,3930.0,1.8,4.16,5997.0
2025-04-13,5,9770.0,4.61,12.44,2970.0,5488.0,3.56,6.71,8458.0
2025-04-13,6,10219.0,4.94,12.16,4170.0,7583.0,5.4,10.09,11754.0
2025-04-13,7,9637.0,4.93,12.39,4246.0,8045.0,5.64,10.44,12292.0
2025-04-13,8,9561.0,4.84,12.12,4420.0,8278.0,5.36,10.44,12698.0
2025-04-13,9,9405.0,4.69,11.57,4437.0,8344.0,5.27,10.37,12781.0
2025-04-13,10,9505.0,4.52,11.72,4620.0,8322.0,4.8,10.23,12943.0
2025-04-13,11,10143.0,4.38,11.59,5013.0,8478.0,4.07,10.23,13491.0
2025-04-13,12,10277.0,4.26,12.04,5137.0,8522.0,3.82,10.24,13659.0
2025-04-13,13,10636.0,4.16,13.06,5144.0,8510.0,3.84,10.24,13655.0
2025-04-13,14,12021.0,4.23,12.41,5140.0,8392.0,3.84,10.24,13532.0
2025-04-13,15,10721.0,4.31,13.67,5091.0,8260.0,3.91,10.24,13351.0
2025-04-13,16,10316.0,4.29,13.85,4979.0,8329.0,4.11,10.24,13309.0
2025-04-13,17,9048.0,4.11,12.97,4665.0,8284.0,4.74,10.24,12949.0
2025-04-13,18,9370.0,3.89,14.31,4544.0,8085.0,4.92,10.24,12629.0
2025-04-13,19,9362.0,3.76,14.58,4506.0,8084.0,4.97,10.24,12589.0
2025-04-13,20,8655.0,3.55,15.5,4563.0,8010.0,4.84,10.21,12573.0
2025-04-13,21,8250.0,3.25,16.7,4407.0,7527.0,4.18,9.34,11934.0
2025-04-13,22,8413.0,3.04,17.79,4011.0,6692.0,3.12,7.71,10704.0
2025-04-13,23,8210.0,2.98,16.51,3776.0,6295.0,2.2,6.43,10071.0
2025-04-14,0,7921.0,3.01,14.95,2998.0,4980.0,1.31,4.51,7978.0
2025-04-14,1,7859.0,3.22,14.78,2452.0,4306.0,1.27,3.96,6757.0
2025-04-14,2,7938.0,3.52,15.1,2313.0,4164.0,1.39,3.96,6477.0
2025-04-14,3,7969.0,3.86,15.36,2207.0,4017.0,1.47,3.95,6224.0
2025-04-14,4,7878.0,4.23,14.66,2105.0,3980.0,1.6,4.0,6085.0
2025-04-14,5,9353.0,4.6,11.66,3180.0,5612.0,3.32,6.64,8792.0
2025-04-14,6,10692.0,4.83,11.25,4250.0,7506.0,5.29,10.1,11756.0
2025-04-14,7,10434.0,4.99,11.56,4272.0,7868.0,5.44,10.24,12140.0
2025-04-14,8,8892.0,4.91,12.24,4428.0,7965.0,5.2,10.23,12393.0
2025-04-14,9,8921.0,4.7,12.32,4555.0,8112.0,5.03,10.24,12667.0
2025-04-14,10,8982.0,4.48,12.63,4708.0,8175.0,4.74,10.24,12883.0
2025-04-14,11,9143.0,4.23,13.41,5013.0,8485.0,4.21,10.25,13498.0
2025-04-14,12,9283.0,3.95,13.94,5166.0,8505.0,3.98,10.24,13671.0
2025-04-14,13,9809.0,3.72,14.1,5172.0,8420.0,3.9,10.24,13592.0
2025-04-14,14,10270.0,3.6,15.13,5205.0,8507.0,3.86,10.24,13712.0
2025-04-14,15,11296.0,3.6,15.61,5219.0,8500.0,3.83,10.24,13719.0
2025-04-14,16,11273.0,3.67,15.68,5155.0,8493.0,3.96,10.24,13648.0
2025-04-14,17,11252.0,3.75,15.56,4866.0,8504.0,4.5,10.24,13370.0
2025-04-14,18,11124.0,3.87,15.05,4622.0,8295.0,4.92,10.25,12916.0
2025-04-14,19,9999.0,3.95,15.46,4641.0,8152.0,4.89,10.24,12792.0
2025-04-14,20,8970.0,3.78,16.44,4633.0,8119.0,4.9,10.24,12752.0
2025-04-14,21,9106.0,3.6,16.96,4629.0,7785.0,4.31,9.68,12414.0
2025-04-14,22,9026.0,3.52,17.14,4148.0,6811.0,3.16,7.64,10959.0
2025-04-14,23,7781.0,3.5,16.84,3501.0,5701.0,2.07,5.71,9202.0
2025-04-15,0,7328.0,3.57,14.06,2706.0,4576.0,1.11,3.98,7283.0
2025-04-15,1,7132.0,3.73,14.07,2476.0,4306.0,1.31,3.96,6782.0
2025-04-15,2,7010.0,3.89,14.47,2390.0,4170.0,1.38,3.96,6560.0
2025-04-15,3,7045.0,4.08,14.68,2266.0,3991.0,1.47,3.96,6257.0
2025-04-15,4,8406.0,4.42,13.92,2136.0,3945.0,1.78,4.16,6080.0
2025-04-15,5,8227.0,4.81,12.44,2903.0,5219.0,3.27,6.27,8123.0
2025-04-15,6,10343.0,4.97,12.4,4372.0,7607.0,5.29,10.12,11978.0
2025-04-15,7,9023.0,4.98,13.17,4401.0,8076.0,5.37,10.24,12478.0
2025-04-15,8,8348.0,4.7,13.29,4529.0,8240.0,5.2,10.24,12769.0
2025-04-15,9,8299.0,4.36,13.09,4627.0,8407.0,5.01,10.24,13034.0
2025-04-15,10,8327.0,3.99,13.23,4833.0,8536.0,4.63,10.24,13369.0
2025-04-15,11,9055.0,3.59,13.12,5168.0,8777.0,4.01,10.24,13945.0
2025-04-15,12,11757.0,3.51,12.02,5314.0,8776.0,3.71,10.25,14090.0
2025-04-15,13,11941.0,3.67,12.73,5236.0,8499.0,3.8,10.24,13735.0
2025-04-15,14,11652.0,3.88,13.39,5182.0,8424.0,3.9,10.24,13606.0
2025-04-15,15,10826.0,3.97,14.77,5150.0,8338.0,3.93,10.24,13488.0
2025-04-15,16,10887.0,4.03,14.63,5099.0,8428.0,4.03,10.24,13527.0
2025-04-15,17,10907.0,4.09,14.75,4778.0,8334.0,4.64,10.25,13111.0
2025-04-15,18,9548.0,4.15,16.02,4517.0,7981.0,5.08,10.24,12498.0
2025-04-15,19,8113.0,3.9,17.68,4504.0,7946.0,5.07,10.24,12450.0
2025-04-15,20,7941.0,3.54,17.74,4497.0,7943.0,5.1,10.24,12440.0
2025-04-15,21,7961.0,3.18,17.77,4449.0,7663.0,4.59,9.69,12111.0
2025-04-15,22,8146.0,2.9,19.06,4277.0,7152.0,3.55,8.42,11429.0
2025-04-15,23,7968.0,2.75,17.87,3640.0,5974.0,2.15,6.19,9614.0
2025-04-16,0,7678.0,2.86,15.93,2553.0,4420.0,1.21,3.96,6973.0
2025-04-16,1,7555.0,3.09,15.46,2419.0,4179.0,1.32,3.96,6598.0
2025-04-16,2,7652.0,3.37,15.75,2278.0,3864.0,1.43,3.96,6143.0
2025-04-16,3,7600.0,3.7,15.65,2234.0,3690.0,1.45,3.96,5924.0
2025-04-16,4,7604.0,4.05,15.56,1956.0,3633.0,1.74,4.03,5589.0
2025-04-16,5,8752.0,4.38,13.43,2937.0,5261.0,3.48,6.66,8197.0
2025-04-16,6,9733.0,4.59,12.87,4078.0,7355.0,5.31,9.87,11433.0
2025-04-16,7,10055.0,4.58,11.89,4319.0,8173.0,5.57,10.44,12492.0
2025-04-16,8,10111.0,4.55,11.51,4487.0,8409.0,5.24,10.44,12896.0
2025-04-16,9,10076.0,4.48,11.35,4585.0,8373.0,5.05,10.41,12958.0
2025-04-16,10,10159.0,4.39,11.62,4771.0,8486.0,4.53,10.24,13257.0
2025-04-16,11,10612.0,4.28,11.69,5071.0,8597.0,4.0,10.24,13668.0
2025-04-16,12,11795.0,4.33,11.89,5207.0,8728.0,3.75,10.24,13935.0
2025-04-16,13,11789.0,4.42,11.89,5228.0,8755.0,3.72,10.24,13983.0
2025-04-16,14,11276.0,4.5,12.23,5237.0,8661.0,3.7,10.24,13898.0
2025-04-16,15,10532.0,4.43,12.83,5194.0,8570.0,3.78,10.24,13764.0
2025-04-16,16,10513.0,4.34,12.81,5143.0,8476.0,3.89,10.25,13619.0
2025-04-16,17,10408.0,4.27,12.53,4899.0,8432.0,4.38,10.24,13331.0
2025-04-16,18,9916.0,4.21,12.78,4699.0,8458.0,4.75,10.25,13157.0
2025-04-16,19,8003.0,3.91,14.03,4649.0,8230.0,4.81,10.24,12880.0
2025-04-16,20,7822.0,3.47,14.16,4628.0,8084.0,4.88,10.24,12712.0
2025-04-16,21,8038.0,3.1,15.3,4315.0,7594.0,4.35,9.22,11909.0
2025-04-16,22,8211.0,2.87,15.93,4074.0,6960.0,3.36,7.89,11035.0
2025-04-16,23,9470.0,2.89,14.96,3513.0,5882.0,2.13,5.94,9394.0
2025-04-17,0,8265.0,3.17,15.74,2547.0,4668.0,1.41,4.14,7215.0
2025-04-17,1,8139.0,3.48,16.19,2330.0,4320.0,1.43,3.96,6650.0
2025-04-17,2,8215.0,3.87,16.6,2169.0,3891.0,1.55,3.97,6060.0
2025-04-17,3,8052.0,4.3,15.81,2144.0,3857.0,1.7,4.1,6000.0
2025-04-17,4,7901.0,4.69,14.79,2134.0,3959.0,1.79,4.18,6094.0
2025-04-17,5,7792.0,4.96,14.03,2915.0,5504.0,3.37,6.45,8419.0
2025-04-17,6,9370.0,4.97,14.06,4298.0,8001.0,5.46,10.25,12300.0
2025-04-17,7,10322.0,4.85,12.81,4661.0,9101.0,6.13,11.44,13762.0
2025-04-17,8,10301.0,4.73,12.15,4853.0,9249.0,5.84,11.44,14102.0
2025-04-17,9,10240.0,4.57,11.94,4908.0,9195.0,5.62,11.37,14102.0
2025-04-17,10,10244.0,4.46,11.81,4706.0,8701.0,4.8,10.24,13406.0
2025-04-17,11,10228.0,4.33,11.81,5182.0,9038.0,3.98,10.24,14221.0
2025-04-17,12,10258.0,4.15,11.94,5318.0,9073.0,3.74,10.24,14391.0
2025-04-17,13,10349.0,3.96,12.09,5335.0,9039.0,3.71,10.25,14374.0
2025-04-17,14,10489.0,3.8,12.62,5349.0,8942.0,3.62,10.24,14291.0
2025-04-17,15,11593.0,3.72,12.05,5512.0,9167.0,3.65,10.55,14679.0
2025-04-17,16,11862.0,3.73,11.98,5692.0,9516.0,4.08,11.32,15208.0
2025-04-17,17,11772.0,3.71,11.72,5331.0,9282.0,4.9,11.44,14613.0
2025-04-17,18,10998.0,3.75,12.16,4986.0,8852.0,5.37,11.33,13838.0
2025-04-17,19,10101.0,3.69,13.63,4852.0,8710.0,5.52,11.24,13562.0
2025-04-17,20,8133.0,3.38,14.58,4904.0,8879.0,5.39,11.21,13783.0
2025-04-17,21,7874.0,2.91,14.65,4421.0,7988.0,4.49,9.52,12409.0
2025-04-17,22,8971.0,2.69,14.37,3942.0,6822.0,3.38,7.72,10765.0
2025-04-17,23,8569.0,2.75,14.95,3795.0,6199.0,2.23,6.44,9994.0
2025-04-18,0,7911.0,2.86,14.85,2616.0,4623.0,1.2,3.98,7240.0
2025-04-18,1,7957.0,3.14,15.18,2354.0,4272.0,1.4,3.96,6626.0
2025-04-18,2,8021.0,3.49,15.58,2134.0,3948.0,1.56,3.96,6082.0
2025-04-18,3,7986.0,3.9,15.33,2050.0,3844.0,1.61,3.95,5894.0
2025-04-18,4,7907.0,4.27,13.76,2099.0,4150.0,1.77,4.14,6250.0
2025-04-18,5,8837.0,4.65,12.03,2656.0,5330.0,3.17,5.99,7986.0
2025-04-18,6,9417.0,4.79,13.53,4158.0,7972.0,5.36,10.07,12130.0
2025-04-18,7,10744.0,4.71,11.79,4576.0,8900.0,5.94,11.25,13476.0
2025-04-18,8,11410.0,4.76,10.77,4594.0,9104.0,5.9,11.24,13699.0
2025-04-18,9,10079.0,4.71,11.32,4631.0,9042.0,5.83,11.24,13673.0
2025-04-18,10,10040.0,4.56,11.28,4793.0,8833.0,5.07,10.81,13626.0
2025-04-18,11,10427.0,4.38,11.36,5262.0,9029.0,4.11,10.73,14291.0
2025-04-18,12,11400.0,4.28,10.77,5421.0,9198.0,3.83,10.74,14619.0
2025-04-18,13,11339.0,4.22,10.64,5417.0,9243.0,3.85,10.74,14660.0
2025-04-18,14,11493.0,4.17,10.98,5439.0,8978.0,3.79,10.74,14418.0
2025-04-18,15,11530.0,4.16,11.21,5412.0,9019.0,3.83,10.77,14431.0
2025-04-18,16,10524.0,4.05,12.72,5573.0,9282.0,4.21,11.44,14854.0
2025-04-18,17,10781.0,3.86,13.58,5220.0,9111.0,4.91,11.44,14331.0
2025-04-18,18,10545.0,3.74,12.94,4942.0,9074.0,5.45,11.44,14016.0
2025-04-18,19,10559.0,3.62,12.93,4860.0,8930.0,5.61,11.44,13790.0
2025-04-18,20,10526.0,3.53,12.87,4794.0,8862.0,5.7,11.44,13656.0
2025-04-18,21,10818.0,3.47,13.85,4883.0,8457.0,4.96,10.86,13340.0
2025-04-18,22,9180.0,3.44,16.36,4488.0,7501.0,3.61,8.89,11988.0
2025-04-18,23,7351.0,3.21,15.61,4000.0,6549.0,2.32,6.89,10549.0
2025-04-19,0,7116.0,3.13,13.75,2613.0,4586.0,1.16,3.97,7199.0
2025-04-19,1,7142.0,3.25,13.03,2528.0,4426.0,1.23,3.96,6954.0
2025-04-19,2,7272.0,3.42,13.63,2307.0,4039.0,1.4,3.96,6346.0
2025-04-19,3,7296.0,3.68,13.95,2207.0,3764.0,1.48,3.96,5972.0
2025-04-19,4,7336.0,3.97,14.03,1941.0,3659.0,1.74,4.03,5599.0
2025-04-19,5,8783.0,4.3,13.04,2997.0,5517.0,3.37,6.61,8514.0
2025-04-19,6,9353.0,4.4,14.26,4478.0,7955.0,5.38,10.43,12433.0
2025-04-19,7,9982.0,4.24,13.27,4787.0,8900.0,5.77,11.23,13687.0
2025-04-19,8,10331.0,4.1,12.24,5005.0,9147.0,5.37,11.24,14152.0
2025-04-19,9,10330.0,3.95,12.38,5158.0,9104.0,5.1,11.24,14262.0
2025-04-19,10,10805.0,3.81,12.05,5219.0,8968.0,4.64,10.9,14187.0
2025-04-19,11,11059.0,3.74,11.9,5502.0,9173.0,3.91,10.74,14675.0
2025-04-19,12,11245.0,3.64,12.33,5563.0,9140.0,3.8,10.74,14703.0
2025-04-19,13,10371.0,3.42,8.9,5610.0,9137.0,3.68,10.74,14747.0
2025-04-19,14,12031.0,3.44,10.77,5577.0,9022.0,3.76,10.74,14599.0
2025-04-19,15,12026.0,3.54,10.87,5592.0,9007.0,3.75,10.74,14599.0
2025-04-19,16,12105.0,3.66,11.03,5474.0,8983.0,3.98,10.74,14457.0
2025-04-19,17,11830.0,3.82,11.14,5047.0,8784.0,4.93,10.89,13832.0
2025-04-19,18,10688.0,3.86,11.98,5224.0,9028.0,5.18,11.43,14252.0
2025-04-19,19,9693.0,3.69,12.7,5082.0,8886.0,5.44,11.43,13968.0
2025-04-19,20,9187.0,3.41,13.65,5049.0,8940.0,5.51,11.43,13988.0
2025-04-19,21,9447.0,3.16,14.88,4662.0,8168.0,4.71,10.03,12830.0
2025-04-19,22,9556.0,3.07,15.31,4362.0,7438.0,3.57,8.45,11800.0
2025-04-19,23,9535.0,3.11,15.33,3985.0,6630.0,2.13,6.53,10615.0
2025-04-20,0,7957.0,3.29,15.21,2749.0,4648.0,1.08,3.96,7397.0
2025-04-20,1,7995.0,3.54,15.48,2632.0,4385.0,1.17,3.96,7018.0
2025-04-20,2,8053.0,3.85,15.82,2489.0,4106.0,1.28,3.96,6595.0
2025-04-20,3,7325.0,4.16,16.54,2287.0,3845.0,1.44,3.96,6132.0
2025-04-20,4,7140.0,4.45,15.38,2054.0,3796.0,1.67,4.0,5850.0
2025-04-20,5,8318.0,4.67,13.23,3042.0,5620.0,3.4,6.64,8662.0
2025-04-20,6,9984.0,4.79,13.99,4518.0,8095.0,5.37,10.51,12614.0
2025-04-20,7,10306.0,4.74,12.69,4801.0,8627.0,5.84,11.43,13428.0
2025-04-20,8,10214.0,4.64,11.9,4948.0,9094.0,5.61,11.44,14042.0
2025-04-20,9,10115.0,4.45,11.46,4997.0,9271.0,5.51,11.44,14268.0
2025-04-20,10,9956.0,4.24,11.01,4949.0,8999.0,4.73,10.61,13948.0
2025-04-20,11,10003.0,4.03,11.22,5185.0,8899.0,4.08,10.44,14084.0
2025-04-20,12,10228.0,3.84,11.91,5284.0,8711.0,3.85,10.44,13994.0
2025-04-20,13,10287.0,3.68,12.07,5287.0,8748.0,3.84,10.44,14035.0
2025-04-20,14,10330.0,3.52,12.22,5303.0,8676.0,3.79,10.44,13979.0
2025-04-20,15,11219.0,3.43,12.65,5282.0,8700.0,3.84,10.44,13982.0
2025-04-20,16,11527.0,3.43,13.33,5502.0,9022.0,4.16,11.19,14524.0
2025-04-20,17,11401.0,3.42,12.94,5219.0,8858.0,5.04,11.43,14077.0
2025-04-20,18,11100.0,3.42,12.43,4938.0,8805.0,5.53,11.44,13743.0
2025-04-20,19,10520.0,3.37,13.06,4901.0,8803.0,5.6,11.44,13704.0
2025-04-20,20,9453.0,3.22,13.78,4956.0,8829.0,5.52,11.43,13785.0
2025-04-20,21,9233.0,2.96,14.08,4408.0,7959.0,4.63,9.68,12367.0
2025-04-20,22,9511.0,2.91,14.99,3994.0,7003.0,3.33,7.81,10997.0
2025-04-20,23,9452.0,3.02,14.82,3619.0,6132.0,2.09,6.12,9751.0
2025-04-21,0,7787.0,3.21,14.62,2626.0,4595.0,1.1,3.96,7221.0
2025-04-21,1,7743.0,3.44,14.61,2487.0,4321.0,1.21,3.96,6808.0
2025-04-21,2,7825.0,3.73,15.07,2305.0,4018.0,1.37,3.96,6323.0
2025-04-21,3,7848.0,4.08,15.28,2140.0,3967.0,1.5,3.96,6107.0
2025-04-21,4,7817.0,4.45,15.16,2046.0,3973.0,1.69,4.06,6019.0
2025-04-21,5,8792.0,4.77,12.71,3147.0,5854.0,3.54,6.91,9000.0
2025-04-21,6,8741.0,4.76,12.24,4491.0,8232.0,5.4,10.54,12723.0
2025-04-21,7,8775.0,4.43,12.18,4801.0,9089.0,5.82,11.44,13890.0
2025-04-21,8,10509.0,4.12,10.79,4922.0,9473.0,5.64,11.43,14395.0
2025-04-21,9,11169.0,4.03,10.21,4917.0,9430.0,5.69,11.44,14347.0
2025-04-21,10,11404.0,4.0,10.82,5094.0,9137.0,4.93,11.03,14231.0
2025-04-21,11,11486.0,3.99,11.08,5465.0,9259.0,3.91,10.74,14725.0
2025-04-21,12,11605.0,3.95,11.38,5548.0,9187.0,3.74,10.74,14736.0
2025-04-21,13,11798.0,3.94,11.92,5613.0,9431.0,3.65,10.74,15044.0
2025-04-21,14,12024.0,3.93,12.37,5593.0,9393.0,3.71,10.74,14987.0
2025-04-21,15,11971.0,3.95,12.48,5656.0,9338.0,3.67,10.82,14994.0
2025-04-21,16,11905.0,3.96,12.46,5667.0,9540.0,4.14,11.32,15207.0
2025-04-21,17,11632.0,3.97,12.63,5305.0,9375.0,4.76,11.25,14680.0
2025-04-21,18,9520.0,3.79,14.89,5058.0,9245.0,5.19,11.24,14303.0
2025-04-21,19,9439.0,3.49,14.82,4940.0,9127.0,5.35,11.24,14067.0
2025-04-21,20,9349.0,3.2,14.23,4922.0,8991.0,5.33,11.13,13914.0
2025-04-21,21,8898.0,2.94,13.98,4554.0,8306.0,4.35,9.57,12860.0
2025-04-21,22,7900.0,2.67,15.02,4135.0,7293.0,3.08,7.69,11428.0
2025-04-21,23,7905.0,2.42,15.0,4055.0,6913.0,2.3,6.86,10968.0
2025-04-22,0,8130.0,2.43,13.08,2725.0,4885.0,1.27,4.15,7610.0
2025-04-22,1,8596.0,2.77,14.53,2370.0,4358.0,1.38,3.96,6728.0
2025-04-22,2,8634.0,3.22,14.75,2363.0,4208.0,1.38,3.96,6571.0
2025-04-22,3,8564.0,3.68,14.5,2268.0,4079.0,1.46,3.96,6347.0
2025-04-22,4,8346.0,4.13,13.48,2180.0,4148.0,1.53,3.96,6328.0
2025-04-22,5,9840.0,4.52,12.16,3442.0,6269.0,3.32,6.91,9711.0
2025-04-22,6,11660.0,4.78,12.14,4649.0,8908.0,5.3,10.59,13557.0
2025-04-22,7,11348.0,4.88,11.72,4709.0,9442.0,5.86,11.24,14151.0
2025-04-22,8,10183.0,4.79,11.88,4838.0,9449.0,5.63,11.24,14286.0
2025-04-22,9,10203.0,4.6,11.75,4826.0,9465.0,5.63,11.25,14291.0
2025-04-22,10,10142.0,4.38,11.85,5062.0,9574.0,4.85,10.89,14636.0
2025-04-22,11,10361.0,4.14,12.5,5422.0,9654.0,4.0,10.74,15076.0
2025-04-22,12,10417.0,3.89,12.63,5491.0,9470.0,3.85,10.74,14961.0
2025-04-22,13,10859.0,3.68,12.66,5498.0,9463.0,3.79,10.74,14961.0
2025-04-22,14,11962.0,3.61,12.32,5548.0,9634.0,3.7,10.74,15182.0
2025-04-22,15,11889.0,3.61,12.32,5517.0,9582.0,3.71,10.74,15098.0
2025-04-22,16,11844.0,3.59,12.29,5552.0,9757.0,4.05,11.13,15309.0
2025-04-22,17,11923.0,3.57,12.37,5241.0,9666.0,4.78,11.24,14906.0
2025-04-22,18,12033.0,3.61,12.54,4956.0,9529.0,5.23,11.24,14485.0
2025-04-22,19,12100.0,3.7,12.89,4931.0,9529.0,5.34,11.24,14461.0
2025-04-22,20,11936.0,3.79,12.37,4876.0,9414.0,5.44,11.24,14291.0
2025-04-22,21,8758.0,3.66,14.64,4747.0,8893.0,4.85,10.48,13641.0
2025-04-22,22,7094.0,3.19,16.78,4383.0,7902.0,3.51,8.59,12285.0
2025-04-22,23,5258.0,3.07,15.26,3008.0,820.0,1.83,5.36,3828.0
2025-04-23,0,4823.0,3.69,12.86,2828.0,-5.0,1.4,4.7,2823.0
2025-04-23,1,3413.0,4.18,14.09,2576.0,-5.0,1.55,4.59,2571.0
2025-04-23,2,3493.0,4.42,16.21,2633.0,2399.0,1.8,4.81,5032.0
2025-04-23,3,7646.0,4.37,15.49,2245.0,4060.0,1.44,3.96,6306.0
2025-04-23,4,8196.0,4.76,15.68,1884.0,4020.0,1.73,3.98,5904.0
2025-04-23,5,8472.0,5.16,15.14,2465.0,5243.0,3.14,5.87,7708.0
2025-04-23,6,8114.0,4.99,14.47,4660.0,8960.0,5.75,11.12,13619.0
2025-04-23,7,7925.0,4.44,14.22,4661.0,9397.0,5.86,11.23,14059.0
2025-04-23,8,9429.0,3.89,12.99,4836.0,9592.0,5.61,11.24,14428.0
2025-04-23,9,12115.0,3.85,10.78,4883.0,9593.0,5.55,11.23,14476.0
2025-04-23,10,12081.0,3.96,10.63,5011.0,9273.0,4.78,10.77,14284.0
2025-04-23,11,11760.0,4.02,11.35,5417.0,9615.0,3.96,10.74,15031.0
2025-04-23,12,11626.0,3.98,11.55,5521.0,9623.0,3.76,10.74,15143.0
2025-04-23,13,11680.0,3.93,11.77,5557.0,9642.0,3.71,10.74,15199.0
2025-04-23,14,11742.0,3.9,11.94,5577.0,9536.0,3.67,10.74,15113.0
2025-04-23,15,12356.0,3.93,11.68,5577.0,9601.0,3.69,10.74,15178.0
2025-04-23,16,13441.0,4.04,12.45,5686.0,10249.0,4.16,11.35,15935.0
2025-04-23,17,11971.0,4.17,13.63,5310.0,10089.0,4.87,11.26,15399.0
2025-04-23,18,9593.0,3.9,15.02,5048.0,9797.0,5.26,11.23,14845.0
2025-04-23,19,9336.0,3.52,13.66,4964.0,9863.0,5.41,11.24,14827.0
2025-04-23,20,9576.0,3.14,13.05,4906.0,9617.0,5.32,11.05,14523.0
2025-04-23,21,9166.0,2.84,13.25,4535.0,8959.0,4.59,9.72,13494.0
2025-04-23,22,9477.0,2.67,15.04,4068.0,7762.0,3.25,7.7,11830.0
2025-04-23,23,8961.0,2.71,16.1,3625.0,6325.0,1.99,5.91,9950.0
2025-04-24,0,8027.0,2.89,14.74,2636.0,4650.0,1.17,3.96,7286.0
2025-04-24,1,8086.0,3.16,15.22,2432.0,4543.0,1.36,3.96,6975.0
2025-04-24,2,8142.0,3.48,15.85,2357.0,4278.0,1.4,3.96,6635.0
2025-04-24,3,8241.0,3.85,16.19,2322.0,4195.0,1.43,3.96,6517.0
2025-04-24,4,8039.0,4.22,14.87,2203.0,4330.0,1.58,4.01,6533.0
2025-04-24,5,8803.0,4.5,13.64,3076.0,6244.0,3.1,6.21,9320.0
2025-04-24,6,10899.0,4.65,12.61,4271.0,8800.0,5.02,9.73,13071.0
2025-04-24,7,11860.0,4.72,11.81,4805.0,9867.0,5.83,11.31,14672.0
2025-04-24,8,11691.0,4.76,11.39,4876.0,9924.0,5.62,11.23,14800.0
2025-04-24,9,11586.0,4.73,11.11,4976.0,10181.0,5.51,11.24,15157.0
2025-04-24,10,11582.0,4.69,11.05,4984.0,9965.0,4.99,10.8,14949.0
2025-04-24,11,11605.0,4.62,11.12,5468.0,10081.0,4.02,10.74,15549.0
2025-04-24,12,12721.0,4.61,10.52,5567.0,10051.0,3.81,10.74,15618.0
2025-04-24,13,12362.0,4.69,10.96,5564.0,10068.0,3.79,10.74,15632.0
2025-04-24,14,10940.0,4.58,12.25,5551.0,10149.0,3.82,10.73,15700.0
2025-04-24,15,10537.0,4.3,12.78,5501.0,10020.0,3.91,10.74,15520.0
2025-04-24,16,10613.0,4.01,12.95,5661.0,10153.0,4.18,11.36,15814.0
2025-04-24,17,10578.0,3.71,12.81,5367.0,10077.0,4.88,11.44,15445.0
2025-04-24,18,10529.0,3.46,12.68,5036.0,9992.0,5.46,11.44,15028.0
2025-04-24,19,10476.0,3.23,12.6,5027.0,9982.0,5.46,11.44,15009.0
2025-04-24,20,10386.0,2.99,12.46,4999.0,9898.0,5.48,11.43,14898.0
2025-04-24,21,10405.0,2.85,12.4,4327.0,8756.0,4.6,9.48,13083.0
2025-04-24,22,10453.0,2.89,14.1,4014.0,7852.0,3.27,7.76,11866.0
2025-04-24,23,8381.0,2.94,16.34,3516.0,6492.0,2.14,6.0,10008.0
2025-04-25,0,7950.0,3.02,14.57,2593.0,4813.0,1.2,4.01,7406.0
2025-04-25,1,7951.0,3.26,14.74,2377.0,4477.0,1.33,3.96,6853.0
2025-04-25,2,7994.0,3.58,15.05,2183.0,4143.0,1.47,3.96,6325.0
2025-04-25,3,8082.0,3.95,15.5,2147.0,4124.0,1.51,3.95,6272.0
2025-04-25,4,7954.0,4.31,14.79,2017.0,4202.0,1.62,3.96,6219.0
2025-04-25,5,8395.0,4.57,13.5,2981.0,6168.0,3.55,6.7,9148.0
2025-04-25,6,9716.0,4.61,13.27,3849.0,8289.0,4.97,9.15,12138.0
2025-04-25,7,11434.0,4.6,11.24,4734.0,9958.0,5.95,11.44,14692.0
2025-04-25,8,11312.0,4.55,10.9,4861.0,10152.0,5.78,11.44,15013.0
2025-04-25,9,11287.0,4.46,10.72,4974.0,10029.0,5.54,11.44,15003.0
2025-04-25,10,11272.0,4.38,10.63,5019.0,9835.0,4.74,10.78,14854.0
2025-04-25,11,11294.0,4.28,10.55,5335.0,10055.0,4.15,10.73,15390.0
2025-04-25,12,11350.0,4.12,10.96,5481.0,10162.0,3.86,10.74,15643.0
2025-04-25,13,11417.0,3.98,11.15,5520.0,9982.0,3.72,10.73,15502.0
2025-04-25,14,11429.0,3.86,11.26,5528.0,9838.0,3.76,10.74,15366.0
2025-04-25,15,11744.0,3.76,10.96,5520.0,9962.0,3.78,10.73,15482.0
2025-04-25,16,12478.0,3.76,10.5,5498.0,10178.0,4.34,11.19,15676.0
2025-04-25,17,12034.0,3.79,10.4,5039.0,9803.0,5.24,11.24,14842.0
2025-04-25,18,9948.0,3.66,11.5,4871.0,9627.0,5.53,11.23,14498.0
2025-04-25,19,10011.0,3.4,12.05,4854.0,9601.0,5.54,11.23,14455.0
2025-04-25,20,10985.0,3.22,11.63,4801.0,9412.0,5.55,11.16,14213.0
2025-04-25,21,9468.0,3.09,13.62,4650.0,9066.0,4.79,10.12,13716.0
2025-04-25,22,8284.0,2.78,16.62,4196.0,8067.0,3.48,8.11,12263.0
2025-04-25,23,8193.0,2.56,16.95,3689.0,6611.0,2.03,6.03,10300.0
2025-04-26,0,8308.0,2.63,14.41,2794.0,5060.0,1.24,4.2,7854.0
2025-04-26,1,8307.0,2.93,13.65,2484.0,4632.0,1.26,3.95,7115.0
2025-04-26,2,8360.0,3.29,13.81,2283.0,4438.0,1.44,3.96,6721.0
2025-04-26,3,8327.0,3.68,13.79,2212.0,4408.0,1.49,3.96,6620.0
2025-04-26,4,8208.0,4.07,13.09,2300.0,4445.0,1.56,4.1,6745.0
2025-04-26,5,8896.0,4.25,12.74,3521.0,6739.0,3.67,7.29,10260.0
2025-04-26,6,11508.0,4.49,11.35,3988.0,8295.0,5.29,9.6,12283.0
2025-04-26,7,11557.0,4.65,11.59,4751.0,9554.0,5.8,11.24,14304.0
2025-04-26,8,11428.0,4.65,11.28,4975.0,9842.0,5.45,11.24,14816.0
2025-04-26,9,11357.0,4.59,11.01,5006.0,10080.0,5.42,11.24,15087.0
2025-04-26,10,10649.0,4.45,11.26,5126.0,9861.0,4.92,11.0,14987.0
2025-04-26,11,10637.0,4.26,11.33,5419.0,9821.0,4.08,10.73,15239.0
2025-04-26,12,10807.0,4.05,11.73,5545.0,9906.0,3.87,10.74,15450.0
2025-04-26,13,10813.0,3.84,11.79,5559.0,9882.0,3.83,10.74,15441.0
2025-04-26,14,10725.0,3.62,11.5,5594.0,9945.0,3.78,10.74,15539.0
2025-04-26,15,10714.0,3.38,11.46,5606.0,9893.0,3.75,10.74,15499.0
2025-04-26,16,10687.0,3.14,11.43,5612.0,10018.0,4.2,11.2,15630.0
2025-04-26,17,11135.0,2.94,10.64,5145.0,9731.0,5.09,11.24,14876.0
2025-04-26,18,11651.0,2.95,10.15,4987.0,9456.0,5.38,11.23,14443.0
2025-04-26,19,11578.0,3.01,10.09,4915.0,9420.0,5.42,11.24,14335.0
2025-04-26,20,10507.0,3.0,10.92,4947.0,9539.0,5.47,11.24,14486.0
2025-04-26,21,9935.0,2.82,11.36,4544.0,8752.0,4.34,9.47,13296.0
2025-04-26,22,10202.0,2.69,12.38,4881.0,8930.0,3.68,9.43,13811.0
2025-04-26,23,10339.0,2.7,12.89,4014.0,6983.0,2.18,6.44,10997.0
2025-04-27,0,8849.0,2.99,11.72,2744.0,5117.0,1.06,3.97,7861.0
2025-04-27,1,8914.0,3.33,12.89,2530.0,4848.0,1.24,3.96,7379.0
2025-04-27,2,8495.0,3.72,13.95,2382.0,4647.0,1.35,3.96,7029.0
2025-04-27,3,8392.0,4.1,14.16,2289.0,4344.0,1.41,3.96,6633.0
2025-04-27,4,8438.0,4.51,14.46,2010.0,4226.0,1.71,4.05,6235.0
2025-04-27,5,8981.0,4.92,13.56,2838.0,5914.0,3.18,6.19,8752.0
2025-04-27,6,9600.0,4.99,13.15,4471.0,8672.0,5.44,10.56,13143.0
2025-04-27,7,9631.0,4.78,12.97,4672.0,9340.0,6.04,11.44,14012.0
2025-04-27,8,9565.0,4.49,12.73,4841.0,9656.0,5.76,11.43,14497.0
2025-04-27,9,9473.0,4.15,12.43,4968.0,9672.0,5.53,11.43,14640.0
2025-04-27,10,9760.0,3.78,12.2,5074.0,9672.0,4.81,10.94,14746.0
2025-04-27,11,10963.0,3.57,12.15,5341.0,9755.0,4.08,10.74,15096.0
2025-04-27,12,11113.0,3.39,12.49,5491.0,9889.0,3.8,10.73,15381.0
2025-04-27,13,11424.0,3.24,12.61,5454.0,9506.0,3.85,10.74,14961.0
2025-04-27,14,12981.0,3.29,11.8,5464.0,9539.0,3.83,10.74,15004.0
2025-04-27,15,13584.0,3.55,12.55,5424.0,9525.0,3.9,10.74,14948.0
2025-04-27,16,13740.0,3.88,12.87,5277.0,9419.0,4.17,10.74,14696.0
2025-04-27,17,11947.0,4.11,14.78,4965.0,9358.0,5.17,11.14,14322.0
2025-04-27,18,11351.0,4.16,16.5,4905.0,9291.0,5.36,11.24,14196.0
2025-04-27,19,9148.0,3.96,17.59,4873.0,9287.0,5.45,11.24,14159.0
2025-04-27,20,8935.0,3.56,17.61,4851.0,9281.0,5.46,11.24,14131.0
2025-04-27,21,8940.0,3.18,17.64,4703.0,8932.0,5.08,10.61,13635.0
2025-04-27,22,9012.0,2.9,18.04,4345.0,7980.0,3.82,8.79,12325.0
2025-04-27,23,8736.0,2.83,16.59,3541.0,6521.0,2.23,6.11,10062.0
2025-04-28,0,8403.0,3.04,14.94,2325.0,4621.0,1.41,3.96,6946.0
2025-04-28,1,8373.0,3.41,14.64,2200.0,4358.0,1.5,3.96,6558.0
2025-04-28,2,8388.0,3.82,14.78,2222.0,4188.0,1.47,3.96,6410.0
2025-04-28,3,7662.0,4.21,15.7,2260.0,4171.0,1.63,4.14,6431.0
2025-04-28,4,7069.0,4.42,14.43,1874.0,4133.0,2.01,4.23,6007.0
2025-04-28,5,8447.0,4.63,12.24,2817.0,6095.0,3.62,6.59,8912.0
2025-04-28,6,10623.0,4.76,12.54,4373.0,8850.0,5.43,10.26,13223.0
2025-04-28,7,11533.0,4.76,11.55,4666.0,9854.0,5.98,11.24,14520.0
2025-04-28,8,11364.0,4.74,11.21,4654.0,9857.0,6.02,11.24,14511.0
2025-04-28,9,11281.0,4.7,10.93,4613.0,9751.0,5.88,11.03,14364.0
2025-04-28,10,11229.0,4.68,10.92,4863.0,9751.0,5.03,10.64,14615.0
2025-04-28,11,10086.0,4.48,12.08,5369.0,10007.0,4.03,10.45,15376.0
2025-04-28,12,10968.0,4.17,11.6,5570.0,10111.0,3.75,10.74,15681.0
2025-04-28,13,12400.0,4.13,10.41,5597.0,10087.0,3.78,10.74,15684.0
2025-04-28,14,12447.0,4.17,10.51,5631.0,10123.0,3.7,10.74,15753.0
2025-04-28,15,11984.0,4.18,10.94,5639.0,10271.0,3.76,10.79,15910.0
2025-04-28,16,11423.0,4.01,11.31,5621.0,10385.0,4.35,11.44,16006.0
2025-04-28,17,10975.0,3.84,11.64,5198.0,10014.0,5.2,11.45,15212.0
2025-04-28,18,10873.0,3.69,12.25,5056.0,9886.0,5.51,11.43,14942.0
2025-04-28,19,10877.0,3.55,12.34,5022.0,9924.0,5.52,11.43,14946.0
2025-04-28,20,10808.0,3.41,12.06,4994.0,9973.0,5.58,11.44,14966.0
2025-04-28,21,10207.0,3.29,12.58,4403.0,8813.0,4.5,9.4,13216.0
2025-04-28,22,9458.0,3.27,14.95,3853.0,7544.0,3.3,7.47,11397.0
2025-04-28,23,7960.0,3.22,15.29,3688.0,6703.0,2.04,6.04,10391.0
2025-04-29,0,7666.0,3.2,14.64,2605.0,5071.0,1.33,4.09,7676.0
2025-04-29,1,8066.0,3.43,14.84,2290.0,4636.0,1.46,3.96,6926.0
2025-04-29,2,8518.0,3.81,15.15,2150.0,4527.0,1.57,3.96,6677.0
2025-04-29,3,8649.0,4.27,15.99,2105.0,4312.0,1.58,3.95,6417.0
2025-04-29,4,8687.0,4.76,16.05,1955.0,4309.0,1.76,4.03,6264.0
2025-04-29,5,8583.0,5.12,14.47,3115.0,6585.0,3.43,6.69,9700.0
2025-04-29,6,8190.0,4.9,13.49,4479.0,9229.0,5.62,10.68,13708.0
2025-04-29,7,8210.0,4.39,13.52,4687.0,9876.0,6.08,11.44,14562.0
2025-04-29,8,11817.0,4.09,11.03,4738.0,10310.0,6.05,11.43,15048.0
2025-04-29,9,12435.0,4.19,10.49,4872.0,10497.0,5.84,11.44,15369.0
2025-04-29,10,12460.0,4.29,10.45,4749.0,9927.0,5.0,10.51,14676.0
2025-04-29,11,12447.0,4.44,10.5,5226.0,9776.0,4.01,10.43,15002.0
2025-04-29,12,12910.0,4.59,11.54,5262.0,9726.0,3.92,10.44,14988.0
2025-04-29,13,13031.0,4.79,11.87,5313.0,9780.0,3.82,10.44,15093.0
2025-04-29,14,12684.0,4.98,12.33,5339.0,9741.0,3.87,10.54,15080.0
2025-04-29,15,11276.0,4.98,14.99,5417.0,9945.0,3.94,10.73,15362.0
2025-04-29,16,10595.0,4.78,15.93,5400.0,10197.0,4.45,11.2,15597.0
2025-04-29,17,8104.0,4.26,17.35,5064.0,10110.0,5.27,11.35,15174.0
2025-04-29,18,8651.0,3.68,15.95,4763.0,9926.0,5.65,11.24,14689.0
2025-04-29,19,8828.0,3.18,15.61,4772.0,9868.0,5.65,11.24,14640.0
2025-04-29,20,10980.0,2.86,13.67,4746.0,9889.0,5.67,11.21,14635.0
2025-04-29,21,11125.0,2.9,13.1,4331.0,8786.0,4.58,9.48,13118.0
2025-04-29,22,8085.0,2.77,17.09,3758.0,7550.0,3.21,7.34,11308.0
2025-04-29,23,8194.0,2.6,17.83,3624.0,6887.0,2.14,6.07,10511.0
2025-04-30,0,8401.0,2.6,15.39,3005.0,5698.0,1.47,4.63,8703.0
2025-04-30,1,8427.0,2.87,14.74,2412.0,4621.0,1.3,3.96,7033.0
2025-04-30,2,8319.0,3.23,14.26,2160.0,4248.0,1.49,3.95,6408.0
2025-04-30,3,8274.0,3.68,13.97,1958.0,4162.0,1.65,3.95,6120.0
2025-04-30,4,7945.0,4.04,11.82,1913.0,4363.0,1.8,4.06,6276.0
2025-04-30,5,9892.0,4.52,11.62,2228.0,5709.0,3.18,5.56,7937.0
2025-04-30,6,10790.0,4.81,12.53,4140.0,8962.0,5.3,9.84,13102.0
2025-04-30,7,11270.0,4.81,11.16,4529.0,9943.0,6.13,11.23,14472.0
2025-04-30,8,11245.0,4.73,10.74,4631.0,10239.0,6.02,11.24,14870.0
2025-04-30,9,11333.0,4.63,11.1,4695.0,10272.0,5.91,11.24,14967.0
2025-04-30,10,11328.0,4.53,11.17,4879.0,10058.0,5.16,10.83,14937.0
2025-04-30,11,11364.0,4.41,11.23,5328.0,10185.0,4.22,10.74,15513.0
2025-04-30,12,11411.0,4.24,11.34,5526.0,10246.0,3.85,10.74,15773.0
2025-04-30,13,11456.0,4.06,11.4,5545.0,10336.0,3.79,10.74,15881.0
2025-04-30,14,11623.0,3.88,11.91,5550.0,10378.0,3.85,10.74,15927.0
2025-04-30,15,12116.0,3.78,11.97,5576.0,10169.0,3.81,10.74,15745.0
2025-04-30,16,12339.0,3.77,12.17,5512.0,10386.0,4.41,11.2,15898.0
2025-04-30,17,12097.0,3.79,12.94,5059.0,10181.0,5.34,11.23,15240.0
2025-04-30,18,11878.0,3.84,13.58,4852.0,10021.0,5.73,11.23,14872.0
2025-04-30,19,10887.0,3.81,14.18,4893.0,10029.0,5.64,11.23,14922.0
2025-04-30,20,10847.0,3.69,13.98,4875.0,9965.0,5.66,11.24,14840.0
2025-04-30,21,10084.0,3.57,14.54,4683.0,9295.0,4.84,10.21,13978.0
2025-04-30,22,10046.0,3.48,16.42,4047.0,7753.0,3.13,7.55,11800.0
2025-04-30,23,7997.0,3.43,17.83,3816.0,7091.0,2.18,6.31,10907.0
2025-05-01,0,7242.0,3.33,15.99,2678.0,5030.0,1.22,4.04,7708.0
2025-05-01,1,7258.0,3.45,14.17,2366.0,4494.0,1.4,3.96,6861.0
2025-05-01,2,7324.0,3.65,14.55,2159.0,4217.0,1.55,3.96,6376.0
2025-05-01,3,7257.0,3.89,14.31,2099.0,4079.0,1.58,3.95,6178.0
2025-05-01,4,7285.0,4.17,14.42,1860.0,3936.0,1.76,3.96,5796.0
2025-05-01,5,8495.0,4.42,14.9,2692.0,5701.0,3.38,6.2,8393.0
2025-05-01,6,11351.0,4.63,16.73,4756.0,9062.0,5.77,11.16,13818.0
2025-05-01,7,10895.0,4.65,15.03,4779.0,9434.0,5.82,11.23,14214.0
2025-05-01,8,11124.0,4.6,15.59,4896.0,9676.0,5.64,11.23,14572.0
2025-05-01,9,10819.0,4.5,14.63,4967.0,9833.0,5.53,11.24,14800.0
2025-05-01,10,10795.0,4.37,14.6,4972.0,9840.0,5.02,10.76,14812.0
2025-05-01,11,10980.0,4.21,15.15,5396.0,10170.0,4.19,10.74,15566.0
2025-05-01,12,11025.0,4.0,15.42,5484.0,10201.0,3.99,10.74,15685.0
2025-05-01,13,12366.0,3.89,15.46,5492.0,9987.0,3.95,10.74,15479.0
2025-05-01,14,12996.0,4.0,15.54,5488.0,9814.0,3.91,10.74,15302.0
2025-05-01,15,14083.0,4.3,14.88,5454.0,9796.0,3.95,10.74,15250.0
2025-05-01,16,11980.0,4.56,15.94,5490.0,9990.0,4.31,11.16,15480.0
2025-05-01,17,9115.0,4.25,17.54,5051.0,9781.0,5.19,11.24,14832.0
2025-05-01,18,9062.0,3.82,18.18,4863.0,9711.0,5.54,11.24,14575.0
2025-05-01,19,9245.0,3.42,19.25,4903.0,9809.0,5.46,11.24,14712.0
2025-05-01,20,9484.0,3.04,18.74,4867.0,9687.0,5.42,11.17,14554.0
2025-05-01,21,9962.0,2.83,18.06,4328.0,8535.0,4.49,9.42,12864.0
2025-05-01,22,8285.0,2.7,18.12,3987.0,7669.0,3.18,7.59,11656.0
2025-05-01,23,9081.0,2.53,15.88,3872.0,7081.0,2.18,6.49,10954.0
2025-05-02,0,8543.0,2.7,14.95,2727.0,5197.0,1.15,4.03,7923.0
2025-05-02,1,8458.0,2.98,15.03,2591.0,4935.0,1.19,3.96,7526.0
2025-05-02,2,8520.0,3.31,15.31,2466.0,4614.0,1.29,3.96,7079.0
2025-05-02,3,8524.0,3.71,15.46,2307.0,4305.0,1.39,3.96,6612.0
2025-05-02,4,8177.0,4.11,13.35,1984.0,4306.0,1.71,4.01,6290.0
2025-05-02,5,8741.0,4.5,12.64,2615.0,5854.0,3.12,5.95,8469.0
2025-05-02,6,9720.0,4.55,13.7,4252.0,8682.0,5.15,9.97,12934.0
2025-05-02,7,11672.0,4.52,12.23,4692.0,9861.0,5.85,11.25,14552.0
2025-05-02,8,11712.0,4.52,12.26,4754.0,10088.0,5.74,11.23,14843.0
2025-05-02,9,11684.0,4.49,12.09,4798.0,9954.0,5.65,11.24,14752.0
2025-05-02,10,11629.0,4.47,12.05,4950.0,9827.0,4.92,10.83,14776.0
2025-05-02,11,11799.0,4.43,11.92,5376.0,9987.0,3.99,10.73,15363.0
2025-05-02,12,13037.0,4.46,12.02,5444.0,10184.0,3.89,10.74,15628.0
2025-05-02,13,13151.0,4.63,12.7,5438.0,9960.0,3.87,10.74,15398.0
2025-05-02,14,10518.0,4.6,15.13,5485.0,9977.0,3.8,10.74,15462.0
2025-05-02,15,10264.0,4.21,15.37,5466.0,10092.0,3.86,10.73,15558.0
2025-05-02,16,11207.0,3.95,15.36,5449.0,10192.0,4.12,11.01,15641.0
2025-05-02,17,12173.0,3.87,14.18,5227.0,9942.0,4.91,11.27,15168.0
2025-05-02,18,10692.0,3.79,14.38,4947.0,9729.0,5.36,11.24,14676.0
2025-05-02,19,9777.0,3.56,15.33,4916.0,9697.0,5.41,11.24,14613.0
2025-05-02,20,9297.0,3.2,15.99,4861.0,9675.0,5.43,11.15,14535.0
2025-05-02,21,10050.0,2.93,15.74,4256.0,8600.0,4.4,9.18,12856.0
2025-05-02,22,9169.0,2.89,16.37,4079.0,7871.0,3.38,7.94,11950.0
2025-05-02,23,8785.0,2.81,15.91,3603.0,6693.0,2.11,6.04,10296.0
2025-05-03,0,9235.0,3.03,14.58,2633.0,4976.0,1.15,3.98,7610.0
2025-05-03,1,8556.0,3.42,14.7,2487.0,4637.0,1.25,3.96,7124.0
2025-05-03,2,8388.0,3.79,14.65,2414.0,4387.0,1.32,3.96,6800.0
2025-05-03,3,8321.0,4.17,14.15,2289.0,4391.0,1.43,3.96,6681.0
2025-05-03,4,8077.0,4.47,11.5,2562.0,4911.0,1.72,4.44,7473.0
2025-05-03,5,8680.0,4.75,12.55,2811.0,5795.0,3.19,6.14,8606.0
2025-05-03,6,9834.0,4.89,17.41,4106.0,7984.0,5.15,9.7,12090.0
2025-05-03,7,9689.0,4.76,16.46,4637.0,9172.0,6.01,11.27,13809.0
2025-05-03,8,9404.0,4.48,15.51,4795.0,9655.0,5.71,11.23,14450.0
2025-05-03,9,9337.0,4.14,15.15,4902.0,9945.0,5.62,11.24,14847.0
2025-05-03,10,10675.0,3.85,14.28,4948.0,9731.0,5.01,10.79,14679.0
2025-05-03,11,10997.0,3.75,14.1,5332.0,9703.0,4.24,10.74,15035.0
2025-05-03,12,11995.0,3.65,14.3,5454.0,9835.0,4.02,10.74,15289.0
2025-05-03,13,13659.0,3.87,13.79,5459.0,9885.0,4.0,10.73,15345.0
2025-05-03,14,13755.0,4.18,13.93,5498.0,9971.0,3.93,10.74,15470.0
2025-05-03,15,13734.0,4.49,14.05,5468.0,9830.0,3.99,10.74,15298.0
2025-05-03,16,10220.0,4.54,16.53,5576.0,9894.0,4.45,11.39,15469.0
2025-05-03,17,9715.0,4.15,16.89,5196.0,9799.0,5.23,11.44,14995.0
2025-05-03,18,9475.0,3.81,15.83,4995.0,9662.0,5.57,11.44,14657.0
2025-05-03,19,9303.0,3.43,14.96,4948.0,9815.0,5.69,11.43,14763.0
2025-05-03,20,9278.0,3.03,14.73,4986.0,9741.0,5.6,11.45,14728.0
2025-05-03,21,9047.0,2.7,13.79,4448.0,8502.0,4.53,9.55,12950.0
2025-05-03,22,10071.0,2.55,15.71,4313.0,8019.0,3.82,8.67,12333.0
2025-05-03,23,11641.0,2.84,16.58,3389.0,6639.0,2.36,5.97,10028.0
2025-05-04,0,8723.0,3.26,20.0,2686.0,5308.0,1.57,4.36,7993.0
2025-05-04,1,7969.0,3.54,16.82,2475.0,4743.0,1.34,3.96,7218.0
2025-05-04,2,8006.0,3.81,16.96,2316.0,4530.0,1.46,3.96,6846.0
2025-05-04,3,7863.0,4.13,15.98,2239.0,4351.0,1.51,3.95,6591.0
2025-05-04,4,7721.0,4.43,15.33,1966.0,4217.0,1.73,3.99,6183.0
2025-05-04,5,9339.0,4.82,15.3,2990.0,5981.0,3.61,6.66,8971.0
2025-05-04,6,9504.0,4.93,15.89,4230.0,8462.0,5.71,10.41,12692.0
2025-05-04,7,9424.0,4.73,15.38,4477.0,9168.0,6.14,11.24,13645.0
2025-05-04,8,9184.0,4.44,14.42,4639.0,9512.0,5.86,11.23,14151.0
2025-05-04,9,10613.0,4.14,12.86,4760.0,9822.0,5.75,11.24,14582.0
2025-05-04,10,12173.0,4.17,11.68,4964.0,9845.0,4.99,10.88,14809.0
2025-05-04,11,12177.0,4.23,11.58,5283.0,9802.0,4.22,10.74,15084.0
2025-05-04,12,12261.0,4.28,11.92,5413.0,9826.0,3.94,10.74,15240.0
2025-05-04,13,12230.0,4.31,11.86,5422.0,9972.0,3.95,10.73,15394.0
2025-05-04,14,12298.0,4.35,11.96,5394.0,9684.0,4.0,10.74,15078.0
2025-05-04,15,12665.0,4.45,13.05,5353.0,9641.0,4.05,10.74,14994.0
2025-05-04,16,12830.0,4.6,13.53,5379.0,9787.0,4.5,11.2,15166.0
2025-05-04,17,13195.0,4.81,14.63,4998.0,9456.0,5.25,11.24,14454.0
2025-05-04,18,9236.0,4.83,19.35,4898.0,9427.0,5.43,11.24,14325.0
2025-05-04,19,9441.0,4.43,17.68,4871.0,9417.0,5.47,11.24,14287.0
2025-05-04,20,9364.0,4.08,17.38,4895.0,9517.0,5.42,11.24,14411.0
2025-05-04,21,9016.0,3.72,18.26,4812.0,8934.0,4.59,10.36,13746.0
2025-05-04,22,7976.0,3.39,19.47,4135.0,7657.0,3.05,7.78,11793.0
2025-05-04,23,7964.0,3.13,17.36,3763.0,6794.0,2.09,6.28,10558.0
2025-05-05,0,8484.0,3.21,14.93,2668.0,4995.0,1.09,3.97,7663.0
2025-05-05,1,8532.0,3.52,14.94,2501.0,4696.0,1.23,3.96,7197.0
2025-05-05,2,8565.0,3.89,15.46,2363.0,4523.0,1.35,3.96,6885.0
2025-05-05,3,8114.0,4.26,17.12,2238.0,4137.0,1.42,3.95,6375.0
2025-05-05,4,7908.0,4.65,15.83,2041.0,4062.0,1.66,4.03,6103.0
2025-05-05,5,7926.0,4.86,15.72,3354.0,6454.0,3.72,7.26,9808.0
2025-05-05,6,9580.0,4.69,15.89,4729.0,9031.0,5.76,11.22,13760.0
2025-05-05,7,9623.0,4.44,15.9,4653.0,9450.0,5.96,11.23,14103.0
2025-05-05,8,9554.0,4.13,15.65,4746.0,9692.0,5.83,11.24,14438.0
2025-05-05,9,9871.0,3.8,15.04,4808.0,9805.0,5.74,11.24,14613.0
2025-05-05,10,11061.0,3.62,14.08,4954.0,9639.0,4.98,10.76,14594.0
2025-05-05,11,13256.0,3.67,12.62,5303.0,9777.0,4.28,10.74,15080.0
2025-05-05,12,12636.0,3.89,12.86,5453.0,9934.0,4.02,10.74,15387.0
2025-05-05,13,12225.0,3.94,11.87,5452.0,10041.0,4.05,10.74,15493.0
2025-05-05,14,12111.0,3.97,11.67,5458.0,9750.0,4.07,10.74,15208.0
2025-05-05,15,12160.0,4.03,11.71,5459.0,9719.0,4.02,10.74,15179.0
2025-05-05,16,12312.0,4.07,12.16,5552.0,9991.0,4.35,11.21,15543.0
2025-05-05,17,12212.0,4.14,11.88,5149.0,9772.0,5.17,11.24,14921.0
2025-05-05,18,11087.0,4.14,12.73,4977.0,9784.0,5.5,11.24,14761.0
2025-05-05,19,9833.0,3.94,13.74,5015.0,9726.0,5.42,11.24,14741.0
2025-05-05,20,10175.0,3.67,15.42,4985.0,9708.0,5.47,11.24,14693.0
2025-05-05,21,10152.0,3.49,16.5,4713.0,8965.0,4.61,9.97,13678.0
2025-05-05,22,9729.0,3.38,16.77,4434.0,8114.0,3.32,8.31,12547.0
2025-05-05,23,7848.0,3.28,16.82,3833.0,6992.0,2.04,6.21,10825.0
2025-05-06,0,7480.0,3.16,15.64,2773.0,5355.0,1.15,4.01,8128.0
2025-05-06,1,7847.0,3.3,15.37,2613.0,4944.0,1.23,3.96,7557.0
2025-05-06,2,7702.0,3.52,14.75,2426.0,4492.0,1.36,3.96,6918.0
2025-05-06,3,7682.0,3.78,14.49,2291.0,4209.0,1.46,3.96,6499.0
2025-05-06,4,7478.0,4.07,13.72,1971.0,4199.0,1.69,3.96,6171.0
2025-05-06,5,9814.0,4.43,13.29,3242.0,6423.0,3.39,6.8,9665.0
2025-05-06,6,10395.0,4.61,12.94,4382.0,8878.0,5.1,9.9,13260.0
2025-05-06,7,10460.0,4.49,13.21,4717.0,9895.0,5.98,11.23,14612.0
2025-05-06,8,10405.0,4.3,13.06,4759.0,9871.0,5.93,11.24,14630.0
2025-05-06,9,10618.0,4.13,13.8,4736.0,9785.0,5.9,11.24,14521.0
2025-05-06,10,10720.0,4.0,14.16,4917.0,9770.0,5.09,10.76,14688.0
2025-05-06,11,11066.0,3.85,14.36,5260.0,10066.0,4.01,10.29,15326.0
2025-05-06,12,12423.0,3.77,14.04,5535.0,10336.0,3.88,10.74,15871.0
2025-05-06,13,12328.0,3.75,13.83,5526.0,10390.0,3.87,10.74,15916.0
2025-05-06,14,12450.0,3.73,14.13,5507.0,10187.0,3.88,10.74,15693.0
2025-05-06,15,12534.0,3.75,14.39,5512.0,10137.0,3.81,10.73,15649.0
2025-05-06,16,12492.0,3.75,14.45,5516.0,10419.0,4.31,11.2,15935.0
2025-05-06,17,12520.0,3.77,14.28,5044.0,10128.0,5.22,11.24,15171.0
2025-05-06,18,12551.0,3.87,14.4,4835.0,9912.0,5.57,11.23,14746.0
2025-05-06,19,12467.0,3.99,14.3,4845.0,9921.0,5.56,11.25,14766.0
2025-05-06,20,11114.0,4.05,14.62,4888.0,9963.0,5.48,11.24,14851.0
2025-05-06,21,8149.0,3.68,16.65,4338.0,9127.0,4.68,9.56,13466.0
2025-05-06,22,8024.0,3.28,16.82,3901.0,7954.0,3.47,7.8,11855.0
2025-05-06,23,8243.0,3.1,18.12,3334.0,6793.0,2.44,6.03,10126.0
2025-05-07,0,7919.0,3.17,14.41,2409.0,5293.0,1.47,4.07,7701.0
2025-05-07,1,8145.0,3.4,14.21,2232.0,4641.0,1.47,3.96,6873.0
2025-05-07,2,8080.0,3.78,13.48,2071.0,4307.0,1.58,3.96,6377.0
2025-05-07,3,7719.0,4.12,12.95,1988.0,4228.0,1.64,3.95,6216.0
2025-05-07,4,7507.0,4.41,11.94,2121.0,4374.0,1.54,3.95,6496.0
2025-05-07,5,8939.0,4.62,14.8,3198.0,6640.0,3.32,6.66,9839.0
2025-05-07,6,10057.0,4.68,14.4,3935.0,8390.0,4.74,9.06,12325.0
2025-05-07,7,11086.0,4.64,12.44,4695.0,9954.0,6.01,11.43,14649.0
2025-05-07,8,10980.0,4.49,12.25,4958.0,10298.0,5.6,11.44,15255.0
2025-05-07,9,10955.0,4.29,12.05,4871.0,10152.0,5.75,11.44,15023.0
2025-05-07,10,10986.0,4.15,12.17,4792.0,9688.0,5.14,10.78,14480.0
2025-05-07,11,11148.0,4.0,12.52,5219.0,10015.0,4.35,10.73,15234.0
2025-05-07,12,11112.0,3.81,12.67,5372.0,10082.0,4.05,10.73,15454.0
2025-05-07,13,11136.0,3.61,12.76,5462.0,10187.0,3.9,10.74,15649.0
2025-05-07,14,12134.0,3.47,12.33,5494.0,10191.0,3.86,10.74,15685.0
2025-05-07,15,12965.0,3.53,12.19,5469.0,10060.0,3.92,10.76,15529.0
2025-05-07,16,13154.0,3.68,12.14,5603.0,10144.0,4.18,11.25,15747.0
2025-05-07,17,12101.0,3.77,12.26,5179.0,9884.0,4.98,11.24,15062.0
2025-05-07,18,11004.0,3.72,12.75,4942.0,9984.0,5.47,11.24,14927.0
2025-05-07,19,10508.0,3.5,13.73,4908.0,9998.0,5.54,11.24,14907.0
2025-05-07,20,10522.0,3.29,13.83,4850.0,9859.0,5.61,11.16,14708.0
2025-05-07,21,9598.0,3.09,14.3,4575.0,9252.0,4.83,9.99,13827.0
2025-05-07,22,8594.0,2.85,16.13,4127.0,7830.0,3.57,8.1,11957.0
2025-05-07,23,8106.0,2.65,17.34,3741.0,6855.0,2.15,6.18,10596.0
2025-05-08,0,7786.0,2.63,14.04,2818.0,5356.0,1.36,4.29,8174.0
2025-05-08,1,8168.0,2.8,13.4,2399.0,4587.0,1.36,3.96,6987.0
2025-05-08,2,8218.0,3.21,13.66,2136.0,4173.0,1.55,3.96,6309.0
2025-05-08,3,8202.0,3.64,13.64,1982.0,4056.0,1.65,3.95,6037.0
2025-05-08,4,8258.0,4.07,13.03,1840.0,4329.0,1.87,4.04,6169.0
2025-05-08,5,9985.0,4.57,11.84,2545.0,5922.0,3.5,6.11,8467.0
2025-05-08,6,10004.0,4.83,11.98,4011.0,8724.0,5.37,9.67,12736.0
2025-05-08,7,10558.0,4.7,11.17,4612.0,9832.0,6.08,11.23,14444.0
2025-05-08,8,11177.0,4.61,10.76,4717.0,10108.0,5.94,11.23,14825.0
2025-05-08,9,11247.0,4.54,10.95,4696.0,10041.0,5.94,11.23,14737.0
2025-05-08,10,11464.0,4.5,11.52,4874.0,10057.0,5.15,10.73,14932.0
2025-05-08,11,11587.0,4.42,11.9,5382.0,10412.0,4.26,10.73,15794.0
2025-05-08,12,11634.0,4.28,11.85,5545.0,10396.0,3.94,10.74,15941.0
2025-05-08,13,11618.0,4.14,11.96,5587.0,10327.0,3.84,10.74,15914.0
2025-05-08,14,11693.0,4.02,12.08,5551.0,10203.0,3.88,10.73,15754.0
2025-05-08,15,11723.0,3.91,12.22,5558.0,10232.0,3.86,10.74,15790.0
2025-05-08,16,11748.0,3.81,12.37,5555.0,10250.0,4.34,11.21,15805.0
2025-05-08,17,11721.0,3.74,12.2,5123.0,10001.0,5.21,11.24,15123.0
2025-05-08,18,12148.0,3.75,13.83,4881.0,9920.0,5.64,11.24,14800.0
2025-05-08,19,10967.0,3.75,15.2,4868.0,9891.0,5.64,11.24,14759.0
2025-05-08,20,10536.0,3.6,15.25,4795.0,10058.0,5.8,11.24,14852.0
2025-05-08,21,10000.0,3.41,14.49,4419.0,9043.0,4.75,9.71,13462.0
2025-05-08,22,9787.0,3.36,15.33,3975.0,7771.0,3.4,7.8,11745.0
2025-05-08,23,7940.0,3.24,16.34,3752.0,6950.0,2.19,6.34,10702.0
2025-05-09,0,7672.0,3.23,14.77,2663.0,5139.0,1.2,4.05,7802.0
2025-05-09,1,8227.0,3.46,14.24,2338.0,4662.0,1.38,3.96,7000.0
2025-05-09,2,8359.0,3.82,14.44,2130.0,4500.0,1.54,3.95,6630.0
2025-05-09,3,8491.0,4.26,14.98,1902.0,4290.0,1.71,3.96,6191.0
2025-05-09,4,8334.0,4.69,14.32,2434.0,4893.0,1.92,4.6,7327.0
2025-05-09,5,9388.0,4.83,14.49,4044.0,7469.0,3.78,8.24,11513.0
2025-05-09,6,9790.0,4.73,13.86,4833.0,9442.0,5.59,11.24,14274.0
2025-05-09,7,9746.0,4.46,13.6,4726.0,9749.0,5.81,11.24,14476.0
2025-05-09,8,10393.0,4.19,12.69,4714.0,9997.0,5.85,11.23,14711.0
2025-05-09,9,10905.0,4.02,12.17,4816.0,10081.0,5.68,11.24,14897.0
2025-05-09,10,10828.0,3.85,11.95,4939.0,9972.0,4.99,10.8,14912.0
2025-05-09,11,10926.0,3.65,12.24,5327.0,10040.0,4.14,10.73,15367.0
2025-05-09,12,10984.0,3.43,12.43,5488.0,10092.0,3.82,10.73,15579.0
2025-05-09,13,11078.0,3.2,12.73,5530.0,10157.0,3.75,10.73,15687.0
2025-05-09,14,13001.0,3.08,11.49,5518.0,10176.0,3.77,10.74,15694.0
2025-05-09,15,13522.0,3.28,10.49,5475.0,10018.0,3.82,10.74,15493.0
2025-05-09,16,13620.0,3.49,10.59,5533.0,10068.0,4.12,11.12,15601.0
2025-05-09,17,13210.0,3.71,10.63,5175.0,9900.0,4.97,11.24,15075.0
2025-05-09,18,10150.0,3.64,12.58,5007.0,9967.0,5.3,11.23,14973.0
2025-05-09,19,10254.0,3.34,12.45,4904.0,9910.0,5.45,11.24,14814.0
2025-05-09,20,11053.0,3.14,12.64,4933.0,9861.0,5.45,11.24,14794.0
2025-05-09,21,10699.0,3.1,13.24,4394.0,8796.0,4.55,9.5,13190.0
2025-05-09,22,9129.0,3.02,16.74,4112.0,7793.0,3.21,7.8,11905.0
2025-05-09,23,8810.0,2.94,16.53,3579.0,6489.0,2.0,5.94,10068.0
2025-05-10,0,8397.0,3.06,14.65,2727.0,5333.0,1.21,4.13,8060.0
2025-05-10,1,8462.0,3.31,14.53,2480.0,4882.0,1.27,3.96,7362.0
2025-05-10,2,8894.0,3.68,13.35,2453.0,4642.0,1.27,3.96,7095.0
2025-05-10,3,8385.0,4.07,13.7,2318.0,4438.0,1.39,3.96,6756.0
2025-05-10,4,8045.0,4.44,13.08,1992.0,4393.0,1.75,4.06,6386.0
2025-05-10,5,8931.0,4.74,12.53,3092.0,6303.0,3.45,6.7,9395.0
2025-05-10,6,9787.0,4.81,13.95,4419.0,8732.0,5.51,10.42,13151.0
2025-05-10,7,10399.0,4.62,13.22,4767.0,9768.0,5.82,11.24,14535.0
2025-05-10,8,10254.0,4.41,13.0,4873.0,10002.0,5.65,11.24,14874.0
2025-05-10,9,11254.0,4.24,12.06,4862.0,10109.0,5.53,11.1,14971.0
2025-05-10,10,10742.0,4.15,12.38,4850.0,9707.0,4.83,10.44,14557.0
2025-05-10,11,11264.0,3.97,12.79,5426.0,10258.0,4.12,10.73,15684.0
2025-05-10,12,11568.0,3.86,13.47,5540.0,10145.0,3.9,10.73,15685.0
2025-05-10,13,11410.0,3.73,13.56,5488.0,9849.0,3.95,10.73,15337.0
2025-05-10,14,11468.0,3.63,13.62,5462.0,9887.0,4.01,10.74,15350.0
2025-05-10,15,12109.0,3.59,13.35,5490.0,10093.0,3.99,10.73,15583.0
2025-05-10,16,11999.0,3.54,13.27,5647.0,10432.0,4.39,11.42,16079.0
2025-05-10,17,11249.0,3.44,10.7,5222.0,10087.0,5.22,11.44,15309.0
2025-05-10,18,11591.0,3.35,10.43,4943.0,9655.0,5.62,11.44,14597.0
2025-05-10,19,9877.0,3.36,13.16,4943.0,9620.0,5.68,11.43,14563.0
2025-05-10,20,8941.0,2.89,14.13,4892.0,9627.0,5.78,11.44,14519.0
2025-05-10,21,10842.0,2.68,13.11,4566.0,8834.0,5.02,10.21,13401.0
2025-05-10,22,10335.0,2.86,17.97,4223.0,7601.0,3.14,7.87,11823.0
2025-05-10,23,9019.0,2.8,20.79,4151.0,7070.0,1.8,6.44,11222.0
2025-05-11,0,9071.0,2.96,21.01,3146.0,5155.0,0.73,4.05,8301.0
2025-05-11,1,9255.0,3.33,21.87,2851.0,5180.0,1.21,4.16,8030.0
2025-05-11,2,8778.0,3.68,18.83,2879.0,5386.0,1.5,4.45,8266.0
2025-05-11,3,8171.0,3.89,15.42,2768.0,5267.0,1.6,4.46,8035.0
2025-05-11,4,8228.0,4.1,15.8,2698.0,5358.0,1.68,4.46,8056.0
2025-05-11,5,9873.0,4.37,16.78,3426.0,6828.0,2.81,6.4,10254.0
2025-05-11,6,9541.0,4.57,18.21,3466.0,7784.0,3.72,7.35,11250.0
2025-05-11,7,8552.0,4.48,17.63,3358.0,8389.0,4.51,7.95,11747.0
2025-05-11,8,8281.0,4.23,16.17,3744.0,9071.0,4.91,8.81,12815.0
2025-05-11,9,8264.0,3.86,16.17,3955.0,9332.0,4.74,8.95,13287.0
2025-05-11,10,8207.0,3.43,15.37,4166.0,9385.0,4.43,8.94,13551.0
2025-05-11,11,10975.0,3.16,14.14,4693.0,9886.0,4.46,9.84,14579.0
2025-05-11,12,12417.0,3.17,14.19,4826.0,9878.0,4.31,9.94,14704.0
2025-05-11,13,12442.0,3.3,14.38,5114.0,9350.0,3.8,10.04,14464.0
2025-05-11,14,12646.0,3.41,15.05,5582.0,10106.0,4.29,11.42,15688.0
2025-05-11,15,12677.0,3.47,15.12,5547.0,10072.0,4.38,11.44,15619.0
2025-05-11,16,12753.0,3.53,15.41,5520.0,9990.0,4.51,11.51,15510.0
2025-05-11,17,13041.0,3.67,16.1,5125.0,9599.0,5.22,11.48,14724.0
2025-05-11,18,12594.0,3.88,17.46,4937.0,9490.0,5.52,11.44,14427.0
2025-05-11,19,10684.0,3.89,18.27,4946.0,9492.0,5.5,11.44,14438.0
2025-05-11,20,9465.0,3.66,18.6,4990.0,9501.0,5.42,11.43,14492.0
2025-05-11,21,8925.0,3.33,17.35,4419.0,8467.0,4.38,9.48,12887.0
2025-05-11,22,8130.0,3.04,18.65,4185.0,7791.0,3.23,7.99,11976.0
2025-05-11,23,7813.0,2.81,18.48,3698.0,6684.0,2.02,6.16,10382.0
2025-05-12,0,7842.0,2.78,16.11,2828.0,5160.0,1.14,4.18,7988.0
2025-05-12,1,7930.0,2.97,16.13,2536.0,4726.0,1.22,3.96,7262.0
2025-05-12,2,8088.0,3.24,16.81,2326.0,4453.0,1.4,3.96,6779.0
2025-05-12,3,7883.0,3.57,15.82,2174.0,4278.0,1.51,3.96,6452.0
2025-05-12,4,7731.0,3.87,14.89,2081.0,4257.0,1.58,3.96,6338.0
2025-05-12,5,10768.0,4.29,14.0,3134.0,6254.0,3.42,6.77,9388.0
2025-05-12,6,11189.0,4.67,12.98,4215.0,8499.0,5.34,10.04,12714.0
2025-05-12,7,11181.0,4.71,12.99,4755.0,9352.0,5.75,11.23,14107.0
2025-05-12,8,10447.0,4.62,13.88,4819.0,9557.0,5.67,11.24,14376.0
2025-05-12,9,10274.0,4.42,13.98,4780.0,9682.0,5.75,11.24,14462.0
2025-05-12,10,10231.0,4.2,13.91,4919.0,9745.0,5.13,10.87,14663.0
2025-05-12,11,11259.0,3.99,13.28,5264.0,9871.0,4.36,10.74,15135.0
2025-05-12,12,12331.0,4.0,12.87,5433.0,9737.0,4.02,10.74,15170.0
2025-05-12,13,12355.0,4.07,13.15,5437.0,9801.0,4.05,10.74,15239.0
2025-05-12,14,12474.0,4.15,13.27,5443.0,9605.0,4.03,10.74,15049.0
2025-05-12,15,12972.0,4.3,14.99,5416.0,9630.0,4.11,10.74,15046.0
2025-05-12,16,13344.0,4.52,16.11,5458.0,9950.0,4.53,11.22,15407.0
2025-05-12,17,11110.0,4.64,17.92,5129.0,9661.0,5.19,11.24,14790.0
2025-05-12,18,10042.0,4.4,19.14,5033.0,9568.0,5.39,11.24,14602.0
2025-05-12,19,10086.0,4.16,19.22,5010.0,9605.0,5.45,11.24,14615.0
2025-05-12,20,10168.0,3.92,19.68,4990.0,9574.0,5.45,11.24,14564.0
2025-05-12,21,9483.0,3.74,20.26,4512.0,8635.0,4.43,9.47,13147.0
2025-05-12,22,8638.0,3.49,20.85,4271.0,7896.0,3.31,8.03,12166.0
2025-05-12,23,8217.0,3.33,18.14,3719.0,6701.0,2.18,6.2,10420.0
2025-05-13,0,7377.0,3.35,16.12,2736.0,4955.0,1.26,4.12,7692.0
2025-05-13,1,7290.0,3.48,16.01,2463.0,4573.0,1.33,3.96,7036.0
2025-05-13,2,7226.0,3.66,15.66,2289.0,4342.0,1.47,3.96,6631.0
2025-05-13,3,7247.0,3.88,15.86,2228.0,4152.0,1.51,3.96,6380.0
2025-05-13,4,7211.0,4.12,15.22,2092.0,4189.0,1.62,3.96,6281.0
2025-05-13,5,9309.0,4.42,15.97,3120.0,6195.0,3.37,6.49,9315.0
2025-05-13,6,9360.0,4.46,15.45,4614.0,9023.0,5.64,10.8,13637.0
2025-05-13,7,9909.0,4.23,14.72,4623.0,9491.0,6.11,11.24,14114.0
2025-05-13,8,9906.0,4.01,14.2,4765.0,9711.0,5.87,11.24,14477.0
2025-05-13,9,9925.0,3.75,14.51,4865.0,9923.0,5.71,11.23,14788.0
2025-05-13,10,12072.0,3.64,13.25,5001.0,9826.0,4.93,10.76,14827.0
2025-05-13,11,12180.0,3.73,13.58,5431.0,10088.0,4.06,10.73,15518.0
2025-05-13,12,12357.0,3.74,14.53,15519.0,18463.0,3.82,10.74,33981.0
2025-05-13,13,12439.0,3.76,14.72,5528.0,10072.0,3.84,10.74,15601.0
2025-05-13,14,12418.0,3.79,14.73,5548.0,10071.0,3.78,10.75,15618.0
2025-05-13,15,12324.0,3.81,14.47,5563.0,9939.0,3.77,10.73,15502.0
2025-05-13,16,12230.0,3.82,14.28,5467.0,10122.0,4.07,10.83,15589.0
2025-05-13,17,11299.0,3.74,15.24,5241.0,10125.0,5.17,11.44,15366.0
2025-05-13,18,10997.0,3.61,16.01,5063.0,9908.0,5.52,11.44,14971.0
2025-05-13,19,10621.0,3.42,16.0,5075.0,9961.0,5.53,11.43,15036.0
2025-05-13,20,10612.0,3.22,16.13,5023.0,9922.0,5.61,11.43,14945.0
2025-05-13,21,10169.0,3.07,15.67,4489.0,9036.0,4.66,9.64,13525.0
2025-05-13,22,10222.0,3.01,16.32,4343.0,8260.0,3.6,8.43,12603.0
2025-05-13,23,8694.0,3.04,16.85,3642.0,6652.0,2.08,6.0,10293.0
2025-05-14,0,8451.0,3.21,15.36,2516.0,4909.0,1.29,3.97,7425.0
2025-05-14,1,8170.0,3.53,15.8,2360.0,4565.0,1.39,3.96,6925.0
2025-05-14,2,8199.0,3.88,16.27,2273.0,4424.0,1.45,3.95,6697.0
2025-05-14,3,7899.0,4.23,16.28,2200.0,4283.0,1.51,3.96,6483.0
2025-05-14,4,7703.0,4.55,15.66,1917.0,4343.0,1.83,4.06,6260.0
2025-05-14,5,7465.0,4.74,15.3,2872.0,6256.0,3.42,6.4,9128.0
2025-05-14,6,9934.0,4.67,13.36,4505.0,9238.0,5.57,10.54,13743.0
2025-05-14,7,10388.0,4.51,13.34,4733.0,9805.0,5.88,11.24,14537.0
2025-05-14,8,11580.0,4.42,12.54,4748.0,9973.0,5.86,11.24,14722.0
2025-05-14,9,11686.0,4.43,12.38,4798.0,10088.0,5.74,11.19,14886.0
2025-05-14,10,11722.0,4.45,12.39,4763.0,9615.0,5.0,10.45,14378.0
2025-05-14,11,11894.0,4.48,13.08,5359.0,9876.0,4.26,10.74,15235.0
2025-05-14,12,12190.0,4.5,13.92,5509.0,10000.0,3.97,10.73,15509.0
2025-05-14,13,12373.0,4.52,14.58,5559.0,10052.0,3.83,10.74,15611.0
2025-05-14,14,12088.0,4.57,16.67,5531.0,10148.0,3.89,10.74,15679.0
2025-05-14,15,11409.0,4.46,17.39,5521.0,10144.0,3.89,10.74,15665.0
2025-05-14,16,11613.0,4.31,18.06,5692.0,10373.0,4.21,11.4,16065.0
2025-05-14,17,11411.0,4.17,17.52,5424.0,10151.0,4.8,11.44,15575.0
2025-05-14,18,11154.0,4.03,16.48,5171.0,10111.0,5.25,11.44,15281.0
2025-05-14,19,10597.0,3.87,15.31,5168.0,10224.0,5.26,11.43,15392.0
2025-05-14,20,9144.0,3.47,14.98,5132.0,10205.0,5.3,11.44,15337.0
2025-05-14,21,9653.0,3.13,14.45,4524.0,8880.0,4.26,9.48,13403.0
2025-05-14,22,9332.0,2.98,12.45,4369.0,8101.0,3.23,8.23,12470.0
2025-05-14,23,8942.0,2.92,11.0,3738.0,6823.0,1.88,6.01,10561.0
2025-05-15,0,7962.0,2.99,10.69,2883.0,5316.0,1.07,4.17,8199.0
2025-05-15,1,8065.0,3.19,10.24,2502.0,4798.0,1.25,3.96,7301.0
2025-05-15,2,8595.0,3.51,12.46,2286.0,4511.0,1.42,3.96,6798.0
2025-05-15,3,9954.0,4.08,15.02,2204.0,4329.0,1.48,3.96,6534.0
2025-05-15,4,9944.0,4.78,14.91,2300.0,4574.0,1.83,4.38,6873.0
2025-05-15,5,9148.0,5.19,14.84,3048.0,6110.0,3.27,6.44,9158.0
2025-05-15,6,7894.0,4.93,16.29,4809.0,9305.0,5.44,11.08,14114.0
2025-05-15,7,7797.0,4.32,16.31,4718.0,9675.0,5.83,11.24,14393.0
2025-05-15,8,11438.0,3.97,13.34,4814.0,9972.0,5.65,11.24,14785.0
2025-05-15,9,11620.0,3.98,12.92,4866.0,9850.0,5.54,11.24,14715.0
2025-05-15,10,11630.0,4.01,12.96,4859.0,9574.0,5.03,10.75,14433.0
2025-05-15,11,11666.0,4.01,13.08,5420.0,10160.0,3.96,10.74,15579.0
2025-05-15,12,11691.0,3.92,13.34,5455.0,10250.0,3.88,10.75,15705.0
2025-05-15,13,11814.0,3.84,13.61,5457.0,10189.0,3.88,10.74,15645.0
2025-05-15,14,11763.0,3.8,13.38,5439.0,10068.0,3.88,10.74,15507.0
2025-05-15,15,11405.0,3.71,12.32,5410.0,9894.0,3.97,10.74,15304.0
2025-05-15,16,11429.0,3.61,12.43,5515.0,10071.0,4.25,11.2,15586.0
2025-05-15,17,11333.0,3.5,12.25,5215.0,10103.0,4.91,11.23,15318.0
2025-05-15,18,11391.0,3.42,12.45,5041.0,9836.0,5.25,11.23,14877.0
2025-05-15,19,11942.0,3.44,14.02,5000.0,9744.0,5.35,11.24,14744.0
2025-05-15,20,10775.0,3.48,15.12,4978.0,9882.0,5.4,11.24,14860.0
2025-05-15,21,8669.0,3.1,16.65,4606.0,9209.0,4.64,9.89,13815.0
2025-05-15,22,8915.0,2.74,18.11,4833.0,8938.0,3.79,9.44,13771.0
2025-05-15,23,8570.0,2.44,18.75,4243.0,7529.0,2.48,7.35,11772.0
2025-05-16,0,8254.0,2.4,16.06,2892.0,5305.0,1.31,4.4,8197.0
2025-05-16,1,8409.0,2.71,15.17,2426.0,4620.0,1.36,3.96,7047.0
2025-05-16,2,8565.0,3.1,15.79,2230.0,4283.0,1.5,3.96,6513.0
2025-05-16,3,8638.0,3.56,16.52,2072.0,4265.0,1.62,3.96,6337.0
2025-05-16,4,8608.0,4.05,16.24,1895.0,4315.0,1.75,3.96,6211.0
2025-05-16,5,9098.0,4.46,16.03,2845.0,6217.0,3.33,6.3,9062.0
2025-05-16,6,10246.0,4.56,13.05,4453.0,9249.0,5.45,10.37,13702.0
2025-05-16,7,11118.0,4.43,11.87,4688.0,9868.0,5.96,11.24,14556.0
2025-05-16,8,11395.0,4.38,11.67,4720.0,9956.0,5.96,11.24,14675.0
2025-05-16,9,11572.0,4.37,12.16,4790.0,10185.0,5.87,11.24,14974.0
2025-05-16,10,11524.0,4.31,11.34,5023.0,10293.0,5.07,10.88,15315.0
2025-05-16,11,11498.0,4.23,12.04,5414.0,10138.0,4.15,10.74,15552.0
2025-05-16,12,11573.0,4.13,12.26,5576.0,9918.0,3.81,10.74,15494.0
2025-05-16,13,11875.0,4.06,13.12,5588.0,10012.0,3.8,10.74,15600.0
2025-05-16,14,12087.0,4.03,13.86,5573.0,10216.0,3.83,10.74,15789.0
2025-05-16,15,12170.0,4.0,14.05,5533.0,10262.0,3.94,10.74,15795.0
2025-05-16,16,12227.0,4.0,14.19,5514.0,10151.0,4.31,11.08,15665.0
2025-05-16,17,12442.0,4.04,14.73,5158.0,9970.0,5.18,11.24,15128.0
2025-05-16,18,12394.0,4.16,14.77,4940.0,9935.0,5.57,11.24,14875.0
2025-05-16,19,9614.0,4.09,16.92,4928.0,9875.0,5.57,11.23,14803.0
2025-05-16,20,8876.0,3.63,17.7,4894.0,9883.0,5.62,11.24,14777.0
2025-05-16,21,8934.0,3.22,18.14,4471.0,9063.0,4.71,9.73,13535.0
2025-05-16,22,8730.0,2.96,19.19,4124.0,8124.0,3.4,7.94,12248.0
2025-05-16,23,8070.0,2.79,18.21,3606.0,6884.0,2.28,6.2,10490.0
2025-05-17,0,7644.0,2.78,15.36,2658.0,5244.0,1.42,4.23,7903.0
2025-05-17,1,7503.0,2.93,14.55,2360.0,4875.0,1.45,3.96,7235.0
2025-05-17,2,8138.0,3.17,14.8,2234.0,4696.0,1.53,3.95,6930.0
2025-05-17,3,8386.0,3.55,15.06,2186.0,4395.0,1.54,3.96,6581.0
2025-05-17,4,9629.0,4.04,13.43,2146.0,4459.0,1.57,3.95,6605.0
2025-05-17,5,10547.0,4.63,14.2,3484.0,6679.0,3.31,6.99,10162.0
2025-05-17,6,10562.0,4.75,14.31,4760.0,9077.0,5.57,11.09,13837.0
2025-05-17,7,10413.0,4.64,13.83,4721.0,9644.0,5.82,11.24,14365.0
2025-05-17,8,10312.0,4.45,13.41,4770.0,9936.0,5.76,11.23,14706.0
2025-05-17,9,10288.0,4.21,13.3,4890.0,10114.0,5.56,11.24,15004.0
2025-05-17,10,10262.0,3.93,13.09,4997.0,10075.0,4.84,10.76,15073.0
2025-05-17,11,10526.0,3.63,13.23,5377.0,10042.0,4.07,10.73,15420.0
2025-05-17,12,12564.0,3.52,11.18,5460.0,10083.0,3.85,10.68,15542.0
2025-05-17,13,11639.0,3.56,12.14,5445.0,10132.0,3.9,10.69,15577.0
2025-05-17,14,10747.0,3.37,12.76,5435.0,9798.0,3.93,10.74,15232.0
2025-05-17,15,11221.0,3.17,12.64,5440.0,9846.0,3.96,10.74,15286.0
2025-05-17,16,11528.0,3.09,12.68,5339.0,9819.0,4.12,10.74,15158.0
2025-05-17,17,11427.0,3.03,12.5,5086.0,9802.0,5.12,11.21,14888.0
2025-05-17,18,11413.0,2.99,12.49,4950.0,9713.0,5.41,11.24,14662.0
2025-05-17,19,11392.0,2.96,12.38,4972.0,9717.0,5.34,11.24,14689.0
2025-05-17,20,11367.0,2.94,12.36,4940.0,9653.0,5.39,11.24,14593.0
2025-05-17,21,10495.0,2.9,12.99,4490.0,8855.0,4.54,9.71,13345.0
2025-05-17,22,10314.0,2.9,13.96,4219.0,7880.0,3.22,8.05,12099.0
2025-05-17,23,8996.0,2.91,14.44,3858.0,7004.0,2.16,6.48,10863.0
2025-05-18,0,7394.0,2.9,14.06,2666.0,5004.0,1.23,4.09,7670.0
2025-05-18,1,7327.0,3.02,13.79,2477.0,4618.0,1.27,3.96,7095.0
2025-05-18,2,7379.0,3.19,14.28,2428.0,4345.0,1.29,3.96,6773.0
2025-05-18,3,7518.0,3.42,14.62,2270.0,4115.0,1.41,3.96,6385.0
2025-05-18,4,7975.0,3.74,15.53,2032.0,4198.0,1.62,3.96,6230.0
2025-05-18,5,10535.0,4.19,13.73,3052.0,6217.0,3.45,6.73,9269.0
2025-05-18,6,11338.0,4.6,13.21,4001.0,8088.0,5.27,9.62,12090.0
2025-05-18,7,11664.0,4.76,13.38,4650.0,9248.0,5.96,11.25,13898.0
2025-05-18,8,12002.0,4.89,12.59,4793.0,9596.0,5.7,11.24,14389.0
2025-05-18,9,10872.0,4.91,12.87,4875.0,9832.0,5.59,11.24,14707.0
2025-05-18,10,10167.0,4.69,12.99,4927.0,9868.0,5.0,10.75,14795.0
2025-05-18,11,10229.0,4.41,13.32,5296.0,10061.0,4.22,10.62,15357.0
2025-05-18,12,12229.0,4.22,11.93,5513.0,10102.0,3.93,10.74,15615.0
2025-05-18,13,12729.0,4.31,11.48,5545.0,9921.0,3.85,10.74,15466.0
2025-05-18,14,12752.0,4.42,11.58,5524.0,9825.0,3.89,10.74,15349.0
2025-05-18,15,11785.0,4.51,12.45,5522.0,9969.0,3.91,10.75,15491.0
2025-05-18,16,10271.0,4.27,13.47,5565.0,10033.0,4.35,11.28,15598.0
2025-05-18,17,10227.0,3.98,13.32,5146.0,9837.0,5.11,11.24,14983.0
2025-05-18,18,10235.0,3.73,13.36,4962.0,9684.0,5.44,11.24,14645.0
2025-05-18,19,10193.0,3.52,13.31,4995.0,9728.0,5.41,11.23,14723.0
2025-05-18,20,9123.0,3.2,14.24,4996.0,9916.0,5.4,11.24,14912.0
2025-05-18,21,9053.0,2.81,14.2,4388.0,8977.0,4.68,9.56,13365.0
2025-05-18,22,9177.0,2.62,14.4,4044.0,7982.0,3.43,7.86,12025.0
2025-05-18,23,9726.0,2.58,14.28,4110.0,7510.0,2.54,7.09,11620.0
2025-05-19,0,9068.0,2.81,14.23,2668.0,5150.0,1.27,4.06,7818.0
2025-05-19,1,9085.0,3.23,14.9,2508.0,4693.0,1.3,3.96,7201.0
2025-05-19,2,9312.0,3.74,15.85,2284.0,4372.0,1.46,3.96,6657.0
2025-05-19,3,8400.0,4.28,16.88,2047.0,4241.0,1.64,3.95,6287.0
2025-05-19,4,7475.0,4.61,14.84,2305.0,4669.0,1.76,4.28,6974.0
2025-05-19,5,8455.0,4.73,14.45,3159.0,6420.0,3.27,6.51,9579.0
2025-05-19,6,10196.0,4.78,13.1,4298.0,9058.0,5.35,10.05,13356.0
2025-05-19,7,11480.0,4.73,12.03,4705.0,10132.0,6.17,11.44,14838.0
2025-05-19,8,11408.0,4.67,11.78,4838.0,10462.0,5.96,11.44,15300.0
2025-05-19,9,11347.0,4.56,11.64,4803.0,10238.0,6.0,11.44,15041.0
2025-05-19,10,11325.0,4.48,11.56,4947.0,10100.0,5.07,10.83,15048.0
2025-05-19,11,11342.0,4.36,11.7,5359.0,10223.0,4.15,10.75,15582.0
2025-05-19,12,11451.0,4.22,11.95,5417.0,10170.0,4.01,10.78,15587.0
2025-05-19,13,11607.0,4.09,12.36,5438.0,10227.0,3.91,10.74,15664.0
2025-05-19,14,11618.0,3.97,12.5,5425.0,10156.0,3.93,10.74,15581.0
2025-05-19,15,12815.0,3.97,11.95,5374.0,10069.0,4.02,10.73,15443.0
2025-05-19,16,13081.0,4.1,12.38,5523.0,10264.0,4.22,11.22,15787.0
2025-05-19,17,12333.0,4.2,13.17,5215.0,10175.0,4.95,11.34,15390.0
2025-05-19,18,9920.0,4.04,15.4,4925.0,10104.0,5.42,11.23,15029.0
2025-05-19,19,9597.0,3.65,17.11,4832.0,10013.0,5.53,11.24,14845.0
2025-05-19,20,9660.0,3.31,17.47,4688.0,9657.0,5.43,10.9,14345.0
2025-05-19,21,8132.0,2.97,18.36,3910.0,8420.0,4.58,8.92,12330.0
2025-05-19,22,7962.0,2.78,17.9,2840.0,6935.0,3.38,6.35,9775.0
2025-05-19,23,7782.0,2.72,16.8,3566.0,6629.0,2.24,5.97,10195.0
2025-05-20,0,8072.0,2.72,14.07,2680.0,5085.0,1.25,4.12,7764.0
2025-05-20,1,8137.0,2.98,14.48,2349.0,4722.0,1.37,3.96,7071.0
2025-05-20,2,8381.0,3.33,15.3,2096.0,4424.0,1.56,3.96,6520.0
2025-05-20,3,8352.0,3.75,15.2,2121.0,4315.0,1.53,3.96,6436.0
2025-05-20,4,8151.0,4.14,14.21,2031.0,4458.0,1.75,4.1,6489.0
2025-05-20,5,8857.0,4.46,15.09,2565.0,6123.0,3.31,5.97,8689.0
2025-05-20,6,9977.0,4.57,12.54,4322.0,9193.0,5.41,10.23,13515.0
2025-05-20,7,10389.0,4.34,10.75,4582.0,9995.0,6.06,11.24,14577.0
2025-05-20,8,11905.0,4.27,9.7,4733.0,10364.0,5.82,11.24,15097.0
2025-05-20,9,11879.0,4.25,9.46,4854.0,10445.0,5.82,11.44,15299.0
2025-05-20,10,12121.0,4.24,10.11,4944.0,10173.0,4.99,10.81,15118.0
2025-05-20,11,12250.0,4.28,10.34,5300.0,10006.0,4.2,10.74,15306.0
2025-05-20,12,12185.0,4.29,10.27,5458.0,10088.0,3.94,10.74,15547.0
2025-05-20,13,12230.0,4.28,10.37,5526.0,10194.0,3.81,10.74,15721.0
2025-05-20,14,12263.0,4.26,10.48,5534.0,10243.0,3.82,10.74,15777.0
2025-05-20,15,12515.0,4.27,11.07,5512.0,10239.0,3.89,10.73,15751.0
2025-05-20,16,12567.0,4.31,11.21,5561.0,10199.0,4.32,11.22,15760.0
2025-05-20,17,12190.0,4.37,11.47,5204.0,10168.0,5.09,11.24,15372.0
2025-05-20,18,9842.0,4.19,13.1,4962.0,10036.0,5.49,11.24,14998.0
2025-05-20,19,9425.0,3.8,13.2,4932.0,10206.0,5.56,11.24,15138.0
2025-05-20,20,9573.0,3.41,13.86,4898.0,10154.0,5.6,11.24,15052.0
2025-05-20,21,9665.0,3.11,13.97,4450.0,9058.0,4.69,9.71,13509.0
2025-05-20,22,10156.0,3.04,16.18,4183.0,7887.0,3.18,7.86,12070.0
2025-05-20,23,9519.0,3.16,16.23,3793.0,6836.0,2.04,6.19,10630.0
2025-05-21,0,7720.0,3.28,13.97,2705.0,5167.0,1.14,4.0,7872.0
2025-05-21,1,7965.0,3.45,13.93,2409.0,4924.0,1.37,3.96,7333.0
2025-05-21,2,8227.0,3.78,14.61,2094.0,4491.0,1.59,3.96,6585.0
2025-05-21,3,8178.0,4.16,14.4,2104.0,4468.0,1.58,3.95,6572.0
2025-05-21,4,8209.0,4.52,13.21,2657.0,5086.0,1.95,4.82,7744.0
2025-05-21,5,9047.0,4.64,14.07,3782.0,7237.0,3.56,7.56,11019.0
2025-05-21,6,10323.0,4.58,13.46,4960.0,10051.0,5.5,11.19,15011.0
2025-05-21,7,10081.0,4.28,12.59,4922.0,10536.0,6.17,11.73,15458.0
2025-05-21,8,11584.0,4.07,11.06,4819.0,10377.0,6.02,11.46,15196.0
2025-05-21,9,11625.0,4.04,10.63,4881.0,10331.0,5.91,11.43,15212.0
2025-05-21,10,11516.0,4.0,10.39,4945.0,10133.0,5.13,10.82,15078.0
2025-05-21,11,11573.0,3.92,10.59,5400.0,10437.0,4.2,10.74,15837.0
2025-05-21,12,12066.0,3.84,10.75,5515.0,10335.0,3.94,10.74,15850.0
2025-05-21,13,12729.0,3.87,10.69,5560.0,10393.0,3.83,10.74,15953.0
2025-05-21,14,12710.0,3.96,11.67,5519.0,10165.0,3.91,10.75,15684.0
2025-05-21,15,11908.0,3.97,13.6,5524.0,10174.0,3.88,10.74,15698.0
2025-05-21,16,12407.0,3.96,15.46,5614.0,10370.0,4.16,11.22,15984.0
2025-05-21,17,12050.0,4.01,14.12,5158.0,10233.0,5.12,11.23,15390.0
2025-05-21,18,11853.0,4.03,13.58,4987.0,10191.0,5.42,11.23,15178.0
2025-05-21,19,9810.0,3.89,14.62,4925.0,10079.0,5.49,11.24,15005.0
2025-05-21,20,10404.0,3.57,13.9,4913.0,10121.0,5.53,11.24,15034.0
2025-05-21,21,10775.0,3.46,12.63,4508.0,9252.0,4.72,9.87,13760.0
2025-05-21,22,8162.0,3.38,14.13,4067.0,7995.0,3.47,8.05,12062.0
2025-05-21,23,7352.0,2.99,12.46,3869.0,7097.0,2.29,6.62,10966.0
2025-05-22,0,7608.0,2.93,11.44,2662.0,5211.0,1.18,4.0,7873.0
2025-05-22,1,7593.0,3.06,11.31,2475.0,4882.0,1.29,3.96,7357.0
2025-05-22,2,7482.0,3.25,10.91,2427.0,4598.0,1.31,3.96,7025.0
2025-05-22,3,7445.0,3.46,10.7,2304.0,4404.0,1.41,3.96,6708.0
2025-05-22,4,8367.0,3.73,11.99,1818.0,4191.0,1.76,3.96,6010.0
2025-05-22,5,10448.0,4.32,12.42,2966.0,6269.0,3.56,6.74,9235.0
2025-05-22,6,10621.0,4.57,11.07,4165.0,8907.0,5.33,9.93,13072.0
2025-05-22,7,11387.0,4.52,10.33,4563.0,9974.0,6.08,11.24,14536.0
2025-05-22,8,12094.0,4.56,9.87,4665.0,10174.0,5.9,11.23,14839.0
2025-05-22,9,11880.0,4.59,10.18,4646.0,10270.0,5.84,11.14,14916.0
2025-05-22,10,10948.0,4.53,10.75,4720.0,9824.0,5.06,10.57,14544.0
2025-05-22,11,11214.0,4.41,11.46,5154.0,9938.0,4.11,10.43,15092.0
2025-05-22,12,12636.0,4.4,11.59,5192.0,9975.0,3.8,10.24,15167.0
2025-05-22,13,13019.0,4.52,12.26,5445.0,10335.0,3.88,10.73,15780.0
2025-05-22,14,12639.0,4.62,12.39,5493.0,10128.0,3.77,10.74,15621.0
2025-05-22,15,10844.0,4.52,14.28,5363.0,9997.0,3.88,10.59,15359.0
2025-05-22,16,10864.0,4.35,15.58,5325.0,9943.0,3.82,10.45,15267.0
2025-05-22,18,10757.0,3.99,16.36,4635.0,9816.0,5.28,10.68,14451.0
2025-05-22,19,8339.0,3.6,16.0,4643.0,9734.0,5.41,10.74,14377.0
2025-05-22,20,9529.0,3.21,15.86,4642.0,9647.0,5.39,10.74,14289.0
2025-05-22,21,12744.0,3.04,14.77,6054.0,10587.0,3.29,11.37,16641.0
2025-05-22,22,13317.0,3.12,14.41,6189.0,10524.0,3.39,11.74,16713.0
2025-05-22,23,9688.0,3.07,17.88,4711.0,8121.0,1.62,7.31,12831.0
2025-05-23,0,8676.0,2.98,17.48,3733.0,6021.0,0.13,4.18,9754.0
2025-05-23,1,8825.0,3.17,16.01,2733.0,4918.0,1.02,3.97,7651.0
2025-05-23,2,9264.0,3.62,15.64,2363.0,4507.0,1.36,3.96,6870.0
2025-05-23,3,9132.0,4.16,14.77,2110.0,4268.0,1.55,3.95,6378.0
2025-05-23,4,8668.0,4.67,12.65,2053.0,4620.0,1.87,4.19,6673.0
2025-05-23,5,8316.0,4.95,11.6,3128.0,6666.0,3.52,6.73,9794.0
2025-05-23,6,9493.0,4.83,12.03,4510.0,9431.0,5.32,10.3,13940.0
2025-05-23,7,9893.0,4.53,11.52,4833.0,10253.0,5.96,11.43,15086.0
2025-05-23,8,11748.0,4.37,9.96,4921.0,10346.0,5.92,11.44,15267.0
2025-05-23,16,12424.0,4.29,10.71,5353.0,10311.0,3.88,10.3,15663.0
2025-05-23,17,11811.0,4.29,11.03,5431.0,10632.0,4.73,11.3,16063.0
2025-05-23,18,11202.0,4.25,11.37,5368.0,10637.0,4.98,11.43,16005.0
2025-05-23,19,10131.0,3.96,13.52,4771.0,9867.0,5.36,10.81,14638.0
2025-05-23,20,9193.0,3.61,15.34,4700.0,9865.0,5.35,10.74,14565.0
2025-05-23,21,9193.0,3.28,15.32,4346.0,9095.0,4.65,9.46,13441.0
2025-05-23,22,9242.0,3.09,15.43,4190.0,8137.0,3.36,8.01,12327.0
2025-05-23,23,8853.0,3.01,16.96,3920.0,7111.0,2.22,6.55,11031.0
2025-05-24,0,8380.0,3.09,14.86,2702.0,5117.0,1.19,4.03,7819.0
2025-05-24,1,8256.0,3.36,14.66,2492.0,4834.0,1.29,3.96,7326.0
2025-05-24,2,8280.0,3.69,14.71,2308.0,4502.0,1.43,3.95,6810.0
2025-05-24,3,8356.0,4.07,15.0,2222.0,4316.0,1.48,3.96,6538.0
2025-05-24,4,8088.0,4.47,13.81,1958.0,4268.0,1.72,4.0,6226.0
2025-05-24,5,8045.0,4.8,13.69,2377.0,5682.0,3.02,5.59,8059.0
2025-05-24,6,6773.0,5.04,14.89,1000.0,2274.0,2.37,4.46,3274.0
2025-05-24,7,11949.0,5.34,14.87,281.0,-6.0,3.14,4.95,276.0
2025-05-24,8,10202.0,5.15,15.66,4393.0,8983.0,5.57,10.56,13375.0
2025-05-24,9,10407.0,4.75,12.39,4954.0,10376.0,5.87,11.69,15330.0
2025-05-24,10,10965.0,4.61,11.83,4813.0,10030.0,5.15,10.78,14843.0
2025-05-24,11,11122.0,4.54,11.77,4991.0,9803.0,4.13,10.26,14794.0
2025-05-24,12,10963.0,4.45,11.6,5243.0,9592.0,3.8,10.27,14836.0
2025-05-24,13,10799.0,4.35,11.46,5261.0,9542.0,3.72,10.24,14803.0
2025-05-24,14,10851.0,4.25,11.51,5278.0,9676.0,3.78,10.25,14954.0
2025-05-24,15,11045.0,4.14,11.62,5230.0,9664.0,3.79,10.25,14894.0
2025-05-24,16,11071.0,4.04,11.81,5196.0,9695.0,3.81,10.25,14891.0
2025-05-24,17,11835.0,3.99,11.26,5008.0,9668.0,4.57,10.57,14676.0
2025-05-24,18,11305.0,4.07,12.24,4729.0,9417.0,5.28,10.74,14146.0
2025-05-24,19,9324.0,3.91,15.47,4681.0,9147.0,5.35,10.74,13828.0
2025-05-24,20,9119.0,3.6,16.47,4674.0,9206.0,5.35,10.74,13879.0
2025-05-24,21,9477.0,3.34,18.08,4577.0,8911.0,4.61,9.87,13488.0
2025-05-24,22,9148.0,3.18,20.44,4258.0,7990.0,3.24,8.03,12248.0
2025-05-24,23,8669.0,3.07,18.05,3885.0,6802.0,2.23,6.54,10687.0
2025-05-25,0,8315.0,3.22,15.51,2661.0,5010.0,1.24,4.1,7671.0
2025-05-25,1,8147.0,3.51,15.32,2350.0,4633.0,1.38,3.96,6983.0
2025-05-25,2,8169.0,3.86,15.14,2310.0,4475.0,1.4,3.96,6785.0
2025-05-25,3,7260.0,4.21,15.58,2135.0,4200.0,1.53,3.96,6336.0
2025-05-25,4,6530.0,4.38,15.27,1915.0,4154.0,1.7,3.96,6069.0
2025-05-25,5,7328.0,4.47,16.48,2945.0,6005.0,3.45,6.57,8950.0
2025-05-25,6,9678.0,4.49,15.66,4126.0,8314.0,5.5,9.98,12441.0
2025-05-25,7,10455.0,4.41,14.59,4547.0,9261.0,6.21,11.24,13808.0
2025-05-25,8,11054.0,4.4,13.83,4774.0,9697.0,5.89,11.24,14471.0
2025-05-25,9,11090.0,4.36,13.7,4873.0,9894.0,5.68,11.24,14768.0
2025-05-25,10,10797.0,4.27,13.45,4821.0,9789.0,5.23,10.75,14610.0
2025-05-25,11,10834.0,4.18,13.34,5102.0,9860.0,4.38,10.44,14962.0
2025-05-25,12,10996.0,4.06,13.47,5326.0,9704.0,3.94,10.43,15030.0
2025-05-25,13,10975.0,3.94,13.53,5392.0,9779.0,3.87,10.43,15171.0
2025-05-25,14,11264.0,3.82,14.59,5389.0,9802.0,3.88,10.44,15190.0
2025-05-25,15,13052.0,3.9,13.77,5358.0,9721.0,3.88,10.43,15079.0
2025-05-25,16,13187.0,4.18,13.6,5282.0,9766.0,4.06,10.48,15048.0
2025-05-25,17,11335.0,4.33,14.85,5075.0,9618.0,4.91,10.95,14693.0
2025-05-25,18,9882.0,4.19,15.79,4783.0,9512.0,5.45,10.94,14295.0
2025-05-25,19,9723.0,3.97,15.86,4860.0,9724.0,5.34,10.94,14585.0
2025-05-25,20,9850.0,3.72,16.26,4867.0,9802.0,5.34,10.93,14669.0
2025-05-25,21,9873.0,3.52,16.42,4586.0,9162.0,4.61,9.8,13748.0
2025-05-25,22,9752.0,3.4,17.01,4711.0,8551.0,3.79,9.26,13262.0
2025-05-25,23,8743.0,3.33,18.07,3954.0,6975.0,2.25,6.61,10930.0
2025-05-26,0,8148.0,3.43,15.87,2799.0,5120.0,1.25,4.22,7919.0
2025-05-26,1,7544.0,3.69,15.82,2481.0,4541.0,1.29,3.96,7022.0
2025-05-26,2,7431.0,3.94,16.14,2255.0,4239.0,1.46,3.96,6494.0
2025-05-26,3,7472.0,4.23,16.35,2097.0,4189.0,1.58,3.96,6285.0
2025-05-26,4,7344.0,4.53,15.73,1807.0,4197.0,1.81,3.99,6005.0
2025-05-26,5,7258.0,4.69,15.25,3075.0,6513.0,3.49,6.73,9588.0
2025-05-26,6,9029.0,4.49,13.47,4495.0,9367.0,5.4,10.4,13862.0
2025-05-26,7,9417.0,4.19,12.51,4697.0,9986.0,5.95,11.25,14683.0
2025-05-26,8,11544.0,4.03,10.42,4861.0,10297.0,5.87,11.43,15159.0
2025-05-26,9,11467.0,3.98,10.13,4986.0,10482.0,5.61,11.44,15469.0
2025-05-26,10,11878.0,3.95,10.16,4811.0,9946.0,4.82,10.38,14758.0
2025-05-26,11,12737.0,4.12,10.72,5170.0,9846.0,3.97,10.24,15016.0
2025-05-26,12,13032.0,4.33,11.25,5307.0,9819.0,3.69,10.24,15126.0
2025-05-26,13,12077.0,4.49,12.03,5307.0,9980.0,3.67,10.25,15286.0
2025-05-26,14,11909.0,4.52,12.69,5271.0,10009.0,3.74,10.23,15280.0
2025-05-26,15,10772.0,4.45,14.05,5260.0,10022.0,3.77,10.24,15282.0
2025-05-26,16,10969.0,4.35,15.02,5192.0,9646.0,3.89,10.24,14838.0
2025-05-26,17,10136.0,4.23,16.39,4977.0,9751.0,4.75,10.66,14728.0
2025-05-26,18,9983.0,3.99,17.25,4793.0,9784.0,5.18,10.74,14577.0
2025-05-26,19,10036.0,3.76,17.22,4732.0,9786.0,5.3,10.73,14518.0
2025-05-26,20,10021.0,3.54,17.27,4743.0,9724.0,5.31,10.75,14467.0
2025-05-26,21,8760.0,3.3,17.67,4424.0,8667.0,4.61,9.64,13092.0
2025-05-26,22,8651.0,3.05,18.66,4071.0,7782.0,3.45,8.0,11853.0
2025-05-26,23,8416.0,2.97,17.38,3465.0,6515.0,2.29,6.08,9980.0
2025-05-27,0,8245.0,3.12,16.62,2453.0,4982.0,1.36,4.03,7435.0
2025-05-27,1,9858.0,3.58,15.31,2261.0,4707.0,1.44,3.96,6968.0
2025-05-27,2,8203.0,4.17,15.26,2140.0,4452.0,1.53,3.96,6591.0
2025-05-27,3,7125.0,4.42,14.72,2098.0,4426.0,1.57,3.96,6524.0
2025-05-27,4,7098.0,4.64,14.67,1925.0,4371.0,1.71,3.97,6296.0
2025-05-27,5,8684.0,4.89,15.64,2883.0,6374.0,3.4,6.46,9257.0
2025-05-27,6,9450.0,4.89,14.05,4426.0,9063.0,5.32,10.29,13489.0
2025-05-27,7,10241.0,4.72,11.7,4726.0,10038.0,6.07,11.43,14764.0
2025-05-27,8,10960.0,4.57,10.56,4828.0,10113.0,5.91,11.44,14941.0
2025-05-27,9,11145.0,4.47,11.24,4879.0,10120.0,5.82,11.45,14999.0
2025-05-27,10,11470.0,4.41,12.09,5167.0,10091.0,5.28,11.45,15259.0
2025-05-27,11,11722.0,4.37,12.9,5351.0,9996.0,4.09,10.62,15346.0
2025-05-27,12,11819.0,4.37,13.26,5364.0,9987.0,3.69,10.24,15351.0
2025-05-27,13,12411.0,4.43,13.18,5379.0,9848.0,3.69,10.24,15227.0
2025-05-27,14,11705.0,4.52,14.18,5329.0,9705.0,3.8,10.25,15034.0
2025-05-27,15,12009.0,4.58,15.04,5348.0,9738.0,3.73,10.24,15086.0
2025-05-27,16,11691.0,4.65,14.84,5320.0,9814.0,3.82,10.24,15134.0
2025-05-27,17,10748.0,4.59,14.8,5122.0,10003.0,4.61,10.61,15124.0
2025-05-27,18,9689.0,4.38,14.94,4877.0,9868.0,5.19,10.74,14745.0
2025-05-27,19,9179.0,4.09,15.79,4858.0,9687.0,5.22,10.74,14545.0
2025-05-27,20,7595.0,3.56,17.55,4849.0,9677.0,5.24,10.74,14525.0
2025-05-27,21,7585.0,2.97,17.59,4551.0,9109.0,4.64,9.72,13660.0
2025-05-27,22,7644.0,2.5,17.84,4196.0,8379.0,3.61,8.21,12574.0
2025-05-27,23,9270.0,2.29,16.19,3748.0,7082.0,2.24,6.28,10830.0
2025-05-28,0,9132.0,2.53,13.69,2773.0,5412.0,1.34,4.28,8185.0
2025-05-28,1,9166.0,3.03,13.46,2333.0,4828.0,1.45,3.96,7161.0
2025-05-28,2,9117.0,3.56,13.3,2152.0,4521.0,1.56,3.96,6674.0
2025-05-28,3,9055.0,4.13,12.91,2124.0,4523.0,1.59,3.96,6646.0
2025-05-28,4,8958.0,4.68,12.66,1859.0,4444.0,1.78,3.96,6302.0
2025-05-28,5,7217.0,5.0,13.48,2971.0,6611.0,3.61,6.69,9581.0
2025-05-28,6,8520.0,4.76,12.54,4065.0,8873.0,5.24,9.54,12938.0
2025-05-28,7,10767.0,4.6,10.95,4675.0,10120.0,6.03,11.19,14795.0
2025-05-28,8,10949.0,4.52,10.72,4833.0,10356.0,5.83,11.23,15189.0
2025-05-28,9,11399.0,4.43,11.88,4928.0,10454.0,5.65,11.24,15382.0
2025-05-28,10,11379.0,4.37,11.97,5166.0,10503.0,5.19,11.24,15669.0
2025-05-28,11,11419.0,4.27,12.0,5436.0,10349.0,4.04,10.67,15784.0
2025-05-28,12,11468.0,4.2,12.01,5344.0,9974.0,3.73,10.24,15318.0
2025-05-28,13,11860.0,4.18,13.4,5404.0,10066.0,3.62,10.24,15470.0
2025-05-28,14,12209.0,4.23,14.31,5398.0,10186.0,3.63,10.24,15584.0
2025-05-28,15,12271.0,4.3,15.33,5371.0,10144.0,3.66,10.24,15515.0
2025-05-28,16,12076.0,4.38,15.48,5153.0,9908.0,4.07,10.24,15060.0
2025-05-28,17,11838.0,4.5,15.08,4883.0,9897.0,4.94,10.6,14780.0
2025-05-28,18,10541.0,4.46,15.26,4891.0,10183.0,5.29,10.94,15074.0
2025-05-28,19,9938.0,4.29,14.61,4831.0,9972.0,5.36,10.94,14803.0
2025-05-28,20,9088.0,3.97,14.87,4721.0,9985.0,5.53,10.93,14705.0
2025-05-28,21,8034.0,3.48,15.6,4658.0,9496.0,4.88,10.21,14153.0
2025-05-28,22,7837.0,3.01,14.65,4301.0,8349.0,3.47,8.32,12650.0
2025-05-28,23,7856.0,2.7,14.46,3889.0,7268.0,2.43,6.73,11158.0
2025-05-29,0,7548.0,2.67,13.1,2646.0,5036.0,1.26,4.14,7681.0
2025-05-29,1,7727.0,2.88,13.92,2338.0,4715.0,1.39,3.96,7054.0
2025-05-29,2,7800.0,3.17,14.33,2154.0,4450.0,1.52,3.96,6603.0
2025-05-29,3,7919.0,3.52,15.09,2107.0,4291.0,1.54,3.96,6398.0
2025-05-29,4,7965.0,3.9,15.16,1895.0,4229.0,1.7,3.96,6124.0
2025-05-29,5,9184.0,4.28,13.94,3011.0,6421.0,3.31,6.54,9432.0
2025-05-29,6,10521.0,4.44,12.58,4094.0,8807.0,5.01,9.48,12900.0
2025-05-29,7,11367.0,4.47,12.1,4559.0,9884.0,6.09,11.21,14443.0
2025-05-29,8,11352.0,4.49,11.85,4706.0,10073.0,5.89,11.24,14779.0
2025-05-29,9,11249.0,4.44,11.67,4770.0,10239.0,5.76,11.24,15010.0
2025-05-29,10,11316.0,4.4,11.64,4789.0,9867.0,4.8,10.36,14655.0
2025-05-29,11,11441.0,4.37,12.01,5184.0,9999.0,3.9,10.24,15183.0
2025-05-29,12,11467.0,4.3,12.27,5342.0,10057.0,3.6,10.24,15399.0
2025-05-29,13,11709.0,4.25,12.85,5368.0,10005.0,3.53,10.24,15373.0
2025-05-29,14,12146.0,4.27,14.19,5344.0,9742.0,3.57,10.24,15086.0
2025-05-29,15,12421.0,4.37,14.96,5357.0,9910.0,3.58,10.24,15267.0
2025-05-29,16,12592.0,4.52,15.82,5188.0,9773.0,3.94,10.25,14961.0
2025-05-29,17,10810.0,4.59,17.02,4708.0,9554.0,4.8,10.24,14263.0
2025-05-29,18,10703.0,4.53,16.92,4801.0,9870.0,5.38,10.94,14671.0
2025-05-29,19,8284.0,4.25,18.73,4787.0,9739.0,5.42,10.94,14527.0
2025-05-29,20,8645.0,3.68,17.18,4813.0,9677.0,5.4,10.94,14490.0
2025-05-29,21,9662.0,3.37,16.62,4568.0,9093.0,4.75,9.94,13662.0
2025-05-29,22,9617.0,3.21,16.35,4221.0,8210.0,3.59,8.29,12432.0
2025-05-29,23,7716.0,3.08,16.52,3589.0,6704.0,2.11,6.02,10293.0
2025-05-30,0,8316.0,3.16,14.69,2551.0,5047.0,1.24,3.96,7598.0
2025-05-30,1,8316.0,3.48,14.8,2407.0,4772.0,1.35,3.96,7179.0
2025-05-30,2,8404.0,3.85,15.27,2293.0,4556.0,1.43,3.96,6850.0
2025-05-30,3,8393.0,4.27,15.31,2289.0,4514.0,1.44,3.96,6803.0
2025-05-30,4,8205.0,4.7,14.28,1825.0,4380.0,1.77,3.97,6204.0
2025-05-30,5,7959.0,5.03,12.4,2773.0,6397.0,3.43,6.39,9170.0
2025-05-30,6,8991.0,4.84,12.92,4534.0,9378.0,5.51,10.51,13912.0
2025-05-30,7,9901.0,4.61,12.36,4667.0,10127.0,6.1,11.24,14794.0
2025-05-30,8,10024.0,4.37,12.14,4778.0,10196.0,5.88,11.24,14974.0
2025-05-30,9,10864.0,4.2,11.88,4897.0,10237.0,5.71,11.23,15133.0
2025-05-30,10,10974.0,4.12,11.84,4896.0,9833.0,4.88,10.46,14729.0
2025-05-30,11,10913.0,4.04,11.78,5234.0,10163.0,4.02,10.23,15397.0
2025-05-30,12,10940.0,3.9,11.94,5384.0,10164.0,3.72,10.24,15548.0
2025-05-30,13,11044.0,3.76,12.1,5416.0,10210.0,3.61,10.25,15625.0
2025-05-30,14,11177.0,3.64,12.4,5406.0,10060.0,3.67,10.23,15466.0
2025-05-30,15,12114.0,3.59,13.93,5414.0,10011.0,3.64,10.24,15425.0
2025-05-30,16,13182.0,3.8,14.42,5269.0,9800.0,4.09,10.44,15070.0
2025-05-30,17,11728.0,4.01,15.23,4955.0,9856.0,5.02,10.71,14811.0
2025-05-30,18,11419.0,4.09,15.48,4796.0,9901.0,5.35,10.74,14698.0
2025-05-30,19,7713.0,3.8,18.51,4744.0,9688.0,5.41,10.74,14432.0
2025-05-30,20,7673.0,3.21,18.63,4719.0,9581.0,5.44,10.74,14300.0
2025-05-30,21,8760.0,2.71,17.76,4368.0,8901.0,4.74,9.55,13269.0
2025-05-30,22,10569.0,2.73,15.88,4034.0,8108.0,3.49,7.86,12142.0
2025-05-30,23,10242.0,2.96,15.51,3580.0,6828.0,2.15,6.02,10408.0
2025-05-31,0,9174.0,3.35,14.8,2610.0,4957.0,1.21,4.0,7566.0
2025-05-31,1,8674.0,3.78,15.22,2334.0,4668.0,1.42,3.96,7003.0
2025-05-31,2,8161.0,4.19,16.15,2237.0,4377.0,1.47,3.96,6614.0
2025-05-31,3,8116.0,4.59,15.7,2116.0,4252.0,1.55,3.96,6368.0
2025-05-31,4,7720.0,4.95,13.64,2117.0,4401.0,1.68,4.09,6518.0
2025-05-31,5,8533.0,5.15,13.62,3047.0,6237.0,3.37,6.58,9285.0
2025-05-31,6,9803.0,5.04,13.92,4359.0,8774.0,5.36,10.27,13132.0
2025-05-31,7,10813.0,4.99,13.25,4759.0,9762.0,5.94,11.43,14521.0
2025-05-31,8,10667.0,4.86,12.96,4863.0,9863.0,5.77,11.44,14726.0
2025-05-31,9,10821.0,4.71,12.54,4965.0,10129.0,5.59,11.44,15094.0
2025-05-31,10,11512.0,4.67,11.71,4842.0,9659.0,4.69,10.36,14502.0
2025-05-31,11,11696.0,4.71,11.81,5195.0,9775.0,3.87,10.24,14970.0
2025-05-31,12,11792.0,4.73,12.1,5258.0,9716.0,3.74,10.23,14974.0
2025-05-31,13,11863.0,4.78,12.23,5187.0,9579.0,3.85,10.24,14766.0
2025-05-31,14,11629.0,4.85,12.24,5200.0,9487.0,3.83,10.24,14687.0
2025-05-31,15,10437.0,4.78,13.04,5140.0,9484.0,3.94,10.23,14623.0
2025-05-31,16,10009.0,4.61,13.85,5178.0,9494.0,4.1,10.5,14672.0
2025-05-31,17,9932.0,4.33,13.76,5128.0,9942.0,4.89,11.15,15070.0
2025-05-31,18,10191.0,4.11,14.83,4638.0,9238.0,5.31,10.74,13877.0
2025-05-31,19,10366.0,4.04,15.41,4576.0,9165.0,5.4,10.74,13741.0
2025-05-31,20,9305.0,3.92,16.31,4539.0,9194.0,5.45,10.7,13732.0
2025-05-31,21,8330.0,3.56,17.95,4542.0,8922.0,4.76,10.06,13464.0
2025-05-31,22,8518.0,3.22,18.69,4517.0,8334.0,3.74,8.95,12851.0
2025-05-31,23,8717.0,2.97,19.83,4357.0,7659.0,2.79,7.83,12016.0
