date,hour,MB_Qin,MB_Level,MB_Inlet,MB_F_Nimit,MB_F_Ram,MB_F_Suwin,MB_P_Nimit,MB_P_Ram,MB_P_Suwin,TotalFlow
2026-03-01,0,16025.0,5.66,8.29,3110.0,3178.0,4243.0,7.03,6.94,7.57,10532.0
2026-03-01,1,12709.0,5.89,11.09,2937.0,3062.0,4088.0,7.06,6.98,7.59,10088.0
2026-03-01,2,12224.0,6.03,11.62,2749.0,2857.0,3908.0,6.94,6.88,7.47,9515.0
2026-03-01,3,12208.0,6.19,11.61,2698.0,2812.0,3868.0,6.91,6.85,7.43,9379.0
2026-03-01,4,16228.0,6.44,7.35,2802.0,2950.0,4087.0,6.98,6.91,7.49,9839.0
2026-03-01,5,16411.0,6.76,6.41,3571.0,3809.0,5408.0,10.85,10.68,11.22,12788.0
2026-03-01,6,17700.0,6.83,6.45,5075.0,5262.0,7168.0,17.09,16.75,17.64,17505.0
2026-03-01,7,17622.0,6.74,6.44,5910.0,6058.0,8238.0,19.67,19.21,20.33,20206.0
2026-03-01,8,17160.0,6.53,6.43,6265.0,6375.0,8530.0,19.92,19.42,20.62,21170.0
2026-03-01,9,17064.0,6.24,6.45,6521.0,6535.0,8619.0,20.06,19.54,20.8,21674.0
2026-03-01,10,17335.0,5.95,6.46,6470.0,6450.0,8474.0,20.09,19.58,20.82,21394.0
2026-03-01,11,17456.0,5.74,6.46,5930.0,5920.0,7725.0,17.43,17.02,18.23,19575.0
2026-03-01,12,17584.0,5.68,6.58,5318.0,5324.0,6952.0,14.34,13.99,15.02,17593.0
2026-03-01,13,17557.0,5.7,6.59,5170.0,5213.0,6807.0,13.97,13.64,14.63,17191.0
2026-03-01,14,17610.0,5.73,6.61,5104.0,5122.0,6788.0,13.95,13.62,14.61,17013.0
2026-03-01,15,17732.0,5.77,6.61,5065.0,5081.0,6754.0,13.93,13.62,14.57,16899.0
2026-03-01,16,17569.0,5.77,6.62,5550.0,5636.0,7514.0,16.4,15.98,16.98,18700.0
2026-03-01,17,17197.0,5.61,6.83,6127.0,6355.0,8263.0,19.02,18.45,19.68,20745.0
2026-03-01,18,17199.0,5.4,6.86,6168.0,6286.0,8133.0,19.37,18.85,20.05,20587.0
2026-03-01,19,17184.0,5.22,6.95,5944.0,5962.0,7788.0,19.24,18.8,19.91,19693.0
2026-03-01,20,16139.0,5.06,8.13,5586.0,5581.0,7328.0,17.5,17.11,18.22,18495.0
2026-03-01,21,16019.0,4.97,8.25,4838.0,4778.0,6418.0,14.26,14.0,14.9,16034.0
2026-03-01,22,16967.0,5.07,8.47,4144.0,4041.0,5279.0,11.04,10.89,11.69,13464.0
2026-03-01,23,17643.0,5.37,8.62,3325.0,3211.0,4215.0,8.37,8.31,9.02,10751.0
2026-03-02,0,16053.0,5.75,8.16,3050.0,3126.0,4122.0,7.09,7.03,7.69,10298.0
2026-03-02,1,16310.0,6.09,7.56,2801.0,2888.0,3862.0,6.82,6.77,7.37,9551.0
2026-03-02,2,15718.0,6.49,8.48,2666.0,2764.0,3700.0,6.76,6.72,7.31,9129.0
2026-03-02,3,13585.0,6.79,10.78,2722.0,2851.0,3841.0,7.25,7.2,7.77,9414.0
2026-03-02,4,14041.0,6.98,9.7,3305.0,3575.0,4874.0,9.79,9.66,10.18,11754.0
2026-03-02,5,15689.0,7.01,6.54,4806.0,4994.0,6825.0,15.74,15.45,16.21,16625.0
2026-03-02,6,16374.0,6.85,6.41,5949.0,6047.0,8073.0,19.59,19.15,20.25,20070.0
2026-03-02,7,16886.0,6.6,6.42,6382.0,6369.0,8389.0,19.64,19.16,20.38,21140.0
2026-03-02,8,16804.0,6.32,6.43,6420.0,6385.0,8386.0,19.67,19.19,20.43,21191.0
2026-03-02,9,16838.0,6.05,6.44,6262.0,6224.0,8245.0,19.64,19.2,20.37,20731.0
2026-03-02,10,17219.0,5.84,6.45,5699.0,5616.0,7354.0,16.89,16.53,17.65,18669.0
2026-03-02,11,17159.0,5.81,6.44,5121.0,5051.0,6687.0,13.99,13.68,14.63,16859.0
2026-03-02,12,17244.0,5.83,6.76,4989.0,5005.0,6637.0,13.42,13.11,14.05,16632.0
2026-03-02,13,17395.0,5.88,6.91,4927.0,4990.0,6676.0,13.43,13.11,14.06,16592.0
2026-03-02,14,17357.0,5.94,6.98,4843.0,4881.0,6561.0,13.42,13.11,14.0,16285.0
2026-03-02,15,17309.0,5.99,7.08,4872.0,4929.0,6627.0,13.41,13.09,14.01,16429.0
2026-03-02,16,16938.0,5.99,7.31,5295.0,5371.0,7225.0,15.15,14.76,15.7,17892.0
2026-03-02,17,16774.0,5.86,7.28,5927.0,5998.0,8100.0,18.04,17.54,18.61,20025.0
2026-03-02,18,16752.0,5.63,7.28,6166.0,6157.0,8319.0,19.41,18.9,20.02,20642.0
2026-03-02,19,15901.0,5.39,8.25,5962.0,5973.0,7972.0,19.35,18.87,19.96,19907.0
2026-03-02,20,15394.0,5.15,8.77,5877.0,5872.0,7910.0,19.34,18.88,19.95,19659.0
2026-03-02,21,15265.0,4.92,8.98,5453.0,5421.0,7242.0,17.38,17.0,18.04,18115.0
2026-03-02,22,16575.0,4.87,8.38,4522.0,4431.0,5844.0,12.7,12.47,13.39,14797.0
2026-03-02,23,17871.0,5.12,8.67,3481.0,3323.0,4418.0,8.69,8.6,9.3,11222.0
2026-03-03,0,14767.0,5.44,7.9,3199.0,3255.0,4313.0,7.27,7.17,7.84,10767.0
2026-03-03,1,14088.0,5.65,7.65,2961.0,3036.0,4019.0,6.87,6.79,7.43,10016.0
2026-03-03,2,15125.0,5.93,6.87,2803.0,2885.0,3813.0,6.75,6.69,7.29,9501.0
2026-03-03,3,15404.0,6.26,6.66,2769.0,2848.0,3761.0,6.73,6.67,7.27,9379.0
2026-03-03,4,15137.0,6.58,6.54,2851.0,2982.0,3965.0,6.74,6.67,7.27,9799.0
2026-03-03,5,14509.0,6.79,6.35,3882.0,4019.0,5439.0,10.73,10.55,11.12,13340.0
2026-03-03,6,16673.0,6.74,6.41,5477.0,5539.0,7285.0,17.25,16.89,17.82,18301.0
2026-03-03,7,17139.0,6.55,6.44,6401.0,6550.0,8383.0,19.84,19.31,20.57,21335.0
2026-03-03,8,16884.0,6.26,6.43,6530.0,6582.0,8608.0,19.88,19.38,20.65,21719.0
2026-03-03,9,16925.0,5.95,6.45,6489.0,6481.0,8518.0,19.87,19.38,20.62,21488.0
2026-03-03,10,17280.0,5.67,6.46,6445.0,6410.0,8318.0,19.84,19.36,20.61,21173.0
2026-03-03,11,17288.0,5.47,6.45,5798.0,5818.0,7624.0,17.2,16.81,17.98,19241.0
2026-03-03,12,17435.0,5.41,6.45,5259.0,5356.0,6892.0,14.34,13.97,14.99,17507.0
2026-03-03,13,17415.0,5.43,6.45,5115.0,5128.0,6811.0,13.96,13.62,14.59,17054.0
2026-03-03,14,17871.0,5.48,6.47,5040.0,5082.0,6735.0,13.95,13.61,14.57,16857.0
2026-03-03,15,17855.0,5.54,6.45,5044.0,5112.0,6708.0,13.96,13.61,14.55,16863.0
2026-03-03,16,17637.0,5.55,6.47,5560.0,5661.0,7481.0,16.14,15.74,16.72,18702.0
2026-03-03,17,17324.0,5.39,6.49,6204.0,6278.0,8295.0,18.89,18.4,19.57,20777.0
2026-03-03,18,17072.0,5.17,6.5,6274.0,6259.0,8190.0,19.25,18.79,19.95,20723.0
2026-03-03,19,16534.0,4.97,7.18,6005.0,6022.0,7824.0,19.01,18.59,19.7,19851.0
2026-03-03,20,16496.0,4.8,7.18,5677.0,5636.0,7342.0,17.31,16.96,18.04,18655.0
2026-03-03,21,16619.0,4.74,7.17,4952.0,4857.0,6413.0,14.27,14.01,14.94,16221.0
2026-03-03,22,16350.0,4.83,8.4,4190.0,4064.0,5224.0,10.9,10.75,11.56,13478.0
2026-03-03,23,15364.0,5.03,10.58,3353.0,3200.0,4148.0,8.36,8.3,9.0,10702.0
2026-03-04,0,13011.0,5.26,9.37,3115.0,3155.0,4104.0,7.01,6.94,7.56,10374.0
2026-03-04,1,12708.0,5.4,9.16,2964.0,3019.0,3932.0,7.04,6.98,7.59,9915.0
2026-03-04,2,12902.0,5.58,9.2,2804.0,2868.0,3747.0,7.01,6.97,7.56,9419.0
2026-03-04,3,14680.0,5.83,7.31,2766.0,2845.0,3732.0,6.98,6.94,7.52,9344.0
2026-03-04,4,14731.0,6.08,6.88,3372.0,3567.0,4771.0,9.45,9.33,9.89,11710.0
2026-03-04,5,14770.0,6.12,6.41,4844.0,5022.0,6746.0,15.49,15.17,15.94,16612.0
2026-03-04,6,15140.0,5.88,6.36,6060.0,6170.0,8104.0,19.56,19.1,20.24,20335.0
2026-03-04,7,16116.0,5.55,6.39,6434.0,6420.0,8463.0,19.66,19.17,20.4,21317.0
2026-03-04,8,16712.0,5.25,6.41,6404.0,6334.0,8437.0,19.65,19.18,20.39,21175.0
2026-03-04,9,16679.0,4.96,6.44,6204.0,6157.0,8212.0,19.47,19.04,20.2,20573.0
2026-03-04,10,17119.0,4.74,6.44,5699.0,5617.0,7567.0,17.1,16.75,17.97,18883.0
2026-03-04,11,17255.0,4.69,6.45,5029.0,4979.0,6726.0,13.99,13.69,14.67,16734.0
2026-03-04,12,17858.0,4.74,6.47,4907.0,4925.0,6595.0,13.3,13.0,13.95,16427.0
2026-03-04,13,17846.0,4.83,6.46,4875.0,4929.0,6670.0,13.32,13.01,13.98,16474.0
2026-03-04,14,17837.0,4.93,6.47,4841.0,4913.0,6613.0,13.32,13.01,13.95,16367.0
2026-03-04,15,17926.0,5.01,6.45,4828.0,4909.0,6628.0,13.33,13.01,13.93,16365.0
2026-03-04,16,17687.0,5.06,6.46,5230.0,5361.0,7233.0,14.91,14.53,15.49,17825.0
2026-03-04,17,17503.0,4.97,6.49,5926.0,6018.0,8213.0,18.09,17.63,18.72,20157.0
2026-03-04,18,17329.0,4.75,6.49,6281.0,6328.0,8557.0,19.81,19.33,20.48,21166.0
2026-03-04,19,17250.0,4.55,6.49,6052.0,6094.0,8184.0,19.64,19.19,20.32,20331.0
2026-03-04,20,17180.0,4.37,6.48,6004.0,6025.0,8004.0,19.49,19.06,20.17,20033.0
2026-03-04,21,17221.0,4.24,6.47,5484.0,5491.0,7237.0,17.39,17.03,18.1,18212.0
2026-03-04,22,17438.0,4.27,6.47,4488.0,4392.0,5752.0,12.63,12.39,13.32,14631.0
2026-03-04,23,17562.0,4.56,6.46,3389.0,3247.0,4256.0,8.4,8.28,9.0,10893.0
2026-03-05,0,16638.0,4.95,6.43,3134.0,3198.0,4197.0,7.18,7.05,7.74,10528.0
2026-03-05,1,15491.0,5.27,6.86,2926.0,2999.0,3980.0,7.09,6.98,7.62,9905.0
2026-03-05,2,15578.0,5.6,7.0,2816.0,2885.0,3927.0,7.06,6.97,7.59,9628.0
2026-03-05,3,16283.0,5.95,6.47,2789.0,2875.0,3906.0,7.04,6.95,7.57,9570.0
2026-03-05,4,16087.0,6.28,6.4,3483.0,3616.0,4915.0,9.52,9.34,9.92,12013.0
2026-03-05,5,15269.0,6.34,6.37,4711.0,4972.0,6900.0,15.53,15.2,16.0,16584.0
2026-03-05,6,17343.0,6.19,6.43,6079.0,6124.0,8251.0,19.49,19.05,20.17,20454.0
2026-03-05,7,16992.0,5.95,6.41,6553.0,6488.0,8637.0,19.76,19.27,20.5,21677.0
2026-03-05,8,16772.0,5.65,6.41,6452.0,6408.0,8533.0,19.75,19.28,20.51,21393.0
2026-03-05,9,16699.0,5.36,6.43,6201.0,6188.0,8272.0,19.51,19.07,20.25,20661.0
2026-03-05,10,16580.0,5.14,6.43,5599.0,5505.0,7331.0,16.73,16.4,17.5,18435.0
2026-03-05,11,16601.0,5.08,6.43,5002.0,4936.0,6685.0,13.97,13.72,14.64,16622.0
2026-03-05,12,16780.0,5.09,6.42,4831.0,4850.0,6706.0,13.67,13.41,14.3,16387.0
2026-03-05,13,17229.0,5.13,6.44,4745.0,4853.0,6737.0,13.68,13.41,14.31,16335.0
2026-03-05,14,17443.0,5.2,6.47,4690.0,4763.0,6619.0,13.61,13.34,14.24,16072.0
2026-03-05,15,17431.0,5.28,6.46,4679.0,4783.0,6616.0,13.5,13.22,14.09,16079.0
2026-03-05,16,17447.0,5.31,6.47,5193.0,5313.0,7296.0,15.15,14.8,15.74,17801.0
2026-03-05,17,17340.0,5.2,6.49,5918.0,6021.0,8244.0,17.97,17.52,18.6,20183.0
2026-03-05,18,17075.0,4.97,6.71,6272.0,6327.0,8598.0,19.76,19.27,20.4,21197.0
2026-03-05,19,17132.0,4.76,6.48,6069.0,6090.0,8167.0,19.5,19.06,20.18,20327.0
2026-03-05,20,17125.0,4.58,6.47,6013.0,6018.0,8034.0,19.39,18.96,20.08,20065.0
2026-03-05,21,17145.0,4.43,6.46,5571.0,5549.0,7328.0,17.46,17.12,18.16,18448.0
2026-03-05,22,17513.0,4.45,6.46,4589.0,4510.0,5883.0,12.75,12.53,13.48,14982.0
2026-03-05,23,17631.0,4.73,6.45,3442.0,3297.0,4329.0,8.63,8.55,9.27,11068.0
2026-03-06,0,16303.0,5.11,6.4,3091.0,3161.0,4178.0,7.21,7.12,7.79,10430.0
2026-03-06,1,16980.0,5.47,6.41,2885.0,2954.0,3983.0,7.03,6.96,7.58,9822.0
2026-03-06,2,17397.0,5.89,6.42,2755.0,2863.0,3914.0,7.02,6.96,7.56,9532.0
2026-03-06,3,17373.0,6.34,6.42,2745.0,2895.0,4006.0,7.04,6.97,7.57,9645.0
2026-03-06,4,17329.0,6.72,6.41,3340.0,3600.0,4994.0,9.72,9.58,10.13,11934.0
2026-03-06,5,16347.0,6.86,6.39,4712.0,4980.0,6939.0,15.85,15.54,16.31,16632.0
2026-03-06,6,16667.0,6.71,6.39,5905.0,6102.0,8287.0,19.72,19.25,20.36,20293.0
2026-03-06,7,16852.0,6.45,6.4,6501.0,6508.0,8663.0,19.87,19.37,20.6,21672.0
2026-03-06,8,16465.0,6.14,6.4,6467.0,6421.0,8575.0,19.86,19.38,20.61,21463.0
2026-03-06,9,16730.0,5.84,6.42,6316.0,6272.0,8421.0,19.81,19.35,20.53,21008.0
2026-03-06,10,17098.0,5.63,6.44,5736.0,5704.0,7558.0,17.16,16.79,17.91,18997.0
2026-03-06,11,16981.0,5.57,6.44,5109.0,5110.0,6720.0,13.89,13.59,14.56,16939.0
2026-03-06,12,17286.0,5.58,6.46,5000.0,5068.0,6669.0,13.38,13.05,14.0,16737.0
2026-03-06,13,17673.0,5.62,6.47,4897.0,4995.0,6665.0,13.34,13.02,13.98,16557.0
2026-03-06,14,17898.0,5.7,6.48,4840.0,4951.0,6633.0,13.33,13.0,13.93,16424.0
2026-03-06,15,17888.0,5.78,6.46,4893.0,4997.0,6646.0,13.33,12.99,13.91,16535.0
2026-03-06,16,17751.0,5.81,6.46,5360.0,5457.0,7287.0,15.17,14.76,15.71,18104.0
2026-03-06,17,17420.0,5.69,6.48,6080.0,6138.0,8292.0,18.3,17.77,18.87,20509.0
2026-03-06,18,17241.0,5.46,6.49,6351.0,6360.0,8606.0,20.04,19.48,20.65,21316.0
2026-03-06,19,17140.0,5.24,6.48,6106.0,6107.0,8086.0,19.68,19.18,20.3,20299.0
2026-03-06,20,17099.0,5.08,6.47,6001.0,5998.0,7760.0,19.35,18.88,20.0,19759.0
2026-03-06,21,17076.0,4.94,6.46,5630.0,5620.0,7405.0,17.74,17.33,18.37,18655.0
2026-03-06,22,17445.0,4.94,6.46,4622.0,4542.0,5932.0,13.03,12.79,13.73,15095.0
2026-03-06,23,17496.0,5.19,6.45,3537.0,3420.0,4477.0,8.79,8.7,9.41,11434.0
2026-03-07,0,15648.0,5.54,7.59,3170.0,3235.0,4234.0,7.09,7.01,7.67,10638.0
2026-03-07,1,13912.0,5.76,9.1,2991.0,3056.0,4017.0,7.04,6.98,7.59,10064.0
2026-03-07,2,13421.0,5.99,9.96,2849.0,2909.0,3851.0,7.01,6.96,7.56,9609.0
2026-03-07,3,13854.0,6.2,9.61,2735.0,2795.0,3778.0,6.71,6.67,7.27,9309.0
2026-03-07,4,16930.0,6.56,6.39,2751.0,2819.0,3794.0,6.32,6.28,6.85,9365.0
2026-03-07,5,16007.0,6.88,6.36,3589.0,3672.0,5182.0,9.9,9.78,10.3,12443.0
2026-03-07,6,17548.0,6.93,6.42,5519.0,5573.0,7548.0,17.34,16.97,17.9,18640.0
2026-03-07,7,18093.0,6.76,6.44,6560.0,6544.0,8742.0,19.88,19.37,20.61,21845.0
2026-03-07,8,18062.0,6.5,6.46,6709.0,6698.0,8855.0,19.89,19.37,20.67,22261.0
2026-03-07,9,17989.0,6.22,6.48,6651.0,6632.0,8740.0,19.89,19.38,20.66,22023.0
2026-03-07,10,17995.0,5.98,6.48,6432.0,6421.0,8474.0,19.42,18.94,20.16,21327.0
2026-03-07,11,17995.0,5.82,6.47,5841.0,5818.0,7696.0,16.9,16.5,17.67,19355.0
2026-03-07,12,18158.0,5.8,6.49,5333.0,5350.0,7129.0,14.27,13.91,14.94,17812.0
2026-03-07,13,18149.0,5.82,6.5,5213.0,5310.0,7171.0,14.27,13.91,14.95,17694.0
2026-03-07,14,18481.0,5.86,6.5,5117.0,5227.0,7078.0,14.18,13.83,14.84,17421.0
2026-03-07,15,18442.0,5.91,6.82,5126.0,5214.0,7017.0,14.05,13.7,14.66,17357.0
2026-03-07,16,17083.0,5.89,8.64,5667.0,5782.0,7819.0,16.57,16.12,17.17,19268.0
2026-03-07,17,17057.0,5.69,8.26,6167.0,6315.0,8519.0,18.9,18.35,19.57,21002.0
2026-03-07,18,17099.0,5.44,7.85,6275.0,6295.0,8518.0,19.1,18.58,19.78,21087.0
2026-03-07,19,17116.0,5.22,7.82,6099.0,6167.0,8320.0,19.08,18.58,19.76,20586.0
2026-03-07,20,17033.0,5.04,7.36,5784.0,5867.0,7907.0,17.72,17.28,18.42,19557.0
2026-03-07,21,5337.0,4.88,5.67,3103.0,2992.0,4355.0,5.93,5.84,6.76,10450.0
2026-03-07,22,0.0,4.45,5.27,2351.0,2095.0,3276.0,3.16,3.16,3.7,7722.0
2026-03-07,23,0.0,4.0,5.57,2364.0,2178.0,3242.0,3.49,3.48,4.01,7785.0
2026-03-08,0,0.0,3.55,5.82,2336.0,2250.0,3191.0,3.74,3.73,4.26,7777.0
2026-03-08,1,0.0,3.1,6.29,2332.0,2341.0,3197.0,4.19,4.16,4.7,7870.0
2026-03-08,2,0.0,2.65,5.15,2241.0,2291.0,3078.0,4.34,4.31,4.86,7610.0
2026-03-08,3,15512.0,2.43,5.75,2262.0,2341.0,3171.0,4.91,4.89,5.33,7774.0
2026-03-08,4,19397.0,2.85,6.44,2999.0,3111.0,4256.0,7.26,7.18,7.77,10366.0
2026-03-08,5,18684.0,3.22,6.44,3925.0,4015.0,5714.0,11.56,11.38,11.96,13654.0
2026-03-08,6,19028.0,3.33,6.46,5319.0,5373.0,7455.0,17.32,16.99,17.9,18147.0
2026-03-08,7,18122.0,3.19,6.44,6277.0,6262.0,8436.0,19.63,19.16,20.34,20976.0
2026-03-08,8,17920.0,2.91,6.45,6545.0,6548.0,8710.0,19.69,19.18,20.43,21802.0
2026-03-08,9,17782.0,2.58,6.44,6598.0,6586.0,8751.0,19.69,19.18,20.45,21935.0
2026-03-08,10,17897.0,2.3,6.46,6503.0,6502.0,8606.0,19.71,19.19,20.44,21610.0
2026-03-08,11,17886.0,2.09,6.46,5799.0,5836.0,7785.0,16.88,16.47,17.68,19420.0
2026-03-08,12,18342.0,2.05,6.47,5244.0,5289.0,7008.0,14.12,13.75,14.73,17541.0
2026-03-08,13,18449.0,2.11,6.49,5130.0,5170.0,6935.0,14.04,13.58,14.56,17234.0
2026-03-08,14,18440.0,2.18,6.49,5027.0,5105.0,6843.0,13.96,13.52,14.46,16975.0
2026-03-08,15,18457.0,2.25,6.47,5097.0,5121.0,6781.0,13.94,13.52,14.43,16999.0
2026-03-08,16,18245.0,2.26,6.46,5612.0,5677.0,7572.0,16.25,15.85,16.86,18861.0
2026-03-08,17,17931.0,2.12,6.5,6110.0,6175.0,8325.0,18.65,18.2,19.34,20610.0
2026-03-08,18,17887.0,1.96,6.51,6044.0,6080.0,8167.0,18.53,18.11,19.23,20291.0
2026-03-08,19,17900.0,1.83,6.51,5786.0,5859.0,7796.0,18.38,18.0,19.07,19441.0
2026-03-08,20,17838.0,1.75,6.5,5587.0,5543.0,7378.0,16.89,16.56,17.63,18507.0
2026-03-08,21,17678.0,1.77,6.48,4881.0,4803.0,6400.0,13.9,13.68,14.61,16083.0
2026-03-08,22,18106.0,1.96,6.49,4130.0,3992.0,5307.0,10.83,10.68,11.47,13429.0
2026-03-08,23,18413.0,2.31,6.49,3319.0,3186.0,4205.0,8.22,8.18,8.85,10710.0
2026-03-09,0,18106.0,2.77,6.48,3089.0,3135.0,4181.0,7.1,7.04,7.68,10405.0
2026-03-09,1,17691.0,3.2,6.46,2821.0,2909.0,3943.0,6.96,6.92,7.52,9673.0
2026-03-09,2,17996.0,3.7,6.46,2585.0,2759.0,3830.0,6.9,6.87,7.44,9173.0
2026-03-09,3,17973.0,4.21,6.46,2571.0,2766.0,3836.0,6.89,6.86,7.43,9173.0
2026-03-09,4,17407.0,4.65,6.44,3254.0,3499.0,4769.0,9.29,9.18,9.72,11523.0
2026-03-09,5,16475.0,4.82,6.41,4654.0,4854.0,6640.0,15.07,14.81,15.56,16147.0
2026-03-09,6,17326.0,4.71,6.43,6017.0,6070.0,8102.0,19.34,18.91,20.04,20188.0
2026-03-09,7,17667.0,4.5,6.44,6437.0,6419.0,8561.0,19.64,19.18,20.4,21418.0
2026-03-09,8,17370.0,4.23,6.44,6451.0,6406.0,8501.0,19.63,19.18,20.41,21358.0
2026-03-09,9,17268.0,3.96,6.45,6284.0,6209.0,8271.0,19.47,19.06,20.25,20764.0
2026-03-09,10,17655.0,3.78,6.46,5760.0,5659.0,7519.0,17.07,16.74,17.83,18939.0
2026-03-09,11,17763.0,3.76,6.47,5139.0,5059.0,6658.0,14.01,13.75,14.74,16856.0
2026-03-09,12,18124.0,3.83,6.48,4985.0,4974.0,6572.0,13.37,13.11,14.07,16530.0
2026-03-09,13,18259.0,3.93,6.49,4899.0,4956.0,6666.0,13.37,13.1,14.05,16521.0
2026-03-09,14,18329.0,4.03,6.49,4856.0,4914.0,6638.0,13.38,13.12,14.05,16407.0
2026-03-09,15,18502.0,4.15,6.48,4857.0,4944.0,6667.0,13.42,13.14,14.04,16468.0
2026-03-09,16,18286.0,4.22,6.47,5266.0,5347.0,7255.0,14.89,14.55,15.52,17868.0
2026-03-09,17,17969.0,4.15,6.5,6034.0,6088.0,8241.0,18.08,17.65,18.76,20363.0
2026-03-09,18,17945.0,3.95,6.51,6295.0,6311.0,8548.0,19.54,19.09,20.25,21154.0
2026-03-09,19,17728.0,3.77,6.51,6094.0,6107.0,8251.0,19.49,19.08,20.2,20452.0
2026-03-09,20,17472.0,3.61,6.49,6045.0,6035.0,8056.0,19.41,19.01,20.14,20136.0
2026-03-09,21,17454.0,3.49,6.48,5454.0,5474.0,7410.0,17.44,17.11,18.14,18338.0
2026-03-09,22,18000.0,3.55,6.49,4347.0,4350.0,5875.0,12.78,12.58,13.49,14572.0
2026-03-09,23,18241.0,3.88,6.49,3270.0,3225.0,4343.0,8.64,8.57,9.27,10838.0
2026-03-10,0,18154.0,4.34,6.48,2934.0,3061.0,4168.0,7.03,6.96,7.59,10163.0
2026-03-10,1,17624.0,4.78,6.45,2776.0,2919.0,4037.0,7.04,6.97,7.57,9733.0
2026-03-10,2,17625.0,5.24,6.45,2660.0,2793.0,3909.0,7.02,6.96,7.55,9362.0
2026-03-10,3,17563.0,5.72,6.44,2641.0,2790.0,3907.0,7.01,6.95,7.53,9339.0
2026-03-10,4,17163.0,6.11,6.43,3516.0,3636.0,4992.0,9.74,9.61,10.18,12144.0
2026-03-10,5,16250.0,6.22,6.4,4890.0,5027.0,6930.0,15.79,15.49,16.29,16847.0
2026-03-10,6,16819.0,6.06,6.42,6087.0,6128.0,8336.0,19.63,19.2,20.32,20550.0
2026-03-10,7,16613.0,5.79,6.41,6435.0,6442.0,8745.0,19.84,19.38,20.59,21621.0
2026-03-10,8,16454.0,5.49,6.4,6379.0,6345.0,8598.0,19.82,19.37,20.58,21322.0
2026-03-10,9,16471.0,5.19,6.41,6214.0,6184.0,8333.0,19.63,19.22,20.38,20731.0
2026-03-10,10,17019.0,4.99,6.44,5701.0,5615.0,7503.0,17.02,16.69,17.8,18820.0
2026-03-10,11,16994.0,4.94,6.56,5031.0,4959.0,6654.0,13.73,13.48,14.43,16644.0
2026-03-10,12,17310.0,4.96,6.58,4951.0,4941.0,6721.0,13.4,13.12,14.07,16613.0
2026-03-10,13,17678.0,5.0,6.47,4946.0,4961.0,6777.0,13.68,13.24,14.2,16685.0
2026-03-10,14,18015.0,5.06,6.48,5017.0,5003.0,6766.0,14.25,13.58,14.49,16785.0
2026-03-10,15,18124.0,5.12,6.47,5086.0,5008.0,6810.0,14.35,13.49,14.39,16903.0
2026-03-10,16,17775.0,5.14,6.51,5346.0,5328.0,7361.0,15.81,14.84,15.76,18035.0
2026-03-10,17,17233.0,5.03,6.5,5975.0,5905.0,8261.0,18.98,17.77,18.71,20140.0
2026-03-10,18,17252.0,4.81,6.49,6350.0,6227.0,8524.0,21.03,19.68,20.46,21101.0
2026-03-10,19,16838.0,4.57,6.48,6324.0,6129.0,8283.0,20.93,19.63,20.44,20737.0
2026-03-10,20,16677.0,4.33,6.47,6282.0,6068.0,8113.0,20.74,19.46,20.3,20463.0
2026-03-10,21,16769.0,4.13,6.46,5781.0,5560.0,7452.0,18.64,17.6,18.41,18793.0
2026-03-10,22,17285.0,4.1,6.47,4793.0,4581.0,6022.0,13.79,13.09,13.86,15396.0
2026-03-10,23,17394.0,4.34,6.46,3562.0,3349.0,4278.0,8.97,8.65,9.28,11189.0
2026-03-11,0,16694.0,4.73,6.43,3131.0,3103.0,3981.0,7.15,6.88,7.46,10215.0
2026-03-11,1,17114.0,5.1,6.44,2953.0,2965.0,3910.0,7.0,6.76,7.3,9828.0
2026-03-11,2,17250.0,5.53,6.44,2825.0,2832.0,3808.0,6.97,6.76,7.29,9465.0
2026-03-11,3,17311.0,5.97,6.44,2788.0,2812.0,3759.0,6.92,6.71,7.23,9359.0
2026-03-11,4,17031.0,6.37,6.43,3367.0,3484.0,4788.0,9.72,9.35,9.74,11640.0
2026-03-11,5,16138.0,6.51,6.4,4765.0,4878.0,6690.0,16.16,15.37,15.89,16333.0
2026-03-11,6,16834.0,6.36,6.42,6054.0,6057.0,8108.0,20.57,19.34,20.15,20218.0
2026-03-11,7,16716.0,6.11,6.42,6553.0,6394.0,8489.0,20.73,19.36,20.26,21436.0
2026-03-11,8,16499.0,5.8,6.41,6580.0,6388.0,8461.0,20.73,19.38,20.28,21428.0
2026-03-11,9,16546.0,5.51,6.41,6359.0,6137.0,8197.0,20.53,19.28,20.13,20693.0
2026-03-11,10,17122.0,5.3,6.46,5864.0,5676.0,7503.0,17.84,16.77,17.65,19043.0
2026-03-11,11,17254.0,5.23,6.44,5309.0,5102.0,6755.0,14.74,13.85,14.62,17166.0
2026-03-11,12,17615.0,5.25,6.47,5107.0,4996.0,6564.0,14.07,13.21,13.95,16667.0
2026-03-11,13,17646.0,5.29,6.47,5032.0,4936.0,6547.0,14.06,13.21,13.95,16515.0
2026-03-11,14,17761.0,5.35,6.47,4934.0,4898.0,6548.0,14.04,13.2,13.91,16381.0
2026-03-11,15,18177.0,5.43,6.48,4953.0,4923.0,6597.0,14.04,13.2,13.88,16474.0
2026-03-11,16,17757.0,5.47,6.51,5394.0,5346.0,7237.0,15.64,14.68,15.37,17977.0
2026-03-11,17,17332.0,5.36,6.49,6164.0,6096.0,8278.0,19.29,18.04,18.77,20538.0
2026-03-11,18,17299.0,5.12,6.49,6440.0,6295.0,8494.0,21.01,19.67,20.5,21229.0
2026-03-11,19,17226.0,4.89,6.48,6232.0,6122.0,8177.0,20.6,19.34,20.17,20532.0
2026-03-11,20,17126.0,4.69,6.48,6153.0,5989.0,7994.0,20.34,19.14,19.96,20136.0
2026-03-11,21,17205.0,4.55,6.47,5648.0,5456.0,7296.0,18.24,17.26,18.07,18400.0
2026-03-11,22,17828.0,4.57,6.48,4647.0,4482.0,5791.0,13.27,12.61,13.43,14920.0
2026-03-11,23,18706.0,4.88,6.5,3508.0,3300.0,4262.0,8.88,8.55,9.19,11070.0
2026-03-12,0,17063.0,5.3,7.16,3036.0,3024.0,3959.0,7.05,6.78,7.35,10019.0
2026-03-12,1,14622.0,5.65,9.78,2885.0,2905.0,3879.0,7.03,6.78,7.32,9669.0
2026-03-12,2,13223.0,5.88,11.39,2715.0,2791.0,3823.0,7.09,6.86,7.38,9329.0
2026-03-12,3,16230.0,6.18,8.26,2598.0,2758.0,3841.0,7.05,6.83,7.34,9196.0
2026-03-12,4,17042.0,6.56,6.87,3313.0,3468.0,4797.0,9.7,9.31,9.74,11578.0
2026-03-12,5,15956.0,6.7,6.45,4775.0,4901.0,6718.0,16.51,15.69,16.21,16394.0
2026-03-12,6,16382.0,6.54,6.38,6062.0,5964.0,7846.0,21.15,19.95,20.75,19872.0
2026-03-12,7,16848.0,6.31,6.38,6624.0,6396.0,8274.0,21.48,20.1,21.04,21293.0
2026-03-12,8,16937.0,6.03,6.38,6643.0,6374.0,8313.0,21.54,20.16,21.1,21329.0
2026-03-12,9,17001.0,5.75,6.43,6427.0,6238.0,8130.0,21.36,20.04,20.96,20795.0
2026-03-12,10,17471.0,5.56,6.45,5902.0,5675.0,7387.0,18.55,17.46,18.35,18964.0
2026-03-12,11,17332.0,5.49,6.45,5300.0,5117.0,6800.0,15.34,14.45,15.27,17217.0
2026-03-12,12,17694.0,5.51,6.46,5129.0,5057.0,6693.0,14.48,13.6,14.38,16880.0
2026-03-12,13,17795.0,5.56,6.46,5072.0,5053.0,6682.0,14.49,13.61,14.37,16807.0
2026-03-12,14,18255.0,5.62,6.52,4965.0,4934.0,6590.0,14.44,13.61,14.37,16489.0
2026-03-12,15,17701.0,5.71,6.47,4946.0,5038.0,6582.0,14.4,13.91,14.27,16566.0
2026-03-12,16,18050.0,5.73,6.49,5410.0,5509.0,7009.0,16.09,15.68,15.39,17927.0
2026-03-12,17,17627.0,5.66,6.52,5866.0,6050.0,7766.0,19.24,18.74,18.04,19681.0
2026-03-12,18,16780.0,5.48,7.38,6136.0,6268.0,7986.0,20.86,20.32,19.56,20390.0
2026-03-12,19,15951.0,5.24,8.38,6011.0,6187.0,7819.0,20.72,20.2,19.5,20016.0
2026-03-12,20,16007.0,4.99,8.39,6119.0,6181.0,7732.0,20.57,20.05,19.39,20032.0
2026-03-12,21,15887.0,4.78,8.32,5559.0,5617.0,6989.0,18.25,17.83,17.43,18165.0
2026-03-12,22,16538.0,4.75,8.46,4623.0,4605.0,5634.0,13.57,13.31,13.24,14862.0
2026-03-12,23,16765.0,4.97,8.47,3447.0,3384.0,4095.0,9.09,8.99,9.21,10925.0
2026-03-13,0,16038.0,5.31,8.28,3157.0,3287.0,4030.0,7.55,7.46,7.62,10474.0
2026-03-13,1,15437.0,5.61,8.08,2925.0,3048.0,3770.0,7.34,7.28,7.47,9743.0
2026-03-13,2,15631.0,5.94,8.14,2771.0,2940.0,3772.0,7.33,7.26,7.43,9483.0
2026-03-13,3,15364.0,6.29,8.08,2605.0,2862.0,3803.0,7.29,7.23,7.39,9270.0
2026-03-13,4,16356.0,6.6,6.62,3351.0,3636.0,4714.0,10.04,9.9,9.79,11700.0
2026-03-13,5,15159.0,6.7,6.34,4709.0,5011.0,6388.0,16.2,15.87,15.41,16108.0
2026-03-13,6,16487.0,6.53,6.38,5938.0,6105.0,7715.0,20.26,19.77,19.08,19757.0
2026-03-13,7,16226.0,6.28,6.37,6468.0,6463.0,8118.0,20.25,19.71,19.34,21049.0
2026-03-13,8,16163.0,5.98,6.37,6388.0,6346.0,8064.0,20.0,19.48,19.53,20798.0
2026-03-13,9,16359.0,5.71,6.4,6206.0,6167.0,7884.0,19.83,19.34,19.42,20257.0
2026-03-13,10,16948.0,5.52,6.42,5728.0,5801.0,7091.0,17.39,16.95,17.16,18621.0
2026-03-13,11,16970.0,5.47,6.44,5216.0,5241.0,6491.0,14.69,14.35,14.61,16948.0
2026-03-13,12,17531.0,5.46,6.46,5116.0,5224.0,6475.0,14.29,13.95,14.19,16815.0
2026-03-13,13,17655.0,5.51,6.46,5030.0,5144.0,6483.0,14.23,13.9,14.12,16657.0
2026-03-13,14,17595.0,5.55,6.46,5013.0,5143.0,6704.0,14.4,14.07,14.23,16860.0
2026-03-13,15,17561.0,5.57,6.46,5036.0,5144.0,6639.0,14.4,14.06,14.22,16820.0
2026-03-13,16,17229.0,5.57,6.45,5420.0,5507.0,7133.0,15.81,15.43,15.52,18060.0
2026-03-13,17,16800.0,5.43,6.46,5977.0,6075.0,7947.0,18.75,18.25,18.22,19999.0
2026-03-13,18,16220.0,5.2,7.14,6164.0,6238.0,8059.0,20.06,19.54,19.55,20461.0
2026-03-13,19,16200.0,4.96,7.16,6049.0,6374.0,7813.0,19.9,19.34,19.46,20236.0
2026-03-13,20,16218.0,4.71,7.04,6000.0,6332.0,7680.0,19.74,19.18,19.34,20012.0
2026-03-13,21,16398.0,4.54,6.74,5503.0,5520.0,7027.0,17.64,17.24,17.43,18049.0
2026-03-13,22,17150.0,4.52,6.57,4637.0,4592.0,5712.0,13.12,12.83,13.19,14941.0
2026-03-13,23,17799.0,4.76,6.58,3587.0,3514.0,4344.0,9.0,8.87,9.27,11446.0
2026-03-14,0,17076.0,5.14,6.5,3181.0,3285.0,4150.0,7.31,7.2,7.57,10615.0
2026-03-14,1,16868.0,5.5,6.42,3016.0,3184.0,3993.0,7.26,7.15,7.51,10194.0
2026-03-14,2,17196.0,5.9,6.43,2863.0,2982.0,3869.0,7.23,7.15,7.5,9714.0
2026-03-14,3,17155.0,6.33,6.42,2812.0,2945.0,3858.0,7.22,7.15,7.49,9616.0
2026-03-14,4,16871.0,6.75,6.53,2914.0,3020.0,3920.0,7.24,7.16,7.48,9855.0
2026-03-14,5,15707.0,7.04,6.67,3895.0,3961.0,5224.0,11.22,11.02,11.1,13080.0
2026-03-14,6,16529.0,7.01,6.52,5653.0,5665.0,7192.0,17.84,17.41,17.47,18510.0
2026-03-14,7,16994.0,6.79,6.41,6798.0,6959.0,8293.0,21.69,20.85,20.06,22050.0
2026-03-14,8,16803.0,6.43,6.41,7002.0,7348.0,8477.0,22.05,21.16,20.09,22827.0
2026-03-14,9,16713.0,6.06,6.43,6906.0,7014.0,8445.0,21.8,21.01,19.88,22365.0
2026-03-14,10,17163.0,5.73,6.45,6756.0,6774.0,8240.0,21.61,20.88,19.79,21770.0
2026-03-14,11,17069.0,5.48,6.44,6111.0,6201.0,7569.0,18.84,18.24,17.46,19881.0
2026-03-14,12,17425.0,5.38,6.46,5455.0,5624.0,6977.0,16.02,15.52,14.87,18056.0
2026-03-14,13,17674.0,5.36,6.47,5330.0,5586.0,6964.0,15.98,15.49,14.84,17880.0
2026-03-14,14,17791.0,5.36,6.48,5209.0,5469.0,6819.0,15.88,15.4,14.8,17497.0
2026-03-14,15,17789.0,5.36,6.46,5339.0,5484.0,6830.0,15.77,15.3,14.64,17654.0
2026-03-14,16,17591.0,5.31,6.47,5933.0,6090.0,7584.0,18.42,17.82,16.84,19607.0
2026-03-14,17,17308.0,5.1,6.49,6407.0,6620.0,8294.0,20.88,20.49,19.31,21321.0
2026-03-14,18,17377.0,4.86,6.49,6403.0,6539.0,8126.0,20.9,20.57,19.45,21069.0
2026-03-14,19,17379.0,4.65,6.49,6262.0,6323.0,7846.0,20.79,20.33,19.34,20430.0
2026-03-14,20,17401.0,4.5,6.48,5821.0,5872.0,7194.0,18.85,18.35,17.62,18887.0
2026-03-14,21,17461.0,4.48,6.47,5108.0,5070.0,6281.0,15.48,15.1,14.68,16459.0
2026-03-14,22,17945.0,4.61,6.48,4429.0,4321.0,5303.0,12.32,12.06,11.91,14054.0
2026-03-14,23,18082.0,4.9,6.48,3644.0,3553.0,4378.0,9.67,9.53,9.58,11575.0
2026-03-15,0,15478.0,5.25,7.66,3226.0,3316.0,4117.0,7.69,7.57,7.65,10659.0
2026-03-15,1,13961.0,5.48,9.66,3058.0,3178.0,3961.0,7.68,7.57,7.64,10197.0
2026-03-15,2,14861.0,5.7,8.83,2840.0,3025.0,3852.0,7.66,7.57,7.65,9717.0
2026-03-15,3,17105.0,6.07,6.46,2652.0,2905.0,3800.0,7.45,7.37,7.44,9358.0
2026-03-15,4,17136.0,6.5,6.42,2780.0,3032.0,3936.0,7.43,7.34,7.4,9748.0
2026-03-15,5,15784.0,6.81,6.38,3672.0,3911.0,5213.0,11.5,11.3,10.87,12797.0
2026-03-15,6,15910.0,6.81,6.38,5469.0,5604.0,6984.0,18.35,17.86,17.06,18057.0
2026-03-15,7,17238.0,6.59,6.42,6584.0,6578.0,8014.0,21.34,20.66,19.64,21177.0
2026-03-15,8,17119.0,6.31,6.42,6852.0,6861.0,8285.0,21.58,20.84,19.74,21998.0
2026-03-15,9,17080.0,5.99,6.44,6849.0,6846.0,8353.0,21.67,20.92,19.8,22047.0
2026-03-15,10,17359.0,5.7,6.46,6735.0,6764.0,8122.0,21.12,20.4,19.4,21622.0
2026-03-15,11,17344.0,5.47,6.46,6169.0,6184.0,7418.0,18.38,17.79,17.06,19772.0
2026-03-15,12,17702.0,5.38,6.47,5654.0,5699.0,6855.0,15.91,15.36,14.78,18208.0
2026-03-15,13,17748.0,5.35,6.48,5544.0,5612.0,6818.0,15.75,15.21,14.66,17974.0
2026-03-15,14,17820.0,5.33,6.48,5450.0,5534.0,6798.0,15.81,15.29,14.71,17782.0
2026-03-15,15,17758.0,5.32,6.46,5400.0,5508.0,6718.0,15.74,15.22,14.62,17627.0
2026-03-15,16,17705.0,5.28,6.46,5918.0,6048.0,7427.0,18.19,17.6,16.71,19393.0
2026-03-15,17,17555.0,5.09,6.48,6468.0,6591.0,8133.0,20.85,20.14,19.05,21192.0
2026-03-15,18,17547.0,4.87,6.49,6469.0,6492.0,7964.0,20.79,20.12,19.08,20925.0
2026-03-15,19,17335.0,4.68,6.49,6221.0,6245.0,7564.0,20.45,19.84,18.97,20029.0
2026-03-15,20,17422.0,4.54,6.49,5850.0,5847.0,7118.0,18.59,18.06,17.36,18814.0
2026-03-15,21,17541.0,4.52,6.48,5097.0,5026.0,6160.0,15.09,14.71,14.36,16283.0
2026-03-15,22,18538.0,4.69,6.54,4264.0,4162.0,5038.0,11.55,11.3,11.23,13464.0
2026-03-15,23,18057.0,5.05,7.63,3418.0,3294.0,4032.0,8.82,8.69,8.84,10744.0
2026-03-16,0,15315.0,5.4,8.12,3129.0,3280.0,4069.0,7.59,7.46,7.52,10477.0
2026-03-16,1,15214.0,5.69,8.31,2813.0,3053.0,3820.0,7.58,7.47,7.57,9686.0
2026-03-16,2,12699.0,5.93,10.96,2650.0,2895.0,3680.0,7.47,7.38,7.5,9224.0
2026-03-16,3,14838.0,6.18,8.98,2602.0,2849.0,3716.0,7.43,7.34,7.44,9167.0
2026-03-16,4,15730.0,6.48,7.22,3472.0,3777.0,4795.0,10.88,10.67,10.4,12044.0
2026-03-16,5,15054.0,6.52,6.9,4908.0,5229.0,6639.0,17.57,17.14,16.41,16775.0
2026-03-16,6,16079.0,6.32,6.46,6050.0,6253.0,7685.0,20.83,20.2,19.23,19988.0
2026-03-16,7,16677.0,6.05,6.42,6473.0,6571.0,8099.0,21.26,20.57,19.5,21143.0
2026-03-16,8,16582.0,5.75,6.42,6622.0,6626.0,8095.0,21.32,20.63,19.6,21343.0
2026-03-16,9,16617.0,5.46,6.43,6439.0,6446.0,7913.0,21.09,20.44,19.45,20798.0
2026-03-16,10,17274.0,5.26,6.46,5914.0,5906.0,7227.0,18.33,17.79,17.09,19047.0
2026-03-16,11,17395.0,5.2,6.47,5405.0,5398.0,6675.0,15.51,15.07,14.53,17478.0
2026-03-16,12,17908.0,5.2,6.48,5191.0,5343.0,6538.0,14.73,14.3,13.81,17072.0
2026-03-16,13,18044.0,5.26,6.47,5055.0,5176.0,6506.0,14.78,14.37,13.82,16737.0
2026-03-16,14,18418.0,5.35,6.5,4979.0,5134.0,6446.0,15.12,14.73,14.14,16559.0
2026-03-16,15,18820.0,5.45,6.54,5055.0,5198.0,6452.0,15.4,14.99,14.46,16705.0
2026-03-16,16,18495.0,5.53,6.6,5372.0,5525.0,6905.0,16.73,16.26,15.56,17802.0
2026-03-16,17,17752.0,5.48,7.24,5900.0,6030.0,7624.0,19.42,18.84,17.84,19554.0
2026-03-16,18,17439.0,5.33,7.36,6159.0,6222.0,7788.0,20.8,20.18,19.17,20169.0
2026-03-16,19,16544.0,5.14,7.99,6124.0,6174.0,7611.0,20.72,20.12,19.21,19909.0
2026-03-16,20,16051.0,4.92,8.46,6049.0,6070.0,7459.0,20.58,19.99,19.14,19579.0
2026-03-16,21,16049.0,4.74,8.45,5523.0,5532.0,6844.0,18.31,17.84,17.24,17899.0
2026-03-16,22,16603.0,4.72,8.56,4664.0,4642.0,5671.0,13.89,13.54,13.36,14977.0
2026-03-16,23,17068.0,4.93,8.62,3528.0,3426.0,4164.0,9.09,8.9,9.05,11118.0
2026-03-17,0,15107.0,5.26,9.23,3203.0,3290.0,4125.0,7.81,7.64,7.72,10618.0
2026-03-17,1,13745.0,5.46,9.9,2985.0,3100.0,3943.0,7.72,7.56,7.67,10028.0
2026-03-17,2,15229.0,5.71,8.44,2743.0,2963.0,3853.0,7.68,7.54,7.64,9559.0
2026-03-17,3,16576.0,6.09,7.2,2678.0,2912.0,3839.0,7.66,7.53,7.62,9430.0
2026-03-17,4,16794.0,6.45,6.49,3423.0,3720.0,4823.0,10.56,10.31,10.08,11966.0
2026-03-17,5,15916.0,6.56,6.38,4797.0,5094.0,6567.0,16.82,16.39,15.69,16458.0
2026-03-17,6,16259.0,6.4,6.39,6112.0,6256.0,7733.0,20.91,20.29,19.31,20101.0
2026-03-17,7,16084.0,6.11,6.38,6646.0,6636.0,8068.0,21.35,20.66,19.61,21350.0
2026-03-17,8,16076.0,5.77,6.39,6585.0,6602.0,8091.0,21.34,20.67,19.59,21278.0
2026-03-17,9,16054.0,5.44,6.41,6459.0,6446.0,7978.0,21.32,20.67,19.64,20883.0
2026-03-17,10,16507.0,5.14,6.43,6338.0,6422.0,7846.0,21.27,20.62,19.69,20606.0
2026-03-17,11,16607.0,4.92,6.43,5780.0,5901.0,7270.0,18.71,18.16,17.44,18952.0
2026-03-17,12,16892.0,4.86,6.43,5135.0,5299.0,6629.0,15.4,14.96,14.39,17062.0
2026-03-17,13,17084.0,4.85,6.46,5054.0,5313.0,6720.0,15.51,15.06,14.42,17088.0
2026-03-17,14,17262.0,4.86,6.5,5060.0,5257.0,6610.0,15.53,15.1,14.55,16927.0
2026-03-17,15,17414.0,4.87,6.45,5063.0,5293.0,6667.0,15.56,15.12,14.51,17024.0
2026-03-17,16,17112.0,4.86,6.45,5285.0,5604.0,7163.0,17.23,16.72,15.89,18052.0
2026-03-17,17,16779.0,4.72,6.46,5821.0,6144.0,7951.0,19.64,19.01,18.49,19916.0
2026-03-17,18,16416.0,4.48,6.45,6048.0,6228.0,8284.0,20.29,19.66,20.17,20560.0
2026-03-17,19,16254.0,4.23,6.44,6112.0,6176.0,7981.0,20.16,19.56,20.11,20269.0
2026-03-17,20,16138.0,3.98,6.43,6116.0,6170.0,7875.0,20.07,19.46,20.0,20161.0
2026-03-17,21,16174.0,3.78,6.42,5700.0,5738.0,7085.0,18.44,17.93,17.58,18523.0
2026-03-17,22,16669.0,3.73,6.44,4794.0,4802.0,5806.0,14.04,13.69,13.35,15402.0
2026-03-17,23,17490.0,3.89,6.45,3834.0,4002.0,5020.0,9.95,9.71,9.55,12855.0
2026-03-18,0,16772.0,4.21,6.43,3225.0,3383.0,4248.0,7.73,7.59,7.57,10856.0
2026-03-18,1,16912.0,4.56,6.42,2995.0,3165.0,3991.0,7.52,7.4,7.42,10152.0
2026-03-18,2,17184.0,4.97,6.42,2796.0,2989.0,3798.0,7.35,7.25,7.3,9582.0
2026-03-18,3,17160.0,5.42,6.42,2617.0,2910.0,3747.0,7.33,7.24,7.29,9274.0
2026-03-18,4,16562.0,5.78,6.4,3357.0,3655.0,4645.0,10.11,9.92,9.68,11657.0
2026-03-18,5,15828.0,5.91,6.38,4756.0,5038.0,6393.0,16.57,16.14,15.33,16187.0
2026-03-18,6,16708.0,5.76,6.41,6092.0,6437.0,7722.0,21.17,20.49,19.36,20250.0
2026-03-18,7,16400.0,5.47,6.39,6642.0,7128.0,8050.0,21.71,20.87,19.75,21820.0
2026-03-18,8,16331.0,5.14,6.4,6601.0,6759.0,7998.0,21.61,20.88,19.68,21359.0
2026-03-18,9,16304.0,4.81,6.42,6482.0,6481.0,7872.0,21.53,20.87,19.68,20834.0
2026-03-18,10,16795.0,4.51,6.44,6408.0,6450.0,7855.0,21.53,20.87,19.71,20713.0
2026-03-18,11,16873.0,4.28,6.43,5902.0,6084.0,7355.0,18.99,18.41,17.53,19341.0
2026-03-18,12,17281.0,4.21,6.45,5286.0,5416.0,6679.0,15.43,14.99,14.28,17381.0
2026-03-18,13,17350.0,4.21,6.45,5215.0,5395.0,6711.0,15.44,14.99,14.25,17321.0
2026-03-18,14,16971.0,4.23,6.47,5139.0,5329.0,6485.0,15.35,14.91,14.26,16953.0
2026-03-18,15,17426.0,4.23,6.49,5150.0,5341.0,6600.0,15.4,14.96,14.23,17091.0
2026-03-18,16,17123.0,4.21,6.49,5551.0,5745.0,7153.0,17.1,16.58,15.61,18448.0
2026-03-18,17,16992.0,4.05,6.48,6138.0,6367.0,7936.0,20.01,19.54,18.26,20442.0
2026-03-18,18,16892.0,3.79,6.47,6327.0,6742.0,8191.0,21.11,21.64,20.29,21260.0
2026-03-18,19,16821.0,3.54,6.46,6175.0,6547.0,7956.0,21.01,21.35,20.12,20678.0
2026-03-18,20,16846.0,3.31,6.45,6146.0,6490.0,7900.0,20.94,21.28,20.05,20536.0
2026-03-18,21,16784.0,3.12,6.45,5769.0,5937.0,7188.0,19.12,18.94,18.05,18894.0
2026-03-18,22,17338.0,3.09,6.46,4908.0,4916.0,5887.0,14.7,14.34,13.96,15711.0
2026-03-18,23,17367.0,3.29,6.45,3743.0,3705.0,4505.0,10.09,9.9,9.88,11952.0
2026-03-19,0,16819.0,3.65,6.43,3150.0,3294.0,4059.0,7.65,7.53,7.57,10503.0
2026-03-19,1,16720.0,4.01,6.42,2942.0,3129.0,3825.0,7.46,7.35,7.41,9895.0
2026-03-19,2,16834.0,4.42,6.42,2600.0,2898.0,3666.0,7.21,7.13,7.21,9164.0
2026-03-19,3,16639.0,4.86,6.41,2551.0,2811.0,3630.0,7.01,6.94,7.02,8993.0
2026-03-19,4,16157.0,5.22,6.39,3246.0,3533.0,4528.0,9.55,9.4,9.15,11307.0
2026-03-19,5,15356.0,5.34,6.37,4766.0,5046.0,6420.0,16.41,16.01,15.2,16232.0
2026-03-19,6,16254.0,5.15,6.4,6223.0,6404.0,7840.0,21.6,20.92,19.71,20468.0
2026-03-19,7,15853.0,4.82,6.38,6781.0,6839.0,8283.0,22.0,21.25,19.88,21904.0
2026-03-19,8,15848.0,4.43,6.39,6717.0,6747.0,8276.0,22.01,21.28,19.92,21740.0
2026-03-19,9,15483.0,4.05,6.39,6566.0,6580.0,8069.0,21.96,21.27,19.98,21215.0
2026-03-19,10,16206.0,3.7,6.42,6502.0,6543.0,7985.0,21.93,21.24,20.03,21029.0
2026-03-19,11,16309.0,3.43,6.42,5916.0,6034.0,7328.0,18.92,18.33,17.44,19278.0
2026-03-19,12,16750.0,3.32,6.43,5329.0,5451.0,6721.0,15.73,15.27,14.55,17501.0
2026-03-19,13,17205.0,3.3,6.47,5267.0,5426.0,6723.0,15.66,15.2,14.47,17416.0
2026-03-19,14,17108.0,3.29,6.46,5266.0,5436.0,6692.0,15.67,15.2,14.48,17394.0
2026-03-19,15,17112.0,3.26,6.44,5247.0,5416.0,6727.0,15.67,15.19,14.42,17389.0
2026-03-19,16,16885.0,3.21,6.45,5587.0,5769.0,7195.0,17.1,16.56,15.56,18552.0
2026-03-19,17,16558.0,3.02,6.46,6198.0,6343.0,8139.0,19.84,19.19,18.54,20679.0
2026-03-19,18,16217.0,2.73,6.45,6411.0,6480.0,8380.0,20.94,20.26,20.19,21271.0
2026-03-19,19,16067.0,2.44,6.44,6249.0,6309.0,8026.0,20.6,19.96,19.94,20583.0
2026-03-19,20,16204.0,2.17,6.44,6222.0,6320.0,8034.0,20.59,19.94,19.75,20577.0
2026-03-19,21,16169.0,1.94,6.43,5717.0,5760.0,7254.0,18.65,18.13,17.54,18731.0
2026-03-19,22,16579.0,1.89,6.44,4749.0,4691.0,5715.0,13.76,13.43,13.29,15155.0
2026-03-19,23,16937.0,2.1,6.43,3610.0,3516.0,4193.0,9.26,9.1,9.26,11320.0
2026-03-20,0,16481.0,2.44,6.42,3127.0,3266.0,4128.0,7.47,7.34,7.45,10521.0
2026-03-20,1,16574.0,2.8,6.41,2781.0,3027.0,3910.0,7.35,7.24,7.36,9717.0
2026-03-20,2,16965.0,3.21,6.42,2599.0,2852.0,3740.0,7.24,7.15,7.29,9191.0
2026-03-20,3,17267.0,3.67,6.43,2581.0,2850.0,3746.0,7.25,7.16,7.29,9178.0
2026-03-20,4,17259.0,4.07,6.43,3245.0,3550.0,4594.0,9.68,9.5,9.36,11389.0
2026-03-20,5,16548.0,4.25,6.41,4655.0,4966.0,6444.0,16.2,15.81,15.18,16065.0
2026-03-20,6,16699.0,4.11,6.42,6259.0,6388.0,7926.0,21.25,20.6,19.69,20573.0
2026-03-20,7,16882.0,3.85,6.42,6577.0,6589.0,8174.0,20.97,20.21,19.86,21340.0
2026-03-20,8,16697.0,3.56,6.42,6524.0,6447.0,8200.0,20.58,19.7,19.71,21171.0
2026-03-20,9,16657.0,3.24,6.43,6418.0,6350.0,8158.0,20.52,19.68,19.66,20926.0
2026-03-20,10,17862.0,2.99,6.47,6310.0,6306.0,7951.0,20.42,19.58,19.63,20567.0
2026-03-20,11,18187.0,2.84,6.48,5740.0,5782.0,7369.0,17.65,16.94,17.11,18891.0
2026-03-20,12,18581.0,2.86,6.5,5261.0,5340.0,6892.0,15.03,14.39,14.51,17492.0
2026-03-20,13,18636.0,2.93,6.5,5188.0,5278.0,6860.0,15.03,14.4,14.54,17326.0
2026-03-20,14,18496.0,3.01,6.5,5136.0,5214.0,6807.0,15.01,14.4,14.52,17157.0
2026-03-20,15,18539.0,3.08,6.49,5153.0,5261.0,6767.0,15.02,14.4,14.48,17180.0
2026-03-20,16,18385.0,3.13,6.53,5374.0,5529.0,7265.0,16.2,15.54,15.55,18168.0
2026-03-20,17,18094.0,3.07,6.51,5853.0,6024.0,7919.0,18.86,18.08,17.96,19796.0
2026-03-20,18,17892.0,2.93,6.5,6124.0,6236.0,8165.0,20.72,19.88,19.8,20525.0
2026-03-20,19,18008.0,2.78,6.5,6012.0,6074.0,7862.0,20.33,19.53,19.82,19948.0
2026-03-20,20,17948.0,2.66,6.49,6035.0,6026.0,7784.0,20.13,19.36,19.69,19844.0
2026-03-20,21,17910.0,2.57,6.48,5525.0,5499.0,7070.0,17.83,17.19,17.6,18095.0
2026-03-20,22,18439.0,2.65,6.49,4677.0,4614.0,5835.0,13.49,13.05,13.53,15127.0
2026-03-20,23,18668.0,2.94,6.49,3704.0,3617.0,4557.0,9.52,9.32,9.66,11878.0
2026-03-21,0,18554.0,3.38,6.48,3216.0,3318.0,4182.0,7.43,7.28,7.58,10716.0
2026-03-21,1,18094.0,3.81,6.46,2993.0,3132.0,4016.0,7.42,7.28,7.58,10140.0
2026-03-21,2,18149.0,4.28,6.46,2822.0,2974.0,3824.0,7.27,7.15,7.46,9620.0
2026-03-21,3,18313.0,4.77,6.46,2753.0,2898.0,3766.0,7.15,7.05,7.35,9418.0
2026-03-21,4,18812.0,5.29,6.46,2764.0,2894.0,3786.0,7.16,7.06,7.35,9444.0
2026-03-21,5,17091.0,5.69,6.41,3685.0,3865.0,5185.0,11.16,10.92,10.9,12736.0
2026-03-21,6,17366.0,5.74,6.42,5634.0,5826.0,7461.0,18.39,17.7,17.62,18922.0
2026-03-21,7,17436.0,5.52,6.42,6765.0,6846.0,8709.0,21.62,20.62,20.49,22321.0
2026-03-21,8,17395.0,5.2,6.44,6886.0,6840.0,8595.0,21.62,20.63,20.54,22321.0
2026-03-21,9,17435.0,4.88,6.46,6751.0,6648.0,8300.0,21.39,20.45,20.42,21698.0
2026-03-21,10,17832.0,4.6,6.46,6665.0,6590.0,8141.0,21.29,20.38,20.38,21396.0
2026-03-21,11,17922.0,4.38,6.47,6487.0,6497.0,7995.0,21.09,20.18,20.21,20979.0
2026-03-21,12,18174.0,4.23,6.49,5994.0,6055.0,7505.0,18.74,17.96,18.11,19554.0
2026-03-21,13,18373.0,4.22,6.49,5408.0,5506.0,6903.0,15.62,14.97,15.13,17817.0
2026-03-21,14,18465.0,4.26,6.5,5353.0,5433.0,6821.0,15.53,14.9,15.04,17607.0
2026-03-21,15,18631.0,4.31,6.49,5333.0,5446.0,6843.0,15.55,14.91,15.0,17623.0
2026-03-21,16,18339.0,4.32,6.5,5782.0,5885.0,7447.0,17.49,16.74,16.72,19113.0
2026-03-21,17,18068.0,4.19,6.51,6365.0,6386.0,8182.0,20.25,19.17,19.25,20933.0
2026-03-21,18,17846.0,3.98,6.5,6597.0,6547.0,8379.0,21.53,20.28,20.46,21523.0
2026-03-21,19,17731.0,3.77,6.49,6419.0,6284.0,8042.0,21.42,19.98,20.21,20745.0
2026-03-21,20,17850.0,3.6,6.49,6329.0,6058.0,7940.0,21.42,19.51,20.08,20326.0
2026-03-21,21,17643.0,3.5,6.48,5497.0,5185.0,6731.0,17.23,15.83,16.51,17413.0
2026-03-21,22,18427.0,3.65,6.49,4371.0,4033.0,5206.0,11.59,10.76,11.36,13610.0
2026-03-21,23,19454.0,4.02,6.52,3620.0,3316.0,4284.0,9.08,8.55,9.12,11220.0
2026-03-22,0,17442.0,4.47,6.45,3282.0,3173.0,4089.0,7.58,7.08,7.62,10545.0
2026-03-22,1,17428.0,4.86,6.48,2975.0,3021.0,4001.0,7.5,7.06,7.53,9996.0
2026-03-22,2,17356.0,5.28,6.98,2800.0,2904.0,3897.0,7.45,7.04,7.5,9601.0
2026-03-22,3,17785.0,5.74,6.45,2732.0,2829.0,3813.0,7.43,7.04,7.49,9374.0
2026-03-22,4,17648.0,6.21,6.45,2834.0,2921.0,3946.0,7.62,7.21,7.63,9701.0
2026-03-22,5,17221.0,6.58,6.43,3670.0,3700.0,5157.0,11.46,10.74,11.01,12527.0
2026-03-22,6,17583.0,6.68,6.45,5640.0,5456.0,7224.0,18.6,17.02,17.42,18320.0
2026-03-22,7,17170.0,6.48,6.43,6798.0,6492.0,8444.0,22.08,19.86,20.51,21734.0
2026-03-22,8,17036.0,6.16,6.43,7064.0,6689.0,8675.0,22.25,19.88,20.55,22428.0
2026-03-22,9,16918.0,5.8,6.45,7053.0,6715.0,8713.0,22.38,20.0,20.68,22481.0
2026-03-22,10,17377.0,5.47,6.45,6873.0,6663.0,8585.0,22.42,20.07,20.76,22122.0
2026-03-22,11,17307.0,5.18,6.45,6666.0,6474.0,8394.0,22.12,19.89,20.55,21533.0
2026-03-22,12,17503.0,4.97,6.47,6093.0,5959.0,7692.0,19.24,17.36,18.09,19744.0
2026-03-22,13,17510.0,4.91,6.46,5519.0,5405.0,7019.0,16.23,14.7,15.33,17942.0
2026-03-22,14,17568.0,4.87,6.46,5553.0,5387.0,7012.0,16.16,14.64,15.25,17953.0
2026-03-22,15,17503.0,4.84,6.46,5522.0,5346.0,6970.0,16.1,14.6,15.15,17838.0
2026-03-22,16,17581.0,4.78,6.49,5897.0,5711.0,7429.0,17.76,16.04,16.56,19037.0
2026-03-22,17,17545.0,4.63,6.5,6401.0,6219.0,8279.0,19.88,18.26,19.37,20899.0
2026-03-22,18,17443.0,4.38,6.49,6632.0,6529.0,8616.0,21.24,19.85,21.07,21776.0
2026-03-22,19,17256.0,4.13,6.48,6385.0,6252.0,8183.0,20.84,19.57,20.78,20820.0
2026-03-22,20,17172.0,3.91,6.47,6297.0,6172.0,8016.0,20.66,19.43,20.63,20485.0
2026-03-22,21,17247.0,3.77,6.46,5571.0,5243.0,6902.0,17.33,15.89,16.93,17716.0
2026-03-22,22,18022.0,3.89,6.48,4318.0,4005.0,5242.0,11.49,10.7,11.51,13566.0
2026-03-22,23,19080.0,4.25,6.51,3482.0,3196.0,4179.0,8.87,8.38,9.1,10857.0
2026-03-23,0,17068.0,4.7,6.44,3147.0,3108.0,4061.0,7.41,6.96,7.6,10317.0
2026-03-23,1,16930.0,5.07,6.43,2959.0,2955.0,3918.0,7.37,6.96,7.57,9832.0
2026-03-23,2,17049.0,5.49,6.43,2805.0,2779.0,3749.0,7.15,6.79,7.38,9333.0
2026-03-23,3,17038.0,5.93,6.43,2667.0,2733.0,3725.0,7.1,6.76,7.32,9125.0
2026-03-23,4,16583.0,6.33,6.42,3220.0,3312.0,4502.0,9.44,8.9,9.35,11035.0
2026-03-23,5,16061.0,6.49,6.41,4667.0,4689.0,6406.0,15.96,14.8,15.33,15762.0
2026-03-23,6,16269.0,6.35,6.42,6169.0,5985.0,8115.0,20.77,18.87,20.22,20269.0
2026-03-23,7,15887.0,6.03,6.39,6736.0,6367.0,8530.0,21.02,18.89,20.41,21633.0
2026-03-23,8,15643.0,5.66,6.39,6719.0,6327.0,8487.0,20.97,18.88,20.39,21533.0
2026-03-23,9,15729.0,5.31,6.41,6565.0,6207.0,8315.0,20.9,18.88,20.36,21087.0
2026-03-23,10,16124.0,4.98,6.42,6506.0,6211.0,8261.0,20.87,18.84,20.35,20978.0
2026-03-23,11,16135.0,4.71,6.41,5935.0,5660.0,7595.0,17.9,16.22,17.6,19190.0
2026-03-23,12,16337.0,4.6,6.42,5387.0,5161.0,6891.0,15.0,13.62,14.8,17439.0
2026-03-23,13,16408.0,4.54,6.43,5312.0,5115.0,6816.0,14.97,13.6,14.8,17242.0
2026-03-23,14,16782.0,4.5,6.44,5226.0,5042.0,6750.0,14.93,13.61,14.75,17018.0
2026-03-23,15,16886.0,4.48,6.43,5216.0,5064.0,6740.0,14.95,13.61,14.73,17020.0
2026-03-23,16,16628.0,4.43,6.45,5528.0,5357.0,7263.0,16.23,14.71,15.87,18148.0
2026-03-23,17,17143.0,4.28,6.47,6136.0,5927.0,8064.0,18.94,17.07,18.39,20127.0
2026-03-23,18,17185.0,4.05,6.48,6492.0,6189.0,8521.0,20.83,18.78,20.17,21203.0
2026-03-23,19,17193.0,3.82,6.48,6276.0,5998.0,8173.0,20.66,18.76,20.11,20447.0
2026-03-23,20,17064.0,3.62,6.47,6218.0,5957.0,8020.0,20.45,18.59,19.94,20194.0
2026-03-23,21,17150.0,3.47,6.46,5674.0,5424.0,7401.0,18.27,16.75,17.97,18498.0
2026-03-23,22,17682.0,3.48,6.47,4798.0,4549.0,6046.0,14.05,13.0,14.06,15392.0
2026-03-23,23,18004.0,3.73,6.48,3621.0,3382.0,4494.0,9.48,8.88,9.76,11497.0
2026-03-24,0,17274.0,4.13,6.45,3146.0,3094.0,4180.0,7.48,6.97,7.71,10420.0
2026-03-24,1,17196.0,4.53,6.44,2946.0,2919.0,3970.0,7.4,6.95,7.65,9836.0
2026-03-24,2,17253.0,4.95,6.44,2823.0,2807.0,3890.0,7.36,6.95,7.61,9519.0
2026-03-24,3,17312.0,5.4,6.44,2786.0,2783.0,3893.0,7.35,6.95,7.59,9462.0
2026-03-24,4,16863.0,5.8,6.43,3380.0,3343.0,4560.0,9.44,8.83,9.48,11282.0
2026-03-24,5,16105.0,5.96,6.41,4705.0,4651.0,6395.0,15.56,14.41,15.28,15751.0
2026-03-24,6,16457.0,5.83,6.42,6082.0,5923.0,8119.0,20.53,18.66,19.98,20124.0
2026-03-24,7,16765.0,5.55,6.42,6541.0,6282.0,8550.0,20.88,18.77,20.24,21372.0
2026-03-24,8,16699.0,5.26,6.42,6473.0,6218.0,8484.0,20.81,18.76,20.2,21175.0
2026-03-24,9,16627.0,4.97,6.44,6309.0,6029.0,8228.0,20.51,18.58,19.97,20565.0
2026-03-24,10,17186.0,4.73,6.45,6355.0,6054.0,8111.0,20.5,18.56,20.01,20519.0
2026-03-24,11,17067.0,4.54,6.44,5823.0,5581.0,7446.0,17.93,16.29,17.63,18850.0
2026-03-24,12,17646.0,4.51,6.47,5311.0,5122.0,6859.0,15.24,13.86,15.04,17292.0
2026-03-24,13,17878.0,4.54,6.47,5265.0,5132.0,6882.0,15.2,13.81,15.0,17278.0
2026-03-24,14,18007.0,4.56,6.47,5217.0,5085.0,6863.0,15.16,13.8,14.96,17166.0
2026-03-25,9,16693.0,4.5,6.43,6425.0,6070.0,8226.0,20.62,18.69,20.12,20722.0
2026-03-25,10,17234.0,4.26,6.44,6357.0,6054.0,8101.0,20.58,18.66,20.11,20511.0
2026-03-25,11,17258.0,4.08,6.44,5778.0,5533.0,7497.0,17.72,16.11,17.48,18808.0
2026-03-25,12,17544.0,4.05,6.45,5230.0,5042.0,6796.0,14.74,13.41,14.55,17067.0
2026-03-25,13,17916.0,4.09,6.47,5151.0,5017.0,6773.0,14.72,13.4,14.54,16942.0
2026-03-25,14,18062.0,4.15,6.48,5099.0,4966.0,6762.0,14.7,13.4,14.52,16826.0
2026-03-25,15,18077.0,4.21,6.47,5132.0,5016.0,6739.0,14.72,13.4,14.5,16888.0
2026-03-25,16,17738.0,4.23,6.47,5528.0,5346.0,7195.0,16.2,14.69,15.86,18069.0
2026-03-25,17,17355.0,4.12,6.48,6188.0,5926.0,8064.0,19.21,17.35,18.62,20179.0
2026-03-25,18,17140.0,3.89,6.48,6491.0,6172.0,8329.0,20.71,18.69,20.12,20992.0
2026-03-25,19,16905.0,3.67,6.47,6260.0,5969.0,7975.0,20.36,18.47,19.91,20204.0
2026-03-25,20,16812.0,3.47,6.46,6169.0,5875.0,7994.0,20.28,18.46,19.81,20037.0
2026-03-25,21,16840.0,3.32,6.45,5616.0,5336.0,7190.0,17.91,16.41,17.63,18142.0
2026-03-25,22,17516.0,3.32,6.47,4727.0,4608.0,5938.0,13.49,12.35,13.54,15273.0
2026-03-25,23,17606.0,3.56,6.46,3631.0,3358.0,4455.0,9.52,8.94,9.79,11444.0
2026-03-26,0,16442.0,3.93,6.42,3101.0,3048.0,4060.0,7.4,6.94,7.67,10210.0
2026-03-26,1,16336.0,4.29,6.41,2762.0,2879.0,3999.0,7.36,6.95,7.61,9639.0
2026-03-26,2,17450.0,4.7,6.44,2567.0,2718.0,3826.0,7.15,6.79,7.42,9111.0
2026-03-26,3,17893.0,5.2,6.46,2503.0,2643.0,3771.0,7.08,6.75,7.36,8917.0
2026-03-26,4,16615.0,5.63,6.42,3159.0,3280.0,4593.0,9.44,8.89,9.47,11032.0
2026-03-26,5,16649.0,5.79,6.42,4601.0,4626.0,6482.0,15.66,14.52,15.34,15709.0
2026-03-26,6,17322.0,5.7,6.45,6242.0,5983.0,8146.0,20.49,18.61,19.96,20371.0
2026-03-26,7,16850.0,5.44,6.43,6659.0,6327.0,8576.0,20.89,18.78,20.27,21562.0
2026-03-26,8,16695.0,5.13,6.42,6606.0,6240.0,8482.0,20.83,18.78,20.24,21327.0
2026-03-26,9,16694.0,4.83,6.43,6416.0,6053.0,8271.0,20.71,18.79,20.19,20740.0
2026-03-26,10,17105.0,4.59,6.45,6302.0,5902.0,8114.0,20.6,18.77,20.13,20319.0
2026-03-26,11,17203.0,4.41,6.44,5748.0,5425.0,7517.0,17.79,16.27,17.53,18690.0
2026-03-26,12,17722.0,4.39,6.46,5264.0,4982.0,6903.0,15.0,13.7,14.8,17149.0
2026-03-26,13,17829.0,4.42,6.47,5201.0,5005.0,6965.0,15.02,13.7,14.81,17172.0
2026-03-26,14,17834.0,4.45,6.47,5151.0,5136.0,6910.0,15.01,13.61,14.8,17197.0
2026-03-26,15,17897.0,4.49,6.46,5130.0,5073.0,6903.0,14.97,13.6,14.72,17105.0
2026-03-26,16,17537.0,4.49,6.45,5324.0,5291.0,7348.0,16.26,14.76,15.85,17964.0
2026-03-26,17,17178.0,4.38,6.47,5962.0,5872.0,8137.0,19.04,17.19,18.46,19971.0
2026-03-26,18,17021.0,4.15,6.48,6325.0,6150.0,8475.0,20.7,18.68,20.04,20951.0
2026-03-26,19,17023.0,3.92,6.48,6300.0,6016.0,8224.0,20.61,18.69,20.04,20539.0
2026-03-26,20,16982.0,3.7,6.47,6274.0,6021.0,8204.0,20.61,18.69,20.05,20500.0
2026-03-26,21,16808.0,3.53,6.46,5705.0,5419.0,7391.0,18.33,16.8,18.04,18515.0
2026-03-26,22,17555.0,3.53,6.47,4805.0,4576.0,6053.0,13.99,12.92,14.01,15434.0
2026-03-26,23,17743.0,3.76,6.47,3686.0,3457.0,4535.0,9.68,9.08,9.96,11679.0
2026-03-27,0,17003.0,4.14,6.45,3122.0,3104.0,4154.0,7.43,6.98,7.7,10381.0
2026-03-27,1,16815.0,4.52,6.43,2897.0,2921.0,3980.0,7.31,6.91,7.58,9798.0
2026-03-27,2,16908.0,4.93,6.43,2769.0,2796.0,3850.0,7.21,6.85,7.49,9416.0
2026-03-27,3,17394.0,5.37,6.44,2637.0,2719.0,3809.0,7.2,6.85,7.48,9166.0
2026-03-27,4,16851.0,5.78,6.43,3195.0,3311.0,4623.0,9.49,8.95,9.56,11129.0
2026-03-27,5,16031.0,5.95,6.41,4520.0,4566.0,6394.0,15.44,14.35,15.15,15480.0
2026-03-27,6,16195.0,5.81,6.41,6091.0,5943.0,8166.0,20.53,18.63,19.98,20200.0
2026-03-27,7,16513.0,5.5,6.41,6733.0,6361.0,8554.0,20.93,18.78,20.31,21647.0
2026-03-27,8,16780.0,5.19,6.42,6665.0,6313.0,8476.0,20.88,18.78,20.29,21454.0
2026-03-27,9,16722.0,4.89,6.43,6465.0,6103.0,8231.0,20.76,18.79,20.23,20799.0
2026-03-27,10,17239.0,4.63,6.45,6379.0,6086.0,8190.0,20.65,18.69,20.16,20655.0
2026-03-27,11,17241.0,4.44,6.44,5805.0,5576.0,7625.0,17.59,15.95,17.3,19007.0
2026-03-27,12,17541.0,4.4,6.46,5263.0,5102.0,6921.0,14.87,13.51,14.64,17286.0
2026-03-27,13,17805.0,4.42,6.47,5206.0,5081.0,6895.0,14.84,13.49,14.66,17181.0
2026-03-27,14,17993.0,4.46,6.48,5151.0,5017.0,6814.0,14.83,13.5,14.62,16982.0
2026-03-27,15,18380.0,4.52,6.48,5152.0,4999.0,6820.0,14.83,13.5,14.59,16970.0
2026-03-27,16,18023.0,4.56,6.49,5460.0,5288.0,7220.0,15.94,14.48,15.6,17968.0
2026-03-27,17,17726.0,4.48,6.5,6110.0,5875.0,8049.0,18.91,17.09,18.37,20035.0
2026-03-27,18,17716.0,4.28,6.49,6484.0,6180.0,8437.0,20.8,18.78,20.19,21101.0
2026-03-27,19,17414.0,4.08,6.48,6239.0,5961.0,8082.0,20.66,18.79,20.14,20282.0
2026-03-27,20,17512.0,3.9,6.48,6138.0,5847.0,7945.0,20.4,18.61,19.94,19930.0
2026-03-27,21,17496.0,3.79,6.47,5593.0,5324.0,7176.0,17.97,16.49,17.72,18092.0
2026-03-27,22,18029.0,3.85,6.48,4721.0,4446.0,5901.0,13.59,12.54,13.59,15068.0
2026-03-27,23,16945.0,4.09,8.07,3675.0,3394.0,4509.0,9.37,8.74,9.66,11578.0
2026-03-28,0,16065.0,4.4,8.28,3210.0,3147.0,4274.0,7.47,6.94,7.68,10631.0
2026-03-28,1,15371.0,4.71,9.09,2994.0,2962.0,4084.0,7.42,6.96,7.66,10040.0
2026-03-28,2,16928.0,5.05,7.96,2772.0,2801.0,3871.0,7.36,6.95,7.61,9445.0
2026-03-28,3,17787.0,5.51,7.43,2592.0,2720.0,3830.0,7.33,6.95,7.59,9141.0
2026-03-28,4,17307.0,5.99,6.95,2739.0,2803.0,3914.0,7.36,6.95,7.61,9456.0
2026-03-28,5,16446.0,6.33,6.44,3639.0,3591.0,5144.0,11.01,10.29,10.9,12373.0
2026-03-28,6,16202.0,6.36,6.41,5701.0,5546.0,7510.0,18.42,16.78,17.95,18757.0
2026-03-28,7,16850.0,6.07,6.42,6864.0,6517.0,8778.0,21.78,19.53,21.11,22159.0
2026-03-28,8,16932.0,5.72,6.43,6960.0,6576.0,8852.0,21.78,19.48,21.1,22388.0
2026-03-28,9,16900.0,5.37,6.44,6888.0,6506.0,8772.0,21.63,19.38,20.98,22166.0
2026-03-28,10,17277.0,5.05,6.46,6729.0,6396.0,8562.0,21.47,19.3,20.89,21687.0
2026-03-28,11,17267.0,4.78,6.45,6518.0,6252.0,8348.0,21.15,19.09,20.61,21118.0
2026-03-28,12,17780.0,4.59,6.47,6015.0,5811.0,7795.0,18.55,16.77,18.2,19621.0
2026-03-28,13,18106.0,4.55,6.48,5463.0,5293.0,7119.0,15.67,14.19,15.43,17874.0
2026-03-28,14,18214.0,4.56,6.48,5417.0,5278.0,7117.0,15.76,14.3,15.51,17812.0
2026-03-28,15,18188.0,4.57,6.48,5417.0,5282.0,7247.0,15.78,14.3,15.46,17947.0
2026-03-28,16,17959.0,4.53,6.48,5782.0,5636.0,7688.0,17.29,15.6,16.82,19106.0
2026-03-28,17,17691.0,4.38,6.49,6370.0,6128.0,8416.0,19.93,17.93,19.3,20914.0
2026-03-28,18,17412.0,4.13,6.49,6701.0,6382.0,8692.0,21.5,19.33,20.81,21775.0
2026-03-28,19,17144.0,3.87,6.48,6405.0,6093.0,8208.0,21.23,19.26,20.68,20706.0
2026-03-28,20,17180.0,3.67,6.47,6232.0,5932.0,7917.0,20.86,19.0,20.39,20081.0
2026-03-28,21,17199.0,3.55,6.46,5378.0,5085.0,6878.0,16.66,15.32,16.55,17341.0
2026-03-28,22,17588.0,3.67,6.47,4283.0,3981.0,5338.0,11.23,10.45,11.37,13602.0
2026-03-28,23,18614.0,3.98,6.49,3494.0,3224.0,4353.0,8.71,8.21,9.0,11071.0
2026-03-29,0,18685.0,4.46,6.49,3041.0,3087.0,4213.0,7.33,6.87,7.57,10341.0
2026-03-29,1,18503.0,4.93,6.48,2840.0,2957.0,4061.0,7.27,6.86,7.53,9857.0
2026-03-29,2,18574.0,5.43,6.48,2661.0,2808.0,3954.0,7.22,6.85,7.48,9423.0
2026-03-29,3,18630.0,5.95,6.48,2579.0,2745.0,3901.0,7.2,6.84,7.46,9225.0
2026-03-29,4,18895.0,6.48,6.48,2677.0,2824.0,4020.0,7.21,6.84,7.46,9522.0
2026-03-29,5,16954.0,6.88,6.42,3597.0,3658.0,5341.0,11.22,10.53,11.08,12596.0
2026-03-29,6,17371.0,6.94,6.44,5679.0,5507.0,7528.0,18.29,16.69,17.84,18715.0
2026-03-29,7,17118.0,6.72,6.42,6710.0,6400.0,8675.0,21.51,19.34,20.86,21784.0
2026-03-29,8,17045.0,6.4,6.42,6924.0,6612.0,8874.0,21.79,19.47,21.1,22410.0
2026-03-29,9,17079.0,6.06,6.44,6961.0,6627.0,8849.0,21.81,19.48,21.13,22438.0
2026-03-29,10,17403.0,5.74,6.45,6827.0,6522.0,8588.0,21.55,19.31,20.96,21937.0
2026-03-29,11,17502.0,5.47,6.47,6683.0,6435.0,8442.0,21.42,19.21,20.84,21560.0
2026-03-29,12,17859.0,5.27,6.47,6110.0,5897.0,7760.0,18.46,16.62,18.15,19767.0
2026-03-29,13,17692.0,5.2,6.47,5566.0,5375.0,7140.0,15.72,14.21,15.52,18081.0
2026-03-29,14,17919.0,5.17,6.47,5444.0,5278.0,7095.0,15.67,14.2,15.43,17818.0
2026-03-29,15,17997.0,5.17,6.47,5389.0,5264.0,7096.0,15.7,14.24,15.39,17748.0
2026-03-29,16,18060.0,5.15,6.5,5809.0,5641.0,7648.0,17.43,15.74,17.01,19098.0
2026-03-29,17,17584.0,4.99,6.48,6440.0,6165.0,8398.0,20.27,18.23,19.64,21003.0
2026-03-29,18,17230.0,4.74,6.47,6535.0,6299.0,8456.0,21.25,19.14,20.63,21291.0
2026-03-29,19,17339.0,4.53,6.48,6188.0,5983.0,7966.0,20.79,18.89,20.31,20137.0
2026-03-29,20,17341.0,4.36,6.47,6078.0,5917.0,7869.0,20.7,18.85,20.24,19863.0
2026-03-29,21,17388.0,4.25,6.46,5364.0,5094.0,6870.0,16.75,15.39,16.66,17328.0
2026-03-29,22,17724.0,4.38,6.47,4232.0,3931.0,5215.0,11.11,10.33,11.26,13378.0
2026-03-29,23,19413.0,4.74,6.51,3435.0,3158.0,4185.0,8.8,8.3,9.09,10778.0
2026-03-30,0,17514.0,5.21,6.45,3145.0,3102.0,4131.0,7.48,7.01,7.75,10378.0
2026-03-30,1,17274.0,5.61,6.44,2939.0,2905.0,3917.0,7.36,6.95,7.64,9761.0
2026-03-30,2,17386.0,6.04,6.44,2778.0,2781.0,3796.0,7.32,6.95,7.61,9355.0
2026-03-30,3,17240.0,6.49,6.43,2743.0,2757.0,3758.0,7.34,6.98,7.62,9258.0
2026-03-30,4,16683.0,6.89,6.42,3344.0,3333.0,4515.0,9.62,9.05,9.68,11191.0
2026-03-30,5,15456.0,7.03,6.6,4583.0,4611.0,6389.0,15.76,14.62,15.45,15583.0
2026-03-30,6,16812.0,6.88,6.42,6156.0,5986.0,8155.0,20.82,18.91,20.26,20298.0
2026-03-30,7,16899.0,6.62,6.41,6649.0,6368.0,8616.0,21.12,18.97,20.49,21633.0
2026-03-30,8,16818.0,6.32,6.41,6697.0,6316.0,8544.0,21.09,18.98,20.5,21557.0
2026-03-30,9,16741.0,6.03,6.41,6498.0,6137.0,8312.0,20.96,18.97,20.42,20947.0
2026-03-30,10,17291.0,5.79,6.46,6386.0,6060.0,8092.0,20.66,18.7,20.16,20537.0
2026-03-30,11,17304.0,5.59,6.44,5871.0,5647.0,7624.0,18.12,16.45,17.84,19143.0
2026-03-30,12,17524.0,5.55,6.46,5335.0,5164.0,6920.0,15.1,13.71,14.91,17419.0
2026-03-30,13,17644.0,5.55,6.46,5296.0,5142.0,6947.0,15.09,13.7,14.89,17385.0
2026-03-30,14,18037.0,5.57,6.47,5198.0,5080.0,6874.0,15.05,13.71,14.85,17152.0
2026-03-30,15,18157.0,5.61,6.47,5210.0,5084.0,6847.0,15.06,13.7,14.83,17140.0
2026-03-30,16,17880.0,5.63,6.46,5492.0,5333.0,7247.0,16.18,14.68,15.83,18072.0
2026-03-30,17,17573.0,5.54,6.48,6094.0,5889.0,8074.0,18.99,17.14,18.44,20057.0
2026-03-30,18,17546.0,5.33,6.48,6517.0,6235.0,8493.0,21.13,19.06,20.5,21245.0
2026-03-30,19,17478.0,5.12,6.48,6294.0,6046.0,8077.0,20.82,18.89,20.31,20418.0
2026-03-30,20,17403.0,4.94,6.46,6211.0,5952.0,7994.0,20.58,18.69,20.08,20158.0
2026-03-30,21,17378.0,4.8,6.45,5666.0,5430.0,7289.0,18.31,16.76,18.04,18385.0
2026-03-30,22,18305.0,4.83,6.48,4813.0,4610.0,6048.0,13.93,12.83,13.96,15470.0
2026-03-30,23,19224.0,5.11,6.5,3690.0,3506.0,4636.0,9.7,9.08,9.96,11831.0
2026-03-31,0,17196.0,5.53,6.43,3155.0,3146.0,4187.0,7.43,6.96,7.69,10488.0
2026-03-31,1,16583.0,5.9,6.6,2967.0,2976.0,4013.0,7.38,6.96,7.64,9957.0
2026-03-31,2,16207.0,6.27,7.05,2811.0,2841.0,3928.0,7.32,6.94,7.59,9580.0
2026-03-31,3,15736.0,6.64,7.77,2754.0,2798.0,3890.0,7.31,6.95,7.58,9442.0
2026-03-31,4,14924.0,6.93,8.01,3385.0,3363.0,4604.0,9.39,8.83,9.44,11352.0
2026-03-31,5,15108.0,6.99,6.55,4655.0,4656.0,6443.0,15.6,14.46,15.29,15754.0
2026-03-31,6,16719.0,6.83,6.39,6167.0,6029.0,8220.0,20.78,18.85,20.22,20415.0
2026-03-31,7,16877.0,6.56,6.4,6558.0,6305.0,8607.0,20.98,18.88,20.36,21470.0
2026-03-31,8,16768.0,6.27,6.41,6455.0,6193.0,8475.0,20.89,18.86,20.31,21123.0
2026-03-31,9,16838.0,5.99,6.42,6410.0,6093.0,8244.0,20.73,18.79,20.2,20747.0
2026-03-31,10,17353.0,5.75,6.44,6303.0,6043.0,8042.0,20.66,18.73,20.2,20388.0
2026-03-31,11,17333.0,5.59,6.44,5742.0,5507.0,7257.0,17.62,16.04,17.39,18506.0
2026-03-31,12,17611.0,5.58,6.45,5231.0,5066.0,6723.0,14.74,13.4,14.59,17020.0
2026-03-31,13,18080.0,5.62,6.46,5154.0,4996.0,6773.0,14.7,13.4,14.56,16924.0
2026-03-31,14,18360.0,5.7,6.48,5069.0,4927.0,6634.0,14.67,13.4,14.52,16630.0
2026-03-31,15,18427.0,5.79,6.47,5114.0,4958.0,6706.0,14.69,13.4,14.49,16778.0
2026-03-31,16,18121.0,5.83,6.46,5441.0,5279.0,7232.0,16.05,14.59,15.71,17952.0
2026-03-31,17,17756.0,5.76,6.47,6089.0,5824.0,8006.0,18.96,17.15,18.43,19919.0
2026-03-31,18,17748.0,5.57,6.48,6471.0,6137.0,8379.0,20.78,18.8,20.18,20987.0
2026-03-31,19,17648.0,5.38,6.48,6273.0,5969.0,8051.0,20.58,18.71,20.08,20293.0
2026-03-31,20,16853.0,5.2,6.91,6182.0,5904.0,7991.0,20.49,18.65,20.0,20078.0
2026-03-31,21,16030.0,5.0,8.21,5622.0,5382.0,7342.0,18.11,16.6,17.79,18347.0
2026-03-31,22,17005.0,4.96,8.42,4834.0,4584.0,6144.0,13.87,12.75,13.87,15563.0
2026-03-31,23,17381.0,5.16,8.64,3629.0,3416.0,4592.0,9.46,8.86,9.73,11636.0
2026-04-01,0,14836.0,5.45,8.36,3019.0,3100.0,4271.0,7.44,6.96,7.68,10389.0
2026-04-01,1,15588.0,5.74,7.65,2761.0,2872.0,3971.0,7.25,6.85,7.53,9604.0
2026-04-01,2,16203.0,6.1,7.09,2610.0,2727.0,3849.0,7.21,6.86,7.49,9185.0
2026-04-01,3,16268.0,6.5,7.09,2563.0,2698.0,3836.0,7.2,6.85,7.47,9098.0
2026-04-01,4,16026.0,6.86,7.08,3182.0,3301.0,4574.0,9.43,8.88,9.5,11057.0
2026-04-01,5,15260.0,6.98,6.88,4660.0,4639.0,6407.0,15.61,14.47,15.33,15706.0
2026-04-01,6,16436.0,6.8,6.52,6324.0,6061.0,8212.0,20.63,18.69,20.09,20597.0
2026-04-01,7,16764.0,6.51,6.51,6696.0,6343.0,8561.0,20.92,18.78,20.31,21600.0
2026-04-01,8,16763.0,6.2,6.41,6638.0,6296.0,8479.0,20.88,18.78,20.3,21414.0
2026-04-01,9,16777.0,5.91,6.43,6481.0,6153.0,8292.0,20.78,18.79,20.24,20927.0
2026-04-01,10,17249.0,5.65,6.44,6379.0,6087.0,8168.0,20.72,18.77,20.22,20633.0
2026-04-01,11,17402.0,5.47,6.44,5855.0,5628.0,7600.0,18.14,16.47,17.84,19083.0
2026-04-01,12,17548.0,5.42,6.45,5301.0,5109.0,6908.0,15.05,13.68,14.86,17318.0
2026-04-01,13,18034.0,5.45,6.46,5211.0,5071.0,6871.0,14.75,13.41,14.57,17154.0
2026-04-01,14,18161.0,5.51,6.47,5167.0,5021.0,6770.0,14.73,13.41,14.55,16958.0
2026-04-01,15,18200.0,5.57,6.47,5095.0,4970.0,6729.0,14.7,13.4,14.5,16794.0
2026-04-01,16,17887.0,5.6,6.46,5441.0,5311.0,7227.0,16.22,14.72,15.87,17979.0
2026-04-01,17,17636.0,5.5,6.47,6118.0,5888.0,8119.0,18.98,17.13,18.41,20125.0
2026-04-01,18,17331.0,5.28,6.48,6524.0,6214.0,8538.0,20.9,18.85,20.24,21275.0
2026-04-01,19,16950.0,5.04,6.57,6341.0,6024.0,8176.0,20.73,18.83,20.21,20541.0
2026-04-01,20,16761.0,4.82,6.58,6272.0,5963.0,8052.0,20.63,18.75,20.14,20287.0
2026-04-01,21,16909.0,4.64,6.57,5712.0,5405.0,7304.0,18.26,16.73,17.99,18420.0
2026-04-01,22,17693.0,4.64,6.57,4840.0,4553.0,6004.0,13.78,12.68,13.76,15397.0
2026-04-01,23,17866.0,4.88,6.47,3719.0,3456.0,4535.0,9.51,8.93,9.8,11711.0
2026-04-02,0,16924.0,5.25,6.43,3196.0,3141.0,4238.0,7.5,7.03,7.76,10576.0
2026-04-02,1,16972.0,5.61,6.43,2969.0,2969.0,4050.0,7.37,6.95,7.63,9989.0
2026-04-02,2,17072.0,6.02,6.43,2811.0,2832.0,3926.0,7.32,6.95,7.59,9570.0
2026-04-02,3,17109.0,6.44,6.43,2798.0,2834.0,3942.0,7.31,6.93,7.57,9574.0
2026-04-02,4,16463.0,6.82,6.41,3237.0,3326.0,4612.0,9.4,8.86,9.47,11174.0
2026-04-02,5,15675.0,6.96,6.39,4649.0,4660.0,6511.0,15.76,14.62,15.43,15820.0
2026-04-02,6,16995.0,6.8,6.44,6286.0,6069.0,8245.0,20.62,18.67,20.06,20600.0
2026-04-02,7,16841.0,6.52,6.42,6816.0,6429.0,8642.0,21.04,18.87,20.41,21887.0
2026-04-02,8,16707.0,6.2,6.42,6767.0,6343.0,8538.0,21.0,18.88,20.42,21647.0
2026-04-02,9,16711.0,5.9,6.43,6635.0,6202.0,8369.0,20.9,18.88,20.36,21206.0
2026-04-02,10,17350.0,5.63,6.45,6505.0,6130.0,8135.0,20.63,18.66,20.16,20769.0
2026-04-02,11,17363.0,5.45,6.45,5880.0,5638.0,7569.0,17.99,16.31,17.71,19088.0
2026-04-02,12,17599.0,5.4,6.45,5383.0,5190.0,6971.0,15.2,13.78,14.99,17543.0
2026-04-02,13,17994.0,5.41,6.47,5309.0,5145.0,6939.0,15.01,13.61,14.83,17392.0
2026-04-02,14,18104.0,5.45,6.47,5227.0,5081.0,6860.0,14.95,13.6,14.77,17168.0
2026-04-02,15,18398.0,5.5,6.48,5201.0,5078.0,6855.0,14.96,13.6,14.73,17134.0
2026-04-02,16,18020.0,5.52,6.48,5550.0,5395.0,7364.0,16.31,14.77,15.95,18309.0
2026-04-02,17,17697.0,5.41,6.48,6154.0,5947.0,8165.0,19.11,17.23,18.55,20267.0
2026-04-02,18,16992.0,5.19,7.09,6545.0,6253.0,8517.0,20.94,18.88,20.31,21314.0
2026-04-02,19,16629.0,4.93,7.24,6332.0,6029.0,8094.0,20.67,18.76,20.17,20455.0
2026-04-02,20,16562.0,4.7,7.23,6259.0,5945.0,7971.0,20.44,18.58,19.98,20175.0
2026-04-02,21,16738.0,4.51,7.23,5702.0,5424.0,7347.0,18.07,16.53,17.8,18474.0
2026-04-02,22,17275.0,4.5,7.28,4703.0,4504.0,5973.0,13.61,12.54,13.62,15180.0
2026-04-02,23,17166.0,4.73,7.25,3488.0,3352.0,4472.0,9.21,8.66,9.51,11313.0
2026-04-03,0,16034.0,5.07,7.11,3013.0,3083.0,4156.0,7.45,6.99,7.7,10253.0
2026-04-03,1,16236.0,5.41,7.12,2809.0,2912.0,3971.0,7.36,6.95,7.63,9691.0
2026-04-03,2,16387.0,5.79,7.13,2658.0,2812.0,3888.0,7.31,6.94,7.59,9357.0
2026-04-03,3,17040.0,6.2,6.45,2660.0,2797.0,3836.0,7.35,6.99,7.62,9293.0
2026-04-03,4,16570.0,6.58,6.41,3278.0,3375.0,4573.0,9.6,9.04,9.68,11226.0
2026-04-03,5,15765.0,6.72,6.39,4792.0,4706.0,6399.0,15.75,14.56,15.45,15898.0
2026-04-03,6,16332.0,6.54,6.41,6415.0,6116.0,8185.0,20.82,18.84,20.28,20715.0
2026-04-03,7,16785.0,6.23,6.41,6817.0,6436.0,8622.0,21.17,18.99,20.56,21875.0
2026-04-03,8,16854.0,5.91,6.42,6772.0,6370.0,8609.0,21.23,19.08,20.63,21751.0
2026-04-03,9,16704.0,5.59,6.43,6546.0,6213.0,8395.0,20.94,18.89,20.39,21155.0
2026-04-03,10,17195.0,5.33,6.44,6461.0,6200.0,8362.0,20.93,18.88,20.38,21023.0
2026-04-03,11,17295.0,5.13,6.44,5859.0,5637.0,7625.0,17.87,16.19,17.55,19122.0
2026-04-03,12,17545.0,5.09,6.46,5326.0,5126.0,6876.0,14.8,13.42,14.61,17328.0
2026-04-03,13,17828.0,5.11,6.46,5249.0,5078.0,6814.0,14.77,13.41,14.59,17142.0
2026-04-03,14,17865.0,5.14,6.46,5164.0,4986.0,6790.0,14.71,13.4,14.52,16940.0
2026-04-03,15,18087.0,5.19,6.46,5175.0,5026.0,6798.0,14.73,13.41,14.51,16999.0
2026-04-03,16,17894.0,5.2,6.48,5537.0,5324.0,7331.0,16.18,14.69,15.83,18192.0
2026-04-03,17,17565.0,5.09,6.48,6217.0,5912.0,8189.0,19.18,17.31,18.59,20318.0
2026-04-03,18,17517.0,4.87,6.48,6576.0,6223.0,8528.0,21.12,19.05,20.46,21327.0
2026-04-03,19,17522.0,4.66,6.48,6277.0,5937.0,8052.0,20.79,18.92,20.27,20266.0
2026-04-03,20,17261.0,4.48,6.47,6214.0,5892.0,8108.0,20.72,18.88,20.2,20213.0
2026-04-03,21,17040.0,4.32,6.45,5728.0,5433.0,7429.0,18.54,16.98,18.22,18590.0
2026-04-03,22,17676.0,4.32,6.47,4901.0,4623.0,6155.0,14.2,13.1,14.2,15679.0
2026-04-03,23,17743.0,4.53,6.46,3773.0,3502.0,4675.0,9.75,9.1,10.0,11951.0
2026-04-04,0,17283.0,4.9,6.44,3229.0,3133.0,4188.0,7.51,6.98,7.75,10551.0
2026-04-04,1,17297.0,5.29,6.44,3012.0,3001.0,4063.0,7.44,6.96,7.68,10076.0
2026-04-04,2,15970.0,5.69,8.06,2791.0,2827.0,3937.0,7.38,6.96,7.64,9555.0
2026-04-04,3,14668.0,6.01,9.66,2590.0,2715.0,3883.0,7.33,6.94,7.58,9187.0
2026-04-04,4,15387.0,6.31,9.0,2738.0,2780.0,3903.0,7.33,6.93,7.59,9421.0
2026-04-04,5,16110.0,6.62,6.4,3658.0,3608.0,5158.0,10.96,10.24,10.85,12425.0
2026-04-04,6,17536.0,6.65,6.45,5789.0,5581.0,7686.0,18.34,16.68,17.88,19056.0
2026-04-04,7,17055.0,6.4,6.43,6938.0,6527.0,8864.0,21.79,19.53,21.1,22330.0
2026-04-04,8,16869.0,6.05,6.43,7016.0,6617.0,8893.0,21.88,19.57,21.2,22525.0
2026-04-04,9,16848.0,5.7,6.43,6906.0,6503.0,8761.0,21.72,19.49,21.07,22170.0
2026-04-04,10,17266.0,5.38,6.45,6783.0,6397.0,8601.0,21.55,19.38,20.96,21780.0
2026-04-04,11,17234.0,5.11,6.45,6617.0,6289.0,8504.0,21.48,19.37,20.9,21409.0
2026-04-04,12,17420.0,4.89,6.46,6074.0,5829.0,7890.0,18.77,16.96,18.4,19793.0
2026-04-04,13,17628.0,4.81,6.46,5480.0,5283.0,7165.0,15.48,14.02,15.25,17928.0
2026-04-04,14,17777.0,4.8,6.46,5412.0,5204.0,7061.0,15.45,14.01,15.2,17676.0
2026-04-04,15,17798.0,4.79,6.46,5407.0,5222.0,7092.0,15.46,14.01,15.17,17721.0
2026-04-04,16,17645.0,4.75,6.46,5780.0,5604.0,7607.0,17.09,15.43,16.66,18991.0
2026-04-04,17,17482.0,4.58,6.48,6433.0,6223.0,8458.0,20.22,18.14,19.56,21113.0
2026-04-04,18,17487.0,4.32,6.49,6753.0,6406.0,8727.0,21.77,19.58,21.07,21886.0
2026-04-04,19,17550.0,4.08,6.49,6415.0,6086.0,8229.0,21.34,19.38,20.79,20731.0
2026-04-04,20,17526.0,3.88,6.48,6290.0,5996.0,8107.0,21.18,19.29,20.66,20393.0
2026-04-04,21,17517.0,3.76,6.47,5522.0,5200.0,7068.0,17.15,15.74,16.97,17789.0
2026-04-04,22,17921.0,3.87,6.48,4350.0,4033.0,5418.0,11.52,10.69,11.62,13802.0
2026-04-04,23,17759.0,4.16,6.47,3704.0,3408.0,4605.0,9.49,8.93,9.72,11718.0
2026-04-05,0,16705.0,4.49,6.43,3382.0,3402.0,4594.0,8.73,8.16,8.91,11378.0
2026-04-05,1,17279.0,4.82,6.45,3084.0,3216.0,4479.0,8.68,8.18,8.89,10779.0
2026-04-05,2,17775.0,5.21,6.45,2794.0,2945.0,4151.0,8.04,7.63,8.31,9890.0
2026-04-05,3,18102.0,5.69,6.47,2629.0,2805.0,4019.0,7.55,7.18,7.8,9453.0
2026-04-05,4,17275.0,6.14,6.44,2744.0,2889.0,4084.0,7.52,7.13,7.77,9717.0
2026-04-05,5,16343.0,6.48,6.41,3599.0,3656.0,5338.0,11.18,10.48,11.07,12592.0
2026-04-05,6,16513.0,6.49,6.42,5772.0,5524.0,7566.0,18.25,16.63,17.78,18862.0
2026-04-05,7,16991.0,6.23,6.43,6773.0,6396.0,8663.0,21.52,19.36,20.89,21832.0
2026-04-05,8,17006.0,5.9,6.44,6970.0,6549.0,8801.0,21.59,19.33,20.94,22319.0
2026-04-05,9,16981.0,5.55,6.44,6931.0,6493.0,8738.0,21.51,19.29,20.89,22162.0
2026-04-05,10,17299.0,5.23,6.45,6839.0,6438.0,8582.0,21.47,19.28,20.88,21859.0
2026-04-05,11,17333.0,4.94,6.44,6691.0,6465.0,8431.0,21.49,19.26,20.93,21587.0
2026-04-05,12,17521.0,4.72,6.45,6121.0,5983.0,7758.0,18.64,16.73,18.36,19863.0
2026-04-05,13,17519.0,4.66,6.45,5483.0,5344.0,7046.0,15.42,13.91,15.21,17873.0
2026-04-05,14,18144.0,4.66,6.47,5386.0,5184.0,7000.0,15.32,13.91,15.1,17570.0
2026-04-05,15,18248.0,4.69,6.47,5387.0,5177.0,6980.0,15.32,13.91,15.08,17544.0
2026-04-05,16,18114.0,4.68,6.47,5775.0,5585.0,7511.0,17.05,15.38,16.63,18871.0
2026-04-05,17,17786.0,4.55,6.48,6415.0,6117.0,8376.0,20.07,18.06,19.44,20909.0
2026-04-05,18,17425.0,4.3,6.48,6732.0,6336.0,8696.0,21.59,19.43,20.88,21765.0
2026-04-05,19,17370.0,4.06,6.49,6386.0,6042.0,8209.0,21.24,19.31,20.69,20637.0
2026-04-05,20,17282.0,3.85,6.48,6309.0,5986.0,8156.0,21.16,19.25,20.61,20451.0
2026-04-05,21,17276.0,3.7,6.47,5548.0,5224.0,7115.0,17.42,15.99,17.22,17887.0
2026-04-05,22,17795.0,3.8,6.48,4362.0,4042.0,5406.0,11.78,10.95,11.91,13811.0
2026-04-05,23,18616.0,4.12,6.5,3582.0,3270.0,4331.0,9.11,8.55,9.41,11184.0
2026-04-06,0,17543.0,4.56,6.46,3164.0,3072.0,4158.0,7.5,7.0,7.75,10394.0
2026-04-06,1,17066.0,4.95,6.44,2918.0,2916.0,4022.0,7.43,6.98,7.68,9856.0
2026-04-06,2,17663.0,5.39,6.45,2662.0,2737.0,3940.0,7.38,6.98,7.62,9340.0
2026-04-06,3,17233.0,5.85,6.44,2610.0,2741.0,3976.0,7.36,6.96,7.6,9326.0
2026-04-06,4,17716.0,6.3,6.45,2745.0,2841.0,4098.0,7.37,6.94,7.59,9684.0
2026-04-06,5,15831.0,6.63,6.39,3740.0,3758.0,5425.0,11.13,10.35,10.98,12923.0
2026-04-06,6,17090.0,6.61,6.44,5840.0,5634.0,7750.0,18.39,16.7,17.87,19225.0
2026-04-06,7,16898.0,6.35,6.43,6912.0,6530.0,8801.0,21.62,19.38,20.95,22243.0
2026-04-06,8,16804.0,5.99,6.42,7008.0,6572.0,8926.0,21.75,19.48,21.07,22507.0
2026-04-06,9,16745.0,5.63,6.43,6885.0,6457.0,8803.0,21.69,19.48,21.04,22145.0
2026-04-06,10,17242.0,5.31,6.46,6819.0,6425.0,8597.0,21.52,19.33,20.93,21841.0
2026-04-06,11,17285.0,5.02,6.44,6633.0,6322.0,8463.0,21.38,19.27,20.83,21417.0
2026-04-06,12,17457.0,4.8,6.45,6105.0,5842.0,7856.0,18.78,16.97,18.44,19802.0
2026-04-06,13,17467.0,4.73,6.45,5464.0,5222.0,7052.0,15.41,13.97,15.21,17739.0
2026-04-06,14,17495.0,4.71,6.45,5441.0,5240.0,7093.0,15.56,14.1,15.32,17774.0
2026-04-06,15,17458.0,4.68,6.43,5462.0,5258.0,7125.0,15.59,14.11,15.3,17845.0
2026-04-06,16,17506.0,4.62,6.45,5860.0,5629.0,7679.0,17.41,15.72,16.98,19168.0
2026-04-06,17,17203.0,4.44,6.46,6432.0,6163.0,8458.0,20.25,18.22,19.62,21053.0
2026-04-06,18,17148.0,4.16,6.48,6711.0,6345.0,8683.0,21.6,19.46,20.9,21739.0
2026-04-06,19,17077.0,3.9,6.48,6431.0,6100.0,8260.0,21.31,19.34,20.74,20791.0
2026-04-06,20,17118.0,3.68,6.47,6362.0,6003.0,8128.0,21.09,19.18,20.59,20493.0
2026-04-06,21,17152.0,3.52,6.47,5598.0,5226.0,7151.0,17.35,15.93,17.16,17974.0
2026-04-06,22,17663.0,3.62,6.47,4384.0,4048.0,5486.0,11.49,10.66,11.62,13918.0
2026-04-06,23,17518.0,3.89,6.46,3603.0,3302.0,4426.0,8.97,8.42,9.24,11331.0
2026-04-07,0,17043.0,4.26,6.44,3222.0,3117.0,4238.0,7.44,6.96,7.69,10578.0
2026-04-07,1,17000.0,4.63,6.43,3024.0,2955.0,4049.0,7.38,6.95,7.64,10028.0
2026-04-07,2,17152.0,5.04,6.44,2869.0,2821.0,3928.0,7.34,6.95,7.6,9617.0
2026-04-07,3,17198.0,5.47,6.44,2695.0,2745.0,3876.0,7.31,6.94,7.58,9316.0
2026-04-07,4,17147.0,5.87,6.44,3259.0,3316.0,4656.0,9.58,9.01,9.63,11231.0
2026-04-07,5,16256.0,6.05,6.42,4656.0,4614.0,6494.0,15.69,14.55,15.37,15764.0
2026-04-07,6,17190.0,5.92,6.44,6257.0,6025.0,8260.0,20.91,18.97,20.32,20542.0
2026-04-07,7,16912.0,5.64,6.43,6801.0,6405.0,8681.0,21.24,19.08,20.6,21887.0
2026-04-07,8,16823.0,5.31,6.43,6772.0,6354.0,8609.0,21.22,19.08,20.6,21734.0
2026-04-07,9,16787.0,5.0,6.43,6564.0,6174.0,8477.0,21.1,19.07,20.51,21215.0
2026-04-07,10,17314.0,4.73,6.45,6495.0,6134.0,8276.0,20.95,18.95,20.43,20906.0
2026-04-07,11,17389.0,4.54,6.44,5854.0,5558.0,7492.0,17.61,15.98,17.34,18904.0
2026-04-07,12,17577.0,4.5,6.45,5358.0,5153.0,7052.0,15.11,13.72,14.89,17563.0
2026-04-07,13,17756.0,4.5,6.46,5279.0,5088.0,7070.0,14.99,13.62,14.76,17437.0
2026-04-07,14,18007.0,4.52,6.47,5244.0,5059.0,6976.0,14.96,13.61,14.73,17279.0
2026-04-07,15,18030.0,4.55,6.45,5240.0,5071.0,6929.0,14.96,13.6,14.71,17240.0
2026-04-07,16,17887.0,4.56,6.46,5583.0,5385.0,7392.0,16.24,14.68,15.85,18359.0
2026-04-07,17,17376.0,4.43,6.48,6315.0,6057.0,8330.0,19.32,17.35,18.73,20701.0
2026-04-07,18,17345.0,4.17,6.49,6664.0,6313.0,8721.0,21.01,18.89,20.3,21697.0
2026-04-07,19,17174.0,3.92,6.48,6447.0,6092.0,8363.0,20.85,18.88,20.25,20902.0
2026-04-07,20,16957.0,3.69,6.47,6353.0,6109.0,8311.0,20.79,18.8,20.22,20773.0
2026-04-07,21,17071.0,3.5,6.47,5703.0,5412.0,7396.0,18.07,16.54,17.76,18511.0
2026-04-07,22,17687.0,3.54,6.48,4698.0,4406.0,4929.0,13.13,12.12,13.4,14034.0
2026-04-07,23,17790.0,3.86,6.47,3544.0,3262.0,3500.0,8.89,8.36,9.32,10306.0
2026-04-08,0,16750.0,4.3,6.43,3158.0,3050.0,3292.0,7.21,6.75,7.6,9500.0
2026-04-08,1,16879.0,4.71,6.43,2939.0,2879.0,3627.0,7.06,6.66,7.38,9445.0
2026-04-08,2,17064.0,5.12,6.44,2810.0,2784.0,4038.0,7.12,6.75,7.39,9632.0
2026-04-08,3,17483.0,5.56,6.44,2760.0,2750.0,4002.0,7.12,6.76,7.37,9512.0
2026-04-08,4,17063.0,5.96,6.44,3363.0,3316.0,4638.0,9.2,8.63,9.3,11317.0
2026-04-08,5,16145.0,6.12,6.41,4720.0,4661.0,6538.0,15.66,14.51,15.35,15919.0
2026-04-08,6,16932.0,5.97,6.44,6240.0,6045.0,8356.0,20.83,18.87,20.22,20641.0
2026-04-08,7,16823.0,5.69,6.42,6638.0,6355.0,8679.0,21.01,18.88,20.37,21671.0
2026-04-08,8,16734.0,5.37,6.43,6649.0,6289.0,8637.0,20.97,18.87,20.34,21574.0
2026-04-08,9,16734.0,5.05,6.43,6533.0,6168.0,8469.0,20.88,18.87,20.29,21170.0
2026-04-08,10,17312.0,4.78,6.45,6458.0,6119.0,8324.0,20.85,18.85,20.31,20901.0
2026-04-08,11,17369.0,4.58,6.44,5900.0,5616.0,7782.0,17.91,16.24,17.55,19298.0
2026-04-08,12,17605.0,4.54,6.46,5381.0,5158.0,7125.0,15.03,13.63,14.77,17663.0
2026-04-08,13,17806.0,4.54,6.47,5334.0,5157.0,7076.0,15.01,13.6,14.79,17566.0
2026-04-08,14,18147.0,4.57,6.47,5231.0,5048.0,6963.0,14.86,13.52,14.64,17242.0
2026-04-08,15,18190.0,4.61,6.47,5161.0,5046.0,6979.0,14.84,13.49,14.58,17186.0
2026-04-08,16,17788.0,4.62,6.46,5493.0,5348.0,7543.0,16.34,14.81,15.92,18384.0
2026-04-08,17,17178.0,4.48,6.47,6100.0,5922.0,8385.0,19.41,17.52,18.76,20407.0
2026-04-08,18,17151.0,4.23,6.47,6472.0,6254.0,8793.0,21.26,19.17,20.52,21518.0
2026-04-08,19,17079.0,3.97,6.47,6359.0,6054.0,8368.0,21.04,19.09,20.45,20781.0
2026-04-08,20,17010.0,3.75,6.47,6301.0,5983.0,8197.0,20.66,18.78,20.13,20481.0
2026-04-08,21,16909.0,3.58,6.45,5723.0,5399.0,7442.0,18.13,16.58,17.81,18564.0
2026-04-08,22,17645.0,3.57,6.47,4853.0,4558.0,6150.0,13.71,12.62,13.74,15561.0
2026-04-08,23,18771.0,3.83,6.5,3671.0,3424.0,4648.0,9.33,8.75,9.6,11744.0
2026-04-09,0,17404.0,4.23,6.45,3191.0,3144.0,4340.0,7.53,7.06,7.78,10675.0
2026-04-09,1,17056.0,4.55,6.44,3001.0,2984.0,4156.0,7.49,7.06,7.74,10141.0
2026-04-09,2,16958.0,4.58,6.44,2977.0,2964.0,4128.0,7.49,7.06,7.74,10069.0
2026-04-09,3,17148.0,4.98,6.44,2900.0,2906.0,4098.0,7.46,7.05,7.71,9905.0
2026-04-09,4,17103.0,5.86,6.43,3312.0,3273.0,4647.0,9.28,8.75,9.36,11232.0
2026-04-09,5,16740.0,6.05,6.41,4616.0,4562.0,6529.0,15.63,14.5,15.29,15706.0
2026-04-09,6,16955.0,5.93,6.43,6292.0,6101.0,8409.0,21.09,19.11,20.46,20802.0
2026-04-09,7,16792.0,5.64,6.42,6721.0,6377.0,8797.0,21.33,19.16,20.66,21895.0
2026-04-09,8,16701.0,5.29,6.42,6789.0,6357.0,8769.0,21.33,19.18,20.66,21916.0
2026-04-09,9,16760.0,4.96,6.43,6576.0,6188.0,8577.0,21.1,19.06,20.49,21342.0
2026-04-09,10,17283.0,4.69,6.45,6446.0,6076.0,8329.0,20.81,18.85,20.26,20852.0
2026-04-09,11,17359.0,4.5,6.44,5796.0,5514.0,7549.0,17.57,15.97,17.31,18859.0
2026-04-09,12,17619.0,4.47,6.45,5328.0,5074.0,6960.0,14.82,13.46,14.61,17363.0
2026-04-09,13,17794.0,4.48,6.46,5312.0,5128.0,7055.0,14.99,13.6,14.76,17495.0
2026-04-09,14,18119.0,4.51,6.48,5223.0,5034.0,6928.0,14.94,13.6,14.73,17185.0
2026-04-09,15,18267.0,4.55,6.48,5259.0,5063.0,6989.0,14.96,13.6,14.7,17312.0
2026-04-09,16,17946.0,4.56,6.47,5588.0,5384.0,7426.0,16.35,14.82,15.94,18397.0
2026-04-09,17,17465.0,4.44,6.47,6213.0,5914.0,8250.0,19.13,17.27,18.54,20377.0
2026-04-09,18,17004.0,4.19,6.47,6688.0,6290.0,8682.0,21.11,19.01,20.41,21660.0
2026-04-09,19,16584.0,3.91,6.46,6415.0,6056.0,8249.0,20.7,18.77,20.16,20720.0
2026-04-09,20,16664.0,3.66,6.46,6315.0,5985.0,8236.0,20.61,18.73,20.08,20536.0
2026-04-09,21,16781.0,3.48,6.45,5606.0,5391.0,7504.0,18.21,16.68,17.9,18500.0
2026-04-09,22,17462.0,3.48,6.46,4661.0,4455.0,5991.0,13.68,12.64,13.7,15107.0
2026-04-09,23,18046.0,3.73,6.47,3507.0,3351.0,4476.0,9.26,8.71,9.58,11333.0
2026-04-10,0,18051.0,4.17,6.48,2974.0,3025.0,4154.0,7.35,6.92,7.61,10152.0
2026-04-10,1,17522.0,4.61,6.45,2749.0,2838.0,3939.0,7.24,6.86,7.51,9526.0
2026-04-10,2,17696.0,5.07,6.45,2593.0,2721.0,3847.0,7.2,6.85,7.48,9161.0
2026-04-10,3,17953.0,5.55,6.46,2662.0,2720.0,3872.0,7.18,6.84,7.46,9254.0
2026-04-10,4,18027.0,6.0,6.46,3340.0,3325.0,4674.0,9.38,8.84,9.45,11339.0
2026-04-10,5,16139.0,6.19,6.41,4793.0,4648.0,6521.0,15.59,14.45,15.3,15962.0
2026-04-10,6,16932.0,6.03,6.44,6447.0,6124.0,8392.0,20.91,18.92,20.33,20964.0
2026-04-10,7,16782.0,5.73,6.42,6812.0,6400.0,8745.0,21.2,19.04,20.55,21958.0
2026-04-10,8,16716.0,5.39,6.42,6787.0,6377.0,8745.0,21.17,19.02,20.53,21909.0
2026-04-10,9,16676.0,5.05,6.43,6639.0,6242.0,8534.0,21.21,19.15,20.62,21415.0
2026-04-10,10,17344.0,4.78,6.45,6476.0,6130.0,8361.0,20.86,18.85,20.33,20966.0
2026-04-10,11,17358.0,4.58,6.45,5952.0,5687.0,7724.0,18.14,16.44,17.8,19363.0
2026-04-10,12,17853.0,4.53,6.46,5434.0,5190.0,7056.0,15.05,13.63,14.83,17680.0
2026-04-10,13,17964.0,4.54,6.47,5360.0,5142.0,6999.0,14.99,13.6,14.78,17501.0
2026-04-10,14,17884.0,4.56,6.47,5290.0,5096.0,6919.0,14.97,13.61,14.77,17305.0
2026-04-10,15,18020.0,4.59,6.47,5278.0,5059.0,6919.0,14.95,13.6,14.72,17256.0
2026-04-10,16,17652.0,4.58,6.45,5636.0,5400.0,7434.0,16.52,14.98,16.15,18470.0
2026-04-10,17,17335.0,4.45,6.47,6222.0,5925.0,8215.0,19.07,17.21,18.5,20361.0
2026-04-10,18,17164.0,4.21,6.47,6565.0,6147.0,8482.0,20.85,18.86,20.24,21195.0
2026-04-10,19,17097.0,3.99,6.47,6280.0,5888.0,7983.0,20.47,18.65,20.0,20150.0
2026-04-10,20,17235.0,3.8,6.47,6142.0,5757.0,7983.0,20.35,18.61,19.87,19882.0
2026-04-10,21,17590.0,3.68,6.47,5650.0,5290.0,7323.0,18.19,16.72,17.91,18263.0
2026-04-10,22,17889.0,3.73,6.48,4735.0,4427.0,5924.0,13.46,12.45,13.5,15086.0
2026-04-10,23,18060.0,3.98,6.47,3708.0,3428.0,4588.0,9.38,8.78,9.68,11723.0
2026-04-11,0,17164.0,4.37,6.44,3214.0,3152.0,4318.0,7.48,6.98,7.73,10684.0
2026-04-11,1,16864.0,4.74,6.42,2850.0,2930.0,4102.0,7.38,6.96,7.63,9882.0
2026-04-11,2,17404.0,5.15,6.44,2667.0,2781.0,3991.0,7.32,6.95,7.58,9439.0
2026-04-11,3,17768.0,5.62,6.45,2641.0,2756.0,3941.0,7.32,6.95,7.58,9337.0
2026-04-11,4,17322.0,6.08,6.44,2739.0,2772.0,3946.0,7.32,6.96,7.57,9457.0
2026-04-11,5,15798.0,6.43,6.39,3591.0,3508.0,5048.0,10.82,10.17,10.76,12147.0
2026-04-11,6,15403.0,6.39,6.38,5859.0,5539.0,7541.0,18.56,16.95,18.04,18939.0
2026-04-11,7,16616.0,6.09,6.41,6833.0,6366.0,8673.0,21.65,19.52,21.03,21872.0
2026-04-11,8,16438.0,5.74,6.41,6952.0,6489.0,8796.0,21.8,19.58,21.14,22237.0
2026-04-11,9,16438.0,5.37,6.42,6946.0,6452.0,8675.0,21.77,19.58,21.16,22072.0
2026-04-11,10,16967.0,5.02,6.44,6840.0,6405.0,8580.0,21.74,19.58,21.15,21824.0
2026-04-11,11,17219.0,4.72,6.44,6689.0,6299.0,8561.0,21.68,19.57,21.09,21549.0
2026-04-11,12,17431.0,4.49,6.44,6176.0,5854.0,7977.0,19.1,17.3,18.71,20006.0
2026-04-11,13,17403.0,4.4,6.46,5528.0,5266.0,7141.0,15.61,14.18,15.41,17934.0
2026-04-11,14,17408.0,4.38,6.48,5479.0,5196.0,7047.0,15.51,14.11,15.31,17723.0
2026-04-11,15,17407.0,4.35,6.45,5487.0,5233.0,7028.0,15.53,14.1,15.3,17748.0
2026-04-11,16,17261.0,4.29,6.43,5751.0,5524.0,7461.0,16.99,15.38,16.6,18736.0
2026-04-11,17,16940.0,4.11,6.44,6361.0,6033.0,8270.0,19.88,17.92,19.31,20664.0
2026-04-11,18,16956.0,3.84,6.46,6705.0,6309.0,8553.0,21.66,19.55,20.98,21567.0
2026-04-11,19,16964.0,3.59,6.47,6309.0,5953.0,7993.0,21.14,19.27,20.67,20255.0
2026-04-11,20,16999.0,3.41,6.47,6138.0,5792.0,7860.0,20.81,19.04,20.38,19790.0
2026-04-11,21,17127.0,3.29,6.46,5354.0,4988.0,6794.0,16.89,15.59,16.79,17136.0
2026-04-11,22,18120.0,3.44,6.48,4171.0,3760.0,5046.0,11.25,10.55,11.45,12977.0
2026-04-11,23,18222.0,3.8,6.48,3444.0,3075.0,4127.0,8.97,8.51,9.3,10646.0
2026-04-12,0,17396.0,4.25,6.45,2958.0,2931.0,4004.0,7.37,6.96,7.66,9894.0
2026-04-12,1,17480.0,4.68,6.45,2729.0,2746.0,3862.0,7.31,6.96,7.6,9337.0
2026-04-12,2,17548.0,5.15,6.45,2547.0,2604.0,3728.0,7.18,6.87,7.48,8879.0
2026-04-12,3,17691.0,5.65,6.45,2443.0,2525.0,3635.0,6.95,6.66,7.26,8603.0
2026-04-12,4,17292.0,6.14,6.44,2571.0,2656.0,3812.0,6.96,6.64,7.24,9039.0
2026-04-12,5,15680.0,6.49,6.39,3515.0,3486.0,5065.0,10.76,10.15,10.7,12067.0
2026-04-12,6,14982.0,6.46,6.37,5680.0,5377.0,7322.0,18.02,16.51,17.63,18379.0
2026-04-12,7,16627.0,6.17,6.41,6613.0,6218.0,8461.0,21.36,19.33,20.8,21292.0
2026-04-12,8,16868.0,5.87,6.43,6808.0,6337.0,8582.0,21.48,19.37,20.9,21727.0
2026-04-12,9,16935.0,5.53,6.43,6812.0,6351.0,8626.0,21.49,19.37,20.91,21788.0
2026-04-12,10,17357.0,5.23,6.45,6749.0,6319.0,8500.0,21.5,19.39,20.95,21567.0
2026-04-12,11,18314.0,4.99,6.47,6583.0,6212.0,8376.0,21.41,19.38,20.89,21172.0
2026-04-12,12,18654.0,4.86,6.49,6084.0,5772.0,7792.0,18.72,16.97,18.39,19648.0
2026-04-12,13,18385.0,4.87,6.49,5494.0,5229.0,6998.0,15.57,14.13,15.38,17722.0
2026-04-12,14,18716.0,4.9,6.51,5413.0,5194.0,7007.0,15.52,14.11,15.31,17614.0
2026-04-12,15,18750.0,4.96,6.49,5363.0,5133.0,7003.0,15.49,14.11,15.27,17499.0
2026-04-12,16,18524.0,4.98,6.48,5694.0,5479.0,7449.0,16.99,15.4,16.61,18622.0
2026-04-12,17,17719.0,4.87,6.47,6274.0,5992.0,8153.0,19.85,17.93,19.29,20419.0
2026-04-12,18,17988.0,4.67,6.5,6565.0,6175.0,8471.0,21.43,19.4,20.77,21211.0
2026-04-12,19,18328.0,4.51,6.52,6158.0,5827.0,7982.0,21.11,19.33,20.63,19967.0
2026-04-12,20,18483.0,4.41,6.52,6038.0,5725.0,7890.0,21.01,19.28,20.56,19654.0
2026-04-12,21,18631.0,4.39,6.52,5214.0,4907.0,6797.0,16.9,15.64,16.81,16918.0
2026-04-12,22,18960.0,4.65,6.51,3804.0,3493.0,4781.0,10.05,9.44,10.29,12078.0
2026-04-12,23,18925.0,5.11,6.9,2953.0,2699.0,3714.0,7.61,7.26,7.98,9366.0
2026-04-13,0,14721.0,5.56,10.1,2679.0,2685.0,3713.0,6.36,6.02,6.68,9077.0
2026-04-13,1,13838.0,5.86,10.54,2461.0,2475.0,3483.0,6.26,5.98,6.59,8420.0
2026-04-13,2,13407.0,6.17,10.89,2290.0,2353.0,3315.0,6.23,5.98,6.57,7959.0
2026-04-13,3,13377.0,6.47,10.88,2251.0,2325.0,3304.0,6.2,5.96,6.55,7880.0
2026-04-13,4,13636.0,6.78,11.05,2323.0,2331.0,3323.0,6.21,5.97,6.55,7976.0
2026-04-13,5,13597.0,7.03,10.06,3255.0,3126.0,4625.0,9.75,9.24,9.72,11005.0
2026-04-13,6,15396.0,7.01,6.58,5479.0,5228.0,7245.0,17.08,15.64,16.69,17953.0
2026-04-13,7,15584.0,6.74,6.38,6389.0,6013.0,8231.0,20.26,18.36,19.72,20632.0
2026-04-13,8,16813.0,6.46,6.43,6472.0,6038.0,8263.0,20.3,18.38,19.79,20773.0
2026-04-13,9,16834.0,6.19,6.43,6478.0,6044.0,8299.0,20.33,18.4,19.81,20820.0
2026-04-13,10,17325.0,5.94,6.45,6490.0,6061.0,8072.0,20.19,18.25,19.72,20623.0
2026-04-13,11,17451.0,5.75,6.45,6299.0,5920.0,7853.0,19.84,17.99,19.44,20072.0
2026-04-13,12,18061.0,5.63,6.47,5726.0,5420.0,7256.0,16.9,15.36,16.7,18402.0
2026-04-13,13,18429.0,5.68,6.48,5213.0,4963.0,6666.0,14.29,13.02,14.16,16842.0
2026-04-13,14,17309.0,5.73,6.45,5140.0,4914.0,6643.0,14.26,13.01,14.13,16697.0
2026-04-13,15,16696.0,5.73,6.42,5150.0,4937.0,6647.0,14.28,13.01,14.11,16735.0
2026-04-13,16,16483.0,5.68,6.41,5518.0,5266.0,7163.0,15.8,14.33,15.48,17947.0
2026-04-13,17,16656.0,5.53,6.44,6173.0,5822.0,7905.0,18.78,16.98,18.29,19899.0
2026-04-13,18,16584.0,5.28,6.45,6485.0,6062.0,8195.0,20.29,18.37,19.74,20743.0
2026-04-13,19,16411.0,5.06,6.53,6040.0,5635.0,7550.0,19.67,18.03,19.32,19225.0
2026-04-13,20,16359.0,4.9,7.23,5849.0,5428.0,7334.0,19.43,17.89,19.11,18611.0
2026-04-13,21,15553.0,4.81,7.25,4966.0,4587.0,6233.0,15.36,14.25,15.37,15786.0
2026-04-13,22,15270.0,4.89,8.11,3911.0,3472.0,4672.0,9.97,9.32,10.21,12056.0
2026-04-13,23,13607.0,5.09,10.58,3234.0,2843.0,3828.0,7.63,7.22,7.99,9905.0
2026-04-14,0,12213.0,5.28,11.34,3015.0,2909.0,3897.0,6.43,5.99,6.72,9822.0
2026-04-14,1,11199.0,5.37,10.89,2821.0,2740.0,3761.0,6.25,5.86,6.55,9322.0
2026-04-14,2,13526.0,5.54,8.92,2633.0,2615.0,3651.0,6.29,5.97,6.6,8899.0
2026-04-14,3,15839.0,5.89,7.07,2508.0,2504.0,3513.0,6.26,5.97,6.58,8525.0
2026-04-14,4,16276.0,6.32,6.71,2496.0,2407.0,3359.0,6.23,5.98,6.58,8262.0
2026-04-14,5,15514.0,6.7,6.46,3349.0,3164.0,4515.0,9.63,9.12,9.65,11028.0
2026-04-14,6,16336.0,6.76,6.47,5438.0,5164.0,7115.0,17.02,15.62,16.64,17716.0
2026-04-14,7,16106.0,6.55,6.45,6362.0,5978.0,8155.0,20.12,18.26,19.62,20495.0
2026-04-14,8,15941.0,6.25,6.45,6590.0,6101.0,8325.0,20.36,18.39,19.82,21017.0
2026-04-14,9,15931.0,5.91,6.41,6601.0,6110.0,8385.0,20.35,18.39,19.82,21097.0
2026-04-14,10,16401.0,5.6,6.41,6564.0,6106.0,8114.0,20.23,18.26,19.75,20784.0
2026-04-14,11,17221.0,5.35,6.44,6340.0,5966.0,7946.0,19.93,18.05,19.53,20252.0
2026-04-14,12,17571.0,5.22,6.44,5679.0,5447.0,7292.0,17.18,15.61,16.96,18418.0
2026-04-14,13,17576.0,5.23,6.45,5114.0,4926.0,6625.0,14.25,12.98,14.15,16665.0
2026-04-14,14,18193.0,5.29,6.47,5038.0,4885.0,6585.0,14.17,12.92,14.05,16508.0
2026-04-14,15,18175.0,5.38,6.46,5147.0,4908.0,6631.0,14.23,12.96,14.09,16686.0
2026-04-14,16,17893.0,5.41,6.45,5559.0,5295.0,7250.0,15.92,14.44,15.58,18104.0
2026-04-14,17,17561.0,5.29,6.47,6263.0,5932.0,8179.0,19.12,17.25,18.54,20374.0
2026-04-14,18,17183.0,5.07,6.65,6493.0,6084.0,8282.0,20.33,18.38,19.77,20859.0
2026-04-14,19,16991.0,4.88,6.8,6069.0,5677.0,7652.0,19.84,18.15,19.43,19398.0
2026-04-14,20,17245.0,4.76,6.81,5871.0,5473.0,7358.0,19.54,17.97,19.23,18703.0
2026-04-14,21,17171.0,4.72,6.8,5027.0,4651.0,6343.0,15.69,14.57,15.69,16021.0
2026-04-14,22,16916.0,4.89,6.76,3899.0,3479.0,4546.0,9.92,9.35,10.19,11925.0
2026-04-14,23,17379.0,5.24,6.94,3297.0,2886.0,3773.0,7.92,7.55,8.28,9955.0
2026-04-15,0,14856.0,5.6,6.94,3025.0,2914.0,3803.0,6.42,6.04,6.78,9743.0
2026-04-15,1,14751.0,5.89,6.74,2845.0,2774.0,3649.0,6.31,5.96,6.64,9268.0
2026-04-15,2,14948.0,6.21,6.61,2683.0,2654.0,3552.0,6.28,5.96,6.61,8888.0
2026-04-15,3,15127.0,6.56,6.73,2543.0,2532.0,3537.0,6.25,5.96,6.57,8613.0
2026-04-15,4,14135.0,6.91,7.46,2485.0,2491.0,3516.0,6.26,5.99,6.58,8492.0
2026-04-15,5,12825.0,7.12,8.39,3300.0,3279.0,4747.0,10.07,9.53,10.04,11326.0
2026-04-15,6,14156.0,7.03,6.62,5299.0,5143.0,7122.0,17.22,15.82,16.81,17564.0
2026-04-15,7,15997.0,6.78,6.39,6172.0,5897.0,8190.0,20.26,18.43,19.74,20259.0
2026-04-15,8,16478.0,6.51,6.42,6403.0,6064.0,8306.0,20.43,18.49,19.91,20774.0
2026-04-15,9,16404.0,6.21,6.42,6440.0,6087.0,8377.0,20.44,18.48,19.89,20904.0
2026-04-15,10,17035.0,5.93,6.43,6639.0,6179.0,8297.0,20.5,18.48,20.0,21115.0
2026-04-15,11,17260.0,5.68,6.43,6508.0,6107.0,8106.0,20.18,18.21,19.71,20721.0
2026-04-15,12,17588.0,5.5,6.46,6044.0,5723.0,7614.0,17.73,16.02,17.44,19381.0
2026-04-15,13,17772.0,5.47,6.48,5385.0,5114.0,6893.0,14.54,13.18,14.4,17392.0
2026-04-15,14,17804.0,5.49,6.46,5258.0,5024.0,6835.0,14.43,13.1,14.26,17118.0
2026-04-15,15,17747.0,5.52,6.46,5264.0,5041.0,6822.0,14.45,13.1,14.26,17126.0
2026-04-15,16,17805.0,5.52,6.46,5596.0,5327.0,7276.0,15.77,14.27,15.44,18199.0
2026-04-15,17,17512.0,5.4,6.47,6305.0,5954.0,8179.0,18.81,16.93,18.22,20438.0
2026-04-15,18,17509.0,5.18,6.49,6645.0,6218.0,8524.0,20.46,18.4,19.79,21387.0
2026-04-15,19,17403.0,4.97,6.49,6266.0,5879.0,8026.0,20.2,18.38,19.71,20171.0
2026-04-15,20,17331.0,4.81,6.48,6056.0,5674.0,7661.0,19.89,18.21,19.48,19391.0
2026-04-15,21,17285.0,4.73,6.47,5169.0,4787.0,6541.0,15.84,14.65,15.8,16498.0
2026-04-15,22,17781.0,4.91,6.48,4007.0,3565.0,4829.0,10.18,9.54,10.41,12401.0
2026-04-15,23,18023.0,5.29,6.55,3285.0,2901.0,3952.0,7.79,7.39,8.13,10139.0
2026-04-16,0,16938.0,5.71,7.15,3184.0,3053.0,4087.0,7.17,6.71,7.42,10324.0
2026-04-16,1,15991.0,6.07,8.61,3026.0,2936.0,3958.0,7.08,6.67,7.37,9920.0
2026-04-16,2,17743.0,6.46,6.97,2833.0,2781.0,3893.0,7.04,6.66,7.32,9506.0
2026-04-16,3,15178.0,6.86,10.25,2757.0,2799.0,3970.0,7.42,7.04,7.66,9525.0
2026-04-16,4,14574.0,7.23,10.67,3326.0,3462.0,4951.0,10.3,9.67,10.3,11738.0
2026-04-16,5,15073.0,7.22,9.49,4584.0,4633.0,6777.0,16.52,15.36,16.14,15994.0
2026-04-16,6,16667.0,6.97,6.44,6106.0,5941.0,8310.0,20.93,19.06,20.35,20356.0
2026-04-16,7,16812.0,6.69,6.42,6657.0,6261.0,8607.0,21.15,19.08,20.56,21524.0
2026-04-16,8,16835.0,6.39,6.43,6715.0,6243.0,8529.0,21.03,18.98,20.47,21488.0
2026-04-16,9,16829.0,6.08,6.43,6656.0,6201.0,8436.0,20.97,18.96,20.44,21293.0
2026-04-16,10,17159.0,5.81,6.67,6593.0,6111.0,8130.0,20.61,18.65,20.16,20835.0
2026-04-16,11,17111.0,5.62,6.78,5957.0,5521.0,7349.0,17.28,15.69,17.08,18827.0
2026-04-16,12,17837.0,5.59,6.83,5485.0,5180.0,6926.0,14.79,13.41,14.6,17591.0
2026-04-16,13,17400.0,5.58,7.23,5437.0,5176.0,6979.0,14.95,13.57,14.76,17592.0
2026-04-16,14,17165.0,5.56,7.25,5363.0,5076.0,6864.0,14.96,13.62,14.77,17304.0
2026-04-16,15,17199.0,5.55,7.26,5304.0,5036.0,6842.0,14.93,13.6,14.76,17181.0
2026-04-16,16,17654.0,5.52,6.68,5630.0,5362.0,7360.0,16.34,14.81,15.98,18352.0
2026-04-16,17,17179.0,5.39,6.58,6259.0,5895.0,8141.0,18.89,17.03,18.3,20295.0
2026-04-16,18,17142.0,5.13,6.59,6704.0,6243.0,8541.0,21.01,18.94,20.37,21488.0
2026-04-16,19,17057.0,4.89,6.59,6396.0,5948.0,8028.0,20.6,18.75,20.12,20372.0
2026-04-16,20,17427.0,4.71,7.29,6225.0,5788.0,7799.0,20.27,18.51,19.85,19811.0
2026-04-16,21,17774.0,4.61,7.41,5587.0,5254.0,7092.0,17.9,16.46,17.69,17932.0
2026-04-16,22,17958.0,4.67,7.59,4678.0,4358.0,5935.0,13.64,12.63,13.67,14971.0
2026-04-16,23,16888.0,4.92,10.05,3388.0,3101.0,4327.0,9.14,8.62,9.46,10816.0
2026-04-17,0,14835.0,5.25,9.35,2998.0,2961.0,4096.0,7.41,6.95,7.67,10055.0
2026-04-17,1,14418.0,5.51,9.91,2800.0,2810.0,3954.0,7.38,6.96,7.64,9564.0
2026-04-17,2,16735.0,5.86,7.59,2651.0,2700.0,3869.0,7.32,6.94,7.59,9221.0
2026-04-17,3,16111.0,6.27,7.45,2603.0,2669.0,3788.0,7.32,6.96,7.6,9059.0
2026-04-17,4,17286.0,6.66,7.28,3167.0,3236.0,4606.0,9.46,8.89,9.51,11009.0
2026-04-17,5,15942.0,6.83,6.63,4755.0,4650.0,6528.0,15.75,14.6,15.44,15934.0
2026-04-17,6,16145.0,6.65,6.42,6348.0,6065.0,8342.0,20.85,18.9,20.27,20755.0
2026-04-17,7,16952.0,6.35,6.42,6789.0,6356.0,8692.0,21.22,19.08,20.56,21837.0
2026-04-17,8,16716.0,6.03,6.42,6789.0,6318.0,8650.0,21.19,19.07,20.56,21758.0
2026-04-17,9,16738.0,5.71,6.43,6661.0,6201.0,8502.0,21.01,18.98,20.42,21364.0
2026-04-17,10,17304.0,5.44,6.45,6579.0,6119.0,8211.0,20.58,18.61,20.09,20909.0
2026-04-17,11,17391.0,5.27,6.48,5909.0,5496.0,7340.0,17.28,15.7,17.06,18746.0
2026-04-17,12,17636.0,5.24,6.81,5480.0,5174.0,6963.0,14.91,13.5,14.71,17617.0
2026-04-17,13,17743.0,5.23,6.81,5411.0,5172.0,7041.0,14.89,13.48,14.67,17624.0
2026-04-17,14,17633.0,5.23,6.81,5335.0,5102.0,6911.0,14.88,13.5,14.68,17347.0
2026-04-17,15,17570.0,5.23,6.8,5311.0,5094.0,6931.0,14.88,13.51,14.67,17335.0
2026-04-17,16,17103.0,5.19,6.78,5693.0,5458.0,7463.0,16.39,14.81,16.0,18615.0
2026-04-17,17,16721.0,5.01,6.78,6339.0,6043.0,8307.0,19.17,17.23,18.52,20689.0
2026-04-17,18,16760.0,4.72,6.79,6683.0,6260.0,8591.0,20.95,18.87,20.29,21534.0
2026-04-17,19,17055.0,4.47,6.81,6343.0,5932.0,8085.0,20.53,18.7,20.04,20359.0
2026-04-17,20,17480.0,4.28,6.83,6220.0,5800.0,7853.0,20.25,18.49,19.84,19873.0
2026-04-17,21,17371.0,4.17,6.82,5646.0,5258.0,7038.0,17.81,16.38,17.61,17942.0
2026-04-17,22,17816.0,4.22,6.84,4733.0,4350.0,5693.0,13.42,12.43,13.51,14775.0
2026-04-17,23,16225.0,4.48,9.81,3560.0,3157.0,4179.0,9.0,8.51,9.26,10896.0
2026-04-18,0,16461.0,4.81,8.05,2987.0,2879.0,3851.0,6.45,6.07,6.88,9716.0
2026-04-18,1,15772.0,5.18,7.95,2793.0,2724.0,3691.0,6.32,5.99,6.65,9208.0
2026-04-18,2,14678.0,5.54,9.3,2625.0,2566.0,3554.0,6.26,5.97,6.6,8745.0
2026-04-18,3,13078.0,5.82,11.14,2557.0,2516.0,3562.0,6.26,5.97,6.59,8635.0
2026-04-18,4,16772.0,6.16,6.93,2660.0,2572.0,3590.0,6.22,5.93,6.55,8823.0
2026-04-18,5,16096.0,6.51,6.4,3944.0,3812.0,5338.0,11.05,10.31,10.88,13093.0
2026-04-18,6,17377.0,6.51,6.45,5965.0,5674.0,7743.0,18.14,16.44,17.63,19382.0
2026-04-18,7,17012.0,6.27,6.43,6790.0,6356.0,8627.0,20.95,18.82,20.34,21773.0
2026-04-18,8,16791.0,5.94,6.43,6923.0,6419.0,8738.0,21.05,18.87,20.43,22080.0
2026-04-18,9,16816.0,5.6,6.43,6864.0,6409.0,8730.0,21.03,18.87,20.41,22003.0
2026-04-18,10,17223.0,5.28,6.45,6767.0,6307.0,8505.0,20.6,18.5,20.05,21579.0
2026-04-18,11,17184.0,5.05,6.44,6173.0,5789.0,7771.0,17.83,16.07,17.5,19733.0
2026-04-18,12,17405.0,4.95,6.44,5654.0,5363.0,7265.0,15.47,13.97,15.22,18282.0
2026-04-18,13,17470.0,4.91,6.44,5569.0,5256.0,7071.0,15.09,13.65,14.89,17896.0
2026-04-18,14,17436.0,4.89,6.44,5481.0,5176.0,6925.0,14.9,13.51,14.71,17582.0
2026-04-18,15,17515.0,4.88,6.45,5453.0,5150.0,6906.0,14.95,13.55,14.75,17508.0
2026-04-18,16,17332.0,4.82,6.45,5960.0,5680.0,7715.0,17.4,15.7,16.95,19354.0
2026-04-18,17,17213.0,4.61,6.48,6458.0,6119.0,8407.0,19.77,17.79,19.2,20983.0
2026-04-18,18,17330.0,4.38,6.48,6545.0,6146.0,8417.0,20.03,18.05,19.44,21108.0
2026-04-18,19,16637.0,4.13,6.46,6331.0,5919.0,8044.0,19.82,17.99,19.34,20293.0
2026-04-18,20,17340.0,3.97,6.48,5869.0,5455.0,7412.0,17.87,16.32,17.58,18736.0
2026-04-18,21,17250.0,3.95,6.47,5133.0,4693.0,6417.0,14.48,13.33,14.41,16243.0
2026-04-18,22,17801.0,4.11,6.48,4308.0,3860.0,5209.0,11.14,10.37,11.3,13376.0
2026-04-18,23,18628.0,4.45,6.5,3538.0,3096.0,4149.0,8.69,8.23,9.02,10782.0
2026-04-19,0,15046.0,4.84,6.39,3152.0,3128.0,4290.0,7.46,6.97,7.7,10571.0
2026-04-19,1,16353.0,5.1,6.41,2948.0,2980.0,4132.0,7.41,6.98,7.66,10060.0
2026-04-19,2,17024.0,5.5,6.44,2756.0,2845.0,4007.0,7.37,6.98,7.63,9607.0
2026-04-19,3,16965.0,5.91,6.43,2693.0,2790.0,4013.0,7.35,6.97,7.61,9495.0
2026-04-19,4,17433.0,6.35,6.45,2781.0,2861.0,4053.0,7.33,6.94,7.58,9695.0
2026-04-19,5,16414.0,6.67,6.41,3846.0,3832.0,5459.0,11.6,10.83,11.43,13137.0
2026-04-19,6,17410.0,6.68,6.45,5879.0,5592.0,7679.0,18.3,16.65,17.82,19150.0
2026-04-19,7,16736.0,6.46,6.42,6724.0,6301.0,8585.0,20.91,18.81,20.28,21610.0
2026-04-19,8,16816.0,6.13,6.43,6897.0,6425.0,8740.0,21.05,18.87,20.41,22061.0
2026-04-19,9,16751.0,5.79,6.43,6916.0,6385.0,8706.0,20.85,18.68,20.21,22006.0
2026-04-19,10,17243.0,5.47,6.44,6868.0,6405.0,8562.0,20.81,18.63,20.24,21835.0
2026-04-19,11,17144.0,5.23,6.44,6301.0,5869.0,7773.0,17.98,16.17,17.66,19942.0
2026-04-19,12,17422.0,5.12,6.44,5777.0,5408.0,7141.0,15.38,13.86,15.17,18326.0
2026-04-19,13,17374.0,5.07,6.45,5621.0,5314.0,7067.0,14.91,13.44,14.72,18002.0
2026-04-19,14,17493.0,5.03,6.45,5503.0,5210.0,7026.0,14.84,13.43,14.64,17738.0
2026-04-19,15,17515.0,5.02,6.46,5479.0,5177.0,6934.0,14.82,13.42,14.62,17590.0
2026-04-19,16,17255.0,4.96,6.45,5990.0,5704.0,7639.0,17.24,15.52,16.78,19333.0
2026-04-19,17,17122.0,4.73,6.47,6654.0,6288.0,8431.0,20.06,17.96,19.46,21372.0
2026-04-19,18,17295.0,4.47,6.48,6670.0,6226.0,8398.0,20.07,18.0,19.48,21295.0
2026-04-19,19,17168.0,4.25,6.47,6382.0,5952.0,7959.0,19.8,17.92,19.35,20293.0
2026-04-19,20,16978.0,4.08,6.46,5924.0,5501.0,7384.0,17.72,16.13,17.45,18809.0
2026-04-19,21,16222.0,4.02,7.39,5151.0,4727.0,6317.0,14.49,13.34,14.47,16195.0
2026-04-19,22,14647.0,4.04,10.56,4377.0,4000.0,5305.0,11.23,10.43,11.39,13682.0
2026-04-19,23,14872.0,4.17,10.54,3555.0,3231.0,4274.0,8.68,8.19,9.02,11061.0
2026-04-20,0,16645.0,4.45,7.43,3189.0,3063.0,4045.0,7.35,6.92,7.67,10297.0
2026-04-20,1,17439.0,4.86,6.45,2936.0,2841.0,3744.0,7.13,6.77,7.45,9521.0
2026-04-20,2,17541.0,5.32,6.45,2775.0,2726.0,3654.0,7.1,6.76,7.43,9156.0
2026-04-20,3,17734.0,5.8,6.46,2609.0,2664.0,3651.0,7.08,6.76,7.4,8924.0
2026-04-20,4,18389.0,6.26,6.48,3315.0,3387.0,4710.0,9.63,9.07,9.67,11411.0
2026-04-20,5,16104.0,6.44,6.41,4816.0,4826.0,6820.0,16.06,14.81,15.68,16463.0
2026-04-20,6,16621.0,6.27,6.42,6291.0,6088.0,8387.0,20.46,18.5,19.86,20767.0
2026-04-20,7,16754.0,5.98,6.42,6746.0,6292.0,8598.0,20.56,18.5,19.98,21636.0
2026-04-20,8,16685.0,5.67,6.42,6722.0,6232.0,8561.0,20.52,18.49,19.95,21515.0
2026-04-20,9,16690.0,5.36,6.42,6625.0,6148.0,8474.0,20.47,18.48,19.93,21246.0
2026-04-20,10,17182.0,5.12,6.44,6143.0,5691.0,7730.0,17.99,16.31,17.68,19564.0
2026-04-20,11,17198.0,5.03,6.44,5593.0,5129.0,6937.0,14.97,13.6,14.78,17659.0
2026-04-20,12,17480.0,5.01,6.45,5395.0,5086.0,6829.0,14.49,13.1,14.28,17311.0
2026-04-20,13,17620.0,5.01,6.45,5355.0,5082.0,6864.0,14.5,13.11,14.28,17301.0
2026-04-20,14,17580.0,5.03,6.45,5247.0,4971.0,6745.0,14.44,13.11,14.23,16962.0
2026-04-20,15,17623.0,5.05,6.46,5258.0,4971.0,6736.0,14.43,13.1,14.23,16965.0
2026-04-20,16,17281.0,5.04,6.47,5624.0,5333.0,7255.0,15.84,14.36,15.51,18213.0
2026-04-20,17,16889.0,4.89,6.47,6372.0,6016.0,8322.0,19.08,17.18,18.5,20709.0
2026-04-20,18,16928.0,4.62,6.46,6686.0,6246.0,8556.0,20.64,18.58,20.02,21488.0
2026-04-20,19,16587.0,4.37,6.77,6420.0,5927.0,7963.0,20.15,18.32,19.73,20310.0
2026-04-20,20,16364.0,4.15,7.18,6287.0,5845.0,7808.0,19.98,18.18,19.56,19940.0
2026-04-20,21,16288.0,3.95,7.17,5766.0,5393.0,7313.0,17.92,16.4,17.65,18472.0
2026-04-20,22,17039.0,3.91,7.23,4857.0,4497.0,5979.0,13.54,12.49,13.61,15333.0
2026-04-20,23,17855.0,4.15,7.3,3686.0,3308.0,4414.0,9.11,8.57,9.38,11407.0
2026-04-21,0,16588.0,4.52,7.14,3227.0,3106.0,4147.0,7.3,6.83,7.61,10480.0
2026-04-21,1,17190.0,4.89,6.44,3015.0,2933.0,3966.0,7.19,6.78,7.48,9914.0
2026-04-21,2,17724.0,5.32,6.44,2878.0,2816.0,3807.0,7.14,6.77,7.45,9501.0
2026-04-21,3,18596.0,5.81,6.47,2834.0,2790.0,3852.0,7.13,6.76,7.42,9476.0
2026-04-21,4,18574.0,6.28,6.47,3577.0,3528.0,4862.0,9.88,9.24,9.9,11967.0
2026-04-21,5,17290.0,6.47,6.43,4995.0,4867.0,6867.0,16.04,14.8,15.71,16729.0
2026-04-21,6,16408.0,6.3,6.41,6453.0,6129.0,8433.0,20.38,18.4,19.8,21015.0
2026-04-21,7,16818.0,6.01,6.4,6703.0,6227.0,8536.0,20.41,18.39,19.83,21466.0
2026-04-21,8,16696.0,5.73,6.41,6663.0,6135.0,8321.0,20.33,18.37,19.82,21118.0
2026-04-21,9,16595.0,5.44,6.43,6527.0,6058.0,8257.0,20.2,18.27,19.72,20842.0
2026-04-21,10,17189.0,5.23,6.44,5978.0,5548.0,7482.0,17.52,15.93,17.28,19009.0
2026-04-21,11,16943.0,5.16,6.84,5381.0,5000.0,6735.0,14.78,13.45,14.61,17116.0
2026-04-21,12,16923.0,5.14,7.23,5252.0,4997.0,6736.0,14.45,13.12,14.26,16986.0
2026-04-21,13,16966.0,5.12,7.24,5177.0,4989.0,6809.0,14.44,13.11,14.23,16975.0
2026-04-21,14,17063.0,5.12,7.25,5123.0,4901.0,6753.0,14.41,13.11,14.19,16778.0
2026-04-21,15,16801.0,5.11,7.23,5181.0,4977.0,6773.0,14.43,13.1,14.21,16932.0
2026-04-21,16,16754.0,5.06,7.25,5593.0,5355.0,7406.0,15.98,14.47,15.6,18355.0
2026-04-21,17,16413.0,4.87,7.22,6272.0,5989.0,8307.0,19.03,17.13,18.44,20567.0
2026-04-21,18,16423.0,4.58,7.22,6562.0,6191.0,8520.0,20.59,18.56,19.97,21273.0
2026-04-21,19,16525.0,4.31,7.23,6360.0,5952.0,8185.0,20.27,18.4,19.76,20498.0
2026-04-21,20,16443.0,4.07,7.22,6305.0,5895.0,8042.0,20.08,18.27,19.63,20241.0
2026-04-21,21,16588.0,3.9,7.07,5687.0,5299.0,7187.0,17.7,16.24,17.47,18173.0
2026-04-21,22,17324.0,3.91,6.8,4732.0,4370.0,5804.0,13.09,12.09,13.19,14906.0
2026-04-21,23,17362.0,4.16,6.79,3584.0,3224.0,4384.0,8.95,8.46,9.26,11192.0
2026-04-22,0,17576.0,4.54,6.8,3080.0,3129.0,4314.0,7.52,7.06,7.76,10522.0
2026-04-22,1,17725.0,4.95,6.8,2861.0,2942.0,4112.0,7.47,7.06,7.73,9915.0
2026-04-22,2,17942.0,5.4,6.81,2704.0,2816.0,4025.0,7.42,7.05,7.7,9545.0
2026-04-22,3,18376.0,5.89,6.84,2625.0,2719.0,3872.0,7.39,7.05,7.68,9216.0
2026-04-22,4,18790.0,6.38,6.53,3291.0,3388.0,4846.0,9.84,9.28,9.86,11525.0
2026-04-22,5,17230.0,6.6,6.45,4852.0,4801.0,6826.0,15.96,14.75,15.64,16480.0
2026-04-22,6,17330.0,6.46,6.45,6493.0,6148.0,8469.0,20.41,18.41,19.82,21109.0
2026-04-22,7,16843.0,6.18,6.42,6778.0,6324.0,8662.0,20.56,18.47,19.96,21765.0
2026-04-22,8,16738.0,5.87,6.42,6703.0,6202.0,8512.0,20.39,18.38,19.83,21416.0
2026-04-22,9,16570.0,5.57,6.42,6531.0,6077.0,8357.0,20.29,18.36,19.77,20965.0
2026-04-22,10,17026.0,5.34,6.43,6004.0,5583.0,7600.0,17.9,16.28,17.57,19187.0
2026-04-22,11,17186.0,5.29,6.44,5437.0,5030.0,6797.0,15.18,13.88,15.02,17265.0
2026-04-22,12,17516.0,5.31,6.46,5247.0,4964.0,6678.0,14.52,13.24,14.38,16888.0
2026-04-22,13,17815.0,5.32,6.46,5176.0,4969.0,6790.0,14.55,13.26,14.38,16935.0
2026-04-22,14,17597.0,5.34,6.45,5120.0,4896.0,6698.0,14.48,13.23,14.34,16714.0
2026-04-22,15,17691.0,5.39,6.45,5153.0,4923.0,6733.0,14.49,13.22,14.31,16808.0
2026-04-22,16,17344.0,5.35,6.46,5928.0,5679.0,7836.0,18.19,16.48,17.68,19443.0
2026-04-22,17,16864.0,5.13,6.56,6468.0,6139.0,8533.0,20.35,18.35,19.71,21140.0
2026-04-22,18,15445.0,4.8,8.23,6620.0,6199.0,8589.0,20.8,18.78,20.17,21407.0
2026-04-22,19,15435.0,4.46,8.21,6409.0,6014.0,8256.0,20.53,18.64,19.99,20679.0
2026-04-22,20,15305.0,4.15,8.2,6317.0,5961.0,8163.0,20.31,18.43,19.78,20441.0
2026-04-22,21,15588.0,3.88,7.86,5787.0,5416.0,7467.0,18.0,16.45,17.68,18670.0
2026-04-22,22,17127.0,3.84,6.78,4779.0,4409.0,5927.0,13.16,12.16,13.24,15115.0
2026-04-22,23,17572.0,4.08,6.46,3654.0,3300.0,4420.0,9.0,8.46,9.28,11374.0
2026-04-23,0,13461.0,4.35,6.34,3270.0,3208.0,4347.0,7.57,7.07,7.83,10825.0
2026-04-23,1,16411.0,4.56,6.41,3011.0,2971.0,4128.0,7.28,6.85,7.56,10110.0
2026-04-23,2,17272.0,4.96,6.43,2881.0,2888.0,4067.0,7.3,6.9,7.57,9837.0
2026-04-23,3,18111.0,5.4,6.47,2838.0,2856.0,4088.0,7.4,7.01,7.65,9782.0
2026-04-23,4,17679.0,5.82,6.46,3644.0,3632.0,5106.0,10.26,9.59,10.25,12382.0
2026-04-23,5,16780.0,5.94,6.43,5053.0,4940.0,7004.0,16.31,14.99,15.93,16997.0
2026-04-23,6,17348.0,5.78,6.45,6548.0,6250.0,8698.0,20.85,18.78,20.19,21496.0
2026-04-23,7,16344.0,5.47,6.4,6804.0,6358.0,8706.0,20.84,18.72,20.21,21868.0
2026-04-23,8,16152.0,5.13,6.4,6705.0,6177.0,8511.0,20.57,18.58,20.02,21394.0
2026-04-23,9,16593.0,4.82,6.41,6474.0,5993.0,8281.0,20.36,18.5,19.85,20748.0
2026-04-23,10,17600.0,4.62,6.46,6030.0,5644.0,7722.0,18.12,16.46,17.82,19396.0
2026-04-23,11,17688.0,4.57,6.46,5421.0,5071.0,6961.0,15.0,13.65,14.79,17453.0
2026-04-23,12,17956.0,4.59,6.47,5263.0,4958.0,6784.0,14.38,13.06,14.18,17004.0
2026-04-23,13,17962.0,4.63,6.47,5177.0,4951.0,6805.0,14.22,12.91,14.02,16933.0
2026-04-23,14,18124.0,4.69,6.47,5077.0,4886.0,6793.0,14.21,12.92,14.0,16756.0
2026-04-23,15,18105.0,4.75,6.46,5094.0,4884.0,6795.0,14.19,12.91,13.97,16773.0
2026-04-23,16,17752.0,4.78,6.47,5507.0,5270.0,7325.0,15.9,14.4,15.48,18102.0
2026-04-23,17,17398.0,4.66,6.48,6269.0,5948.0,8293.0,18.98,17.06,18.32,20509.0
2026-04-23,18,17153.0,4.42,6.47,6644.0,6223.0,8664.0,20.83,18.78,20.1,21532.0
2026-04-23,19,17369.0,4.17,6.47,6376.0,5955.0,8226.0,20.32,18.47,19.8,20557.0
2026-04-23,20,17321.0,3.98,6.47,6265.0,5842.0,8085.0,20.08,18.3,19.59,20192.0
2026-04-23,21,17377.0,3.84,6.46,5724.0,5323.0,7364.0,17.9,16.42,17.59,18411.0
2026-04-23,22,17950.0,3.88,6.48,4686.0,4297.0,5837.0,12.88,11.95,13.0,14820.0
2026-04-23,23,18752.0,4.2,6.5,3556.0,3120.0,4334.0,8.87,8.41,9.17,11009.0
2026-04-24,0,16754.0,4.62,6.43,3198.0,3066.0,4133.0,7.42,6.98,7.71,10397.0
2026-04-24,1,16417.0,4.97,6.41,2913.0,2888.0,3941.0,7.09,6.71,7.4,9742.0
2026-04-24,2,16526.0,5.37,6.41,2646.0,2733.0,3824.0,7.01,6.66,7.31,9203.0
2026-04-24,3,16621.0,5.78,6.42,2596.0,2674.0,3768.0,6.98,6.65,7.29,9038.0
2026-04-24,4,16900.0,6.16,6.43,3332.0,3404.0,4820.0,9.72,9.14,9.74,11557.0
2026-04-24,5,16608.0,6.3,6.42,4839.0,4829.0,6842.0,16.12,14.85,15.71,16511.0
2026-04-24,6,17420.0,6.17,6.46,6353.0,6108.0,8525.0,20.5,18.53,19.85,20986.0
2026-04-24,7,16798.0,5.88,6.41,6829.0,6382.0,8826.0,20.72,18.59,20.06,22037.0
2026-04-24,8,16730.0,5.57,6.42,6723.0,6241.0,8645.0,20.62,18.58,20.01,21609.0
2026-04-24,9,16645.0,5.26,6.43,6542.0,6089.0,8585.0,20.53,18.59,19.93,21216.0
2026-04-24,10,17194.0,5.01,6.45,6079.0,5668.0,7929.0,18.21,16.52,17.85,19676.0
2026-04-24,11,17861.0,4.92,6.45,5497.0,5168.0,7143.0,15.18,13.78,14.95,17808.0
2026-04-24,12,18763.0,4.96,6.49,5354.0,5102.0,6996.0,14.68,13.31,14.47,17453.0
2026-04-24,13,18278.0,5.02,6.48,5293.0,5109.0,7027.0,14.68,13.31,14.45,17428.0
2026-04-24,14,17677.0,5.04,6.45,5196.0,5009.0,6993.0,14.65,13.32,14.41,17198.0
2026-04-24,15,17657.0,5.05,6.48,5226.0,5031.0,6946.0,14.65,13.31,14.41,17203.0
2026-04-24,16,17379.0,5.02,6.49,5576.0,5414.0,7525.0,16.09,14.56,15.72,18515.0
2026-04-24,17,17077.0,4.86,6.48,6218.0,5971.0,8341.0,19.22,17.34,18.6,20529.0
2026-04-24,18,17016.0,4.6,6.46,6575.0,6264.0,8674.0,20.66,18.57,19.96,21513.0
2026-04-24,19,16034.0,4.33,7.49,6340.0,6045.0,8398.0,20.44,18.5,19.85,20783.0
2026-04-24,20,16086.0,4.03,7.4,6249.0,5949.0,8230.0,20.07,18.2,19.53,20428.0
2026-04-24,21,16718.0,3.82,6.58,5755.0,5500.0,7587.0,18.12,16.53,17.75,18842.0
2026-04-24,22,17470.0,3.8,6.51,4790.0,4523.0,6146.0,13.16,12.08,13.22,15459.0
2026-04-24,23,17730.0,4.03,6.46,3755.0,3483.0,4762.0,9.25,8.65,9.48,12001.0
2026-04-25,0,17302.0,4.39,6.44,3273.0,3187.0,4306.0,7.43,6.92,7.72,10766.0
2026-04-25,1,17527.0,4.77,6.45,3075.0,3061.0,4172.0,7.41,6.96,7.68,10308.0
2026-04-25,2,17723.0,5.19,6.45,2921.0,2922.0,4037.0,7.36,6.95,7.63,9881.0
2026-04-25,3,17797.0,5.63,6.45,2895.0,2925.0,4065.0,7.36,6.95,7.62,9885.0
2026-04-25,4,17650.0,6.06,6.45,3016.0,3012.0,4185.0,7.4,6.95,7.63,10214.0
2026-04-25,5,16522.0,6.37,6.42,4076.0,3987.0,5669.0,11.43,10.59,11.24,13732.0
2026-04-25,6,16398.0,6.3,6.42,6085.0,5835.0,8014.0,18.36,16.56,17.83,19934.0
2026-04-25,7,16462.0,6.0,6.41,6862.0,6521.0,8927.0,21.15,18.92,20.45,22311.0
2026-04-25,8,16317.0,5.63,6.4,6939.0,6543.0,9010.0,21.24,18.97,20.53,22492.0
2026-04-25,9,16305.0,5.25,6.41,6887.0,6498.0,8971.0,21.11,18.88,20.41,22355.0
2026-04-25,10,17210.0,4.9,6.43,6725.0,6333.0,8717.0,20.75,18.63,20.13,21775.0
2026-04-25,11,17358.0,4.67,6.44,6067.0,5705.0,7856.0,17.77,16.05,17.41,19628.0
2026-04-25,12,17811.0,4.6,6.47,5581.0,5291.0,7271.0,15.31,13.8,15.0,18142.0
2026-04-25,13,18234.0,4.58,6.49,5480.0,5274.0,7219.0,15.11,13.61,14.82,17973.0
2026-04-25,14,18337.0,4.58,6.48,5417.0,5234.0,7150.0,15.09,13.6,14.8,17801.0
2026-04-25,15,18084.0,4.6,6.45,5418.0,5223.0,7136.0,15.09,13.61,14.78,17777.0
2026-04-25,16,17828.0,4.55,6.46,5920.0,5758.0,7917.0,17.73,15.97,17.19,19596.0
2026-04-25,17,17452.0,4.35,6.47,6353.0,6219.0,8624.0,20.08,18.02,19.4,21196.0
2026-04-25,18,17390.0,4.13,6.48,6371.0,6192.0,8537.0,20.17,18.14,19.55,21101.0
2026-04-25,19,17604.0,3.93,6.49,6102.0,5934.0,8232.0,19.97,18.1,19.42,20268.0
2026-04-25,20,17444.0,3.8,6.47,5735.0,5547.0,7712.0,18.12,16.49,17.76,18994.0
2026-04-25,21,12190.0,3.6,6.32,5346.0,5279.0,7249.0,15.2,13.72,14.95,17874.0
2026-04-25,22,15251.0,3.35,6.39,4735.0,5108.0,6355.0,12.05,11.33,11.97,16198.0
2026-04-25,23,16549.0,3.4,6.43,3941.0,4319.0,5439.0,9.4,8.94,9.53,13699.0
2026-04-26,0,18193.0,3.66,6.48,3488.0,3947.0,4850.0,7.83,7.45,7.98,12285.0
2026-04-26,1,17944.0,4.0,6.47,3165.0,3764.0,4661.0,7.72,7.38,7.9,11590.0
2026-04-26,2,18157.0,4.39,6.47,2943.0,3602.0,4477.0,7.58,7.27,7.79,11022.0
2026-04-26,3,18267.0,4.8,6.47,2857.0,3522.0,4414.0,7.54,7.25,7.75,10793.0
2026-04-26,4,18111.0,5.21,6.46,3092.0,3704.0,4706.0,8.28,7.94,8.36,11502.0
2026-04-26,5,16668.0,5.41,6.42,4443.0,5085.0,6485.0,14.22,13.54,13.94,16014.0
2026-04-26,6,17004.0,5.31,6.43,5773.0,6105.0,7943.0,18.66,17.67,18.12,19822.0
2026-04-26,7,16773.0,5.05,6.43,6533.0,6644.0,8764.0,20.98,19.82,20.31,21942.0
2026-04-26,8,16643.0,4.7,6.4,6785.0,6828.0,8983.0,21.28,20.06,20.56,22596.0
2026-04-26,9,17251.0,4.35,6.43,6759.0,6749.0,8873.0,21.02,19.83,20.32,22380.0
2026-04-26,10,17704.0,4.06,6.45,6738.0,6662.0,8722.0,20.75,19.58,20.1,22122.0
2026-04-26,11,17839.0,3.85,6.47,6158.0,5972.0,7762.0,18.01,17.1,17.67,19892.0
2026-04-26,12,17963.0,3.77,6.54,5632.0,5420.0,6988.0,15.2,14.46,15.04,18041.0
2026-04-26,13,17992.0,3.74,6.61,5554.0,5515.0,7138.0,15.07,14.3,14.84,18207.0
2026-04-26,14,17997.0,3.71,6.56,5437.0,5415.0,7062.0,15.06,14.31,14.79,17914.0
2026-04-26,15,18177.0,3.73,6.48,5288.0,5295.0,6845.0,15.02,14.31,14.79,17429.0
2026-04-26,16,17968.0,3.73,6.49,5730.0,5742.0,7496.0,17.26,16.4,16.86,18968.0
2026-04-26,17,17668.0,3.58,6.48,6226.0,6222.0,8184.0,19.9,18.88,19.39,20632.0
2026-04-26,18,17851.0,3.41,6.45,6063.0,6057.0,7972.0,19.76,18.81,19.26,20092.0
2026-04-26,19,17877.0,3.28,6.48,5899.0,5906.0,7777.0,19.48,18.57,19.05,19582.0
2026-04-26,20,18437.0,3.22,6.49,5553.0,5588.0,7301.0,17.75,16.95,17.46,18443.0
2026-04-26,21,17417.0,3.25,6.46,4835.0,4799.0,6364.0,14.47,13.88,14.41,15998.0
2026-04-26,22,17439.0,3.39,6.45,4076.0,4002.0,5283.0,11.2,10.75,11.32,13360.0
2026-04-26,23,15206.0,3.67,9.46,3054.0,2936.0,4016.0,7.76,7.6,8.07,10006.0
2026-04-27,0,16454.0,3.97,7.37,2908.0,3081.0,4125.0,7.17,6.94,7.45,10115.0
2026-04-27,1,17393.0,4.38,6.44,2713.0,2917.0,3930.0,7.18,6.97,7.45,9561.0
2026-04-27,2,17548.0,4.84,6.44,2552.0,2796.0,3794.0,7.16,6.96,7.44,9142.0
2026-04-27,3,17822.0,5.32,6.44,2498.0,2742.0,3744.0,7.14,6.96,7.42,8984.0
2026-04-27,4,17567.0,5.76,6.44,3227.0,3513.0,4794.0,9.82,9.47,9.83,11534.0
2026-04-27,5,16611.0,5.93,6.41,4719.0,4934.0,6680.0,15.9,15.27,15.45,16332.0
2026-04-27,6,16940.0,5.77,6.42,6297.0,6293.0,8356.0,20.33,19.3,19.75,20946.0
2026-04-27,7,17116.0,5.49,6.42,6640.0,6608.0,8655.0,20.7,19.58,20.08,21903.0
2026-04-27,8,16763.0,5.18,6.42,6583.0,6458.0,8538.0,20.65,19.58,20.07,21579.0
2026-04-27,9,16605.0,4.85,6.42,6421.0,6309.0,8403.0,20.45,19.43,19.92,21133.0
2026-04-27,10,17048.0,4.61,6.43,5970.0,5838.0,7629.0,17.84,16.97,17.52,19438.0
2026-04-27,11,17078.0,4.53,6.43,5375.0,5240.0,6877.0,14.9,14.21,14.75,17492.0
2026-04-27,12,17537.0,4.52,6.44,5227.0,5232.0,6769.0,14.19,13.5,14.05,17228.0
2026-04-27,13,17632.0,4.53,6.45,5149.0,5181.0,6765.0,14.2,13.51,14.05,17095.0
2026-04-27,14,18006.0,4.58,6.46,5035.0,5061.0,6664.0,14.15,13.5,14.03,16759.0
2026-04-27,15,18064.0,4.64,6.46,5048.0,5084.0,6751.0,14.18,13.49,13.99,16884.0
2026-04-27,16,17428.0,4.65,6.45,5465.0,5493.0,7340.0,15.82,15.04,15.47,18298.0
2026-04-27,17,16998.0,4.51,6.46,6104.0,6098.0,8192.0,18.75,17.77,18.16,20393.0
2026-04-27,18,16852.0,4.24,6.46,6520.0,6452.0,8605.0,20.65,19.56,19.98,21576.0
2026-04-27,19,16789.0,3.97,6.46,6335.0,6247.0,8239.0,20.37,19.35,19.83,20821.0
2026-04-27,20,16870.0,3.73,6.45,6268.0,6218.0,8144.0,20.21,19.21,19.68,20630.0
2026-04-27,21,16827.0,3.53,6.45,5849.0,5770.0,7643.0,18.5,17.65,18.14,19262.0
2026-04-27,22,17510.0,3.49,6.46,4817.0,4701.0,6129.0,13.53,12.98,13.59,15647.0
2026-04-27,23,17583.0,3.72,6.46,3696.0,3537.0,4626.0,9.31,9.03,9.58,11859.0
2026-04-28,0,16763.0,4.06,6.43,3205.0,3246.0,4218.0,7.46,7.22,7.73,10669.0
2026-04-28,1,16838.0,4.42,6.42,2997.0,3095.0,4093.0,7.37,7.16,7.63,10185.0
2026-04-28,2,17057.0,4.81,6.43,2779.0,2889.0,3869.0,7.08,6.9,7.38,9537.0
2026-04-28,3,17114.0,5.26,6.43,2673.0,2806.0,3803.0,6.91,6.75,7.22,9282.0
2026-04-28,4,16624.0,5.65,6.41,3243.0,3524.0,4737.0,9.59,9.29,9.59,11503.0
2026-04-28,5,15846.0,5.75,6.4,4766.0,5039.0,6863.0,16.0,15.32,15.64,16669.0
2026-04-28,6,17115.0,5.56,6.44,6292.0,6430.0,8636.0,20.6,19.5,19.94,21358.0
2026-04-28,7,16784.0,5.25,6.42,6668.0,6618.0,8814.0,20.7,19.56,20.04,22100.0
2026-04-28,8,16588.0,4.91,6.42,6599.0,6488.0,8662.0,20.66,19.58,20.03,21749.0
2026-04-28,9,16530.0,4.59,6.43,6448.0,6348.0,8461.0,20.51,19.47,19.94,21257.0
2026-04-28,10,17104.0,4.33,6.43,6013.0,5959.0,7746.0,18.23,17.31,17.92,19717.0
2026-04-28,11,17167.0,4.23,6.43,5342.0,5297.0,6947.0,15.03,14.32,14.85,17586.0
2026-04-28,12,17400.0,4.23,6.45,5165.0,5139.0,6788.0,14.41,13.71,14.22,17093.0
2026-04-28,13,17488.0,4.24,6.45,5109.0,5146.0,6821.0,14.34,13.63,14.15,17076.0
2026-04-28,14,17849.0,4.28,6.46,5087.0,5097.0,6774.0,14.3,13.61,14.13,16957.0
2026-04-28,15,17918.0,4.31,6.46,5115.0,5165.0,6875.0,14.32,13.6,14.12,17154.0
2026-04-28,16,17592.0,4.31,6.45,5456.0,5490.0,7331.0,15.83,15.04,15.47,18276.0
2026-04-28,17,17251.0,4.17,6.47,6188.0,6159.0,8313.0,19.01,18.01,18.38,20660.0
2026-04-28,18,17226.0,3.91,6.48,6475.0,6413.0,8592.0,20.45,19.38,19.8,21479.0
2026-04-28,19,17235.0,3.68,6.47,6290.0,6238.0,8316.0,20.24,19.23,19.68,20844.0
2026-04-28,20,17311.0,3.46,6.47,6291.0,6490.0,8251.0,20.27,19.16,19.72,21032.0
2026-04-28,21,16815.0,3.24,6.45,5932.0,6318.0,7775.0,18.69,17.63,18.31,20024.0
2026-04-28,22,15959.0,3.11,6.42,4856.0,5079.0,6351.0,13.82,13.16,13.84,16286.0
2026-04-28,23,16281.0,3.23,6.41,3583.0,3572.0,4704.0,9.31,9.02,9.56,11858.0
2026-04-29,0,16227.0,3.53,6.41,3140.0,3296.0,4167.0,7.14,6.91,7.44,10603.0
2026-04-29,1,17106.0,3.87,6.44,2964.0,3160.0,3990.0,7.07,6.87,7.37,10114.0
2026-04-29,2,17917.0,4.3,6.46,2860.0,3047.0,3887.0,7.06,6.86,7.36,9793.0
2026-04-29,3,18153.0,4.77,6.47,2748.0,2917.0,3863.0,7.02,6.85,7.32,9528.0
2026-04-29,4,17893.0,5.21,6.47,3432.0,3688.0,4800.0,9.45,9.14,9.49,11921.0
2026-04-29,5,16962.0,5.37,6.44,4939.0,5083.0,6877.0,15.92,15.24,15.53,16899.0
2026-04-29,6,16550.0,5.18,6.43,6457.0,6478.0,8589.0,20.38,19.28,19.73,21524.0
2026-04-29,7,16822.0,4.85,6.42,6704.0,6628.0,8824.0,20.52,19.37,19.83,22156.0
2026-04-29,8,16520.0,4.49,6.42,6631.0,6530.0,8721.0,20.49,19.38,19.84,21882.0
2026-04-29,9,16510.0,4.14,6.43,6487.0,6367.0,8513.0,20.43,19.36,19.84,21367.0
2026-04-29,10,17055.0,3.87,6.42,5971.0,5853.0,7751.0,17.91,17.03,17.56,19576.0
2026-04-29,11,17097.0,3.78,6.42,5311.0,5191.0,6902.0,14.65,13.98,14.56,17404.0
2026-04-29,12,17438.0,3.78,6.43,5211.0,5171.0,6805.0,14.32,13.61,14.13,17187.0
2026-04-29,13,17778.0,3.81,6.44,5172.0,5161.0,6827.0,14.33,13.62,14.14,17160.0
2026-04-29,14,17997.0,3.86,6.47,5059.0,5108.0,6782.0,14.31,13.61,14.13,16948.0
2026-04-29,15,18007.0,3.92,6.5,5038.0,5103.0,6803.0,14.3,13.6,14.1,16944.0
2026-04-29,16,17667.0,3.93,6.5,5534.0,5553.0,7422.0,16.14,15.34,15.77,18510.0
2026-04-29,17,17063.0,3.77,6.47,6207.0,6210.0,8320.0,19.21,18.21,18.6,20737.0
2026-04-29,18,17054.0,3.5,6.47,6526.0,6466.0,8719.0,20.77,19.67,20.08,21710.0
2026-04-29,19,17015.0,3.24,6.47,6318.0,6257.0,8326.0,20.55,19.53,19.98,20900.0
2026-04-29,20,16961.0,3.01,6.46,6285.0,6220.0,8216.0,20.37,19.37,19.85,20721.0
2026-04-29,21,17003.0,2.81,6.46,5781.0,5736.0,7583.0,18.28,17.44,17.95,19099.0
2026-04-29,22,17519.0,2.8,6.47,4744.0,4657.0,6027.0,13.16,12.62,13.2,15428.0
2026-04-29,23,17696.0,3.03,6.47,3677.0,3537.0,4557.0,9.15,8.85,9.42,11772.0
2026-04-30,0,18105.0,3.43,6.48,3194.0,3287.0,4235.0,7.44,7.2,7.71,10716.0
2026-04-30,1,18009.0,3.85,6.47,3014.0,3144.0,4086.0,7.38,7.16,7.65,10243.0
2026-04-30,2,18183.0,4.3,6.47,2906.0,3029.0,4018.0,7.36,7.16,7.63,9953.0
2026-04-30,3,18272.0,4.77,6.47,2755.0,2939.0,3973.0,7.35,7.17,7.62,9668.0
2026-04-30,4,18235.0,5.23,6.48,3174.0,3447.0,4670.0,9.14,8.85,9.2,11291.0
2026-04-30,5,17264.0,5.46,6.45,4705.0,4965.0,6811.0,15.79,15.15,15.4,16481.0
2026-04-30,6,17394.0,5.32,6.45,6279.0,6431.0,8578.0,20.63,19.53,19.98,21288.0
2026-04-30,7,16793.0,5.02,6.42,6700.0,6629.0,8813.0,20.83,19.68,20.15,22143.0
2026-04-30,8,16607.0,4.66,6.42,6621.0,6478.0,8600.0,20.58,19.49,19.99,21699.0
2026-04-30,9,16539.0,4.35,6.41,6409.0,6264.0,8316.0,20.38,19.35,19.82,20989.0
2026-04-30,10,17032.0,4.14,6.44,5819.0,5667.0,7411.0,17.58,16.75,17.29,18898.0
2026-04-30,11,17119.0,4.1,6.47,5176.0,5089.0,6624.0,14.6,13.96,14.47,16888.0
2026-04-30,12,17406.0,4.13,6.48,5003.0,5018.0,6618.0,14.04,13.4,13.89,16638.0
2026-04-30,13,17659.0,4.16,6.49,5012.0,5092.0,6869.0,14.33,13.67,14.14,16973.0
2026-04-30,14,17842.0,4.18,6.47,5025.0,5203.0,6748.0,14.22,13.52,14.07,16976.0
2026-04-30,15,18016.0,4.21,6.46,5058.0,5137.0,6844.0,14.37,13.68,14.19,17038.0
2026-04-30,16,17640.0,4.22,6.44,5445.0,5546.0,7445.0,16.22,15.42,15.81,18436.0
2026-04-30,17,17525.0,4.09,6.46,5998.0,6107.0,8260.0,19.34,18.35,18.71,20365.0
2026-04-30,18,17479.0,3.91,6.48,6184.0,6210.0,8335.0,20.43,19.41,19.85,20728.0
2026-04-30,19,17380.0,3.72,6.47,5992.0,5996.0,8079.0,20.21,19.27,19.7,20067.0
2026-04-30,20,17367.0,3.56,6.46,5994.0,5977.0,7946.0,20.21,19.27,19.73,19916.0
2026-04-30,21,16132.0,3.39,6.42,5635.0,5495.0,7247.0,17.95,17.18,17.69,18377.0
2026-04-30,22,16490.0,3.34,6.42,4698.0,4553.0,5898.0,13.0,12.48,13.1,15150.0
2026-04-30,23,16714.0,3.53,6.42,3713.0,3538.0,4547.0,9.05,8.78,9.35,11797.0
2026-05-01,0,17656.0,3.86,6.45,3245.0,3319.0,4308.0,7.33,7.09,7.6,10872.0
2026-05-01,1,17599.0,4.25,6.43,3011.0,3134.0,4156.0,7.17,6.98,7.41,10301.0
2026-05-01,2,17766.0,4.69,6.43,2855.0,2997.0,4021.0,7.15,6.97,7.41,9873.0
2026-05-01,3,18243.0,5.16,6.44,2758.0,2922.0,3970.0,7.11,6.94,7.4,9650.0
2026-05-01,4,18277.0,5.64,6.44,2902.0,3045.0,4106.0,7.2,7.01,7.47,10053.0
2026-05-01,5,16854.0,5.96,6.39,4001.0,4121.0,5546.0,11.48,11.07,11.38,13667.0
2026-05-01,6,17439.0,5.97,6.42,5722.0,5804.0,7691.0,18.48,17.61,18.0,19217.0
2026-05-01,7,17106.0,5.77,6.4,6368.0,6345.0,8313.0,20.52,19.47,19.98,21026.0
2026-05-01,8,16817.0,5.49,6.41,6631.0,6536.0,8390.0,20.59,19.48,20.05,21557.0
2026-05-01,9,16706.0,5.16,6.42,6641.0,6573.0,8443.0,20.61,19.48,20.07,21656.0
2026-05-01,10,17185.0,4.86,6.44,6629.0,6600.0,8407.0,20.59,19.44,20.06,21636.0
2026-05-01,11,17163.0,4.61,6.43,6013.0,5953.0,7683.0,17.74,16.84,17.45,19650.0
2026-05-01,12,18022.0,4.55,6.44,5368.0,5306.0,6822.0,14.88,14.19,14.7,17496.0
2026-05-01,13,18191.0,4.64,6.49,5034.0,5024.0,6454.0,14.37,13.74,14.25,16511.0
2026-05-01,14,17761.0,4.71,6.5,4997.0,5010.0,6414.0,14.34,13.71,14.29,16421.0
2026-05-01,15,18103.0,4.78,6.48,5010.0,5038.0,6485.0,14.34,13.71,14.28,16533.0
2026-05-01,16,17978.0,4.81,6.46,5518.0,5556.0,7217.0,17.0,16.21,16.71,18291.0
2026-05-01,17,17500.0,4.7,6.46,5964.0,5962.0,7888.0,19.79,18.85,19.28,19813.0
2026-05-01,18,17335.0,4.55,6.47,6012.0,5939.0,7809.0,19.8,18.89,19.34,19760.0
2026-05-01,19,17498.0,4.41,6.48,5741.0,5789.0,7615.0,19.58,18.71,19.18,19145.0
2026-05-01,20,18397.0,4.37,6.5,5315.0,5334.0,7057.0,17.54,16.81,17.33,17706.0
2026-05-01,21,18532.0,4.47,6.5,4579.0,4537.0,6135.0,14.2,13.69,14.2,15252.0
2026-05-01,22,19259.0,4.73,6.52,4040.0,3981.0,5237.0,11.28,10.9,11.41,13259.0
2026-05-01,23,19598.0,5.15,6.76,3303.0,3272.0,4323.0,8.82,8.57,9.13,10897.0
2026-05-02,0,15395.0,5.58,8.03,2936.0,3126.0,4167.0,7.17,6.95,7.43,10229.0
2026-05-02,1,14653.0,5.83,7.93,2757.0,2993.0,4010.0,7.16,6.97,7.43,9760.0
2026-05-02,2,13101.0,6.08,9.69,2619.0,2891.0,3898.0,7.17,6.96,7.43,9407.0
2026-05-02,3,12714.0,6.28,10.11,2569.0,2857.0,3889.0,7.16,6.95,7.42,9315.0
2026-05-02,4,13596.0,6.49,9.03,2704.0,2957.0,4011.0,7.15,6.92,7.39,9672.0
2026-05-02,5,14445.0,6.63,6.64,3809.0,4032.0,5498.0,11.41,10.96,11.21,13340.0
2026-05-02,6,16708.0,6.57,6.4,5672.0,5773.0,7568.0,18.09,17.22,17.69,19013.0
2026-05-02,7,16295.0,6.35,6.38,6132.0,6142.0,7961.0,20.39,19.41,19.9,20234.0
2026-05-02,8,16143.0,6.09,6.39,6377.0,6300.0,8095.0,20.4,19.37,19.93,20772.0
2026-05-02,9,16156.0,5.77,6.4,6449.0,6340.0,8232.0,20.37,19.33,19.88,21021.0
2026-05-02,10,16417.0,5.47,6.41,6376.0,6263.0,8109.0,20.07,19.06,19.61,20748.0
2026-05-02,11,16437.0,5.23,6.41,5841.0,5757.0,7499.0,17.43,16.59,17.16,19097.0
2026-05-02,12,16632.0,5.13,6.42,5383.0,5329.0,6850.0,14.98,14.22,14.78,17561.0
2026-05-02,13,16728.0,5.07,6.41,5265.0,5272.0,6772.0,14.85,14.11,14.64,17309.0
2026-05-02,14,17070.0,5.04,6.46,5143.0,5216.0,6785.0,14.85,14.11,14.65,17144.0
2026-05-02,15,17161.0,5.04,6.44,4929.0,5111.0,6815.0,14.82,14.1,14.61,16856.0
2026-05-02,16,16818.0,5.01,6.43,5358.0,5561.0,7334.0,17.03,16.22,16.65,18252.0
2026-05-02,17,16367.0,4.84,6.43,5886.0,6039.0,8035.0,19.75,18.79,19.2,19959.0
2026-05-02,18,16730.0,4.61,6.46,5952.0,6034.0,8006.0,19.83,18.88,19.32,19992.0
2026-05-02,19,17176.0,4.44,6.47,5938.0,5919.0,7777.0,19.63,18.72,19.2,19634.0
2026-05-02,20,17125.0,4.31,6.46,5656.0,5594.0,7321.0,17.8,17.02,17.55,18570.0
2026-05-02,21,17117.0,4.27,6.46,4966.0,4842.0,6355.0,14.48,13.88,14.44,16163.0
2026-05-02,22,17744.0,4.41,6.47,4229.0,4010.0,5197.0,11.13,10.68,11.29,13435.0
2026-05-02,23,18780.0,4.75,6.49,3455.0,3239.0,4214.0,8.63,8.35,8.93,10908.0
2026-05-03,0,16781.0,5.18,6.43,3015.0,3178.0,4229.0,7.27,7.01,7.52,10421.0
2026-05-03,1,16426.0,5.53,6.41,2805.0,3018.0,4094.0,7.21,6.97,7.46,9917.0
2026-05-03,2,16824.0,5.93,6.43,2634.0,2889.0,3931.0,7.18,6.97,7.45,9454.0
2026-05-03,3,14129.0,6.3,8.84,2614.0,2886.0,3904.0,7.33,7.12,7.59,9404.0
2026-05-03,4,12554.0,6.48,10.85,2763.0,3026.0,4113.0,7.56,7.32,7.79,9902.0
2026-05-03,5,14498.0,6.6,7.21,3761.0,3990.0,5455.0,11.35,10.91,11.17,13205.0
2026-05-03,6,15384.0,6.5,6.41,5667.0,5837.0,7672.0,18.25,17.36,17.78,19176.0
2026-05-03,7,16246.0,6.19,6.4,6430.0,6468.0,8493.0,20.86,19.77,20.27,21391.0
2026-05-03,8,16505.0,5.86,6.43,6555.0,6532.0,8564.0,20.86,19.74,20.27,21651.0
2026-05-03,9,16484.0,5.52,6.41,6598.0,6544.0,8527.0,20.65,19.54,20.08,21668.0
2026-05-03,10,16816.0,5.21,6.43,6575.0,6493.0,8335.0,20.41,19.32,19.89,21403.0
2026-05-03,11,16851.0,4.98,6.42,5985.0,5890.0,7518.0,17.57,16.69,17.3,19393.0
2026-05-03,12,17146.0,4.88,6.46,5500.0,5419.0,6934.0,15.07,14.3,14.87,17853.0
2026-05-03,13,17495.0,4.87,6.47,5253.0,5227.0,6724.0,14.66,13.93,14.43,17204.0
2026-05-03,14,17702.0,4.9,6.49,5072.0,5095.0,6642.0,14.61,13.92,14.4,16809.0
2026-05-03,15,17468.0,4.94,6.49,5116.0,5158.0,6686.0,14.65,13.95,14.47,16960.0
2026-05-03,16,17184.0,4.91,6.45,5607.0,5688.0,7369.0,17.04,16.2,16.68,18664.0
2026-05-03,17,17257.0,4.75,6.44,6043.0,6142.0,7995.0,19.6,18.62,19.12,20180.0
2026-05-03,18,17136.0,4.56,6.46,6120.0,6141.0,8004.0,19.76,18.79,19.26,20265.0
2026-05-03,19,17264.0,4.38,6.47,6001.0,5963.0,7693.0,19.44,18.54,19.06,19657.0
2026-05-03,20,16508.0,4.25,6.45,5701.0,5673.0,7316.0,17.66,16.85,17.4,18689.0
2026-05-03,21,12514.0,3.97,6.32,5323.0,5708.0,7072.0,14.98,14.12,14.77,18104.0
2026-05-03,22,16628.0,3.84,6.43,4526.0,4999.0,6168.0,11.83,11.15,11.8,15693.0
2026-05-03,23,16685.0,3.97,6.43,3659.0,4173.0,5214.0,9.17,8.73,9.32,13046.0
2026-05-04,0,17522.0,4.24,6.45,3210.0,3730.0,4536.0,7.53,7.2,7.74,11475.0
2026-05-04,1,18352.0,4.62,6.48,2947.0,3496.0,4286.0,7.46,7.18,7.7,10729.0
2026-05-04,2,17639.0,5.08,6.46,2771.0,3306.0,4126.0,7.42,7.17,7.67,10203.0
2026-05-04,3,11945.0,5.29,6.28,2720.0,3194.0,3996.0,7.39,7.16,7.65,9911.0
2026-05-04,4,16844.0,5.58,6.41,2766.0,3161.0,4019.0,7.34,7.13,7.61,9946.0
2026-05-04,5,16074.0,5.87,6.39,3849.0,4255.0,5475.0,11.21,10.77,11.1,13579.0
2026-05-04,6,17264.0,5.82,6.44,5810.0,6188.0,7850.0,18.44,17.43,17.94,19849.0
2026-05-04,7,17028.0,5.56,6.43,6526.0,6837.0,8630.0,21.06,19.82,20.44,21994.0
2026-05-04,8,16690.0,5.22,6.43,6653.0,6834.0,8631.0,20.94,19.72,20.32,22118.0
2026-05-04,9,16587.0,4.85,6.42,6646.0,6739.0,8502.0,20.62,19.43,20.05,21887.0
2026-05-04,10,17017.0,4.54,6.43,6567.0,6646.0,8322.0,20.31,19.15,19.8,21535.0
2026-05-04,11,16994.0,4.31,6.43,5997.0,6060.0,7622.0,17.62,16.66,17.33,19679.0
2026-05-04,12,17240.0,4.21,6.47,5547.0,5608.0,7018.0,15.17,14.36,14.99,18173.0
2026-05-04,13,17325.0,4.16,6.44,5461.0,5586.0,6942.0,15.01,14.2,14.84,17990.0
2026-05-04,14,17396.0,4.11,6.44,5384.0,5620.0,6945.0,15.04,14.2,14.85,17948.0
2026-05-04,15,17522.0,4.08,6.44,5287.0,5583.0,6925.0,15.08,14.26,14.8,17794.0
2026-05-04,16,17766.0,4.06,6.46,5680.0,6252.0,7518.0,17.7,16.64,17.24,19450.0
2026-05-04,17,17597.0,3.92,6.46,6016.0,6808.0,8215.0,19.91,18.63,19.36,21039.0
2026-05-04,18,17552.0,3.7,6.44,5976.0,6734.0,8205.0,20.01,18.77,19.46,20914.0
2026-05-04,19,17236.0,3.51,6.42,5862.0,6243.0,7869.0,19.57,18.54,19.15,19974.0
2026-05-04,20,16886.0,3.37,6.4,5497.0,5709.0,7356.0,17.78,16.93,17.5,18562.0
2026-05-04,21,16756.0,3.34,6.39,4795.0,4849.0,6199.0,14.33,13.72,14.3,15842.0
2026-05-04,22,17306.0,3.46,6.4,4160.0,4101.0,5095.0,11.08,10.66,11.28,13356.0
2026-05-04,23,17485.0,3.74,6.39,3397.0,3397.0,4208.0,8.58,8.32,8.94,11002.0
2026-05-05,0,19057.0,4.19,6.45,3140.0,3335.0,4204.0,7.4,7.16,7.67,10679.0
2026-05-05,1,18033.0,4.64,6.42,2822.0,3137.0,4012.0,7.21,7.01,7.49,9972.0
2026-05-05,2,18032.0,5.09,6.41,2634.0,3001.0,3922.0,7.13,6.94,7.43,9557.0
2026-05-05,3,17700.0,5.55,6.4,2625.0,3004.0,3908.0,7.22,7.03,7.49,9536.0
2026-05-05,4,18108.0,5.97,6.42,3172.0,3600.0,4646.0,9.14,8.83,9.24,11418.0
2026-05-05,5,16566.0,6.17,6.37,4611.0,5080.0,6568.0,15.21,14.53,14.88,16259.0
2026-05-05,6,17246.0,6.01,6.39,6113.0,6493.0,8290.0,20.61,19.46,20.04,20896.0
2026-05-05,7,17027.0,5.76,6.38,6287.0,6558.0,8393.0,20.67,19.52,20.16,21238.0
2026-05-05,8,16871.0,5.49,6.42,6197.0,6378.0,8179.0,20.55,19.47,20.06,20754.0
2026-05-05,9,16883.0,5.23,6.43,6177.0,6291.0,8000.0,20.4,19.37,19.97,20467.0
2026-05-05,10,17367.0,5.02,6.43,5869.0,5836.0,7370.0,17.78,16.91,17.56,19076.0
2026-05-05,11,17434.0,4.99,6.43,5322.0,5229.0,6550.0,14.45,13.76,14.37,17101.0
2026-05-05,12,17825.0,5.03,6.48,5172.0,5245.0,6539.0,14.0,13.29,13.91,16957.0
2026-05-05,13,17978.0,5.08,6.49,5098.0,5306.0,6595.0,14.01,13.29,13.9,17000.0
2026-05-05,14,18005.0,5.13,6.47,4987.0,5233.0,6595.0,14.04,13.32,13.95,16815.0
2026-05-05,15,18521.0,5.2,6.47,4976.0,5238.0,6592.0,14.02,13.3,13.92,16805.0
2026-05-05,16,18219.0,5.26,6.48,5349.0,5596.0,7072.0,15.73,14.89,15.42,18017.0
2026-05-05,17,17770.0,5.17,6.49,5925.0,6193.0,7878.0,18.82,17.8,18.32,19996.0
2026-05-05,18,17687.0,4.99,6.5,6301.0,6452.0,8200.0,20.58,19.48,20.04,20953.0
2026-05-05,19,17605.0,4.78,6.49,6291.0,6379.0,8058.0,20.64,19.57,20.16,20727.0
2026-05-05,20,17393.0,4.59,6.48,6232.0,6354.0,8013.0,20.44,19.38,19.97,20599.0
2026-05-05,21,16906.0,4.41,6.46,5756.0,5835.0,7361.0,18.29,17.41,18.04,18952.0
2026-05-05,22,17713.0,4.38,6.48,4789.0,4791.0,5958.0,13.46,12.88,13.53,15538.0
2026-05-05,23,17819.0,4.63,6.47,3639.0,3513.0,4442.0,9.13,8.81,9.41,11594.0
2026-05-06,0,17054.0,5.01,6.44,3177.0,3306.0,4097.0,7.25,6.96,7.53,10579.0
2026-05-06,1,17271.0,5.38,6.44,3013.0,3207.0,4009.0,7.25,6.98,7.52,10229.0
2026-05-06,2,17204.0,5.79,6.43,2824.0,3023.0,3829.0,7.05,6.81,7.34,9676.0
2026-05-06,3,16824.0,6.21,6.41,2765.0,2992.0,3813.0,7.0,6.78,7.29,9570.0
2026-05-06,4,16962.0,6.59,6.42,3288.0,3573.0,4558.0,8.86,8.5,8.95,11420.0
2026-05-06,5,15973.0,6.75,6.39,4628.0,5035.0,6606.0,15.03,14.34,14.69,16269.0
2026-05-06,6,16578.0,6.53,6.41,6280.0,6634.0,8386.0,20.67,19.5,20.09,21299.0
2026-05-06,7,16617.0,6.23,6.4,6542.0,6715.0,8468.0,20.75,19.57,20.2,21725.0
2026-05-06,8,16521.0,5.91,6.42,6531.0,6572.0,8180.0,20.51,19.39,20.04,21283.0
2026-05-06,9,16619.0,5.61,6.42,6385.0,6467.0,8149.0,20.51,19.41,20.05,21001.0
2026-05-06,10,17172.0,5.39,6.43,5835.0,5878.0,7270.0,17.44,16.55,17.24,18982.0
2026-05-06,11,17263.0,5.34,6.44,5337.0,5363.0,6665.0,15.01,14.23,14.85,17365.0
2026-05-06,12,17487.0,5.34,6.44,5161.0,5285.0,6518.0,14.21,13.46,14.09,16964.0
2026-05-06,13,17926.0,5.37,6.46,5087.0,5301.0,6502.0,14.05,13.28,13.91,16890.0
2026-05-06,14,18245.0,5.44,6.47,4980.0,5205.0,6436.0,14.06,13.33,13.89,16621.0
2026-05-06,15,18404.0,5.54,6.51,4925.0,5155.0,6455.0,14.04,13.31,13.88,16535.0
2026-05-06,16,17952.0,5.6,6.51,5237.0,5467.0,6844.0,15.36,14.6,15.13,17548.0
2026-05-06,17,17381.0,5.53,6.49,5870.0,6107.0,7739.0,18.54,17.57,18.09,19716.0
2026-05-06,18,16448.0,5.3,7.2,6249.0,6465.0,8199.0,20.53,19.42,20.01,20913.0
2026-05-06,19,16498.0,5.05,7.21,6175.0,6317.0,7952.0,20.22,19.16,19.75,20444.0
2026-05-06,20,15777.0,4.8,8.33,6158.0,6293.0,7870.0,20.24,19.19,19.81,20322.0
2026-05-06,21,16313.0,4.58,8.49,5635.0,5707.0,7124.0,17.98,17.14,17.74,18467.0
2026-05-06,22,16997.0,4.55,8.65,4712.0,4711.0,5818.0,13.51,12.96,13.59,15241.0
2026-05-06,23,16999.0,4.77,8.61,3475.0,3322.0,4123.0,8.82,8.59,9.19,10919.0
2026-05-07,0,14853.0,5.08,8.05,3176.0,3381.0,4112.0,7.46,7.21,7.74,10669.0
2026-05-07,1,14412.0,5.3,7.9,3010.0,3252.0,3991.0,7.41,7.18,7.7,10253.0
2026-05-07,2,13726.0,5.52,8.67,2839.0,3112.0,3897.0,7.36,7.15,7.65,9849.0
2026-05-07,3,14771.0,5.77,7.85,2821.0,3072.0,3843.0,7.35,7.15,7.65,9736.0
2026-05-07,4,15625.0,6.04,6.95,3224.0,3615.0,4518.0,8.9,8.6,9.02,11357.0
2026-05-07,5,15442.0,6.14,6.49,4637.0,5097.0,6543.0,15.06,14.36,14.74,16276.0
2026-05-07,6,16626.0,5.94,6.41,6223.0,6609.0,8296.0,20.4,19.22,19.82,21128.0
2026-05-07,7,16592.0,5.63,6.4,6573.0,6737.0,8428.0,20.58,19.38,20.02,21738.0
2026-05-07,8,16555.0,5.3,6.42,6518.0,6556.0,8256.0,20.47,19.35,19.97,21330.0
2026-05-07,9,16505.0,4.98,6.42,6325.0,6388.0,8087.0,20.31,19.24,19.85,20800.0
2026-05-07,10,17234.0,4.77,6.44,5762.0,5728.0,7182.0,17.4,16.56,17.2,18673.0
2026-05-07,11,17412.0,4.77,6.47,5119.0,5151.0,6456.0,14.43,13.75,14.32,16726.0
2026-05-07,12,18221.0,4.84,6.52,5032.0,5160.0,6428.0,13.88,13.2,13.79,16620.0
2026-05-07,13,18095.0,4.92,6.5,5045.0,5239.0,6509.0,14.01,13.31,13.91,16793.0
2026-05-07,14,17764.0,4.97,6.48,4996.0,5201.0,6508.0,14.01,13.32,13.94,16706.0
2026-05-07,15,17928.0,5.01,6.44,5064.0,5309.0,6582.0,14.04,13.31,13.87,16955.0
2026-05-07,16,17595.0,5.04,6.45,5433.0,5635.0,7113.0,15.95,15.13,15.6,18181.0
2026-05-07,17,17225.0,4.95,6.46,5818.0,6099.0,7670.0,18.6,17.63,18.17,19586.0
2026-05-07,18,17241.0,4.78,6.44,5931.0,6339.0,7989.0,20.24,19.15,19.76,20259.0
2026-05-07,19,17212.0,4.6,6.45,5913.0,6252.0,7785.0,20.16,19.11,19.72,19950.0
2026-05-07,20,15938.0,4.39,8.27,5904.0,6223.0,7905.0,20.16,19.12,19.7,20033.0
2026-05-07,21,15683.0,4.17,8.3,5543.0,5664.0,7329.0,18.06,17.23,17.8,18535.0
2026-05-07,22,16190.0,4.08,8.4,4611.0,4625.0,5949.0,13.23,12.67,13.31,15186.0
2026-05-07,23,16769.0,4.25,7.75,3530.0,3476.0,4522.0,9.02,8.69,9.28,11529.0
2026-05-08,0,16902.0,4.6,7.05,3147.0,3357.0,4151.0,7.39,7.09,7.65,10656.0
2026-05-08,1,16803.0,4.95,6.43,2862.0,3206.0,3971.0,7.36,7.09,7.63,10039.0
2026-05-08,2,16891.0,5.34,6.4,2698.0,3090.0,3953.0,7.33,7.08,7.6,9742.0
2026-05-08,3,17342.0,5.76,6.41,2676.0,3073.0,4009.0,7.33,7.08,7.58,9759.0
2026-05-08,4,17467.0,6.15,6.42,3196.0,3637.0,4697.0,9.12,8.75,9.18,11530.0
2026-05-08,5,15742.0,6.31,6.36,4597.0,5069.0,6521.0,15.08,14.37,14.75,16186.0
2026-05-08,6,17124.0,6.12,6.41,6284.0,6588.0,8249.0,20.43,19.28,19.88,21120.0
2026-05-08,7,16845.0,5.85,6.39,6441.0,6571.0,8266.0,20.52,19.37,19.99,21277.0
2026-05-08,8,16600.0,5.58,6.41,6340.0,6404.0,7967.0,20.19,19.12,19.77,20711.0
2026-05-08,9,16685.0,5.31,6.42,6231.0,6290.0,7883.0,20.05,19.03,19.65,20404.0
2026-05-08,10,17178.0,5.11,6.44,5838.0,5882.0,7318.0,17.58,16.7,17.4,19038.0
2026-05-08,11,17283.0,5.04,6.43,5295.0,5350.0,6722.0,14.61,13.87,14.48,17367.0
2026-05-08,12,17691.0,5.04,6.45,5221.0,5384.0,6699.0,14.17,13.41,14.02,17304.0
2026-05-08,13,17741.0,5.06,6.44,5138.0,5376.0,6648.0,14.18,13.43,14.05,17162.0
2026-05-08,14,17875.0,5.1,6.47,5032.0,5270.0,6534.0,14.14,13.43,14.02,16835.0
2026-05-08,15,17837.0,5.16,6.5,4981.0,5220.0,6462.0,13.99,13.3,13.91,16662.0
2026-05-08,16,17726.0,5.18,6.49,5352.0,5630.0,7020.0,15.87,15.06,15.57,18002.0
2026-05-08,17,17341.0,5.1,6.44,5738.0,6015.0,7706.0,18.64,17.7,18.14,19460.0
2026-05-08,18,17340.0,4.94,6.52,6049.0,6252.0,7995.0,20.12,19.09,19.65,20296.0
2026-05-08,19,17140.0,4.77,6.53,6043.0,6218.0,7744.0,20.01,19.0,19.62,20005.0
2026-05-08,20,17058.0,4.59,6.52,5977.0,6118.0,7629.0,19.87,18.89,19.5,19724.0
2026-05-08,21,16841.0,4.45,6.51,5534.0,5645.0,7088.0,18.03,17.2,17.82,18267.0
2026-05-08,22,17499.0,4.45,6.52,4598.0,4614.0,5693.0,13.21,12.69,13.37,14905.0
2026-05-08,23,17841.0,4.72,6.53,3568.0,3502.0,4304.0,8.96,8.69,9.28,11375.0
2026-05-09,0,17056.0,5.08,6.48,3237.0,3461.0,4222.0,7.42,7.16,7.72,10921.0
2026-05-09,1,17553.0,5.44,6.38,3010.0,3313.0,4076.0,7.42,7.18,7.71,10399.0
2026-05-09,2,17659.0,5.87,6.39,2744.0,3167.0,3971.0,7.4,7.18,7.68,9883.0
2026-05-09,3,17840.0,6.31,6.4,2701.0,3134.0,3997.0,7.38,7.16,7.65,9831.0
2026-05-09,4,17214.0,6.73,6.65,2893.0,3292.0,4125.0,7.49,7.25,7.73,10310.0
2026-05-09,5,15104.0,6.97,6.91,3860.0,4255.0,5541.0,11.32,10.87,11.21,13656.0
2026-05-09,6,16680.0,6.9,6.38,5705.0,6048.0,7614.0,18.15,17.18,17.72,19367.0
2026-05-09,7,17120.0,6.66,6.4,6375.0,6668.0,8382.0,20.72,19.54,20.16,21425.0
2026-05-09,8,16780.0,6.37,6.41,6597.0,6698.0,8429.0,20.74,19.56,20.2,21724.0
2026-05-09,9,16682.0,6.05,6.41,6617.0,6677.0,8321.0,20.63,19.47,20.11,21614.0
2026-05-09,10,17143.0,5.75,6.43,6633.0,6623.0,8141.0,20.33,19.19,19.89,21397.0
2026-05-09,11,17162.0,5.52,6.43,6111.0,6049.0,7463.0,17.66,16.72,17.45,19623.0
2026-05-09,12,17427.0,5.44,6.43,5533.0,5503.0,6809.0,14.93,14.18,14.8,17845.0
2026-05-09,13,17482.0,5.42,6.46,5366.0,5477.0,6811.0,14.68,13.91,14.54,17655.0
2026-05-09,14,17641.0,5.41,6.45,5276.0,5467.0,6796.0,14.67,13.91,14.53,17540.0
2026-05-09,15,17923.0,5.41,6.47,5260.0,5453.0,6795.0,14.67,13.89,14.56,17508.0
2026-05-09,16,17572.0,5.38,6.44,5714.0,5969.0,7496.0,17.33,16.39,16.94,19180.0
2026-05-09,17,17244.0,5.2,6.44,6039.0,6419.0,8154.0,20.08,18.97,19.51,20612.0
2026-05-09,18,17213.0,5.0,6.47,6087.0,6364.0,8127.0,20.22,19.12,19.69,20577.0
2026-05-09,19,17084.0,4.79,6.47,6013.0,6271.0,7876.0,19.96,18.92,19.51,20160.0
2026-05-09,20,17044.0,4.63,6.57,5665.0,5863.0,7379.0,18.09,17.18,17.82,18907.0
2026-05-09,21,17159.0,4.59,6.58,4970.0,5018.0,6359.0,14.53,13.9,14.49,16347.0
2026-05-09,22,18449.0,4.71,6.62,4354.0,4287.0,5433.0,11.48,11.02,11.59,14074.0
2026-05-09,23,18980.0,5.06,7.22,3566.0,3477.0,4412.0,8.93,8.65,9.22,11456.0
2026-05-10,0,15559.0,5.44,9.79,3164.0,3340.0,4094.0,7.19,6.94,7.48,10599.0
2026-05-10,1,14620.0,5.68,9.57,2940.0,3229.0,4051.0,7.21,6.98,7.48,10220.0
2026-05-10,2,14148.0,5.92,9.19,2721.0,3100.0,3928.0,7.19,6.98,7.47,9749.0
2026-05-10,3,15871.0,6.21,8.14,2636.0,3066.0,3888.0,7.17,6.97,7.45,9590.0
2026-05-10,4,16762.0,6.6,7.01,2716.0,3102.0,3952.0,7.12,6.91,7.4,9770.0
2026-05-10,5,16786.0,6.89,6.48,3925.0,4360.0,5409.0,11.31,10.84,11.22,13694.0
2026-05-10,6,16913.0,6.89,6.42,5678.0,6023.0,7435.0,17.9,16.96,17.48,19136.0
2026-05-10,7,16506.0,6.64,6.38,6403.0,6666.0,8222.0,20.64,19.46,20.14,21292.0
2026-05-10,8,17401.0,6.36,6.43,6673.0,6803.0,8347.0,20.7,19.47,20.18,21824.0
2026-05-10,9,17367.0,6.05,6.45,6909.0,6943.0,8432.0,20.62,19.37,20.12,22284.0
2026-05-10,10,17293.0,5.74,6.44,6783.0,6799.0,8298.0,20.36,19.16,19.9,21880.0
2026-05-10,11,17338.0,5.49,6.42,6171.0,6227.0,7601.0,17.84,16.84,17.58,20000.0
2026-05-10,12,17572.0,5.4,6.46,5638.0,5703.0,6928.0,15.11,14.27,14.96,18268.0
2026-05-10,13,17566.0,5.36,6.44,5474.0,5562.0,6779.0,14.73,13.93,14.58,17814.0
2026-05-10,14,17589.0,5.35,6.45,5361.0,5534.0,6777.0,14.74,13.94,14.56,17673.0
2026-05-10,15,17675.0,5.36,6.47,5276.0,5456.0,6735.0,14.77,14.0,14.61,17466.0
2026-05-10,16,17526.0,5.34,6.47,5639.0,5843.0,7172.0,16.77,15.9,16.44,18654.0
2026-05-10,17,17229.0,5.19,6.47,6078.0,6273.0,7743.0,19.3,18.26,18.91,20094.0
2026-05-10,18,17163.0,5.01,6.61,6000.0,6204.0,7718.0,19.41,18.39,19.01,19922.0
2026-05-10,19,16997.0,4.84,6.79,5895.0,6100.0,7618.0,19.36,18.36,18.98,19613.0
2026-05-10,20,17051.0,4.7,6.78,5607.0,5799.0,7283.0,17.79,16.91,17.51,18689.0
2026-05-10,21,17066.0,4.66,6.77,4836.0,4923.0,6283.0,14.56,13.94,14.51,16042.0
2026-05-10,22,17738.0,4.81,6.81,4100.0,4108.0,5208.0,11.38,10.96,11.56,13416.0
2026-05-10,23,18590.0,5.16,7.05,3228.0,3199.0,4072.0,8.69,8.48,9.04,10498.0
2026-05-11,0,15855.0,5.57,8.1,2935.0,3194.0,3948.0,7.27,7.05,7.58,10077.0
2026-05-11,1,16117.0,5.91,8.14,2783.0,3110.0,3897.0,7.27,7.07,7.57,9790.0
2026-05-11,2,15375.0,6.26,9.35,2638.0,3018.0,3790.0,7.27,7.08,7.56,9446.0
2026-05-11,3,13310.0,6.53,11.26,2613.0,3022.0,3806.0,7.32,7.13,7.62,9441.0
2026-05-11,4,16086.0,6.78,8.48,3140.0,3559.0,4484.0,8.9,8.62,9.02,11183.0
2026-05-11,5,15202.0,6.88,7.13,4690.0,5104.0,6452.0,14.96,14.29,14.69,16246.0
2026-05-11,6,16409.0,6.68,6.4,6312.0,6566.0,8147.0,20.19,19.06,19.69,21024.0
2026-05-11,7,16731.0,6.38,6.4,6519.0,6617.0,8247.0,20.43,19.28,19.93,21383.0
2026-05-11,8,16707.0,6.1,6.41,6409.0,6408.0,8031.0,20.16,19.09,19.72,20849.0
2026-05-11,9,16689.0,5.83,6.43,6283.0,6315.0,7926.0,20.12,19.08,19.71,20523.0
2026-05-11,10,17266.0,5.63,6.43,5877.0,5879.0,7305.0,17.56,16.68,17.37,19061.0
2026-05-11,11,17290.0,5.58,6.45,5156.0,5373.0,6569.0,14.52,13.77,14.42,17098.0
2026-05-11,12,17518.0,5.59,6.45,5091.0,5371.0,6593.0,14.18,13.43,14.04,17056.0
2026-05-11,13,17818.0,5.62,6.47,5018.0,5378.0,6646.0,14.18,13.42,14.04,17042.0
2026-05-11,14,18346.0,5.68,6.48,4983.0,5353.0,6501.0,14.13,13.38,14.05,16838.0
2026-05-11,15,18384.0,5.75,6.47,4999.0,5337.0,6520.0,14.15,13.4,14.03,16856.0
2026-05-11,16,17822.0,5.8,6.55,5256.0,5659.0,6937.0,15.69,14.84,15.43,17852.0
2026-05-11,17,16992.0,5.69,6.61,5837.0,6252.0,7725.0,18.5,17.45,18.03,19814.0
2026-05-11,18,16448.0,5.46,7.45,6163.0,6526.0,8072.0,20.28,19.14,19.78,20761.0
2026-05-11,19,15683.0,5.16,8.35,6130.0,6443.0,7952.0,20.21,19.1,19.74,20525.0
2026-05-11,20,12828.0,4.79,11.63,6117.0,6428.0,7914.0,20.12,19.03,19.69,20459.0
2026-05-11,21,12885.0,4.38,11.67,5607.0,5851.0,7274.0,18.08,17.18,17.8,18732.0
2026-05-11,22,16642.0,4.24,7.86,3784.0,4969.0,5855.0,10.3,12.6,13.23,14608.0
2026-05-11,23,17605.0,4.53,6.81,2602.0,3762.0,4203.0,6.3,8.61,9.18,10568.0
2026-05-12,0,17505.0,4.94,6.75,2869.0,3570.0,4066.0,6.31,7.18,7.72,10506.0
2026-05-12,1,17129.0,5.33,6.54,2698.0,3395.0,4010.0,6.39,7.17,7.66,10103.0
2026-05-12,2,17592.0,5.75,6.44,2553.0,3293.0,3897.0,6.42,7.12,7.61,9744.0
2026-05-12,3,17719.0,6.2,6.45,2462.0,3225.0,3846.0,6.41,7.07,7.55,9533.0
2026-05-12,4,17274.0,6.63,6.43,2954.0,3801.0,4565.0,7.92,8.74,9.13,11320.0
2026-05-12,5,15748.0,6.77,6.39,4675.0,5309.0,6574.0,14.6,14.5,14.84,16558.0
2026-05-12,6,17180.0,6.57,6.43,6131.0,6780.0,8233.0,19.56,19.35,19.89,21143.0
2026-05-12,7,16724.0,6.31,6.4,6171.0,6716.0,8171.0,19.64,19.43,19.99,21057.0
2026-05-12,8,16611.0,6.06,6.39,5974.0,6430.0,7858.0,19.43,19.25,19.79,20262.0
2026-05-12,9,16864.0,5.87,6.4,5736.0,6176.0,7542.0,19.11,18.95,19.48,19453.0
2026-05-12,10,17885.0,5.77,6.46,5259.0,5612.0,7034.0,16.8,16.66,17.23,17905.0
2026-05-12,11,18479.0,5.83,6.47,4780.0,5085.0,6200.0,13.89,13.8,14.35,16064.0
2026-05-12,12,19247.0,5.96,6.49,4776.0,5239.0,6338.0,13.51,13.4,13.93,16353.0
2026-05-12,13,18617.0,6.08,6.48,4796.0,5371.0,6559.0,13.64,13.52,14.05,16726.0
2026-05-12,14,18330.0,6.18,6.47,4742.0,5320.0,6433.0,13.61,13.49,14.03,16496.0
2026-05-12,15,17550.0,6.25,6.45,4739.0,5293.0,6393.0,13.56,13.45,13.96,16425.0
2026-05-12,16,15282.0,6.2,6.42,5172.0,5761.0,7028.0,15.43,15.29,15.79,17961.0
2026-05-12,17,13615.0,5.93,7.81,5694.0,6333.0,7758.0,18.3,18.12,18.61,19785.0
2026-05-12,18,13523.0,5.53,7.82,5961.0,6547.0,8009.0,19.47,19.27,19.8,20517.0
2026-05-12,19,13407.0,5.11,7.78,5987.0,6498.0,7951.0,19.42,19.23,19.77,20436.0
2026-05-12,20,13237.0,4.7,7.75,5981.0,6496.0,7847.0,19.34,19.15,19.7,20324.0
2026-05-12,21,13211.0,4.33,7.7,5474.0,5874.0,7090.0,17.18,17.04,17.63,18438.0
2026-05-12,22,14999.0,4.16,6.49,4486.0,4752.0,5689.0,12.58,12.5,13.11,14928.0
2026-05-12,23,15227.0,4.27,6.47,3451.0,3552.0,4244.0,8.8,8.78,9.36,11247.0
2026-05-13,0,16478.0,4.55,6.52,2973.0,3506.0,4234.0,7.32,7.3,7.82,10714.0
2026-05-13,1,17140.0,4.9,6.54,2781.0,3372.0,4120.0,7.28,7.26,7.75,10272.0
2026-05-13,2,17290.0,5.31,6.54,2659.0,3257.0,4003.0,7.27,7.26,7.74,9919.0
2026-05-13,3,17350.0,5.72,6.42,2684.0,3230.0,4010.0,7.24,7.23,7.71,9924.0
2026-05-13,4,16959.0,6.13,6.41,2826.0,3373.0,4170.0,7.3,7.28,7.74,10370.0
2026-05-13,5,15670.0,6.37,6.37,3867.0,4500.0,5695.0,11.21,11.15,11.48,14062.0
2026-05-13,6,16806.0,6.28,6.41,5637.0,6310.0,7740.0,17.34,17.15,17.64,19687.0
2026-05-13,7,17029.0,6.05,6.41,6200.0,6891.0,8431.0,19.71,19.48,20.03,21523.0
2026-05-13,8,16687.0,5.76,6.4,6150.0,6698.0,8166.0,19.7,19.49,20.04,21014.0
2026-05-13,9,16788.0,5.52,6.42,5894.0,6438.0,7880.0,19.44,19.24,19.79,20212.0
2026-05-13,10,17357.0,5.31,6.45,5938.0,6468.0,7745.0,19.16,18.96,19.55,20151.0
2026-05-13,11,17314.0,5.16,6.43,5472.0,5948.0,7173.0,16.91,16.75,17.36,18593.0
2026-05-13,12,17567.0,5.14,6.44,5050.0,5478.0,6609.0,14.31,14.19,14.76,17137.0
2026-05-13,13,17636.0,5.16,6.46,4989.0,5454.0,6614.0,14.02,13.9,14.45,17057.0
2026-05-13,14,17661.0,5.19,6.46,4939.0,5459.0,6574.0,14.04,13.91,14.49,16972.0
2026-05-13,15,17938.0,5.23,6.46,4883.0,5411.0,6563.0,14.02,13.9,14.46,16858.0
2026-05-13,16,17946.0,5.26,6.46,5274.0,5902.0,7245.0,16.3,16.13,16.6,18421.0
2026-05-13,17,17732.0,5.14,6.47,5791.0,6508.0,8030.0,19.08,18.86,19.37,20329.0
2026-05-13,18,17483.0,4.96,6.48,5914.0,6535.0,8042.0,19.29,19.08,19.61,20491.0
2026-05-13,19,17287.0,4.76,6.47,5919.0,6503.0,7952.0,19.23,19.02,19.57,20374.0
2026-05-13,20,17209.0,4.59,6.46,5692.0,6187.0,7589.0,17.64,17.46,18.03,19468.0
2026-05-13,21,16945.0,4.51,6.45,4922.0,5289.0,6560.0,14.22,14.11,14.69,16771.0
2026-05-13,22,17323.0,4.6,6.46,4239.0,4458.0,5310.0,11.03,10.95,11.52,14007.0
2026-05-13,23,17658.0,4.88,6.46,3448.0,3548.0,4235.0,8.65,8.59,9.18,11231.0
2026-05-14,0,17470.0,5.29,6.46,3021.0,3343.0,3910.0,7.01,6.96,7.49,10274.0
2026-05-14,1,17065.0,5.68,6.75,2852.0,3190.0,3774.0,7.01,6.98,7.49,9816.0
2026-05-14,2,17245.0,6.11,6.55,2722.0,3099.0,3826.0,7.0,6.97,7.47,9646.0
2026-05-14,3,17494.0,6.54,6.42,2705.0,3094.0,3862.0,7.02,6.98,7.48,9662.0
2026-05-14,4,16663.0,6.92,6.9,3307.0,3790.0,4687.0,9.04,8.95,9.4,11785.0
2026-05-14,5,15384.0,7.03,6.69,4552.0,5312.0,6637.0,14.54,14.4,14.77,16500.0
2026-05-14,6,16793.0,6.82,6.41,5986.0,6809.0,8276.0,19.58,19.34,19.89,21071.0
2026-05-14,7,16751.0,6.56,6.39,6156.0,6779.0,8208.0,19.7,19.48,20.05,21143.0
2026-05-14,8,16585.0,6.29,6.4,6092.0,6587.0,7998.0,19.56,19.36,19.93,20677.0
2026-05-14,9,16589.0,6.02,6.42,6038.0,6516.0,8222.0,19.54,19.35,19.9,20776.0
2026-05-14,10,17164.0,5.81,6.43,5588.0,5958.0,7397.0,16.97,16.83,17.41,18943.0
2026-05-14,11,17288.0,5.78,6.45,4938.0,5280.0,6394.0,13.97,13.87,14.44,16612.0
2026-05-14,12,17254.0,5.81,7.15,4812.0,5292.0,6357.0,13.31,13.21,13.77,16461.0
2026-05-14,13,17700.0,5.85,7.26,4794.0,5324.0,6441.0,13.42,13.32,13.85,16559.0
2026-05-14,14,17107.0,5.92,8.19,4695.0,5223.0,6366.0,13.45,13.35,13.88,16284.0
2026-05-14,15,16996.0,5.93,8.79,4703.0,5275.0,6595.0,13.56,13.47,13.96,16572.0
2026-05-14,16,17458.0,5.92,7.58,5086.0,5706.0,7186.0,15.17,15.04,15.53,17978.0
2026-05-14,17,16915.0,5.81,7.12,5621.0,6295.0,7828.0,18.03,17.83,18.33,19744.0
2026-05-14,18,16359.0,5.59,7.57,5955.0,6582.0,8113.0,19.51,19.31,19.84,20650.0
2026-05-14,19,15743.0,5.32,8.33,5934.0,6506.0,7965.0,19.48,19.28,19.82,20405.0
2026-05-14,20,14491.0,5.0,10.09,5986.0,6544.0,7962.0,19.56,19.36,19.9,20492.0
2026-05-14,21,16277.0,4.72,8.21,5455.0,6037.0,7212.0,17.41,17.24,17.81,18704.0
2026-05-14,22,17957.0,4.72,7.37,4531.0,4940.0,5841.0,12.93,12.81,13.44,15312.0
2026-05-14,23,18561.0,5.0,7.43,3397.0,3622.0,4317.0,8.67,8.67,9.22,11337.0
2026-05-15,0,15495.0,5.35,8.0,3040.0,3518.0,4122.0,7.14,7.14,7.65,10680.0
2026-05-15,1,13471.0,5.56,10.19,2884.0,3377.0,3979.0,7.06,7.06,7.56,10240.0
2026-05-15,2,15562.0,5.82,8.16,2760.0,3215.0,3900.0,7.06,7.07,7.54,9875.0
2026-05-15,3,15579.0,6.15,8.17,2685.0,3107.0,3817.0,7.04,7.06,7.52,9609.0
2026-05-15,4,16121.0,6.47,7.2,3201.0,3695.0,4514.0,8.59,8.58,8.98,11410.0
2026-05-15,5,15789.0,6.57,6.59,4718.0,5379.0,6633.0,14.72,14.6,14.96,16730.0
2026-05-15,6,15691.0,6.32,6.37,6122.0,6903.0,8354.0,19.75,19.51,20.06,21379.0
2026-05-15,7,16160.0,5.98,6.37,6136.0,6816.0,8356.0,19.79,19.56,20.13,21308.0
2026-05-15,8,16568.0,5.69,6.43,6042.0,6592.0,8157.0,19.58,19.37,19.94,20790.0
2026-05-15,9,16598.0,5.4,6.41,5945.0,6477.0,7997.0,19.53,19.33,19.91,20418.0
2026-05-15,10,17179.0,5.23,6.43,5460.0,5871.0,7128.0,16.77,16.61,17.23,18458.0
2026-05-15,11,17251.0,5.22,6.45,4926.0,5302.0,6468.0,13.9,13.79,14.34,16696.0
2026-05-15,12,17855.0,5.27,6.46,4836.0,5307.0,6468.0,13.35,13.23,13.78,16610.0
2026-05-15,13,18334.0,5.35,6.48,4772.0,5304.0,6484.0,13.45,13.32,13.9,16559.0
2026-05-15,14,18593.0,5.45,6.49,4724.0,5290.0,6471.0,13.45,13.32,13.92,16485.0
2026-05-15,15,19068.0,5.58,6.5,4718.0,5304.0,6467.0,13.45,13.31,13.86,16489.0
2026-05-15,16,18805.0,5.69,6.51,5035.0,5680.0,7013.0,15.07,14.91,15.37,17728.0
2026-05-15,17,17327.0,5.64,7.16,5599.0,6293.0,7802.0,17.87,17.68,18.15,19693.0
2026-05-15,18,15681.0,5.4,8.21,5889.0,6542.0,8118.0,19.44,19.23,19.75,20549.0
2026-05-15,19,15537.0,5.12,8.31,5853.0,6416.0,7908.0,19.47,19.28,19.81,20177.0
2026-05-15,20,14563.0,4.82,9.45,5826.0,6311.0,7866.0,19.4,19.23,19.74,20002.0
2026-05-15,21,15419.0,4.53,8.74,5375.0,5791.0,7180.0,17.32,17.18,17.75,18347.0
2026-05-15,22,17556.0,4.5,7.26,4512.0,4808.0,5787.0,12.84,12.72,13.35,15106.0
2026-05-15,23,17269.0,4.77,7.9,3352.0,3490.0,4322.0,8.62,8.57,9.14,11164.0
2026-05-16,0,14974.0,5.08,9.97,2925.0,3415.0,4213.0,7.12,7.06,7.61,10553.0
2026-05-16,1,13642.0,5.3,10.59,2722.0,3241.0,4040.0,7.03,6.98,7.49,10003.0
2026-05-16,2,13854.0,5.51,10.37,2567.0,3125.0,3982.0,7.01,6.97,7.47,9674.0
2026-05-16,3,15499.0,5.8,8.81,2515.0,3073.0,3934.0,6.99,6.95,7.45,9522.0
2026-05-16,4,17018.0,6.17,6.7,2666.0,3202.0,4103.0,7.05,7.01,7.51,9971.0
2026-05-16,5,15155.0,6.44,6.37,3660.0,4280.0,5486.0,10.76,10.65,11.02,13426.0
2026-05-16,6,17218.0,6.38,6.44,5655.0,6314.0,7779.0,17.28,17.11,17.54,19748.0
2026-05-16,7,16938.0,6.13,6.41,6347.0,6981.0,8566.0,19.78,19.55,20.12,21895.0
2026-05-16,8,16739.0,5.8,6.42,6463.0,7061.0,8604.0,19.82,19.58,20.16,22128.0
2026-05-16,9,16704.0,5.46,6.42,6386.0,6968.0,8536.0,19.71,19.47,20.06,21890.0
2026-05-16,10,17206.0,5.17,6.44,6291.0,6816.0,8288.0,19.34,19.12,19.7,21395.0
2026-05-16,11,17269.0,4.95,6.44,5782.0,6278.0,7635.0,17.33,17.16,17.76,19695.0
2026-05-16,12,17533.0,4.86,6.45,5286.0,5727.0,6942.0,14.63,14.49,15.07,17955.0
2026-05-16,13,17574.0,4.84,6.45,5137.0,5643.0,6864.0,14.23,14.08,14.66,17644.0
2026-05-16,14,17650.0,4.83,6.45,5080.0,5621.0,6884.0,14.23,14.08,14.66,17585.0
2026-05-16,15,17820.0,4.83,6.46,5051.0,5605.0,6867.0,14.24,14.1,14.63,17523.0
2026-05-16,16,17625.0,4.8,6.48,5536.0,6196.0,7503.0,16.71,16.53,17.03,19236.0
2026-05-16,17,17234.0,4.62,6.47,5941.0,6605.0,8098.0,18.71,18.5,19.05,20643.0
2026-05-16,18,17277.0,4.41,6.47,5907.0,6547.0,8041.0,18.79,18.59,19.12,20495.0
2026-05-16,19,17300.0,4.23,6.47,5664.0,6331.0,7799.0,18.74,18.54,19.08,19794.0
2026-05-16,20,17318.0,4.11,6.47,5295.0,5885.0,7267.0,16.94,16.78,17.35,18447.0
2026-05-16,21,17143.0,4.09,6.45,4694.0,5128.0,6406.0,14.11,14.01,14.57,16228.0
2026-05-16,22,17570.0,4.23,6.46,4008.0,4284.0,5345.0,10.92,10.87,11.41,13637.0
2026-05-16,23,17739.0,4.52,6.46,3286.0,3468.0,4325.0,8.59,8.57,9.13,11079.0
2026-05-17,0,17764.0,4.94,6.46,2979.0,3465.0,4185.0,7.23,7.21,7.72,10629.0
2026-05-17,1,17623.0,5.34,6.45,2770.0,3289.0,4079.0,7.19,7.18,7.67,10138.0
2026-05-17,2,17691.0,5.77,6.45,2630.0,3198.0,3978.0,7.19,7.17,7.66,9807.0
2026-05-17,3,17847.0,6.22,6.45,2573.0,3169.0,3979.0,7.19,7.18,7.66,9721.0
2026-05-17,4,16546.0,6.64,6.41,2677.0,3256.0,4080.0,7.22,7.21,7.67,10013.0
2026-05-17,5,15749.0,6.91,6.64,3580.0,4242.0,5428.0,11.06,10.99,11.3,13250.0
2026-05-17,6,17242.0,6.9,6.43,5347.0,6096.0,7511.0,17.26,17.08,17.54,18954.0
2026-05-17,7,17318.0,6.7,6.42,6219.0,6873.0,8376.0,19.74,19.51,20.07,21468.0
2026-05-17,8,16988.0,6.41,6.41,6436.0,7040.0,8477.0,20.01,19.77,20.34,21952.0
2026-05-17,9,16894.0,6.09,6.43,6490.0,7069.0,8571.0,19.94,19.7,20.28,22130.0
2026-05-17,10,17320.0,5.77,6.45,6496.0,7063.0,8421.0,19.77,19.53,20.13,21980.0
2026-05-17,11,17315.0,5.52,6.43,5944.0,6416.0,7727.0,17.18,17.0,17.65,20086.0
2026-05-17,12,17570.0,5.43,6.46,5383.0,5804.0,6941.0,14.44,14.3,14.87,18127.0
2026-05-17,13,17579.0,5.4,6.48,5209.0,5658.0,6790.0,14.04,13.91,14.46,17657.0
2026-05-17,14,17567.0,5.4,6.49,5127.0,5590.0,6707.0,14.06,13.93,14.49,17425.0
2026-05-17,15,17630.0,5.4,6.47,5090.0,5583.0,6651.0,14.07,13.95,14.48,17324.0
2026-05-17,16,17362.0,5.36,6.47,5583.0,6172.0,7387.0,16.65,16.49,16.98,19142.0
2026-05-17,17,17025.0,5.16,6.46,6039.0,6674.0,8116.0,19.17,18.94,19.49,20830.0
2026-05-17,18,17016.0,4.93,6.46,5920.0,6590.0,8051.0,19.23,19.01,19.55,20560.0
2026-05-17,19,16987.0,4.73,6.46,5818.0,6467.0,7836.0,19.14,18.94,19.49,20122.0
2026-05-17,20,17207.0,4.56,6.47,5522.0,6089.0,7468.0,17.53,17.36,17.94,19079.0
2026-05-17,21,17310.0,4.54,6.58,4690.0,5109.0,6308.0,14.01,13.91,14.47,16108.0
2026-05-17,22,18063.0,4.69,6.61,4071.0,4228.0,5112.0,10.86,10.8,11.37,13412.0
2026-05-17,23,19059.0,5.06,6.65,3279.0,3362.0,4034.0,8.46,8.47,9.03,10675.0
2026-05-18,0,17315.0,5.53,7.24,2924.0,3287.0,3909.0,7.03,7.04,7.54,10120.0
2026-05-18,1,15981.0,5.89,8.14,2721.0,3166.0,3789.0,6.97,6.98,7.46,9676.0
2026-05-18,2,15283.0,6.25,9.1,2471.0,3008.0,3689.0,6.96,6.98,7.46,9168.0
2026-05-18,3,14184.0,6.56,10.31,2437.0,2985.0,3746.0,6.92,6.93,7.41,9168.0
2026-05-18,4,14772.0,6.8,8.87,3136.0,3749.0,4614.0,8.92,8.91,9.31,11499.0
2026-05-18,5,15301.0,6.85,6.69,4751.0,5513.0,6749.0,14.79,14.66,15.04,17012.0
2026-05-18,6,16515.0,6.59,6.41,6182.0,7018.0,8512.0,19.73,19.48,20.04,21712.0
2026-05-18,7,16749.0,6.28,6.42,6128.0,6847.0,8449.0,19.71,19.48,20.04,21424.0
2026-05-18,8,16549.0,5.99,6.4,6028.0,6659.0,8161.0,19.67,19.45,20.01,20849.0
2026-05-18,9,16581.0,5.73,6.41,5973.0,6506.0,7935.0,19.5,19.31,19.87,20414.0
2026-05-18,10,17175.0,5.56,6.44,5514.0,5915.0,7185.0,17.19,17.04,17.63,18615.0
2026-05-18,11,17189.0,5.54,6.46,4930.0,5278.0,6389.0,13.98,13.85,14.44,16598.0
2026-05-18,12,17584.0,5.57,6.45,4859.0,5329.0,6456.0,13.39,13.25,13.82,16643.0
2026-05-18,13,17813.0,5.61,6.45,4822.0,5401.0,6472.0,13.45,13.31,13.88,16695.0
2026-05-18,14,17831.0,5.67,6.44,4779.0,5335.0,6437.0,13.45,13.31,13.88,16551.0
2026-05-18,15,18218.0,5.75,6.48,4750.0,5328.0,6457.0,13.44,13.3,13.87,16536.0
2026-05-18,16,18023.0,5.8,6.46,5159.0,5805.0,7078.0,15.04,14.88,15.35,18042.0
2026-05-18,17,17452.0,5.68,6.48,5877.0,6621.0,8174.0,18.83,18.62,19.13,20673.0
2026-05-18,18,17285.0,5.44,6.53,6201.0,6905.0,8477.0,20.41,20.17,20.72,21584.0
2026-05-18,19,16633.0,5.18,7.21,6129.0,6696.0,8187.0,20.35,20.14,20.67,21011.0
2026-05-18,20,16775.0,4.92,7.23,6069.0,6638.0,8045.0,20.24,20.04,20.59,20752.0
2026-05-18,21,16804.0,4.73,7.22,5488.0,5960.0,7326.0,17.87,17.71,18.32,18774.0
2026-05-18,22,17991.0,4.73,7.35,4576.0,4914.0,6033.0,13.42,13.33,13.93,15522.0
2026-05-18,23,18086.0,4.99,7.4,3439.0,3608.0,4497.0,9.28,9.25,9.83,11544.0
2026-05-19,0,14976.0,5.34,8.94,2934.0,3337.0,4101.0,6.97,6.95,7.48,10373.0
2026-05-19,1,13644.0,5.54,10.03,2794.0,3196.0,3977.0,6.97,6.96,7.45,9967.0
2026-05-19,2,16029.0,5.82,7.62,2673.0,3092.0,3877.0,6.96,6.95,7.44,9642.0
2026-05-19,3,16219.0,6.19,7.54,2671.0,3062.0,3832.0,6.96,6.96,7.43,9565.0
2026-05-19,4,17004.0,6.53,6.78,3457.0,3999.0,4874.0,9.57,9.53,9.9,12330.0
2026-05-19,5,15998.0,6.61,6.51,4981.0,5774.0,7051.0,15.93,15.78,16.19,17805.0
2026-05-19,6,16375.0,6.33,6.4,6300.0,7154.0,8732.0,20.59,20.32,20.89,22186.0
2026-05-19,7,16708.0,5.99,6.4,6271.0,7044.0,8682.0,20.63,20.37,20.95,21998.0
2026-05-19,8,16702.0,5.67,6.41,6154.0,6847.0,8561.0,20.61,20.37,20.93,21562.0
2026-05-19,9,16685.0,5.36,6.42,6090.0,6695.0,8363.0,20.54,20.32,20.89,21147.0
2026-05-19,10,17282.0,5.11,6.43,6015.0,6538.0,8031.0,20.11,19.91,20.48,20584.0
2026-05-19,11,17399.0,4.95,6.46,5453.0,5957.0,7352.0,17.37,17.21,17.82,18762.0
2026-05-19,12,17563.0,4.94,6.46,4900.0,5426.0,6688.0,14.15,14.02,14.57,17014.0
2026-05-19,13,17729.0,4.96,6.46,4889.0,5468.0,6707.0,14.15,14.01,14.56,17065.0
2026-05-19,14,18161.0,5.01,6.47,4817.0,5428.0,6691.0,14.14,14.01,14.57,16936.0
2026-05-19,15,18217.0,5.07,6.47,4835.0,5476.0,6705.0,14.14,14.02,14.52,17016.0
2026-05-19,16,18014.0,5.09,6.49,5329.0,6026.0,7428.0,16.29,16.12,16.58,18783.0
2026-05-19,17,17538.0,4.95,6.48,5759.0,6536.0,8174.0,18.98,18.76,19.27,20469.0
2026-05-19,18,17316.0,4.73,6.47,6057.0,6776.0,8502.0,20.4,20.16,20.69,21335.0
2026-05-19,19,17139.0,4.48,6.45,6069.0,6728.0,8379.0,20.37,20.15,20.67,21177.0
2026-05-19,20,17033.0,4.24,6.43,6095.0,6701.0,8233.0,20.29,20.07,20.61,21029.0
2026-05-19,21,17143.0,4.06,6.43,5459.0,5923.0,7280.0,17.77,17.6,18.2,18662.0
2026-05-19,22,17790.0,4.08,6.44,4516.0,4818.0,5830.0,13.18,13.08,13.68,15165.0
2026-05-19,23,17950.0,4.34,6.44,3471.0,3585.0,4409.0,8.97,8.96,9.57,11465.0
2026-05-20,0,17426.0,4.75,6.41,3114.0,3400.0,4069.0,7.04,7.04,7.55,10583.0
2026-05-20,1,16340.0,5.11,7.41,2966.0,3268.0,3971.0,6.96,6.97,7.46,10205.0
2026-05-20,2,15676.0,5.43,8.45,2732.0,3165.0,3937.0,6.94,6.95,7.44,9834.0
2026-05-20,3,17235.0,5.81,6.72,2686.0,3123.0,3870.0,6.96,6.97,7.44,9679.0
2026-05-20,4,16892.0,6.17,6.45,3313.0,3945.0,4851.0,9.5,9.48,9.82,12109.0
2026-05-20,5,15457.0,6.24,6.35,5000.0,5766.0,7104.0,16.04,15.9,16.28,17870.0
2026-05-20,6,16825.0,5.96,6.39,6255.0,7041.0,8585.0,20.57,20.32,20.87,21881.0
2026-05-20,7,16788.0,5.66,6.39,6382.0,6958.0,8411.0,20.55,20.32,20.89,21751.0
2026-05-20,8,16771.0,5.38,6.39,6200.0,6659.0,8063.0,20.3,20.1,20.65,20921.0
2026-05-20,9,16822.0,5.14,6.4,5972.0,6412.0,7903.0,20.15,19.97,20.49,20287.0
2026-05-20,10,17545.0,4.97,6.44,5839.0,6264.0,7683.0,19.97,19.8,20.32,19786.0
2026-05-20,11,17707.0,4.86,6.45,5366.0,5766.0,7038.0,17.02,16.87,17.51,18169.0
2026-05-20,12,18090.0,4.87,6.46,4959.0,5400.0,6506.0,14.03,13.91,14.49,16865.0
2026-05-20,13,18041.0,4.92,6.46,4951.0,5496.0,6675.0,14.13,14.0,14.56,17123.0
2026-05-20,14,18015.0,4.96,6.46,4891.0,5418.0,6613.0,14.09,13.97,14.51,16922.0
2026-05-20,15,18054.0,5.0,6.46,4914.0,5482.0,6757.0,14.25,14.11,14.67,17152.0
2026-05-20,16,17845.0,5.0,6.46,5387.0,6012.0,7383.0,16.33,16.15,16.62,18782.0
2026-05-20,17,17372.0,4.85,6.47,5999.0,6629.0,8163.0,19.11,18.9,19.43,20790.0
2026-05-20,18,17379.0,4.61,6.47,6218.0,6847.0,8409.0,20.4,20.18,20.71,21474.0
2026-05-20,19,17259.0,4.36,6.46,6256.0,6827.0,8349.0,20.35,20.13,20.72,21431.0
2026-05-20,20,17103.0,4.1,6.42,6256.0,6781.0,8257.0,20.39,20.17,20.69,21294.0
2026-05-20,21,16900.0,3.9,6.41,5665.0,6087.0,7511.0,17.95,17.78,18.4,19263.0
2026-05-20,22,17618.0,3.89,6.42,4749.0,5011.0,6119.0,13.43,13.32,13.95,15878.0
2026-05-20,23,17656.0,4.08,6.41,3728.0,3846.0,4863.0,9.74,9.7,10.32,12437.0
2026-05-21,0,16096.0,4.39,6.36,3143.0,3461.0,4301.0,7.2,7.18,7.71,10906.0
2026-05-21,1,16868.0,4.7,6.37,2980.0,3330.0,4127.0,7.18,7.18,7.67,10438.0
2026-05-21,2,17554.0,5.11,6.4,2818.0,3169.0,3970.0,7.0,7.0,7.5,9957.0
2026-05-21,3,17493.0,5.53,6.39,2814.0,3190.0,3983.0,7.01,7.0,7.49,9988.0
2026-05-21,4,17577.0,5.9,6.41,3472.0,4064.0,5062.0,9.94,9.88,10.29,12598.0
2026-05-21,5,16277.0,5.97,6.36,5077.0,5840.0,7206.0,16.31,16.13,16.53,18122.0
2026-05-21,6,17511.0,5.74,6.41,6306.0,7108.0,8694.0,20.57,20.31,20.88,22108.0
2026-05-21,7,16826.0,5.43,6.39,6396.0,6991.0,8554.0,20.61,20.38,20.95,21941.0
2026-05-21,8,16739.0,5.12,6.41,6294.0,6776.0,8350.0,20.51,20.28,20.86,21420.0
2026-05-21,9,16800.0,4.82,6.42,6210.0,6659.0,8197.0,20.48,20.28,20.86,21066.0
2026-05-21,10,17429.0,4.57,6.44,6093.0,6607.0,8035.0,20.35,20.15,20.74,20734.0
2026-05-21,11,17448.0,4.4,6.44,5510.0,5951.0,7297.0,17.23,17.08,17.72,18758.0
2026-05-21,12,17765.0,4.4,6.45,4930.0,5465.0,6632.0,14.04,13.91,14.47,17027.0
2026-05-21,13,18042.0,4.44,6.46,4876.0,5518.0,6726.0,14.06,13.91,14.47,17119.0
2026-05-21,14,18143.0,4.5,6.46,4817.0,5462.0,6649.0,14.05,13.92,14.48,16927.0
2026-05-21,15,18190.0,4.56,6.49,4813.0,5458.0,6693.0,14.05,13.91,14.46,16964.0
2026-05-21,16,17888.0,4.59,6.48,5197.0,5857.0,7083.0,15.72,15.56,16.0,18137.0
2026-05-21,17,17427.0,4.5,6.47,5734.0,6438.0,7796.0,18.53,18.32,18.85,19969.0
2026-05-21,18,17454.0,4.3,6.47,6090.0,6804.0,8116.0,20.12,19.89,20.44,21011.0
2026-05-21,19,17247.0,4.06,6.46,6173.0,6830.0,8412.0,20.39,20.15,20.7,21415.0
2026-05-21,20,17070.0,3.8,6.45,6177.0,6806.0,8229.0,20.38,20.14,20.7,21212.0
2026-05-21,21,16931.0,3.59,6.44,5637.0,6167.0,7484.0,18.04,17.86,18.46,19288.0
2026-05-21,22,17566.0,3.57,6.46,4680.0,5012.0,6020.0,13.53,13.44,14.04,15712.0
2026-05-21,23,18479.0,3.81,6.48,3505.0,3670.0,4530.0,9.25,9.22,9.82,11705.0
2026-05-22,0,17208.0,4.23,6.43,2956.0,3339.0,4001.0,6.96,6.96,7.48,10297.0
2026-05-22,1,17115.0,4.62,6.42,2820.0,3242.0,3912.0,6.92,6.93,7.43,9974.0
2026-05-22,2,17019.0,5.03,6.42,2713.0,3145.0,3831.0,6.87,6.88,7.36,9690.0
2026-05-22,3,17270.0,5.46,6.42,2578.0,3096.0,3827.0,6.87,6.88,7.36,9501.0
2026-05-22,4,16650.0,5.84,6.41,3274.0,3926.0,4847.0,9.45,9.43,9.8,12047.0
2026-05-22,5,16114.0,5.89,6.39,4997.0,5864.0,7211.0,16.24,16.09,16.48,18072.0
2026-05-22,6,17179.0,5.65,6.43,6320.0,7166.0,8735.0,20.53,20.27,20.82,22221.0
2026-05-22,7,16564.0,5.33,6.4,6357.0,6980.0,8478.0,20.53,20.3,20.86,21815.0
2026-05-22,8,16528.0,5.02,6.38,6186.0,6676.0,8200.0,20.44,20.23,20.77,21062.0
2026-05-22,9,16823.0,4.74,6.4,6124.0,7023.0,8071.0,20.4,20.13,20.75,21218.0
2026-05-22,10,17580.0,4.52,6.44,5955.0,6910.0,7837.0,20.17,19.91,20.52,20702.0
2026-05-22,11,17754.0,4.38,6.46,5385.0,6325.0,7244.0,17.39,17.18,17.85,18954.0
2026-05-22,12,18026.0,4.36,6.47,4905.0,5825.0,6654.0,14.08,13.91,14.52,17384.0
2026-05-22,13,18290.0,4.39,6.45,4840.0,5561.0,6632.0,14.07,13.93,14.48,17033.0
2026-05-22,14,17840.0,4.45,6.45,4769.0,5399.0,6554.0,14.04,13.91,14.44,16722.0
2026-05-22,15,17873.0,4.5,6.48,4736.0,5335.0,6570.0,14.04,13.92,14.44,16641.0
2026-05-22,16,17579.0,4.51,6.47,5154.0,5801.0,7164.0,15.86,15.71,16.19,18119.0
2026-05-22,17,17197.0,4.39,6.45,5658.0,6403.0,7916.0,18.89,18.69,19.2,19977.0
2026-05-22,18,17267.0,4.18,6.46,5978.0,6668.0,8299.0,20.41,20.18,20.7,20945.0
2026-05-22,19,17309.0,3.96,6.46,6057.0,6667.0,8199.0,20.41,20.18,20.72,20922.0
2026-05-22,20,17441.0,3.75,6.46,6056.0,6645.0,8107.0,20.4,20.18,20.73,20808.0
2026-05-22,21,17413.0,3.59,6.45,5508.0,5974.0,7280.0,17.87,17.72,18.32,18762.0
2026-05-22,22,18061.0,3.62,6.47,4630.0,4910.0,5884.0,13.32,13.25,13.87,15424.0
2026-05-22,23,19212.0,3.9,6.49,3562.0,3683.0,4513.0,9.18,9.15,9.74,11758.0
2026-05-23,0,17272.0,4.33,6.43,3045.0,3417.0,4125.0,6.97,6.95,7.48,10588.0
2026-05-23,1,17071.0,4.69,6.4,2909.0,3328.0,3997.0,6.99,6.98,7.45,10233.0
2026-05-23,2,17229.0,5.09,6.4,2731.0,3173.0,3870.0,6.99,6.98,7.47,9774.0
2026-05-23,3,17398.0,5.53,6.4,2542.0,3099.0,3826.0,6.97,6.96,7.45,9468.0
2026-05-23,4,17164.0,5.98,6.39,2631.0,3199.0,3948.0,6.83,6.82,7.31,9778.0
2026-05-23,5,15939.0,6.28,6.35,3614.0,4277.0,5405.0,10.71,10.66,10.97,13296.0
2026-05-23,6,17055.0,6.25,6.39,5618.0,6433.0,7860.0,18.0,17.8,18.25,19912.0
2026-05-23,7,16836.0,5.94,6.4,6572.0,7291.0,8852.0,21.09,20.81,21.38,22715.0
2026-05-23,8,16809.0,5.55,6.42,6658.0,7298.0,8937.0,21.14,20.88,21.46,22894.0
2026-05-23,9,16793.0,5.16,6.41,6602.0,7251.0,8878.0,21.18,20.9,21.49,22731.0
2026-05-23,10,17314.0,4.82,6.44,6534.0,7140.0,8603.0,21.08,20.83,21.4,22277.0
2026-05-23,11,17257.0,4.54,6.48,6408.0,7020.0,8508.0,20.92,20.67,21.25,21936.0
2026-05-23,12,17484.0,4.31,6.43,5813.0,6373.0,7726.0,17.66,17.46,18.11,19912.0
2026-05-23,13,17504.0,4.24,6.47,5251.0,5749.0,6875.0,14.66,14.51,15.08,17875.0
2026-05-23,14,17605.0,4.21,6.45,5189.0,5788.0,6889.0,14.65,14.5,15.08,17866.0
2026-05-23,15,17726.0,4.19,6.45,5146.0,5776.0,6822.0,14.66,14.5,15.08,17743.0
2026-05-23,16,17592.0,4.15,6.47,5434.0,6117.0,7457.0,16.24,16.06,16.58,19008.0
2026-05-23,17,17244.0,3.98,6.47,5799.0,6643.0,8335.0,19.42,19.18,19.69,20777.0
2026-05-23,18,17181.0,3.73,6.47,6078.0,6915.0,8526.0,20.93,20.68,21.2,21519.0
2026-05-23,19,16961.0,3.47,6.45,6079.0,6868.0,8415.0,20.86,20.62,21.17,21361.0
2026-05-23,20,16937.0,3.22,6.45,6009.0,6756.0,8231.0,20.69,20.46,21.01,20996.0
2026-05-23,21,16996.0,3.01,6.44,5585.0,6092.0,7470.0,18.0,17.82,18.42,19147.0
2026-05-23,22,17432.0,2.99,6.45,4531.0,4818.0,5912.0,12.65,12.57,13.19,15261.0
2026-05-23,23,17685.0,3.25,6.45,3424.0,3542.0,4334.0,8.37,8.38,8.95,11300.0
2026-05-24,0,17551.0,3.64,6.44,3124.0,3520.0,4204.0,7.01,7.01,7.53,10848.0
2026-05-24,1,16995.0,4.01,6.42,2795.0,3333.0,4065.0,6.97,6.97,7.47,10192.0
2026-05-24,2,17199.0,4.42,6.42,2634.0,3186.0,3922.0,6.95,6.96,7.45,9742.0
2026-05-24,3,17278.0,4.85,6.42,2564.0,3157.0,3978.0,6.95,6.96,7.45,9698.0
2026-05-24,4,17051.0,5.26,6.41,2707.0,3295.0,4092.0,7.01,7.02,7.49,10094.0
2026-05-24,5,16288.0,5.57,6.39,3482.0,4149.0,5370.0,10.68,10.64,10.93,13001.0
2026-05-24,6,17390.0,5.58,6.42,5367.0,6149.0,7648.0,17.91,17.72,18.15,19164.0
2026-05-24,7,16825.0,5.35,6.41,6236.0,7039.0,8652.0,21.17,20.91,21.48,21927.0
2026-05-24,8,16532.0,4.99,6.41,6489.0,7182.0,8677.0,21.1,20.84,21.43,22348.0
2026-05-24,9,16583.0,4.6,6.42,6613.0,7262.0,8755.0,21.13,20.87,21.47,22630.0
2026-05-24,10,16908.0,4.21,6.41,6626.0,7269.0,8666.0,21.14,20.88,21.49,22561.0
2026-05-24,11,16850.0,3.87,6.42,6541.0,7166.0,8521.0,20.93,20.67,21.29,22228.0
2026-05-24,12,17034.0,3.6,6.45,6077.0,6676.0,7964.0,18.37,18.14,18.81,20716.0
2026-05-24,13,17009.0,3.47,6.44,5397.0,5912.0,7070.0,14.79,14.63,15.21,18379.0
2026-05-24,14,16881.0,3.38,6.44,5326.0,5866.0,6990.0,14.88,14.73,15.34,18182.0
2026-05-24,15,17110.0,3.32,6.42,5267.0,5849.0,6921.0,14.9,14.73,15.34,18038.0
2026-05-24,16,16970.0,3.22,6.41,5577.0,6211.0,7473.0,16.73,16.53,17.08,19261.0
2026-05-24,17,16958.0,3.03,6.44,5936.0,6646.0,8041.0,19.1,18.82,19.43,20622.0
2026-05-24,18,17059.0,2.78,6.46,6083.0,6855.0,8370.0,20.49,20.19,20.86,21307.0
2026-05-24,19,17000.0,2.52,6.46,6091.0,6808.0,8275.0,20.56,20.23,20.94,21174.0
2026-05-24,20,17067.0,2.27,6.46,6112.0,6766.0,8188.0,20.54,20.21,20.93,21067.0
2026-05-24,21,17054.0,2.07,6.45,5586.0,6136.0,7549.0,18.36,18.1,18.84,19270.0
2026-05-24,22,17486.0,2.06,6.46,4568.0,4815.0,5836.0,12.9,12.74,13.44,15219.0
2026-05-24,23,17804.0,2.32,6.46,3407.0,3477.0,4288.0,8.62,8.58,9.19,11172.0
2026-05-25,0,18245.0,2.75,6.47,3077.0,3423.0,4136.0,7.17,7.1,7.67,10636.0
2026-05-25,1,18098.0,3.18,6.46,2827.0,3238.0,3903.0,7.05,6.96,7.51,9968.0
2026-05-25,2,18234.0,3.67,6.46,2524.0,3011.0,3710.0,6.83,6.76,7.31,9245.0
2026-05-25,3,18457.0,4.2,6.46,2470.0,2956.0,3686.0,6.85,6.79,7.3,9112.0
2026-05-25,4,18235.0,4.66,6.46,3336.0,3965.0,4860.0,9.82,9.65,10.12,12162.0
2026-05-25,5,16711.0,4.79,6.41,4986.0,5746.0,7174.0,16.28,15.88,16.45,17906.0
2026-05-25,6,17261.0,4.57,6.43,6308.0,7082.0,8667.0,20.61,20.02,20.8,22058.0
2026-05-25,7,16903.0,4.27,6.41,6224.0,6889.0,8525.0,20.46,19.9,20.71,21638.0
2026-05-25,8,16807.0,3.95,6.43,6218.0,6797.0,8433.0,20.43,19.89,20.68,21448.0
2026-05-25,9,16810.0,3.62,6.41,6168.0,6695.0,8225.0,20.23,19.7,20.47,21087.0
2026-05-25,10,17393.0,3.36,6.43,6113.0,6612.0,8065.0,20.17,19.66,20.46,20790.0
2026-05-25,11,17460.0,3.22,6.43,5496.0,5788.0,7215.0,17.21,16.84,17.62,18498.0
2026-05-25,12,17815.0,3.24,6.45,4946.0,5240.0,6625.0,14.16,13.88,14.55,16811.0
2026-05-25,13,18014.0,3.3,6.46,4914.0,5282.0,6735.0,14.15,13.86,14.52,16930.0
2026-05-25,14,18055.0,3.37,6.46,4871.0,5152.0,6672.0,14.18,13.9,14.6,16694.0
2026-05-25,15,18106.0,3.45,6.46,4829.0,5143.0,6624.0,13.99,13.71,14.38,16595.0
2026-05-25,16,18195.0,3.49,6.45,5294.0,5626.0,7246.0,15.72,15.35,15.96,18166.0
2026-05-25,17,17978.0,3.39,6.47,5962.0,6440.0,8035.0,18.66,18.17,18.85,20437.0
2026-05-25,18,17957.0,3.19,6.5,6351.0,6959.0,8387.0,20.24,19.67,20.46,21697.0
2026-05-25,19,17800.0,2.97,6.49,6347.0,6870.0,8259.0,20.23,19.69,20.47,21476.0
2026-05-25,20,17965.0,2.75,6.49,6321.0,6858.0,8193.0,20.22,19.65,20.49,21372.0
2026-05-25,21,18032.0,2.59,6.49,5778.0,6181.0,7394.0,18.04,17.61,18.41,19353.0
2026-05-25,22,18187.0,2.61,6.49,4708.0,4945.0,5908.0,13.5,13.25,13.97,15561.0
2026-05-25,23,18875.0,2.9,6.5,3537.0,3610.0,4400.0,9.25,9.11,9.79,11548.0
2026-05-26,0,17801.0,3.36,6.46,3051.0,3316.0,4045.0,7.06,6.94,7.55,10412.0
2026-05-26,1,16718.0,3.74,6.42,2896.0,3227.0,3940.0,7.04,6.93,7.51,10063.0
2026-05-26,2,17012.0,4.13,6.42,2743.0,3071.0,3792.0,6.8,6.7,7.27,9606.0
2026-05-26,3,16674.0,4.55,6.41,2695.0,3033.0,3785.0,6.75,6.65,7.21,9513.0
2026-05-26,4,16545.0,4.9,6.41,3496.0,3928.0,4819.0,9.41,9.23,9.72,12243.0
2026-05-26,5,15513.0,4.94,6.38,5154.0,5820.0,7178.0,16.17,15.78,16.36,18152.0
2026-05-26,6,17395.0,4.67,6.45,6463.0,7140.0,8797.0,20.59,19.99,20.79,22401.0
2026-05-26,7,16751.0,4.34,6.41,6376.0,6953.0,8668.0,20.64,20.07,20.87,21997.0
2026-05-26,8,16622.0,4.0,6.42,6188.0,6786.0,8391.0,20.58,20.05,20.82,21365.0
2026-05-26,9,16659.0,3.7,6.43,5994.0,6573.0,8120.0,20.4,19.89,20.63,20686.0
2026-05-26,10,17400.0,3.47,6.44,5932.0,6465.0,7836.0,20.08,19.58,20.37,20233.0
2026-05-26,11,17364.0,3.32,6.43,5496.0,5928.0,7162.0,17.26,16.86,17.67,18586.0
2026-05-26,12,17629.0,3.33,6.45,4984.0,5390.0,6560.0,14.05,13.72,14.42,16934.0
2026-05-26,13,17724.0,3.36,6.49,4964.0,5478.0,6663.0,14.28,13.94,14.64,17105.0
2026-05-26,14,18175.0,3.42,6.47,4920.0,5442.0,6555.0,14.18,13.85,14.61,16916.0
2026-05-26,15,18258.0,3.49,6.46,4885.0,5408.0,6457.0,14.05,13.71,14.44,16750.0
2026-05-26,16,17900.0,3.53,6.45,5288.0,5840.0,6964.0,15.66,15.26,15.94,18092.0
2026-05-26,17,17501.0,3.41,6.46,5995.0,6617.0,7915.0,18.91,18.4,19.1,20527.0
2026-05-26,18,17404.0,3.18,6.48,6249.0,6893.0,8248.0,20.44,19.87,20.67,21390.0
2026-05-26,19,17257.0,2.95,6.47,6205.0,6769.0,8253.0,20.34,19.8,20.57,21227.0
2026-05-26,20,17207.0,2.7,6.47,6250.0,6769.0,8347.0,20.41,19.87,20.64,21366.0
2026-05-26,21,17146.0,2.5,6.46,5654.0,6074.0,7437.0,18.09,17.67,18.43,19165.0
2026-05-26,22,17761.0,2.48,6.47,4760.0,5029.0,6075.0,13.62,13.35,14.06,15864.0
2026-05-26,23,17336.0,2.7,6.45,3562.0,3659.0,4471.0,9.1,9.0,9.66,11692.0
2026-05-27,0,17964.0,3.09,6.47,3062.0,3396.0,4114.0,7.1,7.0,7.59,10572.0
2026-05-27,1,17692.0,3.51,6.46,2877.0,3215.0,3931.0,7.03,6.95,7.51,10023.0
2026-05-27,2,18343.0,3.97,6.47,2766.0,3087.0,3836.0,6.98,6.89,7.46,9690.0
2026-05-27,3,18168.0,4.47,6.46,2735.0,3078.0,3813.0,6.92,6.85,7.39,9626.0
2026-05-27,4,18338.0,4.89,6.47,3446.0,3940.0,4837.0,9.42,9.27,9.7,12223.0
2026-05-27,5,16867.0,5.02,6.42,5071.0,5821.0,7205.0,16.3,15.91,16.45,18096.0
2026-05-27,6,16992.0,4.78,6.44,6446.0,7208.0,8809.0,20.76,20.13,20.95,22464.0
2026-05-27,7,16735.0,4.41,6.43,6437.0,7053.0,8604.0,20.53,19.94,20.77,22094.0
2026-05-27,8,16724.0,4.06,6.4,6362.0,6805.0,8317.0,20.35,19.82,20.63,21484.0
2026-05-27,9,16766.0,3.78,6.43,6176.0,6602.0,8063.0,20.22,19.72,20.5,20841.0
2026-05-27,10,17339.0,3.56,6.45,6065.0,6462.0,7753.0,19.96,19.5,20.27,20280.0
2026-05-27,11,17435.0,3.41,6.44,5525.0,5906.0,7174.0,17.23,16.84,17.66,18605.0
2026-05-27,12,17754.0,3.41,6.45,4991.0,5423.0,6556.0,14.1,13.78,14.48,16970.0
2026-05-27,13,18044.0,3.45,6.46,4995.0,5504.0,6718.0,14.24,13.89,14.63,17217.0
2026-05-27,14,18830.0,3.53,6.49,4908.0,5430.0,6648.0,14.15,13.81,14.56,16985.0
2026-05-27,15,18900.0,3.63,6.49,4917.0,5448.0,6716.0,14.16,13.81,14.52,17082.0
2026-05-27,16,18537.0,3.69,6.47,5313.0,5905.0,7299.0,15.91,15.49,16.18,18517.0
2026-05-27,17,17911.0,3.59,6.47,5947.0,6544.0,8141.0,18.95,18.45,19.14,20632.0
2026-05-27,18,17302.0,3.36,6.48,6338.0,6888.0,8528.0,20.4,19.86,20.6,21753.0
2026-05-27,19,16860.0,3.08,6.46,6261.0,6786.0,8337.0,20.39,19.86,20.63,21384.0
2026-05-27,20,16833.0,2.81,6.46,6237.0,6755.0,8205.0,20.29,19.77,20.54,21197.0
2026-05-27,21,16769.0,2.58,6.45,5726.0,6128.0,7474.0,17.95,17.53,18.3,19328.0
2026-05-27,22,17581.0,2.56,6.47,4758.0,4988.0,5988.0,13.29,13.02,13.78,15734.0
2026-05-27,23,17894.0,2.79,6.47,3594.0,3691.0,4456.0,9.09,8.98,9.64,11740.0
2026-05-28,0,18399.0,3.2,6.46,3130.0,3451.0,4176.0,7.04,6.96,7.49,10758.0
2026-05-28,1,18467.0,3.68,6.45,2901.0,3259.0,4014.0,7.03,6.96,7.51,10174.0
2026-05-28,2,18621.0,4.18,6.45,2710.0,3088.0,3840.0,6.83,6.77,7.31,9639.0
2026-05-28,3,18715.0,4.68,6.44,2678.0,3032.0,3796.0,6.81,6.76,7.28,9506.0
2026-05-28,4,18650.0,5.15,6.45,3332.0,3922.0,4854.0,9.55,9.42,9.84,12108.0
2026-05-28,5,17236.0,5.32,6.41,4952.0,5712.0,7102.0,16.18,15.82,16.34,17765.0
2026-05-28,6,17238.0,5.11,6.4,6271.0,7074.0,8666.0,20.58,19.98,20.77,22011.0
2026-05-28,7,16899.0,4.79,6.41,6322.0,6951.0,8537.0,20.55,19.98,20.78,21811.0
2026-05-28,8,16774.0,4.48,6.43,6157.0,6651.0,8114.0,20.38,19.87,20.67,20922.0
2026-05-28,9,16891.0,4.2,6.41,6000.0,6411.0,7845.0,20.12,19.65,20.42,20256.0
2026-05-28,10,17412.0,4.0,6.43,5933.0,6334.0,7662.0,19.94,19.47,20.24,19930.0
2026-05-28,11,18081.0,3.9,6.48,5400.0,5839.0,7025.0,17.2,16.81,17.58,18264.0
2026-05-28,12,18336.0,3.97,6.51,4910.0,5322.0,6445.0,14.1,13.78,14.49,16677.0
2026-05-28,13,18466.0,4.06,6.49,4864.0,5360.0,6551.0,14.04,13.72,14.42,16776.0
2026-05-28,14,18405.0,4.15,6.47,4840.0,5342.0,6533.0,14.14,13.81,14.55,16715.0
2026-05-28,15,18065.0,4.23,6.46,4848.0,5406.0,6568.0,14.18,13.84,14.54,16822.0
2026-05-28,16,17820.0,4.24,6.46,5267.0,6230.0,7165.0,16.23,15.75,16.5,18662.0
2026-05-28,17,17515.0,4.1,6.47,5849.0,7058.0,7945.0,19.19,18.55,19.39,20852.0
2026-05-28,18,17429.0,3.86,6.48,6144.0,6880.0,8214.0,20.52,19.96,20.73,21237.0
2026-05-28,19,17312.0,3.64,6.47,6218.0,6584.0,8105.0,20.47,19.98,20.71,20907.0
2026-05-28,20,17251.0,3.42,6.47,6225.0,6595.0,8115.0,20.46,19.97,20.72,20935.0
2026-05-28,21,17184.0,3.24,6.46,5584.0,5917.0,7280.0,17.57,17.19,17.94,18781.0
2026-05-28,22,18058.0,3.26,6.48,4660.0,4971.0,5897.0,13.05,12.71,13.53,15528.0
2026-05-28,23,14721.0,3.44,6.37,3519.0,3591.0,4324.0,8.97,8.77,9.52,11434.0
2026-05-29,0,17316.0,3.71,6.44,3068.0,3377.0,3995.0,7.11,6.96,7.57,10440.0
2026-05-29,1,18529.0,4.16,6.48,2894.0,3223.0,3859.0,7.1,6.96,7.55,9976.0
2026-05-29,2,19327.0,4.68,6.5,2781.0,3116.0,3795.0,7.08,6.96,7.53,9692.0
2026-05-29,3,19622.0,5.23,6.52,2693.0,3086.0,3806.0,7.13,7.02,7.56,9586.0
2026-05-29,4,19090.0,5.73,6.5,3477.0,4066.0,4949.0,10.31,10.06,10.55,12492.0
2026-05-29,5,17446.0,5.88,6.45,5136.0,5856.0,7225.0,17.0,16.42,17.09,18216.0
2026-05-29,6,16814.0,5.65,6.43,6470.0,7124.0,8666.0,20.88,20.01,20.95,22260.0
2026-05-29,7,16933.0,5.32,6.41,6502.0,7015.0,8568.0,20.87,20.05,20.98,22084.0
2026-05-29,8,16791.0,5.0,6.41,6340.0,6744.0,8365.0,20.7,19.94,20.84,21449.0
2026-05-29,9,16734.0,4.72,6.43,6199.0,6593.0,8164.0,20.61,19.88,20.76,20957.0
2026-05-29,10,17119.0,4.46,6.43,6160.0,6561.0,8020.0,20.46,19.74,20.64,20741.0
2026-05-29,11,17196.0,4.27,6.43,5580.0,5948.0,7291.0,17.31,16.71,17.63,18820.0
2026-05-29,12,17428.0,4.24,6.43,5061.0,5428.0,6624.0,14.3,13.82,14.62,17113.0
2026-05-29,13,17964.0,4.26,6.46,5007.0,5451.0,6621.0,14.29,13.81,14.57,17080.0
2026-05-29,14,18127.0,4.32,6.52,4884.0,5335.0,6564.0,14.26,13.8,14.58,16783.0
2026-05-29,15,18445.0,4.4,6.5,4865.0,5346.0,6576.0,14.19,13.72,14.51,16787.0
2026-05-29,16,18430.0,4.45,6.47,5266.0,5769.0,7142.0,15.88,15.32,16.08,18177.0
2026-05-29,17,17791.0,4.36,6.47,5883.0,6437.0,8032.0,19.13,18.42,19.2,20351.0
2026-05-29,18,17394.0,4.15,6.47,6177.0,6724.0,8200.0,20.6,19.83,20.7,21101.0
2026-05-29,19,17370.0,3.93,6.47,6135.0,6611.0,7861.0,20.38,19.65,20.56,20608.0
2026-05-29,20,17400.0,3.75,6.47,6064.0,6525.0,7779.0,20.3,19.58,20.48,20367.0
2026-05-29,21,17574.0,3.61,6.46,5573.0,5919.0,7055.0,17.86,17.31,18.17,18547.0
2026-05-29,22,18829.0,3.66,6.5,4724.0,4914.0,6004.0,13.56,13.19,13.97,15642.0
2026-05-29,23,19026.0,3.96,6.5,3632.0,3634.0,4470.0,9.27,9.05,9.8,11736.0
2026-05-30,0,18472.0,4.41,6.47,3153.0,3383.0,4168.0,7.14,6.95,7.59,10704.0
2026-05-30,1,18158.0,4.84,6.46,2970.0,3222.0,4098.0,7.13,6.97,7.56,10289.0
2026-05-30,2,18486.0,5.31,6.46,2858.0,3101.0,3974.0,7.12,6.97,7.55,9934.0
2026-05-30,3,18618.0,5.8,6.47,2807.0,3055.0,3943.0,7.09,6.95,7.52,9805.0
2026-05-30,4,18011.0,6.28,6.45,2792.0,3151.0,4100.0,7.11,6.95,7.52,10043.0
2026-05-30,5,16192.0,6.6,6.39,3771.0,4170.0,5511.0,10.87,10.57,11.0,13452.0
2026-05-30,6,16918.0,6.55,6.42,5727.0,6255.0,7925.0,18.32,17.67,18.38,19908.0
2026-05-30,7,17031.0,6.28,6.41,6629.0,7016.0,8746.0,21.37,20.55,21.47,22392.0
2026-05-30,8,16629.0,5.92,6.42,6772.0,7084.0,8780.0,21.41,20.58,21.51,22636.0
2026-05-30,9,16605.0,5.51,6.42,6771.0,7099.0,8919.0,21.5,20.67,21.61,22789.0
2026-05-30,10,17105.0,5.12,6.42,6729.0,7689.0,8720.0,21.44,20.41,21.56,23139.0
2026-05-30,11,17188.0,4.81,6.44,6448.0,7053.0,8350.0,21.04,20.19,21.16,21850.0
2026-05-30,12,17662.0,4.61,6.48,5842.0,6659.0,7539.0,18.05,17.29,18.33,20039.0
2026-05-30,13,17702.0,4.55,6.48,5259.0,6028.0,6910.0,14.75,14.13,15.05,18197.0
2026-05-30,14,17831.0,4.5,6.47,5222.0,6053.0,6928.0,14.84,14.22,15.14,18203.0
2026-05-30,15,17897.0,4.48,6.45,5143.0,5535.0,6801.0,14.72,14.23,15.03,17479.0
2026-05-30,16,17725.0,4.47,6.45,5333.0,5789.0,7215.0,16.18,15.63,16.35,18338.0
2026-05-30,17,17445.0,4.34,6.47,5825.0,6504.0,8040.0,19.44,18.73,19.52,20369.0
2026-05-30,18,17466.0,4.13,6.48,6037.0,6551.0,8365.0,21.1,20.38,21.2,20953.0
2026-05-30,19,17413.0,3.93,6.46,5963.0,6442.0,8104.0,20.99,20.29,21.12,20508.0
2026-05-30,20,17392.0,3.74,6.46,5935.0,6390.0,8061.0,20.95,20.27,21.1,20386.0
2026-05-30,21,17427.0,3.59,6.46,5548.0,5869.0,7207.0,18.19,17.61,18.49,18625.0
2026-05-30,22,18426.0,3.65,6.48,4481.0,4632.0,5541.0,12.64,12.32,13.14,14655.0
2026-05-30,23,19815.0,4.02,6.51,3365.0,3344.0,4077.0,8.57,8.42,9.08,10786.0
2026-05-31,0,18467.0,4.52,6.47,3034.0,3357.0,4112.0,7.1,6.95,7.54,10504.0
2026-05-31,1,18332.0,4.97,6.47,2772.0,3205.0,3959.0,6.94,6.8,7.39,9936.0
2026-05-31,2,18098.0,5.46,6.46,2630.0,3066.0,3821.0,6.89,6.77,7.33,9518.0
2026-05-31,3,18318.0,5.96,6.46,2581.0,3048.0,3791.0,6.88,6.76,7.32,9420.0
2026-05-31,4,17439.0,6.43,6.42,2692.0,3136.0,3905.0,6.87,6.74,7.3,9733.0
2026-05-31,5,16309.0,6.76,6.39,3659.0,4166.0,5338.0,10.86,10.58,11.0,13163.0
2026-05-31,6,16535.0,6.73,6.4,5559.0,6207.0,7612.0,17.96,17.31,18.06,19378.0
2026-05-31,7,16753.0,6.46,6.41,6335.0,6955.0,8561.0,21.16,20.36,21.29,21852.0
2026-05-31,8,16991.0,6.12,6.42,6532.0,7057.0,8688.0,21.23,20.4,21.36,22276.0
2026-05-31,9,16871.0,5.77,6.42,6650.0,7198.0,8572.0,21.28,20.4,21.41,22421.0
2026-05-31,10,17363.0,5.45,6.48,6594.0,7062.0,8420.0,21.11,20.28,21.27,22076.0
2026-05-31,11,17515.0,5.17,6.44,6461.0,6911.0,8331.0,21.07,20.28,21.25,21703.0
2026-05-31,12,18014.0,4.97,6.45,5859.0,6286.0,7571.0,18.02,17.35,18.31,19716.0
2026-05-31,13,18040.0,4.94,6.48,5238.0,5628.0,6721.0,14.83,14.31,15.14,17587.0
2026-05-31,14,18118.0,4.96,6.44,5151.0,5560.0,6789.0,14.81,14.31,15.03,17500.0
2026-05-31,15,17916.0,5.0,6.47,5082.0,5512.0,6732.0,14.8,14.31,15.07,17325.0
2026-05-31,16,17920.0,5.01,6.48,5331.0,5936.0,7063.0,16.1,15.51,16.33,18330.0
2026-05-31,17,17596.0,4.92,6.43,5637.0,6449.0,7635.0,18.81,18.09,18.94,19721.0
2026-05-31,18,17572.0,4.75,6.44,5932.0,6606.0,7918.0,20.62,19.87,20.75,20456.0
2026-05-31,19,17653.0,4.59,6.46,5828.0,6427.0,7785.0,20.6,19.9,20.75,20039.0
2026-05-31,20,17674.0,4.45,6.46,5799.0,6381.0,7730.0,20.57,19.88,20.74,19911.0
2026-05-31,21,17978.0,4.36,6.47,5299.0,5708.0,6929.0,17.83,17.29,18.13,17935.0
2026-05-31,22,18379.0,4.42,6.48,4638.0,4849.0,5821.0,13.88,13.53,14.26,15308.0
2026-05-31,23,20217.0,4.84,6.51,3238.0,3283.0,3988.0,8.33,8.21,8.85,10508.0
2025-03-01,0,15571.0,3.95,6.51,3155.0,3179.0,3895.0,6.94,6.96,7.36,10229.0
2025-03-01,1,14287.0,4.55,7.85,2961.0,3007.0,3810.0,6.96,6.98,7.37,9778.0
2025-03-01,2,14204.0,5.16,8.45,2771.0,2837.0,3656.0,6.96,6.98,7.36,9264.0
2025-03-01,3,13794.0,5.8,9.19,2671.0,2730.0,3490.0,6.88,6.9,7.28,8891.0
2025-03-01,4,13857.0,6.43,9.22,2796.0,2861.0,3629.0,6.82,6.84,7.22,9286.0
2025-03-01,5,13596.0,6.85,8.12,3567.0,3668.0,4976.0,9.18,9.18,9.57,12211.0
2025-03-01,6,15051.0,6.77,7.79,5343.0,5488.0,7115.0,14.7,14.72,15.18,17946.0
2025-03-01,7,15760.0,6.05,7.82,6665.0,6807.0,8648.0,18.49,18.5,19.07,22121.0
2025-03-01,8,16213.0,5.17,7.42,6846.0,6894.0,8924.0,18.51,18.53,19.1,22665.0
2025-03-01,9,16656.0,4.29,6.72,6849.0,6900.0,8897.0,18.52,18.54,19.11,22646.0
2025-03-01,10,17411.0,3.58,6.23,6419.0,6446.0,8200.0,16.64,16.66,17.23,21065.0
2025-03-01,11,17601.0,3.23,5.93,5816.0,5866.0,7498.0,14.26,14.28,14.8,19181.0
2025-03-01,12,17906.0,3.07,5.84,5550.0,5658.0,7222.0,13.5,13.53,14.03,18430.0
2025-03-01,13,17931.0,3.02,5.81,5428.0,5529.0,7011.0,13.49,13.52,14.01,17968.0
2025-03-01,14,17992.0,3.03,5.82,5312.0,5440.0,6995.0,13.49,13.52,14.0,17747.0
2025-03-01,15,18023.0,3.07,5.85,5260.0,5417.0,7063.0,13.5,13.52,13.99,17739.0
2025-03-01,16,18213.0,3.01,5.91,5753.0,5998.0,7791.0,15.37,15.36,15.88,19542.0
2025-03-01,17,18096.0,2.7,5.61,6291.0,6463.0,8333.0,17.49,17.49,18.05,21088.0
2025-03-01,18,18052.0,2.26,5.41,6324.0,6466.0,8367.0,17.74,17.75,18.29,21157.0
2025-03-01,19,18137.0,1.88,5.53,6068.0,6159.0,7928.0,17.41,17.44,17.96,20155.0
2025-03-01,20,18148.0,1.68,5.54,5602.0,5615.0,7109.0,15.49,15.53,16.03,18326.0
2025-03-01,21,18397.0,1.84,5.58,4799.0,4717.0,6161.0,12.26,12.31,12.76,15676.0
2025-03-01,22,18834.0,2.39,5.66,3993.0,3807.0,4967.0,9.11,9.17,9.59,12767.0
2025-03-01,23,18405.0,3.4,6.14,3197.0,2952.0,3853.0,6.92,6.99,7.37,10003.0
2025-03-02,0,14756.0,4.3,8.92,3181.0,3183.0,3998.0,6.89,6.94,7.32,10361.0
2025-03-02,1,13933.0,4.79,8.74,2979.0,3002.0,3798.0,6.92,6.97,7.35,9779.0
2025-03-02,2,13668.0,5.37,8.99,2748.0,2770.0,3563.0,6.81,6.86,7.23,9080.0
2025-03-02,3,13306.0,5.95,9.31,2679.0,2733.0,3447.0,6.83,6.88,7.25,8860.0
2025-03-02,4,13456.0,6.52,9.61,2836.0,2949.0,3740.0,6.86,6.92,7.28,9525.0
2025-03-02,5,13789.0,6.92,8.12,3514.0,3637.0,4816.0,9.1,9.15,9.52,11967.0
2025-03-02,6,14824.0,6.93,7.83,5101.0,5213.0,6620.0,14.33,14.37,14.81,16935.0
2025-03-02,7,15693.0,6.29,7.84,6553.0,6686.0,8460.0,18.31,18.31,18.87,21699.0
2025-03-02,8,15766.0,5.36,7.47,6908.0,7040.0,8976.0,18.51,18.51,19.1,22924.0
2025-03-02,9,16716.0,4.41,6.87,6960.0,7046.0,8966.0,18.56,18.57,19.17,22972.0
2025-03-02,10,17428.0,3.66,6.35,6529.0,6537.0,8173.0,16.69,16.71,17.3,21239.0
2025-03-02,11,17593.0,3.27,5.98,5929.0,5903.0,7432.0,14.31,14.34,14.88,19264.0
2025-03-02,12,17939.0,3.1,5.93,5663.0,5674.0,7111.0,13.62,13.65,14.16,18447.0
2025-03-02,13,17992.0,3.07,5.89,5514.0,5565.0,6942.0,13.58,13.61,14.11,18021.0
2025-03-02,14,17897.0,3.1,5.88,5368.0,5447.0,6822.0,13.39,13.42,13.91,17636.0
2025-03-02,15,17973.0,3.13,5.9,5360.0,5456.0,6958.0,13.48,13.51,13.99,17774.0
2025-03-02,16,17876.0,3.07,5.84,5805.0,5966.0,7547.0,15.3,15.31,15.83,19319.0
2025-03-02,17,17987.0,2.7,5.54,6370.0,6514.0,8291.0,17.4,17.4,17.97,21175.0
2025-03-02,18,18239.0,2.24,5.48,6463.0,6561.0,8338.0,17.69,17.69,18.25,21363.0
2025-03-02,19,18256.0,1.84,5.62,6260.0,6347.0,8020.0,17.67,17.68,18.23,20627.0
2025-03-02,20,18265.0,1.61,5.6,5708.0,5706.0,7155.0,15.44,15.48,15.99,18569.0
2025-03-02,21,18385.0,1.76,5.62,4842.0,4737.0,6085.0,12.25,12.3,12.76,15664.0
2025-03-02,22,19035.0,2.37,5.75,3846.0,3616.0,4616.0,8.59,8.67,9.07,12079.0
2025-03-02,23,19066.0,3.51,6.47,3099.0,2786.0,3502.0,6.88,6.97,7.33,9387.0
2025-03-03,0,16396.0,4.62,6.76,3094.0,3130.0,3812.0,6.88,6.94,7.33,10037.0
2025-03-03,1,14512.0,5.34,8.04,2877.0,2975.0,3713.0,6.9,6.96,7.34,9566.0
2025-03-03,2,12850.0,5.9,8.75,2659.0,2751.0,3448.0,6.82,6.88,7.24,8859.0
2025-03-03,3,12650.0,6.41,8.91,2618.0,2736.0,3580.0,6.8,6.87,7.22,8934.0
2025-03-03,4,13294.0,6.81,8.7,3373.0,3554.0,4591.0,8.91,8.99,9.34,11517.0
2025-03-03,5,13381.0,6.74,7.47,4852.0,5101.0,6495.0,14.02,14.05,14.48,16448.0
2025-03-03,6,16188.0,6.16,7.91,6198.0,6382.0,8142.0,17.92,17.93,18.46,20721.0
2025-03-03,7,15871.0,5.37,7.49,6687.0,6763.0,8668.0,18.47,18.48,19.04,22117.0
2025-03-03,8,16317.0,4.55,6.8,6693.0,6715.0,8527.0,18.46,18.48,19.04,21935.0
2025-03-03,9,16755.0,3.84,6.25,6294.0,6293.0,8071.0,16.98,17.0,17.55,20657.0
2025-03-03,10,17235.0,3.44,6.01,5730.0,5714.0,7338.0,14.48,14.51,15.02,18783.0
2025-03-03,11,16986.0,3.3,5.9,5283.0,5295.0,6797.0,13.38,13.41,13.9,17375.0
2025-03-03,12,17150.0,3.24,5.89,5174.0,5260.0,6795.0,13.39,13.42,13.9,17229.0
2025-03-03,13,17192.0,3.25,5.89,5043.0,5157.0,6671.0,13.4,13.42,13.9,16871.0
2025-03-03,14,17221.0,3.32,5.94,4956.0,5065.0,6535.0,13.39,13.41,13.88,16556.0
2025-03-03,15,17176.0,3.39,5.99,4950.0,5087.0,6532.0,13.34,13.36,13.82,16569.0
2025-03-03,16,16973.0,3.42,5.99,5130.0,5263.0,6817.0,13.35,13.36,13.85,17210.0
2025-03-03,17,16956.0,3.23,5.81,5868.0,6002.0,7827.0,15.96,15.97,16.49,19698.0
2025-03-03,18,17533.0,2.71,5.55,6382.0,6477.0,8253.0,18.59,18.59,19.15,21112.0
2025-03-03,19,18154.0,2.3,5.59,6157.0,6279.0,7951.0,18.59,18.58,19.13,20387.0
2025-03-03,20,18093.0,1.96,5.73,6125.0,6197.0,7864.0,18.52,18.52,19.07,20187.0
2025-03-03,21,17862.0,1.79,5.6,5288.0,5274.0,6675.0,15.1,15.13,15.62,17236.0
2025-03-03,22,18231.0,2.18,5.6,4043.0,3875.0,5040.0,9.77,9.81,10.25,12957.0
2025-03-03,23,17972.0,3.15,5.87,3042.0,2840.0,3803.0,6.96,6.99,7.39,9686.0
2025-03-04,0,15455.0,4.1,6.01,3019.0,3081.0,3868.0,6.94,6.95,7.35,9969.0
2025-03-04,1,14674.0,4.79,6.91,2841.0,2943.0,3702.0,6.96,6.98,7.37,9486.0
2025-03-04,2,14254.0,5.47,7.59,2630.0,2748.0,3540.0,6.77,6.79,7.17,8918.0
2025-03-04,3,14272.0,6.2,7.75,2570.0,2679.0,3456.0,6.72,6.75,7.12,8705.0
2025-03-04,4,14247.0,6.85,7.69,3247.0,3412.0,4387.0,8.77,8.77,9.16,11046.0
2025-03-04,5,13276.0,6.86,7.55,4744.0,5000.0,6482.0,14.13,14.15,14.58,16226.0
2025-03-04,6,15414.0,6.24,7.83,6108.0,6319.0,8002.0,18.22,18.23,18.76,20429.0
2025-03-04,7,15229.0,5.39,7.42,6557.0,6624.0,8429.0,18.45,18.46,19.03,21610.0
2025-03-04,8,16057.0,4.55,6.82,6520.0,6520.0,8381.0,18.46,18.46,19.03,21422.0
2025-03-04,9,16670.0,3.9,6.4,6072.0,5997.0,7804.0,16.87,16.9,17.44,19873.0
2025-03-04,10,17188.0,3.61,6.28,5490.0,5244.0,7056.0,14.26,14.32,14.8,17790.0
2025-03-04,11,17246.0,3.56,6.24,5227.0,5056.0,6823.0,13.48,13.53,14.0,17106.0
2025-03-04,12,17396.0,3.58,6.31,5088.0,4983.0,6681.0,13.49,13.53,14.0,16752.0
2025-03-04,13,17332.0,3.69,6.38,4993.0,4899.0,6522.0,13.4,13.45,13.91,16415.0
2025-03-04,14,17336.0,3.82,6.49,4919.0,4804.0,6565.0,13.36,13.41,13.85,16287.0
2025-03-04,15,17336.0,3.94,6.58,4932.0,4867.0,6661.0,13.35,13.4,13.84,16459.0
2025-03-04,16,17073.0,3.99,6.62,5107.0,5184.0,6841.0,13.44,13.46,13.93,17132.0
2025-03-04,17,17203.0,3.84,6.53,5884.0,5974.0,7827.0,16.33,16.34,16.87,19685.0
2025-03-04,18,17480.0,3.35,6.18,6301.0,6423.0,8294.0,18.53,18.54,19.08,21017.0
2025-03-04,19,17734.0,2.93,5.86,6125.0,6181.0,7847.0,18.27,18.3,18.83,20153.0
2025-03-04,20,18172.0,2.63,5.64,6132.0,6328.0,7830.0,18.16,18.17,18.72,20290.0
2025-03-04,21,18289.0,2.42,5.45,5362.0,5527.0,6844.0,15.24,15.27,15.77,17733.0
2025-03-04,22,18449.0,2.85,5.82,3979.0,3789.0,4793.0,9.54,9.6,10.05,12561.0
2025-03-04,23,18132.0,3.77,6.55,3237.0,3309.0,4474.0,7.15,7.2,7.58,11019.0
2025-03-05,0,14155.0,4.47,7.51,3181.0,3383.0,4348.0,7.12,7.16,7.55,10912.0
2025-03-05,1,14400.0,4.98,6.54,2848.0,2901.0,3708.0,6.91,6.97,7.33,9457.0
2025-03-05,2,14010.0,5.64,7.1,2675.0,2913.0,3519.0,6.81,6.86,7.23,9106.0
2025-03-05,3,13802.0,6.27,7.45,2657.0,3007.0,3585.0,6.8,6.83,7.21,9248.0
2025-03-05,4,13839.0,6.76,7.56,3406.0,3723.0,4658.0,9.19,9.22,9.61,11788.0
2025-03-05,5,13317.0,6.69,7.48,4793.0,5050.0,6539.0,14.33,14.35,14.8,16383.0
2025-03-05,6,15421.0,6.03,7.8,6147.0,6349.0,8137.0,18.24,18.24,18.78,20632.0
2025-03-05,7,15626.0,5.21,7.37,6616.0,6708.0,8596.0,18.7,18.7,19.28,21920.0
2025-03-05,8,16073.0,4.38,6.67,6543.0,6535.0,8279.0,18.63,18.67,19.23,21357.0
2025-03-05,9,16475.0,3.71,6.15,6130.0,6123.0,7937.0,17.28,17.32,17.86,20190.0
2025-03-05,10,17087.0,3.32,5.94,5572.0,5560.0,7149.0,14.61,14.65,15.15,18281.0
2025-03-05,11,17127.0,3.2,5.84,5254.0,5273.0,6747.0,13.44,13.48,13.97,17274.0
2025-03-05,12,17300.0,3.18,5.88,5113.0,5224.0,6725.0,13.39,13.41,13.9,17062.0
2025-03-05,13,17279.0,3.23,5.91,5033.0,5159.0,6714.0,13.4,13.42,13.9,16905.0
2025-03-05,14,17296.0,3.31,5.97,4928.0,5056.0,6550.0,13.4,13.42,13.89,16534.0
2025-03-05,15,17303.0,3.41,6.05,4936.0,5082.0,6501.0,13.37,13.4,13.86,16519.0
2025-03-05,16,17123.0,3.44,6.06,5152.0,5297.0,6921.0,13.77,13.79,14.26,17371.0
2025-03-05,17,17014.0,3.24,5.88,5923.0,6059.0,7903.0,16.54,16.55,17.08,19885.0
2025-03-05,18,17260.0,2.71,5.47,6395.0,6584.0,8329.0,18.65,18.67,19.23,21307.0
2025-03-05,19,17479.0,2.19,5.34,6244.0,6713.0,7990.0,18.41,18.39,18.98,20947.0
2025-03-05,20,17471.0,1.71,5.39,6151.0,6308.0,7815.0,18.26,18.28,18.83,20273.0
2025-03-05,21,17372.0,1.42,5.33,5419.0,5465.0,6780.0,15.36,15.4,15.91,17665.0
2025-03-05,22,17756.0,1.68,5.46,4082.0,3998.0,5068.0,9.75,9.79,10.23,13148.0
2025-03-05,23,17844.0,2.62,5.44,3058.0,2828.0,3756.0,6.87,6.91,7.3,9643.0
2025-03-06,0,15717.0,3.6,5.58,3022.0,3043.0,3846.0,6.81,6.83,7.23,9910.0
2025-03-06,1,14849.0,4.33,5.97,2765.0,2815.0,3643.0,6.66,6.69,7.07,9224.0
2025-03-06,2,14318.0,5.06,6.59,2612.0,2685.0,3575.0,6.68,6.7,7.08,8872.0
2025-03-06,3,13862.0,5.75,7.15,2609.0,2670.0,3514.0,6.74,6.77,7.14,8793.0
2025-03-06,4,13644.0,6.3,7.43,3272.0,3389.0,4423.0,8.89,8.91,9.28,11085.0
2025-03-06,5,13234.0,6.26,7.38,4782.0,5012.0,6516.0,14.31,14.31,14.76,16310.0
2025-03-06,6,15529.0,5.62,7.69,6138.0,6315.0,8037.0,18.21,18.21,18.75,20490.0
2025-03-06,7,15865.0,4.86,7.06,6588.0,6668.0,8505.0,18.7,18.73,19.3,21761.0
2025-03-06,8,16539.0,4.05,6.49,6532.0,6572.0,8462.0,18.64,18.68,19.23,21566.0
2025-03-06,9,17019.0,3.43,6.07,6119.0,6096.0,7774.0,17.18,17.21,17.75,19989.0
2025-03-06,10,17493.0,3.17,5.96,5482.0,5436.0,6925.0,14.39,14.43,14.94,17843.0
2025-03-06,11,17529.0,3.16,5.94,5209.0,5237.0,6743.0,13.37,13.4,13.89,17189.0
2025-03-06,12,17635.0,3.21,6.03,5079.0,5176.0,6619.0,13.4,13.43,13.92,16875.0
2025-03-06,13,17659.0,3.33,6.12,4987.0,5117.0,6584.0,13.4,13.42,13.9,16688.0
2025-03-06,14,17549.0,3.47,6.23,4898.0,5024.0,6579.0,13.4,13.42,13.88,16502.0
2025-03-06,15,17550.0,3.59,6.32,4923.0,5051.0,6658.0,13.38,13.41,13.87,16633.0
2025-03-06,16,17392.0,3.66,6.35,5131.0,5223.0,6903.0,13.62,13.64,14.12,17258.0
2025-03-06,17,17394.0,3.49,6.24,5967.0,6117.0,8034.0,16.69,16.7,17.24,20117.0
2025-03-06,18,17599.0,2.98,5.85,6432.0,6379.0,8597.0,18.85,18.88,19.42,21408.0
2025-03-06,19,18088.0,2.54,5.55,6176.0,6216.0,8032.0,18.59,18.64,19.16,20425.0
2025-03-06,20,17959.0,2.2,5.58,6170.0,6205.0,7859.0,18.45,18.49,19.02,20234.0
2025-03-06,21,17868.0,1.92,5.6,5490.0,5861.0,7051.0,15.71,15.7,16.27,18402.0
2025-03-06,22,18392.0,2.23,5.66,4047.0,4179.0,4901.0,9.37,9.42,9.89,13126.0
2025-03-06,23,17032.0,3.19,7.34,3076.0,3090.0,3734.0,6.73,6.81,7.2,9900.0
2025-03-07,0,13140.0,3.93,9.2,2922.0,3013.0,3781.0,6.45,6.51,6.9,9717.0
2025-03-07,1,12563.0,4.27,8.44,2790.0,2901.0,3640.0,6.72,6.76,7.17,9331.0
2025-03-07,2,15029.0,4.88,6.58,2711.0,2842.0,3576.0,6.92,6.98,7.33,9128.0
2025-03-07,3,14424.0,5.64,7.19,2654.0,2840.0,3596.0,6.92,6.96,7.33,9090.0
2025-03-07,4,13973.0,6.17,7.48,3418.0,3576.0,4670.0,9.27,9.3,9.69,11663.0
2025-03-07,5,14218.0,6.15,7.54,4802.0,5013.0,6579.0,14.53,14.57,14.98,16394.0
2025-03-07,6,16423.0,5.7,7.95,6106.0,6277.0,8118.0,18.35,18.38,18.87,20501.0
2025-03-07,7,16259.0,4.98,7.31,6560.0,6642.0,8621.0,18.85,18.88,19.43,21822.0
2025-03-07,8,16582.0,4.26,6.67,6447.0,6465.0,8441.0,18.68,18.7,19.25,21353.0
2025-03-07,9,16905.0,3.69,6.2,6022.0,6003.0,7787.0,17.09,17.11,17.63,19811.0
2025-03-07,10,17422.0,3.45,6.11,5430.0,5400.0,6988.0,14.45,14.48,14.97,17817.0
2025-03-07,11,17456.0,3.44,6.12,5126.0,5154.0,6639.0,13.38,13.41,13.89,16920.0
2025-03-07,12,17561.0,3.48,6.21,5032.0,5153.0,6713.0,13.39,13.42,13.9,16898.0
2025-03-07,13,17648.0,3.57,6.32,4872.0,5028.0,6562.0,13.4,13.43,13.88,16462.0
2025-03-07,14,17660.0,3.76,6.53,4720.0,4861.0,6357.0,13.37,13.41,13.85,15937.0
2025-03-07,15,17632.0,4.04,6.76,4651.0,4829.0,6328.0,13.33,13.36,13.81,15808.0
2025-03-07,16,17435.0,4.21,6.85,4890.0,5135.0,6753.0,13.85,13.86,14.33,16778.0
2025-03-07,17,17249.0,4.16,6.75,5494.0,5734.0,7600.0,16.46,16.47,16.96,18828.0
2025-03-07,18,17330.0,3.82,6.87,5963.0,6187.0,7919.0,18.8,18.8,19.33,20069.0
2025-03-07,19,15724.0,3.38,7.59,5916.0,6104.0,7757.0,18.68,18.68,19.2,19776.0
2025-03-07,20,14852.0,2.73,8.06,5903.0,6084.0,7665.0,18.69,18.67,19.21,19652.0
2025-03-07,21,15846.0,2.24,7.08,5118.0,5213.0,6546.0,15.43,15.45,15.94,16877.0
2025-03-07,22,16489.0,2.44,6.74,3882.0,3793.0,4828.0,9.89,9.94,10.37,12503.0
2025-03-07,23,16291.0,3.21,7.11,2948.0,2758.0,3646.0,6.94,6.97,7.36,9351.0
2025-03-08,0,15169.0,4.04,7.65,2979.0,3103.0,3832.0,6.94,6.96,7.36,9914.0
2025-03-08,1,13008.0,4.57,8.84,2814.0,2984.0,3760.0,6.96,6.97,7.37,9557.0
2025-03-08,2,13294.0,5.05,8.68,2684.0,2841.0,3708.0,6.95,6.96,7.35,9234.0
2025-03-08,3,14832.0,5.7,7.31,2566.0,2733.0,3589.0,6.69,6.71,7.09,8888.0
2025-03-08,4,14386.0,6.38,7.55,3224.0,3468.0,4438.0,8.6,8.6,9.0,11130.0
2025-03-08,5,13287.0,6.42,7.38,4539.0,4882.0,6355.0,14.05,14.06,14.48,15777.0
2025-03-08,6,14876.0,5.87,7.6,5688.0,5909.0,7591.0,17.94,17.94,18.45,19188.0
2025-03-08,7,16033.0,5.27,7.46,6101.0,6216.0,7897.0,18.08,18.08,18.62,20214.0
2025-03-08,8,16522.0,4.7,7.04,6259.0,6330.0,8150.0,18.17,18.16,18.73,20740.0
2025-03-08,9,16825.0,4.15,6.57,6004.0,6051.0,7814.0,16.59,16.62,17.14,19868.0
2025-03-08,10,17124.0,3.87,6.39,5584.0,5310.0,7086.0,14.26,14.33,14.8,17980.0
2025-03-08,11,17202.0,3.75,6.31,5396.0,5176.0,7051.0,13.54,13.62,14.08,17622.0
2025-03-08,12,17367.0,3.68,6.32,5325.0,5163.0,7019.0,13.56,13.62,14.08,17507.0
2025-03-08,13,17505.0,3.67,6.36,5202.0,5230.0,6849.0,13.58,13.63,14.1,17280.0
2025-03-08,14,17623.0,3.72,6.43,5062.0,4982.0,6767.0,13.57,13.62,14.07,16811.0
2025-03-08,15,17662.0,3.82,6.54,5002.0,4936.0,6777.0,13.57,13.63,14.06,16715.0
2025-03-08,16,17567.0,3.85,6.58,5388.0,5322.0,7283.0,15.3,15.35,15.8,17993.0
2025-03-08,17,17813.0,3.67,6.53,5812.0,5915.0,7724.0,17.46,17.48,17.99,19450.0
2025-03-08,18,18143.0,3.44,6.42,5836.0,5935.0,7736.0,17.57,17.6,18.11,19507.0
2025-03-08,19,18112.0,3.25,6.22,5761.0,5846.0,7634.0,17.56,17.59,18.1,19241.0
2025-03-08,20,18128.0,3.2,6.1,5331.0,5339.0,6853.0,15.5,15.53,16.01,17523.0
2025-03-08,21,16846.0,3.36,5.73,4613.0,4535.0,5956.0,12.28,12.33,12.76,15104.0
2025-03-08,22,16735.0,3.75,6.04,3704.0,3494.0,4619.0,8.72,8.78,9.21,11818.0
2025-03-08,23,14953.0,4.48,8.72,3001.0,2787.0,3580.0,6.89,6.97,7.34,9367.0
2025-03-09,0,12988.0,5.06,8.31,3006.0,3071.0,3870.0,6.88,6.94,7.32,9947.0
2025-03-09,1,12580.0,5.47,8.08,2823.0,2875.0,3605.0,6.92,6.98,7.35,9302.0
2025-03-09,2,12258.0,5.9,8.34,2659.0,2719.0,3435.0,6.92,6.97,7.34,8813.0
2025-03-09,3,12537.0,6.37,8.27,2589.0,2683.0,3499.0,6.89,6.96,7.32,8771.0
2025-03-09,4,13473.0,6.85,7.58,3204.0,3365.0,4310.0,8.83,8.89,9.25,10879.0
2025-03-09,5,12771.0,6.86,7.41,4461.0,4728.0,6069.0,14.22,14.25,14.67,15258.0
2025-03-09,6,14148.0,6.26,7.53,5575.0,5803.0,7431.0,18.01,18.01,18.52,18809.0
2025-03-09,7,16048.0,5.67,7.79,6063.0,6209.0,7927.0,18.15,18.15,18.7,20199.0
2025-03-09,8,16197.0,5.03,7.27,6370.0,6468.0,8157.0,18.15,18.16,18.72,20995.0
2025-03-09,9,16403.0,4.74,6.97,4894.0,4766.0,6501.0,11.88,11.92,12.33,16161.0
2025-03-09,10,16640.0,4.55,6.98,5919.0,5768.0,7525.0,14.66,14.72,15.14,19212.0
2025-03-09,11,16460.0,4.27,7.04,5564.0,5529.0,6934.0,13.73,13.78,14.29,18028.0
2025-03-09,12,16871.0,4.08,6.82,5434.0,5460.0,6890.0,13.66,13.71,14.21,17785.0
2025-03-09,13,16955.0,3.97,6.75,5224.0,5334.0,6901.0,13.69,13.72,14.21,17459.0
2025-03-09,14,17050.0,3.94,6.72,5047.0,5218.0,6729.0,13.59,13.62,14.1,16994.0
2025-03-09,15,17245.0,3.95,6.79,4994.0,5190.0,6727.0,13.59,13.61,14.08,16910.0
2025-03-09,16,17136.0,3.89,6.76,5450.0,5680.0,7377.0,15.46,15.45,15.94,18506.0
2025-03-09,17,17181.0,3.55,6.46,5992.0,6187.0,8008.0,17.53,17.52,18.07,20187.0
2025-03-09,18,17442.0,3.12,6.12,6107.0,6217.0,7925.0,17.82,17.82,18.37,20249.0
2025-03-09,19,17776.0,2.78,5.88,5967.0,6031.0,7660.0,17.56,17.57,18.1,19658.0
2025-03-09,20,18032.0,2.6,5.48,5538.0,5535.0,7096.0,15.7,15.73,16.23,18169.0
2025-03-09,21,17948.0,2.76,5.55,4644.0,4513.0,5802.0,12.27,12.32,12.8,14958.0
2025-03-09,22,18019.0,3.37,6.1,3689.0,3409.0,4392.0,8.71,8.78,9.19,11490.0
2025-03-09,23,15893.0,4.35,9.58,2925.0,2624.0,3455.0,6.84,6.91,7.28,9005.0
2025-03-10,0,13089.0,5.03,9.66,2953.0,2987.0,3765.0,6.8,6.85,7.23,9705.0
2025-03-10,1,12555.0,5.43,9.6,2767.0,2850.0,3599.0,6.8,6.85,7.24,9216.0
2025-03-10,2,12274.0,5.88,9.86,2624.0,2716.0,3500.0,6.82,6.87,7.23,8841.0
2025-03-10,3,12330.0,6.34,10.18,2588.0,2706.0,3642.0,6.9,6.95,7.31,8936.0
2025-03-10,4,13421.0,6.74,7.72,3274.0,3444.0,4574.0,9.01,9.05,9.41,11292.0
2025-03-10,5,13932.0,6.7,7.56,4668.0,4904.0,6473.0,14.37,14.38,14.82,16045.0
2025-03-10,6,15360.0,6.18,7.78,6037.0,6598.0,8032.0,18.18,18.14,18.72,20667.0
2025-03-10,7,15776.0,5.34,7.46,6516.0,7066.0,8501.0,18.71,18.64,19.27,22082.0
2025-03-10,8,16460.0,4.54,6.88,6424.0,6469.0,8220.0,18.44,18.46,19.03,21112.0
2025-03-10,9,16805.0,3.96,6.44,6028.0,5991.0,7797.0,17.02,17.05,17.58,19816.0
2025-03-10,10,17327.0,3.67,6.31,5471.0,5447.0,7063.0,14.45,14.49,14.99,17981.0
2025-03-10,11,17307.0,3.62,6.26,5197.0,5252.0,6752.0,13.41,13.44,13.93,17201.0
2025-03-10,12,17496.0,3.63,6.32,5111.0,5281.0,6740.0,13.4,13.41,13.91,17133.0
2025-03-10,13,17556.0,3.69,6.38,4996.0,5110.0,6658.0,13.39,13.42,13.9,16764.0
2025-03-10,14,17463.0,3.8,6.48,4898.0,5021.0,6555.0,13.39,13.42,13.88,16473.0
2025-03-10,15,17421.0,3.91,6.56,4914.0,5013.0,6579.0,13.38,13.41,13.87,16506.0
2025-03-10,16,17341.0,3.98,6.64,5138.0,5233.0,6905.0,13.65,13.68,14.16,17276.0
2025-03-10,17,17310.0,3.81,6.47,5881.0,6014.0,7923.0,16.6,16.59,17.12,19818.0
2025-03-10,18,17508.0,3.32,6.11,6348.0,6426.0,8305.0,18.7,18.69,19.25,21079.0
2025-03-10,19,17842.0,2.87,5.77,6189.0,6286.0,8089.0,18.65,18.67,19.21,20564.0
2025-03-10,20,18043.0,2.52,5.46,6119.0,6193.0,7898.0,18.49,18.51,19.05,20210.0
2025-03-10,21,18086.0,2.33,5.45,5342.0,5347.0,6820.0,15.36,15.4,15.9,17509.0
2025-03-10,22,18414.0,2.73,5.65,4048.0,3911.0,5064.0,9.75,9.79,10.26,13022.0
2025-03-10,23,18415.0,3.69,6.57,3069.0,2851.0,3777.0,6.95,6.99,7.39,9697.0
2025-03-11,0,14685.0,4.63,6.33,3034.0,3058.0,3845.0,6.93,6.96,7.36,9937.0
2025-03-11,1,14154.0,5.21,6.69,2889.0,2960.0,3789.0,6.96,6.98,7.38,9638.0
2025-03-11,2,13908.0,5.81,7.22,2766.0,2810.0,3613.0,6.95,6.98,7.37,9190.0
2025-03-11,3,13995.0,6.47,7.53,2718.0,2774.0,3595.0,6.96,6.98,7.37,9086.0
2025-03-11,4,12991.0,6.92,7.5,3547.0,3649.0,4744.0,9.5,9.5,9.91,11940.0
2025-03-11,5,12715.0,6.71,7.39,4935.0,5156.0,6675.0,15.01,15.02,15.48,16766.0
2025-03-11,6,14726.0,5.91,7.62,6140.0,6712.0,8003.0,18.21,18.18,18.77,20855.0
2025-03-11,7,16180.0,5.09,7.4,6535.0,6750.0,8424.0,18.61,18.61,19.19,21709.0
2025-03-11,8,16572.0,4.34,6.77,6474.0,6500.0,8338.0,18.63,18.65,19.22,21313.0
2025-03-11,9,16882.0,3.78,6.3,5964.0,5884.0,7581.0,16.93,16.97,17.52,19428.0
2025-03-11,10,17291.0,3.55,6.23,5470.0,5437.0,7066.0,14.51,14.54,15.04,17972.0
2025-03-11,11,17388.0,3.45,6.15,5248.0,5551.0,6850.0,13.42,13.42,13.94,17649.0
2025-03-11,12,17534.0,3.4,6.16,5191.0,5549.0,6728.0,13.43,13.41,13.95,17468.0
2025-03-11,13,17598.0,3.45,6.19,5030.0,5116.0,6676.0,13.39,13.42,13.9,16822.0
2025-03-11,14,17551.0,3.57,6.29,4916.0,5038.0,6594.0,13.4,13.42,13.89,16549.0
2025-03-11,15,17622.0,3.71,6.43,4952.0,5043.0,6502.0,13.46,13.48,13.95,16498.0
2025-03-11,16,17384.0,3.79,6.5,5179.0,5273.0,6888.0,13.82,13.82,14.31,17341.0
2025-03-11,17,17337.0,3.65,6.35,5850.0,5949.0,7850.0,16.29,16.28,16.8,19649.0
2025-03-11,18,17584.0,3.16,5.98,6421.0,6510.0,8466.0,19.03,19.01,19.59,21397.0
2025-03-11,19,17887.0,2.7,5.63,6307.0,6391.0,8083.0,18.95,18.95,19.51,20781.0
2025-03-11,20,17185.0,2.26,6.22,6233.0,6338.0,8028.0,18.8,18.79,19.35,20599.0
2025-03-11,21,16477.0,1.85,7.06,5432.0,5404.0,6923.0,15.59,15.63,16.13,17759.0
2025-03-11,22,16892.0,2.02,7.23,4069.0,3897.0,5020.0,9.86,9.94,10.39,12986.0
2025-03-11,23,16984.0,2.82,7.35,3065.0,2854.0,3871.0,6.91,6.98,7.36,9790.0
2025-03-12,0,14791.0,3.63,7.02,3031.0,3081.0,3925.0,6.89,6.96,7.33,10037.0
2025-03-12,1,14398.0,4.26,7.39,2829.0,2914.0,3706.0,6.92,6.98,7.35,9449.0
2025-03-12,2,15000.0,4.98,6.84,2607.0,2690.0,3553.0,6.59,6.65,7.02,8850.0
2025-03-12,3,14617.0,5.81,7.38,2521.0,2573.0,3453.0,6.44,6.5,6.86,8546.0
2025-03-12,4,13967.0,6.49,7.52,3183.0,3317.0,4333.0,8.4,8.45,8.81,10833.0
2025-03-12,5,13180.0,6.48,7.4,4754.0,4971.0,6513.0,14.22,14.23,14.69,16238.0
2025-03-12,6,14339.0,5.78,7.43,6148.0,6318.0,8042.0,18.22,18.22,18.77,20508.0
2025-03-12,7,15517.0,4.87,6.92,6566.0,6606.0,8431.0,18.7,18.7,19.26,21604.0
2025-03-12,8,16674.0,4.1,6.55,6528.0,6530.0,8414.0,18.65,18.68,19.24,21473.0
2025-03-12,9,17021.0,3.52,6.09,6017.0,5931.0,7639.0,16.74,16.78,17.33,19587.0
2025-03-12,10,17417.0,3.31,6.01,5453.0,5401.0,6886.0,14.19,14.23,14.73,17740.0
2025-03-12,11,17455.0,3.29,5.99,5124.0,5190.0,6737.0,13.29,13.32,13.81,17051.0
2025-03-12,12,17635.0,3.34,6.09,5091.0,5165.0,6680.0,13.3,13.32,13.81,16936.0
2025-03-12,13,17594.0,3.44,6.17,4981.0,5087.0,6550.0,13.29,13.32,13.79,16617.0
2025-03-12,14,17539.0,3.57,6.26,4922.0,5029.0,6537.0,13.28,13.31,13.78,16488.0
2025-03-12,15,17503.0,3.7,6.35,4929.0,5025.0,6514.0,13.28,13.31,13.77,16467.0
2025-03-12,16,17313.0,3.76,6.39,5157.0,5259.0,6867.0,13.63,13.65,14.14,17283.0
2025-03-12,17,17219.0,3.6,6.24,5855.0,5966.0,7846.0,16.31,16.3,16.83,19667.0
2025-03-12,18,17783.0,3.11,5.98,6444.0,6519.0,8439.0,19.08,19.07,19.64,21401.0
2025-03-12,19,18030.0,2.68,5.64,6250.0,6295.0,7943.0,18.85,18.86,19.42,20487.0
2025-03-12,20,17775.0,2.31,5.72,6241.0,6280.0,7981.0,18.75,18.76,19.32,20502.0
2025-03-12,21,17783.0,2.01,5.81,5457.0,5474.0,7061.0,15.71,15.76,16.25,17992.0
2025-03-12,22,18167.0,2.31,5.9,4108.0,3943.0,4988.0,9.99,10.07,10.5,13039.0
2025-03-12,23,17877.0,3.29,6.3,3025.0,2780.0,3739.0,6.9,6.97,7.35,9544.0
2025-03-13,0,14856.0,4.19,6.18,3016.0,3103.0,3964.0,6.91,6.97,7.35,10083.0
2025-03-13,1,14137.0,4.77,6.47,2859.0,2937.0,3685.0,6.93,6.99,7.37,9482.0
2025-03-13,2,13818.0,5.39,6.94,2681.0,2783.0,3547.0,6.83,6.88,7.26,9012.0
2025-03-13,3,13705.0,6.03,7.31,2579.0,2671.0,3509.0,6.5,6.56,6.92,8759.0
2025-03-13,4,13450.0,6.58,7.45,3225.0,3338.0,4371.0,8.4,8.44,8.81,10933.0
2025-03-13,5,13203.0,6.54,7.42,4744.0,4964.0,6436.0,14.1,14.12,14.53,16144.0
2025-03-13,6,15181.0,5.89,7.72,6104.0,6259.0,8038.0,18.12,18.11,18.65,20401.0
2025-03-13,7,15982.0,5.14,7.38,6495.0,6532.0,8295.0,18.65,18.66,19.23,21322.0
2025-03-13,8,16380.0,4.46,6.8,6454.0,6416.0,8050.0,18.53,18.57,19.13,20919.0
2025-03-13,9,16658.0,3.87,6.3,6080.0,5995.0,7733.0,17.07,17.11,17.66,19809.0
2025-03-13,10,17306.0,3.61,6.2,5406.0,5297.0,6703.0,14.28,14.35,14.83,17406.0
2025-03-13,11,17320.0,3.69,6.28,4970.0,4909.0,6413.0,13.18,13.23,13.68,16292.0
2025-03-13,12,17359.0,3.79,6.42,4934.0,4997.0,6603.0,13.37,13.4,13.87,16534.0
2025-03-13,13,17696.0,3.88,6.59,4919.0,5034.0,6474.0,13.39,13.42,13.89,16427.0
2025-03-13,14,17556.0,4.03,6.74,4813.0,4941.0,6401.0,13.29,13.31,13.78,16155.0
2025-03-13,15,17602.0,4.19,6.88,4835.0,4973.0,6541.0,13.33,13.36,13.82,16349.0
2025-03-13,16,17138.0,4.28,6.86,5032.0,5080.0,6681.0,13.58,13.61,14.08,16793.0
2025-03-13,17,16975.0,4.17,6.73,5694.0,5780.0,7600.0,16.46,16.48,16.97,19074.0
2025-03-13,18,17238.0,3.78,6.41,6083.0,6154.0,7957.0,18.68,18.69,19.22,20193.0
2025-03-13,19,17509.0,3.45,6.1,5946.0,5980.0,7609.0,18.41,18.43,18.96,19535.0
2025-03-13,20,17590.0,3.16,5.84,5934.0,5952.0,7573.0,18.37,18.39,18.92,19458.0
2025-03-13,21,17663.0,3.02,5.68,5122.0,5068.0,6613.0,15.33,15.36,15.85,16803.0
2025-03-13,22,17552.0,3.41,5.96,3926.0,3706.0,4619.0,9.6,9.65,10.1,12251.0
2025-03-13,23,15002.0,4.2,8.74,3025.0,2764.0,3643.0,6.94,6.98,7.36,9432.0
2025-03-14,0,12635.0,4.74,8.85,3011.0,3050.0,3866.0,6.94,6.95,7.35,9928.0
2025-03-14,1,13228.0,5.16,7.09,2809.0,2848.0,3617.0,6.86,6.89,7.28,9274.0
2025-03-14,2,12878.0,5.66,7.45,2709.0,2792.0,3650.0,6.85,6.87,7.26,9151.0
2025-03-14,3,12783.0,6.13,7.45,2691.0,2776.0,3710.0,6.89,6.9,7.3,9176.0
2025-03-14,4,13185.0,6.54,7.33,3339.0,3462.0,4544.0,9.01,9.01,9.39,11345.0
2025-03-14,5,13804.0,6.51,7.47,4697.0,4921.0,6527.0,14.35,14.34,14.78,16145.0
2025-03-14,6,15636.0,5.97,7.78,5954.0,6125.0,7979.0,18.08,18.08,18.64,20058.0
2025-03-14,7,15687.0,5.26,7.34,6350.0,6422.0,8237.0,18.56,18.58,19.13,21010.0
2025-03-14,8,16098.0,4.54,6.75,6289.0,6307.0,8207.0,18.52,18.54,19.09,20804.0
2025-03-14,9,16359.0,3.93,6.28,5967.0,5655.0,7715.0,17.1,17.18,17.67,19336.0
2025-03-14,10,16687.0,3.63,6.07,5464.0,5189.0,7009.0,14.47,14.54,15.02,17662.0
2025-03-14,11,15959.0,3.43,5.65,5207.0,5116.0,6940.0,13.4,13.44,13.91,17263.0
2025-03-14,12,16242.0,3.27,5.57,5124.0,5103.0,6871.0,13.51,13.54,14.01,17098.0
2025-03-14,13,17267.0,3.25,5.88,4984.0,4897.0,6779.0,13.47,13.51,13.97,16661.0
2025-03-14,14,17271.0,3.35,5.96,4889.0,4777.0,6766.0,13.47,13.52,13.96,16432.0
2025-03-14,15,17587.0,3.49,6.21,4818.0,4731.0,6709.0,13.46,13.5,13.94,16258.0
2025-03-14,16,17530.0,3.63,6.37,4929.0,4930.0,6827.0,13.54,13.58,14.04,16687.0
2025-03-14,17,17394.0,3.59,6.3,5583.0,5708.0,7693.0,16.36,16.37,16.87,18983.0
2025-03-14,18,17559.0,3.22,6.03,6066.0,6157.0,8202.0,18.59,18.59,19.12,20425.0
2025-03-14,19,17849.0,2.89,5.76,5864.0,5841.0,7598.0,17.89,17.91,18.34,19302.0
2025-03-14,20,17931.0,2.69,5.58,6038.0,6062.0,7792.0,18.34,18.37,18.89,19892.0
2025-03-14,21,18100.0,2.54,5.41,5323.0,5250.0,6847.0,15.27,15.31,15.81,17420.0
2025-03-14,22,18280.0,2.93,5.77,4024.0,3777.0,4822.0,9.62,9.71,10.14,12622.0
2025-03-14,23,17618.0,3.89,6.44,3053.0,2828.0,3782.0,6.89,6.98,7.33,9663.0
2025-03-15,0,15183.0,4.77,6.59,3067.0,3097.0,4027.0,6.86,6.93,7.33,10191.0
2025-03-15,1,12256.0,5.27,8.65,2844.0,2886.0,3780.0,6.88,6.95,7.32,9510.0
2025-03-15,2,12097.0,5.61,9.12,2690.0,2739.0,3657.0,6.91,6.98,7.34,9086.0
2025-03-15,3,14387.0,6.16,7.51,2643.0,2760.0,3735.0,6.92,6.99,7.35,9138.0
2025-03-15,4,14025.0,6.71,7.57,3392.0,3564.0,4680.0,9.37,9.43,9.79,11636.0
2025-03-15,5,15606.0,6.81,7.94,4679.0,4905.0,6475.0,14.93,14.94,15.37,16058.0
2025-03-15,6,16224.0,6.54,8.04,5817.0,5975.0,7792.0,18.07,18.08,18.59,19584.0
2025-03-15,7,15674.0,5.86,7.79,6405.0,6422.0,8318.0,18.35,18.37,18.92,21146.0
2025-03-15,8,16075.0,5.09,7.35,6548.0,6483.0,8307.0,18.33,18.35,18.92,21338.0
2025-03-15,9,16417.0,4.39,6.76,6225.0,6168.0,8053.0,16.63,16.67,17.21,20447.0
2025-03-15,10,16917.0,3.97,6.49,5732.0,5654.0,7201.0,14.07,14.11,14.64,18586.0
2025-03-15,11,17049.0,3.76,6.32,5492.0,5476.0,7048.0,13.37,13.4,13.91,18016.0
2025-03-15,12,17279.0,3.63,6.28,5374.0,5452.0,7066.0,13.41,13.43,13.93,17892.0
2025-03-15,13,17396.0,3.57,6.24,5236.0,5320.0,6868.0,13.4,13.42,13.93,17424.0
2025-03-15,14,17457.0,3.58,6.24,5139.0,5239.0,6778.0,13.39,13.41,13.9,17155.0
2025-03-15,15,17454.0,3.6,6.29,5087.0,5219.0,6840.0,13.39,13.41,13.89,17146.0
2025-03-15,16,17332.0,3.54,6.23,5536.0,5691.0,7421.0,15.44,15.43,15.92,18647.0
2025-03-15,17,17424.0,3.2,5.94,6068.0,6182.0,8201.0,17.69,17.67,18.22,20451.0
2025-03-15,18,17626.0,2.73,5.55,6259.0,6316.0,8309.0,18.28,18.29,18.85,20884.0
2025-03-15,19,17703.0,2.35,5.61,6088.0,6063.0,7765.0,17.91,17.93,18.47,19916.0
2025-03-15,20,16895.0,2.02,6.68,5604.0,5538.0,7154.0,15.87,15.91,16.43,18297.0
2025-03-15,21,17971.0,2.06,5.52,4784.0,4635.0,6151.0,12.45,12.51,12.98,15569.0
2025-03-15,22,18340.0,2.64,5.6,3854.0,3611.0,4613.0,8.98,9.06,9.48,12078.0
2025-03-15,23,17685.0,3.63,6.23,3108.0,2894.0,3849.0,6.92,6.99,7.37,9850.0
2025-03-16,0,15635.0,4.54,6.52,3118.0,3108.0,4010.0,6.91,6.96,7.35,10237.0
2025-03-16,1,13613.0,5.16,7.72,2910.0,2911.0,3675.0,6.92,6.98,7.35,9496.0
2025-03-16,2,13977.0,5.71,7.66,2663.0,2653.0,3457.0,6.72,6.77,7.14,8773.0
2025-03-16,3,14363.0,6.47,7.58,2606.0,2649.0,3548.0,6.8,6.86,7.23,8803.0
2025-03-16,4,12686.0,6.99,8.75,3289.0,3408.0,4317.0,8.96,9.0,9.37,11014.0
2025-03-16,5,13478.0,6.95,7.67,4506.0,4709.0,6058.0,14.12,14.13,14.52,15273.0
2025-03-16,6,15949.0,6.58,8.0,5766.0,5884.0,7553.0,18.17,18.17,18.69,19202.0
2025-03-16,7,15551.0,5.95,7.78,6342.0,6390.0,8163.0,18.36,18.36,18.93,20894.0
2025-03-16,8,15937.0,5.12,7.32,6632.0,6658.0,8511.0,18.42,18.42,19.01,21800.0
2025-03-16,9,16510.0,4.35,6.76,6405.0,6388.0,8247.0,17.0,17.02,17.58,21039.0
2025-03-16,10,17006.0,3.88,6.43,5864.0,5762.0,7322.0,14.19,14.25,14.79,18948.0
2025-03-16,11,17016.0,3.63,6.21,5615.0,5528.0,7014.0,13.49,13.54,14.06,18158.0
2025-03-16,12,17367.0,3.49,6.16,5461.0,5461.0,6974.0,13.39,13.42,13.93,17896.0
2025-03-16,13,17400.0,3.44,6.13,5344.0,5343.0,6806.0,13.38,13.42,13.93,17492.0
2025-03-16,14,17445.0,3.44,6.12,5241.0,5264.0,6775.0,13.4,13.43,13.93,17280.0
2025-03-16,15,17448.0,3.46,6.11,5165.0,5242.0,6756.0,13.42,13.44,13.92,17163.0
2025-03-16,16,17339.0,3.4,6.03,5613.0,5713.0,7359.0,15.48,15.5,16.01,18685.0
2025-03-16,17,17317.0,3.04,5.74,6171.0,6268.0,8170.0,17.66,17.66,18.22,20609.0
2025-03-16,18,17616.0,2.56,5.36,6281.0,6349.0,8201.0,17.87,17.87,18.43,20831.0
2025-03-16,19,17715.0,2.16,5.41,6044.0,6087.0,7729.0,17.6,17.63,18.16,19861.0
2025-03-16,20,17992.0,1.96,5.58,5591.0,5539.0,7070.0,15.5,15.54,16.06,18199.0
2025-03-16,21,18190.0,2.08,5.6,4778.0,4642.0,6100.0,12.41,12.47,12.91,15520.0
2025-03-16,22,18522.0,2.74,5.74,3728.0,3413.0,4390.0,8.54,8.59,9.02,11530.0
2025-03-16,23,17767.0,3.83,6.47,2985.0,2612.0,3485.0,6.86,6.91,7.3,9081.0
2025-03-17,0,14867.0,4.78,6.51,3034.0,3042.0,3846.0,6.82,6.85,7.25,9921.0
2025-03-17,1,13342.0,5.38,8.39,2839.0,2868.0,3634.0,6.86,6.88,7.28,9341.0
2025-03-17,2,12366.0,5.83,9.84,2675.0,2718.0,3606.0,6.86,6.88,7.27,8999.0
2025-03-17,3,11704.0,6.24,9.77,2638.0,2714.0,3766.0,6.82,6.85,7.23,9118.0
2025-03-17,4,13698.0,6.59,7.93,3343.0,3441.0,4642.0,9.11,9.11,9.51,11426.0
2025-03-17,5,13120.0,6.54,7.39,4745.0,4921.0,6525.0,14.39,14.39,14.84,16191.0
2025-03-17,6,14260.0,5.85,7.45,6100.0,6232.0,8087.0,18.11,18.12,18.66,20419.0
2025-03-17,7,15963.0,4.97,7.11,6529.0,6553.0,8558.0,18.48,18.5,19.06,21640.0
2025-03-17,8,16599.0,4.27,6.67,6462.0,6371.0,8305.0,18.55,18.58,19.13,21138.0
2025-03-17,9,16928.0,3.69,6.19,6073.0,6030.0,8039.0,17.36,17.4,17.91,20143.0
2025-03-17,10,17473.0,3.39,6.05,5488.0,5487.0,7158.0,14.64,14.67,15.17,18133.0
2025-03-17,11,17451.0,3.34,5.99,5226.0,5236.0,6864.0,13.58,13.61,14.1,17326.0
2025-03-17,12,17553.0,3.33,6.04,5159.0,5262.0,6944.0,13.6,13.62,14.11,17365.0
2025-03-17,13,17524.0,3.36,6.06,5034.0,5125.0,6829.0,13.6,13.62,14.11,16987.0
2025-03-17,14,17483.0,3.42,6.07,4954.0,5048.0,6596.0,13.63,13.64,14.1,16597.0
2025-03-17,15,17577.0,3.53,6.22,4977.0,5071.0,6756.0,13.64,13.65,14.09,16804.0
2025-03-17,16,17615.0,3.59,6.34,5110.0,5228.0,7022.0,13.63,13.64,14.13,17360.0
2025-03-17,17,17435.0,3.48,6.18,5763.0,5834.0,7745.0,16.12,16.14,16.63,19343.0
2025-03-17,18,17525.0,3.06,5.83,6261.0,6332.0,8328.0,18.53,18.55,19.09,20920.0
2025-03-17,19,17821.0,2.63,5.46,6152.0,6199.0,8093.0,18.58,18.59,19.13,20444.0
2025-03-17,20,17752.0,2.26,5.36,6128.0,6108.0,7839.0,18.56,18.59,19.12,20075.0
2025-03-17,21,17704.0,2.02,5.44,5409.0,5371.0,7029.0,15.89,15.93,16.42,17809.0
2025-03-17,22,18146.0,2.35,5.5,3375.0,3930.0,4904.0,9.84,9.87,10.34,12208.0
2025-03-17,23,17786.0,3.54,6.13,775.0,3245.0,3709.0,7.0,6.95,7.36,7729.0
2025-03-18,0,15588.0,4.68,6.65,2064.0,3374.0,4011.0,6.94,6.95,7.35,9449.0
2025-03-18,1,12071.0,5.19,9.04,2846.0,2862.0,3742.0,6.89,6.96,7.33,9450.0
2025-03-18,2,13861.0,5.66,7.82,2690.0,2743.0,3627.0,6.91,6.98,7.34,9060.0
2025-03-18,3,14349.0,6.34,7.58,2619.0,2713.0,3749.0,6.91,6.98,7.34,9081.0
2025-03-18,4,13780.0,6.91,7.62,3311.0,3431.0,4703.0,9.08,9.15,9.5,11444.0
2025-03-18,5,13038.0,6.83,7.47,4730.0,4891.0,6619.0,14.43,14.47,14.88,16240.0
2025-03-18,6,15351.0,6.16,7.78,6104.0,6245.0,8286.0,18.47,18.48,19.01,20635.0
2025-03-18,7,15634.0,5.34,7.43,6495.0,6581.0,8603.0,18.87,18.88,19.45,21679.0
2025-03-18,8,16005.0,4.57,6.75,6369.0,6355.0,8293.0,18.66,18.68,19.23,21017.0
2025-03-18,9,16410.0,3.93,6.24,5981.0,5953.0,7920.0,17.17,17.2,17.73,19854.0
2025-03-18,10,16950.0,3.62,6.1,5432.0,5355.0,6955.0,14.39,14.43,14.95,17742.0
2025-03-18,11,16999.0,3.53,6.04,5138.0,5133.0,6771.0,13.36,13.4,13.88,17042.0
2025-03-18,12,17178.0,3.49,6.07,5072.0,5143.0,6908.0,13.4,13.42,13.9,17123.0
2025-03-18,13,17131.0,3.51,6.07,4945.0,5060.0,6765.0,13.4,13.41,13.9,16769.0
2025-03-18,14,17237.0,3.58,6.13,4901.0,4977.0,6603.0,13.39,13.41,13.88,16481.0
2025-03-18,15,17173.0,3.65,6.19,4866.0,4988.0,6684.0,13.39,13.4,13.86,16539.0
2025-03-18,16,16954.0,3.67,6.15,5087.0,5197.0,7018.0,13.74,13.74,14.22,17301.0
2025-03-18,17,16926.0,3.45,5.97,5854.0,5957.0,7943.0,16.71,16.71,17.24,19754.0
2025-03-18,18,17333.0,2.94,5.61,6289.0,6349.0,8416.0,18.72,18.74,19.28,21053.0
2025-03-18,19,17705.0,2.47,5.33,6169.0,6266.0,8153.0,18.66,18.68,19.22,20587.0
2025-03-18,20,17657.0,2.05,5.41,6121.0,6200.0,7875.0,18.37,18.39,18.94,20197.0
2025-03-18,21,17566.0,1.8,5.39,5399.0,5349.0,7062.0,15.48,15.53,16.05,17811.0
2025-03-18,22,18028.0,2.09,5.49,4002.0,3845.0,5017.0,9.63,9.68,10.12,12865.0
2025-03-18,23,17657.0,3.07,5.62,3061.0,2876.0,3803.0,7.03,7.07,7.47,9740.0
2025-03-19,0,15687.0,3.97,5.93,3010.0,3025.0,4064.0,7.05,7.07,7.47,10100.0
2025-03-19,1,15015.0,4.69,6.38,2798.0,2844.0,3832.0,7.06,7.08,7.48,9474.0
2025-03-19,2,14515.0,5.41,6.98,2694.0,2731.0,3606.0,7.06,7.08,7.47,9030.0
2025-03-19,3,13663.0,6.07,7.34,2697.0,2765.0,3782.0,7.06,7.08,7.47,9245.0
2025-03-19,4,13822.0,6.55,7.49,3441.0,3550.0,4768.0,9.46,9.45,9.86,11759.0
2025-03-19,5,14115.0,6.5,7.57,4750.0,4916.0,6671.0,14.78,14.79,15.22,16337.0
2025-03-19,6,15825.0,6.01,7.85,6075.0,6201.0,8269.0,18.39,18.39,18.92,20544.0
2025-03-19,7,15765.0,5.21,7.31,6477.0,6537.0,8603.0,18.88,18.88,19.44,21617.0
2025-03-19,8,16088.0,4.44,6.65,6420.0,6474.0,8329.0,18.69,18.69,19.26,21224.0
2025-03-19,9,16520.0,3.81,6.13,5975.0,5988.0,7948.0,17.19,17.21,17.74,19912.0
2025-03-19,10,17039.0,3.49,5.98,5423.0,5327.0,7108.0,14.56,14.6,15.09,17858.0
2025-03-19,11,16987.0,3.43,5.92,5128.0,5082.0,6759.0,13.36,13.4,13.88,16970.0
2025-03-19,12,17232.0,3.41,5.96,5047.0,5128.0,6848.0,13.39,13.41,13.89,17024.0
2025-03-19,13,17219.0,3.45,5.99,4940.0,4996.0,6664.0,13.38,13.41,13.89,16599.0
2025-03-19,14,17133.0,3.53,6.06,4897.0,4900.0,6600.0,13.37,13.41,13.87,16397.0
2025-03-19,15,17158.0,3.6,6.13,4933.0,4941.0,6805.0,13.38,13.4,13.85,16679.0
2025-03-19,16,17041.0,3.59,6.1,5203.0,5188.0,7124.0,13.87,13.89,14.37,17515.0
2025-03-19,17,17012.0,3.38,5.93,5848.0,5831.0,7816.0,16.25,16.27,16.79,19495.0
2025-03-19,18,17262.0,2.92,5.57,6327.0,6262.0,8276.0,18.89,18.92,19.45,20865.0
2025-03-19,19,17631.0,2.46,5.26,6189.0,6110.0,8110.0,18.96,18.98,19.51,20410.0
2025-03-19,20,17582.0,2.03,5.41,6189.0,6658.0,7842.0,18.72,18.67,19.28,20689.0
2025-03-19,21,17681.0,1.72,5.39,5411.0,5512.0,6972.0,15.66,15.7,16.21,17895.0
2025-03-19,22,17815.0,1.99,5.42,4216.0,4030.0,5266.0,10.05,10.13,10.57,13511.0
2025-03-19,23,17808.0,2.87,5.48,3211.0,2977.0,3669.0,6.75,6.82,7.2,9856.0
2025-03-20,0,16144.0,3.8,5.83,3148.0,3179.0,4028.0,6.79,6.85,7.24,10355.0
2025-03-20,1,15452.0,4.52,6.31,2997.0,3210.0,3909.0,6.83,6.87,7.26,10116.0
2025-03-20,2,15005.0,5.22,6.88,2815.0,2949.0,3680.0,6.64,6.69,7.07,9444.0
2025-03-20,3,14552.0,5.98,7.42,2688.0,2725.0,3379.0,6.43,6.48,6.86,8792.0
2025-03-20,4,14097.0,6.59,7.5,3308.0,3386.0,4533.0,8.68,8.72,9.09,11226.0
2025-03-20,5,14154.0,6.64,7.55,4706.0,4858.0,6536.0,14.32,14.34,14.77,16099.0
2025-03-20,6,15094.0,6.1,7.67,6072.0,6264.0,8048.0,18.21,18.19,18.74,20384.0
2025-03-20,7,15589.0,5.27,7.28,6495.0,6465.0,8506.0,18.67,18.68,19.24,21467.0
2025-03-20,8,16137.0,4.52,6.68,6397.0,6279.0,8317.0,18.64,18.67,19.21,20993.0
2025-03-20,9,16483.0,3.93,6.22,5966.0,5826.0,7711.0,16.97,17.01,17.53,19503.0
2025-03-20,10,16938.0,3.63,6.08,5468.0,5337.0,7088.0,14.52,14.57,15.06,17893.0
2025-03-20,11,17041.0,3.55,6.02,5146.0,5062.0,6835.0,13.46,13.5,13.97,17044.0
2025-03-20,12,17117.0,3.54,6.06,5069.0,5142.0,6689.0,13.49,13.52,14.0,16899.0
2025-03-20,13,17189.0,3.57,6.1,4948.0,5078.0,6677.0,13.48,13.51,13.99,16702.0
2025-03-20,14,17191.0,3.62,6.16,4883.0,4971.0,6704.0,13.47,13.5,13.97,16558.0
2025-03-20,15,17187.0,3.68,6.2,4919.0,4951.0,6768.0,13.48,13.5,13.96,16638.0
2025-03-20,16,17189.0,3.71,6.26,5103.0,5106.0,6887.0,13.54,13.57,14.04,17095.0
2025-03-20,17,17076.0,3.53,6.09,5886.0,5923.0,8007.0,16.89,16.92,17.4,19816.0
2025-03-20,18,17349.0,3.05,5.71,6215.0,6260.0,8359.0,18.83,18.85,19.38,20834.0
2025-03-20,19,17708.0,2.64,5.38,6067.0,6064.0,7879.0,18.67,18.7,19.22,20010.0
2025-03-20,20,17702.0,2.32,5.3,6014.0,5928.0,7749.0,18.41,18.46,18.98,19691.0
2025-03-20,21,17734.0,2.12,5.36,5271.0,5266.0,6947.0,15.39,15.42,15.91,17484.0
2025-03-20,22,18061.0,2.48,5.4,3941.0,3761.0,4861.0,9.65,9.69,10.14,12562.0
2025-03-20,23,17347.0,3.45,5.85,3011.0,2826.0,3638.0,6.99,7.03,7.42,9475.0
2025-03-21,0,14924.0,4.28,7.19,3013.0,3043.0,3909.0,6.95,6.96,7.37,9965.0
2025-03-21,1,14587.0,4.93,6.75,2811.0,2846.0,3740.0,6.97,6.99,7.38,9396.0
2025-03-21,2,13781.0,5.59,7.6,2655.0,2690.0,3591.0,6.95,6.97,7.36,8936.0
2025-03-21,3,13195.0,6.18,7.86,2615.0,2707.0,3709.0,6.95,6.97,7.35,9032.0
2025-03-21,4,13929.0,6.65,7.59,3304.0,3450.0,4675.0,9.19,9.18,9.57,11429.0
2025-03-21,5,13417.0,6.65,7.4,4692.0,4843.0,6527.0,14.47,14.46,14.9,16061.0
2025-03-21,6,15155.0,6.04,7.65,6011.0,6108.0,8113.0,18.38,18.41,18.93,20232.0
2025-03-21,7,15723.0,5.26,7.29,6474.0,6448.0,8595.0,18.76,18.78,19.33,21518.0
2025-03-21,8,16090.0,4.52,6.67,6397.0,6303.0,8281.0,18.66,18.7,19.26,20981.0
2025-03-21,9,16468.0,3.94,6.21,5986.0,5882.0,7749.0,17.06,17.12,17.63,19616.0
2025-03-21,10,16967.0,3.64,6.06,5464.0,5344.0,7146.0,14.51,14.56,15.04,17953.0
2025-03-21,11,17010.0,3.55,6.0,5160.0,5117.0,6813.0,13.5,13.55,14.02,17090.0
2025-03-21,12,17335.0,3.53,6.1,5090.0,5105.0,6748.0,13.47,13.52,13.99,16942.0
2025-03-21,13,17476.0,3.58,6.22,4988.0,5023.0,6693.0,13.47,13.51,13.98,16704.0
2025-03-21,14,17420.0,3.66,6.27,4910.0,4933.0,6697.0,13.47,13.51,13.97,16539.0
2025-03-21,15,17259.0,3.76,6.32,4922.0,4930.0,6681.0,13.46,13.5,13.94,16534.0
2025-03-21,16,17090.0,3.79,6.35,5097.0,5097.0,6935.0,13.5,13.54,14.0,17129.0
2025-03-21,17,16857.0,3.6,6.12,5909.0,5912.0,7929.0,16.71,16.75,17.25,19751.0
2025-03-21,18,17199.0,3.1,5.72,6224.0,6170.0,8245.0,18.76,18.79,19.31,20639.0
2025-03-21,19,17537.0,2.69,5.39,6031.0,6000.0,7851.0,18.61,18.65,19.16,19883.0
2025-03-21,20,17671.0,2.38,5.24,5971.0,5937.0,7776.0,18.43,18.47,18.98,19685.0
2025-03-21,21,17558.0,2.19,5.33,5264.0,5140.0,6731.0,15.41,15.47,15.95,17135.0
2025-03-21,22,17996.0,2.54,5.37,4001.0,3757.0,4977.0,9.86,9.92,10.34,12735.0
2025-03-21,23,18885.0,3.55,6.49,3042.0,2820.0,3823.0,6.94,6.97,7.37,9686.0
2025-03-22,0,15616.0,4.64,8.21,2997.0,2984.0,3914.0,6.91,6.94,7.33,9895.0
2025-03-22,1,12877.0,5.16,8.9,2799.0,2817.0,3692.0,6.9,6.94,7.32,9309.0
2025-03-22,2,13146.0,5.65,7.43,2630.0,2690.0,3687.0,6.82,6.86,7.23,9008.0
2025-03-22,3,13517.0,6.25,7.31,2592.0,2655.0,3696.0,6.81,6.85,7.22,8943.0
2025-03-22,4,13858.0,6.79,7.49,3220.0,3336.0,4456.0,8.85,8.91,9.24,11012.0
2025-03-22,5,14470.0,6.89,7.68,4548.0,4693.0,6380.0,14.24,14.27,14.69,15622.0
2025-03-22,6,15807.0,6.5,7.87,5874.0,5907.0,7919.0,18.2,18.22,18.72,19700.0
2025-03-22,7,15513.0,5.8,7.66,6429.0,6351.0,8365.0,18.34,18.37,18.91,21145.0
2025-03-22,8,15821.0,4.98,7.1,6594.0,6515.0,8607.0,18.43,18.45,19.01,21717.0
2025-03-22,9,16429.0,4.21,6.54,6298.0,6243.0,8261.0,17.05,17.07,17.62,20802.0
2025-03-22,10,17129.0,3.76,6.33,5779.0,5702.0,7382.0,14.42,14.48,14.99,18863.0
2025-03-22,11,17270.0,3.54,6.16,5568.0,5509.0,7204.0,13.87,13.92,14.41,18281.0
2025-03-22,12,17497.0,3.39,6.1,5449.0,5453.0,7250.0,13.88,13.92,14.41,18152.0
2025-03-22,13,17641.0,3.32,6.04,5337.0,5343.0,7123.0,13.86,13.91,14.39,17803.0
2025-03-22,14,17639.0,3.32,6.04,5206.0,5161.0,6861.0,13.69,13.73,14.21,17228.0
2025-03-22,15,17749.0,3.38,6.12,5119.0,5111.0,6891.0,13.59,13.62,14.08,17121.0
2025-03-22,16,17561.0,3.34,6.07,5620.0,5679.0,7635.0,15.59,15.6,16.1,18934.0
2025-03-22,17,17756.0,2.99,5.8,6150.0,6188.0,8320.0,17.68,17.67,18.22,20658.0
2025-03-22,18,17975.0,2.57,5.47,6215.0,6190.0,8192.0,17.89,17.89,18.44,20597.0
2025-03-22,19,17466.0,2.21,5.25,6019.0,5967.0,7877.0,17.75,17.76,18.29,19862.0
2025-03-22,20,17949.0,1.95,5.54,5530.0,5449.0,7320.0,15.79,15.83,16.31,18300.0
2025-03-22,21,18012.0,2.1,5.54,4657.0,4482.0,6000.0,12.14,12.2,12.64,15139.0
2025-03-22,22,18434.0,2.71,5.65,3845.0,3607.0,4865.0,8.89,8.95,9.39,12318.0
2025-03-22,23,16951.0,3.67,7.55,3104.0,2880.0,4031.0,6.87,6.93,7.31,10015.0
2025-03-23,0,15939.0,4.49,8.12,3073.0,3043.0,4003.0,7.03,7.09,7.47,10120.0
2025-03-23,1,14625.0,5.18,6.78,2876.0,2851.0,3749.0,6.93,6.98,7.36,9476.0
2025-03-23,2,14091.0,5.84,7.25,2727.0,2739.0,3719.0,6.94,6.99,7.36,9185.0
2025-03-23,3,13755.0,6.52,8.39,2643.0,2653.0,3630.0,7.03,7.08,7.45,8926.0
2025-03-23,4,11342.0,6.87,9.83,3342.0,3408.0,4454.0,9.27,9.32,9.7,11204.0
2025-03-23,5,12825.0,6.64,8.07,4594.0,4739.0,6355.0,14.72,14.74,15.15,15687.0
2025-03-23,6,15710.0,6.15,7.84,5727.0,5806.0,7658.0,18.05,18.07,18.57,19191.0
2025-03-23,7,16364.0,5.6,7.83,6287.0,6291.0,8265.0,18.26,18.27,18.81,20843.0
2025-03-23,8,16600.0,4.88,7.31,6597.0,6567.0,8673.0,18.46,18.47,19.04,21838.0
2025-03-23,9,16733.0,4.15,6.67,6343.0,6276.0,8130.0,16.8,16.83,17.4,20749.0
2025-03-23,10,17174.0,3.73,6.37,5808.0,5684.0,7313.0,14.09,14.13,14.66,18804.0
2025-03-23,11,17283.0,3.52,6.2,5563.0,5445.0,7138.0,13.4,13.45,13.95,18146.0
2025-03-23,12,17398.0,3.42,6.16,5416.0,5316.0,6987.0,13.39,13.43,13.93,17719.0
2025-03-23,13,17421.0,3.39,6.13,5294.0,5244.0,6876.0,13.39,13.43,13.93,17414.0
2025-03-23,14,17502.0,3.42,6.14,5174.0,5144.0,6782.0,13.39,13.42,13.91,17100.0
2025-03-23,15,17499.0,3.46,6.16,5145.0,5160.0,6810.0,13.38,13.41,13.88,17114.0
2025-03-23,16,17428.0,3.42,6.12,5621.0,5639.0,7447.0,15.25,15.26,15.76,18707.0
2025-03-23,17,17782.0,3.07,5.97,6238.0,6251.0,8276.0,17.7,17.7,18.25,20764.0
2025-03-23,18,17850.0,2.62,5.54,6312.0,6299.0,8338.0,18.17,18.19,18.73,20949.0
2025-03-23,19,17816.0,2.2,5.49,6103.0,6072.0,8002.0,18.03,18.07,18.6,20177.0
2025-03-23,20,17807.0,1.94,5.53,5608.0,5517.0,7168.0,15.78,15.81,16.33,18294.0
2025-03-23,21,17936.0,2.08,5.53,4729.0,4524.0,5982.0,12.25,12.32,12.77,15235.0
2025-03-23,22,18384.0,2.67,5.62,3840.0,3591.0,4838.0,8.95,9.02,9.45,12269.0
2025-03-23,23,17964.0,3.68,6.38,3027.0,2704.0,3512.0,6.94,6.98,7.38,9244.0
2025-03-24,0,15783.0,4.69,6.72,3048.0,3006.0,3842.0,6.93,6.95,7.36,9897.0
2025-03-24,1,15208.0,5.43,7.25,2862.0,2847.0,3756.0,6.96,6.99,7.38,9465.0
2025-03-24,2,14156.0,6.18,8.11,2686.0,2708.0,3584.0,6.95,6.98,7.37,8978.0
2025-03-24,3,12241.0,6.8,10.14,2623.0,2650.0,3658.0,6.95,6.98,7.36,8931.0
2025-03-24,4,11953.0,6.97,9.05,3421.0,3423.0,4745.0,9.23,9.23,9.62,11589.0
2025-03-24,5,12981.0,6.82,7.47,4815.0,4838.0,6570.0,14.33,14.36,14.8,16223.0
2025-03-24,6,15568.0,6.19,7.83,6198.0,6170.0,8121.0,18.32,18.34,18.88,20488.0
2025-03-24,7,15511.0,5.39,7.46,6620.0,6463.0,8479.0,18.67,18.7,19.26,21562.0
2025-03-24,8,16036.0,4.55,6.78,6666.0,6477.0,8573.0,18.73,18.76,19.33,21717.0
2025-03-24,9,16481.0,3.85,6.23,6175.0,5988.0,7840.0,17.08,17.14,17.68,20002.0
2025-03-24,10,16790.0,3.46,5.95,5579.0,5351.0,7244.0,14.55,14.63,15.12,18173.0
2025-03-24,11,16874.0,3.3,5.82,5282.0,5012.0,7056.0,13.54,13.61,14.07,17350.0
2025-03-24,12,16981.0,3.24,5.81,5122.0,4980.0,6855.0,13.4,13.45,13.92,16957.0
2025-03-24,13,17042.0,3.26,5.81,4971.0,5033.0,6774.0,13.27,13.3,13.77,16778.0
2025-03-24,14,17059.0,3.3,5.86,4871.0,4900.0,6719.0,13.27,13.3,13.76,16490.0
2025-03-24,15,17074.0,3.36,5.92,4865.0,4898.0,6788.0,13.27,13.31,13.75,16551.0
2025-03-24,16,17123.0,3.39,5.96,5108.0,5065.0,6994.0,13.52,13.56,14.02,17167.0
2025-03-24,17,16918.0,3.2,5.8,5885.0,5899.0,7956.0,16.15,16.16,16.67,19740.0
2025-03-24,18,17277.0,2.67,5.39,6344.0,6309.0,8487.0,18.6,18.61,19.15,21139.0
2025-03-24,19,17473.0,2.17,5.3,6202.0,6148.0,8112.0,18.47,18.48,19.02,20462.0
2025-03-24,20,17401.0,1.74,5.35,6153.0,6073.0,7905.0,18.26,18.28,18.81,20130.0
2025-03-24,21,17437.0,1.44,5.33,5464.0,5350.0,7087.0,15.46,15.52,16.0,17901.0
2025-03-24,22,17807.0,1.69,5.45,4129.0,3929.0,5125.0,9.95,10.03,10.45,13184.0
2025-03-24,23,17914.0,2.64,5.49,3043.0,2782.0,3644.0,6.9,6.99,7.36,9470.0
2025-03-25,0,15538.0,3.59,5.51,3028.0,3046.0,4077.0,6.89,6.96,7.34,10151.0
2025-03-25,1,15072.0,4.32,6.66,2837.0,2861.0,3886.0,6.91,6.98,7.34,9583.0
2025-03-25,2,14223.0,4.99,7.9,2715.0,2737.0,3678.0,6.92,6.99,7.35,9130.0
2025-03-25,3,13660.0,5.64,8.32,2651.0,2718.0,3712.0,6.9,6.96,7.33,9080.0
2025-03-25,4,14225.0,6.16,7.61,3315.0,3428.0,4719.0,8.96,9.03,9.39,11462.0
2025-03-25,5,13307.0,6.14,7.37,4759.0,4865.0,6645.0,14.43,14.47,14.9,16269.0
2025-03-25,6,14963.0,5.49,7.39,6163.0,6177.0,8150.0,18.32,18.37,18.88,20490.0
2025-03-25,7,16492.0,4.73,7.12,6547.0,6473.0,8654.0,18.74,18.77,19.32,21674.0
2025-03-25,8,16767.0,4.01,6.48,6488.0,6432.0,8583.0,18.74,18.77,19.32,21503.0
2025-03-25,9,17111.0,3.43,6.01,6044.0,5928.0,7786.0,17.0,17.04,17.58,19758.0
2025-03-25,10,17517.0,3.19,5.94,5523.0,5391.0,6987.0,14.42,14.48,14.98,17901.0
2025-03-25,11,17571.0,3.16,5.92,5230.0,5176.0,6829.0,13.36,13.4,13.88,17235.0
2025-03-25,12,17708.0,3.18,5.98,5137.0,5124.0,6863.0,13.31,13.34,13.82,17124.0
2025-03-25,13,17663.0,3.28,6.05,5019.0,5035.0,6775.0,13.32,13.35,13.83,16829.0
2025-03-25,14,17563.0,3.39,6.14,4948.0,4981.0,6749.0,13.4,13.43,13.9,16678.0
2025-03-25,15,17581.0,3.5,6.25,4946.0,4949.0,6739.0,13.38,13.41,13.87,16634.0
2025-03-25,16,17528.0,3.59,6.34,5121.0,5123.0,6935.0,13.59,13.62,14.09,17178.0
2025-03-25,17,17310.0,3.44,6.18,5954.0,5986.0,8105.0,16.79,16.81,17.32,20045.0
2025-03-25,18,17552.0,2.93,5.78,6416.0,6387.0,8509.0,18.86,18.88,19.43,21312.0
2025-03-25,19,17938.0,2.5,5.43,6185.0,6137.0,8005.0,18.52,18.56,19.09,20327.0
2025-03-25,20,17750.0,2.14,5.5,6171.0,6104.0,7883.0,18.44,18.48,19.01,20158.0
2025-03-25,21,17760.0,1.88,5.5,5433.0,5344.0,7175.0,15.42,15.46,15.96,17952.0
2025-03-25,22,18248.0,2.2,5.61,4058.0,3805.0,5064.0,9.59,9.64,10.08,12926.0
2025-03-25,23,16950.0,3.17,5.6,3131.0,2879.0,3869.0,6.93,6.97,7.37,9879.0
2025-03-26,0,14288.0,3.84,5.34,3067.0,3059.0,4103.0,6.88,6.9,7.31,10229.0
2025-03-26,1,14899.0,4.48,6.17,2816.0,2832.0,3812.0,6.86,6.88,7.28,9460.0
2025-03-26,2,14892.0,5.23,6.93,2659.0,2684.0,3627.0,6.85,6.88,7.26,8969.0
2025-03-26,3,13907.0,5.95,7.31,2602.0,2654.0,3598.0,6.84,6.87,7.26,8854.0
2025-03-26,4,14235.0,6.54,7.58,3330.0,3407.0,4659.0,9.15,9.16,9.55,11396.0
2025-03-26,5,14090.0,6.56,7.58,4726.0,4834.0,6636.0,14.41,14.42,14.87,16196.0
2025-03-26,6,14688.0,5.99,7.6,6153.0,6198.0,8108.0,18.25,18.28,18.81,20459.0
2025-03-26,7,15927.0,5.11,7.32,6584.0,6575.0,8618.0,18.69,18.73,19.29,21777.0
2025-03-26,8,16492.0,4.35,6.76,6540.0,6473.0,8560.0,18.73,18.77,19.32,21573.0
2025-03-26,9,16733.0,3.76,6.22,5958.0,5821.0,7705.0,16.19,16.23,16.93,19484.0
2025-03-26,10,17323.0,3.48,6.14,5544.0,5440.0,7209.0,14.42,14.48,14.96,18192.0
2025-03-26,11,17334.0,3.4,6.06,5202.0,5157.0,6884.0,13.41,13.46,13.89,17243.0
2025-03-26,12,17593.0,3.41,6.15,5115.0,5128.0,6899.0,13.38,13.41,13.89,17142.0
2025-03-26,13,17616.0,3.47,6.21,5035.0,5053.0,6822.0,13.37,13.4,13.89,16910.0
2025-03-26,14,17582.0,3.56,6.3,4953.0,5002.0,6733.0,13.41,13.44,13.89,16688.0
2025-03-26,15,17267.0,3.66,6.27,5007.0,5029.0,6770.0,13.47,13.49,13.95,16807.0
2025-03-26,16,17346.0,3.66,6.32,5197.0,5226.0,6958.0,13.76,13.78,14.26,17381.0
2025-03-26,17,17201.0,3.46,6.14,5987.0,6024.0,8027.0,16.71,16.73,17.27,20038.0
2025-03-26,18,17421.0,2.94,5.73,6416.0,6393.0,8528.0,18.85,18.88,19.42,21337.0
2025-03-26,19,17854.0,2.47,5.39,6213.0,6195.0,8105.0,18.74,18.77,19.27,20513.0
2025-03-26,20,17668.0,2.05,5.47,6254.0,6277.0,8015.0,18.64,18.67,19.2,20546.0
2025-03-26,21,17575.0,1.76,5.42,5406.0,5300.0,7022.0,15.2,15.25,15.73,17727.0
2025-03-26,22,17937.0,2.04,5.48,4185.0,3975.0,5060.0,9.57,9.63,10.05,13220.0
2025-03-26,23,17752.0,2.92,5.57,3302.0,3095.0,3918.0,6.88,6.95,7.36,10316.0
2025-03-27,0,15922.0,3.8,5.84,3215.0,3217.0,4012.0,6.89,6.95,7.34,10444.0
2025-03-27,1,15209.0,4.48,6.25,3053.0,3127.0,3962.0,6.92,6.97,7.36,10142.0
2025-03-27,2,14285.0,5.12,6.64,2887.0,2974.0,3776.0,6.91,6.96,7.35,9637.0
2025-03-27,3,14199.0,5.73,7.21,2812.0,2901.0,3638.0,6.87,6.91,7.29,9351.0
2025-03-27,4,13745.0,6.21,7.45,3564.0,3680.0,4782.0,9.49,9.55,9.92,12027.0
2025-03-27,5,13916.0,6.11,7.48,4920.0,5049.0,6732.0,14.87,14.89,15.34,16700.0
2025-03-27,6,16037.0,5.57,7.78,6178.0,6236.0,8124.0,18.25,18.28,18.81,20538.0
2025-03-27,7,15924.0,4.82,7.03,6564.0,6557.0,8596.0,18.69,18.73,19.29,21717.0
2025-03-27,8,16367.0,4.04,6.37,6521.0,6478.0,8496.0,18.71,18.76,19.31,21495.0
2025-03-27,9,16700.0,3.43,5.89,6011.0,5927.0,7719.0,16.89,16.95,17.48,19657.0
2025-03-27,10,17186.0,3.14,5.76,5493.0,5399.0,7186.0,14.52,14.58,15.06,18078.0
2025-03-27,11,17212.0,3.06,5.67,5201.0,5209.0,6922.0,13.47,13.52,14.0,17333.0
2025-03-27,12,17272.0,3.03,5.7,5112.0,5188.0,6851.0,13.47,13.52,14.0,17151.0
2025-03-27,13,17511.0,3.06,5.76,5045.0,5065.0,6789.0,13.47,13.51,13.99,16899.0
2025-03-27,14,17715.0,3.16,5.94,4959.0,5010.0,6755.0,13.48,13.51,13.98,16723.0
2025-03-27,15,17844.0,3.29,6.08,4922.0,4971.0,6686.0,13.48,13.52,13.97,16580.0
2025-03-27,16,17646.0,3.4,6.17,5094.0,5139.0,6934.0,13.64,13.67,14.15,17166.0
2025-03-27,17,17407.0,3.27,6.02,5833.0,5944.0,7984.0,16.43,16.43,16.95,19761.0
2025-03-27,18,17723.0,2.84,5.71,6303.0,6257.0,8316.0,18.57,18.58,19.12,20877.0
2025-03-27,19,18126.0,2.46,5.48,6159.0,6104.0,7935.0,18.51,18.52,19.06,20197.0
2025-03-27,20,17983.0,2.14,5.62,6089.0,6045.0,7937.0,18.37,18.39,18.92,20070.0
2025-03-27,21,17911.0,1.92,5.59,5406.0,5315.0,7028.0,15.71,15.77,16.26,17749.0
2025-03-27,22,18356.0,2.27,5.65,4118.0,3899.0,5149.0,9.91,10.0,10.44,13166.0
2025-03-27,23,18073.0,3.23,5.94,3096.0,2918.0,4012.0,6.88,6.96,7.34,10026.0
2025-03-28,0,15430.0,4.12,6.01,3066.0,3073.0,4061.0,6.87,6.94,7.33,10201.0
2025-03-28,1,14964.0,4.8,6.51,2868.0,2876.0,3769.0,6.92,6.99,7.36,9513.0
2025-03-28,2,14536.0,5.51,7.11,2734.0,2774.0,3739.0,6.91,6.97,7.34,9247.0
2025-03-28,3,14741.0,6.22,7.6,2694.0,2755.0,3778.0,6.94,7.0,7.36,9228.0
2025-03-28,4,14229.0,6.82,7.67,3464.0,3530.0,4712.0,9.38,9.44,9.82,11705.0
2025-03-28,5,14068.0,6.81,7.66,4806.0,4930.0,6695.0,14.84,14.88,15.3,16431.0
2025-03-28,6,15424.0,6.23,7.83,6102.0,6136.0,8201.0,18.33,18.35,18.87,20440.0
2025-03-28,7,15493.0,5.44,7.52,6438.0,6392.0,8426.0,18.55,18.57,19.12,21256.0
2025-03-28,8,15955.0,4.69,6.89,6313.0,6205.0,8366.0,18.56,18.58,19.11,20885.0
2025-03-28,9,16231.0,4.09,6.39,5880.0,5743.0,7819.0,17.22,17.25,17.75,19443.0
2025-03-28,10,16716.0,3.8,6.25,5391.0,5255.0,6929.0,14.5,14.57,15.06,17574.0
2025-03-28,11,16804.0,3.68,6.15,5168.0,5095.0,6726.0,13.3,13.35,13.83,16990.0
2025-03-28,12,16929.0,3.61,6.14,5111.0,5110.0,6854.0,13.38,13.42,13.9,17075.0
2025-03-28,13,16988.0,3.6,6.13,5049.0,5037.0,6700.0,13.38,13.42,13.91,16786.0
2025-03-28,14,17072.0,3.65,6.2,4888.0,4878.0,6560.0,13.38,13.42,13.89,16325.0
2025-03-28,15,17289.0,3.76,6.37,4838.0,4864.0,6567.0,13.37,13.4,13.86,16269.0
2025-03-28,16,16157.0,3.81,6.07,4961.0,4952.0,6672.0,12.86,12.88,13.35,16585.0
2025-03-28,17,15783.0,3.52,5.69,5862.0,5875.0,7782.0,16.34,16.37,16.9,19519.0
2025-03-28,18,16338.0,2.9,5.26,6288.0,6213.0,8246.0,18.13,18.16,18.69,20747.0
2025-03-28,19,17513.0,2.39,5.28,6140.0,6057.0,7885.0,18.35,18.4,18.93,20081.0
2025-03-28,20,17789.0,2.08,5.54,6041.0,5948.0,7664.0,18.27,18.32,18.84,19653.0
2025-03-28,21,17763.0,1.81,5.53,5921.0,5828.0,7617.0,18.11,18.17,18.68,19367.0
2025-03-28,22,18232.0,1.91,5.64,4272.0,3948.0,5089.0,10.61,10.66,11.12,13309.0
2025-03-28,23,18124.0,2.93,5.73,3164.0,2825.0,3635.0,6.73,6.77,7.18,9624.0
2025-03-29,0,15773.0,3.88,5.86,3188.0,3092.0,3969.0,6.64,6.67,7.08,10250.0
2025-03-29,1,15138.0,4.57,6.33,2956.0,2888.0,3704.0,6.59,6.62,7.02,9548.0
2025-03-29,2,14811.0,5.35,7.03,2775.0,2697.0,3441.0,6.54,6.58,6.97,8913.0
2025-03-29,3,14112.0,6.08,7.43,2735.0,2704.0,3560.0,6.54,6.57,6.96,9000.0
2025-03-29,4,13624.0,6.6,7.48,3518.0,3550.0,4628.0,8.93,8.93,9.32,11696.0
2025-03-29,5,12959.0,6.5,7.37,4803.0,4878.0,6378.0,14.32,14.33,14.78,16059.0
2025-03-29,6,14434.0,5.85,7.5,6062.0,6028.0,7806.0,18.07,18.09,18.62,19897.0
2025-03-29,7,15696.0,5.06,7.18,6530.0,6443.0,8346.0,18.22,18.25,18.82,21319.0
2025-03-29,8,16543.0,4.26,6.66,6710.0,6594.0,8598.0,18.33,18.38,18.96,21902.0
2025-03-29,9,17059.0,3.56,6.16,6357.0,6248.0,8084.0,16.6,16.66,17.21,20688.0
2025-03-29,10,17469.0,3.16,5.89,5896.0,5751.0,7583.0,14.24,14.29,14.82,19230.0
2025-03-29,11,17506.0,2.94,5.71,5603.0,5530.0,7315.0,13.4,13.45,13.96,18448.0
2025-03-29,12,17736.0,2.83,5.66,5494.0,5476.0,7154.0,13.39,13.43,13.94,18124.0
2025-03-29,13,18194.0,2.82,5.78,5391.0,5362.0,7074.0,13.38,13.42,13.93,17826.0
2025-03-29,14,18179.0,2.87,5.84,5296.0,5279.0,7009.0,13.39,13.43,13.93,17584.0
2025-03-29,15,17923.0,2.93,5.79,5288.0,5280.0,7044.0,13.4,13.43,13.91,17612.0
2025-03-29,16,17571.0,2.85,5.63,5793.0,5785.0,7646.0,15.34,15.35,15.87,19224.0
2025-03-29,17,17738.0,2.48,5.37,6280.0,6254.0,8319.0,17.38,17.39,17.95,20853.0
2025-03-29,18,17691.0,1.97,5.47,6329.0,6257.0,8322.0,17.6,17.65,18.19,20908.0
2025-03-29,19,17772.0,1.55,5.53,6144.0,6023.0,7901.0,17.53,17.58,18.11,20069.0
2025-03-29,20,17732.0,1.3,5.51,5680.0,5514.0,7140.0,15.61,15.67,16.18,18333.0
2025-03-29,21,17861.0,1.38,5.51,4884.0,4658.0,6210.0,12.46,12.52,13.0,15752.0
2025-03-29,22,18277.0,1.89,5.68,3923.0,3625.0,4803.0,8.79,8.86,9.29,12350.0
2025-03-29,23,18328.0,2.94,5.83,3176.0,2858.0,3740.0,6.55,6.62,6.99,9774.0
2025-03-30,0,16258.0,3.93,6.1,3206.0,3112.0,4042.0,6.62,6.68,7.08,10361.0
2025-03-30,1,15365.0,4.67,6.49,3006.0,2922.0,3743.0,6.63,6.69,7.08,9670.0
2025-03-30,2,14807.0,5.42,7.09,2843.0,2763.0,3445.0,6.62,6.69,7.07,9050.0
2025-03-30,3,14530.0,6.18,7.56,2776.0,2705.0,3467.0,6.62,6.68,7.06,8949.0
2025-03-30,4,14241.0,6.8,7.66,3439.0,3432.0,4380.0,8.69,8.73,9.1,11250.0
2025-03-30,5,14361.0,6.88,7.74,4707.0,4741.0,6178.0,14.04,14.07,14.51,15626.0
2025-03-30,6,16009.0,6.49,8.01,5908.0,5910.0,7673.0,17.99,18.01,18.54,19491.0
2025-03-30,7,16023.0,5.89,7.93,6384.0,6321.0,8194.0,18.13,18.16,18.72,20899.0
2025-03-30,8,16148.0,5.17,7.48,6566.0,6388.0,8199.0,18.13,18.17,18.74,21153.0
2025-03-30,9,16427.0,4.53,6.91,6288.0,6087.0,7947.0,16.63,16.69,17.25,20322.0
2025-03-30,10,16849.0,4.14,6.6,5760.0,5572.0,7106.0,14.0,14.08,14.58,18438.0
2025-03-30,11,16917.0,3.98,6.49,5464.0,5329.0,6886.0,13.33,13.4,13.89,17679.0
2025-03-30,12,17161.0,3.87,6.42,5406.0,5314.0,6901.0,13.45,13.5,13.99,17621.0
2025-03-30,13,17155.0,3.81,6.4,5244.0,5143.0,6685.0,13.42,13.48,13.95,17072.0
2025-03-30,14,17119.0,3.83,6.41,5080.0,5010.0,6568.0,13.38,13.44,13.9,16658.0
2025-03-30,15,17147.0,3.88,6.45,5047.0,5006.0,6608.0,13.34,13.4,13.87,16661.0
2025-03-30,16,17039.0,3.83,6.38,5589.0,5571.0,7245.0,15.43,15.48,15.96,18405.0
2025-03-30,17,17241.0,3.5,6.12,6032.0,5970.0,7762.0,17.36,17.4,17.92,19764.0
2025-03-30,18,17519.0,3.15,5.9,6096.0,5980.0,7758.0,17.59,17.64,18.16,19834.0
2025-03-30,19,17818.0,2.85,5.68,5998.0,5875.0,7542.0,17.53,17.57,18.1,19415.0
2025-03-30,20,17923.0,2.71,5.53,5548.0,5419.0,6909.0,15.51,15.57,16.11,17876.0
2025-03-30,21,17894.0,2.86,5.64,4638.0,4518.0,6120.0,12.34,12.4,12.84,15276.0
2025-03-30,22,17993.0,3.43,6.17,3643.0,3466.0,4627.0,8.6,8.68,9.12,11737.0
2025-03-30,23,15438.0,4.33,9.29,2951.0,2783.0,3611.0,6.74,6.82,7.18,9346.0
2025-03-31,0,13403.0,4.97,9.9,2972.0,2970.0,3898.0,6.84,6.92,7.28,9840.0
2025-03-31,1,12026.0,5.35,9.7,2799.0,2826.0,3668.0,6.91,6.98,7.35,9293.0
2025-03-31,2,13312.0,5.78,8.8,2620.0,2624.0,3418.0,6.74,6.8,7.18,8663.0
2025-03-31,3,13724.0,6.46,8.71,2573.0,2615.0,3453.0,6.81,6.87,7.25,8641.0
2025-03-31,4,13233.0,6.97,8.79,3398.0,3461.0,4435.0,9.41,9.48,9.85,11294.0
2025-03-31,5,13164.0,6.91,7.99,4721.0,4829.0,6298.0,14.55,14.59,15.02,15849.0
2025-03-31,6,14356.0,6.27,7.62,6071.0,6152.0,8010.0,18.34,18.36,18.87,20234.0
2025-03-31,7,15443.0,5.41,7.45,6461.0,6477.0,8383.0,18.64,18.66,19.22,21321.0
2025-03-31,8,16063.0,4.69,6.93,6262.0,6183.0,8130.0,18.5,18.52,19.06,20574.0
2025-03-31,9,16404.0,4.15,6.48,5892.0,5784.0,7688.0,17.28,17.32,17.83,19364.0
2025-03-31,10,16931.0,3.9,6.37,5410.0,5243.0,6715.0,14.43,14.51,14.99,17368.0
2025-03-31,11,16917.0,3.87,6.34,5150.0,5046.0,6537.0,13.35,13.41,13.87,16733.0
2025-03-31,12,16995.0,3.87,6.4,5057.0,5021.0,6555.0,13.37,13.41,13.88,16633.0
2025-03-31,13,17110.0,3.93,6.46,4940.0,4919.0,6349.0,13.37,13.41,13.87,16207.0
2025-03-31,14,17240.0,4.06,6.66,4839.0,4849.0,6183.0,13.2,13.24,13.71,15871.0
2025-03-31,15,17177.0,4.19,6.76,4904.0,4918.0,6542.0,13.4,13.44,13.9,16365.0
2025-03-31,16,17050.0,4.25,6.84,5044.0,5047.0,6721.0,13.66,13.7,14.16,16812.0
2025-03-31,17,16924.0,4.15,6.7,5648.0,5623.0,7415.0,16.08,16.12,16.62,18686.0
2025-03-31,18,17146.0,3.75,6.41,6182.0,6124.0,8036.0,18.86,18.86,19.4,20342.0
2025-03-31,19,17378.0,3.35,6.06,6055.0,5971.0,7778.0,18.69,18.69,19.23,19804.0
2025-03-31,20,17396.0,3.0,5.71,6049.0,5989.0,7657.0,18.67,18.68,19.22,19695.0
2025-03-31,21,17591.0,2.78,5.48,5333.0,5271.0,6930.0,15.71,15.75,16.26,17535.0
2025-03-31,22,17791.0,3.09,5.78,4048.0,3842.0,4899.0,9.97,10.03,10.47,12788.0
2025-03-31,23,18125.0,4.04,7.12,3040.0,2768.0,3601.0,6.93,6.97,7.37,9409.0
2025-04-01,0,14389.0,4.93,8.0,3057.0,3056.0,3911.0,6.94,6.96,7.37,10024.0
2025-04-01,1,12807.0,5.44,9.1,2812.0,2798.0,3511.0,6.88,6.92,7.31,9121.0
2025-04-01,2,12679.0,5.92,9.36,2632.0,2613.0,3371.0,6.84,6.87,7.27,8616.0
2025-04-01,3,12731.0,6.49,9.67,2596.0,2645.0,3605.0,6.84,6.87,7.25,8847.0
2025-04-01,4,12983.0,6.91,8.64,3298.0,3352.0,4444.0,9.09,9.1,9.49,11093.0
2025-04-01,5,13278.0,6.89,7.54,4596.0,4710.0,6235.0,14.13,14.15,14.59,15540.0
2025-04-01,6,15751.0,6.36,7.9,6065.0,6115.0,8120.0,18.43,18.44,18.97,20300.0
2025-04-01,7,15578.0,5.57,7.6,6490.0,6475.0,8558.0,18.86,18.87,19.43,21523.0
2025-04-01,8,16004.0,4.79,6.99,6437.0,6338.0,8352.0,18.79,18.8,19.35,21127.0
2025-04-01,9,16315.0,4.12,6.46,6100.0,6023.0,8053.0,17.45,17.48,18.02,20176.0
2025-04-01,10,16867.0,3.71,6.24,5578.0,5470.0,7301.0,14.82,14.87,15.38,18349.0
2025-04-01,11,16980.0,3.58,6.12,5241.0,5220.0,6798.0,13.56,13.62,14.1,17259.0
2025-04-01,12,17172.0,3.54,6.14,5157.0,5169.0,6859.0,13.56,13.61,14.09,17184.0
2025-04-01,13,17235.0,3.53,6.14,5084.0,5088.0,6876.0,13.56,13.61,14.09,17047.0
2025-04-01,14,17399.0,3.57,6.23,5022.0,5050.0,6739.0,13.57,13.62,14.09,16811.0
2025-04-01,15,17315.0,3.64,6.27,5009.0,5015.0,6668.0,13.57,13.62,14.08,16691.0
2025-04-01,16,17150.0,3.66,6.24,5117.0,5172.0,6981.0,13.64,13.68,14.15,17270.0
2025-04-01,17,17039.0,3.48,6.09,5859.0,5884.0,7858.0,16.3,16.33,16.81,19601.0
2025-04-01,18,17296.0,3.0,5.74,6322.0,6297.0,8330.0,18.65,18.68,19.22,20949.0
2025-04-01,19,17587.0,2.54,5.34,6183.0,6125.0,8099.0,18.54,18.58,19.11,20406.0
2025-04-01,20,17480.0,2.11,5.35,6144.0,6083.0,7924.0,18.48,18.51,19.05,20151.0
2025-04-01,21,17444.0,1.85,5.36,5398.0,5295.0,6906.0,15.42,15.46,16.0,17599.0
2025-04-01,22,18454.0,2.14,5.68,4195.0,3968.0,5229.0,10.08,10.14,10.6,13392.0
2025-04-01,23,18233.0,3.12,5.95,3157.0,2885.0,3764.0,7.1,7.17,7.55,9806.0
2025-04-02,0,15513.0,4.08,6.04,3109.0,3081.0,3936.0,7.1,7.16,7.55,10126.0
2025-04-02,1,14426.0,4.72,6.27,2956.0,2969.0,3915.0,7.13,7.19,7.57,9840.0
2025-04-02,2,14014.0,5.31,6.77,2814.0,2870.0,3809.0,7.13,7.19,7.56,9493.0
2025-04-02,3,13966.0,5.91,7.3,2762.0,2804.0,3689.0,7.12,7.18,7.55,9255.0
2025-04-02,4,13796.0,6.43,7.49,3407.0,3469.0,4641.0,9.33,9.39,9.75,11517.0
2025-04-02,5,13708.0,6.43,7.49,4690.0,4809.0,6491.0,14.43,14.46,14.89,15989.0
2025-04-02,6,14481.0,5.78,7.46,6182.0,6216.0,8192.0,18.33,18.35,18.88,20591.0
2025-04-02,7,15786.0,4.9,7.05,6567.0,6528.0,8623.0,18.67,18.7,19.25,21719.0
2025-04-02,8,16401.0,4.12,6.46,6514.0,6420.0,8526.0,18.75,18.77,19.33,21460.0
2025-04-02,9,16881.0,3.48,6.01,6127.0,6019.0,7976.0,17.21,17.25,17.8,20122.0
2025-04-02,10,17534.0,3.2,5.92,5510.0,5392.0,7086.0,14.32,14.37,14.89,17988.0
2025-04-02,11,17520.0,3.16,5.89,5269.0,5222.0,6990.0,13.57,13.62,14.09,17482.0
2025-04-02,12,17939.0,3.19,6.04,5150.0,5147.0,6823.0,13.59,13.62,14.11,17119.0
2025-04-02,13,17850.0,3.3,6.17,5019.0,5033.0,6785.0,13.59,13.61,14.09,16837.0
2025-04-02,14,17799.0,3.43,6.25,4962.0,4991.0,6720.0,13.56,13.57,14.04,16672.0
2025-04-02,15,17714.0,3.56,6.33,4978.0,4996.0,6698.0,13.6,13.62,14.09,16671.0
2025-04-02,16,17534.0,3.64,6.37,5155.0,5165.0,6942.0,13.72,13.75,14.22,17262.0
2025-04-02,17,17477.0,3.5,6.22,5890.0,5885.0,7916.0,16.54,16.58,17.07,19690.0
2025-04-02,18,17665.0,3.06,5.91,6297.0,6227.0,8281.0,18.66,18.7,19.23,20806.0
2025-04-02,19,18078.0,2.67,5.66,6161.0,6081.0,8046.0,18.65,18.69,19.22,20288.0
2025-04-02,20,18133.0,2.34,5.53,6152.0,6082.0,8125.0,18.66,18.7,19.21,20359.0
2025-04-02,21,18099.0,2.14,5.63,5382.0,5252.0,6813.0,15.54,15.6,16.08,17447.0
2025-04-02,22,18464.0,2.54,5.65,4089.0,3891.0,5135.0,9.74,9.82,10.25,13116.0
2025-04-02,23,17890.0,3.46,6.12,3146.0,2947.0,3952.0,6.95,7.02,7.41,10045.0
2025-04-03,0,15657.0,4.4,6.38,3076.0,3064.0,3884.0,6.87,6.94,7.34,10023.0
2025-04-03,1,14468.0,5.06,6.63,2883.0,2933.0,3794.0,6.9,6.97,7.35,9610.0
2025-04-03,2,14050.0,5.69,7.16,2742.0,2819.0,3727.0,6.92,6.99,7.36,9287.0
2025-04-03,3,14146.0,6.35,7.52,2685.0,2714.0,3585.0,6.91,6.98,7.35,8984.0
2025-04-03,4,13578.0,6.94,8.19,3311.0,3354.0,4458.0,9.1,9.17,9.54,11123.0
2025-04-03,5,13989.0,6.91,7.76,4700.0,4768.0,6487.0,14.43,14.47,14.9,15955.0
2025-04-03,6,15976.0,6.45,7.98,6057.0,6045.0,8051.0,18.28,18.32,18.83,20153.0
2025-04-03,7,15427.0,5.72,7.7,6418.0,6351.0,8452.0,18.65,18.68,19.23,21220.0
2025-04-03,8,15772.0,4.9,7.08,6501.0,6384.0,8503.0,18.74,18.78,19.33,21387.0
2025-04-03,9,16151.0,4.21,6.52,6065.0,5933.0,7747.0,16.82,16.87,17.42,19745.0
2025-04-03,10,16663.0,3.83,6.3,5585.0,5404.0,7181.0,14.53,14.57,15.08,18170.0
2025-04-03,11,16862.0,3.7,6.17,5230.0,5150.0,6821.0,13.41,13.45,13.94,17201.0
2025-04-03,12,16942.0,3.66,6.21,5072.0,5073.0,6762.0,13.39,13.42,13.9,16908.0
2025-04-03,13,16963.0,3.67,6.23,5001.0,5066.0,6697.0,13.38,13.41,13.89,16764.0
2025-04-03,14,17024.0,3.69,6.24,4935.0,5001.0,6617.0,13.38,13.41,13.89,16553.0
2025-04-03,15,17092.0,3.74,6.28,4957.0,5071.0,6658.0,13.41,13.43,13.9,16685.0
2025-04-03,16,16972.0,3.73,6.24,5195.0,5214.0,6986.0,13.76,13.78,14.26,17395.0
2025-04-03,17,16928.0,3.49,6.06,5972.0,5974.0,7896.0,16.8,16.82,17.34,19842.0
2025-04-03,18,17228.0,2.97,5.68,6363.0,6324.0,8385.0,18.84,18.85,19.41,21072.0
2025-04-03,19,17746.0,2.51,5.36,6179.0,6092.0,7926.0,18.54,18.57,19.11,20197.0
2025-04-03,20,17599.0,2.15,5.47,6116.0,6051.0,7806.0,18.47,18.49,19.03,19973.0
2025-04-03,21,16082.0,1.83,7.76,5294.0,5181.0,6800.0,15.29,15.33,15.84,17276.0
2025-04-03,22,16406.0,2.0,7.88,3972.0,3728.0,4770.0,9.48,9.53,9.97,12470.0
2025-04-03,23,16205.0,2.76,7.8,3124.0,2883.0,3822.0,6.94,6.98,7.38,9828.0
2025-04-04,0,15248.0,3.51,5.84,3040.0,3018.0,3888.0,6.79,6.83,7.24,9946.0
2025-04-04,1,14959.0,4.25,5.95,2786.0,2765.0,3587.0,6.57,6.6,7.0,9138.0
2025-04-04,2,14523.0,5.02,6.61,2651.0,2663.0,3524.0,6.54,6.58,6.97,8839.0
2025-04-04,3,14035.0,5.75,7.21,2652.0,2679.0,3518.0,6.72,6.75,7.14,8848.0
2025-04-04,4,13480.0,6.26,7.41,3448.0,3499.0,4572.0,9.49,9.5,9.89,11518.0
2025-04-04,5,13747.0,6.2,7.47,4782.0,4890.0,6596.0,14.92,14.95,15.38,16268.0
2025-04-04,6,16126.0,5.68,7.89,6119.0,6170.0,8076.0,18.29,18.32,18.85,20365.0
2025-04-04,7,16205.0,5.0,7.32,6539.0,6484.0,8464.0,18.67,18.7,19.26,21487.0
2025-04-04,8,16605.0,4.25,6.72,6547.0,6454.0,8577.0,18.86,18.88,19.44,21577.0
2025-04-04,9,16919.0,3.63,6.22,6112.0,5974.0,7829.0,17.19,17.23,17.77,19915.0
2025-04-04,10,17525.0,3.33,6.08,5569.0,5474.0,7181.0,14.68,14.72,15.24,18223.0
2025-04-04,11,17401.0,3.3,6.02,5203.0,5151.0,6739.0,13.35,13.39,13.87,17093.0
2025-04-04,12,17784.0,3.37,6.26,5118.0,5126.0,6769.0,13.39,13.42,13.91,17013.0
2025-04-04,13,17913.0,3.5,6.37,5014.0,5015.0,6703.0,13.39,13.43,13.9,16732.0
2025-04-04,14,17934.0,3.65,6.48,4978.0,4979.0,6622.0,13.39,13.42,13.91,16579.0
2025-04-04,15,17772.0,3.79,6.59,4986.0,4997.0,6723.0,13.44,13.47,13.94,16705.0
2025-04-04,16,17289.0,3.85,6.51,5192.0,5216.0,7004.0,13.81,13.84,14.32,17412.0
2025-04-04,17,17122.0,3.68,6.31,5833.0,5841.0,7878.0,16.39,16.39,16.92,19552.0
2025-04-04,18,17356.0,3.18,5.94,6346.0,6323.0,8470.0,19.11,19.14,19.67,21139.0
2025-04-04,19,17787.0,2.73,5.59,6175.0,6121.0,8043.0,18.94,18.97,19.5,20339.0
2025-04-04,20,17106.0,2.36,6.65,6105.0,6161.0,7854.0,18.65,18.67,19.22,20120.0
2025-04-04,21,16379.0,1.96,7.77,5346.0,5263.0,6976.0,15.65,15.71,16.19,17584.0
2025-04-04,22,17907.0,2.14,6.55,4131.0,3926.0,5196.0,10.1,10.18,10.6,13254.0
2025-04-04,23,18150.0,3.06,5.82,3200.0,2991.0,3985.0,6.93,7.0,7.39,10176.0
2025-04-05,0,15400.0,3.96,5.84,3157.0,3128.0,4007.0,6.9,6.96,7.36,10292.0
2025-04-05,1,14817.0,4.59,6.22,2966.0,2959.0,3812.0,6.91,6.97,7.35,9737.0
2025-04-05,2,14314.0,5.29,6.8,2634.0,2641.0,3420.0,6.41,6.47,6.85,8695.0
2025-04-05,3,14012.0,6.03,7.37,2535.0,2536.0,3379.0,6.29,6.35,6.73,8451.0
2025-04-05,4,13742.0,6.65,7.5,3283.0,3330.0,4270.0,8.6,8.65,9.03,10884.0
2025-04-05,5,14007.0,6.68,7.59,4686.0,4783.0,6318.0,14.13,14.16,14.6,15787.0
2025-04-05,6,15775.0,6.22,7.91,6056.0,6108.0,8088.0,18.12,18.13,18.66,20252.0
2025-04-05,7,15903.0,5.47,7.65,6532.0,6481.0,8535.0,18.52,18.53,19.1,21548.0
2025-04-05,8,16172.0,4.66,6.99,6652.0,6548.0,8556.0,18.61,18.63,19.21,21755.0
2025-04-05,9,16809.0,3.93,6.44,6262.0,6158.0,8209.0,16.93,16.97,17.52,20629.0
2025-04-05,10,17591.0,3.58,6.34,5698.0,5571.0,7390.0,14.36,14.41,14.92,18659.0
2025-04-05,11,17725.0,3.46,6.27,5483.0,5423.0,7174.0,13.76,13.81,14.3,18079.0
2025-04-05,12,17961.0,3.42,6.3,5346.0,5346.0,7064.0,13.47,13.53,14.02,17756.0
2025-04-05,13,17948.0,3.46,6.36,5218.0,5247.0,6968.0,13.48,13.51,14.01,17432.0
2025-04-05,14,18002.0,3.53,6.42,5112.0,5142.0,6936.0,13.51,13.54,14.02,17190.0
2025-04-05,15,17950.0,3.64,6.51,5082.0,5105.0,6836.0,13.48,13.51,13.99,17023.0
2025-04-05,16,17826.0,3.65,6.51,5540.0,5589.0,7582.0,15.36,15.38,15.87,18711.0
2025-04-05,17,17746.0,3.37,6.25,6049.0,6078.0,8173.0,17.53,17.53,18.08,20300.0
2025-04-05,18,17976.0,2.98,5.94,6229.0,6170.0,8258.0,17.77,17.79,18.33,20657.0
2025-04-05,19,18302.0,2.68,5.73,5970.0,5867.0,7739.0,17.56,17.59,18.12,19576.0
2025-04-05,20,18393.0,2.56,5.6,5593.0,5483.0,7267.0,15.83,15.89,16.39,18343.0
2025-04-05,21,18359.0,2.72,5.65,4782.0,4614.0,6189.0,12.54,12.62,13.06,15585.0
2025-04-05,22,18353.0,3.27,6.15,3933.0,3700.0,5031.0,9.18,9.24,9.69,12664.0
2025-04-05,23,17337.0,4.15,6.64,3138.0,2875.0,3824.0,6.95,6.99,7.4,9837.0
2025-04-06,0,14592.0,4.97,6.6,3067.0,3116.0,4025.0,6.93,6.95,7.36,10208.0
2025-04-06,1,13624.0,5.49,6.85,2997.0,2935.0,3724.0,6.93,6.96,7.37,9656.0
2025-04-06,2,13307.0,6.03,7.24,2823.0,2785.0,3543.0,6.84,6.88,7.27,9150.0
2025-04-06,3,13528.0,6.6,7.43,2752.0,2720.0,3543.0,6.85,6.88,7.27,9015.0
2025-04-06,4,12231.0,7.05,8.77,3370.0,3375.0,4371.0,8.97,8.98,9.38,11116.0
2025-04-06,5,12169.0,6.83,7.89,4663.0,4735.0,6196.0,14.13,14.14,14.58,15594.0
2025-04-06,6,14244.0,6.17,7.57,5919.0,5940.0,7691.0,17.63,17.66,18.19,19550.0
2025-04-06,7,15891.0,5.44,7.62,6338.0,6307.0,8176.0,17.64,17.67,18.23,20820.0
2025-04-06,8,16474.0,4.72,7.11,6571.0,6520.0,8526.0,17.96,17.98,18.56,21617.0
2025-04-06,9,17110.0,4.03,6.66,6408.0,6254.0,8155.0,16.98,17.01,17.59,20818.0
2025-04-06,10,17713.0,3.66,6.48,5876.0,5756.0,7516.0,14.39,14.44,14.96,19147.0
2025-04-06,11,17967.0,3.54,6.42,5535.0,5404.0,6929.0,13.4,13.45,13.96,17869.0
2025-04-06,12,18063.0,3.55,6.48,5396.0,5290.0,6897.0,13.28,13.33,13.83,17583.0
2025-04-06,13,18009.0,3.61,6.52,5296.0,5232.0,6845.0,13.29,13.34,13.84,17373.0
2025-04-06,14,18009.0,3.7,6.59,5185.0,5136.0,6750.0,13.3,13.34,13.84,17072.0
2025-04-06,15,17878.0,3.81,6.64,5116.0,5121.0,6732.0,13.3,13.34,13.82,16969.0
2025-04-06,16,17742.0,3.82,6.66,5636.0,5645.0,7442.0,15.28,15.32,15.82,18723.0
2025-04-06,17,17790.0,3.51,6.39,6195.0,6182.0,8191.0,17.68,17.7,18.25,20568.0
2025-04-06,18,17978.0,3.12,6.1,6194.0,6132.0,8128.0,17.74,17.78,18.32,20454.0
2025-04-06,19,18381.0,2.86,5.93,5950.0,5827.0,7651.0,17.5,17.55,18.07,19428.0
2025-04-06,20,18557.0,2.77,5.88,5517.0,5391.0,7171.0,15.65,15.69,16.18,18079.0
2025-04-06,21,18478.0,3.01,6.05,4638.0,4453.0,5966.0,12.32,12.39,12.83,15058.0
2025-04-06,22,18356.0,3.59,6.51,3982.0,3773.0,5082.0,9.51,9.54,10.01,12836.0
2025-04-06,23,17736.0,4.51,7.3,3096.0,2843.0,3713.0,6.99,7.04,7.44,9652.0
2025-04-07,0,13302.0,5.32,9.89,3081.0,3003.0,3893.0,6.9,6.93,7.34,9977.0
2025-04-07,1,12197.0,5.65,9.34,2933.0,2869.0,3757.0,6.96,6.98,7.39,9559.0
2025-04-07,2,12323.0,6.04,9.78,2783.0,2730.0,3529.0,6.95,6.98,7.37,9042.0
2025-04-07,3,11870.0,6.46,9.69,2714.0,2680.0,3493.0,6.93,6.96,7.36,8888.0
2025-04-07,4,13321.0,6.86,8.63,3316.0,3314.0,4268.0,8.83,8.85,9.24,10898.0
2025-04-07,5,13115.0,6.85,7.55,4681.0,4739.0,6267.0,14.27,14.29,14.75,15687.0
2025-04-07,6,15975.0,6.32,7.97,6074.0,6085.0,8008.0,18.27,18.31,18.84,20167.0
2025-04-07,7,15727.0,5.61,7.7,6445.0,6407.0,8344.0,18.33,18.37,18.93,21196.0
2025-04-07,8,15932.0,4.87,7.08,6343.0,6276.0,8351.0,18.35,18.38,18.92,20970.0
2025-04-07,9,16349.0,4.24,6.55,5909.0,5864.0,7978.0,16.62,16.66,17.17,19750.0
2025-04-07,10,16828.0,3.96,6.43,5322.0,5188.0,6956.0,13.94,14.0,14.47,17466.0
2025-04-07,11,17369.0,3.93,6.57,5172.0,5052.0,6822.0,13.39,13.44,13.92,17046.0
2025-04-07,12,17599.0,3.94,6.69,5229.0,5137.0,6884.0,13.46,13.51,14.0,17250.0
2025-04-07,13,17625.0,3.98,6.74,5161.0,5105.0,6776.0,13.47,13.52,14.0,17041.0
2025-04-07,14,17649.0,4.03,6.79,5072.0,5080.0,6877.0,13.47,13.51,13.99,17029.0
2025-04-07,15,17002.0,4.08,7.68,5064.0,5050.0,6779.0,13.49,13.53,14.0,16893.0
2025-04-07,16,16817.0,3.94,7.81,5594.0,5635.0,7545.0,15.7,15.72,16.22,18775.0
2025-04-07,17,17074.0,3.54,7.46,6068.0,6081.0,8163.0,17.52,17.53,18.07,20312.0
2025-04-07,18,17347.0,3.07,7.16,6137.0,6165.0,8352.0,17.87,17.88,18.41,20654.0
2025-04-07,19,17708.0,2.66,6.88,6000.0,5974.0,7947.0,17.85,17.87,18.39,19922.0
2025-04-07,20,17843.0,2.42,6.69,5581.0,5504.0,7399.0,15.73,15.77,16.28,18484.0
2025-04-07,21,17814.0,2.52,6.68,4756.0,4541.0,6088.0,12.14,12.21,12.66,15385.0
2025-04-07,22,17900.0,3.03,7.16,3802.0,3586.0,4911.0,8.65,8.73,9.15,12299.0
2025-04-07,23,17447.0,3.91,7.75,3166.0,2954.0,4030.0,7.09,7.16,7.55,10150.0
2025-04-08,0,15217.0,4.76,7.58,3169.0,3144.0,4083.0,7.1,7.15,7.55,10395.0
2025-04-08,1,13896.0,5.27,7.5,3027.0,3034.0,3979.0,7.11,7.16,7.55,10040.0
2025-04-08,2,13727.0,5.81,7.94,2819.0,2807.0,3636.0,6.89,6.95,7.34,9262.0
2025-04-08,3,13651.0,6.42,8.19,2711.0,2711.0,3516.0,6.72,6.77,7.14,8938.0
2025-04-08,4,13829.0,6.94,8.46,3489.0,3500.0,4534.0,9.29,9.35,9.75,11523.0
2025-04-08,5,13079.0,6.85,7.52,4886.0,4955.0,6671.0,14.87,14.92,15.35,16512.0
2025-04-08,6,14350.0,6.13,7.57,6198.0,6212.0,8195.0,18.33,18.36,18.9,20605.0
2025-04-08,7,15625.0,5.26,7.35,6508.0,6451.0,8464.0,18.53,18.57,19.12,21422.0
2025-04-08,8,16861.0,4.53,7.03,6494.0,6411.0,8434.0,18.65,18.67,19.24,21338.0
2025-04-08,9,17162.0,3.94,6.59,6102.0,5977.0,7991.0,17.2,17.24,17.79,20069.0
2025-04-08,10,17622.0,3.65,6.44,5560.0,5427.0,7204.0,14.66,14.71,15.22,18192.0
2025-04-08,11,17635.0,3.63,6.41,5184.0,5128.0,6864.0,13.36,13.4,13.89,17176.0
2025-04-08,12,17743.0,3.69,6.52,5054.0,5111.0,6865.0,13.39,13.41,13.89,17030.0
2025-04-08,13,17728.0,3.8,6.59,4957.0,5024.0,6804.0,13.37,13.41,13.88,16785.0
2025-04-08,14,17630.0,3.91,6.68,4910.0,4964.0,6756.0,13.38,13.41,13.89,16631.0
2025-04-08,15,17601.0,4.03,6.79,5004.0,5014.0,6633.0,13.37,13.41,13.88,16651.0
2025-04-08,16,17513.0,4.09,6.82,5220.0,5205.0,6898.0,13.7,13.75,14.22,17322.0
2025-04-08,17,17549.0,4.01,6.81,5695.0,5677.0,7738.0,16.22,16.24,16.75,19110.0
2025-04-08,18,17796.0,3.63,6.54,6296.0,6244.0,8543.0,19.15,19.16,19.7,21083.0
2025-04-08,19,18091.0,3.21,6.21,6227.0,6251.0,8086.0,19.01,19.02,19.58,20564.0
2025-04-08,20,18217.0,2.88,5.92,6154.0,6208.0,8062.0,18.78,18.78,19.33,20424.0
2025-04-08,21,17927.0,2.68,5.55,5412.0,5329.0,7032.0,15.67,15.72,16.23,17774.0
2025-04-08,22,17913.0,2.96,5.69,4108.0,3944.0,5146.0,10.08,10.15,10.6,13198.0
2025-04-08,23,17244.0,3.8,6.26,3124.0,2953.0,4041.0,6.95,7.03,7.41,10119.0
2025-04-09,0,14745.0,4.61,6.31,3096.0,3093.0,3950.0,6.88,6.95,7.33,10139.0
2025-04-09,1,13740.0,5.17,7.29,2918.0,2943.0,3789.0,6.89,6.97,7.34,9650.0
2025-04-09,2,13667.0,5.69,7.69,2720.0,2726.0,3574.0,6.74,6.81,7.19,9020.0
2025-04-09,3,13958.0,6.4,7.5,2616.0,2627.0,3386.0,6.6,6.67,7.05,8629.0
2025-04-09,4,13957.0,6.97,7.88,3404.0,3468.0,4535.0,9.2,9.27,9.65,11406.0
2025-04-09,5,13278.0,6.95,7.61,4732.0,4853.0,6475.0,14.3,14.32,14.78,16060.0
2025-04-09,6,14905.0,6.26,7.73,6250.0,6377.0,8362.0,18.51,18.52,19.06,20989.0
2025-04-09,7,15944.0,5.36,7.59,6591.0,6621.0,8825.0,18.91,18.94,19.5,22037.0
2025-04-09,8,16749.0,4.6,7.1,6531.0,6404.0,8550.0,18.93,18.97,19.53,21484.0
2025-04-09,9,17074.0,4.0,6.64,6137.0,6037.0,8137.0,17.4,17.44,17.98,20311.0
2025-04-09,10,17606.0,3.68,6.47,5599.0,5504.0,7295.0,14.81,14.85,15.38,18398.0
2025-04-09,11,17646.0,3.64,6.42,5251.0,5200.0,6884.0,13.57,13.61,14.1,17335.0
2025-04-09,12,17822.0,3.67,6.5,5164.0,5177.0,6942.0,13.59,13.62,14.11,17283.0
2025-04-09,13,18024.0,3.76,6.66,5079.0,5074.0,6788.0,13.59,13.62,14.1,16942.0
2025-04-09,14,18106.0,3.89,6.82,5050.0,5046.0,6851.0,13.58,13.61,14.1,16946.0
2025-04-09,15,17997.0,4.02,6.92,5062.0,5072.0,6850.0,13.58,13.61,14.09,16984.0
2025-04-09,16,17789.0,4.11,6.94,5170.0,5179.0,7004.0,13.58,13.61,14.09,17354.0
2025-04-09,17,17631.0,3.99,6.82,5925.0,5942.0,8085.0,16.6,16.63,17.12,19953.0
2025-04-09,18,17929.0,3.53,6.5,6359.0,6340.0,8574.0,18.86,18.9,19.41,21274.0
2025-04-09,19,18202.0,3.15,6.19,6157.0,6121.0,8119.0,18.69,18.73,19.26,20397.0
2025-04-09,20,18200.0,2.84,5.86,6116.0,6081.0,8070.0,18.66,18.7,19.22,20267.0
2025-04-09,21,18350.0,2.68,5.69,5342.0,5276.0,7027.0,15.5,15.55,16.05,17646.0
2025-04-09,22,18549.0,3.07,6.07,4096.0,3910.0,5275.0,9.69,9.72,10.21,13281.0
2025-04-09,23,18061.0,3.97,6.73,3190.0,2965.0,3891.0,7.13,7.17,7.58,10046.0
2025-04-10,0,15457.0,4.88,6.94,3186.0,3173.0,3990.0,6.94,6.96,7.39,10348.0
2025-04-10,1,13768.0,5.44,8.42,3003.0,3039.0,3961.0,6.96,6.98,7.4,10002.0
2025-04-10,2,13630.0,5.95,8.8,2870.0,2916.0,3813.0,6.96,6.98,7.38,9598.0
2025-04-10,3,13911.0,6.53,9.07,2788.0,2846.0,3753.0,6.96,6.98,7.38,9387.0
2025-04-10,4,13040.0,6.99,8.97,3409.0,3484.0,4550.0,9.02,9.02,9.43,11443.0
2025-04-10,5,13407.0,6.91,7.62,4643.0,4757.0,6427.0,14.39,14.4,14.84,15828.0
2025-04-10,6,14494.0,6.33,7.63,5957.0,6022.0,8036.0,18.35,18.38,18.9,20015.0
2025-04-10,7,15506.0,5.54,7.56,6181.0,6164.0,8160.0,18.54,18.57,19.1,20506.0
2025-04-10,8,16767.0,4.95,7.37,6049.0,5995.0,8045.0,18.56,18.59,19.11,20090.0
2025-04-10,9,17037.0,4.57,7.13,5674.0,5601.0,7583.0,16.97,17.02,17.51,18858.0
2025-04-10,10,17441.0,4.42,7.06,5242.0,5152.0,6939.0,14.39,14.44,14.91,17333.0
2025-04-10,11,17512.0,4.45,7.15,5046.0,5039.0,6714.0,13.36,13.4,13.87,16799.0
2025-04-10,12,17759.0,4.49,7.31,5082.0,5122.0,6902.0,13.49,13.52,14.0,17107.0
2025-04-10,13,17613.0,4.59,7.38,4974.0,5042.0,6759.0,13.47,13.5,13.98,16776.0
2025-04-10,14,17152.0,4.68,7.28,4851.0,4940.0,6663.0,13.48,13.51,13.97,16454.0
2025-04-10,15,16857.0,4.77,7.28,4798.0,4871.0,6490.0,13.47,13.5,13.96,16160.0
2025-04-10,16,16749.0,4.81,7.24,4878.0,4949.0,6667.0,13.55,13.59,14.06,16494.0
2025-04-10,17,16433.0,4.67,7.06,5541.0,5618.0,7604.0,16.51,16.54,17.03,18763.0
2025-04-10,18,16684.0,4.23,6.72,5997.0,6021.0,8029.0,18.69,18.71,19.24,20046.0
2025-04-10,19,16970.0,3.79,6.37,5948.0,5941.0,7817.0,18.56,18.6,19.12,19706.0
2025-04-10,20,17200.0,3.41,6.05,5986.0,5961.0,7808.0,18.5,18.54,19.05,19755.0
2025-04-10,21,17603.0,3.19,5.89,5231.0,5180.0,6899.0,15.36,15.4,15.9,17310.0
2025-04-10,22,17712.0,3.5,6.17,3991.0,3797.0,4977.0,9.78,9.85,10.28,12766.0
2025-04-10,23,16225.0,4.34,8.92,3034.0,2857.0,3748.0,6.92,6.98,7.37,9639.0
2025-04-11,0,13983.0,5.03,10.09,3137.0,3176.0,3956.0,6.9,6.95,7.35,10270.0
2025-04-11,1,13160.0,5.45,9.18,2941.0,3004.0,3806.0,6.88,6.93,7.32,9751.0
2025-04-11,2,12876.0,5.91,9.25,2816.0,2894.0,3663.0,6.83,6.88,7.27,9374.0
2025-04-11,3,12140.0,6.35,9.13,2763.0,2848.0,3618.0,6.82,6.87,7.26,9229.0
2025-04-11,4,13513.0,6.7,7.82,3402.0,3490.0,4483.0,9.02,9.07,9.45,11375.0
2025-04-11,5,13065.0,6.68,7.42,4689.0,4811.0,6376.0,14.37,14.4,14.84,15876.0
2025-04-11,6,15563.0,6.09,7.82,5963.0,6049.0,7990.0,18.26,18.29,18.8,20002.0
2025-04-11,7,16058.0,5.44,7.7,6152.0,6147.0,8130.0,18.52,18.55,19.08,20428.0
2025-04-11,8,16457.0,4.92,7.28,5991.0,5941.0,7840.0,18.44,18.48,19.0,19772.0
2025-04-11,9,16676.0,4.52,6.92,5661.0,5561.0,7431.0,16.83,16.88,17.39,18652.0
2025-04-11,10,17067.0,4.31,6.87,5456.0,5333.0,6883.0,14.53,14.6,15.1,17672.0
2025-04-11,11,17254.0,4.21,6.82,5210.0,5207.0,6967.0,13.54,13.59,14.08,17384.0
2025-04-11,12,17522.0,4.22,6.96,5005.0,5057.0,6794.0,13.59,13.63,14.1,16856.0
2025-04-11,13,17762.0,4.34,7.13,4886.0,4935.0,6580.0,13.59,13.64,14.09,16401.0
2025-04-11,14,17641.0,4.55,7.3,4752.0,4811.0,6376.0,13.4,13.44,13.89,15939.0
2025-04-11,15,17580.0,4.74,7.44,4840.0,4910.0,6540.0,13.36,13.41,13.87,16290.0
2025-04-11,16,17361.0,4.86,7.52,4894.0,4968.0,6660.0,13.45,13.49,13.95,16522.0
2025-04-11,17,16985.0,4.83,7.42,5538.0,5570.0,7514.0,16.36,16.39,16.87,18622.0
2025-04-11,18,15288.0,4.34,6.36,5975.0,5973.0,7932.0,18.64,18.67,19.19,19880.0
2025-04-11,19,15407.0,3.75,5.81,5898.0,5831.0,7682.0,18.48,18.53,19.04,19411.0
2025-04-11,20,16510.0,3.23,5.57,5873.0,5805.0,7597.0,18.4,18.44,18.95,19275.0
2025-04-11,21,17603.0,3.07,5.78,5120.0,5013.0,6605.0,15.25,15.3,15.8,16739.0
2025-04-11,22,17745.0,3.47,6.15,3838.0,3572.0,4700.0,9.49,9.52,9.97,12110.0
2025-04-11,23,17262.0,4.41,6.86,3021.0,2715.0,3593.0,6.94,6.99,7.39,9329.0
2025-04-12,0,12808.0,5.18,9.34,3054.0,3042.0,3829.0,6.94,6.97,7.37,9924.0
2025-04-12,1,12160.0,5.5,9.82,2874.0,2910.0,3718.0,6.95,6.97,7.38,9503.0
2025-04-12,2,12363.0,5.88,9.68,2750.0,2786.0,3637.0,6.95,6.98,7.37,9173.0
2025-04-12,3,12311.0,6.3,9.89,2720.0,2782.0,3711.0,6.95,6.98,7.37,9214.0
2025-04-12,4,11874.0,6.69,9.76,2810.0,2840.0,3740.0,6.93,6.96,7.36,9390.0
2025-04-12,5,11327.0,6.84,9.45,3506.0,3527.0,4841.0,9.36,9.37,9.78,11873.0
2025-04-12,6,13353.0,6.55,7.43,5122.0,5118.0,6784.0,14.35,14.41,14.85,17024.0
2025-04-12,7,13382.0,5.77,7.16,6003.0,5938.0,7797.0,17.13,17.17,17.7,19738.0
2025-04-12,8,15254.0,4.94,6.91,6120.0,6010.0,7988.0,17.14,17.18,17.71,20118.0
2025-04-12,9,15931.0,4.27,6.52,6144.0,6051.0,7922.0,17.15,17.18,17.73,20118.0
2025-04-12,10,16647.0,3.76,6.25,5913.0,5793.0,7579.0,15.92,15.95,16.5,19284.0
2025-04-12,11,16963.0,3.49,6.04,5504.0,5429.0,7181.0,14.22,14.24,14.75,18113.0
2025-04-12,12,17042.0,3.38,5.96,5255.0,5253.0,6908.0,13.43,13.46,13.96,17417.0
2025-04-12,13,17191.0,3.37,5.99,5099.0,5097.0,6717.0,13.3,13.33,13.82,16914.0
2025-04-12,14,17133.0,3.41,6.0,4992.0,5008.0,6640.0,13.29,13.32,13.81,16640.0
2025-04-12,15,17010.0,3.46,5.99,4970.0,5004.0,6604.0,13.32,13.36,13.84,16578.0
2025-04-12,16,16898.0,3.41,5.93,5390.0,5481.0,7204.0,15.11,15.12,15.62,18076.0
2025-04-12,17,16894.0,3.12,5.69,5747.0,5813.0,7673.0,16.76,16.76,17.29,19233.0
2025-04-12,18,17206.0,2.83,5.47,5695.0,5733.0,7484.0,16.85,16.87,17.39,18912.0
2025-04-12,19,17372.0,2.66,5.45,5491.0,5374.0,7076.0,16.6,16.64,17.13,17941.0
2025-04-12,20,16751.0,2.6,5.7,5072.0,4931.0,6496.0,14.77,14.81,15.29,16499.0
2025-04-12,21,17363.0,2.82,6.1,4277.0,4086.0,5501.0,11.77,11.83,12.26,13864.0
2025-04-12,22,17406.0,3.45,6.69,3522.0,3267.0,4335.0,8.67,8.75,9.15,11123.0
2025-04-12,23,15879.0,4.38,8.36,2882.0,2657.0,3589.0,6.74,6.82,7.2,9128.0
2025-04-13,0,12604.0,5.0,8.75,2980.0,2997.0,3867.0,6.76,6.84,7.22,9844.0
2025-04-13,1,12338.0,5.34,8.84,2819.0,2857.0,3742.0,6.82,6.89,7.27,9418.0
2025-04-13,2,12234.0,5.74,9.17,2677.0,2759.0,3642.0,6.81,6.88,7.25,9078.0
2025-04-13,3,12081.0,6.16,9.42,2598.0,2698.0,3587.0,6.81,6.87,7.24,8882.0
2025-04-13,4,11348.0,6.55,9.77,2693.0,2746.0,3650.0,6.77,6.84,7.21,9089.0
2025-04-13,5,12985.0,6.83,7.44,3330.0,3393.0,4593.0,8.88,8.96,9.32,11317.0
2025-04-13,6,12567.0,6.65,7.33,5039.0,5058.0,6664.0,13.85,13.9,14.36,16760.0
2025-04-13,7,13517.0,5.84,7.26,5904.0,5895.0,7736.0,17.02,17.06,17.58,19534.0
2025-04-13,8,14363.0,5.03,6.76,5998.0,5926.0,7741.0,17.03,17.07,17.61,19665.0
2025-04-13,9,15488.0,4.35,6.44,6018.0,5910.0,7724.0,17.06,17.08,17.63,19652.0
2025-04-13,10,16063.0,3.83,6.11,5751.0,5607.0,7234.0,15.67,15.71,16.25,18592.0
2025-04-13,11,16265.0,3.61,5.92,5253.0,5125.0,6606.0,13.77,13.83,14.32,16984.0
2025-04-13,12,16399.0,3.55,5.92,5068.0,5001.0,6432.0,13.26,13.32,13.79,16501.0
2025-04-13,13,16598.0,3.55,5.94,4980.0,4961.0,6353.0,13.28,13.33,13.81,16293.0
2025-04-13,14,16867.0,3.61,6.06,4919.0,4911.0,6362.0,13.28,13.32,13.8,16192.0
2025-04-13,15,16833.0,3.68,6.13,4837.0,4858.0,6342.0,13.29,13.34,13.79,16037.0
2025-04-13,16,16767.0,3.75,6.18,5127.0,5185.0,6817.0,14.98,15.02,15.49,17129.0
2025-04-13,17,16644.0,3.57,5.97,5484.0,5497.0,7271.0,16.56,16.6,17.1,18253.0
2025-04-13,18,16849.0,3.35,5.79,5464.0,5450.0,7185.0,16.48,16.52,17.01,18099.0
2025-04-13,19,17139.0,3.21,5.73,5359.0,5304.0,6893.0,16.31,16.36,16.85,17556.0
2025-04-13,20,16552.0,3.19,5.51,4948.0,4852.0,6239.0,14.49,14.55,15.02,16039.0
2025-04-13,21,15860.0,3.37,5.41,4175.0,4006.0,5188.0,11.55,11.59,12.04,13369.0
2025-04-13,22,15150.0,3.82,5.6,3397.0,3118.0,3886.0,8.33,8.36,8.79,10402.0
2025-04-13,23,13742.0,4.49,7.14,2878.0,2618.0,3317.0,6.83,6.87,7.27,8812.0
2025-04-14,0,12088.0,4.99,7.5,2964.0,2983.0,3731.0,6.81,6.83,7.24,9678.0
2025-04-14,1,11677.0,5.27,7.34,2839.0,2873.0,3644.0,6.86,6.88,7.28,9355.0
2025-04-14,2,11317.0,5.56,7.31,2666.0,2719.0,3537.0,6.86,6.88,7.28,8922.0
2025-04-14,3,11500.0,5.91,7.49,2572.0,2626.0,3478.0,6.85,6.87,7.27,8677.0
2025-04-14,4,11211.0,6.26,7.72,2639.0,2679.0,3506.0,6.83,6.86,7.26,8824.0
2025-04-14,5,11441.0,6.5,7.07,3227.0,3276.0,4340.0,8.87,8.88,9.28,10843.0
2025-04-14,6,12286.0,6.25,7.18,4762.0,4810.0,6302.0,13.76,13.79,14.24,15873.0
2025-04-14,7,14380.0,5.7,7.35,5502.0,5510.0,7338.0,16.94,16.99,17.47,18349.0
2025-04-14,8,14298.0,5.12,6.73,5593.0,5530.0,7263.0,16.92,16.97,17.46,18386.0
2025-04-14,9,14679.0,4.57,6.29,5700.0,5601.0,7251.0,16.92,16.97,17.47,18553.0
2025-04-14,10,15254.0,4.09,5.98,5463.0,5361.0,6902.0,15.54,15.6,16.1,17726.0
2025-04-14,11,15496.0,3.82,5.76,5146.0,5039.0,6458.0,13.83,13.89,14.37,16643.0
2025-04-14,12,15676.0,3.66,5.7,5076.0,5022.0,6374.0,13.33,13.39,13.87,16471.0
2025-04-14,13,15986.0,3.54,5.67,5016.0,5000.0,6411.0,13.36,13.41,13.89,16427.0
2025-04-14,14,16106.0,3.47,5.66,4930.0,4937.0,6397.0,13.38,13.42,13.9,16264.0
2025-04-14,15,16318.0,3.45,5.71,4911.0,4950.0,6389.0,13.37,13.42,13.89,16249.0
2025-04-14,16,16115.0,3.35,5.6,5309.0,5390.0,6980.0,15.21,15.24,15.73,17680.0
2025-04-14,17,16060.0,3.03,5.26,5620.0,5667.0,7334.0,16.55,16.58,17.1,18621.0
2025-04-14,18,16205.0,2.68,4.93,5628.0,5627.0,7285.0,16.57,16.59,17.11,18540.0
2025-04-14,19,16480.0,2.42,4.76,5430.0,5380.0,6870.0,16.22,16.27,16.77,17680.0
2025-04-14,20,16420.0,2.31,4.86,4993.0,4869.0,6181.0,14.33,14.39,14.87,16042.0
2025-04-14,21,16474.0,2.54,4.78,4205.0,4008.0,5096.0,11.39,11.46,11.89,13309.0
2025-04-14,22,16442.0,3.13,5.27,3420.0,3134.0,3898.0,8.34,8.41,8.83,10453.0
2025-04-14,23,16225.0,4.03,6.09,2963.0,2703.0,3313.0,6.89,6.97,7.35,8979.0
2025-04-15,0,14362.0,4.85,6.93,3052.0,3069.0,3784.0,6.9,6.95,7.34,9906.0
2025-04-15,1,12788.0,5.31,7.57,2886.0,2947.0,3670.0,6.83,6.88,7.27,9504.0
2025-04-15,2,12385.0,5.75,7.56,2732.0,2803.0,3512.0,6.82,6.87,7.26,9047.0
2025-04-15,3,12324.0,6.19,7.56,2633.0,2708.0,3450.0,6.85,6.89,7.28,8791.0
2025-04-15,4,12522.0,6.67,7.74,2668.0,2738.0,3579.0,6.82,6.87,7.25,8985.0
2025-04-15,5,11762.0,7.01,7.75,3150.0,3202.0,4386.0,8.56,8.61,8.98,10738.0
2025-04-15,6,13726.0,6.9,7.63,4765.0,4801.0,6336.0,13.8,13.84,14.28,15902.0
2025-04-15,7,14201.0,6.37,7.55,5746.0,5763.0,7580.0,17.17,17.21,17.72,19089.0
2025-04-15,8,13867.0,5.56,7.11,6001.0,5936.0,7893.0,17.23,17.26,17.8,19830.0
2025-04-15,9,14421.0,4.71,6.47,6081.0,5990.0,7890.0,17.22,17.25,17.8,19961.0
2025-04-15,10,15230.0,4.02,6.01,5817.0,5684.0,7349.0,15.61,15.66,16.2,18850.0
2025-04-15,11,15479.0,3.63,5.67,5367.0,5239.0,6728.0,13.74,13.79,14.3,17334.0
2025-04-15,12,15750.0,3.41,5.53,5259.0,5173.0,6634.0,13.36,13.41,13.9,17067.0
2025-04-15,13,17039.0,3.3,5.79,5136.0,5061.0,6611.0,13.38,13.42,13.91,16807.0
2025-04-15,14,17462.0,3.38,6.05,5015.0,5001.0,6559.0,13.4,13.44,13.91,16575.0
2025-04-15,15,17585.0,3.49,6.24,5003.0,4970.0,6503.0,13.39,13.43,13.9,16475.0
2025-04-15,16,17645.0,3.6,6.38,5263.0,5249.0,6780.0,14.57,14.62,15.1,17291.0
2025-04-15,17,17732.0,3.54,6.32,5589.0,5641.0,7332.0,16.65,16.67,17.18,18562.0
2025-04-15,18,17061.0,3.41,5.94,5482.0,5554.0,7161.0,16.5,16.54,17.04,18197.0
2025-04-15,19,16754.0,3.26,6.2,5363.0,5391.0,6810.0,16.23,16.27,16.76,17563.0
2025-04-15,20,16003.0,3.16,6.45,5010.0,4953.0,6247.0,14.62,14.67,15.16,16211.0
2025-04-15,21,15541.0,3.24,6.22,4240.0,4088.0,5256.0,11.57,11.64,12.07,13584.0
2025-04-15,22,15623.0,3.69,6.65,3387.0,3172.0,3990.0,8.28,8.37,8.76,10549.0
2025-04-15,23,14976.0,4.44,7.08,2936.0,2697.0,3338.0,6.89,6.96,7.35,8971.0
2025-04-16,0,12052.0,5.02,8.49,3016.0,3020.0,3722.0,6.87,6.94,7.32,9758.0
2025-04-16,1,11388.0,5.26,8.63,2873.0,2907.0,3663.0,6.9,6.97,7.35,9443.0
2025-04-16,2,11283.0,5.53,8.82,2724.0,2813.0,3624.0,6.9,6.97,7.35,9162.0
2025-04-16,3,11247.0,5.81,9.04,2636.0,2768.0,3662.0,6.93,6.98,7.36,9067.0
2025-04-16,4,12326.0,6.11,8.1,2729.0,2832.0,3781.0,7.02,7.08,7.46,9341.0
2025-04-16,5,12879.0,6.49,7.29,3401.0,3431.0,4661.0,9.27,9.34,9.7,11493.0
2025-04-16,6,14173.0,6.41,7.55,4939.0,4962.0,6504.0,14.19,14.24,14.71,16404.0
2025-04-16,7,14201.0,5.86,7.41,5681.0,5681.0,7510.0,16.98,17.02,17.52,18872.0
2025-04-16,8,14348.0,5.19,6.86,5845.0,5794.0,7601.0,17.03,17.06,17.58,19241.0
2025-04-16,9,14599.0,4.48,6.25,5980.0,5905.0,7730.0,17.05,17.08,17.61,19615.0
2025-04-16,10,15361.0,3.84,5.81,5768.0,5664.0,7357.0,15.93,15.97,16.49,18789.0
2025-04-16,11,15561.0,3.5,5.52,5300.0,5188.0,6599.0,13.83,13.89,14.38,17086.0
2025-04-16,12,15835.0,3.32,5.41,5188.0,5104.0,6454.0,13.19,13.25,13.73,16745.0
2025-04-16,13,15798.0,3.18,5.28,5112.0,5062.0,6509.0,13.16,13.21,13.7,16684.0
2025-04-16,14,15662.0,3.03,5.06,5038.0,5037.0,6568.0,13.17,13.2,13.7,16644.0
2025-04-16,15,16873.0,2.96,5.36,4969.0,5002.0,6504.0,13.2,13.23,13.72,16475.0
2025-04-16,16,16863.0,2.96,5.42,5295.0,5300.0,6916.0,14.89,14.91,15.41,17511.0
2025-04-16,17,17140.0,2.73,5.32,5780.0,5791.0,7493.0,16.87,16.88,17.4,19065.0
2025-04-16,18,17521.0,2.46,5.17,5739.0,5744.0,7592.0,16.88,16.89,17.42,19076.0
2025-04-16,19,17446.0,2.22,5.28,5638.0,5594.0,7413.0,16.74,16.76,17.27,18646.0
2025-04-16,20,17465.0,2.09,5.33,5240.0,5160.0,6843.0,14.99,15.05,15.53,17244.0
2025-04-16,21,17637.0,2.3,5.32,4391.0,4299.0,5761.0,11.92,11.99,12.41,14451.0
2025-04-16,22,17955.0,2.95,5.66,3600.0,3409.0,4516.0,8.88,8.94,9.36,11525.0
2025-04-16,23,17469.0,3.95,6.46,2935.0,2671.0,3551.0,6.95,6.99,7.39,9157.0
2025-04-17,0,15135.0,4.9,6.95,2968.0,2942.0,3786.0,6.93,6.96,7.37,9697.0
2025-04-17,1,13007.0,5.49,8.86,2784.0,2804.0,3732.0,6.95,6.98,7.38,9321.0
2025-04-17,2,12262.0,5.96,9.87,2626.0,2651.0,3502.0,6.95,6.98,7.37,8779.0
2025-04-17,3,13072.0,6.51,9.11,2512.0,2534.0,3317.0,6.77,6.8,7.19,8364.0
2025-04-17,4,12870.0,7.02,9.36,3218.0,3287.0,4241.0,9.16,9.17,9.57,10747.0
2025-04-17,5,14057.0,7.07,7.81,4444.0,4547.0,6125.0,14.41,14.43,14.86,15116.0
2025-04-17,6,15286.0,6.67,7.85,5832.0,5869.0,7794.0,18.47,18.49,19.0,19494.0
2025-04-17,7,15394.0,5.97,7.76,6170.0,6105.0,8027.0,18.65,18.66,19.2,20302.0
2025-04-17,8,15774.0,5.29,7.44,6227.0,6125.0,8120.0,18.65,18.68,19.21,20473.0
2025-04-17,9,15969.0,4.69,6.93,5870.0,5734.0,7520.0,16.83,16.89,17.4,19123.0
2025-04-17,10,16562.0,4.38,6.76,5393.0,5283.0,6717.0,14.25,14.33,14.83,17393.0
2025-04-17,11,16528.0,4.28,6.66,5198.0,5121.0,6648.0,13.35,13.41,13.9,16967.0
2025-04-17,12,16754.0,4.21,6.68,5117.0,5138.0,6683.0,13.37,13.42,13.9,16939.0
2025-04-17,13,17003.0,4.21,6.75,5001.0,5028.0,6617.0,13.38,13.43,13.91,16645.0
2025-04-17,14,17043.0,4.27,6.81,4902.0,4933.0,6550.0,13.36,13.41,13.89,16385.0
2025-04-17,15,16962.0,4.33,6.85,4908.0,4960.0,6534.0,13.37,13.42,13.89,16402.0
2025-04-17,16,16738.0,4.37,6.82,4990.0,5013.0,6698.0,13.38,13.42,13.9,16701.0
2025-04-17,17,16433.0,4.24,6.61,5614.0,5631.0,7436.0,16.08,16.12,16.61,18680.0
2025-04-17,18,16844.0,3.78,6.32,6116.0,6096.0,8001.0,18.57,18.61,19.14,20213.0
2025-04-17,19,17212.0,3.36,6.0,5987.0,5955.0,7770.0,18.45,18.49,19.02,19712.0
2025-04-17,20,17150.0,2.99,5.61,5951.0,5907.0,7718.0,18.34,18.38,18.91,19575.0
2025-04-17,21,17289.0,2.78,5.4,5220.0,5141.0,6707.0,15.51,15.57,16.05,17067.0
2025-04-17,22,17547.0,3.11,5.71,3947.0,3728.0,4798.0,9.8,9.88,10.3,12474.0
2025-04-17,23,17615.0,4.05,6.63,3000.0,2726.0,3491.0,6.9,6.97,7.36,9217.0
2025-04-18,0,14754.0,4.98,7.31,3013.0,2995.0,3816.0,6.89,6.95,7.34,9824.0
2025-04-18,1,12518.0,5.48,9.18,2798.0,2827.0,3704.0,6.9,6.96,7.34,9328.0
2025-04-18,2,12008.0,5.89,9.64,2680.0,2716.0,3602.0,6.92,6.97,7.35,8998.0
2025-04-18,3,13017.0,6.35,8.82,2649.0,2706.0,3558.0,6.92,6.97,7.35,8913.0
2025-04-18,4,13448.0,6.82,7.72,3327.0,3414.0,4515.0,9.27,9.32,9.69,11256.0
2025-04-18,5,13400.0,6.83,7.52,4549.0,4660.0,6293.0,14.45,14.49,14.91,15502.0
2025-04-18,6,15203.0,6.29,7.78,5981.0,5990.0,7945.0,18.41,18.44,18.96,19916.0
2025-04-18,7,15175.0,5.52,7.48,6368.0,6286.0,8248.0,18.62,18.66,19.21,20902.0
2025-04-18,8,15568.0,4.71,6.85,6377.0,6278.0,8181.0,18.56,18.6,19.16,20836.0
2025-04-18,9,15980.0,4.04,6.31,6021.0,5875.0,7610.0,16.89,16.93,17.48,19506.0
2025-04-18,10,16316.0,3.71,6.05,5372.0,5254.0,7005.0,14.46,14.51,15.0,17631.0
2025-04-18,11,16571.0,3.57,5.97,5180.0,5169.0,6855.0,13.52,13.56,14.05,17204.0
2025-04-18,12,16888.0,3.49,5.99,5135.0,5169.0,6759.0,13.48,13.52,14.01,17064.0
2025-04-18,13,16939.0,3.48,5.99,4983.0,5028.0,6698.0,13.38,13.41,13.91,16709.0
2025-04-18,14,17008.0,3.52,6.04,4882.0,4924.0,6543.0,13.38,13.41,13.9,16349.0
2025-04-18,15,16997.0,3.6,6.09,4943.0,4944.0,6429.0,13.31,13.34,13.83,16317.0
2025-04-18,16,16856.0,3.63,6.1,5078.0,5099.0,6706.0,13.55,13.59,14.06,16883.0
2025-04-18,17,16844.0,3.46,6.0,5752.0,5746.0,7737.0,16.54,16.56,17.07,19235.0
2025-04-18,18,17108.0,3.0,5.66,6198.0,6161.0,8264.0,18.8,18.82,19.36,20622.0
2025-04-18,19,17934.0,2.62,5.52,5984.0,5938.0,7774.0,18.52,18.56,19.09,19695.0
2025-04-18,20,18064.0,2.37,5.42,5927.0,5869.0,7628.0,18.32,18.36,18.89,19424.0
2025-04-18,21,18139.0,2.28,5.61,5207.0,5102.0,6667.0,15.24,15.29,15.79,16976.0
2025-04-18,22,18562.0,2.74,5.72,3975.0,3759.0,4909.0,9.78,9.83,10.29,12642.0
2025-04-18,23,17782.0,3.72,6.38,3093.0,2880.0,3863.0,6.94,6.98,7.39,9836.0
2025-04-19,0,14679.0,4.61,7.97,3105.0,3076.0,3929.0,6.94,6.97,7.38,10110.0
2025-04-19,1,13581.0,5.11,7.82,2927.0,2944.0,3778.0,6.96,6.98,7.39,9649.0
2025-04-19,2,12936.0,5.61,8.05,2784.0,2833.0,3725.0,6.95,6.98,7.38,9342.0
2025-04-19,3,13154.0,6.1,7.94,2698.0,2747.0,3628.0,6.95,6.98,7.38,9073.0
2025-04-19,4,13873.0,6.64,7.53,3274.0,3319.0,4273.0,8.81,8.83,9.23,10866.0
2025-04-19,5,13687.0,6.69,7.53,4580.0,4674.0,6182.0,14.17,14.18,14.64,15436.0
2025-04-19,6,14799.0,6.17,7.68,5983.0,5998.0,7793.0,18.07,18.09,18.62,19774.0
2025-04-19,7,15327.0,5.42,7.45,6298.0,6250.0,8069.0,18.22,18.27,18.82,20617.0
2025-04-19,8,15637.0,4.64,6.77,6426.0,6309.0,8244.0,18.23,18.26,18.83,20979.0
2025-04-19,9,16790.0,4.01,6.53,6112.0,5982.0,8003.0,16.58,16.62,17.18,20096.0
2025-04-19,10,17319.0,3.69,6.36,5619.0,5489.0,7083.0,14.06,14.11,14.64,18191.0
2025-04-19,11,17355.0,3.6,6.28,5426.0,5321.0,6980.0,13.61,13.65,14.16,17727.0
2025-04-19,12,17652.0,3.54,6.32,5345.0,5336.0,7017.0,13.61,13.63,14.14,17699.0
2025-04-19,13,17324.0,3.55,6.2,5100.0,5108.0,6659.0,13.54,13.58,14.07,16868.0
2025-04-19,14,17710.0,3.68,6.48,4924.0,4930.0,6526.0,13.47,13.52,13.99,16380.0
2025-04-19,15,17656.0,3.82,6.61,4904.0,4936.0,6619.0,13.49,13.54,14.0,16460.0
2025-04-19,16,17451.0,3.87,6.62,5380.0,5424.0,7244.0,15.5,15.53,16.02,18048.0
2025-04-19,17,17436.0,3.63,6.38,5780.0,5805.0,7878.0,17.57,17.59,18.1,19463.0
2025-04-19,18,17782.0,3.35,6.21,5847.0,5845.0,7869.0,17.76,17.78,18.3,19561.0
2025-04-19,19,17845.0,3.13,6.02,5793.0,5722.0,7366.0,17.61,17.64,18.18,18880.0
2025-04-19,20,17372.0,3.03,5.69,5364.0,5227.0,6796.0,15.44,15.48,15.97,17386.0
2025-04-19,21,17115.0,3.13,5.66,4631.0,4439.0,6116.0,12.36,12.43,12.88,15186.0
2025-04-19,22,16492.0,3.54,5.77,3753.0,3525.0,4712.0,8.99,9.06,9.48,11990.0
2025-04-19,23,16147.0,4.28,6.49,3116.0,2887.0,3833.0,7.09,7.18,7.54,9836.0
2025-04-20,0,13240.0,4.92,7.45,3136.0,3092.0,3896.0,6.98,7.06,7.45,10123.0
2025-04-20,1,12902.0,5.32,7.65,2926.0,2930.0,3800.0,7.0,7.07,7.45,9657.0
2025-04-20,2,12605.0,5.77,7.98,2720.0,2725.0,3528.0,6.96,7.03,7.4,8972.0
2025-04-20,3,12452.0,6.26,8.3,2644.0,2657.0,3457.0,6.94,7.0,7.38,8757.0
2025-04-20,4,12412.0,6.64,8.33,3327.0,3397.0,4323.0,9.3,9.37,9.75,11047.0
2025-04-20,5,13686.0,6.57,7.5,4616.0,4749.0,6178.0,14.72,14.75,15.19,15543.0
2025-04-20,6,16235.0,6.17,7.99,5813.0,5893.0,7706.0,17.96,17.99,18.51,19412.0
2025-04-20,7,16168.0,5.6,7.82,6211.0,6230.0,8196.0,18.1,18.12,18.67,20637.0
2025-04-20,8,16386.0,4.91,7.31,6423.0,6383.0,8336.0,18.27,18.27,18.85,21142.0
2025-04-20,9,16670.0,4.28,6.78,6139.0,6026.0,7913.0,16.61,16.65,17.2,20079.0
2025-04-20,10,17191.0,3.95,6.58,5655.0,5540.0,7186.0,14.04,14.09,14.61,18381.0
2025-04-20,11,17089.0,3.8,6.39,5455.0,5350.0,7015.0,13.37,13.42,13.93,17820.0
2025-04-20,12,17285.0,3.71,6.35,5347.0,5287.0,6875.0,13.38,13.42,13.93,17508.0
2025-04-20,13,17281.0,3.69,6.33,5206.0,5169.0,6656.0,13.32,13.37,13.87,17031.0
2025-04-20,14,17405.0,3.75,6.38,5091.0,5088.0,6467.0,13.3,13.34,13.85,16645.0
2025-04-20,15,17405.0,3.82,6.45,5039.0,5071.0,6696.0,13.27,13.3,13.8,16806.0
2025-04-20,16,16895.0,3.78,6.3,5488.0,5534.0,7318.0,15.2,15.22,15.72,18340.0
2025-04-20,17,17459.0,3.42,6.18,6124.0,6142.0,8076.0,17.85,17.85,18.41,20342.0
2025-04-20,18,17100.0,2.97,6.69,6224.0,6219.0,8229.0,18.27,18.28,18.83,20672.0
2025-04-20,19,16854.0,2.48,7.0,6057.0,5980.0,7821.0,17.98,18.01,18.55,19858.0
2025-04-20,20,16975.0,2.13,6.9,5604.0,5523.0,7104.0,15.77,15.82,16.34,18231.0
2025-04-20,21,18118.0,2.19,5.58,4749.0,4600.0,6110.0,12.44,12.5,12.97,15459.0
2025-04-20,22,18335.0,2.76,5.64,3896.0,3695.0,4799.0,9.16,9.23,9.67,12391.0
2025-04-20,23,17779.0,3.73,6.35,3057.0,2825.0,3595.0,6.91,6.98,7.38,9477.0
2025-04-21,0,16122.0,4.75,7.05,3034.0,2987.0,3774.0,6.88,6.94,7.34,9796.0
2025-04-21,1,12737.0,5.35,8.73,2885.0,2863.0,3634.0,6.92,6.98,7.37,9382.0
2025-04-21,2,12441.0,5.8,9.05,2682.0,2661.0,3416.0,6.83,6.89,7.27,8759.0
2025-04-21,3,12558.0,6.32,8.83,2582.0,2591.0,3304.0,6.71,6.77,7.15,8476.0
2025-04-21,4,13769.0,6.83,7.61,3276.0,3328.0,4336.0,8.8,8.85,9.23,10940.0
2025-04-21,5,13141.0,6.83,7.5,4727.0,4839.0,6496.0,14.44,14.47,14.9,16062.0
2025-04-21,6,15410.0,6.17,7.81,6189.0,6226.0,8246.0,18.42,18.44,18.98,20661.0
2025-04-21,7,15658.0,5.36,7.48,6530.0,6481.0,8488.0,18.85,18.87,19.44,21499.0
2025-04-21,8,15936.0,4.54,6.77,6482.0,6413.0,8463.0,18.87,18.88,19.46,21357.0
2025-04-21,9,16520.0,3.88,6.29,6049.0,5967.0,7925.0,17.25,17.29,17.84,19940.0
2025-04-21,10,17027.0,3.54,6.11,5493.0,5414.0,7172.0,14.67,14.72,15.23,18078.0
2025-04-21,11,17115.0,3.45,6.02,5199.0,5167.0,6788.0,13.56,13.61,14.1,17154.0
2025-04-21,12,17469.0,3.44,6.13,5143.0,5162.0,6828.0,13.57,13.62,14.09,17132.0
2025-04-21,13,17460.0,3.49,6.22,5005.0,5030.0,6801.0,13.58,13.62,14.1,16836.0
2025-04-21,14,17431.0,3.58,6.27,4935.0,4970.0,6660.0,13.57,13.61,14.1,16565.0
2025-04-21,15,17466.0,3.68,6.36,4961.0,5008.0,6688.0,13.58,13.6,14.08,16657.0
2025-04-21,16,17250.0,3.75,6.38,5072.0,5102.0,6778.0,13.64,13.66,14.16,16952.0
2025-04-21,17,16944.0,3.61,6.18,5788.0,5807.0,7830.0,16.44,16.45,16.97,19426.0
2025-04-21,18,17275.0,3.12,5.82,6285.0,6276.0,8391.0,18.77,18.77,19.33,20952.0
2025-04-21,19,17529.0,2.66,5.45,6135.0,6271.0,7976.0,18.66,18.66,19.23,20381.0
2025-04-21,20,16621.0,2.18,4.93,6176.0,6630.0,7891.0,18.51,18.46,19.08,20697.0
2025-04-21,21,17560.0,1.73,5.37,5470.0,5852.0,6971.0,15.64,15.62,16.19,18293.0
2025-04-21,22,17881.0,1.97,5.47,4146.0,4290.0,4967.0,9.75,9.77,10.28,13403.0
2025-04-21,23,17150.0,2.85,6.43,3114.0,3167.0,3803.0,6.81,6.84,7.25,10084.0
2025-04-22,0,14637.0,3.57,6.77,2944.0,3236.0,3818.0,6.42,6.45,6.85,9997.0
2025-04-22,1,15543.0,4.24,6.1,2919.0,3234.0,3761.0,6.91,6.96,7.37,9913.0
2025-04-22,2,15148.0,4.96,6.71,2802.0,3142.0,3725.0,6.93,6.96,7.37,9669.0
2025-04-22,3,14738.0,5.67,7.34,2760.0,3110.0,3632.0,6.93,6.96,7.37,9502.0
2025-04-22,4,14109.0,6.22,7.5,3435.0,3839.0,4474.0,9.17,9.19,9.6,11748.0
2025-04-22,5,14531.0,6.22,7.61,4794.0,5351.0,6522.0,14.56,14.55,15.02,16667.0
2025-04-22,6,15924.0,5.63,7.78,6245.0,6783.0,8250.0,18.35,18.31,18.93,21278.0
2025-04-22,7,16415.0,4.83,7.18,6534.0,6977.0,8501.0,18.6,18.57,19.2,22012.0
2025-04-22,8,16865.0,4.04,6.59,6488.0,6916.0,8512.0,18.61,18.57,19.21,21916.0
2025-04-22,9,17061.0,3.4,6.03,6060.0,6415.0,7831.0,16.98,16.97,17.59,20306.0
2025-04-22,10,17727.0,3.11,5.91,5525.0,5535.0,7087.0,14.53,14.57,15.1,18147.0
2025-04-22,11,17692.0,3.11,5.9,5217.0,5191.0,6809.0,13.4,13.43,13.93,17217.0
2025-04-22,12,18052.0,3.19,6.07,5133.0,5187.0,6808.0,13.39,13.41,13.92,17128.0
2025-04-22,13,17958.0,3.29,6.18,5054.0,5146.0,6833.0,13.39,13.41,13.92,17033.0
2025-04-22,14,17940.0,3.43,6.26,4973.0,5022.0,6644.0,13.38,13.42,13.92,16639.0
2025-04-22,15,17866.0,3.59,6.38,4992.0,5019.0,6653.0,13.43,13.46,13.94,16664.0
2025-04-22,16,17615.0,3.67,6.41,5147.0,5165.0,6955.0,13.7,13.73,14.21,17267.0
2025-04-22,17,17467.0,3.54,6.26,5858.0,5907.0,7926.0,16.7,16.71,17.23,19690.0
2025-04-22,18,17688.0,3.09,5.94,6332.0,6353.0,8470.0,18.77,18.78,19.34,21156.0
2025-04-22,19,17067.0,2.6,7.02,6191.0,6161.0,8120.0,18.65,18.67,19.22,20473.0
2025-04-22,20,16722.0,2.11,7.12,6131.0,6085.0,7897.0,18.45,18.48,19.03,20113.0
2025-04-22,21,16706.0,1.74,7.06,5399.0,5288.0,6929.0,15.33,15.38,15.89,17616.0
2025-04-22,22,17111.0,1.92,7.22,4068.0,3843.0,5025.0,9.62,9.67,10.14,12937.0
2025-04-22,23,16994.0,2.75,7.19,3135.0,2911.0,3810.0,6.94,6.98,7.39,9857.0
2025-04-23,0,15703.0,3.58,5.9,3139.0,3111.0,4033.0,6.92,6.94,7.36,10283.0
2025-04-23,1,15152.0,4.27,6.01,2905.0,2900.0,3788.0,6.86,6.89,7.3,9593.0
2025-04-23,2,14828.0,5.0,6.64,2766.0,2769.0,3614.0,6.85,6.88,7.28,9148.0
2025-04-23,3,14261.0,5.71,7.21,2710.0,2718.0,3613.0,6.84,6.87,7.27,9042.0
2025-04-23,4,14125.0,6.28,7.51,3377.0,3421.0,4592.0,9.07,9.08,9.48,11390.0
2025-04-23,5,14157.0,6.32,7.56,4746.0,4825.0,6487.0,14.37,14.38,14.83,16058.0
2025-04-23,6,16067.0,5.78,7.87,6245.0,6294.0,8343.0,18.36,18.38,18.93,20882.0
2025-04-23,7,16455.0,5.04,7.43,6555.0,6523.0,8729.0,18.81,18.84,19.4,21808.0
2025-04-23,8,16875.0,4.3,6.82,6447.0,6391.0,8517.0,18.71,18.74,19.31,21355.0
2025-04-23,9,17267.0,3.74,6.4,6021.0,5921.0,7893.0,17.17,17.21,17.75,19835.0
2025-04-23,10,17867.0,3.49,6.33,5538.0,5452.0,7325.0,14.81,14.86,15.35,18315.0
2025-04-23,11,17834.0,3.49,6.32,5238.0,5152.0,6840.0,13.59,13.63,14.13,17229.0
2025-04-23,12,18025.0,3.56,6.46,5199.0,5198.0,6934.0,13.58,13.62,14.11,17331.0
2025-04-23,13,18024.0,3.65,6.54,5070.0,5103.0,6945.0,13.61,13.63,14.12,17118.0
2025-04-23,14,18063.0,3.78,6.66,4963.0,4988.0,6726.0,13.58,13.6,14.1,16677.0
2025-04-23,15,18066.0,3.95,6.82,4992.0,5020.0,6778.0,13.62,13.64,14.11,16790.0
2025-04-23,16,17907.0,4.05,6.87,5132.0,5182.0,7059.0,13.85,13.87,14.34,17373.0
2025-04-23,17,17667.0,3.95,6.75,5749.0,5793.0,7907.0,16.54,16.55,17.04,19448.0
2025-04-23,18,17934.0,3.55,6.48,6274.0,6282.0,8635.0,18.77,18.78,19.32,21191.0
2025-04-23,19,18177.0,3.14,6.14,6197.0,6149.0,8213.0,18.78,18.8,19.34,20559.0
2025-04-23,20,18347.0,2.82,5.85,6167.0,6117.0,8083.0,18.75,18.78,19.32,20367.0
2025-04-23,21,18485.0,2.65,5.67,5416.0,5324.0,7062.0,15.63,15.69,16.15,17801.0
2025-04-23,22,18719.0,3.02,6.03,4104.0,3940.0,5201.0,9.77,9.84,10.29,13245.0
2025-04-23,23,18075.0,3.93,6.67,3194.0,3028.0,4015.0,7.07,7.16,7.55,10237.0
2025-04-24,0,15380.0,4.81,6.7,3132.0,3149.0,4077.0,7.06,7.12,7.54,10358.0
2025-04-24,1,12594.0,5.33,8.81,2957.0,2996.0,3873.0,7.09,7.16,7.55,9826.0
2025-04-24,2,12045.0,5.65,9.43,2811.0,2858.0,3789.0,7.0,7.07,7.45,9459.0
2025-04-24,3,12726.0,6.01,8.91,2729.0,2753.0,3655.0,6.91,6.98,7.33,9137.0
2025-04-24,4,14390.0,6.49,7.59,3475.0,3550.0,4631.0,9.5,9.57,9.96,11656.0
2025-04-24,5,14809.0,6.56,7.72,4773.0,4851.0,6527.0,14.67,14.71,15.13,16151.0
2025-04-24,6,16317.0,6.08,8.0,6251.0,6284.0,8411.0,18.52,18.54,19.08,20946.0
2025-04-24,7,16137.0,5.34,7.61,6491.0,6482.0,8595.0,18.75,18.77,19.34,21568.0
2025-04-24,8,16483.0,4.59,6.99,6472.0,6411.0,8558.0,18.76,18.77,19.35,21441.0
2025-04-24,9,16871.0,3.96,6.48,6016.0,5928.0,7976.0,17.28,17.32,17.86,19919.0
2025-04-24,10,17342.0,3.7,6.35,5447.0,5331.0,7012.0,14.53,14.56,15.08,17790.0
2025-04-24,11,17418.0,3.69,6.33,5105.0,5068.0,6826.0,13.38,13.42,13.91,16999.0
2025-04-24,12,17577.0,3.73,6.41,5042.0,5094.0,6722.0,13.4,13.42,13.92,16858.0
2025-04-24,13,17550.0,3.81,6.49,4955.0,5038.0,6727.0,13.39,13.41,13.91,16720.0
2025-04-24,14,17572.0,3.9,6.57,4899.0,4954.0,6640.0,13.39,13.41,13.91,16493.0
2025-04-24,15,17582.0,4.03,6.68,4897.0,4944.0,6601.0,13.39,13.41,13.89,16443.0
2025-04-24,16,17370.0,4.11,6.74,5045.0,5132.0,6898.0,13.73,13.73,14.22,17075.0
2025-04-24,17,17143.0,3.97,6.57,5708.0,5791.0,7840.0,16.37,16.38,16.89,19339.0
2025-04-24,18,17555.0,3.52,6.29,6258.0,6307.0,8476.0,19.17,19.17,19.72,21042.0
2025-04-24,19,17800.0,3.07,5.92,6189.0,6185.0,8213.0,18.98,19.0,19.55,20587.0
2025-04-24,20,17909.0,2.66,5.53,6221.0,6231.0,8118.0,18.93,18.95,19.51,20569.0
2025-04-24,21,17903.0,2.4,5.25,5467.0,5362.0,7032.0,15.66,15.7,16.22,17862.0
2025-04-24,22,18456.0,2.69,5.57,4199.0,4033.0,5430.0,10.24,10.31,10.77,13663.0
2025-04-24,23,17835.0,3.58,6.23,3113.0,2900.0,3730.0,6.92,6.99,7.39,9743.0
2025-04-25,0,14783.0,4.45,6.14,3114.0,3115.0,4004.0,6.89,6.94,7.35,10233.0
2025-04-25,1,14310.0,5.0,6.51,2967.0,2998.0,3863.0,6.93,6.98,7.39,9829.0
2025-04-25,2,13892.0,5.6,6.99,2807.0,2822.0,3619.0,6.91,6.97,7.36,9249.0
2025-04-25,3,13629.0,6.2,7.38,2730.0,2735.0,3575.0,6.71,6.77,7.16,9040.0
2025-04-25,4,13455.0,6.71,7.47,3339.0,3385.0,4494.0,8.77,8.82,9.21,11218.0
2025-04-25,5,13427.0,6.65,7.47,4782.0,4835.0,6475.0,14.34,14.37,14.81,16092.0
2025-04-25,6,14955.0,5.96,7.67,6313.0,6347.0,8370.0,18.49,18.51,19.07,21030.0
2025-04-25,7,16135.0,5.13,7.41,6558.0,6552.0,8579.0,18.75,18.77,19.35,21689.0
2025-04-25,8,16552.0,4.35,6.78,6485.0,6444.0,8559.0,18.76,18.78,19.36,21488.0
2025-04-25,9,16839.0,3.71,6.24,6070.0,5990.0,8018.0,17.25,17.29,17.83,20078.0
2025-04-25,10,17577.0,3.4,6.16,5527.0,5476.0,7340.0,14.65,14.7,15.21,18344.0
2025-04-25,11,17854.0,3.38,6.22,5225.0,5211.0,6912.0,13.44,13.47,13.97,17348.0
2025-04-25,12,18150.0,3.46,6.38,5144.0,5154.0,6873.0,13.39,13.42,13.92,17171.0
2025-04-25,13,18068.0,3.59,6.46,5039.0,5050.0,6726.0,13.39,13.42,13.91,16815.0
2025-04-25,14,18124.0,3.77,6.65,4946.0,4962.0,6564.0,13.38,13.41,13.9,16472.0
2025-04-25,15,17989.0,3.96,6.82,4963.0,4999.0,6679.0,13.41,13.44,13.92,16641.0
2025-04-25,16,17678.0,4.06,6.82,5135.0,5167.0,6932.0,13.64,13.66,14.15,17234.0
2025-04-25,17,17507.0,3.94,6.66,5847.0,5865.0,7808.0,16.44,16.45,16.97,19520.0
2025-04-25,18,17780.0,3.51,6.36,6273.0,6275.0,8462.0,18.86,18.88,19.43,21010.0
2025-04-25,19,18086.0,3.11,6.05,6098.0,6028.0,8016.0,18.63,18.67,19.2,20142.0
2025-04-25,20,18104.0,2.82,5.77,6084.0,6023.0,7944.0,18.52,18.56,19.09,20051.0
2025-04-25,21,18294.0,2.66,5.61,5358.0,5284.0,6987.0,15.53,15.59,16.1,17629.0
2025-04-25,22,18565.0,3.03,5.97,4106.0,3933.0,5140.0,9.85,9.92,10.39,13179.0
2025-04-25,23,18079.0,3.96,6.69,3170.0,2951.0,3822.0,6.95,6.99,7.41,9943.0
2025-04-26,0,14020.0,4.76,7.65,3160.0,3160.0,4148.0,6.93,6.95,7.38,10469.0
2025-04-26,1,13767.0,5.23,7.94,2960.0,2965.0,3891.0,6.96,6.98,7.4,9816.0
2025-04-26,2,13763.0,5.77,8.47,2792.0,2805.0,3719.0,6.95,6.98,7.39,9316.0
2025-04-26,3,13865.0,6.39,8.82,2724.0,2752.0,3732.0,6.95,6.97,7.38,9208.0
2025-04-26,4,13080.0,6.87,8.68,3359.0,3391.0,4481.0,8.97,8.98,9.37,11230.0
2025-04-26,5,13445.0,6.82,7.56,4723.0,4822.0,6417.0,14.35,14.36,14.8,15962.0
2025-04-26,6,14052.0,6.1,7.51,6237.0,6272.0,8241.0,18.4,18.42,18.97,20750.0
2025-04-26,7,16093.0,5.21,7.44,6562.0,6519.0,8592.0,18.51,18.56,19.13,21673.0
2025-04-26,8,16726.0,4.42,6.88,6635.0,6551.0,8709.0,18.54,18.57,19.16,21895.0
2025-04-26,9,17300.0,3.79,6.45,6199.0,6081.0,8041.0,16.57,16.61,17.17,20322.0
2025-04-26,10,17864.0,3.5,6.33,5710.0,5598.0,7377.0,14.24,14.28,14.82,18685.0
2025-04-26,11,17939.0,3.41,6.27,5494.0,5428.0,7218.0,13.57,13.61,14.12,18141.0
2025-04-26,12,18115.0,3.39,6.31,5414.0,5396.0,7167.0,13.6,13.63,14.14,17977.0
2025-04-26,13,18111.0,3.41,6.32,5286.0,5288.0,7059.0,13.6,13.63,14.14,17632.0
2025-04-26,14,18146.0,3.47,6.36,5180.0,5199.0,6967.0,13.61,13.64,14.15,17347.0
2025-04-26,15,18044.0,3.56,6.41,5155.0,5159.0,6861.0,13.61,13.64,14.14,17175.0
2025-04-26,16,18009.0,3.57,6.44,5602.0,5653.0,7514.0,15.73,15.74,16.25,18769.0
2025-04-26,17,17994.0,3.31,6.2,6057.0,6062.0,8088.0,17.44,17.44,17.99,20208.0
2025-04-26,18,18090.0,2.95,5.91,6173.0,6148.0,8211.0,17.57,17.59,18.14,20532.0
2025-04-26,19,18239.0,2.64,5.61,6032.0,5974.0,7903.0,17.57,17.6,18.14,19909.0
2025-04-26,20,18360.0,2.47,5.45,5596.0,5506.0,7230.0,15.79,15.84,16.35,18331.0
2025-04-26,21,18339.0,2.63,5.53,4796.0,4644.0,6182.0,12.52,12.59,13.05,15622.0
2025-04-26,22,18409.0,3.16,6.03,3901.0,3682.0,4945.0,8.93,9.02,9.46,12528.0
2025-04-26,23,17907.0,4.09,6.73,3194.0,2982.0,4058.0,6.9,6.98,7.37,10234.0
2025-04-27,0,15237.0,4.98,7.25,3181.0,3132.0,4065.0,6.89,6.96,7.35,10378.0
2025-04-27,1,12099.0,5.38,9.26,2981.0,2963.0,3832.0,6.89,6.96,7.34,9776.0
2025-04-27,2,12283.0,5.74,9.68,2797.0,2781.0,3680.0,6.9,6.97,7.36,9258.0
2025-04-27,3,11636.0,6.1,9.61,2715.0,2737.0,3648.0,6.91,6.97,7.35,9100.0
2025-04-27,4,13462.0,6.41,7.93,3397.0,3438.0,4482.0,9.28,9.35,9.71,11318.0
2025-04-27,5,13999.0,6.46,7.53,4624.0,4739.0,6175.0,14.54,14.58,14.97,15538.0
2025-04-27,6,16228.0,6.05,7.94,5977.0,6107.0,7930.0,18.05,18.06,18.61,20014.0
2025-04-27,7,16109.0,5.36,7.58,6465.0,6480.0,8596.0,18.4,18.43,18.99,21541.0
2025-04-27,8,16964.0,4.61,7.15,6633.0,6594.0,8746.0,18.54,18.57,19.14,21973.0
2025-04-27,9,17318.0,3.97,6.62,6280.0,6184.0,8155.0,16.57,16.61,17.21,20619.0
2025-04-27,10,17831.0,3.65,6.45,5817.0,5702.0,7468.0,14.27,14.33,14.9,18987.0
2025-04-27,11,17908.0,3.51,6.37,5605.0,5509.0,7220.0,13.9,13.95,14.44,18334.0
2025-04-27,12,18011.0,3.47,6.34,5475.0,5387.0,6952.0,13.77,13.82,14.3,17814.0
2025-04-27,13,18007.0,3.51,6.37,5268.0,5217.0,6824.0,13.54,13.58,14.07,17310.0
2025-04-27,14,18050.0,3.63,6.48,5053.0,5040.0,6789.0,13.49,13.53,14.0,16882.0
2025-04-27,15,17986.0,3.78,6.6,4995.0,4967.0,6636.0,13.47,13.53,13.99,16598.0
2025-04-27,16,17917.0,3.87,6.68,5347.0,5375.0,7188.0,15.26,15.3,15.78,17910.0
2025-04-27,17,17902.0,3.71,6.54,5799.0,5827.0,7803.0,17.41,17.44,17.95,19428.0
2025-04-27,18,18236.0,3.5,6.43,5837.0,5824.0,7794.0,17.57,17.6,18.12,19455.0
2025-04-27,19,18439.0,3.33,6.33,5816.0,5738.0,7571.0,17.54,17.58,18.1,19125.0
2025-04-27,20,18444.0,3.26,6.25,5448.0,5337.0,7017.0,15.68,15.73,16.2,17803.0
2025-04-27,21,17735.0,3.49,6.17,4593.0,4429.0,5910.0,12.19,12.25,12.74,14933.0
2025-04-27,22,16200.0,3.95,6.75,3704.0,3492.0,4699.0,8.69,8.76,9.18,11895.0
2025-04-27,23,13465.0,4.48,9.37,3017.0,2793.0,3615.0,6.99,7.06,7.45,9424.0
2025-04-28,0,13294.0,4.97,8.75,3016.0,3030.0,3921.0,6.89,6.95,7.34,9967.0
2025-04-28,1,12387.0,5.37,9.28,2852.0,2845.0,3715.0,6.87,6.93,7.33,9411.0
2025-04-28,2,12316.0,5.78,9.75,2688.0,2679.0,3498.0,6.83,6.88,7.27,8865.0
2025-04-28,3,12640.0,6.26,10.34,2633.0,2654.0,3552.0,6.82,6.87,7.26,8839.0
2025-04-28,4,12951.0,6.67,8.42,3310.0,3352.0,4434.0,8.98,9.03,9.41,11095.0
2025-04-28,5,13084.0,6.55,7.37,4753.0,4831.0,6501.0,14.34,14.37,14.8,16085.0
2025-04-28,6,15467.0,5.93,7.75,6188.0,6280.0,8275.0,18.38,18.4,18.95,20743.0
2025-04-28,7,16303.0,5.18,7.45,6412.0,6487.0,8436.0,18.56,18.57,19.15,21335.0
2025-04-28,8,16613.0,4.47,6.88,6407.0,6382.0,8501.0,18.66,18.66,19.24,21290.0
2025-04-28,9,16923.0,3.87,6.4,5992.0,5876.0,7868.0,17.18,17.21,17.76,19736.0
2025-04-28,10,17424.0,3.59,6.26,5477.0,5352.0,7235.0,14.66,14.7,15.21,18064.0
2025-04-28,11,17469.0,3.58,6.29,5107.0,5069.0,6904.0,13.41,13.45,13.93,17080.0
2025-04-28,12,17770.0,3.64,6.43,5053.0,5095.0,6857.0,13.38,13.41,13.9,17006.0
2025-04-28,13,17887.0,3.74,6.52,5001.0,5065.0,6840.0,13.39,13.42,13.92,16906.0
2025-04-28,14,17655.0,3.86,6.57,4898.0,4964.0,6757.0,13.39,13.42,13.9,16619.0
2025-04-28,15,17538.0,3.97,6.64,4915.0,4990.0,6728.0,13.5,13.53,14.01,16634.0
2025-04-28,16,17353.0,4.02,6.66,5046.0,5092.0,7009.0,13.77,13.8,14.27,17148.0
2025-04-28,17,17143.0,3.93,6.49,5575.0,5575.0,7757.0,16.35,16.37,16.85,18907.0
2025-04-28,18,17436.0,3.56,6.24,6074.0,5967.0,8300.0,18.86,18.88,19.4,20342.0
2025-04-28,19,17809.0,3.19,5.94,6035.0,5859.0,7984.0,18.58,18.62,19.14,19878.0
2025-04-28,20,17888.0,2.88,5.66,6020.0,6082.0,7955.0,18.49,18.5,19.04,20057.0
2025-04-28,21,17982.0,2.7,5.44,5306.0,5205.0,6922.0,15.5,15.56,16.05,17434.0
2025-04-28,22,18143.0,3.06,5.79,3928.0,3686.0,4963.0,9.48,9.55,10.01,12577.0
2025-04-28,23,14772.0,3.87,9.62,3063.0,2884.0,3896.0,6.94,7.02,7.41,9843.0
2025-04-29,0,12482.0,4.4,9.1,2880.0,2918.0,3714.0,6.41,6.47,6.86,9512.0
2025-04-29,1,11757.0,4.74,9.07,2707.0,2760.0,3671.0,6.44,6.5,6.89,9138.0
2025-04-29,2,11608.0,5.06,9.32,2666.0,2692.0,3637.0,6.7,6.76,7.15,8995.0
2025-04-29,3,12023.0,5.4,9.32,2647.0,2663.0,3611.0,6.8,6.86,7.23,8922.0
2025-04-29,4,13859.0,5.83,7.22,3192.0,3255.0,4357.0,8.34,8.4,8.8,10804.0
2025-04-29,5,13260.0,5.84,7.17,4737.0,4851.0,6514.0,14.28,14.3,14.7,16102.0
2025-04-29,6,15475.0,5.19,7.2,6151.0,6184.0,8187.0,18.15,18.16,18.7,20521.0
2025-04-29,7,16798.0,4.5,6.95,6452.0,6757.0,8623.0,18.68,18.66,19.26,21832.0
2025-04-29,8,17246.0,3.8,6.44,6343.0,6408.0,8503.0,18.68,18.69,19.27,21254.0
2025-04-29,9,17635.0,3.36,6.13,5912.0,5828.0,7876.0,17.23,17.27,17.81,19615.0
2025-04-29,10,18042.0,3.19,6.09,5430.0,5347.0,7207.0,14.74,14.78,15.29,17984.0
2025-04-29,11,18014.0,3.27,6.14,5095.0,5022.0,6820.0,13.41,13.45,13.92,16937.0
2025-04-29,12,18232.0,3.46,6.38,4995.0,5003.0,6719.0,13.38,13.42,13.9,16717.0
2025-04-29,13,18153.0,3.62,6.52,4987.0,5027.0,6798.0,13.37,13.4,13.9,16812.0
2025-04-29,14,18064.0,3.78,6.64,4912.0,4952.0,6647.0,13.38,13.42,13.91,16511.0
2025-04-29,15,18094.0,3.97,6.85,4912.0,4927.0,6581.0,13.37,13.41,13.88,16420.0
2025-04-29,16,17963.0,4.16,7.03,4923.0,4943.0,6743.0,13.51,13.55,14.01,16608.0
2025-04-29,17,17818.0,4.22,7.05,5466.0,5465.0,7559.0,16.24,16.28,16.75,18490.0
2025-04-29,18,17879.0,3.97,6.85,5950.0,5917.0,8043.0,18.55,18.58,19.09,19910.0
2025-04-29,19,17338.0,3.63,6.3,6013.0,5971.0,7899.0,18.5,18.54,19.07,19883.0
2025-04-29,20,17410.0,3.29,5.99,6018.0,5939.0,7784.0,18.33,18.37,18.9,19741.0
2025-04-29,21,17586.0,3.06,5.75,5364.0,5253.0,7004.0,15.6,15.67,16.15,17621.0
2025-04-29,22,17819.0,3.35,6.04,4081.0,3873.0,5081.0,10.1,10.16,10.63,13036.0
2025-04-29,23,17466.0,4.21,6.7,3079.0,2846.0,3919.0,6.93,6.97,7.38,9844.0
2025-04-30,0,14358.0,5.06,7.31,3052.0,2999.0,3962.0,6.94,6.97,7.39,10013.0
2025-04-30,1,12759.0,5.54,8.44,2836.0,2800.0,3607.0,6.86,6.9,7.31,9243.0
2025-04-30,2,12179.0,5.95,8.8,2694.0,2721.0,3662.0,6.84,6.87,7.27,9077.0
2025-04-30,3,13202.0,6.46,8.06,2667.0,2663.0,3473.0,6.84,6.87,7.27,8802.0
2025-04-30,4,13227.0,6.93,7.7,3425.0,3460.0,4603.0,9.22,9.23,9.64,11488.0
2025-04-30,5,12997.0,6.79,7.43,4871.0,4931.0,6598.0,14.71,14.72,15.18,16401.0
2025-04-30,6,14774.0,6.05,7.64,6278.0,6266.0,8285.0,18.51,18.54,19.09,20828.0
2025-04-30,7,15974.0,5.21,7.43,6475.0,6407.0,8579.0,18.75,18.78,19.34,21460.0
2025-04-30,8,16489.0,4.5,6.93,6362.0,6247.0,8302.0,18.63,18.67,19.23,20910.0
2025-04-30,9,16888.0,3.95,6.5,5916.0,5811.0,7913.0,17.1,17.14,17.67,19640.0
2025-04-30,10,17343.0,3.69,6.38,5408.0,5322.0,7187.0,14.53,14.58,15.08,17917.0
2025-04-30,11,17317.0,3.66,6.33,5164.0,5122.0,6804.0,13.44,13.48,13.98,17090.0
2025-04-30,12,17616.0,3.69,6.42,5120.0,5175.0,6879.0,13.44,13.47,13.97,17175.0
2025-04-30,13,17537.0,3.75,6.47,5071.0,5070.0,6744.0,13.48,13.52,14.01,16885.0
2025-04-30,14,17648.0,3.85,6.58,4973.0,4998.0,6535.0,13.42,13.46,13.96,16506.0
2025-04-30,15,17675.0,3.99,6.72,4994.0,5032.0,6574.0,13.43,13.46,13.94,16600.0
2025-04-30,16,17567.0,4.07,6.83,5186.0,5228.0,7090.0,13.88,13.91,14.4,17504.0
2025-04-30,17,17486.0,3.93,6.68,5809.0,5809.0,7830.0,16.67,16.69,17.19,19449.0
2025-04-30,18,17614.0,3.52,6.34,6168.0,6154.0,8359.0,18.84,18.87,19.4,20680.0
2025-04-30,19,17782.0,3.14,6.0,6020.0,5950.0,7907.0,18.58,18.63,19.15,19877.0
2025-04-30,20,17835.0,2.87,5.76,5988.0,5907.0,7813.0,18.41,18.46,18.99,19707.0
2025-04-30,21,17955.0,2.74,5.57,5236.0,5109.0,6815.0,15.25,15.3,15.82,17160.0
2025-04-30,22,18256.0,3.14,5.97,3981.0,3771.0,5022.0,9.57,9.65,10.1,12773.0
2025-04-30,23,17563.0,4.04,6.61,3139.0,2956.0,4040.0,6.89,6.97,7.36,10135.0
2025-05-01,0,14844.0,4.87,7.28,3124.0,3105.0,3983.0,6.89,6.96,7.36,10211.0
2025-05-01,1,13326.0,5.38,7.9,2944.0,2944.0,3842.0,6.91,6.97,7.37,9731.0
2025-05-01,2,13025.0,5.85,8.16,2871.0,2873.0,3770.0,6.88,6.95,7.33,9514.0
2025-05-01,3,12463.0,6.31,8.25,2867.0,2772.0,3587.0,6.8,6.87,7.25,9226.0
2025-05-01,4,13443.0,6.7,7.44,3493.0,3367.0,4347.0,8.73,8.81,9.19,11207.0
2025-05-01,5,13000.0,6.7,7.37,4703.0,4591.0,5896.0,13.95,14.01,14.44,15190.0
2025-05-01,6,15934.0,6.26,7.89,5832.0,5683.0,7448.0,17.96,18.01,18.52,18963.0
2025-05-01,7,16081.0,5.79,7.85,6146.0,5937.0,7754.0,18.1,18.16,18.69,19836.0
2025-05-01,8,16091.0,5.22,7.43,6354.0,6116.0,7978.0,18.1,18.15,18.7,20449.0
2025-05-01,9,16432.0,4.63,6.93,6039.0,5929.0,7781.0,16.74,16.77,17.29,19749.0
2025-05-01,10,16862.0,4.29,6.75,5549.0,5439.0,6997.0,13.98,14.04,14.53,17985.0
2025-05-01,11,16905.0,4.14,6.64,5353.0,5261.0,6890.0,13.38,13.44,13.92,17504.0
2025-05-01,12,17196.0,4.07,6.66,5291.0,5229.0,6742.0,13.38,13.43,13.94,17262.0
2025-05-01,13,17220.0,4.06,6.65,5166.0,5147.0,6617.0,13.4,13.44,13.94,16931.0
2025-05-01,14,17486.0,4.11,6.8,5074.0,5017.0,6561.0,13.4,13.44,13.92,16652.0
2025-05-01,15,17447.0,4.23,6.93,4950.0,4950.0,6486.0,13.41,13.45,13.93,16386.0
2025-05-01,16,17264.0,4.28,6.95,5361.0,5369.0,7088.0,15.53,15.56,16.06,17818.0
2025-05-01,17,16541.0,4.02,6.46,5757.0,5778.0,7684.0,17.52,17.55,18.04,19219.0
2025-05-01,18,16799.0,3.64,6.12,5810.0,5799.0,7639.0,17.52,17.56,18.08,19248.0
2025-05-01,19,16961.0,3.31,5.84,5824.0,5763.0,7471.0,17.43,17.48,18.0,19057.0
2025-05-01,20,16958.0,3.04,5.52,5560.0,5465.0,7191.0,15.72,15.77,16.28,18216.0
2025-05-01,21,16806.0,3.06,5.44,4695.0,4528.0,5907.0,12.22,12.28,12.76,15129.0
2025-05-01,22,17041.0,3.44,5.84,3831.0,3632.0,4899.0,8.91,8.97,9.45,12362.0
2025-05-01,23,16236.0,4.21,7.1,3106.0,2891.0,3891.0,7.02,7.09,7.49,9888.0
2025-05-02,0,13686.0,4.88,7.57,3048.0,3047.0,3892.0,6.89,6.94,7.36,9988.0
2025-05-02,1,13098.0,5.35,7.77,2863.0,2849.0,3697.0,6.9,6.95,7.34,9409.0
2025-05-02,2,13068.0,5.86,8.24,2683.0,2713.0,3493.0,6.83,6.89,7.28,8889.0
2025-05-02,3,13094.0,6.43,8.52,2658.0,2703.0,3531.0,6.83,6.89,7.27,8892.0
2025-05-02,4,12845.0,6.85,8.58,3437.0,3497.0,4481.0,9.46,9.51,9.89,11415.0
2025-05-02,5,11849.0,6.68,8.23,4712.0,4806.0,6288.0,14.7,14.73,15.17,15806.0
2025-05-02,6,13285.0,5.88,8.46,5905.0,5982.0,7730.0,18.08,18.11,18.68,19618.0
2025-05-02,7,15894.0,5.15,7.29,5956.0,5964.0,7794.0,18.36,18.39,18.92,19713.0
2025-05-02,8,16279.0,4.63,6.9,5993.0,6037.0,8032.0,18.33,18.36,18.91,20062.0
2025-05-02,9,16540.0,4.12,6.48,5850.0,5749.0,7679.0,17.09,17.13,17.66,19277.0
2025-05-02,10,16979.0,3.86,6.36,5418.0,5286.0,7143.0,14.64,14.68,15.2,17847.0
2025-05-02,11,17104.0,3.74,6.26,5218.0,5177.0,7083.0,13.42,13.47,13.95,17478.0
2025-05-02,12,17318.0,3.66,6.28,5163.0,5226.0,7101.0,13.6,13.62,14.12,17490.0
2025-05-02,13,17385.0,3.66,6.29,5017.0,5090.0,6832.0,13.61,13.63,14.12,16939.0
2025-05-02,14,17475.0,3.73,6.41,4879.0,4938.0,6625.0,13.52,13.56,14.03,16443.0
2025-05-02,15,17114.0,3.86,6.45,4820.0,4844.0,6513.0,13.36,13.4,13.87,16178.0
2025-05-02,16,16614.0,3.91,6.35,4957.0,4968.0,6703.0,13.72,13.76,14.24,16628.0
2025-05-02,17,16631.0,3.81,6.24,5438.0,5494.0,7320.0,16.1,16.14,16.63,18252.0
2025-05-02,18,16961.0,3.44,6.02,5997.0,6051.0,8094.0,18.87,18.87,19.41,20143.0
2025-05-02,19,17159.0,3.0,5.62,6019.0,6042.0,7988.0,18.88,18.88,19.42,20049.0
2025-05-02,20,17369.0,2.62,5.27,6039.0,5965.0,7866.0,18.69,18.71,19.25,19870.0
2025-05-02,21,17483.0,2.38,5.12,5317.0,5156.0,6943.0,15.61,15.68,16.17,17415.0
2025-05-02,22,17685.0,2.68,5.3,4058.0,3862.0,4978.0,10.01,10.09,10.54,12897.0
2025-05-02,23,17032.0,3.52,5.87,3126.0,2906.0,3886.0,6.93,6.97,7.39,9917.0
2025-05-03,0,15666.0,4.39,7.07,3093.0,3057.0,3959.0,6.93,6.96,7.38,10109.0
2025-05-03,1,13645.0,4.97,7.57,2906.0,2919.0,3828.0,6.95,6.97,7.39,9653.0
2025-05-03,2,13814.0,5.51,7.46,2765.0,2795.0,3782.0,6.94,6.97,7.38,9342.0
2025-05-03,3,13951.0,6.17,7.42,2597.0,2624.0,3513.0,6.65,6.68,7.08,8734.0
2025-05-03,4,13456.0,6.74,7.46,3290.0,3352.0,4442.0,8.76,8.77,9.17,11084.0
2025-05-03,5,12802.0,6.69,7.36,4608.0,4734.0,6264.0,14.24,14.25,14.69,15606.0
2025-05-03,6,16180.0,6.17,7.96,5804.0,5864.0,7728.0,18.34,18.37,18.88,19396.0
2025-05-03,7,16411.0,5.7,7.95,6037.0,6166.0,8019.0,18.44,18.45,19.0,20223.0
2025-05-03,8,16536.0,5.14,7.53,6065.0,6224.0,7894.0,18.27,18.28,18.84,20183.0
2025-05-03,9,16751.0,4.69,7.11,5813.0,5732.0,7743.0,16.55,16.6,17.12,19288.0
2025-05-03,10,17473.0,4.46,7.12,5467.0,5377.0,7027.0,14.13,14.21,14.71,17871.0
2025-05-03,11,17601.0,4.4,7.12,5283.0,5255.0,6927.0,13.58,13.63,14.13,17465.0
2025-05-03,12,18198.0,4.42,7.38,5277.0,5290.0,6993.0,13.57,13.62,14.11,17560.0
2025-05-03,13,18256.0,4.51,7.51,5188.0,5203.0,6843.0,13.57,13.62,14.12,17234.0
2025-05-03,14,18303.0,4.63,7.6,5065.0,5136.0,6813.0,13.59,13.63,14.12,17014.0
2025-05-03,15,18285.0,4.8,7.8,4984.0,5032.0,6700.0,13.6,13.64,14.12,16717.0
2025-05-03,16,18093.0,4.93,7.93,5369.0,5415.0,7236.0,15.48,15.52,15.99,18020.0
2025-05-03,17,17901.0,4.81,7.72,5672.0,5697.0,7665.0,17.33,17.37,17.87,19034.0
2025-05-03,18,17249.0,4.65,7.92,5657.0,5635.0,7597.0,17.55,17.59,18.09,18888.0
2025-05-03,19,15958.0,4.33,8.51,5724.0,5658.0,7515.0,17.53,17.57,18.08,18898.0
2025-05-03,20,15231.0,3.94,8.86,5298.0,5223.0,7005.0,15.53,15.56,16.02,17526.0
2025-05-03,21,15270.0,3.81,8.62,4522.0,4330.0,5892.0,12.27,12.32,12.77,14744.0
2025-05-03,22,15297.0,4.05,9.02,3677.0,3429.0,4658.0,8.85,8.93,9.37,11764.0
2025-05-03,23,13764.0,4.6,9.68,2972.0,2707.0,3593.0,6.82,6.9,7.29,9272.0
2025-05-04,0,12590.0,5.07,8.58,3035.0,3030.0,3999.0,6.84,6.92,7.31,10064.0
2025-05-04,1,13127.0,5.42,7.65,2918.0,2941.0,3856.0,6.91,6.98,7.37,9716.0
2025-05-04,2,12971.0,5.9,7.95,2730.0,2787.0,3699.0,6.92,6.98,7.36,9216.0
2025-05-04,3,12617.0,6.38,8.1,2692.0,2793.0,3793.0,6.9,6.96,7.35,9278.0
2025-05-04,4,13147.0,6.77,7.43,3286.0,3390.0,4469.0,8.99,9.05,9.41,11144.0
2025-05-04,5,12735.0,6.72,7.33,4560.0,4733.0,6304.0,14.28,14.32,14.74,15596.0
2025-05-04,6,13376.0,5.97,7.26,5924.0,6015.0,7933.0,18.32,18.34,18.87,19872.0
2025-05-04,7,15569.0,5.15,7.18,6235.0,6249.0,8214.0,18.35,18.36,18.92,20698.0
2025-05-04,8,16934.0,4.49,7.04,6359.0,6338.0,8424.0,18.34,18.35,18.93,21120.0
2025-05-04,9,16966.0,3.93,6.52,6078.0,6031.0,7903.0,16.56,16.6,17.15,20012.0
2025-05-04,10,17426.0,3.6,6.31,5690.0,5597.0,7351.0,14.37,14.41,14.93,18638.0
2025-05-04,11,17419.0,3.45,6.15,5487.0,5395.0,7032.0,13.67,13.73,14.23,17914.0
2025-05-04,12,17971.0,3.44,6.33,5359.0,5288.0,6784.0,13.66,13.72,14.22,17431.0
2025-05-04,13,17969.0,3.53,6.4,5142.0,5131.0,6758.0,13.48,13.53,14.01,17031.0
2025-05-04,14,17945.0,3.67,6.53,4952.0,4953.0,6554.0,13.49,13.54,14.01,16459.0
2025-05-04,15,17940.0,3.86,6.72,4918.0,4943.0,6568.0,13.45,13.51,13.98,16429.0
2025-05-04,16,17612.0,3.99,6.75,5219.0,5258.0,7030.0,14.75,14.79,15.28,17507.0
2025-05-04,17,17417.0,3.83,6.51,5669.0,5683.0,7613.0,16.99,17.02,17.52,18965.0
2025-05-04,18,17641.0,3.6,6.39,5745.0,5735.0,7647.0,17.04,17.07,17.59,19128.0
2025-05-04,19,17600.0,3.38,6.16,5755.0,5720.0,7584.0,17.06,17.1,17.61,19059.0
2025-05-04,20,17372.0,3.21,5.86,5415.0,5333.0,7039.0,15.42,15.46,16.0,17787.0
2025-05-04,21,17365.0,3.32,5.89,4594.0,4436.0,5954.0,12.16,12.22,12.72,14984.0
2025-05-04,22,17572.0,3.82,6.61,3744.0,3501.0,4794.0,8.95,9.02,9.44,12039.0
2025-05-04,23,14788.0,4.58,10.61,3007.0,2747.0,3622.0,6.89,6.96,7.36,9376.0
2025-05-05,0,13586.0,5.23,10.3,3026.0,3063.0,3988.0,6.89,6.95,7.34,10076.0
2025-05-05,1,12533.0,5.61,9.75,2866.0,2894.0,3785.0,6.92,6.98,7.37,9545.0
2025-05-05,2,12445.0,6.02,10.05,2699.0,2735.0,3628.0,6.93,6.98,7.37,9062.0
2025-05-05,3,12482.0,6.48,10.32,2644.0,2715.0,3645.0,6.91,6.96,7.35,9003.0
2025-05-05,4,12553.0,6.86,9.27,3248.0,3326.0,4383.0,8.85,8.89,9.28,10956.0
2025-05-05,5,13252.0,6.83,7.52,4606.0,4731.0,6288.0,14.07,14.09,14.53,15625.0
2025-05-05,6,15517.0,6.21,7.82,6022.0,6129.0,8139.0,18.21,18.21,18.76,20290.0
2025-05-05,7,16098.0,5.54,7.75,6281.0,6300.0,8382.0,18.34,18.37,18.92,20964.0
2025-05-05,8,16038.0,4.86,7.13,6322.0,6303.0,8437.0,18.14,18.16,18.72,21061.0
2025-05-05,9,16421.0,4.16,6.49,6052.0,5980.0,7970.0,16.58,16.62,17.18,20003.0
2025-05-05,10,17104.0,3.84,6.4,5558.0,5378.0,7099.0,14.01,14.07,14.58,18034.0
2025-05-05,11,17067.0,3.75,6.32,5389.0,5259.0,6875.0,13.56,13.62,14.12,17523.0
2025-05-05,12,17299.0,3.7,6.32,5269.0,5219.0,6744.0,13.58,13.62,14.12,17231.0
2025-05-05,13,17226.0,3.7,6.32,5088.0,5162.0,6766.0,13.59,13.62,14.12,17016.0
2025-05-05,14,17378.0,3.73,6.35,4984.0,5069.0,6708.0,13.6,13.62,14.13,16762.0
2025-05-05,15,17347.0,3.81,6.43,5016.0,5014.0,6620.0,13.59,13.63,14.12,16649.0
2025-05-05,16,17211.0,3.79,6.4,5443.0,5491.0,7305.0,15.63,15.65,16.16,18238.0
2025-05-05,17,17159.0,3.54,6.14,5801.0,5790.0,7644.0,16.98,16.99,17.52,19235.0
2025-05-05,18,17245.0,3.21,5.88,5931.0,5907.0,7878.0,17.27,17.28,17.81,19717.0
2025-05-05,19,17617.0,2.87,5.61,5916.0,5871.0,7904.0,17.28,17.3,17.83,19691.0
2025-05-05,20,17678.0,2.63,5.39,5613.0,5549.0,7325.0,15.58,15.61,16.14,18486.0
2025-05-05,21,17739.0,2.67,5.39,4831.0,4698.0,6345.0,12.53,12.58,13.06,15873.0
2025-05-05,22,17838.0,3.12,5.83,3859.0,3664.0,4860.0,8.91,8.95,9.42,12383.0
2025-05-05,23,17276.0,4.03,6.49,3121.0,2893.0,3690.0,6.96,7.0,7.42,9703.0
2025-05-06,0,13896.0,4.82,8.0,3112.0,3111.0,4032.0,6.93,6.95,7.38,10255.0
2025-05-06,1,13041.0,5.23,8.0,2922.0,2936.0,3841.0,6.96,6.98,7.4,9699.0
2025-05-06,2,12777.0,5.68,8.32,2764.0,2784.0,3697.0,6.95,6.98,7.39,9245.0
2025-05-06,3,13787.0,6.19,7.69,2740.0,2777.0,3790.0,6.97,6.99,7.4,9306.0
2025-05-06,4,13851.0,6.69,7.54,3513.0,3552.0,4745.0,9.56,9.57,9.99,11810.0
2025-05-06,5,13220.0,6.61,7.43,4864.0,4982.0,6651.0,14.78,14.81,15.26,16497.0
2025-05-06,6,15632.0,5.93,7.82,6110.0,6151.0,8142.0,18.06,18.08,18.63,20403.0
2025-05-06,7,16363.0,5.28,7.62,6359.0,6309.0,8354.0,18.34,18.37,18.93,21022.0
2025-05-06,8,16635.0,4.64,7.11,6205.0,6140.0,8330.0,18.34,18.37,18.92,20676.0
2025-05-06,9,17000.0,4.15,6.72,5791.0,5709.0,7594.0,16.69,16.72,17.25,19094.0
2025-05-06,10,17416.0,3.98,6.68,5353.0,5123.0,6845.0,14.23,14.29,14.8,17321.0
2025-05-06,11,17365.0,4.01,6.67,5154.0,4966.0,6734.0,13.36,13.41,13.9,16854.0
2025-05-06,12,17650.0,4.08,6.82,5058.0,5091.0,6731.0,13.39,13.42,13.92,16880.0
2025-05-06,13,17692.0,4.18,6.95,4958.0,5013.0,6719.0,13.39,13.42,13.91,16690.0
2025-05-06,14,17651.0,4.32,7.11,4859.0,4905.0,6651.0,13.38,13.41,13.89,16415.0
2025-05-06,15,17593.0,4.47,7.25,4870.0,4933.0,6724.0,13.45,13.48,13.96,16528.0
2025-05-06,16,17462.0,4.57,7.23,4986.0,5033.0,6763.0,13.57,13.6,14.08,16782.0
2025-05-06,17,17231.0,4.52,7.23,5561.0,5578.0,7533.0,15.97,16.0,16.47,18671.0
2025-05-06,18,17351.0,4.16,7.57,6150.0,6117.0,8280.0,18.83,18.83,19.38,20547.0
2025-05-06,19,16932.0,3.68,7.62,6130.0,6065.0,7999.0,18.71,18.72,19.27,20194.0
2025-05-06,20,17078.0,3.23,7.2,6122.0,6101.0,8059.0,18.68,18.68,19.23,20282.0
2025-05-06,21,17193.0,2.91,6.89,5362.0,5270.0,6951.0,15.35,15.39,15.92,17582.0
2025-05-06,22,17284.0,3.17,7.12,4000.0,3804.0,4950.0,9.6,9.68,10.13,12754.0
2025-05-06,23,17197.0,4.01,7.8,3061.0,2850.0,3802.0,6.9,6.98,7.38,9713.0
2025-05-07,0,14673.0,4.87,7.54,3010.0,3010.0,3896.0,6.89,6.96,7.36,9916.0
2025-05-07,1,13764.0,5.43,7.96,2846.0,2881.0,3868.0,6.9,6.97,7.36,9595.0
2025-05-07,2,12927.0,5.96,8.77,2673.0,2710.0,3620.0,6.82,6.89,7.27,9003.0
2025-05-07,3,12739.0,6.5,8.91,2605.0,2655.0,3570.0,6.73,6.8,7.18,8830.0
2025-05-07,4,12873.0,6.88,8.13,3349.0,3441.0,4556.0,9.14,9.2,9.58,11345.0
2025-05-07,5,13620.0,6.82,7.58,4748.0,4844.0,6382.0,14.28,14.31,14.8,15974.0
2025-05-07,6,15393.0,6.22,7.83,6202.0,6263.0,8315.0,18.44,18.46,19.02,20780.0
2025-05-07,7,15998.0,5.46,7.68,6377.0,6354.0,8479.0,18.62,18.64,19.2,21211.0
2025-05-07,8,16470.0,4.77,7.13,6297.0,6206.0,8323.0,18.5,18.52,19.08,20826.0
2025-05-07,9,16738.0,4.21,6.69,5880.0,5778.0,7846.0,16.91,16.95,17.49,19504.0
2025-05-07,10,17211.0,3.99,6.59,5386.0,5191.0,6845.0,14.11,14.17,14.67,17421.0
2025-05-07,11,17197.0,4.0,6.61,5100.0,5042.0,6669.0,13.3,13.34,13.84,16810.0
2025-05-07,12,17459.0,4.04,6.76,5040.0,5078.0,6708.0,13.5,13.53,14.02,16827.0
2025-05-07,13,17447.0,4.15,6.85,4896.0,4814.0,6500.0,13.48,13.52,14.0,16211.0
2025-05-07,14,17438.0,4.31,7.0,4837.0,4757.0,6557.0,13.46,13.5,13.97,16152.0
2025-05-07,15,17465.0,4.46,7.17,4877.0,4918.0,6442.0,13.47,13.51,13.99,16238.0
2025-05-07,16,17326.0,4.59,7.26,4940.0,5007.0,6615.0,13.49,13.52,14.0,16561.0
2025-05-07,17,17045.0,4.55,7.15,5513.0,5566.0,7346.0,16.09,16.11,16.61,18425.0
2025-05-07,18,17085.0,4.19,6.82,6052.0,6137.0,8051.0,18.33,18.34,18.89,20241.0
2025-05-07,19,17344.0,3.77,6.47,6036.0,6013.0,7845.0,18.21,18.24,18.79,19894.0
2025-05-07,20,17400.0,3.42,6.13,6041.0,6269.0,7712.0,18.04,18.03,18.61,20022.0
2025-05-07,21,17499.0,3.14,5.84,5365.0,5686.0,6724.0,14.95,14.95,15.54,17775.0
2025-05-07,22,17872.0,3.47,6.19,4038.0,3687.0,4866.0,9.52,9.57,10.04,12591.0
2025-05-07,23,17750.0,4.37,6.99,3142.0,2835.0,3955.0,6.93,6.98,7.39,9932.0
2025-05-08,0,13132.0,5.13,8.81,3121.0,3057.0,3977.0,6.93,6.96,7.38,10155.0
2025-05-08,1,12462.0,5.49,8.67,2895.0,2823.0,3702.0,6.85,6.88,7.3,9420.0
2025-05-08,2,12304.0,5.89,8.94,2752.0,2716.0,3686.0,6.85,6.88,7.29,9154.0
2025-05-08,3,12164.0,6.3,9.07,2730.0,2904.0,3523.0,6.84,6.86,7.29,9157.0
2025-05-08,4,13508.0,6.69,7.48,3395.0,3614.0,4438.0,9.05,9.04,9.47,11447.0
2025-05-08,5,13402.0,6.63,7.46,4743.0,4845.0,6444.0,14.23,14.24,14.69,16032.0
2025-05-08,6,14775.0,6.0,7.64,6030.0,6105.0,8033.0,17.94,17.95,18.5,20167.0
2025-05-08,7,16009.0,5.3,7.52,6094.0,6075.0,8024.0,18.31,18.34,18.88,20194.0
2025-05-08,8,16415.0,4.79,7.14,5977.0,5900.0,7697.0,18.07,18.11,18.65,19574.0
2025-05-08,9,16622.0,4.36,6.8,5718.0,5634.0,7557.0,16.64,16.68,17.22,18909.0
2025-05-08,10,17109.0,4.13,6.72,5343.0,5231.0,6831.0,14.27,14.34,14.85,17405.0
2025-05-08,11,17089.0,4.11,6.7,5174.0,5105.0,6574.0,13.19,13.24,13.74,16853.0
2025-05-08,12,17425.0,4.13,6.82,5171.0,5186.0,6665.0,13.35,13.39,13.9,17021.0
2025-05-08,13,17564.0,4.22,6.93,4972.0,5019.0,6521.0,13.39,13.42,13.92,16512.0
2025-05-08,14,17474.0,4.36,7.07,4852.0,4889.0,6570.0,13.39,13.42,13.89,16311.0
2025-05-08,15,17564.0,4.55,7.27,4804.0,4840.0,6390.0,13.36,13.41,13.88,16034.0
2025-05-08,16,17345.0,4.7,7.37,4837.0,4879.0,6582.0,13.37,13.41,13.88,16298.0
2025-05-08,17,17055.0,4.72,7.3,5368.0,5418.0,7252.0,15.78,15.81,16.29,18038.0
2025-05-08,18,17340.0,4.41,7.09,5902.0,5954.0,8140.0,18.36,18.38,18.9,19996.0
2025-05-08,19,17539.0,4.03,6.8,5985.0,5974.0,7972.0,18.3,18.33,18.86,19931.0
2025-05-08,20,17427.0,3.67,6.39,5982.0,5969.0,7905.0,18.26,18.28,18.82,19857.0
2025-05-08,21,17453.0,3.45,6.12,5222.0,5133.0,6878.0,15.09,15.14,15.64,17233.0
2025-05-08,22,17820.0,3.79,6.48,3882.0,3673.0,4861.0,9.38,9.44,9.91,12416.0
2025-05-08,23,17150.0,4.73,8.11,3023.0,2779.0,3724.0,6.89,6.96,7.36,9527.0
2025-05-09,0,12276.0,5.41,10.06,3080.0,3112.0,4034.0,6.96,7.02,7.42,10226.0
2025-05-09,1,11647.0,5.61,8.84,2887.0,2922.0,3844.0,6.91,6.97,7.36,9653.0
2025-05-09,2,11937.0,5.92,8.25,2748.0,2819.0,3831.0,6.92,6.97,7.37,9397.0
2025-05-09,3,12160.0,6.27,8.1,2709.0,2772.0,3683.0,6.92,6.97,7.36,9165.0
2025-05-09,4,12874.0,6.63,7.57,3342.0,3443.0,4446.0,8.97,9.02,9.4,11231.0
2025-05-09,5,12638.0,6.51,7.3,4818.0,5005.0,6500.0,14.34,14.37,14.82,16323.0
2025-05-09,6,15545.0,5.76,7.75,6231.0,6391.0,8426.0,18.29,18.29,18.86,21048.0
2025-05-09,7,16008.0,4.99,7.22,6428.0,6494.0,8735.0,18.46,18.47,19.04,21657.0
2025-05-09,8,16372.0,4.22,6.59,6361.0,6389.0,8596.0,18.39,18.41,18.98,21346.0
2025-05-09,9,16729.0,3.6,6.08,5931.0,5898.0,8005.0,16.49,16.52,17.09,19833.0
2025-05-09,10,17257.0,3.31,5.95,5423.0,5341.0,7330.0,14.16,14.19,14.71,18094.0
2025-05-09,11,17257.0,3.25,5.88,5171.0,5123.0,6883.0,13.49,13.53,14.03,17176.0
2025-05-09,12,17478.0,3.27,5.97,5134.0,5126.0,6770.0,13.49,13.51,14.02,17031.0
2025-05-09,13,17469.0,3.33,6.02,5017.0,5043.0,6638.0,13.49,13.52,14.01,16698.0
2025-05-09,14,17996.0,3.49,6.38,4858.0,4935.0,6551.0,13.48,13.52,14.0,16343.0
2025-05-09,15,17392.0,3.65,6.34,4899.0,4971.0,6837.0,13.47,13.5,13.98,16708.0
2025-05-09,16,17180.0,3.64,6.26,5311.0,5401.0,7287.0,15.19,15.19,15.7,17999.0
2025-05-09,17,17099.0,3.38,5.94,5668.0,5771.0,7825.0,16.99,16.99,17.51,19264.0
2025-05-09,18,17311.0,3.05,5.73,5799.0,5825.0,7974.0,17.16,17.16,17.68,19598.0
2025-05-09,19,17578.0,2.74,5.49,5810.0,5814.0,7816.0,17.3,17.31,17.84,19440.0
2025-05-09,20,17725.0,2.52,5.29,5602.0,5590.0,7374.0,16.12,16.15,16.67,18566.0
2025-05-09,21,17785.0,2.51,5.24,5060.0,4988.0,6766.0,13.88,13.93,14.41,16814.0
2025-05-09,22,18171.0,2.66,5.54,4950.0,4916.0,6479.0,13.89,13.94,14.42,16345.0
2025-05-09,23,17941.0,3.18,5.9,3396.0,3282.0,4464.0,8.11,8.18,8.62,11142.0
2025-05-10,0,15028.0,4.02,5.83,3110.0,3135.0,4172.0,6.9,6.97,7.37,10417.0
2025-05-10,1,14121.0,4.58,6.06,2926.0,2963.0,3897.0,6.91,6.97,7.37,9786.0
2025-05-10,2,13734.0,5.17,6.52,2771.0,2835.0,3666.0,6.91,6.97,7.37,9272.0
2025-05-10,3,13305.0,5.72,6.98,2770.0,2830.0,3756.0,6.93,7.0,7.38,9356.0
2025-05-10,4,12832.0,6.11,7.25,3433.0,3535.0,4595.0,9.23,9.3,9.66,11562.0
2025-05-10,5,12464.0,5.96,7.09,4719.0,4844.0,6344.0,14.57,14.6,15.01,15907.0
2025-05-10,6,14725.0,5.34,7.12,5682.0,5732.0,7579.0,17.84,17.87,18.39,18993.0
2025-05-10,7,15229.0,4.77,6.7,5745.0,5847.0,7747.0,17.97,17.98,18.52,19339.0
2025-05-10,8,16961.0,4.31,6.78,5844.0,5883.0,7871.0,17.86,17.87,18.4,19598.0
2025-05-10,9,17100.0,3.94,6.45,5784.0,5713.0,7638.0,16.17,16.2,16.72,19135.0
2025-05-10,10,17467.0,3.73,6.4,5527.0,5416.0,7112.0,14.08,14.13,14.62,18056.0
2025-05-10,11,17597.0,3.64,6.36,5338.0,5289.0,7111.0,13.36,13.41,13.91,17737.0
2025-05-10,12,17837.0,3.61,6.44,5271.0,5273.0,7025.0,13.39,13.42,13.93,17569.0
2025-05-10,13,17988.0,3.67,6.55,5165.0,5203.0,6805.0,13.42,13.45,13.91,17172.0
2025-05-10,14,17984.0,3.78,6.66,5030.0,5072.0,6732.0,13.42,13.44,13.93,16833.0
2025-05-10,15,17891.0,3.93,6.8,4988.0,5023.0,6621.0,13.38,13.41,13.9,16631.0
2025-05-10,16,17879.0,4.02,6.91,5358.0,5491.0,7270.0,15.21,15.24,15.74,18119.0
2025-05-10,17,17819.0,3.9,6.7,5614.0,5721.0,7753.0,17.15,17.15,17.67,19087.0
2025-05-10,18,17820.0,3.73,6.52,5582.0,5604.0,7560.0,17.2,17.2,17.72,18746.0
2025-05-10,19,17448.0,3.58,6.9,5578.0,5595.0,7536.0,17.18,17.19,17.71,18709.0
2025-05-10,20,16448.0,3.36,7.98,5240.0,5201.0,6956.0,15.54,15.58,16.11,17396.0
2025-05-10,21,16749.0,3.42,7.94,4427.0,4333.0,5894.0,12.25,12.3,12.79,14654.0
2025-05-10,22,17036.0,3.88,8.45,3627.0,3405.0,4656.0,8.97,9.0,9.46,11688.0
2025-05-10,23,15365.0,4.65,11.03,2978.0,2761.0,3747.0,7.05,7.09,7.5,9486.0
2025-05-11,0,13378.0,5.28,10.14,3050.0,3080.0,4151.0,7.04,7.05,7.47,10281.0
2025-05-11,1,12316.0,5.61,9.56,2895.0,2949.0,3882.0,7.07,7.08,7.51,9726.0
2025-05-11,2,11823.0,5.95,9.58,2775.0,2823.0,3708.0,7.05,7.07,7.48,9305.0
2025-05-11,3,11748.0,6.26,9.3,2759.0,2831.0,3685.0,7.05,7.06,7.48,9274.0
2025-05-11,4,13952.0,6.67,7.49,3294.0,3389.0,4392.0,8.93,8.93,9.33,11074.0
2025-05-11,5,13371.0,6.72,7.42,4529.0,4732.0,6267.0,14.09,14.11,14.54,15528.0
2025-05-11,6,15253.0,6.17,7.72,5728.0,5866.0,7732.0,17.85,17.85,18.39,19327.0
2025-05-11,7,16057.0,5.62,7.75,6050.0,6135.0,8068.0,18.05,18.06,18.61,20253.0
2025-05-11,8,16107.0,5.01,7.22,6159.0,6176.0,8144.0,18.08,18.08,18.64,20479.0
2025-05-11,9,16431.0,4.44,6.76,5984.0,5943.0,7826.0,16.4,16.43,16.98,19753.0
2025-05-11,10,16933.0,4.06,6.55,5705.0,5637.0,7340.0,14.28,14.32,14.86,18682.0
2025-05-11,11,17158.0,3.87,6.44,5419.0,5345.0,6829.0,13.41,13.46,13.98,17593.0
2025-05-11,12,17694.0,3.82,6.58,5347.0,5323.0,6924.0,13.48,13.52,14.03,17595.0
2025-05-11,13,17680.0,3.83,6.59,5247.0,5276.0,6856.0,13.5,13.54,14.05,17379.0
2025-05-11,14,17632.0,3.89,6.63,5095.0,5157.0,6612.0,13.4,13.43,13.95,16864.0
2025-05-11,15,17641.0,4.0,6.75,5036.0,5109.0,6622.0,13.39,13.42,13.92,16767.0
2025-05-11,16,17402.0,4.04,6.76,5297.0,5355.0,7014.0,15.02,15.04,15.54,17666.0
2025-05-11,17,17364.0,3.87,6.56,5696.0,5731.0,7570.0,17.02,17.02,17.55,18997.0
2025-05-11,18,17163.0,3.6,6.22,5725.0,5737.0,7643.0,17.18,17.19,17.72,19105.0
2025-05-11,19,17440.0,3.37,6.04,5713.0,5689.0,7414.0,17.18,17.19,17.73,18817.0
2025-05-11,20,17765.0,3.23,5.97,5461.0,5402.0,7135.0,15.72,15.76,16.28,17998.0
2025-05-11,21,17778.0,3.37,6.06,4737.0,4602.0,5993.0,13.22,13.28,13.75,15332.0
2025-05-11,22,18204.0,3.74,6.57,4468.0,4324.0,5597.0,12.5,12.55,13.01,14389.0
2025-05-11,23,18104.0,4.39,7.17,3725.0,3529.0,4461.0,10.21,10.28,10.72,11716.0
2025-05-12,0,14084.0,5.1,7.7,3292.0,3207.0,4016.0,8.39,8.45,8.88,10515.0
2025-05-12,1,12351.0,5.53,9.77,2864.0,2845.0,3581.0,7.22,7.28,7.68,9291.0
2025-05-12,2,12052.0,5.92,10.13,2743.0,2771.0,3559.0,7.19,7.24,7.64,9073.0
2025-05-12,3,11773.0,6.28,10.22,2713.0,2760.0,3567.0,7.21,7.27,7.66,9040.0
2025-05-12,4,14661.0,6.76,7.91,3220.0,3325.0,4219.0,8.81,8.85,9.25,10764.0
2025-05-12,5,13739.0,6.92,7.62,4521.0,4718.0,6072.0,14.01,14.03,14.46,15310.0
2025-05-12,6,15123.0,6.43,7.76,5859.0,5927.0,7605.0,18.05,18.08,18.61,19391.0
2025-05-12,7,15591.0,5.8,7.73,6141.0,6141.0,7971.0,18.14,18.17,18.72,20253.0
2025-05-12,8,15962.0,5.15,7.33,6238.0,6231.0,8094.0,18.14,18.16,18.73,20563.0
2025-05-12,9,16296.0,4.54,6.83,5983.0,5958.0,7865.0,16.51,16.54,17.1,19806.0
2025-05-12,10,17036.0,4.23,6.74,5442.0,5383.0,7071.0,13.96,14.01,14.52,17896.0
2025-05-12,11,16969.0,4.15,6.65,5170.0,5191.0,6863.0,13.4,13.45,13.93,17224.0
2025-05-12,12,17258.0,4.09,6.69,5201.0,5238.0,6913.0,13.59,13.62,14.12,17351.0
2025-05-12,13,17265.0,4.08,6.67,5098.0,5138.0,6733.0,13.59,13.64,14.12,16969.0
2025-05-12,14,17301.0,4.14,6.77,4930.0,5011.0,6674.0,13.58,13.63,14.1,16615.0
2025-05-12,15,17355.0,4.25,6.84,4914.0,5026.0,6549.0,13.59,13.63,14.11,16488.0
2025-05-12,16,17248.0,4.29,6.85,5305.0,5402.0,7014.0,15.43,15.46,15.96,17721.0
2025-05-12,17,17269.0,4.07,6.64,5669.0,5790.0,7592.0,17.19,17.21,17.73,19051.0
2025-05-12,18,17412.0,3.82,6.45,5709.0,5763.0,7549.0,17.17,17.2,17.73,19021.0
2025-05-12,19,17441.0,3.61,6.24,5706.0,5720.0,7514.0,17.17,17.18,17.71,18940.0
2025-05-12,20,17649.0,3.44,6.1,5405.0,5386.0,7020.0,15.45,15.49,16.0,17810.0
2025-05-12,21,17644.0,3.59,6.2,4528.0,4399.0,5872.0,12.26,12.31,12.78,14799.0
2025-05-12,22,17531.0,4.13,7.2,3663.0,3469.0,4703.0,8.9,8.92,9.4,11836.0
2025-05-12,23,15416.0,4.95,10.31,2932.0,2779.0,3642.0,6.94,6.98,7.39,9353.0
2025-05-13,0,12828.0,5.56,10.76,2997.0,3025.0,3906.0,6.94,6.96,7.38,9928.0
2025-05-13,1,11959.0,5.89,10.51,2821.0,2847.0,3676.0,6.95,6.98,7.39,9343.0
2025-05-13,2,11796.0,6.25,10.65,2687.0,2730.0,3533.0,6.93,6.96,7.37,8949.0
2025-05-13,3,11583.0,6.61,10.58,2678.0,2733.0,3627.0,6.95,6.96,7.37,9038.0
2025-05-13,4,11588.0,6.84,10.73,3405.0,3485.0,4539.0,9.44,9.44,9.86,11429.0
2025-05-13,5,14603.0,6.7,7.92,4805.0,4962.0,6563.0,14.65,14.67,15.13,16330.0
2025-05-13,6,16131.0,6.25,7.94,5979.0,6048.0,7871.0,17.93,17.96,18.51,19898.0
2025-05-13,7,16238.0,5.72,7.85,5948.0,5927.0,7805.0,18.06,18.1,18.63,19680.0
2025-05-13,8,16010.0,5.26,7.42,5759.0,5708.0,7613.0,18.04,18.07,18.59,19079.0
2025-05-13,9,16254.0,4.9,7.11,5434.0,5395.0,7204.0,16.47,16.52,17.03,18033.0
2025-05-13,10,16597.0,4.74,7.06,5133.0,5079.0,6704.0,14.23,14.28,14.76,16916.0
2025-05-13,11,16618.0,4.7,7.04,5051.0,5078.0,6553.0,13.49,13.54,14.03,16682.0
2025-05-13,12,17398.0,4.7,7.31,5040.0,5104.0,6695.0,13.46,13.5,13.99,16840.0
2025-05-13,13,17946.0,4.78,7.6,5026.0,5086.0,6785.0,13.47,13.51,14.0,16897.0
2025-05-13,14,17706.0,4.89,7.65,4931.0,4998.0,6682.0,13.48,13.52,14.02,16611.0
2025-05-13,15,17395.0,5.0,7.67,4878.0,4974.0,6638.0,13.49,13.52,14.0,16490.0
2025-05-13,16,17195.0,5.09,7.7,4934.0,4979.0,6747.0,13.48,13.51,13.98,16660.0
2025-05-13,17,16886.0,5.02,7.56,5391.0,5442.0,7462.0,15.87,15.9,16.41,18295.0
2025-05-13,18,16691.0,4.66,7.15,5898.0,5929.0,8014.0,18.14,18.17,18.69,19841.0
2025-05-13,19,16637.0,4.21,6.76,5991.0,5954.0,8014.0,18.15,18.18,18.71,19958.0
2025-05-13,20,15611.0,3.68,7.82,6012.0,5958.0,7889.0,18.13,18.17,18.7,19859.0
2025-05-13,21,15917.0,3.22,7.44,5344.0,5278.0,7001.0,15.43,15.46,16.0,17623.0
2025-05-13,22,16194.0,3.29,7.57,4048.0,3853.0,5119.0,9.92,9.99,10.44,13019.0
2025-05-13,23,15899.0,3.96,7.95,3050.0,2847.0,3834.0,7.0,7.08,7.44,9731.0
2025-05-14,0,13828.0,4.61,7.54,3077.0,3109.0,4087.0,7.08,7.15,7.54,10273.0
2025-05-14,1,13445.0,5.08,7.78,2852.0,2880.0,3732.0,7.0,7.06,7.46,9465.0
2025-05-14,2,13103.0,5.62,8.17,2656.0,2728.0,3601.0,6.84,6.9,7.29,8986.0
2025-05-14,3,13598.0,6.2,8.81,2621.0,2680.0,3599.0,6.81,6.88,7.26,8900.0
2025-05-14,4,13118.0,6.71,8.81,3295.0,3396.0,4470.0,9.07,9.13,9.5,11161.0
2025-05-14,5,13847.0,6.66,7.55,4780.0,4895.0,6573.0,14.36,14.39,14.82,16248.0
2025-05-14,6,15487.0,6.07,7.8,6124.0,6153.0,8200.0,18.14,18.15,18.7,20478.0
2025-05-14,7,15787.0,5.32,7.46,6288.0,6272.0,8365.0,18.45,18.48,19.04,20926.0
2025-05-14,8,16169.0,4.62,6.91,6161.0,6155.0,8288.0,18.48,18.5,19.05,20605.0
2025-05-14,9,16604.0,4.13,6.54,5675.0,5566.0,7514.0,16.84,16.87,17.39,18755.0
2025-05-14,10,16844.0,3.99,6.46,5073.0,4967.0,6769.0,14.36,14.41,14.88,16809.0
2025-05-14,11,17011.0,4.07,6.54,4740.0,4710.0,6362.0,13.37,13.42,13.87,15812.0
2025-05-14,12,17323.0,4.23,6.79,4745.0,4817.0,6472.0,13.37,13.41,13.88,16035.0
2025-05-14,13,17264.0,4.38,6.95,4695.0,4788.0,6469.0,13.36,13.41,13.87,15951.0
2025-05-14,14,17307.0,4.55,7.11,4692.0,4749.0,6393.0,13.37,13.41,13.87,15834.0
2025-05-14,15,17288.0,4.7,7.23,4783.0,4877.0,6528.0,13.35,13.4,13.87,16188.0
2025-05-14,16,17153.0,4.79,7.31,4843.0,4938.0,6715.0,13.46,13.5,13.97,16496.0
2025-05-14,17,17181.0,4.77,7.31,5367.0,5446.0,7442.0,15.82,15.85,16.32,18255.0
2025-05-14,18,17152.0,4.47,7.07,5907.0,5963.0,7960.0,18.45,18.46,18.99,19830.0
2025-05-14,19,17076.0,4.05,6.6,6015.0,6105.0,7987.0,18.58,18.57,19.12,20107.0
2025-05-14,20,17236.0,3.65,6.22,5953.0,5942.0,7715.0,18.46,18.47,19.02,19610.0
2025-05-14,21,17265.0,3.44,5.95,5194.0,5178.0,6905.0,15.44,15.48,16.0,17277.0
2025-05-14,22,17273.0,3.72,6.17,3908.0,3738.0,4944.0,9.96,10.04,10.48,12590.0
2025-05-14,23,16185.0,4.53,7.89,2923.0,2733.0,3720.0,6.94,7.01,7.4,9376.0
2025-05-15,0,14007.0,5.26,8.06,2947.0,2976.0,3872.0,6.9,6.95,7.35,9794.0
2025-05-15,1,12199.0,5.73,9.53,2754.0,2776.0,3581.0,6.91,6.96,7.35,9111.0
2025-05-15,2,11778.0,6.1,10.06,2649.0,2735.0,3666.0,6.92,6.98,7.37,9049.0
2025-05-15,3,11785.0,6.46,10.24,2599.0,2684.0,3655.0,6.92,6.97,7.35,8937.0
2025-05-15,4,13634.0,6.87,7.62,3226.0,3334.0,4428.0,8.88,8.93,9.31,10989.0
2025-05-15,5,12916.0,6.82,7.42,4741.0,4914.0,6608.0,14.19,14.22,14.69,16262.0
2025-05-15,6,15396.0,6.17,7.76,5966.0,6064.0,8008.0,17.81,17.83,18.37,20038.0
2025-05-15,7,15747.0,5.52,7.59,6042.0,6055.0,8068.0,18.13,18.15,18.69,20165.0
2025-05-15,8,16015.0,4.94,7.12,5988.0,5943.0,7837.0,18.16,18.19,18.73,19769.0
2025-05-15,9,16347.0,4.46,6.74,5712.0,5720.0,7598.0,16.68,16.71,17.25,19030.0
2025-05-15,10,16792.0,4.18,6.61,5320.0,5231.0,6892.0,14.24,14.3,14.81,17443.0
2025-05-15,11,16851.0,4.12,6.57,5100.0,5083.0,6716.0,13.19,13.24,13.73,16899.0
2025-05-15,12,17564.0,4.11,6.81,5094.0,5127.0,6758.0,13.18,13.22,13.72,16979.0
2025-05-15,13,18064.0,4.21,7.1,4954.0,4984.0,6632.0,13.19,13.23,13.72,16570.0
2025-05-15,14,18137.0,4.44,7.36,4797.0,4854.0,6522.0,13.19,13.23,13.7,16172.0
2025-05-15,15,17900.0,4.68,7.56,4751.0,4803.0,6532.0,13.18,13.22,13.68,16086.0
2025-05-15,16,17619.0,4.89,7.67,4764.0,4808.0,6505.0,13.17,13.22,13.67,16078.0
2025-05-15,17,17391.0,4.94,7.66,5324.0,5402.0,7396.0,15.68,15.71,16.17,18122.0
2025-05-15,18,17477.0,4.68,7.45,5886.0,5946.0,7981.0,18.27,18.29,18.82,19813.0
2025-05-15,19,17726.0,4.4,7.22,5858.0,5892.0,7730.0,17.95,17.98,18.51,19479.0
2025-05-15,20,17665.0,4.13,6.91,5892.0,5938.0,7839.0,17.97,17.99,18.54,19670.0
2025-05-15,21,17702.0,4.0,6.73,5125.0,5107.0,6728.0,15.15,15.2,15.69,16960.0
2025-05-15,22,17591.0,4.35,6.94,3866.0,3730.0,5041.0,9.65,9.67,10.16,12636.0
2025-05-15,23,16967.0,5.22,7.55,2933.0,2764.0,3690.0,6.98,7.01,7.43,9387.0
2025-05-16,0,1526.0,5.17,558.88,3037.0,3103.0,3983.0,6.9,6.92,7.35,10124.0
2025-05-16,1,15038.0,4.93,6.58,2825.0,2930.0,3835.0,6.97,6.98,7.4,9590.0
2025-05-16,2,14629.0,5.64,7.2,2686.0,2802.0,3750.0,6.95,6.96,7.38,9237.0
2025-05-16,3,14442.0,6.35,7.51,2615.0,2735.0,3733.0,6.85,6.88,7.29,9083.0
2025-05-16,4,13950.0,6.94,7.64,3371.0,3496.0,4584.0,9.23,9.24,9.63,11451.0
2025-05-16,5,13604.0,6.86,7.55,4917.0,5093.0,6785.0,14.53,14.52,14.98,16795.0
2025-05-16,6,14980.0,6.13,7.66,6217.0,6335.0,8374.0,18.3,18.31,18.87,20926.0
2025-05-16,7,16150.0,5.4,7.62,6151.0,6206.0,8193.0,18.36,18.38,18.94,20549.0
2025-05-16,8,16383.0,4.81,7.15,6104.0,6091.0,8185.0,18.36,18.38,18.93,20380.0
2025-05-16,9,16777.0,4.29,6.75,5790.0,5746.0,7830.0,16.82,16.85,17.39,19366.0
2025-05-16,10,17347.0,4.08,6.72,5223.0,5201.0,6997.0,14.32,14.37,14.87,17421.0
2025-05-16,11,17410.0,4.09,6.74,5046.0,5100.0,6845.0,13.47,13.5,13.99,16991.0
2025-05-16,12,17689.0,4.13,6.87,5009.0,5116.0,6737.0,13.52,13.54,14.02,16862.0
2025-05-16,13,17879.0,4.28,7.09,4869.0,4951.0,6584.0,13.5,13.52,14.01,16404.0
2025-05-16,14,17741.0,4.47,7.27,4747.0,4820.0,6463.0,13.5,13.53,14.0,16031.0
2025-05-16,15,17845.0,4.73,7.74,4633.0,4695.0,6293.0,13.48,13.51,13.98,15621.0
2025-05-16,16,16504.0,4.92,9.45,4702.0,4785.0,6505.0,13.43,13.46,13.92,15991.0
2025-05-16,17,16554.0,4.82,8.97,5339.0,5423.0,7387.0,16.18,16.2,16.68,18149.0
2025-05-16,18,17042.0,4.51,7.11,5835.0,5870.0,7938.0,18.45,18.47,18.99,19643.0
2025-05-16,19,16975.0,4.14,7.08,5877.0,5881.0,7834.0,18.36,18.38,18.91,19592.0
2025-05-16,20,16074.0,3.71,8.0,5876.0,5881.0,7722.0,18.25,18.27,18.8,19479.0
2025-05-16,21,16260.0,3.35,7.72,5237.0,5182.0,6943.0,15.45,15.48,16.0,17362.0
2025-05-16,22,17856.0,3.59,6.32,3886.0,3727.0,4871.0,9.53,9.61,10.04,12485.0
2025-05-16,23,17153.0,4.5,6.89,3001.0,2818.0,3713.0,6.89,6.97,7.37,9531.0
2025-05-17,0,13529.0,5.29,8.5,2995.0,3038.0,3991.0,6.88,6.94,7.36,10024.0
2025-05-17,1,12259.0,5.65,8.7,2779.0,2833.0,3690.0,6.88,6.94,7.34,9302.0
2025-05-17,2,12376.0,6.08,9.1,2630.0,2695.0,3554.0,6.8,6.86,7.25,8879.0
2025-05-17,3,12033.0,6.53,9.83,2597.0,2716.0,3715.0,6.82,6.88,7.26,9027.0
2025-05-17,4,12916.0,6.84,7.89,3344.0,3508.0,4617.0,9.25,9.31,9.68,11470.0
2025-05-17,5,12919.0,6.77,7.41,4667.0,4850.0,6398.0,14.46,14.49,14.94,15915.0
2025-05-17,6,14946.0,6.09,7.69,6008.0,6114.0,8053.0,18.24,18.25,18.81,20175.0
2025-05-17,7,15796.0,5.36,7.48,6338.0,6349.0,8460.0,18.35,18.36,18.93,21147.0
2025-05-17,8,16161.0,4.6,6.88,6460.0,6436.0,8459.0,18.34,18.36,18.94,21356.0
2025-05-17,9,16745.0,3.93,6.42,6124.0,6067.0,8184.0,16.67,16.71,17.25,20375.0
2025-05-17,10,17520.0,3.58,6.31,5653.0,5662.0,7475.0,14.17,14.2,14.74,18790.0
2025-05-17,11,17707.0,3.44,6.23,5441.0,5521.0,7134.0,13.58,13.6,14.14,18096.0
2025-05-17,12,18041.0,3.4,6.31,5361.0,5472.0,7150.0,13.6,13.61,14.14,17983.0
2025-05-17,13,18230.0,3.42,6.38,5258.0,5358.0,7128.0,13.63,13.64,14.16,17744.0
2025-05-17,14,18257.0,3.49,6.45,5116.0,5170.0,6921.0,13.64,13.66,14.15,17207.0
2025-05-17,15,18214.0,3.65,6.63,4983.0,5021.0,6751.0,13.44,13.47,13.95,16755.0
2025-05-17,16,17993.0,3.76,6.7,5349.0,5446.0,7280.0,15.65,15.66,16.15,18075.0
2025-05-17,17,17875.0,3.63,6.53,5657.0,5717.0,7710.0,17.33,17.34,17.85,19083.0
2025-05-17,18,17808.0,3.44,6.31,5750.0,5798.0,7844.0,17.37,17.39,17.91,19392.0
2025-05-17,19,17845.0,3.21,6.02,5748.0,5754.0,7740.0,17.36,17.38,17.91,19241.0
2025-05-17,20,17893.0,3.08,5.88,5377.0,5336.0,7049.0,15.5,15.54,16.09,17762.0
2025-05-17,21,17834.0,3.23,5.94,4622.0,4516.0,6192.0,12.59,12.64,13.08,15330.0
2025-05-17,22,17794.0,3.76,6.41,3706.0,3497.0,4747.0,9.07,9.13,9.58,11950.0
2025-05-17,23,15179.0,4.55,10.66,2934.0,2733.0,3819.0,6.91,6.97,7.38,9487.0
2025-05-18,0,12884.0,5.13,9.61,2997.0,3072.0,4024.0,6.89,6.94,7.35,10093.0
2025-05-18,1,12300.0,5.46,9.46,2827.0,2913.0,3780.0,6.92,6.97,7.38,9520.0
2025-05-18,2,12173.0,5.84,9.75,2689.0,2796.0,3699.0,6.93,6.98,7.38,9184.0
2025-05-18,3,14516.0,6.39,7.73,2648.0,2760.0,3747.0,6.94,6.99,7.38,9155.0
2025-05-18,4,12796.0,6.89,8.5,3313.0,3459.0,4557.0,9.26,9.29,9.66,11329.0
2025-05-18,5,13252.0,6.82,7.48,4515.0,4696.0,6136.0,14.22,14.25,14.66,15347.0
2025-05-18,6,14667.0,6.27,7.65,5691.0,5836.0,7596.0,17.77,17.79,18.31,19123.0
2025-05-18,7,16090.0,5.68,7.83,6030.0,6099.0,8129.0,18.06,18.07,18.62,20257.0
2025-05-18,8,16384.0,5.04,7.37,6343.0,6695.0,8309.0,18.19,18.16,18.78,21347.0
2025-05-18,9,16503.0,4.3,6.72,6259.0,6394.0,8198.0,16.78,16.78,17.39,20851.0
2025-05-18,10,17048.0,3.83,6.41,5795.0,5794.0,7459.0,14.23,14.28,14.82,19048.0
2025-05-18,11,17149.0,3.61,6.22,5551.0,5524.0,7088.0,13.39,13.43,13.97,18163.0
2025-05-18,12,17403.0,3.49,6.16,5447.0,5467.0,7100.0,13.4,13.43,13.96,18013.0
2025-05-18,13,17399.0,3.42,6.09,5303.0,5281.0,6934.0,13.41,13.44,13.97,17517.0
2025-05-18,14,17485.0,3.42,6.09,5170.0,5198.0,6872.0,13.4,13.43,13.93,17241.0
2025-05-18,15,17473.0,3.44,6.13,5093.0,5126.0,6855.0,13.4,13.44,13.92,17074.0
2025-05-18,16,17272.0,3.4,6.1,5454.0,5566.0,7376.0,15.42,15.43,15.94,18396.0
2025-05-18,17,17463.0,3.12,5.84,5830.0,5931.0,7924.0,17.27,17.28,17.82,19685.0
2025-05-18,18,17531.0,2.77,5.55,5996.0,6094.0,8110.0,17.84,17.84,18.39,20199.0
2025-05-18,19,17804.0,2.41,5.31,5973.0,6013.0,7950.0,17.77,17.78,18.32,19936.0
2025-05-18,20,17825.0,2.16,5.48,5609.0,5582.0,7408.0,15.81,15.84,16.37,18599.0
2025-05-18,21,17731.0,2.2,5.42,4744.0,4650.0,6411.0,12.63,12.69,13.17,15806.0
2025-05-18,22,18036.0,2.71,5.51,3754.0,3604.0,4861.0,9.26,9.31,9.77,12218.0
2025-05-18,23,18086.0,3.68,6.41,2940.0,2801.0,3921.0,6.94,6.97,7.39,9662.0
2025-05-19,0,15441.0,4.64,6.57,2974.0,2995.0,3915.0,6.93,6.96,7.38,9883.0
2025-05-19,1,12973.0,5.28,9.12,2758.0,2806.0,3604.0,6.95,6.98,7.39,9169.0
2025-05-19,2,13606.0,5.8,8.8,2583.0,2666.0,3567.0,6.77,6.8,7.21,8816.0
2025-05-19,3,13633.0,6.48,8.75,2549.0,2617.0,3628.0,6.78,6.81,7.21,8794.0
2025-05-19,4,12762.0,6.94,8.63,3335.0,3451.0,4636.0,9.27,9.27,9.66,11422.0
2025-05-19,5,13003.0,6.78,7.47,4898.0,5023.0,6681.0,14.36,14.37,14.86,16603.0
2025-05-19,6,14565.0,6.02,7.6,6089.0,6159.0,8225.0,18.3,18.32,18.85,20473.0
2025-05-19,7,16022.0,5.31,7.51,6010.0,6014.0,8118.0,18.48,18.5,19.03,20143.0
2025-05-19,8,16399.0,4.8,7.12,5979.0,5919.0,7894.0,18.23,18.26,18.79,19792.0
2025-05-19,9,16667.0,4.36,6.75,5691.0,5582.0,7544.0,16.67,16.71,17.24,18817.0
2025-05-19,10,17094.0,4.19,6.71,5174.0,5061.0,6762.0,14.18,14.24,14.73,16996.0
2025-05-19,11,17054.0,4.22,6.74,4924.0,4895.0,6587.0,13.29,13.34,13.82,16406.0
2025-05-19,12,17517.0,4.28,6.96,4920.0,4938.0,6726.0,13.38,13.42,13.89,16585.0
2025-05-19,13,17533.0,4.42,7.15,4786.0,4808.0,6602.0,13.39,13.42,13.89,16195.0
2025-05-19,14,17389.0,4.61,7.28,4690.0,4706.0,6381.0,13.37,13.42,13.87,15777.0
2025-05-19,15,17461.0,4.81,7.5,4680.0,4720.0,6449.0,13.36,13.4,13.87,15849.0
2025-05-19,16,17361.0,4.97,7.61,4830.0,4875.0,6656.0,13.36,13.39,13.87,16361.0
2025-05-19,17,17034.0,4.95,7.52,5411.0,5462.0,7418.0,15.79,15.81,16.3,18292.0
2025-05-19,18,16947.0,4.61,7.78,5957.0,5962.0,7996.0,18.23,18.24,18.77,19915.0
2025-05-19,19,17229.0,4.19,7.55,6006.0,5999.0,7966.0,18.27,18.28,18.82,19971.0
2025-05-19,20,16011.0,3.72,8.62,6023.0,6005.0,7913.0,18.26,18.27,18.82,19941.0
2025-05-19,21,16190.0,3.32,8.24,5187.0,5119.0,6881.0,14.89,14.94,15.44,17186.0
2025-05-19,22,16453.0,3.49,8.46,3860.0,3651.0,5053.0,9.41,9.47,9.95,12564.0
2025-05-19,23,15532.0,4.19,9.49,2988.0,2754.0,3969.0,6.89,6.96,7.36,9711.0
2025-05-20,0,12587.0,4.74,9.09,3010.0,3026.0,4039.0,6.9,6.95,7.36,10075.0
2025-05-20,1,12248.0,5.07,9.08,2811.0,2854.0,3851.0,6.92,6.98,7.38,9516.0
2025-05-20,2,13191.0,5.5,8.45,2672.0,2717.0,3683.0,6.92,6.98,7.37,9071.0
2025-05-20,3,13970.0,6.09,7.86,2653.0,2704.0,3675.0,6.91,6.96,7.35,9032.0
2025-05-20,4,14090.0,6.69,7.58,3308.0,3405.0,4569.0,8.91,8.95,9.34,11282.0
2025-05-20,5,14555.0,6.67,7.69,4953.0,5063.0,6749.0,14.3,14.33,14.79,16766.0
2025-05-20,6,16271.0,6.14,7.97,6322.0,6377.0,8459.0,18.28,18.3,18.85,21158.0
2025-05-20,7,15934.0,5.41,7.57,6289.0,6276.0,8335.0,18.45,18.48,19.04,20900.0
2025-05-20,8,16161.0,4.72,7.03,6286.0,6212.0,8304.0,18.45,18.48,19.04,20801.0
2025-05-20,9,16502.0,4.12,6.53,5874.0,5766.0,7843.0,16.9,16.94,17.52,19483.0
2025-05-20,10,17107.0,3.85,6.44,5295.0,5205.0,7091.0,14.5,14.54,15.05,17591.0
2025-05-20,11,17052.0,3.85,6.43,4930.0,4900.0,6734.0,13.61,13.64,14.12,16563.0
2025-05-20,12,17309.0,3.93,6.6,4892.0,4936.0,6775.0,13.59,13.62,14.11,16602.0
2025-05-20,13,17373.0,4.01,6.65,4867.0,4924.0,6708.0,13.6,13.62,14.12,16498.0
2025-05-20,14,17380.0,4.13,6.75,4785.0,4892.0,6555.0,13.6,13.61,14.12,16232.0
2025-05-20,15,17452.0,4.28,6.98,4761.0,4848.0,6520.0,13.5,13.51,14.0,16129.0
2025-05-20,16,17223.0,4.4,7.05,4884.0,4971.0,6798.0,13.57,13.58,14.07,16653.0
2025-05-20,17,17349.0,4.35,7.04,5502.0,5595.0,7631.0,16.13,16.15,16.68,18728.0
2025-05-20,18,17344.0,4.0,6.74,5973.0,6051.0,8213.0,18.35,18.36,18.88,20237.0
2025-05-20,19,17565.0,3.59,6.38,6086.0,6129.0,8133.0,18.35,18.37,18.93,20348.0
2025-05-20,20,17697.0,3.2,6.03,6109.0,6139.0,8111.0,18.41,18.45,18.94,20359.0
2025-05-20,21,17705.0,2.97,5.73,5289.0,5255.0,7065.0,15.19,15.23,15.76,17609.0
2025-05-20,22,18143.0,3.28,6.1,3960.0,3866.0,5218.0,9.64,9.71,10.13,13043.0
2025-05-20,23,18236.0,4.14,7.15,3184.0,3330.0,4619.0,7.23,7.29,7.66,11133.0
2025-05-21,0,15217.0,4.93,8.13,3111.0,3272.0,4376.0,7.19,7.26,7.66,10760.0
2025-05-21,1,14014.0,5.44,8.03,2927.0,3153.0,4136.0,7.14,7.2,7.6,10216.0
2025-05-21,2,13544.0,5.94,8.32,2785.0,3010.0,3986.0,7.12,7.18,7.57,9781.0
2025-05-21,3,12600.0,6.41,8.17,2719.0,2876.0,3848.0,7.06,7.12,7.51,9443.0
2025-05-21,4,12509.0,6.75,8.13,3339.0,3477.0,4590.0,9.0,9.07,9.45,11406.0
2025-05-21,5,13798.0,6.57,7.54,4963.0,5118.0,6767.0,14.31,14.34,14.81,16847.0
2025-05-21,6,16437.0,6.01,8.01,6251.0,6345.0,8400.0,18.22,18.23,18.79,20996.0
2025-05-21,7,16088.0,5.31,7.55,6237.0,6224.0,8344.0,18.46,18.48,19.04,20805.0
2025-05-21,8,16484.0,4.68,7.06,6146.0,6094.0,8235.0,18.45,18.48,19.03,20475.0
2025-05-21,9,16816.0,4.21,6.7,5620.0,5531.0,7526.0,16.83,16.87,17.38,18678.0
2025-05-21,10,17159.0,4.13,6.73,5012.0,4907.0,6494.0,14.18,14.22,14.71,16414.0
2025-05-21,11,17199.0,4.27,6.86,4815.0,4755.0,6355.0,13.39,13.44,13.93,15925.0
2025-05-21,12,17665.0,4.44,7.19,4826.0,4862.0,6438.0,13.38,13.41,13.89,16126.0
2025-05-21,13,17527.0,4.64,7.36,4744.0,4798.0,6366.0,13.38,13.42,13.89,15908.0
2025-05-21,14,16279.0,4.77,9.01,4692.0,4741.0,6304.0,13.38,13.41,13.88,15737.0
2025-05-21,15,16193.0,4.8,8.99,4731.0,4787.0,6397.0,13.37,13.4,13.88,15915.0
2025-05-21,16,16279.0,4.79,9.05,4860.0,4928.0,6681.0,13.47,13.49,13.98,16469.0
2025-05-21,17,16174.0,4.63,8.88,5402.0,5478.0,7441.0,16.04,16.07,16.56,18321.0
2025-05-21,18,16236.0,4.18,8.52,5951.0,5989.0,8033.0,18.45,18.45,18.98,19973.0
2025-05-21,19,16392.0,3.67,8.07,5961.0,5984.0,7792.0,18.28,18.31,18.85,19738.0
2025-05-21,20,16971.0,3.22,7.23,5960.0,5949.0,7727.0,18.15,18.18,18.72,19636.0
2025-05-21,21,17860.0,3.05,5.83,5153.0,5083.0,6761.0,15.07,15.11,15.63,16997.0
2025-05-21,22,17827.0,3.46,6.14,3816.0,3653.0,4838.0,9.63,9.66,10.16,12307.0
2025-05-21,23,17293.0,4.37,6.82,2966.0,2775.0,3875.0,6.94,6.97,7.4,9617.0
2025-05-22,0,12845.0,5.12,8.59,3030.0,3019.0,3979.0,6.94,6.96,7.39,10028.0
2025-05-22,1,12324.0,5.44,8.55,2887.0,2864.0,3735.0,6.96,6.98,7.4,9486.0
2025-05-22,2,12144.0,5.81,8.79,2765.0,2788.0,3643.0,6.95,6.98,7.4,9196.0
2025-05-22,3,12382.0,6.21,8.96,2703.0,2758.0,3626.0,6.98,7.01,7.41,9087.0
2025-05-22,4,13932.0,6.64,7.52,3480.0,3582.0,4661.0,9.63,9.63,10.04,11723.0
2025-05-22,5,14055.0,6.54,7.55,5149.0,5316.0,6819.0,14.89,14.92,15.38,17283.0
2025-05-22,6,16509.0,5.94,8.0,6315.0,6445.0,8348.0,18.23,18.24,18.82,21108.0
2025-05-22,7,16031.0,5.24,7.47,6236.0,6260.0,8366.0,18.47,18.49,19.05,20862.0
2025-05-22,8,16378.0,4.59,6.96,6151.0,6150.0,8116.0,18.37,18.39,18.96,20417.0
2025-05-22,9,16663.0,4.09,6.57,5757.0,5699.0,7564.0,16.88,16.91,17.45,19019.0
2025-05-22,10,17112.0,3.88,6.49,5273.0,5232.0,7026.0,14.41,14.45,14.97,17531.0
2025-05-22,11,17159.0,3.9,6.5,4972.0,4973.0,6632.0,13.38,13.42,13.9,16577.0
2025-05-22,12,17389.0,3.97,6.63,4951.0,4992.0,6658.0,13.37,13.41,13.9,16602.0
2025-05-22,13,17383.0,4.07,6.74,4862.0,4889.0,6582.0,13.38,13.42,13.9,16333.0
2025-05-22,14,17286.0,4.2,6.84,4842.0,4895.0,6437.0,13.39,13.43,13.9,16174.0
2025-05-22,15,17478.0,4.39,7.1,4795.0,4884.0,6264.0,13.36,13.41,13.88,15943.0
2025-05-22,16,17451.0,4.53,7.23,4903.0,4969.0,6471.0,13.34,13.39,13.87,16343.0
2025-05-22,18,17339.0,4.16,6.85,6057.0,6096.0,7982.0,18.54,18.55,19.1,20135.0
2025-05-22,19,17557.0,3.75,6.5,6145.0,6451.0,8122.0,18.6,18.58,19.17,20718.0
2025-05-22,20,17526.0,3.32,6.07,6134.0,6093.0,7887.0,18.5,18.52,19.07,20114.0
2025-05-22,21,17471.0,3.08,5.74,5365.0,5250.0,6841.0,15.48,15.54,16.06,17456.0
2025-05-22,22,17744.0,3.38,6.05,4031.0,3811.0,4997.0,9.91,9.99,10.45,12840.0
2025-05-22,23,16848.0,4.26,7.41,2979.0,2705.0,3582.0,6.91,6.98,7.39,9265.0
2025-05-23,0,13638.0,5.08,8.92,2969.0,2989.0,3690.0,6.9,6.95,7.37,9648.0
2025-05-23,1,12471.0,5.49,9.03,2806.0,2894.0,3594.0,6.91,6.97,7.38,9294.0
2025-05-23,2,12277.0,5.93,9.29,2667.0,2714.0,3451.0,6.91,6.97,7.37,8832.0
2025-05-23,3,12141.0,6.4,9.43,2609.0,2650.0,3302.0,6.81,6.86,7.26,8560.0
2025-05-23,4,13414.0,6.85,7.51,3321.0,3409.0,4272.0,8.86,8.91,9.31,11002.0
2025-05-23,5,13456.0,6.79,7.53,4969.0,5099.0,6456.0,14.34,14.36,14.83,16524.0
2025-05-23,6,15768.0,6.14,7.87,6308.0,6401.0,8182.0,18.26,18.27,18.85,20891.0
2025-05-23,7,15940.0,5.4,7.59,6310.0,6300.0,8168.0,18.38,18.39,18.96,20777.0
2025-05-23,8,16130.0,4.94,7.23,6274.0,6238.0,8134.0,18.37,18.38,18.97,20646.0
2025-05-23,16,17006.0,4.53,7.1,4907.0,4986.0,6563.0,13.36,13.4,13.88,16456.0
2025-05-23,17,16849.0,4.48,7.01,5412.0,5512.0,7226.0,15.54,15.56,16.06,18150.0
2025-05-23,18,16899.0,4.43,6.98,5639.0,5781.0,7551.0,16.74,16.77,17.3,18971.0
2025-05-23,19,17142.0,3.8,6.43,5955.0,5955.0,7677.0,18.03,18.06,18.61,19587.0
2025-05-23,20,17335.0,3.41,6.11,5996.0,6066.0,7516.0,18.14,18.16,18.72,19578.0
2025-05-23,21,17440.0,3.17,5.87,5336.0,5769.0,6854.0,15.24,15.24,15.82,17959.0
2025-05-23,22,17876.0,3.43,6.17,4016.0,3889.0,5036.0,9.98,10.06,10.49,12941.0
2025-05-23,23,17754.0,4.37,7.0,3015.0,2788.0,3548.0,6.92,7.0,7.39,9351.0
2025-05-24,0,13560.0,5.23,7.66,3028.0,3084.0,3999.0,6.9,6.97,7.37,10111.0
2025-05-24,1,12032.0,5.58,8.24,2849.0,2922.0,3745.0,6.92,6.98,7.38,9516.0
2025-05-24,2,12017.0,5.95,8.55,2690.0,2754.0,3472.0,6.91,6.97,7.37,8916.0
2025-05-24,3,11891.0,6.34,8.77,2662.0,2795.0,3620.0,6.91,6.97,7.36,9077.0
2025-05-24,4,12788.0,6.66,7.39,3367.0,3655.0,4441.0,9.12,9.17,9.56,11463.0
2025-05-24,5,12408.0,6.5,7.25,4728.0,5124.0,6263.0,14.47,14.48,14.95,16115.0
2025-05-24,6,13835.0,5.74,7.24,5952.0,6054.0,7748.0,17.93,17.95,18.5,19754.0
2025-05-24,7,16112.0,5.0,7.21,6258.0,6307.0,8296.0,18.15,18.17,18.74,20860.0
2025-05-24,8,16712.0,4.3,6.76,6486.0,6448.0,8483.0,18.24,18.25,18.85,21417.0
2025-05-24,9,16977.0,3.67,6.24,6168.0,6113.0,8073.0,16.51,16.54,17.12,20353.0
2025-05-24,10,17532.0,3.33,6.07,5713.0,5676.0,7514.0,14.24,14.27,14.81,18903.0
2025-05-24,11,17666.0,3.18,5.94,5498.0,5451.0,7171.0,13.57,13.61,14.14,18121.0
2025-05-24,12,17859.0,3.14,5.97,5383.0,5367.0,7041.0,13.38,13.42,13.94,17791.0
2025-05-24,13,17885.0,3.15,5.97,5225.0,5271.0,6934.0,13.41,13.44,13.95,17429.0
2025-05-24,14,17841.0,3.23,6.08,5058.0,5144.0,6570.0,13.4,13.43,13.93,16772.0
2025-05-24,15,17800.0,3.4,6.22,4859.0,4955.0,6614.0,13.4,13.44,13.91,16428.0
2025-05-24,16,17602.0,3.51,6.25,5235.0,5339.0,7065.0,15.12,15.15,15.64,17640.0
2025-05-24,17,17467.0,3.39,6.04,5628.0,5693.0,7556.0,17.04,17.05,17.58,18876.0
2025-05-24,18,17716.0,3.18,5.91,5705.0,5717.0,7567.0,17.22,17.23,17.77,18989.0
2025-05-24,19,18387.0,3.06,6.01,5642.0,5614.0,7267.0,17.1,17.13,17.66,18523.0
2025-05-24,20,18427.0,3.08,6.04,5266.0,5226.0,6813.0,15.36,15.41,15.92,17305.0
2025-05-24,21,18298.0,3.36,6.22,4506.0,4369.0,5911.0,12.45,12.51,12.97,14787.0
2025-05-24,22,17720.0,3.98,6.69,3613.0,3383.0,4452.0,8.99,9.01,9.5,11448.0
2025-05-24,23,14909.0,4.81,9.74,2907.0,2702.0,3657.0,6.92,6.95,7.37,9266.0
2025-05-25,0,12180.0,5.36,10.95,2998.0,3033.0,3794.0,6.94,6.97,7.39,9825.0
2025-05-25,1,12143.0,5.67,9.53,2845.0,2911.0,3586.0,6.96,6.98,7.4,9342.0
2025-05-25,2,11754.0,6.02,9.61,2756.0,2814.0,3647.0,6.94,6.97,7.39,9217.0
2025-05-25,3,11459.0,6.34,9.6,2658.0,2762.0,3611.0,6.97,6.99,7.39,9031.0
2025-05-25,4,13303.0,6.69,7.76,3228.0,3361.0,4240.0,8.87,8.87,9.28,10828.0
2025-05-25,5,13974.0,6.78,7.59,4524.0,4702.0,6038.0,14.14,14.13,14.6,15263.0
2025-05-25,6,15474.0,6.34,7.84,5842.0,5954.0,7568.0,17.84,17.85,18.4,19363.0
2025-05-25,7,15725.0,5.75,7.72,6141.0,6183.0,8078.0,18.01,18.02,18.59,20402.0
2025-05-25,8,16223.0,5.09,7.35,6254.0,6253.0,8127.0,18.14,18.17,18.74,20634.0
2025-05-25,9,16603.0,4.53,6.92,5990.0,5973.0,7795.0,16.52,16.55,17.11,19757.0
2025-05-25,10,17114.0,4.2,6.74,5607.0,5597.0,7335.0,14.16,14.2,14.71,18540.0
2025-05-25,11,17235.0,4.02,6.61,5484.0,5386.0,6981.0,13.59,13.64,14.16,17851.0
2025-05-25,12,17595.0,3.96,6.69,5342.0,5332.0,6983.0,13.59,13.63,14.13,17657.0
2025-05-25,13,17642.0,3.96,6.7,5213.0,5205.0,6841.0,13.6,13.63,14.13,17259.0
2025-05-25,14,17894.0,4.04,6.86,5085.0,5106.0,6717.0,13.6,13.63,14.14,16908.0
2025-05-25,15,17846.0,4.14,6.94,5054.0,5120.0,6802.0,13.61,13.63,14.12,16976.0
2025-05-25,16,17630.0,4.16,6.92,5432.0,5499.0,7161.0,15.46,15.48,15.99,18092.0
2025-05-25,17,17331.0,3.96,6.64,5742.0,5778.0,7582.0,17.02,17.05,17.57,19102.0
2025-05-25,18,17428.0,3.7,6.39,5840.0,5818.0,7591.0,17.06,17.09,17.62,19250.0
2025-05-25,19,17449.0,3.45,6.14,5850.0,5802.0,7377.0,17.07,17.11,17.64,19029.0
2025-05-25,20,17524.0,3.27,5.96,5538.0,5486.0,7102.0,15.46,15.51,16.05,18126.0
2025-05-25,21,17551.0,3.35,5.99,4709.0,4575.0,5982.0,12.51,12.56,13.05,15266.0
2025-05-25,22,17714.0,3.86,6.49,3732.0,3548.0,4715.0,9.06,9.12,9.55,11995.0
2025-05-25,23,15235.0,4.65,10.91,2884.0,2744.0,3645.0,6.92,6.98,7.38,9273.0
2025-05-26,0,13104.0,5.33,9.98,2926.0,2942.0,3642.0,6.89,6.95,7.36,9510.0
2025-05-26,1,12290.0,5.75,10.07,2791.0,2852.0,3582.0,6.94,7.0,7.4,9225.0
2025-05-26,2,11197.0,6.09,10.91,2669.0,2731.0,3473.0,6.95,7.01,7.41,8873.0
2025-05-26,3,11325.0,6.41,10.72,2592.0,2677.0,3407.0,6.95,7.01,7.38,8676.0
2025-05-26,4,11322.0,6.64,9.67,3413.0,3523.0,4571.0,9.49,9.53,9.92,11506.0
2025-05-26,5,13376.0,6.37,7.39,4969.0,5095.0,6653.0,14.62,14.65,15.09,16717.0
2025-05-26,6,15796.0,5.73,7.76,6227.0,6277.0,8186.0,18.16,18.17,18.74,20690.0
2025-05-26,7,15962.0,5.06,7.22,6156.0,6155.0,8156.0,18.36,18.38,18.94,20466.0
2025-05-26,8,16289.0,4.48,6.74,6063.0,6000.0,7842.0,18.2,18.23,18.78,19905.0
2025-05-26,9,16519.0,4.05,6.39,5620.0,5531.0,7343.0,16.74,16.78,17.3,18494.0
2025-05-26,10,16966.0,3.93,6.4,5104.0,5029.0,6596.0,14.29,14.34,14.83,16728.0
2025-05-26,11,16877.0,3.99,6.41,4908.0,4862.0,6359.0,13.36,13.4,13.88,16128.0
2025-05-26,12,17220.0,4.05,6.59,4917.0,4954.0,6581.0,13.38,13.41,13.9,16452.0
2025-05-26,13,17294.0,4.14,6.71,4823.0,4851.0,6437.0,13.4,13.43,13.91,16111.0
2025-05-26,14,17189.0,4.29,6.88,4731.0,4772.0,6316.0,13.39,13.43,13.89,15819.0
2025-05-26,15,17128.0,4.46,7.04,4715.0,4785.0,6308.0,13.37,13.41,13.88,15809.0
2025-05-26,16,16958.0,4.6,7.11,4814.0,4857.0,6424.0,13.36,13.41,13.89,16095.0
2025-05-26,17,16713.0,4.56,7.02,5388.0,5446.0,7308.0,15.87,15.87,16.38,18142.0
2025-05-26,18,17021.0,4.2,6.78,5950.0,6020.0,7983.0,18.58,18.59,19.14,19953.0
2025-05-26,19,17243.0,3.81,6.45,5981.0,5951.0,7779.0,18.45,18.47,19.01,19711.0
2025-05-26,20,17439.0,3.48,6.14,6027.0,6007.0,7738.0,18.37,18.39,18.95,19772.0
2025-05-26,21,17541.0,3.3,5.96,5175.0,5087.0,6503.0,15.13,15.2,15.71,16765.0
2025-05-26,22,17881.0,3.72,6.39,3798.0,3607.0,4546.0,9.66,9.75,10.2,11951.0
2025-05-26,23,17079.0,4.74,8.95,2812.0,2643.0,3602.0,6.9,6.97,7.36,9058.0
2025-05-27,0,12395.0,5.49,9.86,2855.0,2903.0,3699.0,6.89,6.95,7.35,9457.0
2025-05-27,1,11432.0,5.81,9.39,2715.0,2790.0,3506.0,6.92,6.98,7.38,9011.0
2025-05-27,2,11137.0,6.12,9.48,2630.0,2720.0,3567.0,6.89,6.95,7.34,8917.0
2025-05-27,3,11531.0,6.41,9.45,2615.0,2719.0,3586.0,6.94,7.0,7.39,8921.0
2025-05-27,4,13029.0,6.75,7.37,3347.0,3461.0,4464.0,9.15,9.22,9.6,11272.0
2025-05-27,5,12986.0,6.61,7.36,4936.0,5077.0,6650.0,14.39,14.42,14.88,16662.0
2025-05-27,6,15030.0,5.86,7.63,6188.0,6252.0,8187.0,18.16,18.18,18.73,20627.0
2025-05-27,7,15793.0,5.17,7.26,6118.0,6092.0,7937.0,18.41,18.44,18.99,20147.0
2025-05-27,8,16106.0,4.62,6.81,6000.0,5935.0,7802.0,18.25,18.27,18.82,19737.0
2025-05-27,9,16410.0,4.17,6.46,5659.0,5550.0,7211.0,16.71,16.76,17.28,18421.0
2025-05-27,10,17029.0,4.04,6.5,5157.0,5031.0,6563.0,14.31,14.38,14.86,16750.0
2025-05-27,11,17138.0,4.08,6.61,4957.0,4917.0,6542.0,13.55,13.62,14.09,16417.0
2025-05-27,12,17197.0,4.15,6.73,4939.0,4977.0,6558.0,13.56,13.62,14.1,16474.0
2025-05-27,13,17209.0,4.23,6.81,4890.0,4966.0,6529.0,13.56,13.61,14.09,16385.0
2025-05-27,14,17200.0,4.32,6.9,4837.0,4926.0,6401.0,13.58,13.63,14.1,16164.0
2025-05-27,15,17441.0,4.47,7.15,4780.0,4832.0,6364.0,13.56,13.62,14.08,15976.0
2025-05-27,16,17371.0,4.63,7.34,4852.0,4924.0,6590.0,13.57,13.62,14.08,16366.0
2025-05-27,17,17067.0,4.64,7.25,5351.0,5424.0,7232.0,15.76,15.8,16.28,18006.0
2025-05-27,18,16914.0,4.33,6.89,5954.0,5988.0,8006.0,18.22,18.24,18.76,19947.0
2025-05-27,19,16730.0,3.88,6.36,6040.0,6021.0,7912.0,18.23,18.25,18.8,19972.0
2025-05-27,20,16976.0,3.45,5.99,6072.0,6070.0,7801.0,18.15,18.17,18.72,19944.0
2025-05-27,21,17231.0,3.17,5.73,5258.0,5207.0,6889.0,14.92,14.98,15.49,17353.0
2025-05-27,22,17492.0,3.48,6.03,3870.0,3684.0,4795.0,9.26,9.31,9.79,12349.0
2025-05-27,23,16587.0,4.33,7.47,3006.0,2834.0,3712.0,6.96,7.0,7.43,9552.0
2025-05-28,0,13552.0,5.08,8.12,2980.0,3024.0,3777.0,6.94,6.96,7.39,9780.0
2025-05-28,1,12247.0,5.49,9.4,2794.0,2873.0,3596.0,7.05,7.08,7.49,9263.0
2025-05-28,2,11970.0,5.87,9.62,2691.0,2792.0,3612.0,7.05,7.07,7.48,9095.0
2025-05-28,3,12302.0,6.28,9.34,2666.0,2737.0,3536.0,7.05,7.08,7.49,8939.0
2025-05-28,4,13713.0,6.73,7.66,3383.0,3494.0,4489.0,9.2,9.2,9.62,11367.0
2025-05-28,5,13093.0,6.62,7.39,5044.0,5185.0,6757.0,14.43,14.44,14.93,16987.0
2025-05-28,6,15474.0,5.84,7.75,6319.0,6401.0,8297.0,18.27,18.28,18.86,21018.0
2025-05-28,7,16115.0,5.13,7.36,6291.0,6308.0,8204.0,18.36,18.38,18.95,20803.0
2025-05-28,8,16479.0,4.49,6.87,6232.0,6195.0,8107.0,18.35,18.38,18.95,20534.0
2025-05-28,9,16737.0,3.99,6.49,5817.0,5747.0,7453.0,16.68,16.71,17.27,19017.0
2025-05-28,10,17241.0,3.8,6.44,5259.0,5159.0,6690.0,14.32,14.37,14.9,17108.0
2025-05-28,11,17132.0,3.95,6.54,4858.0,4814.0,6189.0,13.41,13.43,13.91,15861.0
2025-05-28,12,17513.0,4.12,6.79,4855.0,4905.0,6476.0,13.41,13.44,13.92,16236.0
2025-05-28,13,17763.0,4.29,7.04,4795.0,4859.0,6407.0,13.39,13.42,13.92,16061.0
2025-05-28,14,17966.0,4.5,7.34,4760.0,4817.0,6394.0,13.33,13.35,13.83,15971.0
2025-05-28,15,17826.0,4.74,7.53,4757.0,4807.0,6360.0,13.28,13.31,13.8,15925.0
2025-05-28,16,17311.0,4.92,7.55,4839.0,4895.0,6554.0,13.37,13.39,13.87,16288.0
2025-05-28,17,17057.0,4.88,7.49,5517.0,5606.0,7565.0,16.24,16.26,16.75,18687.0
2025-05-28,18,17116.0,4.52,7.17,5962.0,6013.0,7964.0,18.19,18.21,18.76,19939.0
2025-05-28,19,17233.0,4.12,6.8,6031.0,6043.0,7884.0,18.06,18.08,18.63,19959.0
2025-05-28,20,17216.0,3.72,6.37,6060.0,6016.0,7727.0,18.03,18.07,18.62,19803.0
2025-05-28,21,17407.0,3.5,6.15,5262.0,5189.0,6675.0,14.98,15.04,15.55,17126.0
2025-05-28,22,17581.0,3.84,6.46,3914.0,3724.0,4790.0,9.52,9.58,10.05,12428.0
2025-05-28,23,14735.0,4.63,10.16,2934.0,2710.0,3427.0,6.89,6.95,7.36,9071.0
2025-05-29,0,12578.0,5.22,10.47,2976.0,3040.0,3936.0,6.99,7.04,7.43,9952.0
2025-05-29,1,12752.0,5.54,9.05,2806.0,2923.0,3726.0,6.95,6.99,7.4,9455.0
2025-05-29,2,12447.0,6.01,8.97,2650.0,2778.0,3600.0,6.83,6.88,7.28,9028.0
2025-05-29,3,12145.0,6.44,9.03,2629.0,2772.0,3625.0,6.84,6.88,7.28,9026.0
2025-05-29,4,12263.0,6.77,8.96,3308.0,3446.0,4483.0,9.01,9.05,9.44,11238.0
2025-05-29,5,13095.0,6.59,7.39,4970.0,5137.0,6779.0,14.4,14.41,14.89,16885.0
2025-05-29,6,15717.0,5.82,7.8,6283.0,6391.0,8390.0,18.37,18.38,18.95,21064.0
2025-05-29,7,16222.0,5.14,7.43,6251.0,6274.0,8230.0,18.47,18.49,19.06,20756.0
2025-05-29,8,16517.0,4.55,6.94,6126.0,6078.0,7957.0,18.39,18.42,18.98,20161.0
2025-05-29,9,16881.0,4.14,6.64,5658.0,5549.0,7191.0,16.52,16.56,17.09,18398.0
2025-05-29,10,17334.0,4.11,6.73,5052.0,4930.0,6423.0,14.1,14.15,14.67,16406.0
2025-05-29,11,17566.0,4.29,6.98,4787.0,4762.0,6270.0,13.39,13.43,13.9,15818.0
2025-05-29,12,17874.0,4.52,7.31,4710.0,4833.0,6358.0,13.38,13.41,13.89,15901.0
2025-05-29,13,17731.0,4.75,7.49,4710.0,4884.0,6392.0,13.41,13.43,13.92,15985.0
2025-05-29,14,17457.0,4.94,7.58,4668.0,4863.0,6291.0,13.43,13.44,13.92,15823.0
2025-05-29,15,17606.0,5.13,7.91,4696.0,4888.0,6404.0,13.42,13.44,13.91,15989.0
2025-05-29,16,16208.0,5.21,9.69,4808.0,4954.0,6492.0,13.42,13.44,13.93,16255.0
2025-05-29,17,15612.0,5.0,9.22,5501.0,5693.0,7465.0,16.28,16.29,16.78,18660.0
2025-05-29,18,15947.0,4.46,8.88,5906.0,6108.0,8070.0,18.39,18.39,18.94,20084.0
2025-05-29,19,16355.0,3.94,8.58,5957.0,6090.0,7643.0,18.3,18.31,18.87,19690.0
2025-05-29,20,15722.0,3.44,7.67,5975.0,6092.0,7695.0,18.18,18.17,18.74,19762.0
2025-05-29,21,15826.0,3.0,7.07,5229.0,5237.0,6667.0,15.13,15.17,15.7,17134.0
2025-05-29,22,17318.0,3.22,5.69,3836.0,3671.0,4675.0,9.41,9.45,9.94,12181.0
2025-05-29,23,16770.0,4.08,6.32,2972.0,2777.0,3772.0,6.93,6.97,7.39,9521.0
2025-05-30,0,14813.0,4.89,6.55,2962.0,3083.0,4020.0,6.94,6.96,7.38,10065.0
2025-05-30,1,14315.0,5.49,7.0,2841.0,2972.0,3899.0,6.96,6.98,7.4,9712.0
2025-05-30,2,14371.0,6.12,7.57,2740.0,2880.0,3835.0,6.96,6.98,7.4,9456.0
2025-05-30,3,11798.0,6.62,9.89,2714.0,2845.0,3767.0,7.02,7.03,7.45,9326.0
2025-05-30,4,12011.0,6.81,9.93,3562.0,3768.0,4904.0,9.69,9.68,10.12,12234.0
2025-05-30,5,13050.0,6.51,7.35,5049.0,5324.0,6972.0,14.74,14.75,15.22,17346.0
2025-05-30,6,15346.0,5.67,7.65,6259.0,6486.0,8395.0,18.35,18.35,18.92,21140.0
2025-05-30,7,16393.0,4.97,7.3,6238.0,6382.0,8371.0,18.59,18.6,19.17,20991.0
2025-05-30,8,16626.0,4.39,6.8,6079.0,6148.0,7899.0,18.51,18.52,19.08,20126.0
2025-05-30,9,16933.0,3.98,6.48,5665.0,5724.0,7351.0,16.71,16.74,17.29,18740.0
2025-05-30,10,17278.0,3.82,6.45,5246.0,5289.0,6770.0,14.37,14.42,14.95,17305.0
2025-05-30,11,17306.0,3.83,6.46,4981.0,5101.0,6749.0,13.36,13.41,13.9,16831.0
2025-05-30,12,17523.0,3.87,6.56,4984.0,5158.0,6780.0,13.38,13.42,13.91,16922.0
2025-05-30,13,17535.0,3.96,6.7,4851.0,5046.0,6542.0,13.41,13.43,13.93,16439.0
2025-05-30,14,17630.0,4.11,6.88,4797.0,4948.0,6412.0,13.4,13.42,13.92,16157.0
2025-05-30,15,17683.0,4.31,7.08,4789.0,4953.0,6381.0,13.39,13.42,13.9,16124.0
2025-05-30,16,17490.0,4.47,7.19,4869.0,5002.0,6481.0,13.38,13.41,13.89,16353.0
2025-05-30,17,17245.0,4.48,7.16,5398.0,5594.0,7372.0,15.86,15.88,16.38,18365.0
2025-05-30,18,17505.0,4.17,6.97,5934.0,6148.0,7993.0,18.58,18.58,19.12,20075.0
2025-05-30,19,17956.0,3.84,6.74,5901.0,6048.0,7799.0,18.46,18.46,19.01,19748.0
2025-05-30,20,18066.0,3.63,6.53,5850.0,5994.0,7654.0,18.4,18.4,18.95,19498.0
2025-05-30,21,17732.0,3.54,6.25,5123.0,5179.0,6637.0,15.3,15.34,15.88,16939.0
2025-05-30,22,18207.0,3.93,6.7,3877.0,3782.0,4894.0,9.84,9.91,10.38,12553.0
2025-05-30,23,17133.0,4.9,8.59,2918.0,2733.0,3478.0,6.91,6.99,7.39,9129.0
2025-05-31,0,11633.0,5.56,10.75,2992.0,3119.0,3879.0,6.89,6.95,7.36,9989.0
2025-05-31,1,11308.0,5.71,10.23,2839.0,3001.0,3799.0,6.92,6.98,7.37,9639.0
2025-05-31,2,11669.0,6.0,10.12,2696.0,2847.0,3612.0,6.91,6.97,7.36,9155.0
2025-05-31,3,11680.0,6.32,10.04,2661.0,2852.0,3643.0,6.93,6.99,7.37,9156.0
2025-05-31,4,13786.0,6.71,7.48,3303.0,3553.0,4431.0,8.94,9.0,9.38,11286.0
2025-05-31,5,13181.0,6.69,7.39,4683.0,4993.0,6336.0,14.23,14.24,14.72,16013.0
2025-05-31,6,15102.0,6.03,7.68,5984.0,6268.0,7996.0,18.39,18.38,18.95,20248.0
2025-05-31,7,15772.0,5.31,7.42,6245.0,6416.0,8193.0,18.44,18.44,19.02,20854.0
2025-05-31,8,16184.0,4.62,6.86,6308.0,6407.0,8208.0,18.37,18.37,18.95,20923.0
2025-05-31,9,16589.0,4.03,6.36,5974.0,6021.0,7654.0,16.41,16.44,17.04,19649.0
2025-05-31,10,16979.0,3.73,6.2,5523.0,5538.0,7125.0,14.01,14.05,14.57,18186.0
2025-05-31,11,17065.0,3.57,6.09,5336.0,5388.0,6926.0,13.5,13.54,14.05,17650.0
2025-05-31,12,17341.0,3.48,6.11,5294.0,5415.0,6865.0,13.48,13.51,14.04,17574.0
2025-05-31,13,17397.0,3.45,6.1,5182.0,5350.0,6778.0,13.49,13.52,14.04,17309.0
2025-05-31,14,17557.0,3.47,6.18,5084.0,5233.0,6743.0,13.51,13.53,14.05,17059.0
2025-05-31,15,17632.0,3.53,6.26,5009.0,5206.0,6754.0,13.49,13.51,14.01,16968.0
2025-05-31,16,17280.0,3.53,6.2,5351.0,5572.0,7211.0,15.29,15.3,15.8,18135.0
2025-05-31,17,17398.0,3.29,5.98,5682.0,5951.0,7655.0,17.31,17.32,17.84,19289.0
2025-05-31,18,17820.0,3.05,5.88,5617.0,5852.0,7689.0,17.45,17.46,17.99,19158.0
2025-05-31,19,18245.0,2.91,5.84,5636.0,5781.0,7459.0,17.43,17.44,17.98,18875.0
2025-05-31,20,18383.0,2.87,5.84,5251.0,5314.0,6942.0,15.52,15.55,16.07,17507.0
2025-05-31,21,18441.0,3.15,6.08,4429.0,4409.0,5840.0,12.32,12.36,12.84,14678.0
2025-05-31,22,17678.0,3.84,7.46,3486.0,3333.0,4399.0,8.69,8.71,9.2,11218.0
2025-05-31,23,15289.0,4.7,10.09,2892.0,2666.0,3610.0,6.94,6.97,7.38,9168.0
