date,hour,PK_Qin,PK_Level,PK_Inlet,PK_F,PK_P,PK_ZM01,PK_ZM02,TotalFlow
2026-03-01,0,11500.0,4.64,11.13,8244.0,7.14,5644.75,2573.5,8218.25
2026-03-01,1,10929.0,5.0,10.16,7382.0,6.24,5147.58,2220.47,7368.05
2026-03-01,2,10392.0,5.38,10.5,6618.0,5.77,4684.22,1923.73,6607.95
2026-03-01,3,10363.0,5.79,10.67,6461.0,5.73,4616.38,1845.95,6462.33
2026-03-01,4,10564.0,6.2,11.02,6525.0,6.0,4642.97,1877.47,6520.43
2026-03-01,5,10100.0,6.48,16.29,8641.0,8.94,5935.08,2779.7,8714.78
2026-03-01,6,13741.0,6.61,17.57,12665.0,15.64,8625.17,4125.22,12750.38
2026-03-01,7,16150.0,6.58,16.31,18409.0,27.36,12229.27,6248.1,18477.37
2026-03-01,8,16118.0,6.21,16.14,20907.0,33.25,13771.9,7153.05,20924.95
2026-03-01,9,15917.0,5.72,15.9,21111.0,33.93,13859.48,7250.77,21110.25
2026-03-01,10,15440.0,5.24,15.94,20132.0,31.21,13244.67,6870.35,20115.02
2026-03-01,11,14756.0,4.79,16.35,18445.0,27.07,12207.53,6189.27,18396.8
2026-03-01,12,14692.0,4.55,16.25,16481.0,22.25,10986.5,5467.93,16454.43
2026-03-01,13,14673.0,4.47,16.2,14740.0,18.43,9858.22,4860.45,14718.67
2026-03-01,14,14275.0,4.52,15.7,13678.0,16.35,9157.98,4501.8,13659.78
2026-03-01,15,14759.0,4.65,15.41,13113.0,15.36,8823.43,4290.78,13114.22
2026-03-01,16,14910.0,4.79,15.61,14486.0,18.07,9667.22,4865.13,14532.35
2026-03-01,17,14944.0,4.71,15.67,16735.0,22.76,11059.73,5699.55,16759.28
2026-03-01,18,14905.0,4.5,15.58,17603.0,24.88,11629.32,5975.88,17605.2
2026-03-01,19,14832.0,4.22,15.52,17919.0,25.99,11859.18,6067.37,17926.55
2026-03-01,20,14772.0,3.92,15.45,17887.0,25.9,11857.78,6021.23,17879.02
2026-03-01,21,14730.0,3.69,15.41,16571.0,22.92,11014.85,5536.77,16551.62
2026-03-01,22,14751.0,3.63,15.43,14318.0,17.98,9470.88,4785.23,14256.12
2026-03-01,23,14789.0,3.89,15.47,10507.0,11.29,7014.42,3428.35,10442.77
2026-03-02,0,10556.0,4.33,9.85,7476.0,6.41,5221.83,2231.4,7453.23
2026-03-02,1,10366.0,4.69,9.6,6908.0,5.92,4910.07,1983.05,6893.12
2026-03-02,2,10526.0,5.09,10.15,6157.0,5.46,4454.9,1691.77,6146.67
2026-03-02,3,10761.0,5.57,10.78,5971.0,5.46,4377.68,1601.42,5979.1
2026-03-02,4,10981.0,6.1,11.46,5851.0,5.64,4298.1,1552.28,5850.38
2026-03-02,5,9974.0,6.42,12.09,9987.0,11.2,6921.25,3185.65,10106.9
2026-03-02,6,12570.0,6.14,15.49,16689.0,23.95,11242.0,5555.2,16797.2
2026-03-02,7,15121.0,5.67,17.55,20743.0,33.05,13667.13,7092.88,20760.02
2026-03-02,8,14673.0,5.08,16.9,20626.0,32.61,13579.55,7026.25,20605.8
2026-03-02,9,14562.0,4.55,16.76,19148.0,28.86,12619.03,6500.1,19119.13
2026-03-02,10,14485.0,4.18,16.66,17564.0,24.86,11581.77,5964.98,17546.75
2026-03-02,11,14479.0,3.96,16.64,15707.0,20.64,10459.32,5202.8,15662.12
2026-03-02,12,14246.0,3.97,16.31,13348.0,16.05,9005.5,4311.58,13317.08
2026-03-02,13,14017.0,4.13,16.02,12183.0,13.84,8277.05,3892.47,12169.52
2026-03-02,14,14006.0,4.37,16.01,11595.0,12.75,7934.27,3665.15,11599.42
2026-03-02,15,14006.0,4.62,16.0,11991.0,13.07,8128.7,3868.27,11996.97
2026-03-02,16,15360.0,4.83,15.3,13774.0,16.38,9208.85,4619.32,13828.17
2026-03-02,17,15313.0,4.87,14.63,16218.0,21.27,10766.93,5476.83,16243.77
2026-03-02,18,15247.0,4.72,14.57,17640.0,24.7,11656.72,5995.15,17651.87
2026-03-02,19,15187.0,4.48,14.48,17845.0,25.52,11810.12,6035.78,17845.9
2026-03-02,20,15104.0,4.21,14.41,18111.0,26.21,12011.53,6096.25,18107.78
2026-03-02,21,15030.0,3.98,14.35,16973.0,23.55,11298.27,5647.07,16945.33
2026-03-02,22,15000.0,3.93,14.31,14441.0,18.25,9690.22,4705.03,14395.25
2026-03-02,23,14480.0,4.2,14.62,10756.0,11.56,7322.72,3383.4,10706.12
2026-03-03,0,8807.0,4.45,9.83,7566.0,6.19,5271.27,2252.67,7523.93
2026-03-03,1,9856.0,4.68,9.71,7449.0,6.22,5219.77,2228.0,7447.77
2026-03-03,2,9721.0,4.95,10.01,7071.0,6.04,4964.7,2098.1,7062.8
2026-03-03,3,9450.0,5.24,10.16,6745.0,5.8,4790.48,1947.78,6738.27
2026-03-03,4,9036.0,5.52,9.83,6310.0,5.47,4553.8,1747.6,6301.4
2026-03-03,5,13319.0,5.9,10.08,9567.0,10.22,6642.4,3029.3,9671.7
2026-03-03,6,14819.0,6.14,14.15,14231.0,18.29,9663.38,4653.8,14317.18
2026-03-03,7,15248.0,5.95,15.46,19560.0,29.83,12968.37,6649.4,19617.77
2026-03-03,8,15236.0,5.43,15.44,20841.0,33.19,13689.67,7152.53,20842.2
2026-03-03,9,15186.0,4.9,15.42,20381.0,32.08,13415.17,6948.23,20363.4
2026-03-03,10,15141.0,4.41,15.36,19627.0,30.29,12924.95,6687.62,19612.57
2026-03-03,11,15306.0,4.07,15.54,17559.0,25.18,11651.12,5867.83,17518.95
2026-03-03,12,15948.0,3.99,16.32,15801.0,20.92,10541.92,5231.2,15773.12
2026-03-03,13,16131.0,4.13,16.54,13942.0,17.21,9380.73,4532.83,13913.57
2026-03-03,14,16204.0,4.43,16.63,12906.0,15.07,8729.05,4173.67,12902.72
2026-03-03,15,16281.0,4.79,16.75,13046.0,15.09,8770.37,4278.32,13048.68
2026-03-03,16,16345.0,5.1,16.82,14383.0,17.66,9609.43,4814.02,14423.45
2026-03-03,17,16333.0,5.17,16.78,16931.0,22.94,11196.75,5769.45,16966.2
2026-03-03,18,15863.0,5.06,17.04,17999.0,25.59,11872.7,6134.35,18007.05
2026-03-03,19,15585.0,4.83,17.43,18165.0,26.51,12004.48,6158.68,18163.17
2026-03-03,20,14194.0,4.54,17.93,18026.0,26.31,11942.85,6077.62,18020.47
2026-03-03,21,13068.0,4.16,17.79,16902.0,23.7,11242.1,5632.65,16874.75
2026-03-03,22,13034.0,3.91,17.91,14117.0,17.89,9476.73,4571.3,14048.03
2026-03-03,23,13113.0,4.04,18.05,9894.0,10.7,6749.55,3085.25,9834.8
2026-03-04,0,9997.0,4.38,9.91,7393.0,6.19,5115.62,2256.0,7371.62
2026-03-04,1,10234.0,4.71,9.35,7014.0,5.85,4930.03,2072.87,7002.9
2026-03-04,2,10251.0,5.09,9.38,6316.0,5.38,4531.93,1773.73,6305.67
2026-03-04,3,10063.0,5.5,9.51,6017.0,5.21,4377.25,1640.58,6017.83
2026-03-04,4,9922.0,5.93,9.6,5776.0,5.25,4250.47,1524.67,5775.13
2026-03-04,5,10230.0,6.17,10.65,10319.0,11.38,7143.72,3313.68,10457.4
2026-03-04,6,14617.0,6.04,13.57,17222.0,24.88,11539.52,5789.23,17328.75
2026-03-04,7,15538.0,5.58,14.41,21382.0,34.52,14047.75,7342.7,21390.45
2026-03-04,8,15760.0,5.05,15.64,20673.0,32.77,13587.87,7067.88,20655.75
2026-03-04,9,15335.0,4.62,15.9,18848.0,28.1,12419.05,6388.45,18807.5
2026-03-04,10,15262.0,4.37,15.85,17341.0,24.29,11459.57,5870.65,17330.22
2026-03-04,11,15349.0,4.26,15.93,15391.0,19.83,10244.92,5096.95,15341.87
2026-03-04,12,15456.0,4.41,16.02,12957.0,15.13,8781.23,4136.05,12917.28
2026-03-04,13,14945.0,4.74,16.51,11537.0,12.83,7917.4,3616.93,11534.33
2026-03-04,14,14437.0,5.1,17.3,11161.0,12.3,7690.63,3458.87,11149.5
2026-03-04,15,14446.0,5.45,18.39,11338.0,12.44,7748.8,3606.13,11354.93
2026-03-04,16,13970.0,5.65,17.63,13849.0,16.8,9302.25,4611.33,13913.58
2026-03-04,17,13706.0,5.48,17.2,16793.0,22.79,11133.1,5683.98,16817.08
2026-03-04,18,13514.0,5.11,16.89,17765.0,25.22,11743.28,6033.62,17776.9
2026-03-04,19,13436.0,4.67,16.79,18120.0,26.4,12014.43,6110.52,18124.95
2026-03-04,20,13345.0,4.19,16.68,18454.0,27.31,12215.83,6239.63,18455.47
2026-03-04,21,13304.0,3.75,16.59,17078.0,23.95,11349.72,5689.85,17039.57
2026-03-04,22,14550.0,3.56,15.82,14016.0,17.51,9390.6,4555.98,13946.58
2026-03-04,23,16380.0,3.93,16.36,11367.0,11.84,7557.2,3778.98,11336.18
2026-03-05,0,10818.0,4.35,11.25,8266.0,6.81,5571.84,2656.67,8228.52
2026-03-05,1,10556.0,4.69,16.44,6721.0,5.59,4691.65,2000.33,6691.98
2026-03-05,2,10181.0,5.12,16.02,5968.0,5.01,4239.42,1729.4,5968.82
2026-03-05,3,10085.0,5.55,13.14,6051.0,5.0,4313.92,1740.12,6054.03
2026-03-05,4,10582.0,5.95,11.49,7118.0,5.64,4960.68,2191.4,7152.08
2026-03-05,5,12966.0,6.23,15.97,11814.0,12.96,7909.9,4002.52,11912.42
2026-03-05,6,14010.0,6.13,17.77,17515.0,25.55,11675.05,5954.15,17629.2
2026-03-05,7,15569.0,5.6,16.29,21460.0,34.73,14088.37,7379.0,21467.37
2026-03-05,8,15408.0,5.04,16.08,20735.0,32.82,13605.82,7104.82,20710.63
2026-03-05,9,15335.0,4.59,15.96,18954.0,28.34,12489.87,6432.95,18922.82
2026-03-05,10,15193.0,4.31,15.85,17339.0,24.27,11463.25,5850.95,17314.2
2026-03-05,11,14947.0,4.18,15.5,15577.0,20.11,10378.4,5159.22,15537.62
2026-03-05,12,14904.0,4.25,15.46,13159.0,15.22,8896.32,4225.0,13121.32
2026-03-05,13,14928.0,4.54,15.51,11592.0,12.65,7966.63,3613.22,11579.85
2026-03-05,14,14302.0,4.9,15.97,11302.0,12.24,7758.49,3509.56,11268.05
2026-03-05,15,13136.0,5.16,15.22,11503.0,12.44,7863.97,3659.72,11523.68
2026-03-05,16,14138.0,5.27,16.48,13897.0,16.46,9293.03,4655.57,13948.6
2026-03-05,17,14135.0,5.15,16.47,16680.0,22.28,10995.4,5708.98,16704.38
2026-03-05,18,14124.0,4.85,16.43,17652.0,24.71,11655.63,6011.45,17667.08
2026-03-05,19,14063.0,4.48,16.37,18214.0,26.45,12043.98,6180.08,18224.07
2026-03-05,20,14008.0,4.05,16.27,18565.0,27.3,12283.53,6278.08,18561.62
2026-03-05,21,14330.0,3.69,15.97,16925.0,23.46,11248.87,5633.45,16882.32
2026-03-05,22,15136.0,3.63,15.76,14006.0,17.43,9426.87,4511.92,13938.78
2026-03-05,23,15381.0,3.95,16.04,10844.0,11.29,7203.12,3596.55,10799.67
2026-03-06,0,10983.0,4.39,10.13,7587.0,6.13,5233.5,2317.45,7550.95
2026-03-06,1,10720.0,4.8,10.49,6643.0,5.23,4701.42,1931.12,6632.53
2026-03-06,2,10683.0,5.23,10.64,6528.0,5.29,4631.42,1897.95,6529.37
2026-03-06,3,10580.0,5.67,10.86,6338.0,5.16,4535.9,1795.48,6331.38
2026-03-06,4,9872.0,6.11,10.51,5774.0,4.9,4224.02,1541.43,5765.45
2026-03-06,5,8130.0,6.25,11.33,10465.0,11.55,7218.78,3391.37,10610.15
2026-03-06,6,13583.0,5.91,15.11,17514.0,25.52,11737.1,5882.1,17619.2
2026-03-06,7,14461.0,5.32,16.18,21582.0,35.06,14151.97,7444.67,21596.63
2026-03-06,8,14273.0,4.61,15.91,21041.0,33.45,13767.72,7251.15,21018.87
2026-03-06,9,13905.0,3.99,15.49,19528.0,29.61,12832.92,6662.2,19495.12
2026-03-06,10,14015.0,3.53,15.67,17680.0,24.82,11643.58,6018.45,17662.03
2026-03-06,11,15061.0,3.31,15.0,15514.0,19.72,10315.43,5149.03,15464.47
2026-03-06,12,15295.0,3.43,15.04,13035.0,14.85,8837.38,4161.07,12998.45
2026-03-06,13,15355.0,3.75,15.13,11887.0,12.91,8130.78,3749.83,11880.62
2026-03-06,14,15300.0,4.13,15.07,11613.0,12.5,7964.8,3646.17,11610.97
2026-03-06,15,15196.0,4.49,14.98,12257.0,13.23,8277.97,3997.05,12275.02
2026-03-06,16,15203.0,4.72,15.0,14325.0,17.06,9552.92,4821.28,14374.2
2026-03-06,17,15225.0,4.71,14.99,16466.0,21.46,10874.82,5622.77,16497.58
2026-03-06,18,15181.0,4.52,14.95,17778.0,24.75,11720.95,6061.9,17782.85
2026-03-06,19,15115.0,4.26,14.88,18129.0,26.02,12006.95,6130.62,18137.57
2026-03-06,20,15304.0,3.97,15.06,18221.0,26.36,12042.72,6164.4,18207.12
2026-03-06,21,15235.0,3.74,15.01,17003.0,23.48,11286.33,5692.22,16978.55
2026-03-06,22,15245.0,3.69,14.99,15098.0,19.97,10299.4,4763.8,15063.2
2026-03-06,23,15287.0,3.86,15.06,12154.0,14.23,8475.35,3624.57,12099.92
2026-03-07,0,10213.0,4.16,9.14,8372.0,7.28,5984.4,2347.05,8331.45
2026-03-07,1,11384.0,4.43,8.89,8067.0,7.1,5804.67,2251.47,8056.13
2026-03-07,2,11635.0,4.83,8.99,7572.0,6.77,5522.2,2047.13,7569.33
2026-03-07,3,11781.0,5.27,9.04,7555.0,6.78,5524.32,2032.07,7556.38
2026-03-07,4,12296.0,5.73,9.26,7583.0,6.64,5366.33,2211.13,7577.47
2026-03-07,5,14831.0,6.21,10.49,10633.0,11.44,7197.53,3532.88,10730.42
2026-03-07,6,15038.0,6.49,17.26,15190.0,20.23,10216.52,5060.02,15276.53
2026-03-07,7,16043.0,6.19,17.14,20803.0,32.85,13666.62,7195.43,20862.05
2026-03-07,8,16589.0,5.69,16.3,21844.0,35.54,14260.27,7583.07,21843.33
2026-03-07,9,16314.0,5.17,16.03,21338.0,34.13,13931.27,7394.18,21325.45
2026-03-07,10,16228.0,4.7,15.93,20575.0,32.08,13417.58,7136.93,20554.52
2026-03-07,11,16434.0,4.39,16.14,18320.0,26.31,12048.92,6229.8,18278.72
2026-03-07,12,16403.0,4.31,16.16,16547.0,21.85,10930.2,5593.53,16523.73
2026-03-07,13,16458.0,4.41,16.21,14686.0,17.84,9758.75,4889.08,14647.83
2026-03-07,14,16562.0,4.72,16.3,12964.0,14.52,8693.42,4251.3,12944.72
2026-03-07,15,16541.0,5.16,16.71,12494.0,13.64,8412.12,4082.68,12494.8
2026-03-07,16,15937.0,5.48,17.6,14397.0,17.31,9592.55,4851.83,14444.38
2026-03-07,17,15956.0,5.55,17.62,16314.0,21.38,10787.55,5552.6,16340.15
2026-03-07,18,15824.0,5.46,17.74,17529.0,24.54,11571.63,5965.35,17536.98
2026-03-07,19,15238.0,5.25,18.25,17738.0,25.57,11740.47,5999.5,17739.97
2026-03-07,20,15265.0,5.02,18.27,17534.0,25.21,11628.72,5894.62,17523.33
2026-03-07,21,14752.0,4.83,18.13,16714.0,23.12,11063.83,5626.45,16690.28
2026-03-07,22,13786.0,4.71,17.97,13973.0,17.33,9336.17,4581.75,13917.92
2026-03-07,23,12230.0,4.85,18.5,10419.0,11.15,7110.88,3260.95,10371.83
2026-03-08,0,10062.0,5.04,10.87,7981.0,6.46,5466.65,2491.13,7957.78
2026-03-08,1,10238.0,5.32,10.49,7633.0,6.05,5275.35,2343.03,7618.38
2026-03-08,2,9619.0,5.6,10.91,6849.0,5.5,4789.62,2045.67,6835.28
2026-03-08,3,9226.0,5.9,11.23,6331.0,5.15,4499.18,1832.97,6332.15
2026-03-08,4,8901.0,6.2,11.06,6109.0,5.18,4365.42,1736.2,6101.62
2026-03-08,5,8715.0,6.36,11.87,8815.0,9.09,6094.38,2820.5,8914.88
2026-03-08,6,12155.0,6.3,16.75,13462.0,17.06,9102.4,4439.45,13541.85
2026-03-08,7,14553.0,6.01,16.88,19114.0,28.76,12604.3,6584.05,19188.35
2026-03-08,8,14554.0,5.41,16.66,21439.0,34.28,14032.2,7412.38,21444.58
2026-03-08,9,14652.0,4.71,16.36,21463.0,34.19,14039.17,7418.2,21457.37
2026-03-08,10,15491.0,4.09,15.5,21050.0,33.28,13784.95,7250.87,21035.82
2026-03-08,11,15389.0,3.63,15.36,18738.0,27.3,12399.77,6293.67,18693.43
2026-03-08,12,15325.0,3.4,15.29,16805.0,22.39,11156.43,5620.32,16776.75
2026-03-08,13,15312.0,3.37,15.27,14810.0,18.02,9896.27,4876.9,14773.17
2026-03-08,14,15270.0,3.53,15.24,13293.0,15.16,9002.08,4278.87,13280.95
2026-03-08,15,15278.0,3.75,15.29,13229.0,14.77,8880.02,4356.2,13236.22
2026-03-08,16,15317.0,3.92,15.31,14776.0,17.97,9848.18,4977.07,14825.25
2026-03-08,17,15325.0,3.84,15.31,17356.0,23.59,11437.9,5943.43,17381.33
2026-03-08,18,15292.0,3.59,15.28,18356.0,26.16,12083.93,6281.7,18365.63
2026-03-08,19,15255.0,3.3,15.23,18461.0,26.88,12184.47,6277.07,18461.53
2026-03-08,20,15212.0,3.0,15.18,18364.0,26.79,12160.4,6187.53,18347.93
2026-03-08,21,15176.0,2.77,15.14,16724.0,23.15,11127.02,5564.63,16691.65
2026-03-08,22,16606.0,2.77,17.22,14795.0,18.29,9790.5,4948.8,14739.3
2026-03-08,23,16976.0,3.25,20.04,10707.0,10.93,7094.4,3542.62,10637.02
2026-03-09,0,12736.0,3.9,14.27,7787.0,6.52,5316.82,2458.85,7775.67
2026-03-09,1,13330.0,4.46,12.94,7167.0,5.65,4976.63,2174.33,7150.97
2026-03-09,2,12166.0,5.12,13.77,6428.0,5.33,4536.7,1886.77,6423.47
2026-03-09,3,10899.0,5.65,15.97,6027.0,5.31,4295.22,1720.77,6015.98
2026-03-09,4,10131.0,6.13,16.29,5948.0,5.2,4304.41,1654.41,5958.81
2026-03-09,5,9826.0,6.36,15.78,9953.0,10.72,6811.75,3263.0,10074.75
2026-03-09,6,12637.0,6.13,17.28,17369.0,25.15,11562.42,5932.42,17494.83
2026-03-09,7,15104.0,5.51,15.9,21350.0,33.92,13980.57,7378.98,21359.55
2026-03-09,8,15288.0,4.91,15.78,21283.0,33.83,13909.88,7363.18,21273.07
2026-03-09,9,15090.0,4.36,15.6,19900.0,30.43,13034.87,6829.68,19864.55
2026-03-09,10,14862.0,3.96,15.32,18202.0,25.97,11954.78,6225.22,18180.0
2026-03-09,11,14818.0,3.71,15.25,16406.0,21.48,10843.53,5522.27,16365.8
2026-03-09,12,14839.0,3.68,15.26,13977.0,16.45,9394.43,4540.47,13934.9
2026-03-09,13,14839.0,3.91,15.31,12157.0,13.2,8283.38,3867.37,12150.75
2026-03-09,14,15354.0,4.23,15.23,11952.0,12.96,8117.35,3838.33,11955.68
2026-03-09,15,15991.0,4.6,14.83,12469.0,13.58,8372.58,4098.02,12470.6
2026-03-09,16,16006.0,4.91,14.88,14637.0,17.61,9740.0,4960.47,14700.47
2026-03-09,17,15117.0,4.87,15.47,17264.0,23.33,11339.83,5946.12,17285.95
2026-03-09,18,15123.0,4.61,15.47,18288.0,26.07,12026.63,6269.25,18295.88
2026-03-09,19,14947.0,4.29,15.65,18641.0,27.3,12261.17,6385.27,18646.43
2026-03-09,20,14870.0,3.92,15.68,18787.0,27.76,12349.57,6434.15,18783.72
2026-03-09,21,15032.0,3.62,15.9,17213.0,24.03,11369.85,5813.95,17183.8
2026-03-09,22,15330.0,3.55,16.25,14921.0,18.59,9747.0,5107.95,14854.95
2026-03-09,23,15403.0,3.82,16.01,11462.0,11.82,7417.73,4006.08,11423.82
2026-03-10,0,10414.0,4.17,10.06,8082.0,6.57,5494.53,2543.08,8037.62
2026-03-10,1,10341.0,4.45,9.92,7504.0,5.98,5193.78,2298.22,7492.0
2026-03-10,2,11092.0,4.84,9.58,6747.0,5.45,4756.52,1980.4,6736.92
2026-03-10,3,11289.0,5.31,10.16,6502.0,5.34,4626.67,1878.52,6505.18
2026-03-10,4,11027.0,5.83,10.43,6040.0,5.19,4367.23,1666.2,6033.43
2026-03-10,5,11583.0,6.22,11.84,10287.0,11.22,7050.72,3369.62,10420.33
2026-03-10,6,14490.0,6.12,16.56,17496.0,25.4,11654.42,5950.63,17605.05
2026-03-10,7,14758.0,5.6,16.91,21267.0,34.05,13919.97,7353.28,21273.25
2026-03-10,8,14688.0,4.98,16.77,20378.0,31.6,13313.03,7033.4,20346.43
2026-03-10,9,14592.0,4.5,16.66,18763.0,27.56,12328.27,6414.62,18742.88
2026-03-10,10,14536.0,4.18,16.61,17031.0,23.23,11207.37,5800.5,17007.87
2026-03-10,11,14497.0,4.02,16.57,15076.0,18.89,9985.52,5043.5,15029.02
2026-03-10,12,14531.0,4.09,16.57,13161.0,15.1,8862.88,4269.98,13132.87
2026-03-10,13,14592.0,550.4,16.68,11879.0,12.87,8078.85,3791.03,11869.88
2026-03-10,14,14698.0,4.63,16.84,11558.0,12.26,7838.88,3721.55,11560.43
2026-03-10,15,14733.0,4.97,16.88,11847.0,12.5,7976.55,3884.48,11861.03
2026-03-10,16,14669.0,5.18,16.82,14189.0,16.74,9417.12,4820.83,14237.95
2026-03-10,17,14716.0,5.11,16.86,16620.0,21.92,10944.92,5703.35,16648.27
2026-03-10,18,14840.0,4.9,17.08,17114.0,23.58,11290.05,5827.08,17117.13
2026-03-10,19,15126.0,4.7,17.47,17535.0,24.75,11573.75,5967.95,17541.7
2026-03-10,20,15193.0,4.44,17.55,18075.0,26.16,11915.08,6153.12,18068.2
2026-03-10,21,14835.0,4.26,17.17,16335.0,22.22,10807.62,5490.38,16298.0
2026-03-10,22,9825.0,3.93,11.24,14713.0,18.07,9848.73,4847.68,14696.42
2026-03-10,23,10032.0,3.55,11.45,12351.0,14.21,8503.02,3790.63,12293.65
2026-03-11,0,11933.0,3.67,11.9,7704.0,6.41,5445.42,2204.36,7649.78
2026-03-11,1,13892.0,4.27,12.73,7483.0,6.27,5368.37,2110.18,7478.55
2026-03-11,2,13174.0,4.93,12.1,7245.0,6.19,5250.6,1991.73,7242.33
2026-03-11,3,12319.0,5.51,11.41,7301.0,6.14,5139.82,2164.05,7303.87
2026-03-11,4,10172.0,5.92,9.88,7365.0,6.29,5130.35,2233.77,7364.12
2026-03-11,5,11274.0,6.13,13.03,11203.0,12.38,7574.67,3755.43,11330.1
2026-03-11,6,13723.0,5.93,17.53,17516.0,25.41,11618.02,5991.22,17609.23
2026-03-11,7,16464.0,5.46,16.79,21051.0,33.55,13815.0,7245.07,21060.07
2026-03-11,8,16394.0,5.05,17.01,20222.0,31.22,13242.17,6952.22,20194.38
2026-03-11,9,15844.0,4.72,17.33,18666.0,27.35,12240.13,6396.28,18636.42
2026-03-11,10,14803.0,4.51,18.02,16864.0,22.99,11072.12,5774.5,16846.62
2026-03-11,11,14768.0,4.36,18.58,15211.0,19.16,10068.9,5097.42,15166.32
2026-03-11,12,14703.0,4.47,18.49,12711.0,14.38,8553.92,4120.4,12674.32
2026-03-11,13,14764.0,4.79,18.6,11136.0,11.83,7611.03,3514.03,11125.07
2026-03-11,14,14329.0,5.16,19.33,11078.0,11.7,7526.58,3557.33,11083.92
2026-03-11,15,14715.0,5.5,20.01,11641.0,12.38,7816.2,3830.57,11646.77
2026-03-11,16,14006.0,5.72,18.87,13889.0,16.52,9233.58,4727.47,13961.05
2026-03-11,17,13111.0,5.55,17.63,16405.0,21.56,10783.87,5636.37,16420.23
2026-03-11,18,13038.0,5.16,18.92,17208.0,23.65,11300.93,5909.63,17210.57
2026-03-11,19,13133.0,4.75,19.14,17828.0,25.51,11741.47,6107.65,17849.12
2026-03-11,20,12830.0,4.22,18.16,18294.0,26.51,12026.98,6250.98,18277.97
2026-03-11,21,13899.0,3.82,17.15,16507.0,22.47,10929.95,5549.35,16479.3
2026-03-11,22,14431.0,3.72,17.36,13813.0,16.97,9208.82,4534.12,13742.93
2026-03-11,23,15250.0,4.07,18.63,10406.0,10.69,6851.48,3512.38,10363.87
2026-03-12,0,10755.0,4.45,11.52,8027.0,6.62,5465.79,2536.75,8002.54
2026-03-12,1,11288.0,4.84,11.55,7196.0,5.82,4992.35,2193.87,7186.22
2026-03-12,2,10974.0,5.28,11.85,6758.0,5.54,4728.68,2022.7,6751.38
2026-03-12,3,9718.0,5.69,11.46,6372.0,5.23,4540.35,1823.82,6364.17
2026-03-12,4,9198.0,6.02,9.82,6125.0,5.24,4416.95,1708.53,6125.48
2026-03-12,5,9501.0,6.17,11.07,10393.0,11.19,7140.62,3379.53,10520.15
2026-03-12,6,13220.0,5.95,15.23,16479.0,23.11,11029.98,5538.52,16568.5
2026-03-12,7,14166.0,5.46,16.47,20230.0,31.33,13272.97,6975.32,20248.28
2026-03-12,8,14129.0,4.85,16.41,20190.0,31.11,13199.12,6987.12,20186.23
2026-03-12,9,14277.0,4.31,16.65,18881.0,27.8,12325.58,6522.43,18848.02
2026-03-12,10,14472.0,3.96,16.89,17187.0,23.74,11248.8,5907.15,17155.95
2026-03-12,11,14653.0,3.79,16.82,15129.0,18.85,10010.4,5080.92,15091.32
2026-03-12,12,15334.0,3.92,17.02,12861.0,14.53,8634.83,4193.18,12828.02
2026-03-12,13,15601.0,4.29,17.43,11341.0,12.11,7740.93,3580.82,11321.75
2026-03-12,14,15772.0,4.78,17.61,11293.0,11.85,7647.83,3654.7,11302.53
2026-03-12,15,15477.0,5.23,17.21,11614.0,12.33,7844.23,3781.23,11625.47
2026-03-12,16,14655.0,5.51,16.59,13762.0,16.19,9177.77,4634.37,13812.13
2026-03-12,17,14523.0,5.46,16.66,15964.0,20.89,10569.68,5411.07,15980.75
2026-03-12,18,14508.0,5.28,16.62,16970.0,23.23,11210.97,5774.98,16985.95
2026-03-12,19,14393.0,5.01,16.49,17622.0,24.93,11610.12,6026.85,17636.97
2026-03-12,20,14330.0,4.64,16.38,18690.0,27.13,12160.73,6540.48,18701.22
2026-03-12,21,14048.0,4.26,16.52,17263.0,23.67,11211.22,6012.85,17224.07
2026-03-12,22,13485.0,4.07,16.86,14171.0,17.24,9329.33,4767.43,14096.77
2026-03-12,23,12702.0,4.19,16.48,9945.0,10.19,6652.6,3225.43,9878.03
2026-03-13,0,10067.0,4.5,10.77,7772.0,6.37,5309.13,2455.67,7764.8
2026-03-13,1,9777.0,4.75,9.84,7471.0,5.94,5168.23,2293.98,7462.22
2026-03-13,2,9580.0,5.0,9.33,6738.0,5.39,4732.2,1996.57,6728.77
2026-03-13,3,10352.0,5.39,8.98,6289.0,5.09,4507.63,1779.53,6287.17
2026-03-13,4,10253.0,5.81,9.03,6179.0,5.2,4452.98,1725.12,6178.1
2026-03-13,5,12520.0,6.16,14.53,10713.0,11.93,7248.12,3601.23,10849.35
2026-03-13,6,15060.0,6.17,17.56,17086.0,24.56,11310.33,5870.87,17181.2
2026-03-13,7,15436.0,5.74,18.14,21067.0,33.72,13757.92,7324.83,21082.75
2026-03-13,8,15398.0,5.18,18.08,20745.0,32.84,13538.92,7196.33,20735.25
2026-03-13,9,14840.0,4.68,17.26,19515.0,29.6,12760.28,6713.88,19474.17
2026-03-13,10,14518.0,4.3,16.83,17594.0,24.77,11569.92,6015.13,17585.05
2026-03-13,11,14480.0,4.07,16.79,15774.0,20.24,10428.12,5289.73,15717.85
2026-03-13,12,14512.0,4.09,16.83,13101.0,14.99,8788.75,4275.22,13063.97
2026-03-13,13,14636.0,4.37,16.97,11117.0,11.73,7551.3,3547.3,11098.6
2026-03-13,14,14692.0,4.77,17.07,11036.0,11.57,7561.82,3478.25,11040.07
2026-03-13,15,14732.0,5.15,17.15,11278.0,11.87,7678.23,3601.33,11279.57
2026-03-13,16,14815.0,5.44,17.26,13681.0,16.01,9096.98,4660.02,13757.0
2026-03-13,17,14806.0,5.42,17.26,16140.0,20.86,10583.42,5566.02,16149.43
2026-03-13,18,14376.0,5.26,17.47,16496.0,22.12,10861.13,5642.92,16504.05
2026-03-13,19,12950.0,4.96,18.46,17106.0,23.85,11250.85,5863.67,17114.52
2026-03-13,20,12387.0,4.49,18.96,17410.0,24.68,11441.63,5958.45,17400.08
2026-03-13,21,11845.0,4.05,17.94,15806.0,21.11,10475.88,5297.25,15773.13
2026-03-13,22,12845.0,3.81,16.82,13192.0,15.75,8822.05,4318.22,13140.27
2026-03-13,23,13336.0,4.01,17.56,9605.0,9.87,6511.48,3044.9,9556.38
2026-03-14,0,10708.0,4.36,11.98,8060.0,6.49,5477.48,2564.1,8041.58
2026-03-14,1,10412.0,4.68,11.84,7356.0,5.84,5069.25,2269.4,7338.65
2026-03-14,2,10038.0,5.01,12.25,6838.0,5.51,4753.05,2088.03,6841.08
2026-03-14,3,9667.0,5.35,12.82,6325.0,5.14,4451.77,1867.97,6319.73
2026-03-14,4,10252.0,5.75,16.32,6049.0,4.97,4262.72,1764.65,6027.37
2026-03-14,5,7429.0,6.0,11.26,8565.0,8.4,5918.82,2760.9,8679.72
2026-03-14,6,11269.0,5.63,15.33,13983.0,17.6,9432.3,4632.53,14064.83
2026-03-14,7,15810.0,5.43,15.96,19029.0,28.11,12525.58,6550.42,19076.0
2026-03-14,8,15862.0,5.01,16.06,20503.0,31.87,13374.98,7138.97,20513.95
2026-03-14,9,15924.0,4.58,16.09,20016.0,30.62,13021.07,6978.87,19999.93
2026-03-14,10,15657.0,4.22,15.84,18883.0,27.6,12311.58,6552.88,18864.47
2026-03-14,11,15330.0,3.98,15.44,16936.0,23.07,11155.52,5739.72,16895.23
2026-03-14,12,15280.0,3.91,15.4,15374.0,19.37,10206.83,5146.7,15353.53
2026-03-14,13,15307.0,3.99,15.43,13876.0,16.29,9266.98,4581.13,13848.12
2026-03-14,14,15576.0,4.23,15.72,12515.0,14.02,8473.03,4022.43,12495.47
2026-03-14,15,16010.0,4.63,16.25,11876.0,12.84,8064.07,3815.65,11879.72
2026-03-14,16,16102.0,5.0,16.34,13985.0,16.49,9254.42,4782.73,14037.15
2026-03-14,17,16108.0,5.12,16.37,15751.0,20.17,10339.95,5423.77,15763.72
2026-03-14,18,15311.0,5.12,16.95,16256.0,21.55,10663.12,5604.3,16267.42
2026-03-14,19,14899.0,4.98,16.76,16863.0,23.22,11086.42,5781.75,16868.17
2026-03-14,20,14632.0,4.77,16.38,16900.0,23.38,11133.42,5761.68,16895.1
2026-03-14,21,14075.0,4.61,16.74,15775.0,21.02,10441.0,5313.95,15754.95
2026-03-14,22,13432.0,4.51,17.32,13393.0,16.24,8959.87,4360.83,13320.7
2026-03-14,23,12417.0,4.68,18.76,9647.0,9.96,6559.83,3040.63,9600.47
2026-03-15,0,8585.0,4.88,11.98,7932.0,6.65,5424.47,2494.43,7918.9
2026-03-15,1,10664.0,5.12,11.32,7260.0,5.78,5024.72,2224.62,7249.33
2026-03-15,2,9171.0,5.45,12.85,6596.0,5.47,4612.05,1972.02,6584.07
2026-03-15,3,9630.0,5.74,13.01,6150.0,5.28,4350.48,1799.72,6150.2
2026-03-15,4,9564.0,6.12,12.8,6088.0,5.36,4335.1,1750.4,6085.5
2026-03-15,5,7448.0,6.28,13.12,8276.0,8.5,5700.67,2663.45,8364.12
2026-03-15,6,12608.0,6.22,16.21,12722.0,15.67,8615.62,4176.2,12791.82
2026-03-15,7,15251.0,6.11,16.44,17919.0,25.8,11809.77,6182.7,17992.47
2026-03-15,8,15381.0,5.7,16.59,20497.0,31.91,13386.07,7122.87,20508.93
2026-03-15,9,15210.0,5.16,16.39,20720.0,32.26,13519.37,7202.47,20721.83
2026-03-15,10,15064.0,4.63,16.21,20132.0,30.58,13063.9,7045.72,20109.62
2026-03-15,11,14908.0,4.22,15.98,18175.0,25.58,11873.67,6263.23,18136.9
2026-03-15,12,14876.0,4.0,15.93,16161.0,20.79,10673.58,5456.92,16130.5
2026-03-15,13,14495.0,3.95,15.49,14543.0,17.45,9680.03,4835.12,14515.15
2026-03-15,14,13530.0,3.98,14.4,12709.0,14.23,8605.05,4074.42,12679.47
2026-03-15,15,14318.0,4.14,15.38,12352.0,13.33,8328.55,4035.33,12363.88
2026-03-15,16,15375.0,4.35,16.53,14580.0,17.48,9670.55,4966.15,14636.7
2026-03-15,17,15464.0,4.34,16.68,16485.0,21.58,10806.92,5688.78,16495.7
2026-03-15,18,15112.0,4.23,16.27,16890.0,22.93,11098.9,5798.73,16897.63
2026-03-15,19,15206.0,4.03,16.38,17241.0,23.99,11323.03,5918.32,17241.35
2026-03-15,20,15353.0,3.86,16.53,17230.0,24.15,11358.3,5863.28,17221.58
2026-03-15,21,15313.0,3.76,16.47,15720.0,20.98,10429.28,5256.63,15685.92
2026-03-15,22,14290.0,3.82,16.87,13055.0,15.65,8748.5,4252.67,13001.17
2026-03-15,23,13623.0,4.13,16.53,9468.0,9.68,6467.45,2944.85,9412.3
2026-03-16,0,10166.0,4.5,9.6,7464.0,5.9,5128.45,2322.47,7450.92
2026-03-16,1,10168.0,4.83,9.72,6828.0,5.41,4767.9,2048.93,6816.83
2026-03-16,2,10078.0,5.2,10.32,6397.0,5.24,4520.22,1871.58,6391.8
2026-03-16,3,10171.0,5.6,11.16,6073.0,5.13,4353.13,1712.83,6065.97
2026-03-16,4,10372.0,6.07,12.2,5821.0,5.17,4168.32,1647.32,5815.63
2026-03-16,5,8675.0,6.28,11.49,10027.0,10.93,6822.68,3338.12,10160.8
2026-03-16,6,11924.0,5.94,14.67,16437.0,22.9,10915.35,5617.32,16532.67
2026-03-16,7,14593.0,5.45,17.3,19729.0,29.89,12840.82,6889.13,19729.95
2026-03-16,8,14313.0,4.97,16.85,18844.0,27.91,12304.27,6525.43,18829.7
2026-03-16,9,14205.0,4.57,16.77,17834.0,25.64,11701.3,6111.12,17812.42
2026-03-16,10,14170.0,4.29,16.7,16406.0,22.07,10788.13,5598.37,16386.5
2026-03-16,11,14163.0,4.13,16.69,14721.0,18.24,9804.27,4868.2,14672.47
2026-03-16,12,14151.0,4.24,16.68,11970.0,13.24,8143.28,3793.17,11936.45
2026-03-16,13,13990.0,4.54,16.69,10819.0,11.49,7441.27,3362.22,10803.48
2026-03-16,14,13174.0,4.86,17.5,10235.0,10.71,7110.03,3127.88,10237.92
2026-03-16,15,13222.0,5.16,17.58,10697.0,11.24,7310.32,3395.95,10706.27
2026-03-16,16,13221.0,5.36,17.63,12719.0,14.66,8519.83,4255.02,12774.85
2026-03-16,17,12297.0,5.21,15.97,15302.0,19.57,10138.03,5187.9,15325.93
2026-03-16,18,13377.0,4.93,15.09,16337.0,22.08,10790.4,5565.68,16356.08
2026-03-16,19,13253.0,4.59,14.93,17102.0,23.87,11301.48,5806.3,17107.78
2026-03-16,20,13190.0,4.18,14.82,17440.0,24.63,11508.23,5928.17,17436.4
2026-03-16,21,13408.0,3.83,14.52,15916.0,21.31,10594.38,5288.25,15882.63
2026-03-16,22,15483.0,3.77,16.67,13947.0,16.85,9237.45,4667.15,13904.6
2026-03-16,23,16660.0,4.23,18.67,10089.0,10.54,6749.23,3266.1,10015.33
2026-03-17,0,11398.0,4.82,13.09,7876.0,6.54,5332.17,2535.98,7868.16
2026-03-17,1,9844.0,5.14,13.59,7014.0,5.78,4838.27,2156.97,6995.23
2026-03-17,2,9130.0,5.45,15.43,5946.0,5.2,4200.47,1733.92,5934.38
2026-03-17,3,9072.0,5.79,16.47,5688.0,5.08,4065.08,1623.18,5688.27
2026-03-17,4,8465.0,6.13,14.02,5566.0,4.88,4025.2,1549.68,5574.88
2026-03-17,5,10919.0,6.39,14.49,9506.0,9.95,6484.5,3135.07,9619.57
2026-03-17,6,12923.0,6.3,17.79,16034.0,22.15,10702.18,5436.18,16138.37
2026-03-17,7,14654.0,5.83,16.55,20325.0,31.47,13313.83,7033.18,20347.02
2026-03-17,8,14546.0,5.27,16.43,19700.0,30.02,12870.7,6800.23,19670.93
2026-03-17,9,14397.0,4.82,16.25,18459.0,27.0,12101.87,6341.42,18443.28
2026-03-17,10,14330.0,4.5,16.14,16837.0,22.92,11030.17,5775.71,16805.88
2026-03-17,11,14390.0,4.35,16.21,14997.0,18.64,9902.4,5047.28,14949.68
2026-03-17,12,14435.0,4.45,16.28,12432.0,13.94,8392.18,4005.7,12397.88
2026-03-17,13,14489.0,4.75,16.33,11133.0,11.94,7630.73,3496.7,11127.43
2026-03-17,14,14189.0,5.1,16.85,10825.0,11.62,7434.07,3384.52,10818.58
2026-03-17,15,14319.0,5.47,17.22,10958.0,11.51,7469.98,3504.55,10974.53
2026-03-17,16,14410.0,5.73,17.37,13384.0,15.58,8928.27,4511.15,13439.42
2026-03-17,17,14420.0,5.7,17.39,15965.0,20.52,10491.5,5503.0,15994.5
2026-03-17,18,14371.0,5.51,17.32,16818.0,22.56,11014.2,5810.47,16824.67
2026-03-17,19,13740.0,5.23,17.69,17564.0,24.69,11520.05,6057.23,17577.28
2026-03-17,20,12454.0,4.75,18.68,17860.0,25.49,11725.32,6121.12,17846.43
2026-03-17,21,11630.0,4.26,17.13,16269.0,21.97,10775.38,5469.52,16244.9
2026-03-17,22,11752.0,3.89,16.33,13741.0,16.72,9207.22,4470.12,13677.33
2026-03-17,23,12423.0,3.97,16.14,9745.0,10.01,6673.3,3028.38,9701.68
2026-03-18,0,10013.0,4.23,10.12,8014.0,6.44,5473.13,2515.6,7988.73
2026-03-18,1,11151.0,4.57,9.33,7103.0,5.58,4943.72,2145.73,7089.45
2026-03-18,2,11102.0,5.04,9.23,6509.0,5.25,4607.73,1891.85,6499.58
2026-03-18,3,10857.0,5.53,9.33,6131.0,5.06,4412.18,1714.98,6127.17
2026-03-18,4,11673.0,6.09,12.02,5946.0,5.28,4299.58,1643.23,5942.82
2026-03-18,5,8570.0,6.32,14.23,9941.0,10.87,6829.18,3244.65,10073.83
2026-03-18,6,13919.0,6.14,15.32,16648.0,23.56,11152.2,5599.27,16751.47
2026-03-18,7,14504.0,5.67,15.5,20399.0,31.95,13408.57,6997.73,20406.3
2026-03-18,8,14517.0,5.1,15.51,19980.0,30.96,13127.13,6835.48,19962.62
2026-03-18,9,14471.0,4.62,15.4,18561.0,27.36,12222.23,6295.95,18518.18
2026-03-18,10,14430.0,4.29,15.38,16913.0,23.53,11200.87,5709.18,16910.05
2026-03-18,11,15394.0,4.19,16.62,14928.0,18.96,9966.73,4911.58,14878.32
2026-03-18,12,16145.0,4.41,17.62,12525.0,14.38,8509.97,3981.4,12491.37
2026-03-18,13,16231.0,4.89,17.9,11209.0,12.14,7671.28,3527.18,11198.47
2026-03-18,14,14830.0,5.36,19.29,10938.0,11.78,7494.15,3443.72,10937.87
2026-03-18,15,14586.0,5.77,18.92,11034.0,11.9,7562.25,3472.52,11034.77
2026-03-18,16,13821.0,6.05,18.17,13034.0,15.0,8754.6,4345.0,13099.6
2026-03-18,17,12284.0,5.86,18.16,16143.0,21.24,10667.1,5503.72,16170.82
2026-03-18,18,12152.0,5.41,17.94,17082.0,23.56,11301.5,5797.88,17099.38
2026-03-18,19,12060.0,4.9,17.76,17519.0,24.89,11563.3,5950.05,17513.35
2026-03-18,20,13403.0,4.36,16.0,17964.0,25.92,11868.35,6096.02,17964.37
2026-03-18,21,14678.0,4.08,15.61,16380.0,22.39,10875.25,5468.58,16343.83
2026-03-18,22,14654.0,4.06,15.57,13591.0,16.8,9123.15,4406.35,13529.5
2026-03-18,23,14660.0,4.38,15.61,10083.0,10.75,6858.47,3190.98,10049.45
2026-03-19,0,10646.0,4.81,9.42,7188.0,5.79,5019.03,2126.9,7145.93
2026-03-19,1,10949.0,5.22,9.41,6998.0,5.68,4927.03,2069.62,6996.65
2026-03-19,2,10696.0,5.65,9.61,6577.0,5.48,4645.38,1922.82,6568.2
2026-03-19,3,10396.0,6.08,9.85,6288.0,5.28,4485.88,1800.4,6286.28
2026-03-19,4,7819.0,6.41,11.65,6258.0,5.64,4474.83,1781.8,6256.63
2026-03-19,5,8317.0,6.38,11.05,10255.0,11.44,7049.38,3344.37,10393.75
2026-03-19,6,12393.0,6.01,11.45,16823.0,24.06,11330.9,5583.25,16914.15
2026-03-19,7,15679.0,5.54,13.65,20885.0,33.34,13741.75,7154.88,20896.63
2026-03-19,8,15378.0,5.04,14.97,20104.0,31.17,13169.65,6905.37,20075.02
2026-03-19,9,14719.0,4.62,15.4,18538.0,27.26,12189.2,6324.82,18514.02
2026-03-19,10,14433.0,4.33,15.48,16749.0,22.87,11054.23,5668.0,16722.23
2026-03-19,11,14306.0,4.2,15.41,14840.0,18.54,9899.42,4900.85,14800.27
2026-03-19,12,14364.0,4.27,15.43,12712.0,14.55,8624.33,4056.53,12680.87
2026-03-19,13,14830.0,4.56,16.0,11328.0,12.28,7787.78,3526.02,11313.8
2026-03-19,14,13698.0,4.92,17.64,10812.0,11.5,7430.68,3378.67,10809.35
2026-03-19,15,12915.0,5.17,18.45,10973.0,11.78,7502.7,3485.02,10987.72
2026-03-19,16,12637.0,5.25,18.0,13496.0,15.83,9007.68,4546.1,13553.78
2026-03-19,17,12672.0,5.01,18.05,16289.0,21.4,10754.3,5569.08,16323.38
2026-03-19,18,12665.0,4.6,18.04,17185.0,23.75,11330.43,5857.75,17188.18
2026-03-19,19,13579.0,4.16,17.47,17452.0,24.71,11522.93,5933.9,17456.83
2026-03-19,20,14993.0,3.87,16.18,17742.0,25.4,11714.03,6021.4,17735.43
2026-03-19,21,15082.0,3.66,15.98,16484.0,22.53,10926.52,5523.22,16449.73
2026-03-19,22,15530.0,3.71,15.64,13518.0,16.53,9096.27,4369.15,13465.42
2026-03-19,23,15082.0,4.14,15.2,9787.0,10.28,6698.28,3037.32,9735.6
2026-03-20,0,10009.0,4.55,9.64,7580.0,6.35,5253.18,2300.05,7553.23
2026-03-20,1,10519.0,4.88,9.61,6808.0,5.63,4803.18,1992.22,6795.4
2026-03-20,2,9921.0,5.26,10.26,6558.0,5.5,4619.55,1933.13,6552.68
2026-03-20,3,9627.0,5.62,10.49,6130.0,5.22,4393.65,1729.63,6123.28
2026-03-20,4,9318.0,5.99,10.6,5777.0,5.1,4204.03,1569.58,5773.62
2026-03-20,5,9556.0,6.2,11.4,9840.0,10.66,6796.32,3160.13,9956.45
2026-03-20,6,12934.0,5.99,15.41,16567.0,23.53,11088.68,5588.1,16676.78
2026-03-20,7,14937.0,5.51,15.47,20260.0,31.51,13325.25,6952.82,20278.07
2026-03-20,8,14358.0,4.96,15.8,20075.0,31.01,13149.52,6913.4,20062.92
2026-03-20,9,13930.0,4.42,16.19,18636.0,27.53,12239.58,6365.05,18604.63
2026-03-20,10,13855.0,4.05,16.11,16709.0,22.94,11037.25,5652.12,16689.37
2026-03-20,11,13802.0,3.85,16.07,15132.0,19.17,10056.88,5034.6,15091.48
2026-03-20,12,13863.0,3.85,16.12,12665.0,14.38,8563.37,4058.45,12621.82
2026-03-20,13,13877.0,4.08,16.16,11356.0,12.27,7783.25,3566.47,11349.72
2026-03-20,14,13925.0,4.36,16.26,11150.0,12.06,7689.33,3455.43,11144.77
2026-03-20,15,14020.0,4.67,16.33,11370.0,12.21,7770.53,3619.42,11389.95
2026-03-20,16,14093.0,4.88,16.45,13399.0,15.57,8972.72,4475.15,13447.87
2026-03-20,17,14099.0,4.83,16.45,15657.0,20.07,10371.85,5304.32,15676.17
2026-03-20,18,14045.0,4.66,16.39,16384.0,21.96,10877.53,5516.55,16394.08
2026-03-20,19,14023.0,4.4,16.34,17109.0,23.87,11333.1,5789.12,17122.22
2026-03-20,20,13980.0,4.07,16.29,17435.0,24.81,11564.32,5861.13,17425.45
2026-03-20,21,13932.0,3.81,16.23,15979.0,21.62,10659.87,5284.12,15943.98
2026-03-20,22,13913.0,3.75,16.21,13196.0,16.0,8888.8,4251.57,13140.37
2026-03-20,23,14972.0,4.07,15.57,10194.0,10.75,6888.07,3261.13,10149.2
2026-03-21,0,11160.0,4.51,9.95,7669.0,6.41,5293.62,2351.32,7644.93
2026-03-21,1,11498.0,4.94,9.68,7195.0,5.91,5027.15,2158.98,7186.13
2026-03-21,2,10353.0,5.36,10.46,6780.0,5.71,4772.15,2000.23,6772.38
2026-03-21,3,9997.0,5.74,10.51,6365.0,5.4,4554.98,1808.88,6363.87
2026-03-21,4,9866.0,6.12,10.58,6313.0,5.47,4542.58,1766.42,6309.0
2026-03-21,5,11813.0,6.48,14.15,9310.0,9.82,6358.27,3043.75,9402.02
2026-03-21,6,13425.0,6.54,18.11,14563.0,19.17,9822.92,4841.77,14664.68
2026-03-21,7,14574.0,6.2,16.39,19924.0,30.55,13154.27,6820.3,19974.57
2026-03-21,8,14735.0,5.62,16.59,20944.0,33.23,13724.53,7218.35,20942.88
2026-03-21,9,14578.0,5.01,16.42,20356.0,31.72,13317.67,7017.77,20335.43
2026-03-21,10,14490.0,4.48,16.3,19228.0,28.92,12611.37,6600.32,19211.68
2026-03-21,11,14293.0,4.11,16.06,17115.0,23.69,11332.77,5743.83,17076.6
2026-03-21,12,14169.0,3.91,15.9,15541.0,19.95,10342.1,5168.5,15510.6
2026-03-21,13,14195.0,3.87,15.92,14055.0,17.07,9456.95,4582.13,14039.08
2026-03-21,14,14616.0,3.97,15.73,12791.0,14.63,8701.4,4070.02,12771.42
2026-03-21,15,14993.0,4.2,15.44,12917.0,14.6,8697.6,4231.78,12929.38
2026-03-21,16,15032.0,4.36,15.48,14602.0,17.86,9750.75,4902.27,14653.02
2026-03-21,17,15113.0,4.29,15.6,16764.0,22.5,11068.32,5707.03,16775.35
2026-03-21,18,15352.0,4.11,15.88,17650.0,24.86,11642.63,6026.6,17669.23
2026-03-21,19,15488.0,3.91,16.03,17577.0,25.09,11629.2,5934.8,17564.0
2026-03-21,20,15523.0,3.73,16.08,17499.0,25.12,11626.25,5874.32,17500.57
2026-03-21,21,15505.0,3.59,16.05,16523.0,23.02,11014.88,5488.95,16503.83
2026-03-21,22,15540.0,3.64,16.07,13795.0,17.21,9274.4,4452.1,13726.5
2026-03-21,23,15320.0,4.0,15.81,10707.0,11.37,7220.58,3437.23,10657.82
2026-03-22,0,10528.0,4.4,10.56,7647.0,6.31,5307.93,2315.43,7623.37
2026-03-22,1,11675.0,4.79,10.39,7435.0,6.15,5198.55,2221.4,7419.95
2026-03-22,2,10737.0,5.24,10.2,6585.0,5.49,4694.17,1885.15,6579.32
2026-03-22,3,10658.0,5.67,10.21,6497.0,5.54,4651.3,1844.23,6495.53
2026-03-22,4,10111.0,6.11,10.39,6089.0,5.32,4405.03,1669.6,6074.63
2026-03-22,5,7897.0,6.28,11.57,8620.0,9.11,6004.88,2707.25,8712.13
2026-03-22,6,12055.0,6.18,15.0,13362.0,17.01,9121.27,4325.57,13446.83
2026-03-22,7,14335.0,5.9,17.19,18548.0,27.66,12295.48,6316.63,18612.12
2026-03-22,8,15648.0,5.43,15.87,20812.0,33.26,13679.82,7146.07,20825.88
2026-03-22,9,15526.0,4.89,15.7,21012.0,33.63,13791.63,7219.67,21011.3
2026-03-22,10,15164.0,4.37,15.32,19955.0,30.77,13109.02,6818.17,19927.18
2026-03-22,11,14809.0,3.98,14.92,17847.0,25.36,11832.13,5972.48,17804.62
2026-03-22,12,14759.0,3.78,14.86,16134.0,21.05,10743.77,5368.72,16112.48
2026-03-22,13,15130.0,3.75,15.28,14398.0,17.61,9674.82,4692.38,14367.2
2026-03-22,14,15199.0,3.93,15.38,12929.0,14.88,8785.02,4126.95,12911.97
2026-03-22,15,15481.0,4.23,15.7,12543.0,14.02,8517.55,4039.07,12556.62
2026-03-22,16,15993.0,4.46,15.16,14702.0,17.85,9792.25,4955.32,14747.57
2026-03-22,17,16760.0,4.54,14.34,16907.0,22.5,11157.9,5775.82,16933.72
2026-03-22,18,16813.0,4.5,14.4,17988.0,25.33,11871.53,6123.38,17994.92
2026-03-22,19,14231.0,4.32,15.41,18108.0,26.1,11973.75,6127.18,18100.93
2026-03-22,20,12304.0,3.81,16.69,17842.0,25.76,11823.15,6014.52,17837.67
2026-03-22,21,12391.0,3.32,16.8,16664.0,23.2,11086.43,5547.4,16633.83
2026-03-22,22,12497.0,3.04,16.96,13596.0,16.72,9131.07,4401.87,13532.93
2026-03-22,23,13281.0,3.19,18.34,9970.0,10.35,6704.57,3229.08,9933.65
2026-03-23,0,10168.0,3.54,9.81,7452.0,5.98,5174.35,2237.32,7411.67
2026-03-23,1,10930.0,3.92,9.15,6789.0,5.49,4822.0,1955.58,6777.58
2026-03-23,2,11078.0,4.38,9.36,6249.0,5.18,4474.18,1766.13,6240.32
2026-03-23,3,11169.0,4.91,9.78,5919.0,4.98,4318.48,1597.75,5916.23
2026-03-23,4,11297.0,5.47,10.06,5818.0,5.15,4244.32,1583.07,5827.38
2026-03-23,5,12756.0,5.88,11.1,10469.0,11.51,7161.62,3429.47,10591.08
2026-03-23,6,17307.0,6.09,14.53,16695.0,23.69,11208.87,5592.68,16801.55
2026-03-23,7,17305.0,5.88,14.53,21169.0,33.98,13910.0,7278.93,21188.93
2026-03-23,8,15519.0,5.43,15.45,20855.0,33.08,13667.92,7171.5,20839.42
2026-03-23,9,15392.0,4.95,15.91,19375.0,29.3,12712.43,6630.9,19343.33
2026-03-23,10,15351.0,4.64,15.85,17780.0,25.07,11668.68,6088.88,17757.57
2026-03-23,11,15301.0,4.5,15.8,15845.0,20.35,10476.45,5317.57,15794.02
2026-03-23,12,15373.0,4.6,15.92,13453.0,15.53,9039.98,4383.97,13423.95
2026-03-23,13,14858.0,4.9,16.56,11743.0,12.79,8016.27,3711.4,11727.67
2026-03-23,14,14438.0,5.23,17.7,11384.0,12.33,7783.12,3597.63,11380.75
2026-03-23,15,13680.0,5.51,18.49,11488.0,12.27,7754.37,3739.15,11493.52
2026-03-23,16,13489.0,5.67,18.17,13636.0,16.08,9096.75,4596.9,13693.65
2026-03-23,17,12944.0,5.49,17.25,16327.0,21.34,10794.55,5569.45,16364.0
2026-03-23,18,12541.0,5.07,16.37,17153.0,23.49,11361.15,5792.87,17154.02
2026-03-23,19,13180.0,4.63,15.64,17678.0,25.21,11724.65,5962.63,17687.28
2026-03-23,20,14025.0,4.21,14.89,17878.0,25.7,11888.95,5984.45,17873.4
2026-03-23,21,14112.0,3.94,14.45,16057.0,21.66,10778.83,5242.3,16021.13
2026-03-23,22,13805.0,3.87,14.07,13392.0,16.34,9050.07,4272.7,13322.77
2026-03-23,23,13377.0,4.13,13.68,9691.0,9.97,6640.62,3014.05,9654.67
2026-03-24,0,9183.0,4.44,9.03,7086.0,5.72,4951.23,2097.57,7048.8
2026-03-24,1,9279.0,4.7,9.07,6771.0,5.47,4823.35,1942.97,6766.32
2026-03-24,2,9676.0,4.99,8.97,6471.0,5.38,4653.67,1815.93,6469.6
2026-03-24,3,9562.0,5.35,9.04,6122.0,5.2,4477.28,1635.55,6112.83
2026-03-24,4,9842.0,5.73,9.61,6006.0,5.36,4434.72,1571.7,6006.42
2026-03-24,5,12351.0,6.06,12.41,9820.0,10.73,6829.43,3121.73,9951.17
2026-03-24,6,15475.0,6.19,16.23,16783.0,23.79,11260.28,5624.13,16884.42
2026-03-24,7,15169.0,5.8,16.2,20569.0,32.13,13546.57,7029.48,20576.05
2026-03-24,8,15322.0,5.27,16.42,20185.0,31.26,13258.77,6912.23,20171.0
2026-03-24,9,15454.0,4.87,16.6,18589.0,27.31,12269.93,6286.1,18556.03
2026-03-24,10,15419.0,4.66,16.57,16848.0,23.12,11164.55,5658.67,16823.22
2026-03-24,11,15226.0,4.63,16.35,14775.0,18.48,9852.88,4879.52,14732.4
2026-03-24,12,14642.0,4.77,16.91,12622.0,14.37,8593.75,3990.72,12584.47
2026-03-24,13,13586.0,5.04,18.0,10994.0,11.79,7575.58,3409.18,10984.77
2026-03-24,14,13902.0,5.21,18.73,10700.0,11.43,7403.67,3297.56,10701.22
2026-03-25,9,14511.0,4.64,16.01,18781.0,28.2,12452.57,6476.94,18929.51
2026-03-25,10,13976.0,4.3,15.36,17299.0,23.95,11388.05,5886.05,17274.1
2026-03-25,11,14365.0,4.08,15.8,15394.0,19.41,10215.2,5130.7,15345.9
2026-03-25,12,14395.0,4.11,15.84,13276.0,15.28,8951.77,4296.08,13247.85
2026-03-25,13,14589.0,4.34,16.16,11863.0,12.93,8078.53,3773.58,11852.12
2026-03-25,14,15011.0,4.66,16.7,11546.0,12.58,7903.1,3638.77,11541.87
2026-03-25,15,14696.0,5.03,16.35,11487.0,12.13,7765.77,3725.83,11491.6
2026-03-25,16,15280.0,5.34,17.02,13555.0,15.77,9038.8,4581.45,13620.25
2026-03-25,17,15316.0,5.35,17.06,16538.0,21.94,10885.22,5681.23,16566.45
2026-03-25,18,15283.0,5.19,17.0,17463.0,24.16,11493.85,5972.4,17466.25
2026-03-25,19,15342.0,4.98,17.07,17735.0,25.2,11696.02,6045.88,17741.9
2026-03-25,20,15332.0,4.72,17.06,18218.0,26.52,11998.63,6212.6,18211.23
2026-03-25,21,15278.0,4.51,16.98,16843.0,23.29,11153.38,5668.53,16821.92
2026-03-25,22,14528.0,4.49,17.54,13958.0,17.17,9313.75,4582.97,13896.72
2026-03-25,23,13622.0,4.68,18.08,11101.0,11.7,7301.97,3755.0,11056.97
2026-03-26,0,10984.0,5.0,9.46,7281.0,5.63,5045.85,2192.67,7238.52
2026-03-26,1,11696.0,5.46,10.07,7305.0,5.97,5076.13,2224.3,7300.43
2026-03-26,2,10818.0,5.91,11.12,6519.0,5.36,4625.62,1883.88,6509.5
2026-03-26,3,8057.0,6.31,12.51,6095.0,5.16,4365.7,1717.63,6083.33
2026-03-26,4,5528.0,6.31,16.61,5926.0,5.45,4225.27,1713.12,5938.38
2026-03-26,5,9894.0,6.29,11.82,10154.0,11.09,6951.7,3328.05,10279.75
2026-03-26,6,15411.0,6.26,15.47,17278.0,24.77,11524.52,5861.33,17385.85
2026-03-26,7,15422.0,5.83,17.64,20987.0,33.26,13720.47,7269.75,20990.22
2026-03-26,8,15324.0,5.31,17.54,20012.0,30.83,13089.7,6900.08,19989.78
2026-03-26,9,15803.0,4.93,17.02,18619.0,27.4,12240.87,6352.38,18593.25
2026-03-26,10,15153.0,4.75,16.64,16967.0,23.26,11193.68,5751.07,16944.75
2026-03-26,11,14077.0,4.57,16.17,15176.0,19.17,10111.72,5024.55,15136.27
2026-03-26,12,14673.0,4.65,16.82,12841.0,14.54,8693.07,4114.72,12807.78
2026-03-26,13,14712.0,4.94,16.88,11501.0,12.38,7850.15,3636.49,11486.64
2026-03-26,14,15128.0,5.32,17.53,11116.0,11.87,7629.9,3482.78,11112.68
2026-03-26,15,15280.0,5.75,17.72,11499.0,12.13,7771.7,3740.18,11511.88
2026-03-26,16,15371.0,6.09,17.84,13488.0,15.64,9000.43,4551.05,13551.48
2026-03-26,17,15362.0,6.13,17.85,16471.0,21.49,10824.28,5673.73,16498.02
2026-03-26,18,15353.0,5.96,17.85,17686.0,24.57,11638.02,6056.88,17694.9
2026-03-26,19,15325.0,5.74,17.77,17786.0,25.26,11734.47,6053.05,17787.52
2026-03-26,20,13527.0,5.43,18.4,18336.0,26.59,12064.98,6267.85,18332.83
2026-03-26,21,11735.0,4.91,18.81,16734.0,23.01,11084.92,5619.47,16704.38
2026-03-26,22,10355.0,4.5,18.97,13382.0,16.11,8920.25,4382.78,13303.03
2026-03-26,23,10500.0,4.38,19.43,10254.0,10.48,6773.52,3441.62,10215.13
2026-03-27,0,10349.0,4.57,10.51,7597.0,6.11,5257.72,2317.63,7575.35
2026-03-27,1,10628.0,4.91,10.8,7278.0,5.84,5070.13,2198.45,7268.58
2026-03-27,2,11039.0,5.31,12.88,6679.0,5.5,4681.57,1990.47,6672.03
2026-03-27,3,12073.0,5.85,14.29,6184.0,5.2,4405.87,1763.0,6168.87
2026-03-27,4,8793.0,6.39,13.42,5862.0,5.27,4213.35,1654.32,5867.67
2026-03-27,5,7601.0,6.37,16.41,10340.0,11.62,7011.78,3444.95,10456.73
2026-03-27,6,14886.0,6.03,17.31,17403.0,25.07,11532.52,5995.73,17528.25
2026-03-27,7,17321.0,5.77,16.63,21069.0,33.51,13791.52,7286.9,21078.42
2026-03-27,8,16295.0,5.38,16.1,20500.0,32.06,13390.27,7090.15,20480.42
2026-03-27,9,15177.0,4.98,16.68,18983.0,28.2,12448.7,6506.72,18955.42
2026-03-27,10,14511.0,4.67,17.3,17349.0,24.06,11407.55,5915.92,17323.47
2026-03-27,11,13971.0,4.45,18.41,15385.0,19.43,10188.52,5150.27,15338.78
2026-03-27,12,13906.0,4.45,18.31,12959.0,14.84,8714.88,4211.27,12926.15
2026-03-27,13,13741.0,4.64,18.02,11511.0,12.39,7855.18,3647.17,11502.35
2026-03-27,14,13818.0,4.9,18.17,11188.0,12.02,7662.22,3518.48,11180.7
2026-03-27,15,13855.0,5.2,18.22,11193.0,11.81,7612.33,3600.02,11212.35
2026-03-27,16,13332.0,5.37,17.4,13639.0,15.92,9091.95,4610.33,13702.28
2026-03-27,17,13130.0,5.16,17.04,16519.0,21.68,10875.47,5664.02,16539.48
2026-03-27,18,13109.0,4.78,16.98,17293.0,23.75,11395.57,5909.25,17304.82
2026-03-27,19,13003.0,4.35,16.87,17605.0,24.79,11608.62,5998.12,17606.73
2026-03-27,20,13337.0,3.89,16.53,17826.0,25.46,11778.0,6036.18,17814.18
2026-03-27,21,14046.0,3.57,15.79,16363.0,22.2,10883.48,5451.73,16335.22
2026-03-27,22,14048.0,3.47,15.78,13953.0,17.08,9340.13,4555.5,13895.63
2026-03-27,23,14296.0,3.69,14.76,11089.0,11.48,7375.48,3681.38,11056.87
2026-03-28,0,10660.0,4.03,9.29,7524.0,5.76,5199.2,2278.27,7477.47
2026-03-28,1,11028.0,4.44,9.21,7035.0,5.41,4914.42,2114.77,7029.18
2026-03-28,2,10596.0,4.87,9.44,6433.0,5.07,4573.13,1844.92,6418.05
2026-03-28,3,10312.0,5.32,9.63,5965.0,4.78,4324.45,1636.92,5961.37
2026-03-28,4,10970.0,5.8,10.13,6279.0,5.11,4522.19,1765.64,6287.83
2026-03-28,5,13541.0,6.25,15.43,9172.0,9.47,6272.57,2996.1,9268.67
2026-03-28,6,14218.0,6.5,19.24,15113.0,19.85,10116.87,5098.23,15215.1
2026-03-28,7,14172.0,6.12,19.33,20246.0,31.21,13303.05,6988.78,20291.83
2026-03-28,8,14361.0,5.46,19.15,21055.0,33.39,13752.85,7301.45,21054.3
2026-03-28,9,14353.0,4.83,19.01,20194.0,31.25,13228.73,6945.52,20174.25
2026-03-28,10,14308.0,4.3,18.96,19064.0,28.27,12481.88,6556.28,19038.17
2026-03-28,11,14243.0,3.93,18.86,16959.0,23.27,11209.45,5713.43,16922.88
2026-03-28,12,14288.0,3.76,18.9,15370.0,19.41,10226.75,5108.17,15334.92
2026-03-28,13,14348.0,3.74,19.02,13797.0,16.3,9233.38,4544.0,13777.38
2026-03-28,14,15568.0,3.91,16.95,12771.0,14.34,8606.67,4157.4,12764.07
2026-03-28,15,16388.0,4.31,16.7,12338.0,13.63,8365.42,3975.33,12340.75
2026-03-28,16,16402.0,4.66,16.77,13889.0,16.4,9214.42,4703.37,13917.78
2026-03-28,17,16395.0,4.79,16.74,17195.0,23.0,11319.48,5939.87,17259.35
2026-03-28,18,16316.0,4.66,16.65,18572.0,26.65,12170.9,6409.88,18580.78
2026-03-28,19,16295.0,4.46,16.58,18357.0,26.6,12087.92,6259.03,18346.95
2026-03-28,20,15989.0,4.29,16.58,17937.0,25.86,11847.25,6072.45,17919.7
2026-03-28,21,14302.0,4.1,17.98,16442.0,22.59,10911.92,5519.75,16431.67
2026-03-28,22,14306.0,4.0,18.01,14148.0,17.54,9403.62,4691.18,14094.8
2026-03-28,23,14375.0,4.21,18.14,11201.0,11.65,7385.65,3745.78,11131.43
2026-03-29,0,10604.0,4.56,10.63,7922.0,6.26,5454.0,2447.2,7901.2
2026-03-29,1,10613.0,4.87,10.03,7607.0,5.98,5270.32,2330.48,7600.8
2026-03-29,2,10127.0,5.2,10.32,6970.0,5.51,4881.38,2071.98,6953.37
2026-03-29,3,9632.0,5.54,10.49,6396.0,5.06,4558.23,1836.55,6394.78
2026-03-29,4,10421.0,5.89,11.35,6801.0,5.6,4840.27,1972.9,6813.17
2026-03-29,5,12529.0,6.29,15.54,8906.0,8.77,6095.1,2872.55,8967.65
2026-03-29,6,14787.0,6.59,17.23,13770.0,17.38,9287.48,4582.73,13870.22
2026-03-29,7,13972.0,6.36,17.99,18880.0,28.07,12431.95,6503.95,18935.9
2026-03-29,8,14523.0,5.77,18.06,20758.0,32.65,13587.07,7182.98,20770.05
2026-03-29,9,15932.0,5.25,17.0,20295.0,31.59,13303.23,6972.08,20275.32
2026-03-29,10,16145.0,4.88,17.26,19323.0,29.03,12690.05,6616.38,19306.43
2026-03-29,11,15949.0,4.65,17.02,17588.0,24.53,11636.82,5918.07,17554.88
2026-03-29,12,15728.0,4.58,16.74,15965.0,20.44,10621.0,5321.13,15942.13
2026-03-29,13,15560.0,4.63,16.93,14547.0,17.57,9739.18,4780.53,14519.72
2026-03-29,14,15316.0,4.84,17.2,12925.0,14.56,8744.18,4149.48,12893.67
2026-03-29,15,15189.0,5.08,17.15,13146.0,14.72,8811.38,4360.85,13172.23
2026-03-29,16,15406.0,5.26,17.13,14659.0,17.66,9748.82,4956.4,14705.22
2026-03-29,17,15450.0,5.23,17.19,16819.0,22.32,11077.58,5762.62,16840.2
2026-03-29,18,15312.0,5.04,17.01,17945.0,25.16,11807.5,6143.87,17951.37
2026-03-29,19,15115.0,4.8,17.02,17863.0,25.44,11786.98,6071.05,17858.03
2026-03-29,20,13333.0,4.44,18.38,17753.0,25.49,11748.7,5987.88,17736.58
2026-03-29,21,13330.0,4.09,18.37,16343.0,22.32,10852.88,5478.15,16331.03
2026-03-29,22,13385.0,3.89,17.0,14399.0,17.76,9491.23,4861.45,14352.68
2026-03-29,23,13731.0,4.0,14.34,10940.0,11.19,7257.45,3632.13,10889.58
2026-03-30,0,10889.0,4.3,10.25,8165.0,6.51,5610.32,2521.0,8131.32
2026-03-30,1,11466.0,4.68,10.35,7560.0,6.04,5219.57,2324.9,7544.47
2026-03-30,2,11099.0,5.12,10.77,6661.0,5.35,4674.37,1977.05,6651.42
2026-03-30,3,11323.0,5.6,11.43,6563.0,5.4,4642.18,1909.6,6551.78
2026-03-30,4,10824.0,6.13,11.74,6025.0,5.08,4312.27,1714.17,6026.43
2026-03-30,5,7769.0,6.23,12.7,10292.0,11.28,7019.35,3407.97,10427.32
2026-03-30,6,14925.0,6.01,15.64,17664.0,25.78,11749.12,6019.92,17769.03
2026-03-30,7,15236.0,5.52,16.49,21389.0,34.41,13983.48,7417.03,21400.52
2026-03-30,8,15754.0,4.96,17.19,20589.0,32.44,13448.98,7124.33,20573.32
2026-03-30,9,15592.0,4.54,17.01,19143.0,28.59,12541.25,6559.3,19100.55
2026-03-30,10,15511.0,4.3,16.89,17278.0,23.9,11356.45,5906.73,17263.18
2026-03-30,11,15465.0,4.22,16.84,15571.0,19.76,10320.15,5204.75,15524.9
2026-03-30,12,15358.0,4.35,16.65,13206.0,15.04,8892.48,4280.23,13172.72
2026-03-30,13,14848.0,4.65,17.12,11623.0,12.39,7938.87,3675.3,11614.17
2026-03-30,14,14228.0,4.93,16.43,11830.0,12.53,7983.65,3854.0,11837.65
2026-03-30,15,14906.0,5.24,17.26,12007.0,12.82,8065.42,3949.8,12015.22
2026-03-30,16,14964.0,5.5,17.32,13918.0,16.28,9255.42,4719.27,13974.68
2026-03-30,17,15003.0,5.47,17.36,16435.0,21.44,10815.07,5638.03,16453.1
2026-03-30,18,15074.0,5.29,17.48,17505.0,24.03,11506.33,6009.8,17516.13
2026-03-30,19,14321.0,5.01,17.94,17914.0,25.63,11831.53,6090.52,17922.05
2026-03-30,20,14544.0,4.66,17.23,18132.0,26.16,11966.23,6161.47,18127.7
2026-03-30,21,14488.0,4.39,17.15,16421.0,22.36,10904.17,5468.27,16372.43
2026-03-30,22,14505.0,4.33,17.14,13830.0,17.0,9243.25,4532.9,13776.15
2026-03-30,23,14299.0,4.62,17.65,10227.0,10.54,6869.43,3318.27,10187.7
2026-03-31,0,9695.0,4.97,10.1,7418.0,5.83,5119.37,2267.65,7387.02
2026-03-31,1,9670.0,5.22,9.95,7284.0,5.7,5066.63,2208.67,7275.3
2026-03-31,2,9696.0,5.5,10.86,6926.0,5.58,4839.98,2084.05,6924.03
2026-03-31,3,9324.0,5.8,11.39,6393.0,5.13,4545.02,1840.02,6385.03
2026-03-31,4,8972.0,6.11,11.37,6001.0,5.04,4320.07,1685.88,6005.95
2026-03-31,5,10896.0,6.32,12.52,10346.0,11.18,7053.27,3418.17,10471.43
2026-03-31,6,14956.0,6.22,14.52,17679.0,25.74,11764.47,6029.6,17794.07
2026-03-31,7,16134.0,5.78,16.12,21402.0,34.47,14001.12,7404.1,21405.22
2026-03-31,8,16343.0,5.31,16.33,20341.0,31.59,13268.93,7052.2,20321.13
2026-03-31,9,16400.0,4.99,16.42,18965.0,28.1,12400.57,6536.47,18937.03
2026-03-31,10,16232.0,4.84,16.39,17331.0,23.89,11376.35,5933.48,17309.83
2026-03-31,11,15798.0,4.81,17.56,15385.0,19.5,10169.67,5164.32,15333.98
2026-03-31,12,15713.0,5.0,18.05,12979.0,14.7,8728.18,4217.08,12945.27
2026-03-31,13,14179.0,5.33,17.33,11741.0,12.7,7986.48,3741.68,11728.17
2026-03-31,14,14928.0,5.64,18.3,10844.0,11.13,7378.55,3461.27,10839.82
2026-03-31,15,13956.0,6.07,19.34,10895.0,11.23,7397.25,3502.93,10900.18
2026-03-31,16,10805.0,6.11,20.05,13064.0,14.87,8722.27,4404.17,13126.43
2026-03-31,17,10774.0,5.72,19.98,15744.0,20.04,10357.05,5402.88,15759.93
2026-03-31,18,11179.0,5.17,19.96,16928.0,22.97,11151.43,5796.95,16948.38
2026-03-31,19,12478.0,4.65,18.86,17525.0,24.63,11575.6,5959.17,17534.77
2026-03-31,20,13647.0,4.19,17.83,17772.0,25.27,11734.27,6031.78,17766.05
2026-03-31,21,13732.0,3.87,17.48,16415.0,22.21,10893.13,5490.35,16383.48
2026-03-31,22,13853.0,3.73,17.41,13728.0,16.66,9202.43,4449.45,13651.88
2026-03-31,23,14593.0,4.0,15.93,11053.0,10.79,7347.1,3643.57,10990.67
2026-04-01,0,9479.0,4.3,9.89,7368.0,5.59,5149.22,2224.35,7373.57
2026-04-01,1,9492.0,4.53,9.82,7195.0,5.57,5024.82,2154.67,7179.48
2026-04-01,2,10010.0,4.84,9.55,6464.0,5.1,4616.68,1839.22,6455.9
2026-04-01,3,10086.0,5.25,9.38,5913.0,4.73,4315.42,1591.03,5906.45
2026-04-01,4,10051.0,5.71,9.4,5591.0,4.72,4157.12,1433.87,5590.98
2026-04-01,5,13946.0,6.16,13.15,10041.0,10.67,6941.3,3232.6,10173.9
2026-04-01,6,16104.0,6.33,17.05,17514.0,25.16,11666.9,5958.78,17625.68
2026-04-01,7,15726.0,5.96,16.93,20776.0,32.63,13629.37,7146.92,20776.28
2026-04-01,8,14847.0,5.45,17.16,20216.0,31.25,13257.7,6943.22,20200.92
2026-04-01,9,14047.0,4.93,17.91,18614.0,27.31,12230.17,6347.5,18577.67
2026-04-01,10,13979.0,4.57,17.8,16962.0,23.26,11166.33,5776.52,16942.85
2026-04-01,11,14102.0,4.37,18.0,15053.0,18.75,10008.17,5007.37,15015.53
2026-04-01,12,14492.0,4.42,18.06,12799.0,14.4,8643.92,4118.07,12761.98
2026-04-01,13,15178.0,4.73,17.61,11505.0,12.34,7880.8,3616.27,11497.07
2026-04-01,14,14662.0,5.15,16.94,11120.0,11.75,7651.72,3462.98,11114.7
2026-04-01,15,14616.0,5.5,16.76,11386.0,11.94,7734.65,3659.22,11393.87
2026-04-01,16,13799.0,5.73,16.37,13292.0,15.2,8901.77,4439.92,13341.68
2026-04-01,17,13614.0,5.62,16.52,16002.0,20.69,10595.63,5443.18,16038.82
2026-04-01,18,13579.0,5.33,16.42,17050.0,23.12,11261.37,5796.92,17058.28
2026-04-01,19,13518.0,4.97,16.33,17549.0,24.72,11625.62,5927.65,17553.27
2026-04-01,20,13441.0,4.55,16.23,17960.0,25.69,11877.42,6082.25,17959.67
2026-04-01,21,12499.0,4.12,16.54,16547.0,22.46,10984.9,5527.4,16512.3
2026-04-01,22,12475.0,3.86,16.47,13748.0,16.79,9243.62,4449.62,13693.23
2026-04-01,23,12447.0,3.94,16.44,10277.0,10.56,6988.23,3239.3,10227.53
2026-04-02,0,9997.0,4.19,10.07,7706.0,6.03,5325.57,2350.32,7675.88
2026-04-02,1,11060.0,4.54,9.66,7071.0,5.5,4981.37,2081.75,7063.12
2026-04-02,2,10980.0,5.0,10.1,6526.0,5.14,4634.88,1885.83,6520.72
2026-04-02,3,10698.0,5.47,10.21,6161.0,4.92,4461.4,1694.25,6155.65
2026-04-02,4,10442.0,5.96,10.28,5989.0,4.99,4348.02,1638.12,5986.13
2026-04-02,5,11097.0,6.32,13.23,10010.0,10.57,6895.8,3254.7,10150.5
2026-04-02,6,12841.0,6.08,17.83,17716.0,25.72,11777.32,6039.7,17817.02
2026-04-02,7,16137.0,5.54,16.82,21203.0,33.92,13857.45,7351.17,21208.62
2026-04-02,8,15652.0,5.06,17.48,20437.0,31.88,13376.13,7043.7,20419.83
2026-04-02,9,16467.0,4.69,17.39,18805.0,27.82,12338.32,6434.62,18772.93
2026-04-02,10,16421.0,4.56,17.35,17175.0,23.67,11288.08,5866.35,17154.43
2026-04-02,11,15060.0,4.5,17.59,15437.0,19.49,10234.67,5164.32,15398.98
2026-04-02,12,15447.0,4.65,18.14,12958.0,14.61,8750.0,4166.57,12916.57
2026-04-02,13,14988.0,4.99,17.51,11632.0,12.39,7939.67,3690.18,11629.85
2026-04-02,14,15093.0,5.36,17.59,11427.0,12.06,7790.1,3632.03,11422.13
2026-04-02,15,15116.0,5.76,17.66,11544.0,11.98,7782.6,3770.05,11552.65
2026-04-02,16,14195.0,6.03,17.97,13762.0,15.97,9173.15,4660.05,13833.2
2026-04-02,17,13689.0,5.89,18.68,16394.0,21.29,10759.7,5644.32,16404.02
2026-04-02,18,13716.0,5.57,18.77,17472.0,24.14,11487.97,5995.77,17483.73
2026-04-02,19,13829.0,5.2,18.96,17744.0,25.22,11679.85,6072.98,17752.83
2026-04-02,20,13911.0,4.8,19.08,18171.0,26.33,11961.62,6208.02,18169.63
2026-04-02,21,13531.0,4.43,17.91,16745.0,22.98,11076.1,5630.35,16706.45
2026-04-02,22,14030.0,4.27,18.62,14464.0,17.53,9562.57,4874.57,14437.13
2026-04-02,23,14648.0,4.4,19.62,11776.0,12.3,7718.1,3977.17,11695.27
2026-04-03,0,10983.0,4.75,12.92,8256.0,6.69,5592.58,2642.48,8235.07
2026-04-03,1,11257.0,5.1,11.69,7555.0,5.86,5178.75,2366.28,7545.03
2026-04-03,2,11075.0,5.51,12.83,6978.0,5.56,4826.08,2142.63,6968.72
2026-04-03,3,11216.0,5.97,14.01,6693.0,5.55,4673.73,2011.4,6685.13
2026-04-03,4,7173.0,6.3,12.87,6596.0,5.38,4654.55,1940.57,6595.12
2026-04-03,5,10019.0,6.27,13.57,10312.0,11.26,7032.37,3409.35,10441.72
2026-04-03,6,14878.0,6.15,17.08,17786.0,25.93,11824.38,6075.73,17900.12
2026-04-03,7,15181.0,5.64,17.48,21491.0,34.59,14049.67,7452.05,21501.72
2026-04-03,8,14976.0,5.04,17.23,20585.0,32.09,13451.07,7113.08,20564.15
2026-04-03,9,14711.0,4.53,16.9,19354.0,29.04,12700.93,6621.43,19322.37
2026-04-03,10,14657.0,4.18,16.77,17447.0,24.12,11471.98,5943.25,17415.23
2026-04-03,11,14786.0,4.02,16.99,15340.0,19.15,10183.1,5121.85,15304.95
2026-04-03,12,14912.0,4.1,17.12,13172.0,14.98,8879.42,4243.18,13122.6
2026-04-03,13,14983.0,4.41,17.23,11437.0,12.03,7824.93,3612.67,11437.6
2026-04-03,14,14944.0,4.79,17.19,11311.0,11.85,7751.9,3558.15,11310.05
2026-04-03,15,15118.0,5.17,17.39,11825.0,12.35,7964.27,3879.33,11843.6
2026-04-03,16,15169.0,5.43,17.49,14191.0,16.63,9420.52,4829.17,14249.68
2026-04-03,17,15353.0,5.4,17.77,16770.0,22.13,11003.83,5780.15,16783.98
2026-04-03,18,15360.0,5.25,17.78,17447.0,24.04,11476.3,5981.88,17458.18
2026-04-03,19,13615.0,5.0,18.01,17561.0,24.59,11584.84,5977.69,17562.52
2026-04-03,20,12945.0,4.53,17.89,17821.0,25.48,11768.05,6047.0,17815.05
2026-04-03,21,13374.0,4.14,17.47,16530.0,22.46,10967.08,5536.42,16503.5
2026-04-03,22,13390.0,3.97,17.47,13924.0,17.05,9299.48,4583.23,13882.72
2026-04-03,23,13440.0,4.07,17.56,11213.0,11.77,7362.28,3783.3,11145.58
2026-04-04,0,9372.0,4.33,10.46,7644.0,5.84,5258.38,2362.6,7620.98
2026-04-04,1,10334.0,4.55,9.91,7511.0,5.76,5209.0,2293.68,7502.68
2026-04-04,2,11204.0,4.95,10.84,6908.0,5.44,4832.78,2068.22,6901.0
2026-04-04,3,11179.0,5.42,11.58,6737.0,5.36,4731.85,2010.05,6741.9
2026-04-04,4,11001.0,5.87,12.21,6778.0,5.49,4766.12,2016.25,6782.37
2026-04-04,5,10856.0,6.2,12.08,9561.0,9.83,6545.98,3098.78,9644.77
2026-04-04,6,14256.0,6.17,16.43,15673.0,20.77,10504.68,5275.67,15780.35
2026-04-04,7,14754.0,5.82,17.0,20406.0,31.38,13396.48,7048.47,20444.95
2026-04-04,8,14579.0,5.19,16.77,21275.0,33.9,13913.33,7361.53,21274.87
2026-04-04,9,14471.0,4.54,16.59,20652.0,32.36,13501.67,7138.0,20639.67
2026-04-04,10,14354.0,3.97,16.47,19468.0,29.24,12744.68,6703.95,19448.63
2026-04-04,11,14366.0,3.55,16.48,17436.0,24.1,11505.7,5883.98,17389.68
2026-04-04,12,14617.0,3.36,16.82,15690.0,20.03,10437.63,5226.17,15663.8
2026-04-04,13,14872.0,3.34,16.74,14213.0,16.88,9515.48,4668.83,14184.32
2026-04-04,14,16211.0,3.57,15.93,13018.0,14.51,8762.53,4252.7,13015.23
2026-04-04,15,16150.0,3.92,15.86,13058.0,14.34,8733.13,4330.93,13064.07
2026-04-04,16,16110.0,4.16,15.89,15068.0,18.33,10001.26,5114.49,15115.75
2026-04-04,17,16013.0,4.17,15.74,17177.0,23.01,11304.8,5897.9,17202.7
2026-04-04,18,15880.0,4.01,15.56,18164.0,25.52,11935.95,6241.28,18177.23
2026-04-04,19,15719.0,3.79,15.39,18361.0,26.37,12114.65,6246.72,18361.37
2026-04-04,20,16076.0,3.56,15.81,18236.0,26.33,12052.35,6167.77,18220.12
2026-04-04,21,15629.0,3.43,15.35,16804.0,23.04,11194.58,5578.75,16773.33
2026-04-04,22,16254.0,3.43,15.99,15212.0,19.16,9997.97,5172.47,15170.43
2026-04-04,23,16701.0,3.8,16.52,11036.0,11.12,7304.18,3673.6,10977.78
2026-04-05,0,13920.0,4.51,13.52,8273.0,6.48,5579.12,2660.78,8239.9
2026-04-05,1,10772.0,4.93,9.77,7442.0,5.5,5082.37,2353.42,7435.78
2026-04-05,2,10502.0,5.28,9.97,7136.0,5.4,4896.17,2234.82,7130.98
2026-04-05,3,9974.0,5.65,10.11,6526.0,4.96,4554.08,1961.87,6515.95
2026-04-05,4,10370.0,6.03,10.78,6538.0,5.12,4593.37,1944.38,6537.75
2026-04-05,5,10279.0,6.33,12.15,8763.0,8.54,5997.05,2838.55,8835.6
2026-04-05,6,13208.0,6.33,17.88,14747.0,18.71,9754.2,5100.75,14854.95
2026-04-05,7,15298.0,6.07,20.17,19086.0,28.07,12459.23,6682.35,19141.58
2026-04-05,8,14831.0,5.6,19.33,20488.0,31.66,13341.61,7147.91,20489.52
2026-04-05,9,14580.0,5.02,18.89,20443.0,31.53,13347.57,7071.18,20418.75
2026-04-05,10,14251.0,4.48,18.37,19335.0,28.93,12686.98,6631.45,19318.43
2026-04-05,11,14073.0,4.06,18.09,17121.0,23.43,11343.95,5739.05,17083.0
2026-04-05,12,14023.0,3.87,17.99,15332.0,19.19,10261.83,5051.05,15312.88
2026-04-05,13,14072.0,3.81,18.09,14035.0,16.68,9468.82,4545.82,14014.63
2026-04-05,14,14168.0,3.89,18.2,12916.0,14.37,8691.23,4209.92,12901.15
2026-04-05,15,16117.0,4.15,16.75,12571.0,13.72,8492.15,4082.58,12574.73
2026-04-05,16,15906.0,4.47,17.09,14123.0,16.62,9471.32,4697.07,14168.38
2026-04-05,17,15729.0,4.52,17.13,16745.0,21.99,11055.18,5731.05,16786.23
2026-04-05,18,15704.0,4.37,17.1,17908.0,24.84,11739.08,6167.62,17906.7
2026-04-05,19,14888.0,4.13,16.02,18083.0,25.75,11943.93,6150.97,18094.9
2026-04-05,20,14586.0,3.8,15.62,18002.0,25.7,11882.18,6094.4,17976.58
2026-04-05,21,14547.0,3.55,15.57,16497.0,22.53,10966.02,5508.57,16474.58
2026-04-05,22,14499.0,3.48,15.56,13896.0,16.85,9284.22,4538.6,13822.82
2026-04-05,23,14556.0,3.76,15.63,10540.0,10.45,6997.1,3502.83,10499.93
2026-04-06,0,9421.0,4.13,9.65,7375.0,5.32,5109.52,2238.93,7348.45
2026-04-06,1,9325.0,4.35,9.32,7210.0,5.29,5028.72,2175.85,7204.57
2026-04-06,2,10554.0,4.66,9.67,6870.0,5.22,4822.57,2042.78,6865.35
2026-04-06,3,10294.0,5.09,9.46,6070.0,4.57,4379.33,1676.48,6055.82
2026-04-06,4,10178.0,5.52,9.15,6141.0,4.7,4403.83,1741.53,6145.37
2026-04-06,5,14156.0,5.99,13.46,9675.0,9.79,6560.22,3222.75,9782.97
2026-04-06,6,15222.0,6.2,16.67,16078.0,21.43,10715.33,5467.5,16182.83
2026-04-06,7,15594.0,5.88,17.18,20687.0,32.1,13583.48,7143.2,20726.68
2026-04-06,8,15979.0,5.36,17.71,21204.0,33.52,13822.75,7372.47,21195.22
2026-04-06,9,15686.0,4.86,17.32,20455.0,31.59,13327.52,7108.83,20436.35
2026-04-06,10,15611.0,4.44,17.24,19256.0,28.55,12575.12,6662.9,19238.02
2026-04-06,11,15633.0,4.18,17.26,17327.0,23.74,11412.82,5873.67,17286.48
2026-04-06,12,15752.0,4.11,17.44,15720.0,19.91,10426.87,5267.1,15693.97
2026-04-06,13,15850.0,4.21,17.58,14118.0,16.69,9440.92,4650.98,14091.9
2026-04-06,14,15911.0,4.46,17.64,13302.0,14.77,8844.37,4457.0,13301.37
2026-04-06,15,15676.0,4.76,17.36,13091.0,14.35,8705.07,4386.18,13091.25
2026-04-06,16,15601.0,4.97,17.22,14751.0,17.54,9754.13,5049.68,14803.82
2026-04-06,17,15076.0,4.93,17.51,17208.0,22.84,11259.15,5969.75,17228.9
2026-04-06,18,14376.0,4.62,18.1,18277.0,25.78,11938.83,6346.42,18285.25
2026-04-06,19,14334.0,4.24,18.03,18223.0,26.15,11980.17,6243.18,18223.35
2026-04-06,20,14273.0,3.87,17.95,18280.0,26.26,11991.73,6280.18,18271.92
2026-04-06,21,14248.0,3.53,17.91,17095.0,23.66,11303.22,5766.17,17069.38
2026-04-06,22,14177.0,3.36,17.77,15096.0,18.83,9857.03,5187.63,15044.67
2026-04-06,23,15493.0,3.57,16.33,11054.0,11.2,7267.55,3725.18,10992.73
2026-04-07,0,10881.0,3.99,9.48,7783.0,5.84,5346.42,2403.27,7749.68
2026-04-07,1,10998.0,4.39,9.61,7122.0,5.27,4966.52,2142.75,7109.27
2026-04-07,2,10540.0,4.81,9.75,6445.0,4.86,4577.72,1862.37,6440.08
2026-04-07,3,10615.0,5.25,9.84,6262.0,4.78,4479.08,1786.28,6265.37
2026-04-07,4,11890.0,5.78,12.16,6132.0,4.9,4346.38,1775.67,6122.05
2026-04-07,5,11772.0,6.21,17.02,10476.0,11.11,7099.52,3509.97,10609.48
2026-04-07,6,14830.0,6.09,17.25,17898.0,26.09,11893.0,6123.12,18016.12
2026-04-07,7,15526.0,5.61,16.58,21533.0,34.46,14077.8,7467.7,21545.5
2026-04-07,8,15413.0,5.05,16.46,20673.0,32.22,13504.12,7142.07,20646.18
2026-04-07,9,15361.0,4.6,16.37,19056.0,28.16,12477.77,6543.33,19021.1
2026-04-07,10,15431.0,4.33,16.52,17419.0,24.04,11458.52,5946.03,17404.55
2026-04-07,11,16133.0,4.25,17.42,15446.0,19.38,10233.38,5157.27,15390.65
2026-04-07,12,16786.0,4.53,18.3,12928.0,14.45,8724.08,4172.08,12896.17
2026-04-07,13,16914.0,5.03,18.46,11777.0,12.51,8021.67,3750.57,11772.23
2026-04-07,14,14904.0,5.5,19.82,11405.0,11.97,7769.85,3628.82,11398.67
2026-04-07,15,14483.0,5.84,19.66,11813.0,12.43,7932.88,3896.33,11829.22
2026-04-07,16,13993.0,6.02,18.85,14012.0,16.22,9298.72,4768.88,14067.6
2026-04-07,17,14553.0,5.87,17.62,16777.0,21.92,11024.53,5795.95,16820.48
2026-04-07,18,15776.0,5.64,16.9,18383.0,25.93,12048.05,6342.93,18390.98
2026-04-07,19,16105.0,5.4,16.76,18697.0,27.16,12278.33,6419.2,18697.53
2026-04-07,20,17198.0,5.22,16.35,18813.0,27.54,12368.37,6441.92,18810.28
2026-04-07,21,17549.0,5.17,16.78,17086.0,23.47,11268.9,5769.75,17038.65
2026-04-07,22,17972.0,5.41,17.28,14075.0,17.14,9367.72,4646.83,14014.55
2026-04-07,23,18609.0,6.08,18.63,10682.0,10.7,7023.15,3621.03,10644.18
2026-04-08,0,9330.0,6.17,7.27,8540.0,6.9,5810.48,2699.75,8510.23
2026-04-08,1,408.0,5.4,6.64,7613.0,5.96,5287.5,2310.48,7597.98
2026-04-08,2,4564.0,4.8,9.06,6544.0,5.12,4642.65,1889.9,6532.55
2026-04-08,3,12816.0,5.17,10.84,6251.0,4.94,4459.22,1783.95,6243.17
2026-04-08,4,12733.0,5.91,11.03,5775.0,4.71,4172.2,1603.73,5775.93
2026-04-08,5,11754.0,6.33,12.22,10628.0,11.4,7237.7,3512.6,10750.3
2026-04-08,6,15630.0,6.29,15.06,18198.0,26.73,12092.87,6239.12,18331.98
2026-04-08,7,16076.0,5.85,15.48,21644.0,34.68,14138.17,7509.95,21648.12
2026-04-08,8,16339.0,5.35,15.79,20879.0,32.67,13632.35,7222.9,20855.25
2026-04-08,9,16281.0,4.99,15.69,19140.0,28.38,12540.35,6563.57,19103.92
2026-04-08,10,16723.0,4.81,16.25,17422.0,24.06,11443.48,5957.07,17400.55
2026-04-08,11,16473.0,4.86,17.84,15910.0,20.05,10420.52,5443.5,15864.02
2026-04-08,12,14748.0,4.98,19.31,13265.0,14.93,8865.75,4370.38,13236.13
2026-04-08,13,13762.0,5.17,18.61,11958.0,12.66,8100.92,3847.48,11948.4
2026-04-08,14,13575.0,5.37,18.28,11842.0,12.42,7982.92,3864.88,11847.8
2026-04-08,15,13596.0,5.56,18.34,11967.0,12.45,8023.65,3942.88,11966.53
2026-04-08,16,13820.0,5.68,18.7,14081.0,16.37,9356.23,4796.45,14152.68
2026-04-08,17,13837.0,5.52,18.76,16567.0,21.39,10860.73,5725.22,16585.95
2026-04-08,18,13681.0,5.18,18.5,17806.0,24.53,11684.25,6131.75,17816.0
2026-04-08,19,13701.0,4.77,18.57,18184.0,25.9,11941.72,6246.47,18188.18
2026-04-08,20,14607.0,4.34,17.78,18504.0,26.88,12171.32,6332.07,18503.38
2026-04-08,21,14945.0,4.08,17.41,16817.0,22.73,11093.05,5682.82,16775.87
2026-04-08,22,14790.0,4.04,17.4,13644.0,16.52,9209.08,4366.05,13575.13
2026-04-08,23,14044.0,4.38,17.52,10006.0,10.22,6953.08,3000.55,9953.63
2026-04-09,0,9959.0,4.74,9.62,7233.0,5.22,5085.95,2122.37,7208.32
2026-04-09,1,10198.0,5.02,9.91,7285.0,5.19,5050.6,2238.68,7289.28
2026-04-09,2,10184.0,5.05,9.93,7291.0,5.28,5092.0,2199.0,7291.0
2026-04-09,3,9730.0,5.38,10.08,6884.0,5.05,4819.48,2043.02,6862.5
2026-04-09,4,8759.0,6.05,10.06,5976.0,4.66,4256.15,1717.28,5973.43
2026-04-09,5,10164.0,6.17,10.49,11219.0,12.12,7585.5,3777.62,11363.12
2026-04-09,6,14991.0,5.93,14.84,18554.0,27.16,12247.37,6424.18,18671.55
2026-04-09,7,16138.0,5.47,16.03,21623.0,34.48,14112.82,7510.95,21623.77
2026-04-09,8,16223.0,4.95,16.18,20847.0,32.46,13573.78,7247.8,20821.58
2026-04-09,9,16294.0,4.58,16.25,19382.0,28.71,12670.93,6678.9,19349.83
2026-04-09,10,16526.0,4.4,16.51,17519.0,24.21,11489.57,6014.03,17503.6
2026-04-09,11,16751.0,4.41,16.77,15734.0,19.93,10386.68,5307.32,15694.0
2026-04-09,12,16798.0,4.67,16.86,13140.0,14.56,8833.73,4253.47,13087.2
2026-04-09,13,15515.0,5.12,18.44,11648.0,12.19,7944.07,3700.52,11644.58
2026-04-09,14,13806.0,5.45,17.18,11336.0,11.73,7749.27,3586.5,11335.77
2026-04-09,15,14690.0,5.76,18.49,11685.0,12.02,7850.28,3845.38,11695.67
2026-04-09,16,14086.0,5.98,18.82,14130.0,16.55,9376.57,4825.37,14201.93
2026-04-09,17,13105.0,5.75,19.17,16941.0,22.27,11108.58,5857.25,16965.83
2026-04-09,18,13006.0,5.3,19.01,18253.0,25.48,11915.28,6338.23,18253.52
2026-04-09,19,13892.0,4.81,18.46,18285.0,26.06,11994.52,6297.3,18291.82
2026-04-09,20,15086.0,4.43,17.76,18412.0,26.56,12088.83,6312.05,18400.88
2026-04-09,21,14292.0,4.19,18.02,16976.0,23.33,11211.32,5728.87,16940.18
2026-04-09,22,14506.0,4.03,17.96,14053.0,17.07,9353.8,4639.08,13992.88
2026-04-09,23,14279.0,4.32,18.58,10429.0,10.29,6910.35,3466.32,10376.67
2026-04-10,0,11529.0,4.75,14.23,7777.0,5.94,5284.37,2473.05,7757.42
2026-04-10,1,10717.0,5.12,12.48,7373.0,5.62,5082.62,2282.58,7365.2
2026-04-10,2,10166.0,5.48,13.36,6548.0,5.02,4590.67,1953.68,6544.35
2026-04-10,3,11117.0,5.92,17.64,6490.0,5.28,4523.4,1959.5,6482.9
2026-04-10,4,10094.0,6.38,14.3,6269.0,5.24,4407.88,1873.42,6281.3
2026-04-10,5,12107.0,6.64,14.79,11435.0,12.82,7674.57,3888.67,11563.23
2026-04-10,6,14346.0,6.46,18.43,18085.0,26.5,11944.92,6238.18,18183.1
2026-04-10,7,14622.0,5.91,18.77,21240.0,33.67,13846.07,7401.63,21247.7
2026-04-10,8,14527.0,5.25,18.63,21055.0,33.32,13695.92,7343.27,21039.18
2026-04-10,9,14612.0,4.68,17.75,19259.0,28.56,12591.8,6633.67,19225.47
2026-04-10,10,14823.0,4.32,17.04,17686.0,24.42,11581.6,6090.58,17672.18
2026-04-10,11,14991.0,4.15,17.27,15736.0,19.81,10402.42,5287.4,15689.82
2026-04-10,12,15039.0,4.22,17.34,13472.0,15.23,9038.66,4394.42,13433.08
2026-04-10,13,15230.0,4.49,17.6,12072.0,12.77,8174.47,3891.08,12065.55
2026-04-10,14,15292.0,4.85,17.7,11865.0,12.37,8006.48,3865.35,11871.83
2026-04-10,15,15066.0,5.19,17.37,12365.0,13.01,8273.9,4093.57,12367.47
2026-04-10,16,14927.0,5.3,14.94,14633.0,17.32,9699.08,5004.3,14703.38
2026-04-10,17,14390.0,4.83,16.54,17230.0,22.98,11289.47,5951.77,17241.23
2026-04-10,18,14487.0,4.51,16.52,18221.0,25.57,11942.65,6293.12,18235.77
2026-04-10,19,14394.0,4.14,16.44,18318.0,26.19,12033.12,6288.4,18321.52
2026-04-10,20,14131.0,3.76,16.08,18216.0,26.12,11979.75,6221.65,18201.4
2026-04-10,21,15103.0,3.48,15.28,16632.0,22.48,11025.08,5573.4,16598.48
2026-04-10,22,15254.0,3.45,15.06,15059.0,18.53,9883.88,5147.25,15031.13
2026-04-10,23,15222.0,3.67,15.03,11531.0,11.82,7551.9,3918.68,11470.58
2026-04-11,0,10295.0,4.02,9.52,7813.0,5.8,5326.1,2447.28,7773.38
2026-04-11,1,11272.0,4.4,10.04,7137.0,5.16,4936.12,2184.02,7120.13
2026-04-11,2,10579.0,4.84,9.46,6530.0,4.74,4589.8,1929.7,6519.5
2026-04-11,3,11147.0,5.31,9.45,6214.0,4.61,4429.47,1782.38,6211.85
2026-04-11,4,11147.0,5.83,9.34,6282.0,4.72,4469.68,1814.68,6284.37
2026-04-11,5,10804.0,6.18,13.9,9538.0,9.65,6467.35,3174.18,9641.53
2026-04-11,6,13697.0,6.16,17.26,15466.0,20.3,10330.6,5234.5,15565.1
2026-04-11,7,14178.0,5.76,17.99,20183.0,30.97,13232.77,6996.4,20229.17
2026-04-11,8,14164.0,5.08,17.98,21328.0,34.01,13910.57,7415.38,21325.95
2026-04-11,9,14330.0,4.37,17.74,21001.0,33.1,13699.33,7293.67,20993.0
2026-04-11,10,15975.0,3.84,16.6,19732.0,29.67,12889.38,6815.08,19704.47
2026-04-11,11,16468.0,3.63,16.27,17546.0,24.2,11561.25,5947.72,17508.97
2026-04-11,12,16943.0,3.63,16.41,15873.0,20.14,10494.85,5355.88,15850.73
2026-04-11,13,18494.0,3.94,17.07,14590.0,17.46,9693.2,4869.93,14563.13
2026-04-11,14,16710.0,4.33,18.63,13460.0,15.13,8958.33,4492.03,13450.37
2026-04-11,15,16884.0,4.71,18.83,13265.0,14.56,8794.1,4475.25,13269.35
2026-04-11,16,16286.0,5.03,18.03,14788.0,17.57,9800.03,5033.57,14833.6
2026-04-11,17,16102.0,5.04,17.75,17335.0,23.28,11343.55,6017.1,17360.65
2026-04-11,18,14345.0,4.81,15.5,18093.0,25.25,11867.17,6234.4,18101.57
2026-04-11,19,14013.0,4.45,15.09,17795.0,25.1,11717.03,6063.98,17781.02
2026-04-11,20,13925.0,4.11,14.99,17386.0,24.32,11497.88,5879.2,17377.08
2026-04-11,21,13856.0,3.84,14.9,16126.0,21.68,10765.45,5342.7,16108.15
2026-04-11,22,13786.0,3.74,14.9,13670.0,16.52,9173.02,4427.3,13600.32
2026-04-11,23,12428.0,3.89,16.15,10656.0,10.68,7090.95,3531.75,10622.7
2026-04-12,0,9669.0,4.11,9.53,7340.0,5.36,5079.19,2222.4,7301.59
2026-04-12,1,10952.0,4.44,9.09,6973.0,5.06,4895.57,2071.02,6966.58
2026-04-12,2,11148.0,4.91,9.3,6478.0,4.8,4597.27,1870.78,6468.05
2026-04-12,3,11264.0,5.42,9.51,6337.0,4.78,4514.95,1822.18,6337.13
2026-04-12,4,11332.0,5.94,9.66,6322.0,4.92,4536.42,1790.88,6327.3
2026-04-12,5,8263.0,6.18,10.69,9332.0,9.48,6392.77,3032.98,9425.75
2026-04-12,6,12832.0,6.03,15.62,14423.0,18.08,9610.2,4876.38,14486.58
2026-04-12,7,13543.0,5.71,16.42,18438.0,26.85,12157.97,6342.07,18500.03
2026-04-12,8,14841.0,5.17,16.11,20328.0,31.57,13308.2,7025.07,20333.27
2026-04-12,9,15400.0,4.67,16.85,19891.0,30.23,13026.65,6849.23,19875.88
2026-04-12,10,15341.0,4.27,16.76,18966.0,27.9,12455.92,6492.92,18948.83
2026-04-12,11,15305.0,3.99,16.71,17234.0,23.63,11391.98,5806.87,17198.85
2026-04-12,12,15576.0,3.92,16.5,15399.0,19.23,10256.15,5114.75,15370.9
2026-04-12,13,16141.0,4.05,16.15,14235.0,16.81,9525.57,4701.2,14226.77
2026-04-12,14,16786.0,4.34,16.93,13276.0,14.83,8825.32,4425.83,13251.15
2026-04-12,15,16850.0,4.77,17.03,12639.0,13.61,8460.68,4183.15,12643.83
2026-04-12,16,16899.0,5.19,17.05,13886.0,15.92,9225.65,4704.18,13929.83
2026-04-12,17,15843.0,5.34,15.81,16023.0,20.42,10541.73,5499.22,16040.95
2026-04-12,18,16088.0,5.31,16.1,16862.0,22.66,11085.9,5782.53,16868.43
2026-04-12,19,16111.0,5.27,16.17,16626.0,22.79,10998.57,5610.62,16609.18
2026-04-12,20,13866.0,5.22,16.19,15904.0,21.42,10589.92,5303.98,15893.9
2026-04-12,21,12274.0,4.95,17.37,15167.0,19.97,10095.78,5056.02,15151.8
2026-04-12,22,12228.0,4.78,17.79,12899.0,15.38,8661.5,4189.13,12850.63
2026-04-12,23,11660.0,4.85,18.41,10547.0,10.68,6992.03,3526.2,10518.23
2026-04-13,0,9992.0,5.03,9.84,7652.0,5.64,5282.12,2333.1,7615.22
2026-04-13,1,10023.0,5.34,9.82,7062.0,5.24,4941.38,2103.8,7045.18
2026-04-13,2,9412.0,5.66,9.96,6358.0,4.74,4523.1,1828.25,6351.35
2026-04-13,3,9051.0,5.99,10.11,5934.0,4.49,4300.68,1630.08,5930.77
2026-04-13,4,8269.0,6.3,10.3,5910.0,4.54,4292.87,1627.57,5920.43
2026-04-13,5,5452.0,6.26,11.66,9011.0,9.06,6202.52,2901.2,9103.72
2026-04-13,6,8832.0,5.75,14.44,14184.0,17.57,9481.1,4758.47,14239.57
2026-04-13,7,13798.0,5.32,18.32,17489.0,24.8,11559.83,5987.0,17546.83
2026-04-13,8,15169.0,4.93,17.61,19255.0,28.88,12628.67,6641.85,19270.52
2026-04-13,9,15695.0,4.54,16.98,19195.0,28.76,12603.2,6575.35,19178.55
2026-04-13,10,16528.0,4.3,16.19,18348.0,26.57,12053.45,6272.28,18325.73
2026-04-13,11,16202.0,4.22,16.26,16432.0,21.96,10937.67,5469.38,16407.05
2026-04-13,12,15323.0,4.24,17.0,14958.0,18.43,9975.77,4948.82,14924.58
2026-04-13,13,15405.0,4.37,17.06,13544.0,15.78,9126.85,4394.87,13521.72
2026-04-13,14,15482.0,4.64,17.19,12678.0,13.92,8518.65,4157.07,12675.72
2026-04-13,15,15576.0,4.98,17.31,12146.0,12.89,8156.03,3983.97,12140.0
2026-04-13,16,15664.0,5.3,17.41,13568.0,15.53,9066.9,4552.43,13619.33
2026-04-13,17,15676.0,5.39,17.46,16146.0,20.55,10631.58,5534.2,16165.78
2026-04-13,18,13822.0,5.24,15.12,17137.0,22.98,11271.6,5874.5,17146.1
2026-04-13,19,13455.0,4.91,14.64,16832.0,22.88,11140.32,5683.82,16824.13
2026-04-13,20,13258.0,4.61,14.63,16203.0,21.75,10782.2,5401.22,16183.42
2026-04-13,21,12543.0,4.36,15.07,14922.0,19.32,9975.55,4930.73,14906.28
2026-04-13,22,12437.0,4.22,14.96,13285.0,15.69,8856.25,4397.32,13253.57
2026-04-13,23,12416.0,4.28,14.95,10468.0,10.37,6995.88,3421.43,10417.32
2026-04-14,0,10127.0,4.56,9.99,7841.0,5.76,5411.55,2401.64,7813.19
2026-04-14,1,10580.0,4.82,9.98,7609.0,5.64,5271.52,2326.3,7597.82
2026-04-14,2,9875.0,5.16,9.7,6698.0,4.97,4727.12,1953.88,6681.0
2026-04-14,3,9799.0,5.53,9.52,6093.0,4.53,4386.13,1702.35,6088.48
2026-04-14,4,10386.0,5.94,10.25,6217.0,4.95,4466.62,1751.93,6218.55
2026-04-14,5,10270.0,6.31,13.56,8561.0,8.59,5915.12,2731.22,8646.33
2026-04-14,6,11183.0,6.27,17.72,12987.0,15.83,8783.28,4283.17,13066.45
2026-04-14,7,12041.0,5.91,19.44,17355.0,24.47,11474.28,5932.88,17407.17
2026-04-14,8,12971.0,5.27,18.12,19347.0,29.13,12665.7,6686.72,19352.42
2026-04-14,9,14462.0,4.74,17.05,19124.0,28.48,12561.55,6551.92,19113.47
2026-04-14,10,14613.0,4.31,16.77,18385.0,26.48,12096.47,6276.85,18373.32
2026-04-14,11,16256.0,4.11,16.26,16468.0,21.92,10925.45,5500.65,16426.1
2026-04-14,12,16395.0,4.21,16.33,14929.0,18.42,9959.2,4948.98,14908.18
2026-04-14,13,15874.0,4.43,16.85,13785.0,16.13,9240.68,4528.13,13768.82
2026-04-14,14,14810.0,4.63,18.02,12914.0,14.18,8630.75,4269.55,12900.3
2026-04-14,15,14883.0,4.89,18.08,12453.0,13.31,8343.77,4107.02,12450.78
2026-04-14,16,14586.0,5.08,17.65,14106.0,16.38,9405.85,4765.27,14171.12
2026-04-14,17,15580.0,5.04,16.85,16385.0,21.12,10776.57,5617.87,16394.43
2026-04-14,18,15253.0,4.93,16.16,17196.0,23.18,11302.42,5896.55,17198.97
2026-04-14,19,15115.0,4.77,16.01,16799.0,22.84,11084.25,5702.67,16786.92
2026-04-14,20,13189.0,4.59,17.3,15963.0,21.32,10600.18,5345.23,15945.42
2026-04-14,21,12908.0,4.35,17.56,14998.0,19.44,9998.22,4982.72,14980.93
2026-04-14,22,12390.0,4.19,18.06,13821.0,16.46,9061.48,4724.12,13785.6
2026-04-14,23,11141.0,4.18,17.85,10504.0,10.33,6986.55,3475.57,10462.12
2026-04-15,0,10085.0,4.32,9.45,7733.0,5.63,5335.23,2359.42,7694.65
2026-04-15,1,10941.0,4.69,9.47,7320.0,5.32,5115.45,2204.23,7319.68
2026-04-15,2,10261.0,5.08,10.06,6518.0,4.79,4613.68,1888.73,6502.42
2026-04-15,3,10761.0,5.52,10.26,6232.0,4.68,4460.03,1769.38,6229.42
2026-04-15,4,10475.0,5.99,10.28,6097.0,4.76,4402.32,1682.3,6084.62
2026-04-15,5,8290.0,6.24,11.58,8419.0,8.37,5859.58,2652.27,8511.85
2026-04-15,6,12568.0,6.19,16.43,13193.0,16.2,8933.13,4342.45,13275.58
2026-04-15,7,15289.0,6.02,17.72,17608.0,24.84,11641.48,6015.68,17657.17
2026-04-15,8,16828.0,5.8,16.77,19575.0,29.47,12861.58,6726.97,19588.55
2026-04-15,9,16533.0,5.5,16.42,19974.0,30.41,13095.02,6875.97,19970.98
2026-04-15,10,16578.0,5.18,16.48,19533.0,29.39,12793.08,6729.5,19522.58
2026-04-15,11,16792.0,4.98,16.73,17912.0,25.21,11794.67,6072.65,17867.32
2026-04-15,12,17083.0,5.02,17.6,15752.0,19.82,10454.88,5273.12,15728.0
2026-04-15,13,15791.0,5.23,18.53,14444.0,17.22,9625.7,4797.45,14423.15
2026-04-15,14,14601.0,5.34,19.88,13632.0,15.46,9057.2,4571.82,13629.02
2026-04-15,15,14168.0,5.47,19.17,13030.0,14.19,8685.87,4339.73,13025.6
2026-04-15,16,13613.0,5.54,18.23,14546.0,17.07,9660.73,4938.75,14599.48
2026-04-15,17,13499.0,5.29,18.0,17150.0,22.53,11234.15,5941.33,17175.48
2026-04-15,18,13292.0,4.87,17.68,18062.0,25.01,11844.78,6218.33,18063.12
2026-04-15,19,13505.0,4.43,17.29,17843.0,25.08,11737.53,6101.3,17838.83
2026-04-15,20,14983.0,4.08,15.75,17586.0,24.77,11602.33,5967.87,17570.2
2026-04-15,21,16622.0,4.01,14.28,16339.0,22.06,10871.02,5445.13,16316.15
2026-04-15,22,14574.0,4.06,15.59,14492.0,17.49,9489.63,4950.02,14439.65
2026-04-15,23,14429.0,4.28,15.73,10953.0,10.97,7245.02,3673.48,10918.5
2026-04-16,0,10517.0,4.65,10.21,7970.0,5.9,5478.43,2458.88,7937.32
2026-04-16,1,10856.0,4.93,10.55,7791.0,5.82,5394.53,2376.65,7771.18
2026-04-16,2,11070.0,5.32,11.12,6708.0,5.02,4721.92,1977.68,6699.6
2026-04-16,3,11504.0,5.83,12.13,6373.0,4.84,4519.28,1846.17,6365.45
2026-04-16,4,10148.0,6.36,11.98,6162.0,5.05,4405.53,1756.2,6161.73
2026-04-16,5,7576.0,6.44,13.81,9872.0,10.51,6761.65,3231.72,9993.37
2026-04-16,6,12729.0,6.12,17.55,16543.0,23.01,11003.52,5630.97,16634.48
2026-04-16,7,14504.0,5.66,17.87,19784.0,29.92,12969.55,6834.22,19803.77
2026-04-16,8,14432.0,5.1,17.61,20335.0,31.31,13299.43,7043.63,20343.07
2026-04-16,9,15973.0,4.62,16.68,19424.0,28.94,12705.23,6688.07,19393.3
2026-04-16,10,15695.0,4.35,17.84,18192.0,25.61,11919.0,6259.53,18178.53
2026-04-16,11,15528.0,4.17,18.26,16383.0,21.23,10778.1,5559.68,16337.78
2026-04-16,12,15489.0,4.25,18.21,13594.0,15.33,9101.63,4450.5,13552.13
2026-04-16,13,15534.0,4.56,18.29,12291.0,13.06,8299.35,3986.65,12286.0
2026-04-16,14,15573.0,4.91,18.34,12201.0,12.83,8188.32,4006.97,12195.28
2026-04-16,15,15598.0,5.29,18.39,12125.0,12.77,8150.47,3982.82,12133.28
2026-04-16,16,15546.0,5.6,18.33,13939.0,16.17,9270.77,4725.27,13996.03
2026-04-16,17,15558.0,5.61,18.33,16691.0,21.89,10975.65,5736.65,16712.3
2026-04-16,18,15343.0,5.47,18.33,17572.0,24.09,11541.9,6039.15,17581.05
2026-04-16,19,14473.0,5.2,18.87,17824.0,25.05,11733.52,6093.37,17826.88
2026-04-16,20,14135.0,4.88,19.03,17638.0,24.94,11647.75,5974.28,17622.03
2026-04-16,21,13054.0,4.58,18.4,15961.0,21.22,10637.28,5287.93,15925.22
2026-04-16,22,12809.0,4.43,18.38,13057.0,15.34,8789.97,4196.95,12986.92
2026-04-16,23,12232.0,4.58,18.89,9885.0,9.68,6594.53,3259.55,9854.08
2026-04-17,0,9822.0,4.86,11.37,7433.0,5.73,5142.57,2267.12,7409.69
2026-04-17,1,9468.0,5.14,11.43,6755.0,4.99,4767.97,1972.48,6740.45
2026-04-17,2,8873.0,5.43,11.43,6150.0,4.65,4423.67,1713.53,6137.2
2026-04-17,3,8387.0,5.73,11.49,5632.0,4.34,4143.18,1487.88,5631.07
2026-04-17,4,7931.0,6.02,11.1,5283.0,4.33,3947.98,1324.77,5272.75
2026-04-17,5,6746.0,6.08,12.24,9395.0,9.92,6569.23,2966.15,9535.38
2026-04-17,6,12251.0,5.57,16.45,17040.0,23.92,11357.87,5782.87,17140.73
2026-04-17,7,16342.0,5.18,17.5,20471.0,31.66,13414.1,7073.23,20487.33
2026-04-17,8,16353.0,4.78,17.3,20455.0,31.65,13371.18,7081.07,20452.25
2026-04-17,9,16205.0,4.41,17.1,19401.0,29.17,12741.25,6630.27,19371.52
2026-04-17,10,16016.0,4.17,16.92,17904.0,25.23,11803.48,6082.92,17886.4
2026-04-17,11,15919.0,4.09,16.77,15951.0,20.19,10581.4,5325.57,15906.97
2026-04-17,12,15837.0,4.23,16.65,13515.0,15.27,9099.72,4369.3,13469.02
2026-04-17,13,15808.0,4.59,16.63,11761.0,12.35,8042.23,3707.93,11750.17
2026-04-17,14,15844.0,5.04,16.69,11752.0,12.07,7965.55,3796.3,11761.85
2026-04-17,15,14993.0,5.46,15.8,11954.0,12.35,8091.53,3864.13,11955.67
2026-04-17,16,14816.0,5.67,17.51,14068.0,16.27,9387.0,4736.58,14123.58
2026-04-17,17,14608.0,5.6,17.75,16721.0,21.72,11000.78,5750.25,16751.03
2026-04-17,18,14617.0,5.36,17.8,17520.0,23.85,11523.68,6002.17,17525.85
2026-04-17,19,13951.0,5.07,18.17,17414.0,24.17,11494.15,5915.42,17409.57
2026-04-17,20,13391.0,4.69,18.56,17649.0,25.0,11687.25,5962.87,17650.12
2026-04-17,21,13670.0,4.34,18.39,16456.0,22.29,10955.82,5469.08,16424.9
2026-04-17,22,13917.0,4.18,18.32,14714.0,17.95,9679.5,4991.17,14670.67
2026-04-17,23,13607.0,4.33,18.69,10402.0,10.22,6935.3,3398.97,10334.27
2026-04-18,0,10150.0,4.68,11.0,7840.0,5.91,5441.1,2378.65,7819.75
2026-04-18,1,9308.0,4.93,10.1,7018.0,5.18,4945.25,2059.8,7005.05
2026-04-18,2,8927.0,5.18,10.36,6509.0,4.94,4642.83,1856.62,6499.45
2026-04-18,3,8494.0,5.44,10.53,6020.0,4.58,4379.53,1634.1,6013.63
2026-04-18,4,8284.0,5.7,10.55,5801.0,4.54,4263.48,1534.4,5797.88
2026-04-18,5,9117.0,5.94,12.54,8261.0,7.86,5785.77,2566.95,8352.72
2026-04-18,6,12343.0,5.78,17.76,14961.0,19.19,10090.33,4982.95,15073.28
2026-04-18,7,14360.0,5.41,18.1,19688.0,29.47,12984.32,6751.17,19735.48
2026-04-18,8,14197.0,4.79,17.88,20846.0,32.59,13641.85,7206.87,20848.72
2026-04-18,9,16266.0,4.23,16.07,20687.0,32.21,13554.03,7120.07,20674.1
2026-04-18,10,16838.0,3.85,15.12,19734.0,29.58,12923.63,6793.27,19716.9
2026-04-18,11,16993.0,3.7,14.71,17552.0,23.99,11599.2,5905.13,17504.33
2026-04-18,12,16162.0,3.74,14.87,15833.0,19.88,10548.88,5266.8,15815.68
2026-04-18,13,15586.0,3.82,15.02,14398.0,16.97,9666.45,4707.78,14374.23
2026-04-18,14,15943.0,4.02,15.43,13310.0,14.63,8895.52,4396.82,13292.33
2026-04-18,15,17033.0,4.41,16.65,12854.0,13.79,8597.77,4261.95,12859.72
2026-04-18,16,16464.0,4.78,17.43,14743.0,17.44,9787.08,5003.76,14790.85
2026-04-18,17,15481.0,4.79,17.75,16947.0,22.25,11131.54,5836.15,16967.69
2026-04-18,18,15524.0,4.61,17.78,17981.0,24.98,11774.73,6221.63,17996.36
2026-04-18,19,15254.0,4.39,17.42,17820.0,25.11,11735.27,6068.75,17804.02
2026-04-18,20,14496.0,4.13,16.4,17524.0,24.66,11600.23,5923.82,17524.05
2026-04-18,21,14420.0,3.89,16.25,16623.0,22.54,11003.53,5604.93,16608.47
2026-04-18,22,15064.0,3.78,15.93,14939.0,18.46,9793.03,5091.23,14884.27
2026-04-18,23,14949.0,4.01,15.65,11437.0,11.74,7572.65,3815.72,11388.37
2026-04-19,0,10534.0,4.4,10.13,7680.0,5.68,5317.6,2315.17,7632.77
2026-04-19,1,10314.0,4.73,9.37,7089.0,5.18,4993.88,2089.3,7083.18
2026-04-19,2,9966.0,5.08,9.71,6520.0,4.81,4647.77,1857.42,6505.18
2026-04-19,3,9651.0,5.46,10.01,5996.0,4.49,4350.83,1639.72,5990.55
2026-04-19,4,9594.0,5.86,10.36,5775.0,4.41,4232.38,1540.72,5773.1
2026-04-19,5,9773.0,6.18,12.46,8445.0,8.37,5899.93,2651.8,8551.73
2026-04-19,6,13326.0,6.14,16.78,14076.0,17.78,9497.77,4654.97,14152.73
2026-04-19,7,15725.0,5.99,17.96,18820.0,27.79,12430.92,6454.32,18885.23
2026-04-19,8,15599.0,5.55,17.61,20838.0,32.6,13654.33,7189.92,20844.25
2026-04-19,9,15321.0,5.0,17.25,21002.0,33.11,13755.1,7246.12,21001.22
2026-04-19,10,15999.0,4.48,15.99,20465.0,31.61,13416.13,7035.98,20452.12
2026-04-19,11,16286.0,4.16,15.91,18359.0,25.97,12109.32,6199.75,18309.07
2026-04-19,12,16492.0,4.1,16.14,16318.0,20.86,10844.67,5451.15,16295.82
2026-04-19,13,16549.0,4.2,16.19,15017.0,18.17,10049.52,4943.67,14993.18
2026-04-19,14,16480.0,4.45,16.12,13594.0,15.2,9096.88,4479.12,13576.0
2026-04-19,15,16443.0,4.79,16.05,13127.0,14.36,8815.0,4309.47,13124.47
2026-04-19,16,16609.0,5.11,16.29,14686.0,17.39,9782.9,4963.72,14746.62
2026-04-19,17,15726.0,5.14,18.64,17121.0,22.59,11233.8,5906.7,17140.5
2026-04-19,18,15738.0,4.97,18.34,18200.0,25.44,11952.62,6254.53,18207.15
2026-04-19,19,15588.0,4.73,18.12,18340.0,26.24,12082.08,6262.48,18344.57
2026-04-19,20,14852.0,4.43,17.08,18276.0,26.25,12085.4,6177.8,18263.2
2026-04-19,21,14875.0,4.17,17.11,16906.0,23.26,11205.15,5672.25,16877.4
2026-04-19,22,15608.0,4.14,18.14,14444.0,17.66,9567.65,4821.37,14389.02
2026-04-19,23,14223.0,4.45,17.94,10811.0,10.94,7147.25,3601.55,10748.8
2026-04-20,0,10831.0,4.78,10.29,7635.0,5.72,5264.42,2346.22,7610.63
2026-04-20,1,10858.0,5.18,10.3,7017.0,5.2,4915.8,2082.18,6997.98
2026-04-20,2,10196.0,5.6,10.46,6282.0,4.78,4490.28,1783.07,6273.35
2026-04-20,3,10057.0,6.01,10.97,6101.0,4.72,4419.05,1686.53,6105.58
2026-04-20,4,8021.0,6.39,11.21,5873.0,4.82,4289.45,1581.57,5871.02
2026-04-20,5,8777.0,6.36,14.63,10362.0,11.23,7085.82,3398.28,10484.1
2026-04-20,6,13488.0,6.07,16.9,17694.0,25.41,11773.27,6039.08,17812.35
2026-04-20,7,16485.0,5.61,17.36,21146.0,33.51,13866.02,7292.93,21158.95
2026-04-20,8,17101.0,5.21,16.64,20937.0,32.83,13685.67,7242.43,20928.1
2026-04-20,9,15192.0,4.8,16.31,19857.0,29.87,12957.85,6869.17,19827.02
2026-04-20,10,15225.0,4.43,16.99,17629.0,24.33,11579.83,6010.95,17590.78
2026-04-20,11,15179.0,4.31,16.92,15446.0,19.33,10323.48,5082.92,15406.4
2026-04-20,12,15253.0,4.43,16.97,13274.0,14.86,8937.53,4303.85,13241.38
2026-04-20,13,14594.0,4.7,17.59,12016.0,12.64,8170.45,3844.18,12014.63
2026-04-20,14,14627.0,4.98,17.72,11997.0,12.39,8074.98,3916.68,11991.67
2026-04-20,15,14658.0,5.28,17.81,11975.0,12.28,8066.42,3915.48,11981.9
2026-04-20,16,14849.0,5.5,18.06,14166.0,16.4,9436.13,4797.7,14233.83
2026-04-20,17,14794.0,5.41,17.99,17176.0,22.64,11262.47,5938.77,17201.23
2026-04-20,18,14736.0,5.12,17.91,18205.0,25.39,11946.8,6267.9,18214.7
2026-04-20,19,14661.0,4.76,17.81,18679.0,27.05,12286.03,6395.25,18681.28
2026-04-20,20,15057.0,4.38,17.46,18580.0,26.88,12242.92,6322.17,18565.08
2026-04-20,21,15645.0,4.18,16.71,16921.0,23.09,11208.28,5681.33,16889.62
2026-04-20,22,15469.0,4.17,16.88,14655.0,17.96,9693.12,4913.53,14606.65
2026-04-20,23,13999.0,4.41,18.45,11019.0,11.19,7256.22,3696.07,10952.28
2026-04-21,0,9903.0,4.68,9.88,7600.0,5.75,5231.43,2340.65,7572.08
2026-04-21,1,10742.0,5.03,9.71,7171.0,5.3,5026.5,2139.57,7166.07
2026-04-21,2,10475.0,5.43,10.32,6517.0,4.9,4632.17,1873.22,6505.38
2026-04-21,3,10424.0,5.86,10.54,6336.0,4.87,4561.2,1775.78,6336.98
2026-04-21,4,10123.0,6.27,10.84,6565.0,5.42,4710.83,1868.08,6578.92
2026-04-21,5,7225.0,6.34,12.06,10719.0,11.56,7306.07,3539.28,10845.35
2026-04-21,6,11038.0,5.69,14.26,18390.0,26.79,12202.55,6285.0,18487.55
2026-04-21,7,15067.0,5.01,16.81,21435.0,33.96,13998.98,7444.28,21443.27
2026-04-21,8,15509.0,4.43,17.42,20835.0,32.47,13590.63,7231.25,20821.88
2026-04-21,9,15742.0,3.98,17.25,19253.0,28.58,12628.93,6590.03,19218.97
2026-04-21,10,16988.0,3.81,16.54,17443.0,23.9,11484.52,5937.7,17422.22
2026-04-21,11,16722.0,3.87,16.25,15245.0,18.89,10143.77,5060.82,15204.58
2026-04-21,12,16645.0,4.15,16.18,13086.0,14.58,8848.35,4198.08,13046.43
2026-04-21,13,16665.0,4.63,16.17,11617.0,12.0,7943.33,3665.62,11608.95
2026-04-21,14,15989.0,5.18,15.55,11430.0,11.54,7732.63,3693.32,11425.95
2026-04-21,15,15339.0,5.63,17.19,11796.0,12.23,7969.38,3837.47,11806.85
2026-04-21,16,14639.0,5.85,17.65,14052.0,16.21,9354.72,4772.95,14127.67
2026-04-21,17,14283.0,5.72,18.12,17421.0,23.09,11425.82,6011.98,17437.8
2026-04-21,18,13875.0,5.36,18.15,18314.0,25.88,12025.98,6302.85,18328.83
2026-04-21,19,13891.0,4.88,18.17,19035.0,27.87,12516.1,6525.23,19041.33
2026-04-21,20,15150.0,4.41,17.49,18980.0,27.74,12480.62,6481.2,18961.82
2026-04-21,21,15113.0,4.17,17.31,17195.0,23.73,11384.78,5782.45,17167.23
2026-04-21,22,14928.0,4.09,17.51,14590.0,17.76,9646.0,4886.22,14532.22
2026-04-21,23,14277.0,4.32,18.13,10652.0,10.57,7035.32,3561.4,10596.72
2026-04-22,0,9459.0,4.63,10.28,7760.0,5.87,5350.95,2375.23,7726.18
2026-04-22,1,9725.0,4.86,9.8,7310.0,5.4,5129.4,2167.78,7297.18
2026-04-22,2,9626.0,5.15,10.44,6633.0,4.95,4720.97,1905.2,6626.17
2026-04-22,3,9580.0,5.47,10.7,6477.0,4.92,4621.77,1849.9,6471.67
2026-04-22,4,10035.0,5.84,10.45,5970.0,4.72,4326.78,1648.45,5975.23
2026-04-22,5,12060.0,6.22,14.96,10675.0,11.29,7246.68,3569.48,10816.17
2026-04-22,6,15050.0,6.06,17.27,18298.0,26.67,12114.37,6276.95,18391.32
2026-04-22,7,17183.0,5.65,16.36,21402.0,34.09,13979.98,7434.02,21414.0
2026-04-22,8,17732.0,5.3,15.58,20969.0,32.92,13700.47,7255.4,20955.87
2026-04-22,9,17251.0,5.06,15.69,19400.0,28.72,12699.3,6665.2,19364.5
2026-04-22,10,15490.0,4.86,16.85,17559.0,24.35,11550.28,5991.25,17541.53
2026-04-22,11,15433.0,4.73,16.77,15878.0,20.26,10509.6,5317.38,15826.98
2026-04-22,12,15428.0,4.84,16.78,13445.0,15.1,9048.65,4377.75,13426.4
2026-04-22,13,15323.0,5.02,16.86,12649.0,13.7,8489.85,4132.37,12622.22
2026-04-22,14,14565.0,5.42,17.67,11810.0,12.22,7954.53,3861.9,11816.43
2026-04-22,15,13699.0,5.68,18.57,11960.0,12.43,8025.1,3939.82,11964.92
2026-04-22,16,13224.0,5.77,18.14,14157.0,16.39,9404.27,4828.55,14232.82
2026-04-22,17,12988.0,5.47,17.7,17361.0,23.16,11376.87,6007.5,17384.37
2026-04-22,18,13069.0,4.98,17.7,18405.0,25.83,12063.87,6354.02,18417.88
2026-04-22,19,14736.0,4.5,16.3,18999.0,27.77,12488.03,6514.83,19002.87
2026-04-22,20,15314.0,4.1,15.62,19082.0,28.07,12563.35,6510.6,19073.95
2026-04-22,21,15594.0,3.83,15.25,17761.0,24.85,11721.98,6006.0,17727.98
2026-04-22,22,15476.0,3.73,15.14,15535.0,19.41,10132.77,5355.65,15488.42
2026-04-22,23,15542.0,3.97,16.04,11611.0,11.87,7602.53,3935.95,11538.48
2026-04-23,0,11081.0,4.37,10.22,7915.0,6.04,5411.8,2472.07,7883.87
2026-04-23,1,10959.0,4.75,10.13,7142.0,5.32,4959.8,2167.7,7127.5
2026-04-23,2,10607.0,5.17,10.42,6577.0,4.91,4643.72,1926.93,6570.65
2026-04-23,3,10505.0,5.6,10.61,6414.0,4.9,4573.52,1841.73,6415.25
2026-04-23,4,10308.0,6.03,10.57,6222.0,4.95,4444.55,1772.64,6217.19
2026-04-23,5,8796.0,6.2,11.91,10769.0,11.62,7339.25,3585.9,10925.15
2026-04-23,6,15977.0,5.95,17.05,18519.0,27.23,12232.68,6380.92,18613.6
2026-04-23,7,16567.0,5.51,18.34,21611.0,34.67,14106.12,7503.6,21609.72
2026-04-23,8,15983.0,5.02,17.57,20835.0,32.5,13583.78,7235.72,20819.5
2026-04-23,9,15561.0,4.58,17.06,19447.0,29.02,12709.42,6710.87,19420.28
2026-04-23,10,15456.0,4.3,16.88,17629.0,24.4,11579.68,6021.02,17600.7
2026-04-23,11,15422.0,4.17,16.85,15792.0,20.07,10473.4,5276.77,15750.17
2026-04-23,12,15457.0,4.27,16.91,13562.0,15.35,9135.38,4392.0,13527.38
2026-04-23,13,15563.0,4.59,17.02,12037.0,12.69,8194.38,3827.77,12022.15
2026-04-23,14,15585.0,4.98,17.09,11890.0,12.26,8023.98,3875.05,11899.03
2026-04-23,15,15622.0,5.37,17.11,12101.0,12.48,8136.02,3970.18,12106.2
2026-04-23,16,14862.0,5.65,17.87,14145.0,16.24,9409.98,4798.12,14208.1
2026-04-23,17,14617.0,5.54,17.97,17296.0,23.04,11352.83,5981.83,17334.67
2026-04-23,18,14577.0,5.2,17.94,18648.0,26.58,12201.85,6450.22,18652.07
2026-04-23,19,14561.0,4.82,17.78,18585.0,26.7,12209.25,6375.18,18584.43
2026-04-23,20,15212.0,4.45,16.95,18894.0,27.81,12438.67,6450.08,18888.75
2026-04-23,21,15290.0,4.16,16.79,17411.0,24.21,11528.28,5850.33,17378.62
2026-04-23,22,15601.0,4.16,16.06,14196.0,18.44,9833.62,4301.9,14135.52
2026-04-23,23,14663.0,4.44,16.57,10741.0,11.52,7505.78,3184.47,10690.25
2026-04-24,0,10009.0,4.82,10.06,7738.0,5.85,5415.78,2288.25,7704.03
2026-04-24,1,10703.0,5.11,10.23,7602.0,5.67,5258.93,2339.23,7598.17
2026-04-24,2,10398.0,5.45,10.83,7026.0,5.34,4895.18,2122.92,7018.1
2026-04-24,3,10478.0,5.82,11.47,6837.0,5.26,4808.97,2026.45,6835.42
2026-04-24,4,10133.0,6.22,11.71,6385.0,5.07,4523.43,1855.47,6378.9
2026-04-24,5,9503.0,6.35,15.06,11329.0,12.6,7657.18,3828.17,11485.35
2026-04-24,6,15288.0,6.08,16.92,18539.0,27.39,12289.27,6335.6,18624.87
2026-04-24,7,15663.0,5.61,17.38,21194.0,33.79,13896.02,7288.73,21184.75
2026-04-24,8,15533.0,5.12,17.19,19895.0,30.54,13048.9,6823.13,19872.03
2026-04-24,9,15528.0,4.78,17.19,18322.0,26.6,12078.25,6217.73,18295.98
2026-04-24,10,15364.0,4.59,17.01,16780.0,22.75,11091.65,5669.27,16760.92
2026-04-24,11,15381.0,4.53,16.99,15442.0,19.37,10250.75,5150.87,15401.62
2026-04-24,12,15412.0,4.66,17.04,13108.0,14.58,8844.33,4234.58,13078.92
2026-04-24,13,15441.0,4.99,17.12,11967.0,12.71,8161.75,3803.82,11965.57
2026-04-24,14,15897.0,5.38,17.7,12040.0,12.58,8099.77,3938.52,12038.28
2026-04-24,15,16088.0,5.8,18.0,12132.0,12.66,8137.75,3998.13,12135.88
2026-04-24,16,15971.0,6.17,17.87,14064.0,16.26,9352.55,4771.02,14123.57
2026-04-24,17,13750.0,6.11,16.77,16721.0,21.84,11031.27,5717.83,16749.1
2026-04-24,18,13692.0,5.73,16.78,18130.0,25.43,11914.5,6232.0,18146.5
2026-04-24,19,13502.0,5.27,16.51,18370.0,26.49,12112.83,6253.15,18365.98
2026-04-24,20,13389.0,4.82,16.35,18025.0,25.71,11926.45,6089.92,18016.37
2026-04-24,21,13336.0,4.39,16.27,17075.0,23.66,11333.88,5708.28,17042.17
2026-04-24,22,13317.0,4.16,16.25,14433.0,17.79,9661.0,4712.65,14373.65
2026-04-24,23,12994.0,4.26,15.84,11001.0,11.27,7326.83,3624.85,10951.68
2026-04-25,0,10699.0,4.53,9.85,7808.0,5.83,5383.57,2400.13,7783.7
2026-04-25,1,10609.0,4.87,10.25,7370.0,5.47,5128.62,2230.27,7358.88
2026-04-25,2,10803.0,5.23,10.86,7276.0,5.61,5063.33,2213.42,7276.75
2026-04-25,3,11057.0,5.63,12.03,7065.0,5.51,4934.3,2132.1,7066.4
2026-04-25,4,10864.0,6.08,12.59,27469.0,5.24,15096.38,13342.65,28439.03
2026-04-25,5,7144.0,6.22,13.55,65538.0,9.83,32769.0,32769.0,65538.0
2026-04-25,6,12741.0,5.86,17.44,65538.0,21.65,32769.0,32769.0,65538.0
2026-04-25,7,14884.0,5.42,17.56,65538.0,31.78,32769.0,32769.0,65538.0
2026-04-25,8,15861.0,4.86,16.53,65538.0,34.25,32769.0,32769.0,65538.0
2026-04-25,9,15999.0,4.35,16.7,65538.0,32.25,32769.0,32769.0,65538.0
2026-04-25,10,16564.0,4.01,17.4,65538.0,28.04,32769.0,32769.0,65538.0
2026-04-25,11,16570.0,3.91,17.39,65538.0,22.41,32769.0,32769.0,65538.0
2026-04-25,12,16534.0,4.0,17.37,65538.0,19.43,32769.0,32769.0,65538.0
2026-04-25,13,16543.0,4.17,17.4,65538.0,17.09,32769.0,32769.0,65538.0
2026-04-25,14,16348.0,4.46,17.15,65538.0,15.16,32769.0,32769.0,65538.0
2026-04-25,15,16353.0,4.78,17.16,65538.0,15.02,32769.0,32769.0,65538.0
2026-04-25,16,16418.0,5.03,17.22,65538.0,18.63,32769.0,32769.0,65538.0
2026-04-25,17,15162.0,5.0,17.78,65538.0,23.84,32769.0,32769.0,65538.0
2026-04-25,18,14657.0,4.71,18.05,65538.0,25.31,32769.0,32769.0,65538.0
2026-04-25,19,14617.0,4.39,17.99,65538.0,26.27,32769.0,32769.0,65538.0
2026-04-25,20,14579.0,4.05,17.93,65538.0,26.12,32769.0,32769.0,65538.0
2026-04-25,21,14538.0,3.76,17.91,65538.0,23.84,32769.0,32769.0,65538.0
2026-04-25,22,14593.0,3.62,17.95,65538.0,19.39,32769.0,32769.0,65538.0
2026-04-25,23,14647.0,3.77,18.02,65538.0,11.65,32769.0,32769.0,65538.0
2026-04-26,0,12049.0,4.21,11.66,65538.0,6.2,32769.0,32769.0,65538.0
2026-04-26,1,12276.0,4.65,10.45,65538.0,5.98,32769.0,32769.0,65538.0
2026-04-26,2,11223.0,5.11,10.19,65538.0,5.25,32769.0,32769.0,65538.0
2026-04-26,3,10843.0,5.56,10.46,65538.0,4.83,32769.0,32769.0,65538.0
2026-04-26,4,11451.0,6.06,11.29,65538.0,5.24,32769.0,32769.0,65538.0
2026-04-26,5,8529.0,6.33,16.85,65538.0,8.76,32769.0,32769.0,65538.0
2026-04-26,6,14292.0,6.28,17.32,65538.0,19.1,32769.0,32769.0,65538.0
2026-04-26,7,15445.0,6.1,17.06,65538.0,28.82,32769.0,32769.0,65538.0
2026-04-26,8,16098.0,5.65,17.99,65538.0,33.76,32769.0,32769.0,65538.0
2026-04-26,9,15895.0,5.14,17.73,65538.0,34.05,32769.0,32769.0,65538.0
2026-04-26,10,15790.0,4.63,17.55,65538.0,32.47,32769.0,32769.0,65538.0
2026-04-26,11,15454.0,4.23,17.08,65538.0,26.27,32769.0,32769.0,65538.0
2026-04-26,12,15302.0,4.03,16.89,65538.0,21.86,32769.0,32769.0,65538.0
2026-04-26,13,15293.0,4.01,16.87,65538.0,17.93,32769.0,32769.0,65538.0
2026-04-26,14,15536.0,4.15,16.87,65538.0,15.24,32769.0,32769.0,65538.0
2026-04-26,15,16437.0,4.45,16.22,65538.0,14.79,32769.0,32769.0,65538.0
2026-04-26,16,16638.0,4.76,16.09,65538.0,17.8,32769.0,32769.0,65538.0
2026-04-26,17,15611.0,4.77,17.27,65538.0,22.21,32769.0,32769.0,65538.0
2026-04-26,18,15915.0,4.61,17.72,65538.0,25.78,32769.0,32769.0,65538.0
2026-04-26,19,16209.0,4.42,18.16,65538.0,26.86,32769.0,32769.0,65538.0
2026-04-26,20,15791.0,4.21,18.47,65538.0,26.6,32769.0,32769.0,65538.0
2026-04-26,21,15244.0,4.02,18.94,65538.0,23.58,32769.0,32769.0,65538.0
2026-04-26,22,15046.0,3.95,18.64,65538.0,18.64,32769.0,32769.0,65538.0
2026-04-26,23,15082.0,4.19,18.68,65538.0,11.19,32769.0,32769.0,65538.0
2026-04-27,0,10756.0,4.56,11.78,65538.0,6.95,32769.0,32769.0,65538.0
2026-04-27,1,10536.0,4.85,12.1,65538.0,5.89,32769.0,32769.0,65538.0
2026-04-27,2,10085.0,5.18,13.06,65538.0,5.4,32769.0,32769.0,65538.0
2026-04-27,3,10230.0,5.54,14.69,65538.0,5.33,32769.0,32769.0,65538.0
2026-04-27,4,9523.0,5.91,13.44,65538.0,5.13,32769.0,32769.0,65538.0
2026-04-27,5,10769.0,6.13,13.07,65538.0,11.34,32769.0,32769.0,65538.0
2026-04-27,6,14000.0,5.91,17.49,65538.0,26.9,32769.0,32769.0,65538.0
2026-04-27,7,15631.0,5.38,17.78,65538.0,34.15,32769.0,32769.0,65538.0
2026-04-27,8,15669.0,4.83,17.49,65538.0,33.01,32769.0,32769.0,65538.0
2026-04-27,9,15560.0,4.39,17.34,65538.0,29.2,32769.0,32769.0,65538.0
2026-04-27,10,15153.0,4.07,16.78,65538.0,25.16,32769.0,32769.0,65538.0
2026-04-27,11,15303.0,3.9,16.96,65538.0,20.57,32769.0,32769.0,65538.0
2026-04-27,12,15307.0,3.99,16.98,65538.0,15.2,32769.0,32769.0,65538.0
2026-04-27,13,15371.0,4.29,17.06,65538.0,13.07,32769.0,32769.0,65538.0
2026-04-27,14,15401.0,4.64,17.12,65538.0,12.74,32769.0,32769.0,65538.0
2026-04-27,15,15472.0,5.01,17.21,65538.0,12.68,32769.0,32769.0,65538.0
2026-04-27,16,15488.0,5.3,17.25,65538.0,16.67,32769.0,32769.0,65538.0
2026-04-27,17,14734.0,5.25,17.88,65538.0,22.4,32769.0,32769.0,65538.0
2026-04-27,18,14628.0,4.97,17.89,65538.0,25.88,32769.0,32769.0,65538.0
2026-04-27,19,14607.0,4.62,17.79,65538.0,26.54,32769.0,32769.0,65538.0
2026-04-27,20,15106.0,4.26,17.27,65538.0,27.08,32769.0,32769.0,65538.0
2026-04-27,21,15291.0,4.04,16.99,65538.0,23.34,32769.0,32769.0,65538.0
2026-04-27,22,15254.0,4.0,16.98,65538.0,17.83,32769.0,32769.0,65538.0
2026-04-27,23,13558.0,4.21,18.36,65538.0,10.99,32769.0,32769.0,65538.0
2026-04-28,0,9321.0,4.46,10.45,65538.0,5.81,32769.0,32769.0,65538.0
2026-04-28,1,9477.0,4.7,10.36,65538.0,5.28,32769.0,32769.0,65538.0
2026-04-28,2,9136.0,4.96,10.78,65538.0,5.0,32769.0,32769.0,65538.0
2026-04-28,3,9073.0,5.25,11.43,65538.0,4.51,32769.0,32769.0,65538.0
2026-04-28,4,10108.0,5.64,11.14,65538.0,4.81,32769.0,32769.0,65538.0
2026-04-28,5,9893.0,5.83,12.57,65538.0,11.66,32769.0,32769.0,65538.0
2026-04-28,6,14814.0,5.57,17.18,65538.0,27.06,32769.0,32769.0,65538.0
2026-04-28,7,15572.0,5.09,17.4,65538.0,33.81,32769.0,32769.0,65538.0
2026-04-28,8,15435.0,4.55,17.23,65538.0,31.41,32769.0,32769.0,65538.0
2026-04-28,9,15339.0,4.14,17.1,65538.0,27.04,32769.0,32769.0,65538.0
2026-04-28,10,15687.0,3.91,16.67,65538.0,23.42,32769.0,32769.0,65538.0
2026-04-28,11,15498.0,3.88,16.72,65538.0,18.49,32769.0,32769.0,65538.0
2026-04-28,12,15236.0,4.04,17.03,65538.0,13.91,32769.0,32769.0,65538.0
2026-04-28,13,15290.0,4.43,17.05,65538.0,11.37,32769.0,32769.0,65538.0
2026-04-28,14,15405.0,4.88,17.15,65538.0,11.37,32769.0,32769.0,65538.0
2026-04-28,15,15461.0,5.32,17.24,65538.0,11.55,32769.0,32769.0,65538.0
2026-04-28,16,15514.0,5.68,17.34,65538.0,15.64,32769.0,32769.0,65538.0
2026-04-28,17,15482.0,5.69,17.29,65538.0,22.03,32769.0,32769.0,65538.0
2026-04-28,18,13983.0,5.5,18.42,65538.0,23.46,32769.0,32769.0,65538.0
2026-04-28,19,14287.0,5.12,18.18,65538.0,25.45,32769.0,32769.0,65538.0
2026-04-28,20,14502.0,4.76,17.86,65538.0,26.8,32769.0,32769.0,65538.0
2026-04-28,21,14320.0,4.44,17.91,65538.0,22.79,32769.0,32769.0,65538.0
2026-04-28,22,13399.0,4.32,18.55,65538.0,16.4,32769.0,32769.0,65538.0
2026-04-28,23,12746.0,4.45,19.37,65538.0,10.56,32769.0,32769.0,65538.0
2026-04-29,0,8368.0,4.65,10.43,65538.0,5.98,32769.0,32769.0,65538.0
2026-04-29,1,9682.0,4.81,10.02,65538.0,5.47,32769.0,32769.0,65538.0
2026-04-29,2,9481.0,5.09,11.14,65538.0,5.13,32769.0,32769.0,65538.0
2026-04-29,3,9306.0,5.41,12.38,65538.0,4.76,32769.0,32769.0,65538.0
2026-04-29,4,10630.0,5.83,12.12,65538.0,4.87,32769.0,32769.0,65538.0
2026-04-29,5,8666.0,6.04,12.31,65538.0,11.22,32769.0,32769.0,65538.0
2026-04-29,6,13135.0,5.62,17.42,65538.0,26.13,32769.0,32769.0,65538.0
2026-04-29,7,15942.0,5.15,17.6,65538.0,33.46,32769.0,32769.0,65538.0
2026-04-29,8,15602.0,4.65,17.16,65538.0,31.05,32769.0,32769.0,65538.0
2026-04-29,9,15537.0,4.26,17.03,65538.0,27.43,32769.0,32769.0,65538.0
2026-04-29,10,15458.0,4.04,16.92,65538.0,23.09,32769.0,32769.0,65538.0
2026-04-29,11,15400.0,3.99,16.89,65538.0,18.25,32769.0,32769.0,65538.0
2026-04-29,12,15412.0,4.19,16.9,65538.0,14.0,32769.0,32769.0,65538.0
2026-04-29,13,15490.0,4.55,16.98,65538.0,12.15,32769.0,32769.0,65538.0
2026-04-29,14,15528.0,5.02,17.05,38601.0,11.09,20973.73,16721.3,37695.03
2026-04-29,15,14536.0,5.44,18.01,11426.0,11.56,7689.53,3755.93,11445.47
2026-04-29,16,14513.0,5.65,18.33,14147.0,16.41,9367.63,4833.17,14200.8
2026-04-29,17,14644.0,5.56,18.54,16834.0,22.23,11043.85,5829.32,16873.17
2026-04-29,18,14589.0,5.29,18.58,17850.0,24.83,11699.43,6148.2,17847.63
2026-04-29,19,13008.0,4.89,18.76,18349.0,26.54,12045.1,6312.4,18357.5
2026-04-29,20,14007.0,4.39,16.12,18520.0,26.95,12173.72,6342.1,18515.82
2026-04-29,21,14098.0,4.03,15.73,17081.0,23.58,11283.83,5764.7,17048.53
2026-04-29,22,16088.0,3.91,18.63,15430.0,19.05,10049.67,5338.12,15387.78
2026-04-29,23,16520.0,4.26,20.27,11148.0,11.23,7270.05,3801.47,11071.52
2026-04-30,0,10552.0,4.78,13.27,8301.0,6.44,5508.88,2771.09,8279.97
2026-04-30,1,9465.0,4.97,13.24,7351.0,5.56,5018.77,2318.88,7337.65
2026-04-30,2,9431.0,5.25,14.61,6667.0,5.17,4618.42,2041.47,6659.88
2026-04-30,3,9063.0,5.57,14.51,5768.0,4.38,4083.05,1665.0,5748.05
2026-04-30,4,8329.0,5.91,12.85,5358.0,4.27,3871.92,1497.78,5369.7
2026-04-30,5,11998.0,6.18,15.15,10596.0,11.58,7193.1,3569.98,10763.08
2026-04-30,6,16216.0,6.1,15.57,18979.0,28.37,12507.67,6551.03,19058.7
2026-04-30,7,16451.0,5.68,16.79,21546.0,34.71,14058.3,7495.92,21554.22
2026-04-30,8,16313.0,5.21,16.6,20715.0,32.43,13513.13,7176.05,20689.18
2026-04-30,9,14745.0,4.8,17.59,18905.0,27.88,12389.08,6483.82,18872.9
2026-04-30,10,14196.0,4.47,17.96,16660.0,22.34,10950.83,5673.15,16623.98
2026-04-30,11,14245.0,4.37,18.02,13969.0,16.48,9307.92,4609.42,13917.33
2026-04-30,12,14414.0,4.58,18.28,11766.0,12.44,8013.8,3727.0,11740.8
2026-04-30,13,14487.0,4.93,18.4,11044.0,11.0,7464.73,3579.63,11044.37
2026-04-30,14,14537.0,5.29,18.45,11055.0,11.1,7464.92,3587.7,11052.62
2026-04-30,15,14584.0,5.68,18.55,11050.0,10.95,7461.12,3597.52,11058.63
2026-04-30,16,14658.0,5.96,18.67,13768.0,15.81,9148.63,4692.22,13840.85
2026-04-30,17,14315.0,5.91,18.96,16139.0,20.66,10608.0,5534.7,16142.7
2026-04-30,18,12952.0,5.68,18.8,16444.0,21.72,10822.58,5636.02,16458.6
2026-04-30,19,12408.0,5.27,17.82,17102.0,23.6,11286.3,5822.73,17109.03
2026-04-30,20,12377.0,4.78,17.71,17440.0,24.56,11507.0,5920.35,17427.35
2026-04-30,21,12290.0,4.35,17.58,15949.0,21.21,10595.7,5326.83,15922.53
2026-04-30,22,12360.0,4.06,17.18,14670.0,17.91,9599.53,5035.07,14634.6
2026-04-30,23,12332.0,4.03,16.56,10952.0,10.99,7230.77,3666.3,10897.07
2026-05-01,0,9393.0,4.22,10.57,8226.0,6.21,5580.83,2610.14,8190.97
2026-05-01,1,8644.0,4.37,11.12,7240.0,5.3,5034.18,2189.63,7223.82
2026-05-01,2,8372.0,4.54,11.63,6512.0,4.82,4599.3,1908.23,6507.53
2026-05-01,3,9589.0,4.82,11.46,6099.0,4.55,4360.25,1731.1,6091.35
2026-05-01,4,10631.0,5.27,10.9,5753.0,4.33,4162.3,1584.28,5746.58
2026-05-01,5,11643.0,5.7,13.44,9154.0,9.01,6292.38,2985.6,9277.98
2026-05-01,6,15750.0,5.83,16.97,14908.0,18.91,9965.27,5009.82,14975.08
2026-05-01,7,15910.0,5.76,17.45,18853.0,27.62,12396.77,6502.68,18899.45
2026-05-01,8,15804.0,5.39,17.32,20029.0,30.49,13111.85,6919.47,20031.32
2026-05-01,9,15466.0,4.97,16.88,19694.0,29.7,12929.4,6751.33,19680.73
2026-05-01,10,15353.0,4.6,16.72,18337.0,26.46,12075.3,6237.88,18313.18
2026-05-01,11,15272.0,4.41,16.63,16280.0,21.51,10817.53,5425.4,16242.93
2026-05-01,12,15541.0,4.42,17.0,14644.0,17.7,9790.42,4824.37,14614.78
2026-05-01,13,15908.0,4.65,17.48,12945.0,14.5,8736.3,4188.13,12924.43
2026-05-01,14,14972.0,5.01,18.37,12033.0,12.81,8134.75,3892.48,12027.23
2026-05-01,15,13713.0,5.23,19.09,12098.0,12.77,8103.63,4000.45,12104.08
2026-05-01,16,13631.0,5.36,18.94,13418.0,15.16,8948.82,4503.5,13452.32
2026-05-01,17,13652.0,5.27,18.97,15606.0,19.63,10311.78,5316.93,15628.72
2026-05-01,18,13619.0,5.03,18.92,16622.0,22.09,10945.5,5689.32,16634.82
2026-05-01,19,13986.0,4.76,19.57,16783.0,22.84,11068.02,5714.18,16782.2
2026-05-01,20,13803.0,4.5,19.31,16913.0,23.26,11150.65,5760.63,16911.28
2026-05-01,21,12839.0,4.2,17.61,15959.0,21.23,10585.45,5355.52,15940.97
2026-05-01,22,12510.0,3.98,17.08,13743.0,16.58,9170.32,4516.4,13686.72
2026-05-01,23,12609.0,4.05,17.2,10658.0,10.63,7045.42,3571.68,10617.1
2026-05-02,0,10409.0,4.32,10.56,8115.0,6.11,5493.43,2589.1,8082.53
2026-05-02,1,10242.0,4.59,10.52,7749.0,5.91,5313.47,2437.65,7751.12
2026-05-02,2,9880.0,4.86,11.28,7175.0,5.5,4938.37,2215.78,7154.15
2026-05-02,3,9598.0,5.19,11.72,5896.0,4.38,4200.85,1684.2,5885.05
2026-05-02,4,9783.0,5.62,11.47,5745.0,4.39,4122.45,1621.38,5743.83
2026-05-02,5,9064.0,5.86,11.58,8949.0,8.72,6132.48,2929.18,9061.67
2026-05-02,6,13681.0,5.81,14.66,14725.0,18.52,9796.92,4992.12,14789.03
2026-05-02,7,15750.0,5.63,17.2,18601.0,27.06,12259.95,6397.93,18657.88
2026-05-02,8,15572.0,5.25,17.0,19934.0,30.36,13044.55,6885.2,19929.75
2026-05-02,9,15504.0,4.84,16.95,19735.0,29.79,12913.63,6823.22,19736.85
2026-05-02,10,15460.0,4.44,16.87,19170.0,28.3,12528.0,6621.43,19149.43
2026-05-02,11,15391.0,4.17,16.79,16971.0,22.92,11184.15,5738.82,16922.97
2026-05-02,12,15457.0,4.13,16.87,15221.0,18.75,10088.67,5110.5,15199.17
2026-05-02,13,14460.0,4.2,17.67,13794.0,15.96,9227.7,4548.97,13776.67
2026-05-02,14,14516.0,4.33,17.85,12929.0,14.11,8615.93,4301.95,12917.88
2026-05-02,15,14531.0,4.55,17.92,12348.0,13.06,8240.58,4101.6,12342.18
2026-05-02,16,14635.0,4.76,18.05,13756.0,15.83,9128.98,4677.98,13806.97
2026-05-02,17,14717.0,4.72,18.16,16205.0,20.72,10650.67,5577.58,16228.25
2026-05-02,18,14962.0,4.57,17.95,16889.0,22.56,11098.88,5794.62,16893.5
2026-05-02,19,15191.0,4.42,17.68,17094.0,23.41,11250.7,5843.78,17094.48
2026-05-02,20,15164.0,4.24,17.65,17206.0,23.91,11363.17,5841.23,17204.4
2026-05-02,21,13976.0,4.04,16.0,16428.0,22.22,10863.42,5547.95,16411.37
2026-05-02,22,13822.0,3.9,15.77,14087.0,17.23,9353.15,4663.15,14016.3
2026-05-02,23,13113.0,4.07,15.01,11096.0,11.22,7349.77,3727.08,11076.85
2026-05-03,0,9899.0,4.24,10.56,8282.0,6.41,5615.6,2625.43,8241.03
2026-05-03,1,11226.0,4.55,10.3,7694.0,5.82,5283.98,2402.3,7686.28
2026-05-03,2,10834.0,4.94,10.72,7045.0,5.37,4869.92,2161.78,7031.7
2026-05-03,3,11105.0,5.37,11.98,6722.0,5.2,4677.62,2036.58,6714.2
2026-05-03,4,10757.0,5.86,12.17,6314.0,5.04,4419.17,1883.42,6302.58
2026-05-03,5,10278.0,6.18,11.15,9025.0,9.01,6190.73,2948.47,9139.2
2026-05-03,6,14651.0,6.22,16.22,14759.0,18.77,9834.78,4995.82,14830.6
2026-05-03,7,15551.0,6.08,17.43,18729.0,27.57,12325.3,6454.68,18779.98
2026-05-03,8,15541.0,5.68,17.38,20237.0,31.17,13242.02,7005.15,20247.17
2026-05-03,9,15414.0,5.2,17.24,27818.0,31.22,16523.58,11285.95,27809.53
2026-05-03,10,15279.0,4.74,17.06,19591.0,29.46,12819.38,6751.87,19571.25
2026-05-03,11,15228.0,4.43,16.99,17206.0,23.5,11348.38,5814.6,17162.98
2026-05-03,12,15204.0,4.34,16.93,15566.0,19.41,10323.22,5222.85,15546.07
2026-05-03,13,15221.0,4.41,17.01,13840.0,16.02,9266.62,4536.08,13802.7
2026-05-03,14,15283.0,4.65,17.06,12522.0,13.58,8430.68,4089.7,12520.38
2026-05-03,15,15357.0,4.95,17.14,12774.0,13.67,8536.0,4237.57,12773.57
2026-05-03,16,15410.0,5.2,17.22,14166.0,16.45,9411.27,4806.88,14218.15
2026-05-03,17,15379.0,5.22,17.21,16197.0,20.73,10677.88,5531.12,16209.0
2026-05-03,18,15031.0,5.1,17.41,17206.0,23.35,11341.82,5880.97,17222.78
2026-05-03,19,14322.0,4.87,17.85,17410.0,24.3,11483.17,5929.37,17412.53
2026-05-03,20,13624.0,4.53,18.36,17647.0,24.84,11634.12,6008.57,17642.68
2026-05-03,21,13253.0,4.16,18.68,16645.0,22.81,10996.07,5620.37,16616.43
2026-05-03,22,13497.0,3.94,18.57,14496.0,17.62,9471.12,4964.55,14435.67
2026-05-03,23,13752.0,4.08,18.57,10663.0,10.67,6997.58,3622.05,10619.63
2026-05-04,0,8964.0,4.36,11.21,8210.0,6.48,5546.6,2641.65,8188.25
2026-05-04,1,9949.0,4.49,9.68,7519.0,5.59,5177.32,2326.22,7503.53
2026-05-04,2,11243.0,4.87,9.9,6829.0,5.14,4752.72,2068.18,6820.9
2026-05-04,3,11596.0,5.38,10.67,6628.0,5.01,4624.0,2006.18,6630.18
2026-05-04,4,11856.0,5.94,11.34,6503.0,5.07,4535.9,1952.1,6488.0
2026-05-04,5,12180.0,6.4,13.37,9674.0,9.57,6549.67,3247.02,9796.68
2026-05-04,6,15826.0,6.46,16.04,16629.0,22.49,11029.93,5690.73,16720.67
2026-05-04,7,16047.0,6.21,16.85,20144.0,30.75,13210.25,6967.22,20177.47
2026-05-04,8,14527.0,5.69,18.43,20728.0,32.32,13529.55,7192.05,20721.6
2026-05-04,9,14918.0,5.13,18.04,20167.0,30.98,13152.68,6996.28,20148.97
2026-05-04,10,14874.0,4.67,17.92,19069.0,28.12,12449.85,6602.37,19052.22
2026-05-04,11,14823.0,4.34,17.87,17155.0,23.33,11294.5,5822.0,17116.5
2026-05-04,12,14697.0,4.21,17.72,15547.0,19.41,10290.55,5237.53,15528.08
2026-05-04,13,14655.0,4.21,17.67,14144.0,16.47,9360.97,4752.67,14113.63
2026-05-04,14,14985.0,4.35,17.58,13136.0,14.4,8710.53,4420.8,13131.33
2026-05-04,15,15414.0,4.6,17.36,13021.0,14.09,8654.12,4377.12,13031.23
2026-05-04,16,15358.0,4.82,17.33,14653.0,17.22,9692.67,5001.38,14694.05
2026-05-04,17,15417.0,4.83,17.33,16237.0,20.88,10703.1,5540.82,16243.92
2026-05-04,18,15360.0,4.77,17.3,16532.0,21.96,10930.65,5611.45,16542.1
2026-05-04,19,15303.0,4.62,17.26,17652.0,24.79,11624.25,6035.67,17659.92
2026-05-04,20,15295.0,4.41,17.18,17547.0,24.64,11572.3,5971.82,17544.12
2026-05-04,21,14924.0,4.23,17.39,16647.0,22.63,11045.38,5584.42,16629.8
2026-05-04,22,14293.0,4.12,17.96,14643.0,17.8,9602.8,4973.82,14576.62
2026-05-04,23,14345.0,4.33,18.12,10527.0,10.41,6956.22,3519.58,10475.8
2026-05-05,0,10034.0,4.67,10.93,8240.0,6.16,5607.5,2616.33,8223.83
2026-05-05,1,10061.0,4.9,10.32,7365.0,5.35,5078.53,2265.31,7343.83
2026-05-05,2,9976.0,5.22,10.47,6794.0,5.02,4746.8,2041.52,6788.32
2026-05-05,3,9886.0,5.57,11.05,6522.0,4.88,4603.97,1917.85,6521.82
2026-05-05,4,9784.0,5.94,11.34,6247.0,4.9,4405.1,1833.63,6238.73
2026-05-05,5,10084.0,6.13,13.4,10837.0,11.84,7352.43,3633.77,10986.2
2026-05-05,6,13759.0,5.84,17.12,17853.0,25.97,11837.52,6101.23,17938.75
2026-05-05,7,15038.0,5.37,18.31,20421.0,31.86,13367.92,7048.43,20416.35
2026-05-05,8,14945.0,4.88,18.15,19477.0,29.36,12746.25,6715.7,19461.95
2026-05-05,9,14706.0,4.49,17.82,17988.0,25.74,11775.53,6183.1,17958.63
2026-05-05,10,14631.0,4.25,17.72,16558.0,22.11,10870.63,5667.65,16538.28
2026-05-05,11,14629.0,4.14,17.71,15036.0,18.44,9942.1,5054.55,14996.65
2026-05-05,12,14906.0,4.23,18.09,12937.0,14.3,8693.47,4210.08,12903.55
2026-05-05,13,15327.0,4.57,18.83,11366.0,11.73,7707.88,3647.83,11355.72
2026-05-05,14,14534.0,4.98,17.63,11302.0,11.38,7575.22,3731.18,11306.4
2026-05-05,15,13810.0,5.27,16.52,11334.0,11.48,7659.33,3674.53,11333.87
2026-05-05,16,13866.0,5.5,16.61,12765.0,14.18,8567.45,4250.02,12817.47
2026-05-05,17,13843.0,5.5,16.58,14897.0,18.56,9913.77,4997.8,14911.57
2026-05-05,18,13484.0,5.33,16.04,16232.0,21.59,10772.45,5481.58,16254.03
2026-05-05,19,13333.0,5.0,15.86,17371.0,24.26,11464.65,5920.35,17385.0
2026-05-05,20,13245.0,4.58,15.72,17724.0,25.19,11698.33,6026.85,17725.18
2026-05-05,21,13179.0,4.19,15.63,16625.0,22.59,10998.23,5602.97,16601.2
2026-05-05,22,13119.0,3.95,15.55,14516.0,17.7,9497.02,4956.95,14453.97
2026-05-05,23,13193.0,4.04,15.62,10856.0,10.86,7160.42,3645.17,10805.58
2026-05-06,0,9071.0,4.3,9.43,7423.0,5.38,5102.62,2286.73,7389.35
2026-05-06,1,9028.0,4.48,9.67,7258.0,5.37,5039.92,2208.27,7248.18
2026-05-06,2,8672.0,4.69,10.47,6548.0,4.88,4588.97,1954.57,6543.53
2026-05-06,3,10144.0,4.98,10.98,6345.0,4.83,4468.42,1869.08,6337.5
2026-05-06,4,12340.0,5.55,10.72,5855.0,4.63,4167.35,1681.48,5848.83
2026-05-06,5,11733.0,5.98,11.55,11013.0,12.36,7479.32,3703.77,11183.08
2026-05-06,6,17007.0,5.93,15.63,18172.0,26.69,12035.12,6210.48,18245.6
2026-05-06,7,17770.0,5.73,16.3,20827.0,32.99,13638.0,7196.33,20834.33
2026-05-06,8,16573.0,5.41,15.07,20097.0,30.98,13181.02,6896.73,20077.75
2026-05-06,9,17153.0,5.18,15.64,18611.0,27.35,12236.72,6341.87,18578.58
2026-05-06,10,14833.0,5.03,17.19,16786.0,22.8,11050.87,5711.3,16762.17
2026-05-06,11,13684.0,4.87,18.08,14975.0,18.44,9939.22,4997.97,14937.18
2026-05-06,12,13647.0,4.89,18.33,12462.0,13.52,8423.62,4002.48,12426.1
2026-05-06,13,13732.0,5.1,18.44,11655.0,12.17,7886.6,3773.8,11660.4
2026-05-06,14,13789.0,5.33,18.55,11621.0,12.03,7805.62,3806.22,11611.83
2026-05-06,15,13857.0,5.59,18.64,11448.0,11.74,7701.35,3749.15,11450.5
2026-05-06,16,13946.0,5.8,18.79,13367.0,15.33,8920.83,4505.97,13426.8
2026-05-06,17,14022.0,5.71,18.97,16119.0,21.06,10671.47,5462.18,16133.65
2026-05-06,18,13501.0,5.46,18.05,16988.0,24.16,11518.95,5489.63,17008.58
2026-05-06,19,13270.0,5.05,17.68,17996.0,27.37,12298.58,5721.93,18020.52
2026-05-06,20,13214.0,4.54,17.56,18555.0,28.86,12653.72,5886.9,18540.62
2026-05-06,21,13421.0,4.06,17.27,17695.0,26.41,12030.82,5642.78,17673.6
2026-05-06,22,13911.0,3.79,16.92,15375.0,20.28,10348.65,4968.02,15316.67
2026-05-06,23,13923.0,3.86,16.94,11749.0,12.6,7885.47,3802.57,11688.03
2026-05-07,0,10341.0,4.1,10.5,8588.0,6.39,5658.03,2913.58,8571.62
2026-05-07,1,11268.0,4.37,10.22,8311.0,5.99,5375.0,2930.05,8305.05
2026-05-07,2,11381.0,4.73,10.36,7673.0,5.47,4958.25,2704.4,7662.65
2026-05-07,3,11549.0,5.16,10.5,7169.0,5.22,4738.0,2414.28,7152.28
2026-05-07,4,11257.0,5.65,10.37,6659.0,4.86,4307.03,2365.63,6672.67
2026-05-07,5,10722.0,5.89,10.33,12159.0,11.48,7145.73,5193.52,12339.25
2026-05-07,6,15578.0,5.49,13.73,20249.0,28.37,12410.95,7904.92,20315.87
2026-05-07,7,17547.0,5.07,15.19,22233.0,33.66,13715.8,8508.13,22223.93
2026-05-07,8,16728.0,4.58,15.84,21149.0,31.09,13078.47,8051.62,21130.08
2026-05-07,9,16964.0,4.26,16.09,19173.0,26.54,11897.1,7234.52,19131.62
2026-05-07,10,16764.0,4.16,16.14,17296.0,22.31,10856.17,6408.22,17264.38
2026-05-07,11,14845.0,4.2,18.29,14057.0,17.07,9472.57,4531.15,14003.72
2026-05-07,12,13442.0,4.33,19.45,11720.0,12.9,8086.23,3595.52,11681.75
2026-05-07,13,13340.0,4.61,19.21,10280.0,10.65,7197.65,3068.27,10265.92
2026-05-07,14,13322.0,4.95,19.15,10061.0,10.12,7018.5,3047.63,10066.13
2026-05-07,15,13378.0,5.3,19.3,10369.0,10.51,7205.55,3174.73,10380.28
2026-05-07,16,13070.0,5.53,18.74,12649.0,14.42,8651.73,4060.58,12712.32
2026-05-07,17,12838.0,5.4,18.3,15318.0,19.89,10342.83,4983.3,15326.13
2026-05-07,18,13040.0,5.14,18.13,16334.0,22.33,10979.42,5378.22,16357.63
2026-05-07,19,13513.0,4.8,17.62,17248.0,24.57,11579.13,5684.97,17264.1
2026-05-07,20,14181.0,4.44,16.91,17476.0,25.21,11740.32,5718.8,17459.12
2026-05-07,21,13397.0,4.18,17.22,15942.0,21.92,10774.17,5147.18,15921.35
2026-05-07,22,13334.0,4.06,17.12,13235.0,16.17,8994.37,4182.55,13176.92
2026-05-07,23,13166.0,4.24,16.88,10506.0,10.6,7037.23,3420.18,10457.42
2026-05-08,0,9147.0,4.47,10.56,7885.0,6.09,5457.68,2404.83,7862.52
2026-05-08,1,10187.0,4.71,10.65,7137.0,5.45,5001.67,2117.62,7119.28
2026-05-08,2,10738.0,5.12,11.05,6286.0,4.85,4488.9,1786.67,6275.57
2026-05-08,3,10726.0,5.62,11.95,5826.0,4.62,4230.73,1596.85,5827.58
2026-05-08,4,10423.0,6.14,11.82,5621.0,4.73,4095.52,1517.35,5612.87
2026-05-08,5,9888.0,6.44,14.36,9886.0,10.57,6883.6,3145.17,10028.77
2026-05-08,6,14153.0,6.27,17.49,17379.0,25.45,11708.8,5765.22,17474.02
2026-05-08,7,14713.0,5.79,18.31,20441.0,32.87,13633.43,6819.0,20452.43
2026-05-08,8,14666.0,5.25,18.25,19904.0,31.37,13234.35,6648.67,19883.02
2026-05-08,9,14614.0,4.81,18.17,18165.0,26.99,12137.47,5998.58,18136.05
2026-05-08,10,14684.0,4.55,18.25,16685.0,23.13,11176.47,5488.22,16664.68
2026-05-08,11,14723.0,4.45,18.33,14724.0,18.47,9942.63,4736.65,14679.28
2026-05-08,12,12804.0,4.52,19.35,12426.0,13.9,8493.1,3901.85,12394.95
2026-05-08,13,12623.0,4.64,18.7,10971.0,11.48,7615.95,3346.05,10962.0
2026-05-08,14,13354.0,4.88,18.11,10589.0,11.03,7372.08,3205.97,10578.05
2026-05-08,15,13586.0,5.21,17.98,10738.0,11.14,7457.15,3293.12,10750.27
2026-05-08,16,13663.0,5.45,18.08,12951.0,14.85,8813.67,4202.4,13016.07
2026-05-08,17,13707.0,5.4,18.13,15328.0,19.77,10293.47,5046.12,15339.58
2026-05-08,18,13265.0,5.21,17.42,15857.0,21.17,10653.62,5201.32,15854.93
2026-05-08,19,12716.0,4.91,17.6,16732.0,23.6,11263.17,5496.68,16759.85
2026-05-08,20,12555.0,4.5,17.65,16716.0,23.68,11264.03,5425.27,16689.3
2026-05-08,21,12463.0,4.17,17.54,15270.0,20.5,10350.77,4897.23,15248.0
2026-05-08,22,12475.0,4.03,17.52,12622.0,15.03,8621.58,3933.38,12554.97
2026-05-08,23,12808.0,4.24,18.09,9179.0,9.32,6361.55,2785.75,9147.3
2026-05-09,0,9875.0,4.58,11.24,7796.0,5.97,5357.42,2422.33,7779.75
2026-05-09,1,10517.0,4.86,10.72,7323.0,5.56,5084.3,2226.33,7310.63
2026-05-09,2,10122.0,5.21,11.04,6755.0,5.18,4736.82,2018.5,6755.32
2026-05-09,3,10023.0,5.57,11.2,6590.0,5.16,4658.35,1923.42,6581.77
2026-05-09,4,9360.0,5.92,10.86,6064.0,4.74,4343.75,1710.7,6054.45
2026-05-09,5,9521.0,6.13,13.08,9137.0,9.33,6321.03,2931.22,9252.25
2026-05-09,6,14019.0,6.09,16.79,15180.0,19.95,10296.43,4951.75,15248.18
2026-05-09,7,14903.0,5.88,18.1,18262.0,27.06,12308.15,6000.83,18308.98
2026-05-09,8,14761.0,5.49,17.9,18994.0,29.11,12740.72,6238.23,18978.95
2026-05-09,9,14578.0,5.09,17.6,18565.0,27.81,12435.87,6130.72,18566.58
2026-05-09,10,14537.0,4.71,17.55,18162.0,26.75,12153.7,5988.68,18142.38
2026-05-09,11,14484.0,4.44,17.48,18229.0,22.49,11061.8,7123.37,18185.17
2026-05-09,12,14485.0,4.34,17.46,14981.0,18.8,10106.4,4865.35,14971.75
2026-05-09,13,14488.0,4.37,17.53,13577.0,16.1,9242.25,4300.42,13542.67
2026-05-09,14,14578.0,4.57,17.63,12153.0,13.45,8362.23,3785.55,12147.78
2026-05-09,15,14694.0,4.88,17.76,11734.0,12.61,8088.55,3641.68,11730.23
2026-05-09,16,14764.0,5.17,17.93,13354.0,15.49,9091.63,4305.47,13397.1
2026-05-09,17,14387.0,5.2,17.33,14933.0,18.96,10115.88,4824.88,14940.77
2026-05-09,18,13832.0,5.11,16.54,15698.0,20.98,10655.25,5070.68,15725.93
2026-05-09,19,13801.0,4.87,16.45,16970.0,23.94,11442.8,5533.93,16976.73
2026-05-09,20,13604.0,4.54,16.24,17123.0,24.41,11527.9,5591.92,17119.82
2026-05-09,21,13572.0,4.27,16.17,15792.0,21.54,10694.63,5068.52,15763.15
2026-05-09,22,13608.0,4.18,16.19,13238.0,16.1,9050.07,4130.02,13180.08
2026-05-09,23,13631.0,4.45,16.21,9498.0,9.7,6627.38,2818.7,9446.08
2026-05-10,0,9352.0,4.78,10.64,7927.0,6.12,5516.72,2401.92,7918.63
2026-05-10,1,9480.0,4.99,11.87,7229.0,5.52,5060.53,2151.27,7211.8
2026-05-10,2,9073.0,5.24,12.24,6717.0,5.19,4720.0,1988.63,6708.63
2026-05-10,3,8729.0,5.5,12.77,6259.0,4.91,4477.1,1780.73,6257.83
2026-05-10,4,9281.0,5.79,12.8,6175.0,4.99,4409.93,1754.22,6164.15
2026-05-10,5,8537.0,5.98,12.66,8346.0,8.54,5850.83,2590.38,8441.22
2026-05-10,6,14395.0,6.05,17.09,13104.0,16.3,8990.82,4183.55,13174.37
2026-05-10,7,14826.0,6.04,17.69,16848.0,23.88,11399.55,5486.55,16886.1
2026-05-10,8,14695.0,5.74,17.54,18613.0,27.96,12484.25,6149.3,18633.55
2026-05-10,9,14600.0,5.32,17.38,19233.0,29.43,12871.6,6359.92,19231.52
2026-05-10,10,14710.0,4.89,17.54,18835.0,28.38,12580.38,6243.85,18824.23
2026-05-10,11,14720.0,4.55,17.57,17410.0,24.68,11684.12,5693.6,17377.72
2026-05-10,12,14782.0,4.39,17.64,15525.0,19.94,10461.17,5038.82,15499.98
2026-05-10,13,14855.0,4.4,17.72,14575.0,17.6,9721.1,4833.73,14554.83
2026-05-10,14,14876.0,4.52,17.81,13316.0,15.09,8868.87,4435.57,13304.43
2026-05-10,15,14958.0,4.72,17.93,12837.0,14.27,8603.45,4228.3,12831.75
2026-05-10,16,14349.0,4.89,17.0,13989.0,16.59,9382.0,4636.13,14018.13
2026-05-10,17,14264.0,4.89,16.89,14858.0,18.92,10057.25,4807.23,14864.48
2026-05-10,18,14206.0,4.85,16.84,15198.0,19.99,10305.3,4903.62,15208.92
2026-05-10,19,13811.0,4.7,17.01,16357.0,22.66,11048.83,5333.43,16382.27
2026-05-10,20,13689.0,4.42,17.06,16847.0,23.8,11359.57,5472.2,16831.77
2026-05-10,21,13668.0,4.18,16.99,15556.0,21.13,10512.92,5015.48,15528.4
2026-05-10,22,12211.0,4.06,18.02,12978.0,15.81,8806.62,4110.87,12917.48
2026-05-10,23,12067.0,4.2,17.94,9115.0,9.35,6348.7,2709.7,9058.4
2026-05-11,0,8601.0,4.43,10.18,7522.0,5.93,5247.7,2273.45,7521.15
2026-05-11,1,9388.0,4.62,10.65,7232.0,5.7,5051.92,2168.38,7220.3
2026-05-11,2,9725.0,4.92,10.66,6480.0,5.16,4592.75,1872.57,6465.32
2026-05-11,3,10081.0,5.32,9.89,5884.0,4.73,4286.7,1596.63,5883.33
2026-05-11,4,9742.0,5.75,9.77,5620.0,4.82,4116.62,1505.97,5622.58
2026-05-11,5,9489.0,5.97,10.89,10484.0,11.92,7274.75,3349.93,10624.68
2026-05-11,6,13680.0,5.69,15.83,16989.0,24.79,11496.28,5567.32,17063.6
2026-05-11,7,15157.0,5.31,17.79,19667.0,31.09,13148.18,6529.18,19677.37
2026-05-11,8,15448.0,4.9,18.27,19140.0,29.7,12774.47,6353.58,19128.05
2026-05-11,9,15541.0,4.6,18.45,17966.0,26.68,12009.95,5930.17,17940.12
2026-05-11,10,14792.0,4.43,18.73,16424.0,22.81,10990.15,5408.77,16398.92
2026-05-11,11,14466.0,4.33,18.53,14551.0,18.41,9846.2,4662.18,14508.38
2026-05-11,12,14530.0,4.46,18.64,12196.0,13.78,8375.07,3780.97,12156.03
2026-05-11,13,14186.0,4.82,19.03,10685.0,11.36,7439.55,3238.0,10677.55
2026-05-11,14,13428.0,5.16,19.71,10395.0,10.91,7236.48,3152.63,10389.12
2026-05-11,15,13086.0,5.48,19.11,10317.0,10.82,7191.38,3134.28,10325.67
2026-05-11,16,12871.0,5.69,18.73,12488.0,14.52,8573.97,3982.32,12556.28
2026-05-11,17,12604.0,5.56,18.26,15240.0,19.96,10264.27,4999.83,15264.1
2026-05-11,18,12618.0,5.25,18.2,16241.0,22.3,10933.85,5313.27,16247.12
2026-05-11,19,12707.0,4.85,18.03,17174.0,24.67,11527.68,5669.17,17196.85
2026-05-11,20,13473.0,4.42,17.27,17676.0,25.9,11843.32,5815.32,17658.63
2026-05-11,21,13376.0,4.09,17.12,16206.0,22.44,10916.67,5268.12,16184.78
2026-05-11,22,13357.0,3.93,17.1,14101.0,17.76,9525.2,4523.53,14048.73
2026-05-11,23,13404.0,4.09,17.19,10020.0,10.5,6938.92,3016.38,9955.3
2026-05-12,0,9776.0,4.44,10.48,7608.0,6.04,5406.2,2182.15,7588.35
2026-05-12,1,9861.0,4.71,9.73,6970.0,5.48,5026.22,1935.85,6962.07
2026-05-12,2,9979.0,5.05,9.49,6623.0,5.3,4807.93,1808.05,6615.98
2026-05-12,3,10163.0,5.42,9.39,6449.0,5.23,4741.3,1704.83,6446.13
2026-05-12,4,10067.0,5.82,9.4,6319.0,5.36,4688.78,1627.83,6316.62
2026-05-12,5,8546.0,5.93,16.46,10995.0,13.22,7784.77,3347.37,11132.13
2026-05-12,6,10614.0,5.5,18.51,15860.0,24.88,11512.18,4393.6,15905.78
2026-05-12,7,14047.0,5.08,17.41,17429.0,29.36,12828.12,4599.67,17427.78
2026-05-12,8,14464.0,4.7,18.04,19020.0,27.52,12015.92,7026.3,19042.22
2026-05-12,9,14318.0,4.39,18.0,15914.0,23.8,11180.32,4679.28,15859.6
2026-05-12,10,13423.0,4.27,18.77,14773.0,21.14,10611.17,4148.6,14759.77
2026-05-12,11,13611.0,4.21,19.07,13658.0,18.01,9903.27,3729.05,13632.32
2026-05-12,12,13741.0,4.3,19.27,12191.0,14.74,8886.78,3279.88,12166.67
2026-05-12,13,13640.0,4.54,19.18,11320.0,13.05,8261.85,3057.33,11319.18
2026-05-12,14,14130.0,4.82,20.1,10903.0,12.53,7944.2,2947.62,10891.82
2026-05-12,15,14328.0,5.2,20.45,10741.0,12.26,7828.5,2918.83,10747.33
2026-05-12,16,14028.0,5.5,19.91,12676.0,15.58,8918.53,3816.87,12735.4
2026-05-12,17,13797.0,5.51,19.46,14750.0,19.4,9983.98,4773.48,14757.47
2026-05-12,18,13169.0,5.35,18.33,15735.0,21.58,10613.23,5138.87,15752.1
2026-05-12,19,12062.0,4.98,16.49,17259.0,25.16,11630.7,5654.22,17284.92
2026-05-12,20,11677.0,4.41,15.84,17896.0,26.74,12070.08,5824.3,17894.38
2026-05-12,21,12251.0,3.87,14.99,16631.0,23.66,11236.35,5370.67,16607.02
2026-05-12,22,12710.0,3.59,14.5,14023.0,17.74,9561.1,4401.83,13962.93
2026-05-12,23,12411.0,3.67,14.15,10703.0,10.97,7223.17,3428.48,10651.65
2026-05-13,0,8993.0,3.84,9.29,7506.0,5.7,5172.7,2299.03,7471.73
2026-05-13,1,10461.0,4.13,9.05,6978.0,5.31,4868.98,2104.62,6973.6
2026-05-13,2,11464.0,4.57,8.95,6685.0,5.2,4702.63,1976.85,6679.48
2026-05-13,3,11601.0,5.09,9.04,6639.0,5.27,4708.98,1929.85,6638.83
2026-05-13,4,12776.0,5.63,10.05,6888.0,5.57,4866.37,2022.45,6888.82
2026-05-13,5,11306.0,6.04,14.75,10466.0,11.54,7207.65,3382.63,10590.28
2026-05-13,6,14498.0,5.95,17.27,17097.0,24.57,11578.22,5605.35,17183.57
2026-05-13,7,14810.0,5.52,17.73,20618.0,31.96,13362.0,7278.6,20640.6
2026-05-13,8,14729.0,4.91,17.59,20912.0,32.51,13439.46,7468.03,20907.49
2026-05-13,9,14859.0,4.36,17.38,19646.0,29.5,12657.82,6963.63,19621.45
2026-05-13,10,15151.0,3.98,17.01,18193.0,26.83,11994.82,6150.98,18145.8
2026-05-13,11,15144.0,3.83,17.0,15370.0,22.63,11066.42,4272.2,15338.63
2026-05-13,12,15121.0,3.91,17.01,13909.0,19.09,10199.53,3695.77,13895.3
2026-05-13,13,15183.0,4.1,17.07,12857.0,16.69,9466.98,3368.18,12835.17
2026-05-13,14,15244.0,4.39,17.15,12237.0,14.83,8815.42,3419.72,12235.13
2026-05-13,15,15331.0,4.72,17.27,12319.0,14.81,8837.65,3491.85,12329.5
2026-05-13,16,15352.0,4.99,17.31,13610.0,17.41,9700.83,3945.32,13646.15
2026-05-13,17,15442.0,5.11,17.39,15283.0,21.57,10856.95,4436.62,15293.57
2026-05-13,18,15363.0,5.11,17.29,16032.0,23.69,11387.8,4662.27,16050.07
2026-05-13,19,14424.0,4.97,17.87,17050.0,26.42,12100.13,4966.23,17066.37
2026-05-13,20,13932.0,4.64,17.62,17639.0,28.24,12509.77,5121.17,17630.93
2026-05-13,21,13407.0,4.33,17.87,16523.0,25.42,11751.05,4752.68,16503.73
2026-05-13,22,11463.0,4.03,16.98,13964.0,19.15,9955.72,3945.35,13901.07
2026-05-13,23,11966.0,4.0,15.53,10197.0,11.18,7243.38,2898.53,10141.92
2026-05-14,0,10047.0,4.28,9.61,7288.0,5.87,5244.48,2017.88,7262.37
2026-05-14,1,10770.0,4.63,10.13,7176.0,5.86,5182.75,1987.08,7169.83
2026-05-14,2,10745.0,5.05,10.6,6594.0,5.39,4771.72,1815.95,6587.67
2026-05-14,3,10358.0,5.48,10.68,6366.0,5.28,4681.07,1683.33,6364.4
2026-05-14,4,10085.0,5.89,10.57,6191.0,5.28,4527.12,1666.15,6193.27
2026-05-14,5,9155.0,6.01,13.94,11526.0,14.43,8265.05,3411.8,11676.85
2026-05-14,6,13487.0,5.65,17.56,17905.0,29.28,12707.8,5260.27,17968.07
2026-05-14,7,14207.0,5.14,18.44,19588.0,33.56,13805.38,5783.72,19589.1
2026-05-14,8,14135.0,4.57,18.32,20222.0,30.74,12898.47,7339.87,20238.33
2026-05-14,9,13973.0,3.99,18.09,19330.0,28.28,12250.2,7039.12,19289.32
2026-05-14,10,15810.0,3.65,16.54,17265.0,23.95,11235.88,6006.6,17242.48
2026-05-14,11,15700.0,3.6,16.36,15408.0,19.65,10155.4,5216.92,15372.32
2026-05-14,12,15683.0,3.75,16.4,13396.0,15.81,9078.97,4276.7,13355.67
2026-05-14,13,15837.0,4.12,16.55,11665.0,13.51,8342.92,3309.77,11652.68
2026-05-14,14,16654.0,4.64,17.56,11225.0,12.84,8046.13,3175.62,11221.75
2026-05-14,15,15141.0,5.15,17.7,11327.0,12.96,8099.23,3239.37,11338.6
2026-05-14,16,15079.0,5.47,17.67,13209.0,16.56,9311.28,3942.95,13254.23
2026-05-14,17,14505.0,5.52,16.85,15464.0,21.73,10836.75,4652.6,15489.35
2026-05-14,18,14393.0,5.37,16.68,16574.0,24.63,11604.9,4980.3,16585.2
2026-05-14,19,13988.0,5.1,16.87,17578.0,27.48,12304.32,5293.18,17597.5
2026-05-14,20,13905.0,4.7,16.97,18217.0,29.26,12738.93,5477.18,18216.12
2026-05-14,21,13805.0,4.34,16.84,16860.0,25.79,11810.67,5011.55,16822.22
2026-05-14,22,13775.0,4.28,16.78,11703.0,17.36,9593.05,2000.53,11593.58
2026-05-14,23,11055.0,4.64,17.85,7765.0,10.48,7095.42,626.78,7722.2
2026-05-15,0,6424.0,4.82,11.74,6285.0,6.77,5714.36,567.03,6281.39
2026-05-15,1,7822.0,4.89,11.09,6660.0,6.07,5199.3,1462.77,6662.07
2026-05-15,2,9687.0,5.14,10.47,6266.0,5.78,4919.28,1339.48,6258.77
2026-05-15,3,9863.0,5.53,10.43,6040.0,5.61,4803.47,1237.07,6040.53
2026-05-15,4,9760.0,5.92,10.35,6149.0,5.92,4868.32,1285.85,6154.17
2026-05-15,5,12183.0,6.2,12.52,10782.0,14.47,8384.82,2525.8,10910.62
2026-05-15,6,14831.0,6.19,17.54,16700.0,28.95,12780.58,3985.43,16766.02
2026-05-15,7,14875.0,5.87,18.11,19787.0,33.65,13779.85,6055.52,19835.37
2026-05-15,8,14856.0,5.28,18.08,20916.0,32.03,13202.13,7703.97,20906.1
2026-05-15,9,14966.0,4.75,18.22,19552.0,28.84,12362.57,7162.28,19524.85
2026-05-15,10,14752.0,4.37,17.92,17833.0,24.44,11314.15,6491.58,17805.73
2026-05-15,11,14867.0,4.16,18.11,16141.0,20.35,10327.05,5781.75,16108.8
2026-05-15,12,14923.0,4.17,18.23,14134.0,16.24,9162.98,4943.8,14106.78
2026-05-15,13,15191.0,4.35,18.55,12956.0,14.19,8460.4,4479.35,12939.75
2026-05-15,14,15479.0,4.65,19.05,12204.0,13.04,8009.02,4190.63,12199.65
2026-05-15,15,15399.0,5.04,18.59,12196.0,13.15,8029.62,4167.12,12196.73
2026-05-15,16,13061.0,5.16,15.25,14985.0,17.44,9559.92,5483.23,15043.15
2026-05-15,17,14467.0,4.95,16.97,15984.0,21.9,10869.62,5108.98,15978.6
2026-05-15,18,14220.0,4.83,16.6,15953.0,23.83,11422.27,4539.58,15961.85
2026-05-15,19,14036.0,4.63,16.36,16624.0,25.88,11908.33,4730.73,16639.07
2026-05-15,20,13881.0,4.34,16.07,17152.0,27.23,12264.2,4882.1,17146.3
2026-05-15,21,13626.0,4.06,15.83,16092.0,24.53,11514.3,4559.18,16073.48
2026-05-15,22,13480.0,3.94,15.61,13629.0,18.4,9800.02,3780.28,13580.3
2026-05-15,23,13487.0,4.11,15.57,10526.0,11.73,7548.18,2924.4,10472.58
2026-05-16,0,9391.0,4.39,9.83,7461.0,6.1,5435.22,1993.35,7428.57
2026-05-16,1,9691.0,4.63,10.38,7352.0,6.16,5393.05,1950.12,7343.17
2026-05-16,2,9570.0,4.89,10.94,7082.0,6.07,5208.03,1873.98,7082.02
2026-05-16,3,9942.0,5.18,13.96,6687.0,5.73,4928.65,1747.32,6675.97
2026-05-16,4,11023.0,5.61,14.4,6347.0,5.49,4650.52,1692.82,6343.33
2026-05-16,5,11724.0,6.05,13.74,9400.0,10.48,6851.4,2660.25,9511.65
2026-05-16,6,13470.0,6.03,16.55,15758.0,22.4,10983.47,4872.95,15856.42
2026-05-16,7,14663.0,5.59,18.37,20739.0,31.08,13125.85,7660.1,20785.95
2026-05-16,8,14650.0,4.92,18.36,21635.0,33.37,13571.35,8066.43,21637.78
2026-05-16,9,14530.0,4.24,18.25,21224.0,32.36,13310.68,7899.8,21210.48
2026-05-16,10,15895.0,3.69,17.11,20250.0,29.91,12690.27,7538.1,20228.37
2026-05-16,11,15973.0,3.36,16.84,18099.0,24.47,11452.27,6605.0,18057.27
2026-05-16,12,17068.0,3.33,15.9,16473.0,20.49,10474.38,5982.05,16456.43
2026-05-16,13,16956.0,3.46,15.79,15437.0,18.3,9836.3,5575.83,15412.13
2026-05-16,14,16929.0,3.7,15.77,14176.0,15.89,9133.05,5030.25,14163.3
2026-05-16,15,16979.0,4.03,15.79,14066.0,15.39,8986.52,5085.45,14071.97
2026-05-16,16,16985.0,4.33,15.86,15250.0,17.84,9687.65,5607.65,15295.3
2026-05-16,17,16995.0,4.41,15.83,17242.0,21.96,10857.63,6388.6,17246.23
2026-05-16,18,16943.0,4.42,15.76,17508.0,23.35,11127.42,6392.32,17519.73
2026-05-16,19,16897.0,4.36,15.72,18011.0,25.36,11649.43,6363.72,18013.15
2026-05-16,20,15817.0,4.24,16.4,18189.0,25.85,11752.9,6436.13,18189.03
2026-05-16,21,14935.0,3.99,17.06,17411.0,24.02,11247.78,6147.27,17395.05
2026-05-16,22,14923.0,3.87,17.07,14914.0,18.69,9729.75,5118.53,14848.28
2026-05-16,23,13827.0,4.06,17.73,11264.0,11.55,7357.92,3846.35,11204.27
2026-05-17,0,10116.0,4.3,10.08,8350.0,6.35,5521.73,2809.57,8331.3
2026-05-17,1,11359.0,4.6,10.08,7913.0,5.98,5291.9,2611.42,7903.32
2026-05-17,2,11408.0,5.01,10.67,7419.0,5.69,4980.03,2431.35,7411.38
2026-05-17,3,10800.0,5.42,10.19,7027.0,5.43,4811.82,2214.98,7026.8
2026-05-17,4,11598.0,5.84,10.95,7449.0,5.96,5047.9,2403.62,7451.52
2026-05-17,5,9220.0,6.08,12.36,9802.0,10.04,6497.7,3399.17,9896.87
2026-05-17,6,14509.0,5.93,15.72,15364.0,20.18,10166.88,5264.9,15431.78
2026-05-17,7,15569.0,5.78,18.14,18947.0,28.21,12408.88,6587.6,18996.48
2026-05-17,8,15482.0,5.35,18.02,20657.0,32.55,13431.68,7236.32,20668.0
2026-05-17,9,14945.0,4.8,17.28,20839.0,32.98,13586.48,7251.75,20838.23
2026-05-17,10,15133.0,4.23,16.84,20434.0,31.77,13330.05,7092.08,20422.13
2026-05-17,11,15611.0,3.79,16.27,19031.0,28.09,12485.5,6512.18,18997.68
2026-05-17,12,15591.0,3.56,16.22,17126.0,22.92,11266.3,5830.65,17096.95
2026-05-17,13,15908.0,3.5,16.64,15715.0,19.86,10410.93,5276.97,15687.9
2026-05-17,14,16638.0,3.65,16.49,14211.0,16.81,9469.87,4727.48,14197.35
2026-05-17,15,17305.0,4.01,16.07,13731.0,15.46,9080.8,4652.15,13732.95
2026-05-17,16,16436.0,4.31,16.82,15338.0,18.7,10074.17,5305.78,15379.95
2026-05-17,17,16092.0,4.31,17.15,17105.0,22.75,11155.17,5954.32,17109.48
2026-05-17,18,15997.0,4.23,17.05,17409.0,23.92,11396.35,6029.6,17425.95
2026-05-17,19,15644.0,4.07,16.61,18072.0,25.95,11869.68,6214.1,18083.78
2026-05-17,20,15507.0,3.8,16.41,18478.0,26.99,12163.43,6305.48,18468.92
2026-05-17,21,15519.0,3.58,16.39,17145.0,24.07,11291.95,5827.18,17119.13
2026-05-17,22,15490.0,3.56,16.37,14147.0,17.52,9382.55,4689.7,14072.25
2026-05-17,23,15811.0,3.96,16.82,10191.0,10.47,6892.38,3254.85,10147.23
2026-05-18,0,11585.0,4.51,12.5,7740.0,5.91,5185.13,2520.35,7705.48
2026-05-18,1,10703.0,4.89,10.77,7351.0,5.6,5006.22,2339.83,7346.05
2026-05-18,2,10388.0,5.26,11.51,6735.0,5.21,4641.78,2087.22,6729.0
2026-05-18,3,10657.0,5.65,12.12,6778.0,5.35,4708.28,2067.98,6776.27
2026-05-18,4,11146.0,6.09,13.14,6885.0,5.67,4743.92,2155.08,6899.0
2026-05-18,5,9770.0,6.2,13.52,12853.0,15.1,8529.77,4493.07,13022.83
2026-05-18,6,15463.0,5.71,15.58,20370.0,31.73,13258.3,7179.3,20437.6
2026-05-18,7,16956.0,5.27,15.82,21534.0,34.82,13945.37,7575.97,21521.33
2026-05-18,8,16822.0,4.86,15.67,20641.0,32.42,13389.38,7231.1,20620.48
2026-05-18,9,16145.0,4.54,15.87,18942.0,28.09,12303.28,6603.52,18906.8
2026-05-18,10,16004.0,4.35,15.86,17214.0,23.71,11244.77,5953.15,17197.92
2026-05-18,11,15911.0,4.33,15.78,15425.0,19.42,10138.37,5247.48,15385.85
2026-05-18,12,15992.0,4.52,15.82,13460.0,15.47,8983.28,4447.32,13430.6
2026-05-18,13,16039.0,4.87,15.89,12417.0,13.58,8351.07,4061.85,12412.92
2026-05-18,14,16114.0,5.29,15.95,11952.0,12.91,8073.55,3872.38,11945.93
2026-05-18,15,16162.0,5.74,16.01,12082.0,12.78,8051.98,4038.95,12090.93
2026-05-18,16,14244.0,6.0,18.53,14409.0,17.22,9455.88,5013.2,14469.08
2026-05-18,17,14051.0,5.85,18.97,16747.0,22.4,10890.85,5870.53,16761.38
2026-05-18,18,14012.0,5.55,18.92,17497.0,24.45,11425.9,6081.32,17507.22
2026-05-18,19,14028.0,5.18,18.87,18238.0,26.42,11915.75,6337.35,18253.1
2026-05-18,20,13994.0,4.74,18.82,18753.0,27.78,12245.53,6505.67,18751.2
2026-05-18,21,13925.0,4.34,18.76,17286.0,24.35,11327.7,5931.18,17258.88
2026-05-18,22,14013.0,4.16,18.89,14459.0,18.28,9547.9,4843.32,14391.22
2026-05-18,23,13678.0,4.37,20.02,10286.0,10.85,6896.95,3333.63,10230.58
2026-05-19,0,10997.0,4.76,11.37,7675.0,5.97,5155.07,2493.6,7648.67
2026-05-19,1,10164.0,5.06,9.68,7459.0,5.81,5077.62,2376.53,7454.15
2026-05-19,2,9683.0,5.36,9.87,6909.0,5.47,4755.12,2144.75,6899.87
2026-05-19,3,9499.0,5.65,9.79,6728.0,5.36,4702.93,2024.57,6727.5
2026-05-19,4,9485.0,5.95,9.79,6726.0,5.51,4679.63,2049.73,6729.37
2026-05-19,5,9536.0,5.95,11.53,13275.0,16.09,8881.87,4578.3,13460.17
2026-05-19,6,13690.0,5.36,16.49,20534.0,32.32,13371.1,7216.83,20587.93
2026-05-19,7,15055.0,4.72,18.4,21232.0,33.8,13741.13,7476.87,21218.0
2026-05-19,8,14979.0,4.15,18.31,20241.0,31.12,13094.87,7136.97,20231.83
2026-05-19,9,16817.0,3.78,16.8,18569.0,27.08,12031.33,6500.65,18531.98
2026-05-19,10,17329.0,3.75,16.03,17133.0,23.61,11161.65,5953.2,17114.85
2026-05-19,11,15740.0,3.82,17.23,16288.0,19.43,10085.12,6161.95,16247.07
2026-05-19,12,15377.0,3.96,17.71,14553.0,14.85,10233.18,4287.83,14521.02
2026-05-19,13,15415.0,4.3,17.81,11841.0,12.82,7989.6,3844.27,11833.87
2026-05-19,14,15555.0,4.71,17.94,11604.0,12.48,7846.15,3752.88,11599.03
2026-05-19,15,15669.0,5.13,18.19,11971.0,12.87,8031.47,3956.25,11987.72
2026-05-19,16,15758.0,5.44,18.31,14313.0,17.16,9423.05,4940.35,14363.4
2026-05-19,17,15765.0,5.49,18.25,16365.0,21.73,10713.85,5673.17,16387.02
2026-05-19,18,14453.0,5.33,16.44,17456.0,24.56,11418.97,6053.75,17472.72
2026-05-19,19,14125.0,4.97,16.0,18544.0,27.45,12160.9,6398.57,18559.47
2026-05-19,20,14033.0,4.5,15.88,19210.0,29.08,12582.93,6623.85,19206.78
2026-05-19,21,13949.0,4.08,15.75,17190.0,24.4,11320.22,5826.83,17147.05
2026-05-19,22,13898.0,3.9,15.71,14413.0,17.94,9475.1,4884.72,14359.82
2026-05-19,23,13980.0,4.05,15.82,10899.0,11.22,7086.38,3742.72,10829.1
2026-05-20,0,10431.0,4.41,10.94,7995.0,6.37,5372.08,2614.72,7986.8
2026-05-20,1,10978.0,4.7,10.45,7492.0,5.95,5070.55,2404.47,7475.02
2026-05-20,2,10661.0,5.11,9.83,6748.0,5.29,4649.37,2086.77,6736.13
2026-05-20,3,10477.0,5.53,9.5,6490.0,5.13,4543.28,1951.95,6495.23
2026-05-20,4,11016.0,5.95,9.65,6947.0,5.74,4787.47,2166.87,6954.33
2026-05-20,5,11924.0,6.16,14.95,12768.0,15.3,8538.03,4395.87,12933.9
2026-05-20,6,14306.0,5.84,17.27,19464.0,30.21,12816.6,6701.92,19518.52
2026-05-20,7,14791.0,5.29,18.0,20151.0,31.88,13208.4,6919.27,20127.67
2026-05-20,8,14708.0,4.85,17.88,18316.0,27.26,12044.05,6245.63,18289.68
2026-05-20,9,14736.0,4.6,17.96,16805.0,23.82,11096.95,5691.75,16788.7
2026-05-20,10,14854.0,4.46,18.16,15802.0,21.23,10410.98,5372.38,15783.37
2026-05-20,11,14880.0,4.45,18.18,14371.0,17.79,9573.72,4765.23,14338.95
2026-05-20,12,14929.0,4.61,18.27,12630.0,14.38,8502.98,4095.2,12598.18
2026-05-20,13,15081.0,4.94,18.51,11469.0,12.38,7794.57,3675.25,11469.82
2026-05-20,14,14322.0,5.31,19.26,11387.0,12.41,7757.42,3630.32,11387.73
2026-05-20,15,14371.0,5.6,19.85,11570.0,12.55,7778.53,3793.72,11572.25
2026-05-20,16,13811.0,5.79,18.8,13891.0,16.74,9214.4,4744.27,13958.67
2026-05-20,17,12959.0,5.6,17.38,16348.0,21.87,10736.22,5638.58,16374.8
2026-05-20,18,12465.0,5.17,16.57,17544.0,24.84,11535.95,6016.88,17552.83
2026-05-20,19,12248.0,4.61,16.2,18630.0,27.51,12228.2,6421.58,18649.78
2026-05-20,20,12435.0,3.95,15.61,19116.0,28.46,12459.17,6651.2,19110.37
2026-05-20,21,13607.0,3.43,14.59,17469.0,24.4,11414.12,6018.57,17432.68
2026-05-20,22,13911.0,3.23,14.25,14398.0,17.83,9460.08,4865.87,14325.95
2026-05-20,23,15395.0,3.47,14.11,10625.0,10.78,6983.82,3577.92,10561.73
2026-05-21,0,11167.0,3.94,10.65,8067.0,6.39,5437.07,2623.1,8060.17
2026-05-21,1,11616.0,4.29,9.94,7533.0,5.93,5143.83,2372.5,7516.33
2026-05-21,2,11828.0,4.77,9.82,6759.0,5.31,4692.9,2058.15,6751.05
2026-05-21,3,12324.0,5.34,9.66,6662.0,5.26,4654.05,2010.48,6664.53
2026-05-21,4,12491.0,5.92,9.71,6919.0,5.72,4803.13,2131.37,6934.5
2026-05-21,5,9596.0,6.08,12.86,12554.0,15.06,8444.35,4255.27,12699.62
2026-05-21,6,14500.0,5.66,17.48,19841.0,31.42,13103.47,6815.63,19919.1
2026-05-21,7,14831.0,5.07,17.98,20725.0,33.5,13603.82,7102.08,20705.9
2026-05-21,8,15563.0,4.56,16.9,19604.0,30.55,12891.57,6697.4,19588.97
2026-05-21,9,15872.0,4.26,16.3,18174.0,26.89,11960.65,6183.07,18143.72
2026-05-21,10,15809.0,4.13,16.23,16448.0,22.65,10855.25,5570.42,16425.67
2026-05-21,11,15771.0,4.15,16.19,14974.0,19.01,9957.38,4983.2,14940.58
2026-05-21,12,15841.0,4.34,16.31,13260.0,15.51,8925.27,4309.83,13235.1
2026-05-21,13,16339.0,4.72,16.9,12226.0,13.62,8290.72,3929.97,12220.68
2026-05-21,14,16451.0,5.19,17.03,11731.0,12.96,7995.87,3727.92,11723.78
2026-05-21,15,16267.0,5.68,17.32,11976.0,12.99,8052.4,3938.23,11990.63
2026-05-21,16,15598.0,6.02,18.12,13869.0,16.65,9226.1,4689.85,13915.95
2026-05-21,17,15087.0,6.06,17.41,16186.0,21.7,10675.69,5532.51,16208.2
2026-05-21,18,14831.0,5.9,17.06,17184.0,24.24,11330.32,5876.87,17207.18
2026-05-21,19,14120.0,5.59,17.35,18506.0,27.34,12183.05,6337.8,18520.85
2026-05-21,20,12527.0,5.02,18.6,19038.0,28.73,12504.58,6526.9,19031.48
2026-05-21,21,12446.0,4.43,18.49,17439.0,25.0,11471.45,5928.43,17399.88
2026-05-21,22,11084.0,4.33,18.96,8581.0,9.58,6743.15,1682.72,8425.87
2026-05-21,23,8121.0,4.64,15.33,6493.0,7.54,5965.8,515.32,6481.12
2026-05-22,0,6617.0,4.7,11.19,5880.0,6.15,5412.05,456.15,5868.2
2026-05-22,1,7241.0,4.83,11.09,6066.0,5.45,4843.77,1255.83,6099.6
2026-05-22,2,10894.0,5.06,9.67,7451.0,5.83,4989.55,2457.47,7447.02
2026-05-22,3,10924.0,5.43,9.69,7321.0,5.91,5000.23,2323.35,7323.58
2026-05-22,4,10870.0,5.82,9.81,7207.0,6.02,4947.47,2255.63,7203.1
2026-05-22,5,11926.0,5.98,14.3,12780.0,15.49,8548.0,4394.48,12942.48
2026-05-22,6,14563.0,5.65,17.69,20294.0,32.25,13299.25,7075.37,20374.62
2026-05-22,7,14460.0,4.99,17.53,21124.0,34.19,13755.82,7344.23,21100.05
2026-05-22,8,14350.0,4.39,17.37,19821.0,30.88,12953.68,6843.73,19797.42
2026-05-22,9,15973.0,4.0,16.08,18287.0,27.11,12011.05,6249.68,18260.73
2026-05-22,10,15965.0,3.87,15.93,16553.0,22.92,10911.58,5616.45,16528.03
2026-05-22,11,15928.0,3.93,15.9,14631.0,18.54,9802.32,4787.05,14589.37
2026-05-22,12,15575.0,4.17,16.21,12901.0,14.79,8713.02,4163.35,12876.37
2026-05-22,13,14901.0,4.48,16.96,11788.0,12.85,8028.7,3755.22,11783.92
2026-05-22,14,14588.0,4.82,17.71,11580.0,12.59,7877.25,3703.8,11581.05
2026-05-22,15,14832.0,5.16,18.36,11728.0,12.71,7915.48,3817.25,11732.73
2026-05-22,16,14922.0,5.41,18.52,13894.0,16.62,9208.47,4748.25,13956.72
2026-05-22,17,15014.0,5.4,18.65,16118.0,21.48,10600.77,5525.63,16126.4
2026-05-22,18,14127.0,5.24,18.59,16930.0,23.72,11184.22,5771.42,16955.63
2026-05-22,19,13486.0,4.85,17.92,18220.0,26.82,11977.58,6254.1,18231.68
2026-05-22,20,13464.0,4.36,17.87,18523.0,27.61,12184.52,6335.57,18520.08
2026-05-22,21,14019.0,3.92,17.39,17326.0,24.87,11475.42,5819.57,17294.98
2026-05-22,22,15264.0,3.81,16.34,14643.0,18.88,9753.47,4827.95,14581.42
2026-05-22,23,15088.0,4.11,16.14,10641.0,11.41,7202.8,3386.7,10589.5
2026-05-23,0,10154.0,4.45,10.43,8445.0,6.94,5697.53,2721.32,8418.85
2026-05-23,1,10614.0,4.73,10.43,7404.0,5.8,5072.48,2313.33,7385.82
2026-05-23,2,10430.0,5.08,10.66,7006.0,5.56,4827.27,2174.32,7001.58
2026-05-23,3,10615.0,5.45,11.28,6896.0,5.59,4780.03,2117.88,6897.92
2026-05-23,4,10203.0,5.84,10.69,6773.0,5.52,4709.4,2059.73,6769.13
2026-05-23,5,9342.0,5.99,11.14,10166.0,10.75,6908.5,3370.43,10278.93
2026-05-23,6,13210.0,5.77,15.76,16357.0,22.62,10916.33,5525.15,16441.48
2026-05-23,7,14566.0,5.36,17.64,19932.0,30.91,13128.47,6841.32,19969.78
2026-05-23,8,15663.0,4.81,17.08,20638.0,32.78,13513.45,7114.52,20627.97
2026-05-23,9,16819.0,4.41,15.98,20160.0,31.58,13222.13,6934.33,20156.47
2026-05-23,10,16972.0,4.11,15.67,19602.0,29.88,12845.47,6739.73,19585.2
2026-05-23,11,16896.0,3.93,15.59,17787.0,25.29,11764.0,5987.37,17751.37
2026-05-23,12,17354.0,3.98,16.07,16008.0,20.79,10614.15,5372.4,15986.55
2026-05-23,13,17393.0,4.2,16.15,14860.0,18.34,9897.23,4944.17,14841.4
2026-05-23,14,16461.0,4.52,16.99,13656.0,16.03,9150.77,4486.97,13637.73
2026-05-23,15,15428.0,4.78,17.95,13277.0,15.25,8940.9,4339.65,13280.55
2026-05-23,16,15595.0,4.97,18.17,14732.0,18.05,9769.63,5009.23,14778.87
2026-05-23,17,15609.0,4.97,18.2,16577.0,22.23,10897.22,5691.57,16588.78
2026-05-23,18,15702.0,4.86,18.3,17588.0,24.86,11578.82,6030.27,17609.08
2026-05-23,19,15716.0,4.65,18.33,18373.0,26.99,12084.57,6292.5,18377.07
2026-05-23,20,15709.0,4.39,18.33,18605.0,27.49,12206.37,6388.28,18594.65
2026-05-23,21,15700.0,4.17,18.32,17534.0,25.05,11543.65,5968.65,17512.3
2026-05-23,22,15194.0,4.12,17.6,14847.0,18.99,9808.3,4984.95,14793.25
2026-05-23,23,13677.0,4.29,18.37,11352.0,11.88,7399.03,3882.5,11281.53
2026-05-24,0,10360.0,4.54,10.6,8324.0,6.74,5622.02,2691.27,8313.28
2026-05-24,1,10527.0,4.81,10.31,8025.0,6.44,5440.78,2570.82,8011.6
2026-05-24,2,10690.0,5.11,10.22,7404.0,5.91,5054.47,2339.27,7393.73
2026-05-24,3,11427.0,5.53,10.19,7009.0,5.63,4850.5,2160.38,7010.88
2026-05-24,4,11534.0,5.99,10.17,7143.0,5.87,4910.47,2230.42,7140.88
2026-05-24,5,9843.0,6.32,13.39,9915.0,10.39,6690.07,3328.78,10018.85
2026-05-24,6,13437.0,6.11,17.29,15409.0,20.56,10236.83,5237.58,15474.42
2026-05-24,7,15060.0,5.86,18.36,19011.0,28.61,12509.57,6553.1,19062.67
2026-05-24,8,15011.0,5.36,18.28,20852.0,33.57,13684.8,7181.85,20866.65
2026-05-24,9,14899.0,4.76,18.13,20922.0,33.58,13691.53,7223.83,20915.37
2026-05-24,10,16995.0,4.29,16.19,20398.0,32.03,13339.98,7045.82,20385.8
2026-05-24,11,16750.0,4.02,15.92,18628.0,27.34,12249.77,6330.05,18579.82
2026-05-24,12,16720.0,3.94,15.87,16910.0,22.84,11184.37,5711.63,16896.0
2026-05-24,13,17015.0,4.02,15.69,15483.0,19.67,10301.95,5155.8,15457.75
2026-05-24,14,17342.0,4.28,15.18,14279.0,17.06,9569.65,4693.15,14262.8
2026-05-24,15,17384.0,4.65,15.24,13976.0,16.22,9292.48,4693.97,13986.45
2026-05-24,16,17439.0,4.98,15.3,15312.0,19.03,10121.2,5223.15,15344.35
2026-05-24,17,16272.0,5.09,16.64,16809.0,22.59,11060.02,5763.75,16823.77
2026-05-24,18,15805.0,4.96,17.46,17828.0,25.22,11696.3,6147.68,17843.98
2026-05-24,19,15857.0,4.73,17.54,18864.0,27.98,12382.45,6495.77,18878.22
2026-05-24,20,15932.0,4.44,17.64,19281.0,29.06,12644.75,6634.37,19279.12
2026-05-24,21,15906.0,4.19,17.61,17911.0,25.95,11754.32,6125.87,17880.18
2026-05-24,22,14957.0,4.12,18.29,14825.0,19.21,9801.45,4949.97,14751.42
2026-05-24,23,14345.0,4.34,19.09,10839.0,11.45,7205.1,3588.62,10793.72
2026-05-25,0,10817.0,4.71,12.14,8448.0,6.91,5647.32,2769.36,8416.68
2026-05-25,1,9948.0,4.97,11.78,7615.0,6.04,5144.28,2460.38,7604.67
2026-05-25,2,9939.0,5.24,13.79,7190.0,5.85,4887.77,2293.63,7181.4
2026-05-25,3,11490.0,5.61,20.8,6766.0,5.71,4594.23,2166.35,6760.58
2026-05-25,4,10504.0,6.13,14.05,6479.0,5.55,4453.93,2026.18,6480.12
2026-05-25,5,7190.0,6.08,11.43,12514.0,14.94,8398.72,4294.02,12692.73
2026-05-25,6,12517.0,5.37,14.92,19869.0,30.88,13008.43,6918.2,19926.63
2026-05-25,7,14661.0,4.74,17.81,20335.0,32.26,13291.35,7023.57,20314.92
2026-05-25,8,14559.0,4.25,17.68,19005.0,28.95,12431.37,6522.75,18954.12
2026-05-25,9,15546.0,3.92,16.44,17774.0,26.06,11678.1,6102.58,17780.68
2026-05-25,10,16666.0,3.86,15.51,16342.0,22.51,10786.07,5535.55,16321.62
2026-05-25,11,16601.0,3.99,15.42,14822.0,18.73,9893.58,4899.83,14793.42
2026-05-25,12,16672.0,4.28,15.44,13189.0,15.31,8914.08,4248.68,13162.77
2026-05-25,13,14744.0,4.64,16.92,11900.0,13.14,8093.02,3790.97,11883.98
2026-05-25,14,14851.0,4.97,17.04,11655.0,12.78,7922.63,3732.17,11654.8
2026-05-25,15,15252.0,5.34,17.64,11572.0,12.51,7817.58,3759.23,11576.82
2026-05-25,16,15727.0,5.71,18.3,13434.0,15.75,8889.73,4594.25,13483.98
2026-05-25,17,15025.0,5.79,17.31,15995.0,21.14,10510.52,5511.63,16022.15
2026-05-25,18,14630.0,5.66,16.72,16784.0,23.27,11060.12,5740.15,16800.27
2026-05-25,19,14510.0,5.39,16.59,18206.0,26.81,12002.83,6222.8,18225.63
2026-05-25,20,14424.0,4.99,16.48,18647.0,27.87,12285.32,6355.15,18640.47
2026-05-25,21,14321.0,4.66,16.33,17017.0,24.08,11273.22,5708.33,16981.55
2026-05-25,22,13140.0,4.52,16.85,13987.0,17.59,9356.3,4568.47,13924.77
2026-05-25,23,11727.0,4.55,18.56,10341.0,10.64,6836.43,3440.18,10276.62
2026-05-26,0,10525.0,4.82,11.41,7953.0,6.47,5384.64,2558.62,7943.26
2026-05-26,1,10174.0,5.12,12.11,7193.0,5.72,4907.48,2263.37,7170.85
2026-05-26,2,9902.0,5.45,12.86,6681.0,5.43,4612.55,2069.07,6681.62
2026-05-26,3,9473.0,5.79,11.96,6510.0,5.29,4566.8,1945.4,6512.2
2026-05-26,4,9005.0,6.07,10.31,6564.0,5.42,4574.37,1988.2,6562.57
2026-05-26,5,11780.0,6.19,13.34,12828.0,15.47,8599.85,4412.27,13012.12
2026-05-26,6,15148.0,5.85,15.87,20267.0,32.09,13305.25,7027.13,20332.38
2026-05-26,7,15691.0,5.32,16.49,21248.0,34.57,13857.77,7368.32,21226.08
2026-05-26,8,15596.0,4.83,16.38,20010.0,31.39,13070.4,6921.1,19991.5
2026-05-26,9,15533.0,4.48,16.3,18400.0,27.44,12081.78,6289.53,18371.32
2026-05-26,10,15706.0,4.3,16.11,16618.0,22.95,10936.58,5654.42,16591.0
2026-05-26,11,16129.0,4.35,15.75,14943.0,18.93,9936.8,4980.45,14917.25
2026-05-26,12,15363.0,4.55,16.32,13333.0,15.63,8970.6,4329.12,13299.72
2026-05-26,13,14859.0,4.82,16.89,12074.0,13.42,8186.72,3871.35,12058.07
2026-05-26,14,14830.0,5.16,17.51,11515.0,12.64,7847.48,3670.85,11518.33
2026-05-26,15,14943.0,5.52,18.19,11687.0,12.73,7885.02,3809.93,11694.95
2026-05-26,16,15079.0,5.8,18.38,13943.0,16.74,9252.6,4759.47,14012.07
2026-05-26,17,15100.0,5.79,18.41,16304.0,21.74,10697.62,5615.68,16313.3
2026-05-26,18,15080.0,5.62,18.38,17687.0,25.28,11598.43,6106.17,17704.6
2026-05-26,19,14929.0,5.35,18.4,18456.0,27.26,12126.32,6346.33,18472.65
2026-05-26,20,13923.0,4.91,19.14,19142.0,28.99,12548.85,6589.63,19138.48
2026-05-26,21,14326.0,4.52,18.71,17294.0,24.71,11406.45,5852.73,17259.18
2026-05-26,22,14308.0,4.39,18.67,14258.0,18.25,9454.23,4728.97,14183.2
2026-05-26,23,12851.0,4.61,17.67,10459.0,10.94,6867.97,3553.37,10421.33
2026-05-27,0,9554.0,4.81,9.88,7738.0,6.24,5207.7,2495.33,7703.03
2026-05-27,1,9214.0,5.05,10.12,6951.0,5.54,4754.25,2183.05,6937.3
2026-05-27,2,8997.0,5.3,10.27,6691.0,5.38,4629.53,2057.85,6687.38
2026-05-27,3,8952.0,5.56,10.28,6627.0,5.39,4639.53,1986.4,6625.93
2026-05-27,4,8681.0,5.79,10.1,6435.0,5.34,4486.05,1955.58,6441.63
2026-05-27,5,11722.0,5.9,9.77,13045.0,15.71,8775.07,4449.05,13224.12
2026-05-27,6,16370.0,5.6,13.62,20273.0,31.9,13329.1,7002.97,20332.07
2026-05-27,7,14828.0,5.06,17.76,21053.0,33.85,13721.8,7315.13,21036.93
2026-05-27,8,14932.0,4.51,17.87,19841.0,30.76,12931.63,6889.2,19820.83
2026-05-27,9,16430.0,4.18,16.98,18264.0,27.04,11969.4,6265.0,18234.4
2026-05-27,10,16461.0,4.11,16.88,16579.0,23.04,10937.9,5620.23,16558.13
2026-05-27,11,16333.0,4.18,16.69,14934.0,18.88,9879.53,5019.05,14898.58
2026-05-27,12,16286.0,4.44,16.68,13321.0,15.4,8890.6,4407.7,13298.3
2026-05-27,13,15504.0,4.82,17.45,11992.0,13.1,8059.87,3919.42,11979.28
2026-05-27,14,14966.0,5.19,18.07,11496.0,12.41,7763.32,3727.42,11490.73
2026-05-27,15,15072.0,5.57,18.26,11705.0,12.67,7888.12,3828.43,11716.55
2026-05-27,16,15274.0,5.86,18.55,14058.0,17.0,9351.42,4764.93,14116.35
2026-05-27,17,15544.0,5.9,18.94,16220.0,21.57,10676.58,5561.12,16237.7
2026-05-27,18,15480.0,5.79,18.9,17553.0,24.81,11560.88,6008.47,17569.35
2026-05-27,19,15199.0,5.55,18.99,18560.0,27.65,12214.03,6372.13,18586.17
2026-05-27,20,12702.0,5.07,19.24,19055.0,29.06,12544.88,6490.5,19035.38
2026-05-27,21,12439.0,4.49,18.34,17466.0,25.35,11605.83,5832.68,17438.52
2026-05-27,22,12814.0,4.18,17.79,14216.0,18.14,9525.68,4612.97,14138.65
2026-05-27,23,13271.0,4.29,17.67,10252.0,10.75,6845.15,3352.07,10197.22
2026-05-28,0,11211.0,4.72,12.06,7856.0,6.6,5343.72,2495.47,7839.18
2026-05-28,1,10065.0,5.02,10.02,7315.0,6.04,5059.1,2242.42,7301.52
2026-05-28,2,9269.0,5.32,10.11,6408.0,5.32,4524.5,1872.55,6397.05
2026-05-28,3,9114.0,5.63,9.92,6177.0,5.24,4458.8,1716.95,6175.75
2026-05-28,4,9811.0,5.96,10.32,6556.0,5.76,4709.27,1855.73,6565.0
2026-05-28,5,13464.0,6.24,13.85,12253.0,14.88,8327.7,4106.85,12434.55
2026-05-28,6,15096.0,6.08,17.25,19967.0,31.49,13224.12,6805.35,20029.47
2026-05-28,7,15099.0,5.5,18.01,21270.0,34.91,13975.57,7289.48,21265.05
2026-05-28,8,14989.0,4.92,17.86,20276.0,32.55,13291.42,6963.1,20254.52
2026-05-28,9,14959.0,4.5,17.78,18440.0,27.79,12151.92,6247.98,18399.9
2026-05-28,10,14945.0,4.26,17.78,16751.0,23.5,11056.72,5677.23,16733.95
2026-05-28,11,15131.0,4.18,18.05,15121.0,19.58,10106.22,4979.03,15085.25
2026-05-28,12,15359.0,4.32,18.36,12956.0,15.21,8813.28,4103.4,12916.68
2026-05-28,13,15302.0,4.67,18.3,11506.0,12.73,7928.45,3567.25,11495.7
2026-05-28,14,15550.0,5.11,18.7,11319.0,12.54,7796.85,3523.68,11320.53
2026-05-28,15,15679.0,5.66,18.96,9293.0,11.96,7678.45,1577.78,9256.23
2026-05-28,16,14759.0,6.26,19.79,11891.0,16.09,9092.62,2875.5,11968.12
2026-05-28,17,11514.0,6.2,19.25,14887.0,21.87,10854.02,4069.42,14923.43
2026-05-28,18,9443.0,5.65,15.08,16727.0,26.08,12058.78,4686.48,16745.27
2026-05-28,19,9471.0,4.85,14.04,17688.0,28.96,12768.48,4939.62,17708.1
2026-05-28,20,11255.0,4.1,12.48,18446.0,30.53,13146.77,5303.07,18449.83
2026-05-28,21,13065.0,3.5,11.28,17560.0,26.82,12194.3,5330.85,17525.15
2026-05-28,22,4865.0,3.53,16.43,1686.0,1.08,850.58,564.42,1415.0
2026-05-28,23,3980.0,3.95,16.71,154.0,0.06,128.68,25.58,154.27
2026-05-29,0,3130.0,4.3,12.87,178.0,0.09,154.23,23.92,178.15
2026-05-29,1,3212.0,4.61,13.19,192.0,0.18,167.15,25.05,192.2
2026-05-29,2,3355.0,4.94,13.76,208.0,0.24,185.67,22.88,208.55
2026-05-29,3,3569.0,5.27,14.7,712.0,0.59,377.73,350.85,728.58
2026-05-29,4,11528.0,5.71,16.13,8001.0,9.39,5763.55,2458.37,8221.92
2026-05-29,5,17351.0,5.87,12.7,17204.0,27.1,12570.12,4700.77,17270.88
2026-05-29,6,17802.0,5.79,16.08,20446.0,35.42,14338.55,6150.98,20489.53
2026-05-29,7,17268.0,5.46,16.0,21298.0,35.82,14318.53,6984.47,21303.0
2026-05-29,8,16901.0,5.06,15.62,21510.0,35.34,13978.5,7538.42,21516.92
2026-05-29,9,16904.0,4.69,15.59,19254.0,30.11,12752.02,6431.63,19183.65
2026-05-29,10,16922.0,4.61,15.93,16770.0,23.5,11203.13,5538.1,16741.23
2026-05-29,11,17088.0,4.75,16.13,15573.0,20.82,10520.15,5058.65,15578.8
2026-05-29,12,17376.0,4.94,16.43,15214.0,20.24,10296.97,4884.85,15181.82
2026-05-29,13,16292.0,5.25,15.41,13688.0,16.93,9356.17,4309.38,13665.55
2026-05-29,14,17686.0,5.69,18.09,12621.0,15.18,8713.37,3900.92,12614.28
2026-05-29,15,13479.0,5.99,18.16,12717.0,15.17,8735.8,3996.97,12732.77
2026-05-29,16,13522.0,6.03,18.25,14053.0,17.44,9488.77,4588.67,14077.43
2026-05-29,17,13282.0,5.89,17.88,16142.0,22.08,10835.47,5330.72,16166.18
2026-05-29,18,12931.0,5.55,17.25,16860.0,24.21,11337.02,5536.6,16873.62
2026-05-29,19,12763.0,5.13,17.02,17616.0,26.09,11860.37,5768.03,17628.4
2026-05-29,20,12597.0,4.63,16.73,18187.0,27.56,12244.58,5932.62,18177.2
2026-05-29,21,12410.0,4.14,16.45,17028.0,24.85,11537.83,5467.62,17005.45
2026-05-29,22,12797.0,3.83,16.14,14311.0,18.65,9781.34,4469.19,14250.53
2026-05-29,23,13463.0,3.9,16.22,11089.0,12.25,7587.03,3464.27,11051.3
2026-05-30,0,9519.0,4.18,9.88,7645.0,6.23,5321.8,2283.98,7605.78
2026-05-30,1,9975.0,4.38,9.95,7623.0,6.37,5333.1,2279.1,7612.2
2026-05-30,2,10433.0,4.71,10.04,6968.0,5.88,4920.98,2040.15,6961.13
2026-05-30,3,11376.0,5.15,10.84,6680.0,5.69,4772.22,1903.23,6675.45
2026-05-30,4,11248.0,5.64,11.02,6748.0,5.83,4812.25,1941.38,6753.63
2026-05-30,5,11206.0,5.98,10.82,10339.0,11.49,7178.95,3274.13,10453.08
2026-05-30,6,16270.0,5.93,15.04,16762.0,24.16,11434.02,5408.22,16842.23
2026-05-30,7,16752.0,5.82,17.09,20117.0,32.4,13582.7,6567.27,20149.97
2026-05-30,8,15857.0,5.39,17.54,20563.0,33.69,13785.5,6770.68,20556.18
2026-05-30,9,16100.0,4.97,17.91,19974.0,32.24,13425.75,6541.92,19967.67
2026-05-30,10,16086.0,4.63,17.86,19267.0,30.48,12940.15,6310.13,19250.28
2026-05-30,11,16080.0,4.39,17.89,17874.0,26.84,12084.08,5773.37,17857.45
2026-05-30,12,16393.0,4.27,18.33,17174.0,25.09,11602.75,5545.37,17148.12
2026-05-30,13,16365.0,4.31,18.24,15585.0,21.3,10578.12,4984.17,15562.28
2026-05-30,14,16330.0,4.48,18.21,14352.0,18.54,9808.58,4527.85,14336.43
2026-05-30,15,17380.0,4.78,17.59,14345.0,18.43,9786.82,4568.97,14355.78
2026-05-30,16,17522.0,5.06,17.54,15672.0,21.17,10565.88,5125.72,15691.6
2026-05-30,17,16842.0,5.24,17.33,16104.0,22.06,10860.25,5251.83,16112.08
2026-05-30,18,15770.0,5.25,17.85,16817.0,24.24,11403.28,5432.57,16835.85
2026-05-30,19,15071.0,5.1,18.33,17680.0,26.66,11979.83,5700.93,17680.77
2026-05-30,20,14566.0,4.82,18.6,17734.0,27.04,12022.87,5702.73,17725.6
2026-05-30,21,14277.0,4.56,18.94,16665.0,24.51,11355.05,5287.13,16642.18
2026-05-30,22,12980.0,4.39,17.66,14120.0,18.65,9696.83,4365.12,14061.95
2026-05-30,23,12825.0,4.49,17.81,10442.0,11.44,7227.95,3172.38,10400.33
2026-05-31,0,10575.0,4.78,10.33,7960.0,6.61,5524.62,2403.38,7928.0
2026-05-31,1,10534.0,5.11,9.85,7499.0,6.21,5239.97,2254.67,7494.63
2026-05-31,2,10012.0,5.44,10.06,6871.0,5.69,4829.8,2030.38,6860.18
2026-05-31,3,9680.0,5.78,9.85,6641.0,5.56,4720.7,1916.45,6637.15
2026-05-31,4,9497.0,6.1,9.7,6517.0,5.51,4676.33,1837.22,6513.55
2026-05-31,5,7742.0,6.21,11.58,9831.0,10.93,6867.52,3077.8,9945.32
2026-05-31,6,12523.0,5.87,15.49,15420.0,21.3,10532.32,4946.52,15478.83
2026-05-31,7,14723.0,5.59,18.25,18697.0,29.05,12656.67,6097.72,18754.38
2026-05-31,8,15045.0,5.1,18.37,20451.0,33.68,13755.22,6701.75,20456.97
2026-05-31,9,15671.0,4.59,17.73,20616.0,34.06,13871.63,6747.72,20619.35
2026-05-31,10,16384.0,4.16,16.96,19927.0,32.13,13399.83,6506.9,19906.73
2026-05-31,11,16470.0,3.91,16.76,18296.0,27.57,12387.97,5877.12,18265.08
2026-05-31,12,16490.0,3.8,16.77,17274.0,24.99,11676.55,5576.37,17252.92
2026-05-31,13,16960.0,3.83,16.46,15959.0,21.84,10859.38,5078.8,15938.18
2026-05-31,14,17591.0,4.09,16.1,14452.0,18.55,9920.02,4499.23,14419.25
2026-05-31,15,17547.0,4.55,16.01,13223.0,15.97,9150.83,4071.4,13222.23
2026-05-31,16,15791.0,4.88,17.42,14610.0,18.57,9950.52,4688.5,14639.02
2026-05-31,17,15758.0,4.98,17.53,15133.0,19.93,10314.4,4821.0,15135.4
2026-05-31,18,14686.0,4.99,18.4,15969.0,22.25,10876.28,5111.88,15988.17
2026-05-31,19,14528.0,4.81,18.51,17099.0,25.19,11607.37,5511.0,17118.37
2026-05-31,20,14567.0,4.55,18.53,17551.0,26.45,11925.17,5617.37,17542.53
2026-05-31,21,13339.0,4.28,17.32,16332.0,23.55,11127.13,5177.32,16304.45
2026-05-31,22,12913.0,4.11,17.1,14147.0,18.72,9724.27,4364.35,14088.62
2026-05-31,23,12954.0,4.19,17.21,10256.0,10.82,6992.92,3209.05,10201.97
