date,hour,RB_Qin,RB_Level,RB_Inlet,RB_F_Ram2,RB_F_Yairom,RB_P_Ram2,RB_P_Yairom,TotalFlow
2026-03-01,0,14898.0,4.12,4.21,6254.0,4620.0,11.42,8.1,10874.0
2026-03-01,1,12769.0,4.42,4.0,5875.0,4326.0,11.05,7.82,10201.0
2026-03-01,2,12797.0,4.72,4.27,5331.0,4354.0,10.43,8.12,9685.0
2026-03-01,3,12489.0,5.05,4.51,4706.0,5072.0,9.74,9.89,9778.0
2026-03-01,4,12873.0,5.22,4.81,4314.0,7930.0,10.39,18.85,12245.0
2026-03-01,5,17131.0,5.32,6.14,4605.0,10300.0,11.85,28.27,14905.0
2026-03-01,6,17939.0,5.5,6.58,7083.0,11183.0,15.49,32.03,18267.0
2026-03-01,7,17297.0,5.17,5.98,10152.0,11494.0,20.47,32.2,21646.0
2026-03-01,8,17687.0,4.59,5.58,11367.0,11626.0,22.68,32.2,22992.0
2026-03-01,9,18089.0,3.98,5.13,11235.0,11675.0,22.36,32.2,22911.0
2026-03-01,10,18542.0,3.5,4.8,10072.0,11556.0,19.3,31.3,21628.0
2026-03-01,11,18940.0,3.28,4.73,8535.0,10988.0,15.73,28.54,19523.0
2026-03-01,12,18848.0,3.27,4.71,7734.0,10525.0,14.09,26.71,18259.0
2026-03-01,13,18570.0,3.39,4.7,6544.0,10242.0,11.76,25.53,16786.0
2026-03-01,14,17407.0,3.54,4.63,6222.0,10187.0,11.39,25.52,16409.0
2026-03-01,15,17119.0,3.63,4.58,6153.0,10149.0,11.38,25.53,16302.0
2026-03-01,16,17519.0,3.67,4.74,7390.0,10678.0,14.08,28.06,18069.0
2026-03-01,17,17911.0,3.44,4.62,9266.0,11374.0,18.75,31.93,20640.0
2026-03-01,18,18246.0,3.1,4.32,9544.0,11482.0,19.45,32.36,21025.0
2026-03-01,19,18378.0,2.81,4.14,9094.0,11448.0,18.35,32.41,20542.0
2026-03-01,20,18509.0,2.57,3.94,8633.0,11508.0,17.22,32.4,20140.0
2026-03-01,21,18506.0,2.45,3.8,7402.0,11150.0,14.69,30.75,18552.0
2026-03-01,22,18373.0,2.58,3.85,5744.0,9706.0,11.16,23.9,15450.0
2026-03-01,23,17977.0,3.06,4.19,4731.0,7717.0,9.36,16.56,12448.0
2026-03-02,0,11796.0,3.5,3.11,5448.0,4738.0,10.11,8.6,10186.0
2026-03-02,1,11158.0,3.61,3.09,5463.0,4092.0,10.42,7.6,9555.0
2026-03-02,2,13328.0,3.9,3.64,4862.0,4147.0,9.51,7.72,9009.0
2026-03-02,3,14338.0,4.44,4.29,4401.0,5224.0,9.48,10.45,9625.0
2026-03-02,4,14426.0,4.87,4.8,4266.0,7797.0,10.28,18.43,12063.0
2026-03-02,5,15103.0,4.92,5.02,5183.0,10616.0,12.46,29.16,15799.0
2026-03-02,6,17694.0,4.69,5.65,9151.0,11420.0,18.36,32.08,20571.0
2026-03-02,7,19531.0,4.31,5.88,11737.0,11692.0,23.37,32.41,23429.0
2026-03-02,8,18958.0,3.83,5.26,11140.0,11556.0,22.15,32.41,22696.0
2026-03-02,9,19136.0,3.46,5.0,9839.0,11592.0,19.1,32.41,21431.0
2026-03-02,10,19127.0,3.3,4.82,7777.0,11385.0,14.28,30.86,19162.0
2026-03-02,11,18898.0,3.41,4.91,6206.0,10999.0,11.18,28.33,17205.0
2026-03-02,12,18175.0,3.58,4.81,6356.0,10189.0,11.43,25.29,16545.0
2026-03-02,13,17451.0,3.76,4.8,6337.0,9677.0,11.36,23.01,16013.0
2026-03-02,14,17108.0,3.91,4.88,6072.0,9608.0,11.01,23.03,15680.0
2026-03-02,15,16950.0,4.06,4.92,6036.0,9612.0,10.94,23.04,15648.0
2026-03-02,16,16874.0,4.11,4.95,7515.0,10216.0,13.75,26.12,17731.0
2026-03-02,17,16855.0,3.82,4.57,9077.0,11188.0,17.55,31.06,20266.0
2026-03-02,18,17251.0,3.39,4.28,9504.0,11511.0,18.56,32.39,21014.0
2026-03-02,19,17518.0,2.98,4.03,9125.0,11487.0,17.78,32.42,20612.0
2026-03-02,20,17748.0,2.65,3.72,8862.0,11512.0,17.1,32.34,20374.0
2026-03-02,21,17755.0,2.41,3.61,7797.0,11169.0,14.94,30.49,18966.0
2026-03-02,22,17655.0,2.4,3.49,6445.0,9679.0,12.1,23.65,16124.0
2026-03-02,23,17558.0,2.72,3.78,5281.0,7769.0,10.08,16.64,13050.0
2026-03-03,0,13322.0,3.13,2.98,6118.0,4512.0,11.35,8.09,10631.0
2026-03-03,1,14242.0,3.51,3.37,5763.0,4121.0,10.88,7.56,9884.0
2026-03-03,2,14024.0,4.0,3.78,5174.0,4211.0,10.14,7.9,9385.0
2026-03-03,3,13083.0,4.46,4.08,4615.0,5159.0,9.67,10.21,9774.0
2026-03-03,4,10965.0,4.56,3.89,4203.0,7817.0,10.0,18.15,12020.0
2026-03-03,5,12108.0,4.26,3.8,5078.0,10314.0,12.28,27.97,15393.0
2026-03-03,6,16545.0,3.93,4.61,8098.0,11254.0,16.85,32.06,19352.0
2026-03-03,7,17829.0,3.49,4.57,10973.0,11544.0,21.9,32.37,22518.0
2026-03-03,8,18475.0,2.95,4.22,11151.0,11654.0,22.36,32.63,22806.0
2026-03-03,9,18821.0,2.48,3.92,10389.0,11746.0,20.34,32.69,22135.0
2026-03-03,10,18962.0,2.17,3.74,9177.0,11403.0,17.39,30.93,20580.0
2026-03-03,11,19411.0,2.08,3.82,7887.0,10919.0,14.67,28.39,18806.0
2026-03-03,12,20730.0,2.3,4.37,6975.0,10408.0,12.69,26.37,17383.0
2026-03-03,13,20584.0,2.72,4.71,6233.0,10296.0,11.29,25.53,16529.0
2026-03-03,14,20199.0,3.16,4.98,6053.0,10246.0,11.08,25.53,16299.0
2026-03-03,15,19886.0,3.58,5.29,6050.0,10249.0,11.13,25.55,16299.0
2026-03-03,16,19738.0,3.86,5.49,7914.0,10712.0,14.94,28.51,18626.0
2026-03-03,17,19853.0,3.81,5.4,9787.0,11382.0,19.32,31.9,21168.0
2026-03-03,18,20191.0,3.6,5.39,10231.0,11529.0,20.46,32.59,21761.0
2026-03-03,19,20624.0,3.46,5.41,9832.0,11513.0,19.64,32.6,21345.0
2026-03-03,20,20585.0,3.41,5.38,9074.0,11598.0,17.66,32.55,20672.0
2026-03-03,21,19834.0,3.42,5.21,7637.0,11255.0,14.72,30.59,18892.0
2026-03-03,22,19674.0,3.65,5.36,6296.0,9645.0,11.94,23.61,15941.0
2026-03-03,23,19137.0,4.25,5.82,4678.0,7697.0,9.31,16.5,12375.0
2026-03-04,0,11215.0,4.73,4.06,5876.0,4428.0,10.92,7.89,10304.0
2026-03-04,1,10025.0,4.72,3.86,5340.0,4315.0,10.26,7.92,9655.0
2026-03-04,2,10042.0,4.77,3.93,4971.0,4294.0,9.89,8.05,9265.0
2026-03-04,3,10186.0,4.86,4.02,4269.0,5201.0,9.11,10.22,9470.0
2026-03-04,4,10406.0,4.8,4.0,4102.0,8012.0,9.94,18.81,12114.0
2026-03-04,5,11970.0,4.46,4.0,5363.0,10485.0,12.5,28.37,15848.0
2026-03-04,6,15665.0,3.94,4.4,9393.0,11478.0,19.03,32.4,20871.0
2026-03-04,7,17298.0,3.24,4.18,11853.0,11776.0,23.88,32.67,23628.0
2026-03-04,8,19570.0,2.7,4.32,10872.0,11668.0,21.67,32.63,22540.0
2026-03-04,9,19950.0,2.45,4.16,9234.0,11661.0,17.71,32.51,20896.0
2026-03-04,10,19769.0,2.44,4.18,7161.0,11293.0,13.23,30.57,18454.0
2026-03-04,11,19617.0,2.66,4.38,6185.0,10894.0,11.25,28.16,17079.0
2026-03-04,12,19325.0,2.96,4.53,6082.0,10059.0,11.1,24.88,16141.0
2026-03-04,13,19288.0,3.34,4.89,6009.0,9585.0,10.98,23.02,15595.0
2026-03-04,14,19601.0,3.76,5.37,5721.0,9601.0,10.69,23.02,15323.0
2026-03-04,15,20031.0,4.32,6.12,5647.0,9596.0,10.45,23.03,15243.0
2026-03-04,16,18411.0,4.64,5.89,7225.0,10165.0,13.4,26.05,17390.0
2026-03-04,17,18491.0,4.58,5.89,8919.0,11012.0,17.2,30.44,19931.0
2026-03-04,18,18408.0,4.32,5.58,9525.0,11474.0,18.58,32.28,20999.0
2026-03-04,19,18610.0,4.03,5.32,9378.0,11477.0,18.31,32.3,20856.0
2026-03-04,20,18785.0,3.77,5.17,9323.0,11513.0,18.13,32.32,20836.0
2026-03-04,21,18809.0,3.61,4.98,7895.0,11141.0,15.31,30.54,19036.0
2026-03-04,22,18202.0,3.72,4.93,5779.0,9859.0,11.04,24.15,15638.0
2026-03-04,23,19146.0,4.2,5.61,5092.0,7914.0,10.07,17.39,13006.0
2026-03-05,0,12811.0,4.72,5.37,5755.0,4395.0,10.84,7.81,10150.0
2026-03-05,1,10869.0,4.91,10.85,5520.0,4103.0,10.74,7.54,9623.0
2026-03-05,2,10377.0,5.09,10.39,5165.0,4233.0,10.41,8.13,9398.0
2026-03-05,3,10133.0,5.16,7.53,4573.0,5118.0,9.91,10.25,9691.0
2026-03-05,4,11543.0,5.16,5.64,4313.0,7748.0,10.32,18.11,12061.0
2026-03-05,5,17818.0,5.23,6.22,5652.0,10433.0,13.09,28.29,16085.0
2026-03-05,6,18224.0,5.14,6.29,9520.0,11443.0,19.27,32.06,20963.0
2026-03-05,7,17764.0,4.6,5.65,11552.0,11680.0,22.99,32.49,23232.0
2026-03-05,8,18212.0,3.99,5.15,11008.0,11579.0,21.93,32.5,22587.0
2026-03-05,9,18502.0,3.54,4.84,9621.0,11517.0,19.04,32.45,21138.0
2026-03-05,10,18374.0,3.35,4.64,7080.0,11330.0,13.22,30.79,18410.0
2026-03-05,11,17765.0,3.39,4.49,5922.0,10896.0,11.14,28.31,16818.0
2026-03-05,12,17557.0,3.5,4.55,5915.0,10050.0,10.96,24.78,15965.0
2026-03-05,13,17388.0,3.67,4.69,6059.0,9604.0,11.22,23.02,15663.0
2026-03-05,14,17494.0,3.87,4.88,5758.0,9573.0,10.91,23.03,15331.0
2026-03-05,15,16802.0,4.08,4.86,5739.0,9588.0,10.75,23.02,15327.0
2026-03-05,16,17668.0,4.17,5.26,7206.0,10203.0,13.44,26.13,17409.0
2026-03-05,17,17950.0,4.01,5.17,8954.0,11078.0,17.55,30.68,20032.0
2026-03-05,18,18332.0,3.71,4.99,9331.0,11410.0,18.6,32.25,20741.0
2026-03-05,19,18598.0,3.43,4.74,8990.0,11512.0,17.67,32.51,20502.0
2026-03-05,20,18841.0,3.17,4.6,9210.0,11518.0,17.83,32.52,20729.0
2026-03-05,21,18659.0,3.0,4.4,7826.0,11198.0,15.11,30.58,19025.0
2026-03-05,22,18812.0,3.1,4.47,6181.0,9711.0,11.86,23.78,15891.0
2026-03-05,23,18705.0,3.59,4.95,4854.0,7734.0,9.54,16.43,12588.0
2026-03-06,0,13187.0,4.1,3.81,5967.0,4338.0,11.11,7.57,10304.0
2026-03-06,1,13204.0,4.4,4.07,5486.0,4268.0,10.57,7.78,9755.0
2026-03-06,2,12935.0,4.77,4.39,5154.0,4285.0,10.19,8.01,9438.0
2026-03-06,3,12676.0,5.11,4.65,4551.0,5220.0,9.68,10.33,9771.0
2026-03-06,4,11004.0,5.21,4.48,4287.0,7950.0,10.3,18.71,12237.0
2026-03-06,5,12261.0,4.92,4.48,5388.0,10547.0,12.63,28.71,15934.0
2026-03-06,6,16348.0,4.4,5.03,9256.0,11437.0,18.71,32.28,20693.0
2026-03-06,7,18206.0,3.81,4.92,11642.0,11638.0,23.2,32.41,23280.0
2026-03-06,8,18397.0,3.25,4.46,10849.0,11605.0,21.4,32.4,22454.0
2026-03-06,9,18336.0,2.82,4.08,9147.0,11641.0,17.35,32.41,20789.0
2026-03-06,10,18476.0,2.63,3.98,7102.0,11424.0,13.16,31.13,18526.0
2026-03-06,11,17800.0,2.67,3.85,5844.0,10967.0,10.87,28.55,16811.0
2026-03-06,12,17916.0,2.8,3.97,5743.0,10167.0,10.54,25.01,15910.0
2026-03-06,13,17818.0,3.02,4.13,6049.0,9646.0,10.97,23.03,15695.0
2026-03-06,14,17464.0,3.23,4.28,5893.0,9595.0,10.91,23.02,15488.0
2026-03-06,15,17011.0,3.41,4.33,5833.0,9628.0,10.73,23.01,15461.0
2026-03-06,16,17047.0,3.47,4.35,7352.0,10197.0,13.46,25.78,17550.0
2026-03-06,17,17386.0,3.21,4.15,9131.0,11167.0,17.73,30.96,20298.0
2026-03-06,18,17667.0,2.8,3.9,9512.0,11468.0,18.66,32.51,20980.0
2026-03-06,19,17880.0,2.43,3.62,9020.0,11528.0,17.52,32.51,20548.0
2026-03-06,20,18662.0,2.15,3.59,8707.0,11476.0,16.79,32.25,20182.0
2026-03-06,21,18626.0,2.02,3.51,7378.0,11218.0,14.31,30.79,18596.0
2026-03-06,22,18483.0,2.14,3.57,5948.0,9689.0,11.39,23.63,15637.0
2026-03-06,23,18141.0,2.59,3.81,4792.0,7826.0,9.41,16.75,12618.0
2026-03-07,0,11731.0,3.0,2.62,5505.0,4795.0,10.2,8.46,10299.0
2026-03-07,1,13731.0,3.24,2.97,5379.0,4239.0,10.19,7.61,9618.0
2026-03-07,2,13488.0,3.67,3.29,4995.0,4266.0,9.91,7.86,9261.0
2026-03-07,3,13107.0,4.07,3.59,4379.0,5483.0,9.56,11.05,9862.0
2026-03-07,4,13235.0,4.29,3.84,4228.0,7830.0,10.18,18.23,12058.0
2026-03-07,5,13897.0,4.24,4.02,4903.0,10344.0,11.98,28.11,15247.0
2026-03-07,6,19610.0,4.11,5.67,8401.0,11341.0,17.4,32.0,19742.0
2026-03-07,7,20154.0,3.92,5.67,11455.0,11810.0,22.88,32.5,23265.0
2026-03-07,8,19890.0,3.47,5.1,11672.0,11748.0,23.45,32.6,23420.0
2026-03-07,9,19915.0,3.05,4.73,10975.0,11712.0,21.52,32.59,22687.0
2026-03-07,10,20073.0,2.78,4.51,9550.0,11524.0,18.17,31.15,21073.0
2026-03-07,11,20359.0,2.75,4.59,8259.0,11002.0,15.23,28.27,19261.0
2026-03-07,12,20192.0,2.91,4.73,7350.0,10632.0,13.35,26.71,17982.0
2026-03-07,13,19954.0,3.17,4.89,6789.0,10343.0,12.23,25.56,17133.0
2026-03-07,14,19746.0,3.46,5.14,6419.0,10248.0,11.69,25.42,16668.0
2026-03-07,15,19867.0,3.8,5.44,6443.0,10257.0,11.78,25.43,16700.0
2026-03-07,16,20380.0,4.05,5.89,8155.0,10793.0,15.53,28.55,18948.0
2026-03-07,17,20528.0,4.04,5.92,9736.0,11412.0,19.67,32.04,21148.0
2026-03-07,18,20761.0,3.9,5.9,10012.0,11598.0,20.33,32.76,21611.0
2026-03-07,19,21169.0,3.83,5.94,9394.0,11571.0,18.85,32.63,20965.0
2026-03-07,20,21141.0,3.86,5.95,8613.0,11560.0,17.01,32.5,20173.0
2026-03-07,21,20460.0,4.0,5.9,7559.0,11138.0,14.87,30.47,18697.0
2026-03-07,22,19349.0,4.25,5.84,5926.0,9569.0,11.51,23.44,15495.0
2026-03-07,23,19083.0,4.86,6.31,4729.0,7543.0,9.36,16.3,12272.0
2026-03-08,0,9665.0,5.19,5.8,5777.0,4641.0,10.72,8.36,10418.0
2026-03-08,1,10135.0,5.14,5.26,5292.0,4393.0,10.14,8.14,9685.0
2026-03-08,2,10435.0,5.22,5.47,4851.0,4371.0,9.72,8.29,9222.0
2026-03-08,3,10568.0,5.35,5.7,4115.0,5254.0,9.14,10.49,9370.0
2026-03-08,4,11657.0,5.38,5.16,3983.0,7952.0,9.95,18.68,11935.0
2026-03-08,5,12750.0,5.23,4.89,4334.0,10299.0,11.53,28.5,14633.0
2026-03-08,6,17255.0,5.06,6.0,7044.0,11164.0,15.48,32.2,18208.0
2026-03-08,7,17869.0,4.74,5.81,10437.0,11511.0,21.1,32.48,21948.0
2026-03-08,8,18384.0,4.16,5.43,11674.0,11701.0,23.76,32.58,23375.0
2026-03-08,9,18852.0,3.57,4.93,11497.0,11772.0,22.96,32.69,23270.0
2026-03-08,10,18630.0,3.07,4.46,10315.0,11582.0,19.67,31.35,21896.0
2026-03-08,11,18748.0,2.77,4.15,8846.0,11100.0,16.27,28.85,19947.0
2026-03-08,12,18562.0,2.69,4.08,7757.0,10563.0,14.0,26.7,18320.0
2026-03-08,13,18449.0,2.76,4.04,6863.0,10184.0,12.28,25.02,17047.0
2026-03-08,14,18223.0,2.9,4.16,6414.0,10136.0,11.74,25.1,16550.0
2026-03-08,15,18069.0,3.08,4.29,6264.0,10221.0,11.41,25.37,16485.0
2026-03-08,16,18201.0,3.1,4.32,8268.0,10749.0,15.89,28.7,19017.0
2026-03-08,17,18550.0,2.85,4.2,9895.0,11312.0,20.08,31.79,21207.0
2026-03-08,18,18828.0,2.49,3.89,10050.0,11493.0,20.64,32.41,21542.0
2026-03-08,19,18930.0,2.18,3.7,9349.0,11479.0,18.94,32.41,20828.0
2026-03-08,20,19008.0,1.97,3.56,8581.0,11450.0,17.05,32.05,20031.0
2026-03-08,21,18899.0,1.92,3.47,7008.0,11190.0,13.8,30.51,18198.0
2026-03-08,22,20140.0,2.16,5.72,5690.0,9758.0,11.18,24.21,15448.0
2026-03-08,23,19702.0,2.87,8.81,4830.0,7560.0,9.62,16.3,12390.0
2026-03-09,0,15782.0,3.63,6.63,5475.0,4516.0,10.35,8.25,9991.0
2026-03-09,1,14528.0,4.19,6.37,5418.0,4045.0,10.41,7.49,9463.0
2026-03-09,2,14507.0,4.75,7.0,4915.0,4287.0,9.85,8.06,9203.0
2026-03-09,3,11772.0,5.23,9.7,4713.0,5114.0,10.12,10.35,9827.0
2026-03-09,4,13061.0,5.31,9.28,4509.0,7766.0,10.69,18.34,12275.0
2026-03-09,5,15766.0,5.35,6.11,5442.0,10503.0,12.92,28.8,15945.0
2026-03-09,6,17568.0,5.18,6.22,9430.0,11415.0,19.2,32.37,20845.0
2026-03-09,7,17371.0,4.54,5.44,12085.0,11706.0,24.51,32.74,23791.0
2026-03-09,8,18010.0,3.83,4.9,11607.0,11646.0,23.49,32.61,23252.0
2026-03-09,9,18272.0,3.3,4.5,9795.0,11592.0,19.17,32.48,21387.0
2026-03-09,10,17852.0,3.01,4.16,7474.0,11572.0,14.04,31.56,19046.0
2026-03-09,11,17682.0,2.96,4.12,6012.0,11049.0,10.87,28.67,17062.0
2026-03-09,12,17588.0,3.06,4.16,5954.0,10147.0,10.74,25.12,16101.0
2026-03-09,13,17520.0,3.23,4.28,5980.0,9647.0,10.73,23.02,15627.0
2026-03-09,14,17526.0,3.44,4.51,5791.0,9647.0,10.53,23.02,15438.0
2026-03-09,15,17043.0,3.62,4.5,5815.0,9653.0,10.5,23.02,15468.0
2026-03-09,16,17172.0,3.68,4.52,7670.0,10235.0,14.02,26.02,17905.0
2026-03-09,17,17918.0,3.42,4.52,9422.0,11185.0,18.14,30.87,20607.0
2026-03-09,18,18299.0,3.03,4.28,10203.0,11448.0,20.28,32.15,21651.0
2026-03-09,19,18996.0,2.65,4.13,9822.0,11419.0,19.47,32.2,21241.0
2026-03-09,20,19246.0,2.4,3.96,9425.0,11499.0,18.26,32.2,20924.0
2026-03-09,21,19853.0,2.28,3.99,8007.0,11145.0,15.53,30.32,19152.0
2026-03-09,22,20217.0,2.52,4.34,6218.0,9778.0,11.95,24.2,15996.0
2026-03-09,23,19533.0,3.13,4.72,5045.0,7683.0,9.95,16.51,12728.0
2026-03-10,0,12845.0,3.67,3.41,5935.0,4432.0,10.94,7.84,10367.0
2026-03-10,1,11895.0,3.86,3.41,5640.0,4085.0,10.76,7.55,9725.0
2026-03-10,2,11053.0,4.05,3.43,5068.0,4308.0,10.07,8.12,9376.0
2026-03-10,3,13340.0,4.31,3.97,4472.0,5216.0,9.55,10.34,9689.0
2026-03-10,4,13453.0,4.59,4.22,4151.0,7950.0,10.04,18.59,12101.0
2026-03-10,5,14181.0,4.53,4.45,5464.0,10477.0,12.86,28.45,15941.0
2026-03-10,6,18330.0,4.28,5.47,9167.0,11483.0,18.4,32.19,20649.0
2026-03-10,7,19339.0,3.85,5.37,11866.0,11596.0,23.67,32.21,23463.0
2026-03-10,8,19585.0,3.39,5.06,11008.0,11560.0,22.02,32.38,22567.0
2026-03-10,9,19747.0,3.1,4.78,9326.0,11564.0,18.05,32.4,20890.0
2026-03-10,10,19605.0,3.06,4.69,7189.0,11353.0,13.3,30.76,18541.0
2026-03-10,11,19324.0,3.24,4.81,6002.0,10888.0,10.92,27.92,16890.0
2026-03-10,12,18893.0,3.53,4.99,5443.0,10153.0,10.08,25.02,15596.0
2026-03-10,13,18611.0,3.9,5.24,5699.0,9691.0,10.4,23.13,15390.0
2026-03-10,14,18509.0,4.2,5.46,6221.0,9604.0,11.4,23.11,15824.0
2026-03-10,15,18070.0,4.5,5.69,5751.0,9653.0,10.56,23.05,15403.0
2026-03-10,16,17906.0,4.65,5.79,7663.0,10219.0,14.13,26.24,17882.0
2026-03-10,17,18262.0,4.47,5.74,9239.0,11188.0,17.77,31.05,20427.0
2026-03-10,18,19098.0,4.16,5.62,9568.0,11552.0,18.73,32.55,21120.0
2026-03-10,19,20105.0,3.99,5.73,9303.0,11597.0,17.97,32.6,20901.0
2026-03-10,20,20323.0,3.85,5.67,9518.0,11598.0,18.53,32.6,21115.0
2026-03-10,21,19563.0,3.81,6.48,8219.0,11122.0,16.0,30.29,19342.0
2026-03-10,22,17699.0,3.83,4.46,6466.0,9587.0,12.16,23.17,16053.0
2026-03-10,23,17587.0,4.19,4.75,5020.0,7638.0,9.89,16.48,12658.0
2026-03-11,0,14160.0,4.77,6.64,5923.0,4496.0,11.08,8.15,10419.0
2026-03-11,1,11092.0,4.98,8.51,5478.0,4137.0,10.41,7.48,9615.0
2026-03-11,2,10386.0,5.15,7.86,4877.0,4464.0,9.64,8.25,9342.0
2026-03-11,3,10140.0,5.23,6.89,4417.0,5314.0,9.38,10.41,9730.0
2026-03-11,4,10643.0,5.18,4.46,4272.0,7960.0,10.03,18.66,12232.0
2026-03-11,5,13709.0,4.87,4.8,5400.0,10532.0,12.52,28.61,15931.0
2026-03-11,6,18564.0,4.62,5.91,9405.0,11519.0,19.03,32.36,20923.0
2026-03-11,7,18959.0,4.16,5.51,11925.0,11773.0,23.95,32.61,23698.0
2026-03-11,8,19482.0,3.65,5.2,11149.0,11672.0,22.24,32.6,22820.0
2026-03-11,9,19902.0,3.36,5.11,9332.0,11629.0,17.93,32.61,20961.0
2026-03-11,10,20161.0,3.33,5.21,7192.0,11417.0,13.33,31.07,18609.0
2026-03-11,11,20365.0,3.61,5.54,5922.0,10907.0,10.82,28.16,16829.0
2026-03-11,12,19730.0,4.0,5.75,6018.0,10140.0,10.96,25.02,16158.0
2026-03-11,13,19431.0,4.39,6.05,6037.0,9692.0,11.02,23.03,15729.0
2026-03-11,14,19618.0,4.81,6.49,5857.0,9627.0,10.82,23.03,15484.0
2026-03-11,15,18873.0,5.27,7.84,5800.0,9599.0,10.77,23.02,15399.0
2026-03-11,16,16920.0,5.36,8.32,7893.0,10214.0,14.88,26.42,18107.0
2026-03-11,17,18234.0,5.13,6.4,9051.0,11208.0,17.48,31.04,20260.0
2026-03-11,18,20267.0,4.93,6.72,9288.0,11550.0,18.05,32.48,20838.0
2026-03-11,19,20164.0,4.85,6.98,9262.0,11539.0,18.05,32.5,20801.0
2026-03-11,20,19357.0,4.67,6.22,9308.0,11507.0,17.99,32.31,20816.0
2026-03-11,21,18736.0,4.55,5.88,7464.0,11177.0,14.38,30.38,18641.0
2026-03-11,22,17111.0,4.77,6.94,3488.0,9890.0,9.32,23.73,13378.0
2026-03-11,23,774.0,5.0,12.01,4193.0,5719.0,12.14,10.04,9912.0
2026-03-12,0,129.0,5.04,7.07,2940.0,4070.0,8.07,5.93,7010.0
2026-03-12,1,132.0,5.07,7.13,2919.0,4037.0,8.16,6.07,6956.0
2026-03-12,2,142.0,5.09,7.34,3138.0,3956.0,8.36,6.26,7094.0
2026-03-12,3,382.0,5.11,6.6,3949.0,3589.0,7.55,5.46,7538.0
2026-03-12,4,10085.0,4.96,4.13,5435.0,7928.0,11.57,18.07,13364.0
2026-03-12,5,11958.0,4.49,4.08,5755.0,10541.0,12.32,28.27,16297.0
2026-03-12,6,16710.0,4.09,4.81,8415.0,11375.0,16.54,31.99,19790.0
2026-03-12,7,18472.0,3.69,4.93,10690.0,11640.0,20.76,32.39,22330.0
2026-03-12,8,18711.0,3.29,4.69,9955.0,11521.0,19.3,32.41,21475.0
2026-03-12,9,19458.0,3.05,4.7,8462.0,11540.0,16.16,32.41,20002.0
2026-03-12,10,19754.0,3.12,4.82,6587.0,11333.0,12.25,30.9,17919.0
2026-03-12,11,19480.0,3.4,5.03,5518.0,10832.0,10.3,27.95,16350.0
2026-03-12,12,19495.0,3.79,5.43,5373.0,10079.0,10.15,25.01,15451.0
2026-03-12,13,19581.0,4.28,5.96,5408.0,9570.0,10.14,22.91,14978.0
2026-03-12,14,19263.0,4.76,6.27,5414.0,9601.0,10.13,22.93,15015.0
2026-03-12,15,17983.0,5.18,6.29,5421.0,9594.0,10.12,22.93,15015.0
2026-03-12,16,17165.0,5.34,6.21,6980.0,10274.0,13.14,26.55,17254.0
2026-03-12,17,17467.0,5.19,6.12,8328.0,11092.0,16.2,30.78,19420.0
2026-03-12,18,17735.0,4.9,5.91,8909.0,11457.0,17.45,32.45,20366.0
2026-03-12,19,17973.0,4.59,5.71,9106.0,11525.0,17.49,32.51,20632.0
2026-03-12,20,18204.0,4.28,5.48,9036.0,11531.0,17.34,32.44,20567.0
2026-03-12,21,18416.0,4.1,5.32,7416.0,11218.0,14.28,30.6,18634.0
2026-03-12,22,18394.0,4.25,5.56,5279.0,9797.0,10.27,23.93,15076.0
2026-03-12,23,17616.0,4.75,5.78,4614.0,7722.0,9.36,16.52,12335.0
2026-03-13,0,9740.0,5.02,5.71,5711.0,4573.0,10.67,8.08,10284.0
2026-03-13,1,9909.0,4.96,4.68,5360.0,4374.0,10.33,8.03,9734.0
2026-03-13,2,9264.0,4.96,4.17,4898.0,4330.0,9.74,8.13,9228.0
2026-03-13,3,9007.0,4.91,3.86,4444.0,5180.0,9.51,10.23,9624.0
2026-03-13,4,9669.0,4.71,3.78,4192.0,7949.0,10.0,18.56,12142.0
2026-03-13,5,16985.0,4.62,5.34,5276.0,10577.0,12.49,28.84,15852.0
2026-03-13,6,19512.0,4.63,6.13,8714.0,11477.0,17.5,32.26,20192.0
2026-03-13,7,20611.0,4.39,6.32,11481.0,11645.0,22.91,32.51,23126.0
2026-03-13,8,20811.0,4.09,6.0,10974.0,11558.0,21.99,32.5,22532.0
2026-03-13,9,19524.0,3.89,5.51,9400.0,11533.0,18.41,32.5,20933.0
2026-03-13,10,18862.0,3.75,5.18,7278.0,11347.0,13.74,31.03,18624.0
2026-03-13,11,18650.0,3.87,5.23,5841.0,10989.0,10.72,28.47,16829.0
2026-03-13,12,18442.0,4.09,5.4,5588.0,10214.0,10.24,25.38,15802.0
2026-03-13,13,18205.0,4.4,5.61,5568.0,9680.0,9.98,23.03,15249.0
2026-03-13,14,17973.0,4.72,5.88,5457.0,9614.0,9.99,23.03,15071.0
2026-03-13,15,17766.0,5.02,6.06,5527.0,9659.0,9.99,23.03,15186.0
2026-03-13,16,17773.0,5.18,6.22,7417.0,10294.0,13.38,26.33,17711.0
2026-03-13,17,18015.0,5.01,6.18,8813.0,11228.0,16.77,31.21,20041.0
2026-03-13,18,18439.0,4.74,5.98,8943.0,11465.0,17.39,32.38,20408.0
2026-03-13,19,19336.0,4.55,6.12,8874.0,11506.0,17.18,32.41,20380.0
2026-03-13,20,19743.0,4.43,6.15,8867.0,11520.0,17.19,32.42,20387.0
2026-03-13,21,18914.0,4.39,6.07,7438.0,11209.0,14.59,30.76,18646.0
2026-03-13,22,16146.0,4.42,7.05,5740.0,9694.0,11.19,23.93,15434.0
2026-03-13,23,14446.0,4.58,8.45,4773.0,7665.0,9.45,16.17,12438.0
2026-03-14,0,4862.0,4.78,6.97,4800.0,4067.0,8.3,6.32,8867.0
2026-03-14,1,11543.0,4.92,6.33,5251.0,4336.0,9.95,7.89,9588.0
2026-03-14,2,11584.0,5.16,6.65,4753.0,4427.0,9.3,8.12,9181.0
2026-03-14,3,11400.0,5.4,7.26,4634.0,5051.0,9.73,9.98,9685.0
2026-03-14,4,10738.0,5.43,10.8,4647.0,7642.0,10.89,18.0,12289.0
2026-03-14,5,12441.0,5.16,4.84,4938.0,10396.0,12.08,28.43,15334.0
2026-03-14,6,16479.0,4.78,5.48,8228.0,11308.0,16.83,32.25,19536.0
2026-03-14,7,17921.0,4.29,5.33,11253.0,11637.0,22.39,32.4,22890.0
2026-03-14,8,18977.0,3.69,5.06,11657.0,11665.0,23.45,32.41,23322.0
2026-03-14,9,19595.0,3.24,4.81,10748.0,11673.0,21.21,32.41,22421.0
2026-03-14,10,19462.0,2.94,4.43,9432.0,11439.0,17.93,31.07,20870.0
2026-03-14,11,18898.0,2.81,4.25,8264.0,10930.0,15.22,28.4,19194.0
2026-03-14,12,18866.0,2.81,4.24,7223.0,10435.0,13.18,26.44,17658.0
2026-03-14,13,18649.0,2.97,4.32,6494.0,10297.0,11.73,25.52,16792.0
2026-03-14,14,18886.0,3.16,4.57,6363.0,10216.0,11.7,25.53,16579.0
2026-03-14,15,19370.0,3.46,4.98,5971.0,10270.0,10.92,25.57,16242.0
2026-03-14,16,19307.0,3.68,5.16,7681.0,10760.0,14.4,28.37,18441.0
2026-03-14,17,19516.0,3.61,5.17,9037.0,11310.0,18.27,31.76,20347.0
2026-03-14,18,20053.0,3.48,5.24,9087.0,11518.0,18.41,32.51,20605.0
2026-03-14,19,19650.0,3.36,4.99,9114.0,11497.0,18.51,32.51,20611.0
2026-03-14,20,19193.0,3.21,4.71,8429.0,11549.0,16.79,32.52,19978.0
2026-03-14,21,19429.0,3.15,4.74,7347.0,11189.0,14.44,30.62,18536.0
2026-03-14,22,19548.0,3.36,5.06,6343.0,9787.0,12.09,23.97,16130.0
2026-03-14,23,20273.0,3.91,5.82,5217.0,7898.0,9.94,16.76,13115.0
2026-03-15,0,15669.0,4.61,4.84,6331.0,4503.0,11.78,7.66,10834.0
2026-03-15,1,13381.0,5.02,5.43,5787.0,4423.0,11.04,7.96,10210.0
2026-03-15,2,10808.0,5.2,7.39,5245.0,4431.0,10.33,8.08,9675.0
2026-03-15,3,10971.0,5.33,7.61,4749.0,5350.0,10.0,10.52,10098.0
2026-03-15,4,11982.0,5.34,6.96,4347.0,7927.0,10.47,18.71,12274.0
2026-03-15,5,14022.0,5.26,5.55,4323.0,10319.0,11.43,28.26,14642.0
2026-03-15,6,17090.0,5.13,5.96,7047.0,11219.0,15.22,31.88,18266.0
2026-03-15,7,17834.0,4.82,5.8,10100.0,11546.0,20.42,32.38,21646.0
2026-03-15,8,18473.0,4.3,5.56,11226.0,11665.0,22.59,32.51,22891.0
2026-03-15,9,18819.0,3.76,5.13,11103.0,11728.0,21.95,32.5,22832.0
2026-03-15,10,19065.0,3.36,4.83,9646.0,11498.0,18.01,31.08,21144.0
2026-03-15,11,18864.0,3.16,4.58,8579.0,11089.0,15.54,28.59,19668.0
2026-03-15,12,18822.0,3.09,4.51,7800.0,10562.0,13.93,26.57,18362.0
2026-03-15,13,17863.0,3.13,4.3,6955.0,10295.0,12.42,25.53,17250.0
2026-03-15,14,16847.0,3.14,4.01,6049.0,10246.0,11.06,25.52,16294.0
2026-03-15,15,18623.0,3.27,4.56,6223.0,10227.0,11.4,25.53,16450.0
2026-03-15,16,19629.0,3.47,5.04,7715.0,10695.0,14.64,28.3,18410.0
2026-03-15,17,19971.0,3.43,5.16,9491.0,11362.0,19.15,31.92,20853.0
2026-03-15,18,19919.0,3.27,4.93,9640.0,11453.0,19.54,32.31,21092.0
2026-03-15,19,19871.0,3.09,4.7,9171.0,11485.0,18.44,32.31,20657.0
2026-03-15,20,20151.0,3.03,4.74,8583.0,11518.0,16.83,32.32,20101.0
2026-03-15,21,19983.0,3.05,4.81,7406.0,11139.0,14.44,30.38,18545.0
2026-03-15,22,19504.0,3.33,4.91,5509.0,9769.0,10.71,24.2,15277.0
2026-03-15,23,18737.0,3.93,5.29,4724.0,7667.0,9.46,16.67,12391.0
2026-03-16,0,11960.0,4.37,3.81,5841.0,4312.0,10.83,7.86,10152.0
2026-03-16,1,11983.0,4.54,3.95,5662.0,4004.0,10.76,7.54,9666.0
2026-03-16,2,12743.0,4.85,4.39,5051.0,4301.0,9.97,8.21,9352.0
2026-03-16,3,12527.0,5.21,5.34,4252.0,5260.0,9.24,10.49,9511.0
2026-03-16,4,10735.0,5.3,6.89,4272.0,7989.0,10.29,19.15,12261.0
2026-03-16,5,13438.0,5.02,4.81,5428.0,10563.0,12.76,28.96,15991.0
2026-03-16,6,17136.0,4.67,5.44,8882.0,11419.0,17.85,32.23,20300.0
2026-03-16,7,19098.0,4.27,5.69,10807.0,11509.0,21.38,32.44,22316.0
2026-03-16,8,18840.0,3.88,5.24,10060.0,11407.0,19.89,32.41,21467.0
2026-03-16,9,18974.0,3.62,5.06,8606.0,11470.0,16.73,32.41,20075.0
2026-03-16,10,18861.0,3.56,4.94,6714.0,11341.0,12.38,30.76,18055.0
2026-03-16,11,18653.0,3.7,5.03,5712.0,10858.0,10.41,27.85,16570.0
2026-03-16,12,18257.0,3.95,5.2,5545.0,10135.0,10.19,24.91,15680.0
2026-03-16,13,17886.0,4.22,5.32,5813.0,9698.0,10.49,23.12,15510.0
2026-03-16,14,18165.0,4.48,5.67,5684.0,9665.0,10.41,23.06,15349.0
2026-03-16,15,17905.0,4.77,5.98,5579.0,9609.0,10.31,23.03,15188.0
2026-03-16,16,17906.0,4.98,6.19,7004.0,10161.0,13.09,26.09,17165.0
2026-03-16,17,17010.0,4.82,5.64,8429.0,11096.0,16.47,30.94,19525.0
2026-03-16,18,16832.0,4.44,5.17,8658.0,11435.0,16.92,32.41,20093.0
2026-03-16,19,17168.0,4.04,4.93,8837.0,11501.0,17.1,32.51,20338.0
2026-03-16,20,17477.0,3.66,4.6,8778.0,11572.0,16.86,32.49,20350.0
2026-03-16,21,17474.0,3.38,4.32,7692.0,11175.0,14.93,30.61,18867.0
2026-03-16,22,18859.0,3.43,6.65,5919.0,9857.0,11.36,24.54,15776.0
2026-03-16,23,17760.0,3.91,9.22,4839.0,7700.0,9.65,16.47,12538.0
2026-03-17,0,13707.0,4.45,7.13,5597.0,4558.0,10.41,8.12,10155.0
2026-03-17,1,13505.0,4.83,7.49,5325.0,4355.0,10.19,7.93,9679.0
2026-03-17,2,11304.0,5.21,9.82,4946.0,4362.0,9.86,8.15,9308.0
2026-03-17,3,9942.0,5.34,11.07,4329.0,5210.0,9.21,10.23,9539.0
2026-03-17,4,12244.0,5.4,7.75,4262.0,7915.0,10.01,18.54,12177.0
2026-03-17,5,15464.0,5.35,5.67,5257.0,10495.0,12.43,28.62,15752.0
2026-03-17,6,17681.0,5.2,6.25,8878.0,11452.0,17.96,32.36,20330.0
2026-03-17,7,17669.0,4.67,5.69,11096.0,11641.0,21.88,32.68,22737.0
2026-03-17,8,18119.0,4.1,5.26,10618.0,11589.0,21.07,32.7,22207.0
2026-03-17,9,18413.0,3.66,4.93,9498.0,11587.0,18.48,32.7,21084.0
2026-03-17,10,18440.0,3.42,4.68,7554.0,11416.0,14.1,31.32,18970.0
2026-03-17,11,18415.0,3.46,4.73,5977.0,10926.0,11.09,28.74,16903.0
2026-03-17,12,18268.0,3.64,4.92,5986.0,10118.0,11.01,25.29,16104.0
2026-03-17,13,18070.0,3.9,5.06,5834.0,9616.0,10.75,23.02,15451.0
2026-03-17,14,18210.0,4.17,5.43,5794.0,9652.0,10.74,23.02,15446.0
2026-03-17,15,18431.0,4.48,5.78,5766.0,9598.0,10.72,23.02,15364.0
2026-03-17,16,18377.0,4.72,5.94,7109.0,10224.0,13.26,26.13,17333.0
2026-03-17,17,18534.0,4.64,6.0,8790.0,11187.0,17.09,30.91,19977.0
2026-03-17,18,18798.0,4.39,5.79,9491.0,11565.0,18.26,32.32,21056.0
2026-03-17,19,19302.0,4.12,5.68,9431.0,11589.0,18.17,32.42,21020.0
2026-03-17,20,20096.0,3.94,5.82,9413.0,11656.0,18.05,32.4,21070.0
2026-03-17,21,19141.0,3.85,5.38,7923.0,11334.0,15.23,30.68,19257.0
2026-03-17,22,18411.0,3.93,5.24,6177.0,9797.0,11.56,23.82,15974.0
2026-03-17,23,17167.0,4.31,5.9,5080.0,7711.0,9.73,16.56,12791.0
2026-03-18,0,11759.0,4.62,4.47,5484.0,4759.0,10.3,8.56,10242.0
2026-03-18,1,10545.0,4.74,4.05,5308.0,4174.0,10.28,7.64,9482.0
2026-03-18,2,10098.0,4.81,3.97,4843.0,4271.0,9.45,7.78,9114.0
2026-03-18,3,10230.0,4.86,4.01,4515.0,5264.0,9.52,10.4,9779.0
2026-03-18,4,12908.0,4.9,4.62,4214.0,7871.0,10.04,18.3,12085.0
2026-03-18,5,15038.0,4.9,5.17,5560.0,10524.0,12.94,28.71,16085.0
2026-03-18,6,16378.0,4.54,5.13,9115.0,11440.0,18.38,32.29,20555.0
2026-03-18,7,17277.0,3.91,4.79,11153.0,11636.0,22.07,32.48,22789.0
2026-03-18,8,17867.0,3.27,4.35,10937.0,11570.0,21.91,32.5,22507.0
2026-03-18,9,18003.0,2.77,4.02,9385.0,11601.0,18.12,32.41,20986.0
2026-03-18,10,18224.0,2.5,3.79,7469.0,11366.0,13.78,30.72,18835.0
2026-03-18,11,20543.0,2.65,4.62,6250.0,10927.0,11.3,28.18,17177.0
2026-03-18,12,21481.0,3.1,5.35,6218.0,10146.0,11.2,24.98,16365.0
2026-03-18,13,21149.0,3.68,5.81,6069.0,9664.0,10.93,23.03,15733.0
2026-03-18,14,21497.0,4.3,6.56,5935.0,9663.0,10.78,23.03,15598.0
2026-03-18,15,20240.0,4.9,6.75,5955.0,9673.0,10.77,23.03,15628.0
2026-03-18,16,19237.0,5.24,6.74,7292.0,10301.0,13.25,26.2,17593.0
2026-03-18,17,18469.0,5.17,6.47,9195.0,11220.0,17.69,31.03,20415.0
2026-03-18,18,18554.0,4.85,6.15,9511.0,11607.0,18.36,32.61,21119.0
2026-03-18,19,19241.0,4.6,6.12,9259.0,11586.0,17.91,32.61,20845.0
2026-03-18,20,17883.0,4.29,5.36,9189.0,11616.0,17.66,32.61,20806.0
2026-03-18,21,17789.0,3.99,5.03,7869.0,11236.0,15.22,30.6,19104.0
2026-03-18,22,17636.0,3.97,4.96,6343.0,9711.0,12.07,23.85,16055.0
2026-03-18,23,17238.0,4.3,5.21,4968.0,7747.0,9.71,16.51,12715.0
2026-03-19,0,11349.0,4.6,3.92,5995.0,4440.0,11.12,7.88,10434.0
2026-03-19,1,11661.0,4.72,4.02,5395.0,4335.0,10.36,7.87,9730.0
2026-03-19,2,11669.0,4.92,4.22,4976.0,4415.0,9.81,8.19,9391.0
2026-03-19,3,11607.0,5.14,4.41,4068.0,5553.0,8.87,10.92,9621.0
2026-03-19,4,13306.0,5.28,5.0,4104.0,8111.0,9.82,18.89,12215.0
2026-03-19,5,12676.0,5.2,4.79,5355.0,10489.0,12.44,28.58,15844.0
2026-03-19,6,13608.0,4.5,4.37,9161.0,11508.0,18.5,32.48,20669.0
2026-03-19,7,18050.0,3.77,4.64,11838.0,11751.0,23.64,32.71,23589.0
2026-03-19,8,18669.0,3.17,4.36,11180.0,11671.0,22.42,32.71,22851.0
2026-03-19,9,18294.0,2.69,3.99,9533.0,11654.0,18.54,32.66,21188.0
2026-03-19,10,18396.0,2.46,3.8,7417.0,11403.0,13.81,30.96,18820.0
2026-03-19,11,18185.0,2.49,3.83,6092.0,10932.0,11.04,28.12,17024.0
2026-03-19,12,18135.0,2.63,3.91,5992.0,10230.0,10.81,25.24,16222.0
2026-03-19,13,19180.0,2.91,4.42,5842.0,9685.0,10.55,23.04,15527.0
2026-03-19,14,20212.0,3.36,5.24,5798.0,9647.0,10.52,23.03,15445.0
2026-03-19,15,20016.0,3.91,5.75,5712.0,9654.0,10.46,23.05,15366.0
2026-03-19,16,18919.0,4.23,5.69,7405.0,10290.0,13.6,26.31,17696.0
2026-03-19,17,19147.0,4.16,5.68,9107.0,11267.0,17.52,31.27,20374.0
2026-03-19,18,19408.0,3.94,5.59,9505.0,11605.0,18.31,32.68,21110.0
2026-03-19,19,19403.0,3.74,5.37,9362.0,11622.0,18.05,32.71,20983.0
2026-03-19,20,18805.0,3.48,4.81,9281.0,11624.0,17.92,32.67,20905.0
2026-03-19,21,18773.0,3.29,4.63,7976.0,11166.0,15.45,30.55,19141.0
2026-03-19,22,18336.0,3.36,4.59,5963.0,9619.0,11.79,23.76,15581.0
2026-03-19,23,17623.0,3.83,4.81,4638.0,7559.0,9.76,16.32,12197.0
2026-03-20,0,11162.0,4.16,3.54,6026.0,4307.0,11.15,7.7,10332.0
2026-03-20,1,10959.0,4.23,3.58,5546.0,4232.0,10.49,7.63,9779.0
2026-03-20,2,12490.0,4.43,3.99,5191.0,4373.0,10.13,8.09,9565.0
2026-03-20,3,12394.0,4.73,4.23,4336.0,5343.0,9.06,10.36,9679.0
2026-03-20,4,12224.0,4.88,4.35,4158.0,8066.0,9.69,18.68,12224.0
2026-03-20,5,13050.0,4.68,4.39,5379.0,10561.0,12.43,28.82,15939.0
2026-03-20,6,16716.0,4.25,5.02,9239.0,11557.0,18.63,32.59,20796.0
2026-03-20,7,17549.0,3.66,4.66,11324.0,11773.0,22.41,32.79,23097.0
2026-03-20,8,18502.0,3.06,4.33,10763.0,11729.0,21.18,32.82,22492.0
2026-03-20,9,19148.0,2.66,4.19,9553.0,11766.0,18.48,32.81,21319.0
2026-03-20,10,19118.0,2.5,4.08,7636.0,11391.0,14.03,30.62,19026.0
2026-03-20,11,18927.0,2.58,4.07,6508.0,10926.0,11.71,28.02,17433.0
2026-03-20,12,18827.0,2.77,4.28,6086.0,10281.0,10.94,25.09,16367.0
2026-03-20,13,18661.0,3.06,4.42,6049.0,9703.0,10.71,23.07,15752.0
2026-03-20,14,18402.0,3.35,4.69,5982.0,9652.0,10.74,23.03,15633.0
2026-03-20,15,18194.0,3.63,4.86,5967.0,9651.0,10.74,23.04,15619.0
2026-03-20,16,18262.0,3.78,4.93,7812.0,10219.0,14.46,26.11,18031.0
2026-03-20,17,18558.0,3.63,4.91,9273.0,11206.0,18.09,31.04,20478.0
2026-03-20,18,18804.0,3.37,4.71,9376.0,11497.0,18.45,32.18,20873.0
2026-03-20,19,18996.0,3.11,4.56,9248.0,11550.0,18.11,32.31,20798.0
2026-03-20,20,19155.0,2.89,4.4,8999.0,11594.0,17.45,32.31,20593.0
2026-03-20,21,19138.0,2.78,4.34,7676.0,11260.0,14.84,30.53,18936.0
2026-03-20,22,18873.0,2.92,4.41,6129.0,9635.0,11.56,23.31,15765.0
2026-03-20,23,18044.0,3.38,4.51,5150.0,7644.0,9.81,16.31,12794.0
2026-03-21,0,13729.0,3.84,3.58,6050.0,4441.0,11.13,7.76,10491.0
2026-03-21,1,13492.0,4.18,3.79,5649.0,4135.0,10.67,7.55,9784.0
2026-03-21,2,13660.0,4.59,4.27,5096.0,4285.0,10.05,8.07,9381.0
2026-03-21,3,12079.0,4.96,4.43,4483.0,5187.0,9.51,10.35,9671.0
2026-03-21,4,11994.0,5.05,4.51,4227.0,8064.0,10.2,19.26,12291.0
2026-03-21,5,16131.0,5.01,5.5,4985.0,10534.0,12.17,29.14,15518.0
2026-03-21,6,19273.0,5.02,6.52,8912.0,11434.0,18.32,32.28,20347.0
2026-03-21,7,17977.0,4.53,5.58,11840.0,11775.0,23.79,32.57,23615.0
2026-03-21,8,18753.0,3.87,5.22,11816.0,11745.0,23.84,32.61,23561.0
2026-03-21,9,19110.0,3.36,4.8,10704.0,11602.0,21.24,32.54,22305.0
2026-03-21,10,19207.0,3.05,4.61,9352.0,11389.0,17.85,31.33,20741.0
2026-03-21,11,18846.0,2.94,4.35,7719.0,11045.0,14.07,28.99,18764.0
2026-03-21,12,18550.0,2.96,4.3,6965.0,10487.0,12.74,26.74,17452.0
2026-03-21,13,18456.0,3.09,4.37,6549.0,10241.0,11.7,25.51,16790.0
2026-03-21,14,18102.0,3.25,4.47,6218.0,10212.0,11.34,25.53,16430.0
2026-03-21,15,17817.0,3.41,4.46,6139.0,10207.0,11.08,25.58,16347.0
2026-03-21,16,17860.0,3.43,4.55,7878.0,10798.0,14.63,28.42,18676.0
2026-03-21,17,18504.0,3.18,4.46,9645.0,11378.0,19.0,31.67,21022.0
2026-03-21,18,19510.0,2.87,4.46,10225.0,11514.0,20.5,32.18,21739.0
2026-03-21,19,20034.0,2.62,4.36,9733.0,11484.0,19.66,32.2,21217.0
2026-03-21,20,20232.0,2.49,4.29,9141.0,11449.0,18.23,32.2,20591.0
2026-03-21,21,20155.0,2.49,4.33,7782.0,11098.0,15.26,30.55,18880.0
2026-03-21,22,19760.0,2.74,4.39,6168.0,9727.0,11.76,23.96,15895.0
2026-03-21,23,18965.0,3.28,4.66,5136.0,7724.0,9.89,16.67,12860.0
2026-03-22,0,14746.0,3.85,3.83,5685.0,4617.0,10.3,8.07,10303.0
2026-03-22,1,14245.0,4.31,4.1,5496.0,4276.0,10.31,7.76,9771.0
2026-03-22,2,11736.0,4.68,4.1,5160.0,4292.0,9.96,7.95,9451.0
2026-03-22,3,11250.0,4.86,4.17,4720.0,5058.0,9.75,9.95,9778.0
2026-03-22,4,11279.0,4.89,4.23,4247.0,7757.0,10.06,18.19,12005.0
2026-03-22,5,13768.0,4.74,4.55,4458.0,10336.0,11.48,28.63,14794.0
2026-03-22,6,16898.0,4.55,5.26,7327.0,11177.0,15.59,32.03,18504.0
2026-03-22,7,18821.0,4.26,5.6,10450.0,11487.0,21.12,32.21,21937.0
2026-03-22,8,18395.0,3.75,4.96,11462.0,11621.0,23.22,32.37,23083.0
2026-03-22,9,18810.0,3.17,4.56,11220.0,11760.0,22.3,32.42,22981.0
2026-03-22,10,18499.0,2.69,3.98,10243.0,11491.0,19.48,31.15,21735.0
2026-03-22,11,17870.0,2.36,3.57,8837.0,11011.0,16.2,28.52,19847.0
2026-03-22,12,17896.0,2.17,3.46,7843.0,10591.0,14.1,26.77,18434.0
2026-03-22,13,19195.0,2.22,3.77,6882.0,10320.0,12.19,25.6,17202.0
2026-03-22,14,19148.0,2.46,3.99,6416.0,10245.0,11.51,25.52,16661.0
2026-03-22,15,19353.0,2.72,4.3,6361.0,10257.0,11.54,25.61,16618.0
2026-03-22,16,18560.0,2.91,4.22,7706.0,10749.0,14.45,28.33,18455.0
2026-03-22,17,18037.0,2.65,3.8,9559.0,11404.0,19.03,31.9,20963.0
2026-03-22,18,18470.0,2.28,3.61,9922.0,11574.0,19.92,32.51,21496.0
2026-03-22,19,18490.0,1.86,3.43,9683.0,11561.0,19.39,32.51,21244.0
2026-03-22,20,19540.0,1.6,3.74,9171.0,11568.0,18.08,32.51,20739.0
2026-03-22,21,19615.0,1.53,3.77,7608.0,11080.0,14.93,30.35,18687.0
2026-03-22,22,19972.0,1.78,3.82,5667.0,9645.0,10.99,23.53,15312.0
2026-03-22,23,21670.0,2.57,4.91,4873.0,7587.0,9.58,16.36,12459.0
2026-03-23,0,14254.0,3.34,3.29,5937.0,4263.0,10.97,7.63,10201.0
2026-03-23,1,12851.0,3.67,3.27,5423.0,4129.0,10.35,7.55,9552.0
2026-03-23,2,12730.0,4.02,3.57,4931.0,4252.0,9.76,7.91,9182.0
2026-03-23,3,13292.0,4.39,4.0,4390.0,5274.0,9.41,10.53,9664.0
2026-03-23,4,13416.0,4.68,4.31,4188.0,7774.0,9.93,18.04,11963.0
2026-03-23,5,14164.0,4.62,4.48,5243.0,10381.0,12.17,27.99,15624.0
2026-03-23,6,16927.0,4.32,5.04,9305.0,11454.0,18.66,32.3,20759.0
2026-03-23,7,17705.0,3.68,4.58,11879.0,11693.0,23.72,32.53,23572.0
2026-03-23,8,18809.0,3.05,4.4,11296.0,11621.0,22.49,32.6,22917.0
2026-03-23,9,19756.0,2.67,4.32,9660.0,11677.0,18.75,32.6,21337.0
2026-03-23,10,19733.0,2.55,4.22,7911.0,11423.0,14.49,30.76,19335.0
2026-03-23,11,19429.0,2.67,4.25,6424.0,10887.0,11.48,28.03,17311.0
2026-03-23,12,19373.0,2.92,4.45,6344.0,10193.0,11.33,25.07,16537.0
2026-03-23,13,19546.0,3.25,4.81,6343.0,9634.0,11.25,22.93,15977.0
2026-03-23,14,20148.0,3.68,5.48,6137.0,9652.0,11.03,22.94,15789.0
2026-03-23,15,20007.0,4.17,5.99,5996.0,9654.0,10.8,22.97,15650.0
2026-03-23,16,19161.0,4.5,6.03,7558.0,10287.0,13.84,26.24,17845.0
2026-03-23,17,18605.0,4.4,5.74,9475.0,11202.0,18.44,31.13,20677.0
2026-03-23,18,18394.0,4.06,5.32,9693.0,11575.0,18.98,32.58,21268.0
2026-03-23,19,18270.0,3.69,4.83,9628.0,11546.0,18.71,32.61,21174.0
2026-03-23,20,18086.0,3.33,4.49,9290.0,11607.0,17.84,32.56,20897.0
2026-03-23,21,17820.0,3.03,4.08,8108.0,11153.0,15.62,30.38,19261.0
2026-03-23,22,16815.0,2.94,3.83,6409.0,9731.0,12.04,23.85,16140.0
2026-03-23,23,16341.0,3.17,3.85,4987.0,7737.0,9.61,16.61,12724.0
2026-03-24,0,10837.0,3.37,2.79,6133.0,4325.0,11.24,7.67,10458.0
2026-03-24,1,10726.0,3.41,2.81,5515.0,4231.0,10.24,7.54,9746.0
2026-03-24,2,10506.0,3.5,2.84,5159.0,4309.0,9.83,7.84,9468.0
2026-03-24,3,10484.0,3.57,2.9,4309.0,5428.0,8.95,10.52,9737.0
2026-03-24,4,13801.0,3.67,3.42,4107.0,8186.0,9.58,19.0,12293.0
2026-03-24,5,16130.0,3.7,4.14,5449.0,10652.0,12.35,28.9,16101.0
2026-03-24,6,19209.0,3.63,5.06,9575.0,11615.0,19.11,32.48,21189.0
2026-03-24,7,19614.0,3.2,4.78,11751.0,11873.0,23.2,32.71,23623.0
2026-03-24,8,20408.0,2.76,4.6,11247.0,11704.0,22.22,32.64,22951.0
2026-03-24,9,20856.0,2.53,4.59,9787.0,11697.0,18.78,32.61,21484.0
2026-03-24,10,20632.0,2.57,4.51,7163.0,11409.0,12.96,30.69,18572.0
2026-03-24,11,19879.0,2.83,4.59,6181.0,10994.0,11.07,28.27,17175.0
2026-03-24,12,19939.0,3.15,4.9,6188.0,10189.0,11.05,25.12,16377.0
2026-03-24,13,20298.0,3.58,5.46,6185.0,9732.0,11.05,23.03,15917.0
2026-03-24,14,20931.0,3.86,5.96,6176.0,9712.0,11.05,23.04,15888.0
2026-03-25,9,18725.0,3.08,4.39,9631.0,11575.0,18.82,32.41,21206.0
2026-03-25,10,18273.0,2.87,4.14,7549.0,11642.0,14.17,32.21,19191.0
2026-03-25,11,18499.0,2.87,4.23,6144.0,10970.0,11.07,28.38,17114.0
2026-03-25,12,18392.0,3.03,4.36,6101.0,10259.0,10.97,25.49,16360.0
2026-03-25,13,18493.0,3.28,4.62,6169.0,9660.0,10.98,23.03,15829.0
2026-03-25,14,18229.0,3.53,4.78,6087.0,9646.0,10.97,23.02,15732.0
2026-03-25,15,17874.0,3.78,4.92,6089.0,9656.0,10.98,23.02,15746.0
2026-03-25,16,18298.0,3.95,5.26,7388.0,10383.0,13.44,26.43,17770.0
2026-03-25,17,18591.0,3.8,5.14,9412.0,11146.0,18.17,30.69,20559.0
2026-03-25,18,18910.0,3.49,4.88,9957.0,11566.0,19.53,32.31,21524.0
2026-03-25,19,19390.0,3.18,4.74,10011.0,11538.0,19.67,32.41,21549.0
2026-03-25,20,19663.0,2.93,4.66,9599.0,11574.0,18.62,32.4,21173.0
2026-03-25,21,19678.0,2.82,4.54,8225.0,11132.0,15.69,30.1,19357.0
2026-03-25,22,19739.0,2.98,4.73,6295.0,9770.0,11.77,23.87,16065.0
2026-03-25,23,19622.0,3.57,5.31,5146.0,7772.0,9.92,16.67,12919.0
2026-03-26,0,11381.0,3.99,3.41,5628.0,4678.0,10.31,8.18,10306.0
2026-03-26,1,13423.0,4.2,3.88,5566.0,4253.0,10.58,7.7,9818.0
2026-03-26,2,14507.0,4.66,4.58,5172.0,4283.0,10.14,7.97,9455.0
2026-03-26,3,13913.0,5.17,5.1,4524.0,5211.0,9.51,10.24,9735.0
2026-03-26,4,12480.0,5.46,9.57,4549.0,7864.0,10.63,18.5,12413.0
2026-03-26,5,12588.0,5.2,5.03,5663.0,10555.0,13.1,29.03,16218.0
2026-03-26,6,16410.0,4.67,5.36,9800.0,11489.0,19.79,32.17,21289.0
2026-03-26,7,19124.0,4.1,5.57,11735.0,11720.0,23.42,32.22,23455.0
2026-03-26,8,19530.0,3.63,5.25,10985.0,11557.0,21.92,32.28,22542.0
2026-03-26,9,19424.0,3.31,4.88,9480.0,11593.0,18.46,32.41,21073.0
2026-03-26,10,18709.0,3.17,4.58,7289.0,11453.0,13.55,31.05,18742.0
2026-03-26,11,17949.0,3.2,4.42,5979.0,10929.0,10.88,28.03,16908.0
2026-03-26,12,18351.0,3.36,4.68,6161.0,10136.0,11.02,24.92,16298.0
2026-03-26,13,18190.0,3.58,4.86,6279.0,9629.0,11.22,23.03,15907.0
2026-03-26,14,18922.0,3.86,5.32,5989.0,9637.0,10.9,23.03,15626.0
2026-03-26,15,18789.0,4.21,5.63,6063.0,9661.0,10.86,23.06,15724.0
2026-03-26,16,18696.0,4.43,5.79,7720.0,10241.0,13.96,25.96,17961.0
2026-03-26,17,18970.0,4.31,5.76,9442.0,11199.0,18.18,30.93,20641.0
2026-03-26,18,19299.0,4.05,5.61,9807.0,11578.0,19.13,32.41,21385.0
2026-03-26,19,19482.0,3.78,5.39,9827.0,11561.0,19.14,32.41,21388.0
2026-03-26,20,20046.0,3.56,5.42,9465.0,11606.0,18.23,32.4,21071.0
2026-03-26,21,20250.0,3.5,5.41,8307.0,11282.0,15.88,30.76,19588.0
2026-03-26,22,20123.0,3.72,5.64,6413.0,9792.0,11.95,23.93,16205.0
2026-03-26,23,20019.0,4.33,6.24,5097.0,7740.0,9.8,16.61,12837.0
2026-03-27,0,11974.0,4.84,4.28,5937.0,4532.0,11.03,7.89,10469.0
2026-03-27,1,12601.0,4.99,4.57,5461.0,4406.0,10.37,7.97,9867.0
2026-03-27,2,11636.0,5.3,7.16,4950.0,4471.0,9.74,8.19,9421.0
2026-03-27,3,10451.0,5.45,8.86,4793.0,5289.0,10.07,10.49,10082.0
2026-03-27,4,11983.0,5.4,6.74,4381.0,8017.0,10.38,18.93,12399.0
2026-03-27,5,15863.0,5.36,7.01,5347.0,10565.0,12.49,28.86,15912.0
2026-03-27,6,18149.0,5.24,6.51,9447.0,11529.0,18.96,32.24,20975.0
2026-03-27,7,17960.0,4.68,5.75,11848.0,11799.0,23.57,32.51,23647.0
2026-03-27,8,17651.0,3.98,4.95,11466.0,11652.0,23.16,32.51,23118.0
2026-03-27,9,18444.0,3.45,4.73,9901.0,11591.0,19.19,32.47,21492.0
2026-03-27,10,19131.0,3.22,4.77,7532.0,11465.0,13.86,30.99,18996.0
2026-03-27,11,19965.0,3.38,5.25,6356.0,10972.0,11.38,28.24,17328.0
2026-03-27,12,19447.0,3.68,5.37,6295.0,10251.0,11.15,25.27,16545.0
2026-03-27,13,18691.0,3.97,5.38,6307.0,9686.0,11.08,23.04,15993.0
2026-03-27,14,18552.0,4.25,5.63,6251.0,9700.0,11.12,23.03,15952.0
2026-03-27,15,18320.0,4.51,5.85,6256.0,9701.0,11.12,23.06,15957.0
2026-03-27,16,18259.0,4.66,5.91,7914.0,10240.0,14.38,26.09,18154.0
2026-03-27,17,18377.0,4.47,5.69,9448.0,11156.0,18.2,30.91,20605.0
2026-03-27,18,18655.0,4.14,5.46,9935.0,11528.0,19.39,32.47,21462.0
2026-03-27,19,18956.0,3.81,5.2,9661.0,11533.0,18.93,32.51,21194.0
2026-03-27,20,18989.0,3.54,4.95,9297.0,11589.0,18.04,32.5,20886.0
2026-03-27,21,18591.0,3.33,4.66,8126.0,11260.0,15.72,30.85,19386.0
2026-03-27,22,18443.0,3.37,4.64,6430.0,9726.0,11.94,23.68,16155.0
2026-03-27,23,17248.0,3.75,4.61,5182.0,7809.0,9.83,16.66,12992.0
2026-03-28,0,10816.0,3.96,3.29,5777.0,4797.0,10.58,8.53,10574.0
2026-03-28,1,10547.0,3.97,3.28,5706.0,4154.0,10.73,7.48,9860.0
2026-03-28,2,10782.0,4.06,3.39,5048.0,4345.0,9.83,7.98,9393.0
2026-03-28,3,10859.0,4.18,3.53,4236.0,5377.0,9.02,10.49,9613.0
2026-03-28,4,13730.0,4.3,4.03,4086.0,8131.0,9.68,18.86,12217.0
2026-03-28,5,18286.0,4.5,5.52,5177.0,10451.0,12.36,28.61,15628.0
2026-03-28,6,21164.0,4.69,6.83,9394.0,11422.0,19.13,32.43,20815.0
2026-03-28,7,20637.0,4.46,6.47,11968.0,11746.0,24.16,32.67,23714.0
2026-03-28,8,20564.0,4.02,5.97,12054.0,11733.0,24.6,32.81,23787.0
2026-03-28,9,20709.0,3.67,5.71,10941.0,11686.0,21.64,32.74,22627.0
2026-03-28,10,20702.0,3.51,5.55,9420.0,11301.0,17.66,30.66,20721.0
2026-03-28,11,20535.0,3.58,5.59,8027.0,10872.0,14.55,28.11,18900.0
2026-03-28,12,20329.0,3.77,5.71,7522.0,10526.0,13.52,26.5,18047.0
2026-03-28,13,20143.0,4.04,5.91,6902.0,10277.0,12.28,25.37,17179.0
2026-03-28,14,18256.0,4.27,5.5,6813.0,10233.0,12.21,25.53,17046.0
2026-03-28,15,17862.0,4.36,5.47,6601.0,10242.0,11.89,25.51,16843.0
2026-03-28,16,18028.0,4.36,5.52,8333.0,10772.0,15.68,28.31,19105.0
2026-03-28,17,18424.0,4.06,5.33,10022.0,11427.0,19.96,31.76,21449.0
2026-03-28,18,18846.0,3.65,5.05,10390.0,11651.0,21.03,32.51,22041.0
2026-03-28,19,19179.0,3.29,4.76,10004.0,11592.0,20.15,32.51,21596.0
2026-03-28,20,19308.0,3.03,4.63,9104.0,11546.0,17.87,32.21,20650.0
2026-03-28,21,20149.0,2.98,4.88,7835.0,11163.0,15.16,30.45,18998.0
2026-03-28,22,19883.0,3.21,4.98,6194.0,9842.0,11.85,24.38,16036.0
2026-03-28,23,19376.0,3.76,5.36,5270.0,8011.0,9.76,16.81,13281.0
2026-03-29,0,12620.0,4.23,3.91,6044.0,4786.0,10.87,7.93,10830.0
2026-03-29,1,11607.0,4.32,3.74,5880.0,4382.0,10.93,7.61,10263.0
2026-03-29,2,11816.0,4.48,3.95,5413.0,4347.0,10.38,7.78,9760.0
2026-03-29,3,11625.0,4.67,4.1,4762.0,5261.0,9.78,10.15,10023.0
2026-03-29,4,14475.0,4.82,4.72,4371.0,7954.0,10.37,18.76,12325.0
2026-03-29,5,18045.0,5.14,6.09,4748.0,10343.0,11.79,28.17,15091.0
2026-03-29,6,18828.0,5.26,6.53,7734.0,11271.0,16.16,32.13,19005.0
2026-03-29,7,18734.0,5.0,6.31,10654.0,11529.0,21.48,32.39,22183.0
2026-03-29,8,19259.0,4.52,6.01,11583.0,11678.0,23.47,32.5,23260.0
2026-03-29,9,18982.0,4.0,5.42,11372.0,11692.0,22.79,32.51,23064.0
2026-03-29,10,19437.0,3.61,5.19,9880.0,11554.0,18.93,31.54,21434.0
2026-03-29,11,19270.0,3.44,5.02,8624.0,11063.0,15.9,28.73,19687.0
2026-03-29,12,18888.0,3.41,4.86,7722.0,10563.0,13.76,26.59,18284.0
2026-03-29,13,18823.0,3.5,4.97,7039.0,10351.0,12.5,25.78,17390.0
2026-03-29,14,18856.0,3.66,5.14,6611.0,10263.0,11.98,25.72,16874.0
2026-03-29,15,18897.0,3.89,5.29,6437.0,10255.0,11.72,25.72,16692.0
2026-03-29,16,18771.0,4.02,5.38,7673.0,10755.0,14.55,28.38,18428.0
2026-03-29,17,19040.0,3.89,5.34,9253.0,11455.0,18.36,32.04,20707.0
2026-03-29,18,19169.0,3.6,5.08,10055.0,11692.0,20.09,32.4,21748.0
2026-03-29,19,19433.0,3.3,4.86,9640.0,11686.0,19.16,32.41,21326.0
2026-03-29,20,20425.0,3.12,5.13,9202.0,11709.0,17.95,32.41,20911.0
2026-03-29,21,20352.0,3.11,5.14,7891.0,11336.0,15.21,30.83,19226.0
2026-03-29,22,19245.0,3.36,4.91,6019.0,9738.0,11.35,23.57,15757.0
2026-03-29,23,16786.0,3.74,4.49,4979.0,7803.0,9.58,16.56,12782.0
2026-03-30,0,14026.0,4.11,3.94,5984.0,4551.0,11.03,7.98,10535.0
2026-03-30,1,13480.0,4.5,4.2,5621.0,4248.0,10.6,7.55,9870.0
2026-03-30,2,13206.0,4.89,4.58,4991.0,4452.0,9.76,8.11,9443.0
2026-03-30,3,11771.0,5.21,5.81,4554.0,5363.0,9.56,10.43,9918.0
2026-03-30,4,12616.0,5.28,5.59,4375.0,8005.0,10.15,18.58,12380.0
2026-03-30,5,14359.0,5.22,5.21,5482.0,10649.0,12.51,28.83,16130.0
2026-03-30,6,16857.0,4.77,5.54,9740.0,11695.0,19.27,32.34,21435.0
2026-03-30,7,18315.0,4.16,5.31,11897.0,11934.0,23.36,32.4,23831.0
2026-03-30,8,19343.0,3.56,5.1,11579.0,11815.0,22.88,32.41,23394.0
2026-03-30,9,19451.0,3.14,4.75,10076.0,11827.0,19.28,32.41,21903.0
2026-03-30,10,19398.0,2.97,4.59,7734.0,11616.0,13.87,31.1,19350.0
2026-03-30,11,19172.0,3.05,4.64,6296.0,11185.0,11.03,28.49,17481.0
2026-03-30,12,18633.0,3.23,4.64,6269.0,10392.0,10.92,25.33,16661.0
2026-03-30,13,18696.0,3.46,4.89,6459.0,9744.0,11.32,23.03,16203.0
2026-03-30,14,17963.0,3.67,4.89,6190.0,9664.0,11.07,23.02,15855.0
2026-03-30,15,18333.0,3.94,5.23,6224.0,9714.0,11.06,23.06,15938.0
2026-03-30,16,18311.0,4.08,5.34,7846.0,10337.0,14.22,26.31,18183.0
2026-03-30,17,18649.0,3.91,5.27,9417.0,11284.0,18.04,31.09,20701.0
2026-03-30,18,19241.0,3.63,5.14,9710.0,11626.0,18.8,32.5,21337.0
2026-03-30,19,19772.0,3.39,5.12,9523.0,11592.0,18.44,32.51,21115.0
2026-03-30,20,19519.0,3.19,4.81,9346.0,11611.0,17.99,32.51,20957.0
2026-03-30,21,19492.0,3.07,4.73,8096.0,11238.0,15.57,30.58,19334.0
2026-03-30,22,19273.0,3.2,4.79,6628.0,9706.0,12.4,23.76,16333.0
2026-03-30,23,19596.0,3.73,5.4,5058.0,7747.0,9.65,16.34,12805.0
2026-03-31,0,12142.0,4.24,3.8,6182.0,4450.0,11.33,7.75,10632.0
2026-03-31,1,12036.0,4.32,3.81,5682.0,4278.0,10.76,7.7,9960.0
2026-03-31,2,14274.0,4.71,4.54,5079.0,4408.0,9.99,8.11,9487.0
2026-03-31,3,13911.0,5.19,4.99,4561.0,5267.0,9.61,10.27,9827.0
2026-03-31,4,12593.0,5.42,4.98,4348.0,8132.0,10.25,19.09,12480.0
2026-03-31,5,13936.0,5.28,5.17,5689.0,10457.0,12.97,28.48,16147.0
2026-03-31,6,15971.0,4.81,5.3,9911.0,11530.0,19.83,32.25,21441.0
2026-03-31,7,17537.0,4.08,5.02,11801.0,11755.0,23.37,32.53,23555.0
2026-03-31,8,18850.0,3.44,4.84,11295.0,11649.0,22.61,32.6,22944.0
2026-03-31,9,19369.0,3.04,4.56,9793.0,11635.0,19.1,32.61,21428.0
2026-03-31,10,19373.0,2.9,4.5,7627.0,11464.0,14.14,30.99,19091.0
2026-03-31,11,20413.0,3.08,4.93,6105.0,10979.0,11.16,28.36,17085.0
2026-03-31,12,20428.0,3.49,5.4,6007.0,10179.0,10.72,24.92,16186.0
2026-03-31,13,19331.0,3.97,5.55,6078.0,9683.0,10.91,23.08,15761.0
2026-03-31,14,19161.0,4.3,5.96,5962.0,9693.0,10.74,23.03,15654.0
2026-03-31,15,19558.0,4.7,6.41,5989.0,9668.0,10.79,23.04,15657.0
2026-03-31,16,19856.0,5.06,6.84,7678.0,10268.0,13.99,26.13,17946.0
2026-03-31,17,19914.0,5.07,6.85,9303.0,11309.0,17.93,31.28,20611.0
2026-03-31,18,20078.0,4.92,6.83,9688.0,11617.0,18.89,32.61,21304.0
2026-03-31,19,19661.0,4.71,6.37,9776.0,11624.0,18.93,32.71,21400.0
2026-03-31,20,19167.0,4.47,5.95,9401.0,11637.0,18.08,32.69,21039.0
2026-03-31,21,19042.0,4.29,5.81,8208.0,11223.0,15.71,30.44,19431.0
2026-03-31,22,18798.0,4.36,5.73,6692.0,9771.0,12.38,23.65,16462.0
2026-03-31,23,17282.0,4.73,5.6,5242.0,7709.0,9.89,16.36,12951.0
2026-04-01,0,10895.0,4.97,4.21,6088.0,4606.0,11.13,7.98,10694.0
2026-04-01,1,10635.0,4.97,4.18,5618.0,4421.0,10.77,8.01,10039.0
2026-04-01,2,9966.0,5.01,4.11,5031.0,4484.0,9.8,8.16,9515.0
2026-04-01,3,9438.0,4.99,4.01,4368.0,5591.0,9.17,10.89,9959.0
2026-04-01,4,10171.0,4.8,3.94,4228.0,8208.0,9.81,18.98,12436.0
2026-04-01,5,15224.0,4.59,4.83,5607.0,10673.0,12.69,28.79,16281.0
2026-04-01,6,18477.0,4.35,5.61,10000.0,11675.0,20.04,32.7,21674.0
2026-04-01,7,18791.0,3.83,5.15,11925.0,11800.0,23.8,32.81,23725.0
2026-04-01,8,19169.0,3.23,4.79,11313.0,11707.0,22.7,32.81,23021.0
2026-04-01,9,20023.0,2.89,4.75,9599.0,11733.0,18.58,32.81,21332.0
2026-04-01,10,19927.0,2.84,4.65,7433.0,11449.0,13.51,30.77,18882.0
2026-04-01,11,19972.0,3.03,4.88,6283.0,10925.0,11.36,28.07,17208.0
2026-04-01,12,19778.0,3.36,5.14,6198.0,10300.0,11.02,25.42,16498.0
2026-04-01,13,19186.0,3.7,5.28,6260.0,9771.0,11.02,23.22,16031.0
2026-04-01,14,18540.0,4.03,5.37,6170.0,9704.0,10.98,23.02,15874.0
2026-04-01,15,17933.0,4.27,5.43,6018.0,9693.0,10.74,23.03,15712.0
2026-04-01,16,17815.0,4.39,5.43,7417.0,10445.0,13.56,26.82,17862.0
2026-04-01,17,18188.0,4.21,5.4,9188.0,11253.0,17.69,31.01,20441.0
2026-04-01,18,18542.0,3.87,5.14,9826.0,11650.0,19.02,32.51,21475.0
2026-04-01,19,18837.0,3.51,4.91,9781.0,11621.0,18.9,32.51,21401.0
2026-04-01,20,19011.0,3.21,4.64,9561.0,11657.0,18.32,32.52,21218.0
2026-04-01,21,19148.0,3.01,4.57,8274.0,11282.0,15.89,30.77,19556.0
2026-04-01,22,18949.0,3.08,4.54,6935.0,9579.0,12.71,23.08,16514.0
2026-04-01,23,18366.0,3.47,4.8,5661.0,7716.0,10.56,16.36,13378.0
2026-04-02,0,11973.0,3.85,3.47,5991.0,4717.0,11.03,8.21,10708.0
2026-04-02,1,12594.0,3.95,3.55,5657.0,4223.0,10.59,7.54,9880.0
2026-04-02,2,13449.0,4.35,4.02,5190.0,4474.0,10.13,8.22,9664.0
2026-04-02,3,12747.0,4.69,4.21,4497.0,5379.0,9.39,10.45,9876.0
2026-04-02,4,12467.0,4.83,4.3,4359.0,8082.0,10.04,18.74,12442.0
2026-04-02,5,14424.0,4.67,4.76,5668.0,10634.0,12.72,28.85,16301.0
2026-04-02,6,18699.0,4.38,5.77,10144.0,11545.0,20.35,32.38,21690.0
2026-04-02,7,18895.0,3.86,5.24,12088.0,11739.0,24.15,32.51,23826.0
2026-04-02,8,19903.0,3.34,5.17,11322.0,11680.0,22.57,32.51,23002.0
2026-04-02,9,20637.0,3.06,4.97,10037.0,11611.0,19.76,32.46,21648.0
2026-04-02,10,20538.0,3.01,4.97,8081.0,11394.0,15.18,30.9,19475.0
2026-04-02,11,20353.0,3.22,5.14,6223.0,10966.0,11.17,28.19,17188.0
2026-04-02,12,20096.0,3.63,5.49,6275.0,9891.0,11.19,23.91,16166.0
2026-04-02,13,18618.0,3.98,5.37,6051.0,9730.0,10.74,23.03,15781.0
2026-04-02,14,18379.0,4.28,5.55,5973.0,9683.0,10.75,23.03,15656.0
2026-04-02,15,18140.0,4.56,5.8,5998.0,9653.0,10.74,23.02,15651.0
2026-04-02,16,18262.0,4.71,5.91,7777.0,10355.0,14.21,26.18,18132.0
2026-04-02,17,19128.0,4.59,6.13,9356.0,11305.0,18.1,31.15,20661.0
2026-04-02,18,19646.0,4.34,5.98,10178.0,11545.0,20.03,32.41,21723.0
2026-04-02,19,20204.0,4.1,5.99,9875.0,11562.0,19.42,32.4,21438.0
2026-04-02,20,20461.0,3.97,5.97,9347.0,11601.0,18.04,32.41,20947.0
2026-04-02,21,19726.0,3.9,5.63,8438.0,11327.0,16.38,31.02,19766.0
2026-04-02,22,20670.0,4.06,6.08,6589.0,10063.0,12.42,25.24,16653.0
2026-04-02,23,18988.0,4.66,8.07,5287.0,7771.0,9.98,16.6,13058.0
2026-04-03,0,12085.0,5.1,7.0,5852.0,4806.0,10.79,8.58,10658.0
2026-04-03,1,11071.0,5.17,6.42,5622.0,4450.0,10.8,8.14,10072.0
2026-04-03,2,10062.0,5.28,7.78,5060.0,4451.0,9.89,8.09,9511.0
2026-04-03,3,9153.0,5.25,9.07,4817.0,5191.0,9.91,10.08,10009.0
2026-04-03,4,12999.0,5.27,6.1,4410.0,8025.0,10.24,18.66,12434.0
2026-04-03,5,14327.0,5.15,5.2,5334.0,10652.0,12.5,28.9,15987.0
2026-04-03,6,17170.0,4.83,5.81,9455.0,11692.0,19.96,32.31,21147.0
2026-04-03,7,18460.0,4.28,5.61,11436.0,11858.0,23.57,32.41,23293.0
2026-04-03,8,18769.0,3.7,5.12,11629.0,11657.0,23.26,32.41,23286.0
2026-04-03,9,18818.0,3.21,4.67,10185.0,11647.0,19.87,32.4,21832.0
2026-04-03,10,18765.0,2.96,4.38,7984.0,11465.0,14.65,30.94,19449.0
2026-04-03,11,19120.0,3.0,4.53,6634.0,10995.0,11.81,28.3,17629.0
2026-04-03,12,19106.0,3.19,4.79,6574.0,10269.0,11.59,25.26,16843.0
2026-04-03,13,18932.0,3.45,4.95,6616.0,9685.0,11.66,23.02,16301.0
2026-04-03,14,18643.0,3.73,5.11,6335.0,9643.0,11.39,23.03,15978.0
2026-04-03,15,18541.0,4.01,5.34,6262.0,9696.0,11.1,23.02,15957.0
2026-04-03,16,18499.0,4.18,5.48,7724.0,10397.0,13.96,26.62,18121.0
2026-04-03,17,19200.0,4.06,5.62,9417.0,11253.0,18.15,31.09,20671.0
2026-04-03,18,19420.0,3.83,5.4,9801.0,11562.0,19.09,32.51,21363.0
2026-04-03,19,19750.0,3.6,5.34,9492.0,11551.0,18.42,32.51,21043.0
2026-04-03,20,19882.0,3.46,5.18,9043.0,11569.0,17.36,32.48,20612.0
2026-04-03,21,19578.0,3.39,5.04,8051.0,11206.0,15.39,30.5,19257.0
2026-04-03,22,19389.0,3.54,5.11,6416.0,9801.0,11.92,23.86,16217.0
2026-04-03,23,18883.0,4.02,5.46,5462.0,7837.0,10.2,16.69,13299.0
2026-04-04,0,12152.0,4.45,4.03,6352.0,4511.0,11.6,7.92,10863.0
2026-04-04,1,12404.0,4.53,4.02,5774.0,4349.0,10.84,7.8,10123.0
2026-04-04,2,14244.0,4.9,4.74,5251.0,4428.0,10.22,8.17,9679.0
2026-04-04,3,12801.0,5.36,5.9,4675.0,5401.0,9.77,10.61,10075.0
2026-04-04,4,11822.0,5.41,6.73,4475.0,7996.0,10.29,18.47,12471.0
2026-04-04,5,14446.0,5.31,5.36,5095.0,10505.0,11.92,28.28,15600.0
2026-04-04,6,17239.0,5.01,5.95,9369.0,11425.0,18.75,32.21,20794.0
2026-04-04,7,17773.0,4.45,5.5,11843.0,11769.0,23.52,32.52,23612.0
2026-04-04,8,18295.0,3.76,4.94,11872.0,11747.0,23.83,32.6,23619.0
2026-04-04,9,18715.0,3.15,4.52,11371.0,11706.0,22.69,32.6,23077.0
2026-04-04,10,18833.0,2.71,4.19,9894.0,11434.0,19.02,31.04,21328.0
2026-04-04,11,18997.0,2.51,4.06,8448.0,10973.0,15.57,28.55,19421.0
2026-04-04,12,19642.0,2.55,4.3,7552.0,10569.0,13.55,26.7,18122.0
2026-04-04,13,19555.0,2.74,4.42,7006.0,10328.0,12.38,25.63,17334.0
2026-04-04,14,18826.0,2.96,4.33,6559.0,10270.0,11.71,25.54,16828.0
2026-04-04,15,18498.0,3.13,4.44,6730.0,10299.0,11.99,25.52,17028.0
2026-04-04,16,18550.0,3.18,4.47,8340.0,10897.0,15.63,28.79,19237.0
2026-04-04,17,18558.0,2.94,4.27,9973.0,11266.0,19.8,30.88,21239.0
2026-04-04,18,18527.0,2.54,3.93,10437.0,11693.0,21.14,32.58,22130.0
2026-04-04,19,18537.0,2.11,3.57,10028.0,11648.0,20.17,32.6,21675.0
2026-04-04,20,19938.0,1.82,3.73,9055.0,11640.0,17.75,32.56,20694.0
2026-04-04,21,20004.0,1.81,3.74,7811.0,11259.0,14.99,30.74,19070.0
2026-04-04,22,20270.0,2.04,3.91,6538.0,9787.0,12.25,23.9,16325.0
2026-04-04,23,20401.0,2.65,4.49,5294.0,7834.0,9.89,16.65,13128.0
2026-04-05,0,17126.0,3.51,4.35,5954.0,4654.0,10.69,7.88,10608.0
2026-04-05,1,11740.0,3.83,3.36,5774.0,4366.0,10.68,7.6,10139.0
2026-04-05,2,11860.0,4.02,3.53,5516.0,4223.0,10.67,7.74,9739.0
2026-04-05,3,11621.0,4.22,3.71,4588.0,5301.0,9.43,10.28,9889.0
2026-04-05,4,14175.0,4.42,4.24,4195.0,7987.0,9.8,18.41,12182.0
2026-04-05,5,15196.0,4.48,4.61,4614.0,10509.0,11.48,28.57,15123.0
2026-04-05,6,19773.0,4.47,6.13,8537.0,11416.0,17.71,32.43,19953.0
2026-04-05,7,21974.0,4.37,6.82,11095.0,11675.0,22.34,32.53,22770.0
2026-04-05,8,20745.0,4.15,6.24,11618.0,11743.0,23.43,32.6,23361.0
2026-04-05,9,20513.0,3.78,5.72,11190.0,11778.0,22.24,32.62,22968.0
2026-04-05,10,19952.0,3.53,5.37,9792.0,11469.0,18.57,30.75,21262.0
2026-04-05,11,19589.0,3.42,5.13,8632.0,11067.0,15.81,28.71,19699.0
2026-04-05,12,19463.0,3.45,5.12,7649.0,10604.0,13.63,26.68,18253.0
2026-04-05,13,19360.0,3.61,5.18,7175.0,10356.0,12.76,25.72,17531.0
2026-04-05,14,19299.0,3.82,5.47,6657.0,10266.0,11.98,25.62,16923.0
2026-04-05,15,18300.0,4.03,5.26,6463.0,10318.0,11.71,25.62,16781.0
2026-04-05,16,18436.0,4.1,5.39,7929.0,10737.0,14.92,28.23,18666.0
2026-04-05,17,18769.0,3.92,5.28,9483.0,11407.0,18.82,31.74,20890.0
2026-04-05,18,19086.0,3.62,5.06,9893.0,11587.0,20.01,32.46,21480.0
2026-04-05,19,18622.0,3.34,4.67,9105.0,11616.0,18.01,32.52,20720.0
2026-04-05,20,18542.0,3.09,4.33,8497.0,11688.0,16.18,32.51,20186.0
2026-04-05,21,18601.0,2.94,4.23,7458.0,11240.0,14.35,30.63,18698.0
2026-04-05,22,18335.0,3.06,4.31,5747.0,9808.0,10.81,23.81,15556.0
2026-04-05,23,17881.0,3.5,4.6,4849.0,7825.0,9.43,16.7,12674.0
2026-04-06,0,11358.0,3.87,3.34,5712.0,4611.0,10.5,8.12,10323.0
2026-04-06,1,10771.0,3.91,3.25,5524.0,4218.0,10.46,7.66,9741.0
2026-04-06,2,13697.0,4.18,3.81,5244.0,4185.0,10.33,7.84,9430.0
2026-04-06,3,11172.0,4.54,3.84,4566.0,5007.0,9.61,9.85,9572.0
2026-04-06,4,9777.0,4.45,3.57,4206.0,7770.0,10.14,18.16,11976.0
2026-04-06,5,15845.0,4.28,4.7,4750.0,10333.0,11.64,28.42,15083.0
2026-04-06,6,18535.0,4.29,5.54,8765.0,11563.0,17.36,32.34,20328.0
2026-04-06,7,19023.0,3.83,5.29,11476.0,11816.0,22.43,32.64,23292.0
2026-04-06,8,20542.0,3.39,5.27,11704.0,11783.0,23.28,32.71,23487.0
2026-04-06,9,20601.0,3.02,4.97,11233.0,11695.0,22.64,32.72,22928.0
2026-04-06,10,20652.0,2.8,4.78,9737.0,11397.0,18.8,31.17,21134.0
2026-04-06,11,20570.0,2.83,4.81,8081.0,10986.0,14.76,28.58,19067.0
2026-04-06,12,20575.0,3.03,5.02,7491.0,10516.0,13.44,26.58,18007.0
2026-04-06,13,20395.0,3.33,5.23,7167.0,10262.0,12.69,25.56,17429.0
2026-04-06,14,20158.0,3.64,5.48,6853.0,10204.0,12.34,25.53,17057.0
2026-04-06,15,19098.0,3.97,5.55,6260.0,10266.0,11.26,25.53,16526.0
2026-04-06,16,18815.0,4.09,5.48,8376.0,10759.0,15.46,28.43,19136.0
2026-04-06,17,19274.0,3.87,5.42,10066.0,11455.0,19.71,32.06,21521.0
2026-04-06,18,19986.0,3.58,5.4,10638.0,11564.0,21.28,32.51,22201.0
2026-04-06,19,20209.0,3.32,5.26,10257.0,11565.0,20.66,32.52,21822.0
2026-04-06,20,20278.0,3.14,5.05,9631.0,11658.0,18.71,32.52,21289.0
2026-04-06,21,20285.0,3.08,4.97,8325.0,11247.0,15.97,30.49,19571.0
2026-04-06,22,19831.0,3.25,5.05,6981.0,9659.0,13.16,23.61,16640.0
2026-04-06,23,18496.0,3.75,5.05,5369.0,7668.0,10.27,16.34,13038.0
2026-04-07,0,11159.0,4.06,3.44,5954.0,4518.0,10.89,7.74,10472.0
2026-04-07,1,10866.0,4.13,3.51,5664.0,4230.0,10.61,7.56,9893.0
2026-04-07,2,10840.0,4.22,3.56,5349.0,4333.0,10.43,8.05,9682.0
2026-04-07,3,11073.0,4.31,3.67,4537.0,5366.0,9.5,10.57,9903.0
2026-04-07,4,14376.0,4.51,4.5,4192.0,7949.0,9.84,18.43,12141.0
2026-04-07,5,17064.0,4.64,5.61,5630.0,10632.0,12.64,28.84,16262.0
2026-04-07,6,17778.0,4.47,5.61,9962.0,11600.0,19.77,32.14,21562.0
2026-04-07,7,18068.0,3.85,5.02,12043.0,11842.0,24.03,32.5,23885.0
2026-04-07,8,18558.0,3.23,4.53,11195.0,11742.0,22.27,32.5,22936.0
2026-04-07,9,18767.0,2.79,4.31,9542.0,11772.0,18.17,32.52,21314.0
2026-04-07,10,19362.0,2.64,4.24,7523.0,11502.0,13.46,30.61,19025.0
2026-04-07,11,20444.0,2.78,4.76,6854.0,10911.0,12.12,27.9,17766.0
2026-04-07,12,21208.0,3.18,5.41,6613.0,10191.0,11.74,25.0,16805.0
2026-04-07,13,20817.0,3.68,5.72,6525.0,9733.0,11.5,23.03,16258.0
2026-04-07,14,20816.0,4.22,6.33,6151.0,9736.0,10.93,23.03,15886.0
2026-04-07,15,20244.0,4.73,6.62,6072.0,9699.0,10.97,23.05,15772.0
2026-04-07,16,18802.0,5.06,6.54,7806.0,10304.0,14.08,26.08,18110.0
2026-04-07,17,17816.0,4.89,6.0,9234.0,11047.0,17.49,29.45,20281.0
2026-04-07,18,18135.0,4.49,5.64,10114.0,11683.0,19.63,32.51,21796.0
2026-04-07,19,18700.0,4.1,5.37,9966.0,11671.0,19.45,32.51,21637.0
2026-04-07,20,19394.0,3.77,5.24,9892.0,11675.0,19.18,32.49,21567.0
2026-04-07,21,20102.0,3.62,5.36,8458.0,11224.0,16.05,30.3,19682.0
2026-04-07,22,20593.0,3.83,5.72,6629.0,9691.0,12.23,23.55,16320.0
2026-04-07,23,21399.0,4.53,6.69,5344.0,7650.0,9.99,16.16,12995.0
2026-04-08,0,10968.0,5.08,4.02,6134.0,4678.0,11.23,8.11,10812.0
2026-04-08,1,10248.0,5.0,3.64,5572.0,4468.0,10.58,7.91,10040.0
2026-04-08,2,12365.0,5.07,4.31,5158.0,4573.0,10.05,8.26,9731.0
2026-04-08,3,11627.0,5.4,5.95,4588.0,5545.0,9.65,10.89,10133.0
2026-04-08,4,11618.0,5.36,5.96,4442.0,8002.0,10.17,18.43,12444.0
2026-04-08,5,14063.0,5.22,5.12,5610.0,10570.0,12.55,28.52,16180.0
2026-04-08,6,15943.0,4.7,5.2,10217.0,11586.0,20.4,32.35,21803.0
2026-04-08,7,17257.0,3.93,4.81,12228.0,11802.0,24.58,32.68,24029.0
2026-04-08,8,18113.0,3.2,4.38,11458.0,11726.0,22.98,32.71,23184.0
2026-04-08,9,18317.0,2.67,3.97,9873.0,11718.0,19.04,32.66,21591.0
2026-04-08,10,19706.0,2.43,4.13,7767.0,11401.0,14.13,30.45,19168.0
2026-04-08,11,21408.0,2.7,4.94,6384.0,11009.0,11.46,27.9,17394.0
2026-04-08,12,21625.0,3.22,5.56,6358.0,10199.0,11.3,25.14,16557.0
2026-04-08,13,19767.0,3.69,5.5,6340.0,9802.0,11.28,23.52,16142.0
2026-04-08,14,18757.0,4.02,5.55,6088.0,9714.0,10.87,23.27,15801.0
2026-04-08,15,18519.0,4.33,5.68,6103.0,9733.0,10.83,23.14,15836.0
2026-04-08,16,18878.0,4.51,5.99,7956.0,10316.0,14.5,26.32,18272.0
2026-04-08,17,19308.0,4.42,6.07,9472.0,11280.0,18.26,31.07,20753.0
2026-04-08,18,19365.0,4.17,5.77,9947.0,11695.0,19.41,32.58,21642.0
2026-04-08,19,19822.0,3.91,5.61,9960.0,11645.0,19.46,32.54,21606.0
2026-04-08,20,19525.0,3.69,5.32,9490.0,11744.0,17.96,32.47,21234.0
2026-04-08,21,19419.0,3.52,5.11,8701.0,11300.0,16.39,30.84,20000.0
2026-04-08,22,19235.0,3.59,5.13,6767.0,9735.0,12.3,23.69,16502.0
2026-04-08,23,18921.0,4.07,5.55,5348.0,7806.0,9.87,16.71,13154.0
2026-04-09,0,11914.0,4.43,3.85,6255.0,4472.0,10.64,7.8,10727.0
2026-04-09,1,12715.0,4.57,4.09,6079.0,4233.0,10.74,7.53,10312.0
2026-04-09,2,12729.0,4.59,4.13,6045.0,4235.0,10.74,7.54,10280.0
2026-04-09,3,12040.0,4.88,4.3,5260.0,5024.0,10.01,9.66,10283.0
2026-04-09,4,10273.0,5.19,4.32,4373.0,8072.0,9.87,18.88,12445.0
2026-04-09,5,11315.0,4.74,4.14,5724.0,10625.0,12.75,28.9,16349.0
2026-04-09,6,16310.0,4.13,4.74,10054.0,11654.0,20.22,32.56,21708.0
2026-04-09,7,18099.0,3.45,4.59,12065.0,11797.0,24.18,32.72,23862.0
2026-04-09,8,19219.0,2.84,4.28,11227.0,11716.0,22.21,32.71,22943.0
2026-04-09,9,19723.0,2.48,4.17,9715.0,11770.0,18.58,32.71,21485.0
2026-04-09,10,20213.0,2.38,4.23,7789.0,11445.0,14.09,30.49,19234.0
2026-04-09,11,20357.0,2.59,4.46,6626.0,10914.0,11.79,27.67,17540.0
2026-04-09,12,20096.0,2.92,4.71,6571.0,10068.0,11.73,24.69,16639.0
2026-04-09,13,20924.0,3.35,5.51,6497.0,9665.0,11.53,23.13,16162.0
2026-04-09,14,19931.0,3.82,5.49,6437.0,9625.0,11.54,23.02,16062.0
2026-04-09,15,20372.0,4.27,6.15,6446.0,9683.0,11.52,23.03,16129.0
2026-04-09,16,20291.0,4.63,6.49,7818.0,10363.0,14.32,26.53,18181.0
2026-04-09,17,20525.0,4.69,6.61,9439.0,11336.0,18.17,31.22,20775.0
2026-04-09,18,20458.0,4.56,6.47,9998.0,11679.0,19.38,32.52,21677.0
2026-04-09,19,20268.0,4.38,6.17,10058.0,11650.0,19.61,32.51,21708.0
2026-04-09,20,20017.0,4.17,5.87,9786.0,11656.0,19.07,32.51,21442.0
2026-04-09,21,20142.0,4.07,5.85,8340.0,11206.0,15.93,30.28,19545.0
2026-04-09,22,19923.0,4.28,6.03,6581.0,9619.0,12.18,23.22,16200.0
2026-04-09,23,19073.0,4.84,7.14,5527.0,7518.0,10.44,16.21,13045.0
2026-04-10,0,10709.0,5.21,8.6,6108.0,4380.0,11.19,7.75,10488.0
2026-04-10,1,10458.0,5.21,7.39,5843.0,4129.0,11.13,7.54,9972.0
2026-04-10,2,10829.0,5.29,8.06,5268.0,4434.0,10.43,8.33,9701.0
2026-04-10,3,9621.0,5.36,12.67,4836.0,5239.0,10.06,10.37,10075.0
2026-04-10,4,12378.0,5.36,8.26,4403.0,8191.0,10.37,19.3,12594.0
2026-04-10,5,16035.0,5.3,5.75,5727.0,10730.0,13.13,29.55,16457.0
2026-04-10,6,19043.0,5.13,6.55,10235.0,11607.0,20.49,32.33,21841.0
2026-04-10,7,19313.0,4.66,6.26,11763.0,11813.0,23.34,32.51,23576.0
2026-04-10,8,19607.0,4.19,5.91,11196.0,11664.0,22.27,32.5,22860.0
2026-04-10,9,19214.0,3.83,5.36,10225.0,11628.0,20.0,32.51,21853.0
2026-04-10,10,18577.0,3.54,4.91,8273.0,11401.0,15.26,30.98,19674.0
2026-04-10,11,18810.0,3.56,5.01,6609.0,11002.0,11.72,28.39,17611.0
2026-04-10,12,18790.0,3.71,5.18,6631.0,10217.0,11.73,25.23,16848.0
2026-04-10,13,18874.0,3.96,5.43,6644.0,9684.0,11.71,23.03,16329.0
2026-04-10,14,18746.0,4.23,5.59,6439.0,9639.0,11.48,23.02,16078.0
2026-04-10,15,18250.0,4.5,5.7,6383.0,9678.0,11.34,23.03,16061.0
2026-04-10,16,16520.0,4.59,5.26,7819.0,10320.0,14.01,26.28,18139.0
2026-04-10,17,18123.0,4.24,5.4,9535.0,11229.0,18.3,31.04,20764.0
2026-04-10,18,18369.0,3.86,5.15,9992.0,11577.0,19.65,32.52,21570.0
2026-04-10,19,18685.0,3.49,4.89,9835.0,11541.0,19.4,32.51,21375.0
2026-04-10,20,18490.0,3.16,4.48,9334.0,11533.0,18.33,32.51,20867.0
2026-04-10,21,17954.0,2.93,4.09,7950.0,11152.0,15.44,30.35,19102.0
2026-04-10,22,17717.0,2.9,3.99,6493.0,9618.0,11.98,23.01,16111.0
2026-04-10,23,17515.0,3.22,4.21,5460.0,7867.0,10.3,16.68,13327.0
2026-04-11,0,14150.0,3.61,3.4,6085.0,4625.0,11.11,8.12,10710.0
2026-04-11,1,14817.0,4.06,3.97,5793.0,4255.0,10.93,7.62,10049.0
2026-04-11,2,11248.0,4.41,3.72,5188.0,4399.0,10.23,8.19,9587.0
2026-04-11,3,11786.0,4.55,3.92,4646.0,5196.0,9.75,10.21,9842.0
2026-04-11,4,11928.0,4.65,3.97,4302.0,8058.0,10.14,18.79,12360.0
2026-04-11,5,15000.0,4.55,4.81,5035.0,10400.0,12.18,28.47,15435.0
2026-04-11,6,17760.0,4.37,5.48,8860.0,11383.0,17.87,32.13,20243.0
2026-04-11,7,19088.0,3.94,5.41,11671.0,11627.0,23.53,32.26,23298.0
2026-04-11,8,19677.0,3.43,5.06,11696.0,11723.0,23.45,32.46,23418.0
2026-04-11,9,19909.0,2.99,4.76,11094.0,11745.0,21.77,32.6,22839.0
2026-04-11,10,19739.0,2.67,4.43,9853.0,11460.0,18.69,30.92,21313.0
2026-04-11,11,19682.0,2.58,4.25,8412.0,10986.0,15.42,28.51,19399.0
2026-04-11,12,20007.0,2.64,4.46,7724.0,10531.0,14.01,26.63,18255.0
2026-04-11,13,21132.0,2.95,5.03,7049.0,10351.0,12.5,25.62,17400.0
2026-04-11,14,21644.0,3.4,5.73,6752.0,10325.0,12.02,25.63,17077.0
2026-04-11,15,21352.0,3.89,6.18,6718.0,10358.0,11.9,25.65,17076.0
2026-04-11,16,19748.0,4.2,5.9,8072.0,10823.0,15.1,28.39,18895.0
2026-04-11,17,19426.0,4.09,5.72,9565.0,11414.0,19.1,31.75,20979.0
2026-04-11,18,17603.0,3.77,4.82,9767.0,11597.0,19.73,32.41,21364.0
2026-04-11,19,17382.0,3.3,4.27,9344.0,11536.0,18.91,32.42,20880.0
2026-04-11,20,17643.0,2.92,3.98,8696.0,11570.0,17.29,32.41,20266.0
2026-04-11,21,17625.0,2.67,3.76,7514.0,11115.0,14.66,30.29,18629.0
2026-04-11,22,17545.0,2.69,3.82,5885.0,9755.0,11.19,23.56,15640.0
2026-04-11,23,18350.0,3.06,4.37,5256.0,7766.0,9.94,16.54,13022.0
2026-04-12,0,12626.0,3.48,3.14,6259.0,4478.0,11.42,7.57,10737.0
2026-04-12,1,12915.0,3.7,3.26,5723.0,4286.0,10.77,7.55,10009.0
2026-04-12,2,12824.0,4.02,3.57,5255.0,4351.0,10.14,7.81,9606.0
2026-04-12,3,12793.0,4.34,3.83,4666.0,5282.0,9.61,10.15,9948.0
2026-04-12,4,12409.0,4.52,3.99,4210.0,7810.0,9.8,17.89,12020.0
2026-04-12,5,13263.0,4.41,4.12,4603.0,10399.0,11.54,28.22,15002.0
2026-04-12,6,17113.0,4.16,5.01,7789.0,11333.0,16.17,32.01,19122.0
2026-04-12,7,17960.0,3.82,4.97,9932.0,11537.0,19.84,32.21,21470.0
2026-04-12,8,18580.0,3.35,4.65,10929.0,11617.0,21.85,32.21,22546.0
2026-04-12,9,19406.0,2.9,4.53,10676.0,11595.0,21.0,32.21,22271.0
2026-04-12,10,19542.0,2.62,4.36,9469.0,11361.0,18.02,30.87,20829.0
2026-04-12,11,19538.0,2.55,4.29,8075.0,10966.0,15.0,28.44,19041.0
2026-04-12,12,19240.0,2.63,4.25,7386.0,10542.0,13.34,26.63,17928.0
2026-04-12,13,18910.0,2.8,4.29,6590.0,10283.0,11.92,25.42,16873.0
2026-04-12,14,20017.0,3.11,4.84,6033.0,10232.0,11.17,25.43,16265.0
2026-04-12,15,19700.0,3.51,5.2,5894.0,10242.0,10.93,25.42,16135.0
2026-04-12,16,19389.0,3.81,5.36,7108.0,10639.0,13.76,28.1,17747.0
2026-04-12,17,19031.0,3.79,5.07,8654.0,11288.0,17.58,31.52,19942.0
2026-04-12,18,19657.0,3.66,5.18,8844.0,11414.0,18.13,32.31,20258.0
2026-04-12,19,19786.0,3.61,5.17,8146.0,11459.0,16.57,32.32,19606.0
2026-04-12,20,18582.0,3.54,4.89,7616.0,11504.0,15.26,32.32,19120.0
2026-04-12,21,19331.0,3.58,5.14,6609.0,11081.0,13.37,30.27,17690.0
2026-04-12,22,19370.0,3.88,5.54,5205.0,9656.0,10.49,23.55,14861.0
2026-04-12,23,19612.0,4.55,6.2,4610.0,7729.0,9.25,16.33,12340.0
2026-04-13,0,11309.0,5.0,4.27,5953.0,4579.0,11.06,7.98,10531.0
2026-04-13,1,10783.0,5.03,4.25,5545.0,4464.0,10.52,7.89,10009.0
2026-04-13,2,10632.0,5.12,4.3,5051.0,4543.0,9.94,8.26,9594.0
2026-04-13,3,10644.0,5.21,4.38,4510.0,5361.0,9.54,10.4,9871.0
2026-04-13,4,10477.0,5.15,4.36,4247.0,7785.0,10.19,17.89,12032.0
2026-04-13,5,12642.0,4.94,4.57,4411.0,10323.0,11.34,27.9,14733.0
2026-04-13,6,15283.0,4.58,4.94,7279.0,11195.0,15.33,31.97,18474.0
2026-04-13,7,18968.0,4.28,5.73,9392.0,11418.0,18.78,32.2,20811.0
2026-04-13,8,18948.0,3.98,5.45,10086.0,11544.0,20.04,32.41,21629.0
2026-04-13,9,18835.0,3.63,5.02,9754.0,11595.0,19.08,32.41,21349.0
2026-04-13,10,18497.0,3.35,4.69,8699.0,11319.0,16.55,30.65,20017.0
2026-04-13,11,18573.0,3.28,4.67,7281.0,10671.0,13.6,27.9,17952.0
2026-04-13,12,18856.0,3.4,4.88,6653.0,10334.0,12.34,26.55,16987.0
2026-04-13,13,18636.0,3.64,5.03,6152.0,9927.0,11.48,24.75,16079.0
2026-04-13,14,18474.0,3.92,5.28,5787.0,10009.0,10.98,24.87,15795.0
2026-04-13,15,18297.0,4.19,5.43,5729.0,10108.0,10.77,25.13,15837.0
2026-04-13,16,18265.0,4.4,5.62,6740.0,10548.0,12.59,27.57,17288.0
2026-04-13,17,18541.0,4.33,5.65,8733.0,11228.0,17.12,31.58,19961.0
2026-04-13,18,17240.0,4.04,4.91,9051.0,11417.0,17.68,32.01,20468.0
2026-04-13,19,17196.0,3.65,4.52,8627.0,11259.0,17.18,32.02,19886.0
2026-04-13,20,17434.0,3.4,4.33,7563.0,11307.0,15.18,32.01,18871.0
2026-04-13,21,17751.0,3.32,4.37,6109.0,10988.0,12.51,29.96,17096.0
2026-04-13,22,17312.0,3.47,4.4,5225.0,9719.0,10.61,24.04,14943.0
2026-04-13,23,16785.0,3.84,4.59,4629.0,7720.0,9.27,16.51,12349.0
2026-04-14,0,13358.0,4.21,3.89,5798.0,4616.0,10.73,8.17,10414.0
2026-04-14,1,13431.0,4.56,4.16,5605.0,4226.0,10.61,7.65,9831.0
2026-04-14,2,10803.0,4.83,4.07,5098.0,4307.0,10.02,7.99,9405.0
2026-04-14,3,9902.0,4.89,4.0,4534.0,5127.0,9.56,10.1,9661.0
2026-04-14,4,12980.0,4.93,4.46,4041.0,7768.0,10.04,18.58,11809.0
2026-04-14,5,15783.0,5.05,5.36,4053.0,10327.0,11.25,28.86,14379.0
2026-04-14,6,18157.0,5.12,6.34,7202.0,11130.0,15.5,31.83,18332.0
2026-04-14,7,19372.0,4.98,6.54,9517.0,11284.0,19.34,32.06,20801.0
2026-04-14,8,18835.0,4.71,6.11,10278.0,11463.0,20.61,32.2,21740.0
2026-04-14,9,18442.0,4.3,5.55,9989.0,11467.0,19.78,32.21,21456.0
2026-04-14,10,18496.0,3.99,5.28,8976.0,11310.0,17.29,31.03,20286.0
2026-04-14,11,18887.0,3.9,5.25,7425.0,10758.0,13.72,27.98,18182.0
2026-04-14,12,18844.0,4.02,5.43,6762.0,10542.0,12.38,26.79,17304.0
2026-04-14,13,18916.0,4.23,5.61,6149.0,10250.0,11.33,25.77,16400.0
2026-04-14,14,19444.0,4.56,6.2,5739.0,10255.0,10.74,25.77,15993.0
2026-04-14,15,19113.0,4.94,6.37,5860.0,10254.0,10.99,25.9,16114.0
2026-04-14,16,18142.0,5.11,6.28,7351.0,10570.0,13.77,27.68,17922.0
2026-04-14,17,17852.0,4.95,6.03,8970.0,11341.0,17.58,31.63,20311.0
2026-04-14,18,17273.0,4.55,5.44,9588.0,11461.0,19.0,32.4,21049.0
2026-04-14,19,17553.0,4.15,5.08,8739.0,11374.0,17.5,32.32,20114.0
2026-04-14,20,18533.0,3.94,5.19,7784.0,11402.0,15.44,32.17,19186.0
2026-04-14,21,18676.0,3.94,5.29,6434.0,11088.0,13.12,30.54,17523.0
2026-04-14,22,18672.0,4.19,5.62,5225.0,9656.0,10.52,23.62,14881.0
2026-04-14,23,18082.0,4.73,5.99,4891.0,7632.0,9.66,16.3,12523.0
2026-04-15,0,10042.0,5.02,4.22,5696.0,4635.0,10.48,8.08,10331.0
2026-04-15,1,10795.0,4.98,4.14,5488.0,4446.0,10.33,7.95,9934.0
2026-04-15,2,11733.0,5.15,4.46,5080.0,4410.0,10.03,8.17,9490.0
2026-04-15,3,11126.0,5.33,4.99,4621.0,5411.0,9.85,10.89,10032.0
2026-04-15,4,10675.0,5.31,4.92,4295.0,7727.0,10.44,18.36,12022.0
2026-04-15,5,13053.0,5.07,4.76,4519.0,10165.0,11.84,28.17,14684.0
2026-04-15,6,17115.0,4.92,5.78,7338.0,11149.0,15.78,31.98,18487.0
2026-04-15,7,18420.0,4.67,5.96,9500.0,11395.0,19.17,32.03,20895.0
2026-04-15,8,18255.0,4.28,5.49,10366.0,11522.0,20.67,32.21,21889.0
2026-04-15,9,18237.0,3.82,5.06,10233.0,11585.0,20.02,32.28,21818.0
2026-04-15,10,18829.0,3.49,4.86,9199.0,11313.0,17.27,30.71,20513.0
2026-04-15,11,19385.0,3.38,4.98,8221.0,10857.0,15.19,28.34,19079.0
2026-04-15,12,20413.0,3.51,5.35,7510.0,10438.0,13.63,26.49,17948.0
2026-04-15,13,20366.0,3.82,5.77,6657.0,10246.0,11.87,25.53,16903.0
2026-04-15,14,20868.0,4.26,6.4,6283.0,10272.0,11.44,25.53,16556.0
2026-04-15,15,19304.0,4.66,6.22,6232.0,10226.0,11.35,25.54,16458.0
2026-04-15,16,18530.0,4.85,6.23,7612.0,10744.0,14.06,28.39,18356.0
2026-04-15,17,18697.0,4.68,6.07,9503.0,11361.0,18.5,31.81,20864.0
2026-04-15,18,18606.0,4.35,5.67,9981.0,11510.0,19.66,32.41,21491.0
2026-04-15,19,18594.0,4.02,5.32,9519.0,11514.0,18.72,32.41,21034.0
2026-04-15,20,17715.0,3.72,4.75,8729.0,11460.0,17.13,32.41,20189.0
2026-04-15,21,16549.0,3.44,4.17,7060.0,11032.0,13.99,30.16,18091.0
2026-04-15,22,17390.0,3.44,4.48,5545.0,9642.0,10.95,23.51,15187.0
2026-04-15,23,17179.0,3.84,4.76,4738.0,7726.0,9.37,16.37,12464.0
2026-04-16,0,13825.0,4.27,4.06,5997.0,4474.0,11.12,7.73,10471.0
2026-04-16,1,14191.0,4.68,4.48,5544.0,4327.0,10.46,7.84,9871.0
2026-04-16,2,13216.0,5.15,5.45,4961.0,4425.0,9.86,8.24,9387.0
2026-04-16,3,10913.0,5.44,7.15,4320.0,5358.0,9.22,10.49,9677.0
2026-04-16,4,10851.0,5.41,6.44,3918.0,7919.0,9.65,18.55,11837.0
2026-04-16,5,14702.0,5.34,5.42,4767.0,10342.0,11.58,28.14,15109.0
2026-04-16,6,17143.0,5.11,6.04,8703.0,11351.0,17.7,32.12,20054.0
2026-04-16,7,17972.0,4.68,5.87,10738.0,11491.0,21.38,32.21,22230.0
2026-04-16,8,18324.0,4.15,5.44,10811.0,11553.0,21.42,32.28,22364.0
2026-04-16,9,18563.0,3.69,4.99,9849.0,11652.0,18.89,32.31,21501.0
2026-04-16,10,20128.0,3.52,5.37,8222.0,11403.0,15.05,30.7,19625.0
2026-04-16,11,20193.0,3.69,5.56,6914.0,10975.0,12.25,28.28,17889.0
2026-04-16,12,19694.0,3.95,5.66,6791.0,10155.0,12.05,25.0,16946.0
2026-04-16,13,19476.0,4.29,5.92,6528.0,9606.0,11.62,22.82,16134.0
2026-04-16,14,19020.0,4.64,6.13,6176.0,9621.0,11.02,22.84,15797.0
2026-04-16,15,18693.0,4.99,6.42,6069.0,9561.0,10.93,22.83,15630.0
2026-04-16,16,18356.0,5.2,6.48,7671.0,10248.0,14.17,26.31,17920.0
2026-04-16,17,18589.0,5.08,6.43,9073.0,11173.0,17.52,30.98,20246.0
2026-04-16,18,18817.0,4.82,6.2,9579.0,11512.0,18.83,32.47,21091.0
2026-04-16,19,19392.0,4.57,6.21,9496.0,11533.0,18.56,32.51,21029.0
2026-04-16,20,19616.0,4.38,6.11,9133.0,11511.0,17.92,32.52,20643.0
2026-04-16,21,19213.0,4.33,5.9,7450.0,11037.0,14.65,30.36,18487.0
2026-04-16,22,18879.0,4.54,5.99,5576.0,9629.0,10.97,23.69,15205.0
2026-04-16,23,18596.0,5.15,7.06,4725.0,7571.0,9.46,16.24,12296.0
2026-04-17,0,9597.0,5.42,6.1,5675.0,4563.0,10.67,8.21,10238.0
2026-04-17,1,10006.0,5.38,6.05,5286.0,4456.0,10.22,8.22,9742.0
2026-04-17,2,9762.0,5.41,5.97,4905.0,4517.0,9.73,8.36,9422.0
2026-04-17,3,9654.0,5.42,5.94,4352.0,5291.0,9.29,10.32,9643.0
2026-04-17,4,11291.0,5.38,5.03,4319.0,7758.0,10.28,18.12,12076.0
2026-04-17,5,14583.0,5.27,5.2,5067.0,10413.0,12.16,28.4,15480.0
2026-04-17,6,18193.0,5.01,6.14,9214.0,11456.0,18.73,32.15,20670.0
2026-04-17,7,19118.0,4.65,6.07,11381.0,11700.0,22.89,32.35,23082.0
2026-04-17,8,18891.0,4.15,5.52,11092.0,11719.0,22.15,32.4,22810.0
2026-04-17,9,19072.0,3.75,5.21,9793.0,11722.0,18.89,32.41,21515.0
2026-04-17,10,18973.0,3.55,5.05,8011.0,11403.0,14.41,30.6,19414.0
2026-04-17,11,18615.0,3.56,4.91,7007.0,10897.0,12.29,27.88,17904.0
2026-04-17,12,18377.0,3.65,4.92,6829.0,10139.0,12.05,24.8,16968.0
2026-04-17,13,18054.0,3.81,5.05,6776.0,9649.0,11.99,23.03,16425.0
2026-04-17,14,17906.0,3.99,5.14,6426.0,9627.0,11.62,23.03,16053.0
2026-04-17,15,17134.0,4.19,5.05,6057.0,9664.0,10.9,23.03,15722.0
2026-04-17,16,18043.0,4.25,5.52,7609.0,10350.0,14.03,26.64,17958.0
2026-04-17,17,18614.0,4.1,5.44,9414.0,11218.0,18.18,31.09,20632.0
2026-04-17,18,19122.0,3.81,5.29,9919.0,11516.0,19.4,32.28,21435.0
2026-04-17,19,19522.0,3.57,5.19,9322.0,11459.0,18.32,32.31,20781.0
2026-04-17,20,19847.0,3.45,5.32,8880.0,11462.0,17.41,32.32,20342.0
2026-04-17,21,19712.0,3.45,5.22,7408.0,11124.0,14.51,30.43,18531.0
2026-04-17,22,19367.0,3.69,5.39,6201.0,9416.0,11.8,22.73,15616.0
2026-04-17,23,19082.0,4.24,5.81,5284.0,7607.0,10.16,16.31,12891.0
2026-04-18,0,12604.0,4.75,4.39,6042.0,4438.0,11.17,7.74,10480.0
2026-04-18,1,11423.0,4.86,4.19,5789.0,4119.0,11.06,7.54,9908.0
2026-04-18,2,11593.0,5.04,4.4,5283.0,4248.0,10.44,8.05,9530.0
2026-04-18,3,11393.0,5.23,4.56,4617.0,5219.0,9.77,10.35,9836.0
2026-04-18,4,11229.0,5.26,4.53,4168.0,7892.0,10.11,18.65,12060.0
2026-04-18,5,13369.0,5.06,4.88,4773.0,10557.0,11.94,29.34,15330.0
2026-04-18,6,17777.0,4.78,5.84,9181.0,11287.0,18.9,32.09,20468.0
2026-04-18,7,18682.0,4.33,5.7,11522.0,11564.0,23.25,32.21,23086.0
2026-04-18,8,19071.0,3.79,5.34,11682.0,11667.0,23.66,32.31,23349.0
2026-04-18,9,18595.0,3.25,4.58,11388.0,11637.0,22.75,32.3,23024.0
2026-04-18,10,18078.0,2.76,3.94,10031.0,11439.0,19.36,31.06,21470.0
2026-04-18,11,17747.0,2.4,3.6,8797.0,10891.0,16.64,28.34,19688.0
2026-04-18,12,17760.0,2.25,3.49,7618.0,10502.0,13.7,26.4,18121.0
2026-04-18,13,17822.0,2.24,3.51,6983.0,10391.0,12.48,26.01,17373.0
2026-04-18,14,18636.0,2.3,3.72,6797.0,10224.0,12.22,25.54,17021.0
2026-04-18,15,20363.0,2.59,4.46,6780.0,10233.0,12.22,25.54,17014.0
2026-04-18,16,20749.0,2.89,4.92,8026.0,10710.0,14.89,28.07,18735.0
2026-04-18,17,20931.0,2.93,5.02,10095.0,11441.0,20.48,31.99,21536.0
2026-04-18,18,21235.0,2.8,4.93,10515.0,11519.0,21.64,32.21,22034.0
2026-04-18,19,21079.0,2.7,4.8,9975.0,11475.0,20.55,32.21,21450.0
2026-04-18,20,20484.0,2.62,4.52,9164.0,11481.0,18.48,32.18,20645.0
2026-04-18,21,20172.0,2.65,4.46,7678.0,11213.0,15.14,30.86,18891.0
2026-04-18,22,19716.0,2.91,4.56,5812.0,9791.0,11.2,24.04,15603.0
2026-04-18,23,18528.0,3.49,4.75,4884.0,7752.0,9.33,16.47,12636.0
2026-04-19,0,12929.0,3.97,3.67,5583.0,4969.0,10.29,8.94,10553.0
2026-04-19,1,11969.0,4.13,3.56,5644.0,4268.0,10.61,7.63,9912.0
2026-04-19,2,12385.0,4.4,3.85,5226.0,4259.0,10.16,7.81,9485.0
2026-04-19,3,12400.0,4.69,4.13,4630.0,5151.0,9.67,10.09,9782.0
2026-04-19,4,12774.0,4.87,4.4,4229.0,7736.0,10.16,18.16,11965.0
2026-04-19,5,14709.0,4.86,4.9,4499.0,10309.0,11.61,28.45,14807.0
2026-04-19,6,18127.0,4.77,5.92,7738.0,11233.0,16.25,32.05,18971.0
2026-04-19,7,18913.0,4.58,6.01,10201.0,11518.0,20.42,32.2,21719.0
2026-04-19,8,19014.0,4.13,5.52,11598.0,11744.0,23.4,32.48,23342.0
2026-04-19,9,19024.0,3.6,5.09,11258.0,11819.0,22.1,32.5,23077.0
2026-04-19,10,18193.0,3.14,4.38,10057.0,11564.0,18.87,30.79,21621.0
2026-04-19,11,18763.0,2.82,4.26,9209.0,11062.0,17.01,28.37,20271.0
2026-04-19,12,19374.0,2.74,4.26,8274.0,10628.0,15.01,26.61,18902.0
2026-04-19,13,19268.0,2.86,4.43,7190.0,10370.0,12.7,25.53,17560.0
2026-04-19,14,18839.0,3.04,4.42,6833.0,10289.0,12.33,25.52,17121.0
2026-04-19,15,18426.0,3.22,4.52,6440.0,10221.0,11.69,25.53,16661.0
2026-04-19,16,18763.0,3.32,4.69,7972.0,10789.0,15.06,28.46,18761.0
2026-04-19,17,21386.0,3.28,5.48,9809.0,11493.0,19.58,31.87,21302.0
2026-04-19,18,21309.0,3.23,5.41,10136.0,11636.0,20.41,32.39,21771.0
2026-04-19,19,21207.0,3.17,5.34,9886.0,11572.0,19.97,32.41,21458.0
2026-04-19,20,19745.0,3.04,4.75,9487.0,11572.0,18.97,32.39,21058.0
2026-04-19,21,19867.0,2.96,4.72,8037.0,11072.0,15.81,30.18,19109.0
2026-04-19,22,20992.0,3.27,5.39,6203.0,9580.0,11.85,23.36,15783.0
2026-04-19,23,20276.0,4.02,5.84,4850.0,7544.0,9.58,16.26,12393.0
2026-04-20,0,13576.0,4.66,4.34,5923.0,4437.0,11.02,7.86,10360.0
2026-04-20,1,12964.0,4.94,4.5,5411.0,4375.0,10.42,8.05,9786.0
2026-04-20,2,11987.0,5.27,4.66,4872.0,4427.0,9.7,8.22,9300.0
2026-04-20,3,9919.0,5.44,5.66,4267.0,5349.0,9.16,10.57,9616.0
2026-04-20,4,11005.0,5.35,5.02,3955.0,8017.0,9.56,18.78,11972.0
2026-04-20,5,14567.0,5.21,5.43,5354.0,10341.0,12.31,28.08,15695.0
2026-04-20,6,17026.0,4.92,5.78,10021.0,11553.0,20.01,32.21,21574.0
2026-04-20,7,19098.0,4.32,5.79,12132.0,11732.0,24.61,32.49,23864.0
2026-04-20,8,19074.0,3.78,5.19,11619.0,11654.0,23.5,32.42,23272.0
2026-04-20,9,18651.0,3.3,4.62,10309.0,11603.0,20.28,32.41,21913.0
2026-04-20,10,19262.0,3.05,4.66,8316.0,11363.0,15.26,30.66,19679.0
2026-04-20,11,19029.0,3.1,4.65,6793.0,10892.0,12.01,28.1,17685.0
2026-04-20,12,18883.0,3.27,4.81,6643.0,10057.0,11.73,24.69,16700.0
2026-04-20,13,19002.0,3.53,5.1,6625.0,9635.0,11.68,23.03,16260.0
2026-04-20,14,18858.0,3.84,5.28,6269.0,9620.0,11.24,23.02,15889.0
2026-04-20,15,18576.0,4.15,5.53,6175.0,9685.0,11.03,23.03,15860.0
2026-04-20,16,18649.0,4.35,5.74,7850.0,10332.0,14.22,26.43,18182.0
2026-04-20,17,18911.0,4.21,5.66,9682.0,11255.0,18.54,31.18,20938.0
2026-04-20,18,19142.0,3.92,5.45,9909.0,11582.0,19.21,32.61,21491.0
2026-04-20,19,19340.0,3.63,5.23,9959.0,11560.0,19.33,32.61,21520.0
2026-04-20,20,19359.0,3.37,4.99,9583.0,11572.0,18.6,32.61,21155.0
2026-04-20,21,18995.0,3.19,4.64,8299.0,11157.0,16.02,30.46,19456.0
2026-04-20,22,18919.0,3.29,4.72,6365.0,9699.0,11.99,23.74,16064.0
2026-04-20,23,19614.0,3.82,5.52,5022.0,7688.0,9.67,16.32,12710.0
2026-04-21,0,11658.0,4.31,3.79,6182.0,4411.0,11.41,7.68,10593.0
2026-04-21,1,11800.0,4.38,3.8,5534.0,4305.0,10.52,7.72,9838.0
2026-04-21,2,13063.0,4.71,4.29,5055.0,4337.0,9.92,7.99,9392.0
2026-04-21,3,12696.0,5.07,4.57,4352.0,5403.0,9.24,10.6,9755.0
2026-04-21,4,12800.0,5.26,4.78,4222.0,7910.0,9.96,18.57,12132.0
2026-04-21,5,13997.0,5.17,5.02,5597.0,10428.0,12.93,28.62,16025.0
2026-04-21,6,16272.0,4.69,5.16,10179.0,11561.0,20.51,32.45,21740.0
2026-04-21,7,18493.0,4.04,5.34,12058.0,11624.0,24.42,32.51,23683.0
2026-04-21,8,19312.0,3.49,5.01,11399.0,11617.0,22.95,32.51,23015.0
2026-04-21,9,19540.0,3.11,4.69,10081.0,11612.0,19.78,32.5,21693.0
2026-04-21,10,19072.0,2.93,4.45,7880.0,11314.0,14.71,30.58,19195.0
2026-04-21,11,18735.0,2.98,4.44,6527.0,10802.0,11.86,27.81,17329.0
2026-04-21,12,18484.0,3.17,4.56,6248.0,10127.0,11.33,25.0,16375.0
2026-04-21,13,18298.0,3.41,4.66,6289.0,9618.0,11.33,23.02,15907.0
2026-04-21,14,17635.0,3.66,4.7,6071.0,9613.0,11.09,23.03,15684.0
2026-04-21,15,18365.0,3.86,5.22,6143.0,9620.0,11.02,23.02,15763.0
2026-04-21,16,18629.0,4.09,5.43,7523.0,10300.0,13.41,26.09,17822.0
2026-04-21,17,19134.0,3.96,5.58,9781.0,11262.0,18.88,31.16,21043.0
2026-04-21,18,19505.0,3.72,5.44,10013.0,11576.0,19.58,32.51,21589.0
2026-04-21,19,19802.0,3.46,5.17,10003.0,11534.0,19.61,32.51,21536.0
2026-04-21,20,19670.0,3.24,4.94,9793.0,11569.0,19.09,32.51,21362.0
2026-04-21,21,19575.0,3.06,4.72,8602.0,11177.0,16.71,30.53,19779.0
2026-04-21,22,19511.0,3.2,4.85,6666.0,9531.0,12.38,22.98,16197.0
2026-04-21,23,19320.0,3.74,5.38,5225.0,7580.0,10.22,16.33,12805.0
2026-04-22,0,12205.0,4.24,3.82,5966.0,4493.0,11.15,7.86,10459.0
2026-04-22,1,11956.0,4.35,3.82,5699.0,4199.0,10.85,7.54,9899.0
2026-04-22,2,13362.0,4.67,4.29,5273.0,4466.0,10.33,8.39,9739.0
2026-04-22,3,13101.0,5.03,4.65,4568.0,5342.0,9.6,10.64,9911.0
2026-04-22,4,12522.0,5.24,4.67,4348.0,7893.0,10.16,18.47,12241.0
2026-04-22,5,15918.0,5.16,5.64,5700.0,10603.0,12.96,28.96,16303.0
2026-04-22,6,17926.0,4.94,6.04,10337.0,11539.0,20.68,32.24,21876.0
2026-04-22,7,17943.0,4.31,5.42,12188.0,11618.0,24.72,32.31,23806.0
2026-04-22,8,18023.0,3.65,4.79,11207.0,11586.0,22.21,32.31,22793.0
2026-04-22,9,18460.0,3.15,4.46,9981.0,11546.0,19.54,32.31,21527.0
2026-04-22,10,19398.0,2.92,4.55,8315.0,11445.0,15.7,31.28,19760.0
2026-04-22,11,19175.0,2.95,4.5,7013.0,10971.0,12.76,28.65,17985.0
2026-04-22,12,18931.0,3.13,4.61,6384.0,10368.0,11.59,26.34,16753.0
2026-04-22,13,18835.0,3.29,4.57,6276.0,10147.0,11.46,25.49,16422.0
2026-04-22,14,18941.0,3.66,5.15,6136.0,9629.0,10.99,23.03,15765.0
2026-04-22,15,19122.0,4.02,5.6,6107.0,9586.0,10.97,23.04,15692.0
2026-04-22,16,18742.0,4.28,5.72,7826.0,10196.0,14.24,25.99,18021.0
2026-04-22,17,18682.0,4.13,5.56,9877.0,11114.0,19.14,30.67,20991.0
2026-04-22,18,19216.0,3.79,5.32,10644.0,11501.0,21.11,32.2,22145.0
2026-04-22,19,18733.0,3.41,4.77,10385.0,11476.0,20.5,32.2,21862.0
2026-04-22,20,18623.0,3.05,4.41,9789.0,11496.0,19.0,32.2,21286.0
2026-04-22,21,18416.0,2.78,4.09,8410.0,11270.0,16.2,31.0,19680.0
2026-04-22,22,18112.0,2.77,3.96,6440.0,9916.0,12.13,24.61,16356.0
2026-04-22,23,19171.0,3.19,4.66,5193.0,7785.0,10.05,16.74,12977.0
2026-04-23,0,13727.0,3.76,3.61,5651.0,4650.0,10.44,8.06,10301.0
2026-04-23,1,12874.0,4.06,3.7,5565.0,4237.0,10.57,7.63,9802.0
2026-04-23,2,12864.0,4.4,4.02,5183.0,4248.0,10.1,7.84,9430.0
2026-04-23,3,12756.0,4.74,4.32,4741.0,5077.0,9.86,9.96,9818.0
2026-04-23,4,12303.0,4.91,4.37,4307.0,7938.0,10.05,18.62,12246.0
2026-04-23,5,14307.0,4.76,4.68,5571.0,10514.0,12.71,28.85,16085.0
2026-04-23,6,19862.0,4.55,6.12,10236.0,11488.0,20.35,32.24,21724.0
2026-04-23,7,20477.0,4.2,6.06,11906.0,11647.0,23.9,32.42,23552.0
2026-04-23,8,19552.0,3.8,5.4,11374.0,11592.0,22.81,32.41,22966.0
2026-04-23,9,19077.0,3.4,4.91,9992.0,11581.0,19.6,32.4,21573.0
2026-04-23,10,18972.0,3.23,4.75,7550.0,11375.0,13.92,31.09,18925.0
2026-04-23,11,18839.0,3.32,4.73,6326.0,10813.0,11.32,27.89,17139.0
2026-04-23,12,18597.0,3.51,4.91,6223.0,10131.0,11.07,25.13,16354.0
2026-04-23,13,18491.0,3.77,5.11,6422.0,9611.0,11.43,23.01,16034.0
2026-04-23,14,18284.0,4.02,5.24,6336.0,9611.0,11.34,23.03,15947.0
2026-04-23,15,18069.0,4.26,5.44,6244.0,9618.0,11.17,23.02,15862.0
2026-04-23,16,18573.0,4.41,5.77,7867.0,10303.0,14.41,26.23,18170.0
2026-04-23,17,19058.0,4.29,5.78,9606.0,11271.0,18.44,31.03,20876.0
2026-04-23,18,19324.0,4.01,5.61,10038.0,11588.0,19.53,32.58,21626.0
2026-04-23,19,19452.0,3.74,5.41,9882.0,11598.0,19.19,32.62,21479.0
2026-04-23,20,19065.0,3.45,4.94,9681.0,11649.0,18.66,32.62,21330.0
2026-04-23,21,19144.0,3.25,4.77,8287.0,11278.0,16.07,30.96,19565.0
2026-04-23,22,18160.0,3.32,4.58,6268.0,9831.0,11.68,24.15,16098.0
2026-04-23,23,17891.0,3.71,4.89,5172.0,7752.0,9.91,16.71,12924.0
2026-04-24,0,13306.0,4.14,3.85,5746.0,4682.0,10.49,8.09,10428.0
2026-04-24,1,13795.0,4.48,4.19,5687.0,4223.0,10.66,7.55,9909.0
2026-04-24,2,13987.0,4.93,4.69,5190.0,4279.0,10.07,7.88,9468.0
2026-04-24,3,12864.0,5.38,5.66,4369.0,5437.0,9.25,10.81,9807.0
2026-04-24,4,11816.0,5.48,5.81,4320.0,8115.0,10.08,19.2,12435.0
2026-04-24,5,15140.0,5.37,5.63,5883.0,10472.0,13.26,28.75,16355.0
2026-04-24,6,17398.0,5.0,5.93,10323.0,11597.0,20.78,32.43,21920.0
2026-04-24,7,18402.0,4.4,5.62,11874.0,11783.0,23.77,32.71,23656.0
2026-04-24,8,18803.0,3.83,5.25,11167.0,11678.0,22.6,32.71,22845.0
2026-04-24,9,19163.0,3.46,5.0,9545.0,11625.0,19.35,32.59,21169.0
2026-04-24,10,18968.0,3.34,4.81,7275.0,11379.0,13.84,30.61,18653.0
2026-04-24,11,18764.0,3.45,4.87,6104.0,10905.0,11.16,28.17,17009.0
2026-04-24,12,18536.0,3.65,5.04,6232.0,10104.0,11.22,24.88,16336.0
2026-04-24,13,18376.0,3.91,5.18,6298.0,9557.0,11.22,22.73,15855.0
2026-04-24,14,18939.0,4.21,5.63,6217.0,9558.0,11.2,22.73,15774.0
2026-04-24,15,18947.0,4.56,6.0,6201.0,9568.0,11.17,22.78,15769.0
2026-04-24,16,18772.0,4.83,6.2,7754.0,10254.0,14.4,26.33,18008.0
2026-04-24,17,17591.0,4.64,5.67,9141.0,11120.0,17.88,30.99,20261.0
2026-04-24,18,17997.0,4.3,5.44,9447.0,11484.0,18.42,32.33,20931.0
2026-04-24,19,17961.0,3.95,5.09,9365.0,11448.0,18.21,32.41,20813.0
2026-04-24,20,18197.0,3.62,4.8,9007.0,11582.0,17.32,32.4,20589.0
2026-04-24,21,18320.0,3.39,4.65,8237.0,11102.0,15.88,30.23,19338.0
2026-04-24,22,18205.0,3.4,4.63,6623.0,9667.0,12.3,23.52,16290.0
2026-04-24,23,17646.0,3.76,4.83,5408.0,7694.0,10.2,16.39,13102.0
2026-04-25,0,12890.0,4.11,3.68,6292.0,4434.0,11.51,7.62,10726.0
2026-04-25,1,13339.0,4.39,4.02,5632.0,4310.0,10.62,7.67,9942.0
2026-04-25,2,13722.0,4.78,4.53,5216.0,4383.0,10.11,8.03,9599.0
2026-04-25,3,14373.0,5.26,5.51,4452.0,5429.0,9.39,10.69,9882.0
2026-04-25,4,12165.0,5.5,6.51,4119.0,8064.0,9.9,19.12,12183.0
2026-04-25,5,14381.0,5.42,5.45,5225.0,10379.0,12.44,28.52,15604.0
2026-04-25,6,17065.0,5.1,5.95,9511.0,11474.0,19.33,32.34,20984.0
2026-04-25,7,17945.0,4.54,5.68,11786.0,11754.0,23.91,32.59,23539.0
2026-04-25,8,18103.0,3.86,5.02,11815.0,11733.0,24.03,32.6,23549.0
2026-04-25,9,19072.0,3.27,4.76,11155.0,11754.0,22.46,32.62,22909.0
2026-04-25,10,20599.0,3.01,5.02,9579.0,11389.0,18.31,30.7,20968.0
2026-04-25,11,20528.0,3.05,4.99,8081.0,10921.0,15.06,28.36,19002.0
2026-04-25,12,20251.0,3.27,5.09,7124.0,10413.0,12.91,26.27,17537.0
2026-04-25,13,19875.0,3.56,5.26,6767.0,10269.0,12.23,25.73,17036.0
2026-04-25,14,18970.0,3.83,5.27,6476.0,10241.0,11.84,25.73,16716.0
2026-04-25,15,18704.0,4.05,5.41,6455.0,10219.0,11.72,25.72,16674.0
2026-04-25,16,18722.0,4.17,5.5,8040.0,10884.0,15.19,28.8,18923.0
2026-04-25,17,19110.0,3.97,5.49,9910.0,11419.0,19.92,31.91,21330.0
2026-04-25,18,19539.0,3.68,5.37,10306.0,11511.0,21.04,32.28,21817.0
2026-04-25,19,19714.0,3.43,5.12,9701.0,11544.0,19.54,32.32,21245.0
2026-04-25,20,19869.0,3.26,5.07,9256.0,11538.0,18.28,32.32,20794.0
2026-04-25,21,19813.0,3.21,5.02,8057.0,11141.0,15.65,30.36,19199.0
2026-04-25,22,19565.0,3.38,5.1,6773.0,9655.0,12.7,23.46,16428.0
2026-04-25,23,19176.0,3.88,5.44,5690.0,7699.0,10.65,16.4,13389.0
2026-04-26,0,14074.0,4.42,4.38,6354.0,4522.0,11.56,7.72,10876.0
2026-04-26,1,13712.0,4.71,4.39,6012.0,4221.0,11.37,7.55,10233.0
2026-04-26,2,11391.0,4.97,4.3,5288.0,4445.0,10.38,8.32,9733.0
2026-04-26,3,11636.0,5.14,4.52,4586.0,5392.0,9.65,10.71,9978.0
2026-04-26,4,13620.0,5.32,5.03,4267.0,7950.0,10.14,18.75,12217.0
2026-04-26,5,17373.0,5.5,6.46,4696.0,10417.0,11.74,28.68,15114.0
2026-04-26,6,17792.0,5.51,6.81,7992.0,11336.0,16.46,32.07,19328.0
2026-04-26,7,18492.0,5.19,6.31,10655.0,11585.0,21.33,32.36,22240.0
2026-04-26,8,19011.0,4.68,6.12,11732.0,11677.0,23.82,32.41,23409.0
2026-04-26,9,19271.0,4.13,5.69,11813.0,11734.0,23.94,32.41,23546.0
2026-04-26,10,19542.0,3.66,5.29,11070.0,11552.0,21.89,31.23,22622.0
2026-04-26,11,19056.0,3.36,4.86,9805.0,11066.0,18.74,28.76,20871.0
2026-04-26,12,19005.0,3.17,4.7,9283.0,10560.0,17.49,26.81,19843.0
2026-04-26,13,19002.0,3.13,4.62,8312.0,10302.0,15.24,25.8,18615.0
2026-04-26,14,19000.0,3.17,4.73,7898.0,10216.0,14.47,25.62,18115.0
2026-04-26,15,18598.0,3.24,4.6,7772.0,10274.0,13.99,25.63,18046.0
2026-04-26,16,18666.0,3.18,4.55,9685.0,10665.0,19.13,28.4,20349.0
2026-04-26,17,20170.0,2.89,4.75,11249.0,11286.0,23.79,31.6,22535.0
2026-04-26,18,21228.0,2.58,4.77,11770.0,11381.0,25.06,32.01,23152.0
2026-04-26,19,22012.0,2.42,4.91,11253.0,11375.0,23.71,32.01,22628.0
2026-04-26,20,22245.0,2.35,4.94,10605.0,11400.0,21.79,32.01,22005.0
2026-04-26,21,22339.0,2.47,5.11,8566.0,11138.0,16.65,30.54,19704.0
2026-04-26,22,21401.0,2.85,5.19,7035.0,9605.0,13.06,23.44,16639.0
2026-04-26,23,20730.0,3.5,5.56,5819.0,7817.0,10.68,16.69,13636.0
2026-04-27,0,15114.0,4.14,4.29,6194.0,4777.0,11.03,8.16,10971.0
2026-04-27,1,14718.0,4.57,4.7,6072.0,4364.0,11.36,7.78,10436.0
2026-04-27,2,14081.0,5.03,5.77,5506.0,4383.0,10.74,8.14,9889.0
2026-04-27,3,11772.0,5.36,8.13,4799.0,5365.0,10.11,10.83,10163.0
2026-04-27,4,12245.0,5.44,6.38,4435.0,7919.0,10.43,18.68,12354.0
2026-04-27,5,13528.0,5.28,5.15,5116.0,10602.0,11.99,29.02,15718.0
2026-04-27,6,17834.0,4.93,5.99,9910.0,11537.0,19.62,32.16,21447.0
2026-04-27,7,18816.0,4.43,5.88,11697.0,11676.0,23.32,32.36,23373.0
2026-04-27,8,19072.0,3.9,5.39,11313.0,11662.0,22.39,32.4,22975.0
2026-04-27,9,19335.0,3.49,5.02,10012.0,11620.0,19.34,32.42,21632.0
2026-04-27,10,18849.0,3.3,4.75,7924.0,11424.0,14.35,30.92,19348.0
2026-04-27,11,18841.0,3.31,4.79,7112.0,10902.0,12.58,28.15,18014.0
2026-04-27,12,18768.0,3.42,4.85,7149.0,10119.0,12.61,24.82,17268.0
2026-04-27,13,18614.0,3.61,5.03,6916.0,9593.0,12.23,22.73,16509.0
2026-04-27,14,18443.0,3.84,5.15,6594.0,9579.0,11.75,22.73,16173.0
2026-04-27,15,18270.0,4.07,5.38,6628.0,9641.0,11.78,22.78,16268.0
2026-04-27,16,18236.0,4.19,5.45,7945.0,10391.0,14.42,26.43,18336.0
2026-04-27,17,18905.0,4.03,5.56,9553.0,11307.0,18.48,31.04,20860.0
2026-04-27,18,19225.0,3.76,5.31,9774.0,11694.0,18.84,32.51,21468.0
2026-04-27,19,19402.0,3.5,5.12,9807.0,11671.0,19.0,32.51,21478.0
2026-04-27,20,19274.0,3.24,4.89,9602.0,11731.0,18.52,32.51,21332.0
2026-04-27,21,19225.0,3.07,4.62,8298.0,11293.0,15.82,30.46,19591.0
2026-04-27,22,19017.0,3.16,4.66,6700.0,9762.0,12.44,23.63,16461.0
2026-04-27,23,19376.0,3.64,5.26,5451.0,7709.0,10.31,16.43,13160.0
2026-04-28,0,13616.0,4.17,3.92,6184.0,4445.0,11.39,7.67,10629.0
2026-04-28,1,13262.0,4.47,4.13,5622.0,4330.0,10.61,7.65,9952.0
2026-04-28,2,13282.0,4.84,4.5,5165.0,4395.0,10.06,7.97,9560.0
2026-04-28,3,13664.0,5.25,4.98,4460.0,5451.0,9.34,10.53,9911.0
2026-04-28,4,12338.0,5.44,5.22,4224.0,8402.0,10.07,19.99,12626.0
2026-04-28,5,13607.0,5.26,5.08,5509.0,10679.0,12.51,29.1,16187.0
2026-04-28,6,17698.0,4.84,5.91,10425.0,11665.0,20.91,32.35,22090.0
2026-04-28,7,18505.0,4.25,5.58,11814.0,11823.0,23.66,32.55,23637.0
2026-04-28,8,18916.0,3.7,5.11,11089.0,11716.0,22.11,32.6,22805.0
2026-04-28,9,19189.0,3.29,4.82,10041.0,11675.0,19.57,32.47,21716.0
2026-04-28,10,18955.0,3.09,4.61,7852.0,11366.0,14.44,30.66,19217.0
2026-04-28,11,18845.0,3.14,4.57,6577.0,10835.0,11.7,27.83,17412.0
2026-04-28,12,18893.0,3.33,4.78,6609.0,10104.0,11.66,24.72,16712.0
2026-04-28,13,18596.0,3.58,5.02,6540.0,9641.0,11.62,23.03,16181.0
2026-04-28,14,18410.0,3.85,5.18,6161.0,9609.0,10.96,23.03,15770.0
2026-04-28,15,18212.0,4.14,5.4,6082.0,9595.0,10.8,22.93,15677.0
2026-04-28,16,18187.0,4.28,5.55,8158.0,10410.0,15.01,26.82,18568.0
2026-04-28,17,18576.0,4.06,5.42,9861.0,11219.0,19.29,31.34,21080.0
2026-04-28,18,19505.0,3.76,5.41,9845.0,11491.0,19.37,32.4,21336.0
2026-04-28,19,19651.0,3.56,5.31,9868.0,11545.0,19.25,32.41,21413.0
2026-04-28,20,19619.0,3.32,5.02,9583.0,11579.0,18.38,32.36,21162.0
2026-04-28,21,19702.0,3.2,4.94,8570.0,11159.0,16.27,30.42,19729.0
2026-04-28,22,19810.0,3.36,5.19,6894.0,9419.0,12.47,22.52,16313.0
2026-04-28,23,19713.0,3.93,5.7,5509.0,7548.0,10.16,16.12,13057.0
2026-04-29,0,12155.0,4.38,3.93,6416.0,4614.0,11.32,8.45,11030.0
2026-04-29,1,12449.0,4.48,4.01,6044.0,4040.0,11.02,7.54,10084.0
2026-04-29,2,14246.0,4.88,4.7,5405.0,4275.0,10.11,8.17,9680.0
2026-04-29,3,13810.0,5.37,6.02,4456.0,5407.0,9.2,10.91,9863.0
2026-04-29,4,11641.0,5.54,6.52,4081.0,8223.0,9.73,19.76,12304.0
2026-04-29,5,13734.0,5.34,5.17,5766.0,10635.0,13.01,29.51,16401.0
2026-04-29,6,18460.0,4.93,6.2,10489.0,11647.0,21.14,32.59,22137.0
2026-04-29,7,18749.0,4.42,5.78,12001.0,11789.0,24.3,32.61,23789.0
2026-04-29,8,18763.0,3.83,5.2,11331.0,11629.0,22.75,32.61,22960.0
2026-04-29,9,19014.0,3.39,4.89,10144.0,11609.0,20.07,32.52,21753.0
2026-04-29,10,19041.0,3.16,4.71,8267.0,11317.0,15.41,30.65,19585.0
2026-04-29,11,18884.0,3.18,4.72,6888.0,10828.0,12.44,28.09,17716.0
2026-04-29,12,18718.0,3.37,4.79,6347.0,10117.0,11.26,24.91,16464.0
2026-04-29,13,18535.0,3.63,4.96,6346.0,9668.0,11.26,23.03,16013.0
2026-04-29,14,18352.0,3.89,5.14,6284.0,9621.0,11.23,23.03,15905.0
2026-04-29,15,18629.0,4.17,5.64,6061.0,9632.0,10.81,23.07,15693.0
2026-04-29,16,18762.0,4.42,5.88,7419.0,10371.0,13.59,26.44,17790.0
2026-04-29,17,19395.0,4.32,5.93,9909.0,11215.0,19.59,31.18,21124.0
2026-04-29,18,19662.0,4.05,5.77,10506.0,11424.0,21.3,32.29,21930.0
2026-04-29,19,20040.0,3.81,5.65,10077.0,11447.0,20.15,32.31,21525.0
2026-04-29,20,18642.0,3.54,4.81,10025.0,11523.0,19.7,32.27,21548.0
2026-04-29,21,18486.0,3.23,4.52,9098.0,10975.0,17.61,29.81,20073.0
2026-04-29,22,19340.0,3.25,7.41,7147.0,9457.0,13.04,22.66,16604.0
2026-04-29,23,18890.0,3.75,9.46,5672.0,7516.0,10.31,16.02,13187.0
2026-04-30,0,14273.0,4.3,6.8,6054.0,4781.0,10.7,8.82,10835.0
2026-04-30,1,13492.0,4.66,6.99,5963.0,4201.0,10.69,7.75,10164.0
2026-04-30,2,12870.0,5.02,8.49,5458.0,4214.0,10.06,7.95,9672.0
2026-04-30,3,11413.0,5.32,8.8,4999.0,5210.0,10.02,10.53,10210.0
2026-04-30,4,12967.0,5.39,6.47,4614.0,7934.0,10.61,19.08,12548.0
2026-04-30,5,16234.0,5.41,5.92,5753.0,10489.0,13.04,28.78,16241.0
2026-04-30,6,16156.0,5.04,5.6,10564.0,11502.0,21.52,32.1,22067.0
2026-04-30,7,18039.0,4.32,5.49,12409.0,11660.0,25.48,32.41,24069.0
2026-04-30,8,18594.0,3.66,4.99,11772.0,11522.0,24.38,32.32,23294.0
2026-04-30,9,19603.0,3.2,4.94,10469.0,11516.0,21.23,32.31,21985.0
2026-04-30,10,19797.0,3.07,4.88,7839.0,11355.0,14.71,30.73,19194.0
2026-04-30,11,19708.0,3.25,5.0,6198.0,10824.0,11.24,27.83,17021.0
2026-04-30,12,19657.0,3.59,5.34,5962.0,10087.0,10.85,24.87,16049.0
2026-04-30,13,19355.0,3.98,5.62,6146.0,9680.0,10.99,23.08,15825.0
2026-04-30,14,18999.0,4.34,5.91,6109.0,9649.0,10.99,23.14,15758.0
2026-04-30,15,18733.0,4.69,6.11,6062.0,9653.0,10.98,23.12,15715.0
2026-04-30,16,18676.0,4.91,6.35,7750.0,10368.0,14.59,26.99,18119.0
2026-04-30,17,19169.0,4.77,6.28,9737.0,11098.0,19.42,30.97,20835.0
2026-04-30,18,19423.0,4.56,6.23,9935.0,11284.0,20.16,32.01,21218.0
2026-04-30,19,18987.0,4.3,5.77,9623.0,11303.0,19.44,32.01,20927.0
2026-04-30,20,19169.0,4.07,5.57,9506.0,11307.0,19.08,32.01,20813.0
2026-04-30,21,19149.0,3.93,5.47,8317.0,10833.0,16.59,29.44,19150.0
2026-04-30,22,18447.0,4.03,5.38,6987.0,9225.0,13.34,22.15,16212.0
2026-04-30,23,17140.0,4.36,5.31,5371.0,7689.0,10.25,16.29,13059.0
2026-05-01,0,11623.0,4.65,4.18,5814.0,4791.0,10.61,8.37,10605.0
2026-05-01,1,12359.0,4.8,4.33,5712.0,4404.0,10.81,7.93,10116.0
2026-05-01,2,12172.0,5.06,4.94,5156.0,4402.0,10.13,8.12,9558.0
2026-05-01,3,11683.0,5.3,5.24,4750.0,5238.0,10.14,10.65,9988.0
2026-05-01,4,11038.0,5.31,5.04,4315.0,8152.0,10.61,19.86,12467.0
2026-05-01,5,14554.0,5.08,5.19,5160.0,10511.0,12.53,29.14,15672.0
2026-05-01,6,17632.0,4.93,5.99,8493.0,11349.0,17.54,32.16,19842.0
2026-05-01,7,18438.0,4.53,5.77,10800.0,11468.0,21.85,32.2,22267.0
2026-05-01,8,18814.0,4.02,5.41,11374.0,11662.0,22.99,32.49,23035.0
2026-05-01,9,18713.0,3.51,4.8,10827.0,11696.0,21.34,32.46,22524.0
2026-05-01,10,18790.0,3.15,4.56,9326.0,11267.0,17.61,30.41,20593.0
2026-05-01,11,18752.0,3.03,4.45,7995.0,10812.0,14.72,28.12,18807.0
2026-05-01,12,19258.0,3.08,4.72,7143.0,10430.0,13.02,26.49,17573.0
2026-05-01,13,19674.0,3.35,5.09,6385.0,10211.0,11.59,25.52,16596.0
2026-05-01,14,19881.0,3.71,5.47,6004.0,10178.0,11.14,25.53,16182.0
2026-05-01,15,19631.0,4.13,5.87,5903.0,10107.0,11.14,25.54,16010.0
2026-05-01,16,19106.0,4.4,5.87,7363.0,10697.0,13.95,28.54,18061.0
2026-05-01,17,19290.0,4.34,5.98,9319.0,11221.0,18.5,31.58,20541.0
2026-05-01,18,19500.0,4.14,5.81,9552.0,11395.0,19.21,32.29,20947.0
2026-05-01,19,20628.0,4.03,6.02,9173.0,11404.0,18.34,32.31,20577.0
2026-05-01,20,20510.0,4.05,6.02,8506.0,11432.0,16.79,32.31,19938.0
2026-05-01,21,19158.0,4.1,5.59,7242.0,11064.0,14.22,30.16,18306.0
2026-05-01,22,18110.0,4.26,5.48,6087.0,9318.0,11.6,22.38,15405.0
2026-05-01,23,17755.0,4.7,5.75,4960.0,7536.0,9.68,15.92,12495.0
2026-05-02,0,11607.0,5.08,4.45,5895.0,4507.0,10.96,8.06,10402.0
2026-05-02,1,11112.0,5.17,4.56,5408.0,4431.0,10.3,8.1,9839.0
2026-05-02,2,10098.0,5.28,5.58,4839.0,4450.0,9.65,8.29,9289.0
2026-05-02,3,9885.0,5.34,5.97,3987.0,5496.0,8.83,10.9,9483.0
2026-05-02,4,11891.0,5.35,5.12,3599.0,8244.0,9.38,19.96,11843.0
2026-05-02,5,12728.0,5.24,4.84,4300.0,10386.0,11.31,28.79,14686.0
2026-05-02,6,15756.0,4.92,5.33,7701.0,11248.0,16.17,32.0,18949.0
2026-05-02,7,18006.0,4.52,5.7,9758.0,11535.0,19.46,32.23,21294.0
2026-05-02,8,18182.0,4.06,5.23,10556.0,11692.0,21.4,32.51,22248.0
2026-05-02,9,18650.0,3.62,4.96,10137.0,11636.0,20.43,32.51,21773.0
2026-05-02,10,18813.0,3.32,4.74,8852.0,11400.0,16.92,30.67,20252.0
2026-05-02,11,18777.0,3.23,4.72,7763.0,10950.0,14.42,28.32,18713.0
2026-05-02,12,18845.0,3.27,4.78,7104.0,10509.0,13.03,26.46,17613.0
2026-05-02,13,19117.0,3.47,5.06,6543.0,10313.0,11.91,25.53,16856.0
2026-05-02,14,19004.0,3.72,5.27,6329.0,10274.0,11.64,25.52,16603.0
2026-05-02,15,18771.0,3.98,5.4,6236.0,10205.0,11.53,25.52,16441.0
2026-05-02,16,18753.0,4.16,5.66,7518.0,10630.0,14.53,27.99,18148.0
2026-05-02,17,19130.0,4.1,5.64,8797.0,11357.0,18.11,31.86,20154.0
2026-05-02,18,19224.0,3.94,5.52,8981.0,11518.0,18.48,32.39,20499.0
2026-05-02,19,19165.0,3.77,5.3,8821.0,11499.0,17.85,32.41,20320.0
2026-05-02,20,19220.0,3.65,5.25,8433.0,11580.0,16.86,32.4,20013.0
2026-05-02,21,18220.0,3.55,4.76,7373.0,11210.0,14.51,30.65,18583.0
2026-05-02,22,17786.0,3.62,4.71,5962.0,9671.0,11.53,23.54,15633.0
2026-05-02,23,16917.0,4.0,4.81,4917.0,7685.0,9.6,16.4,12603.0
2026-05-03,0,13314.0,4.34,4.06,6139.0,4453.0,11.31,7.74,10592.0
2026-05-03,1,13092.0,4.66,4.25,5579.0,4347.0,10.54,7.8,9926.0
2026-05-03,2,13047.0,5.02,4.59,5036.0,4370.0,9.91,8.11,9406.0
2026-05-03,3,12660.0,5.41,6.03,4420.0,5281.0,9.4,10.38,9702.0
2026-05-03,4,11229.0,5.51,6.33,3948.0,7904.0,9.87,18.78,11852.0
2026-05-03,5,11614.0,5.26,4.66,4639.0,10327.0,11.88,28.54,14966.0
2026-05-03,6,16508.0,4.88,5.58,8283.0,11275.0,17.33,32.04,19558.0
2026-05-03,7,18206.0,4.48,5.69,10388.0,11512.0,21.14,32.12,21900.0
2026-05-03,8,18713.0,3.98,5.32,11266.0,11685.0,23.01,32.49,22951.0
2026-05-03,9,19115.0,3.49,5.0,11258.0,11651.0,22.75,32.51,22909.0
2026-05-03,10,19247.0,3.09,4.7,9762.0,11511.0,18.8,31.24,21274.0
2026-05-03,11,19331.0,2.96,4.55,8557.0,10949.0,15.85,28.51,19506.0
2026-05-03,12,19200.0,2.97,4.56,7647.0,10507.0,13.79,26.55,18154.0
2026-05-03,13,19067.0,3.12,4.69,6974.0,10331.0,12.56,25.72,17305.0
2026-05-03,14,18853.0,3.34,4.85,6328.0,10194.0,11.69,25.63,16522.0
2026-05-03,15,18699.0,3.58,4.98,6301.0,10185.0,11.65,25.63,16486.0
2026-05-03,16,18689.0,3.71,5.07,8059.0,10690.0,15.5,28.37,18749.0
2026-05-03,17,18992.0,3.54,4.98,9695.0,11327.0,19.65,31.69,21021.0
2026-05-03,18,19343.0,3.26,4.94,9938.0,11441.0,20.47,32.29,21379.0
2026-05-03,19,19816.0,3.05,4.83,9399.0,11470.0,19.14,32.31,20868.0
2026-05-03,20,20162.0,2.95,4.88,8953.0,11443.0,17.88,32.31,20396.0
2026-05-03,21,20293.0,2.99,4.92,7511.0,11090.0,14.89,30.54,18601.0
2026-05-03,22,19842.0,3.31,5.12,5750.0,9554.0,11.25,23.48,15304.0
2026-05-03,23,19162.0,3.93,5.52,4914.0,7643.0,9.73,16.48,12557.0
2026-05-04,0,12728.0,4.48,4.2,5960.0,4437.0,11.02,7.82,10397.0
2026-05-04,1,11246.0,4.6,3.91,5508.0,4161.0,10.45,7.55,9669.0
2026-05-04,2,12577.0,4.86,4.3,5048.0,4301.0,10.06,8.07,9349.0
2026-05-04,3,13353.0,5.23,4.88,4559.0,5202.0,9.74,10.36,9761.0
2026-05-04,4,12144.0,5.42,5.99,4187.0,7858.0,10.22,18.55,12045.0
2026-05-04,5,15031.0,5.39,5.5,5106.0,10414.0,12.27,28.52,15520.0
2026-05-04,6,16828.0,5.13,5.84,9472.0,11503.0,19.05,32.11,20975.0
2026-05-04,7,17823.0,4.51,5.55,11691.0,11762.0,23.61,32.51,23453.0
2026-05-04,8,19607.0,3.93,5.6,11809.0,11691.0,23.91,32.51,23500.0
2026-05-04,9,19816.0,3.48,5.27,11182.0,11693.0,22.54,32.49,22875.0
2026-05-04,10,19922.0,3.21,5.0,9491.0,11367.0,18.22,31.06,20857.0
2026-05-04,11,19844.0,3.19,5.0,8081.0,10949.0,14.97,28.6,19031.0
2026-05-04,12,19462.0,3.3,4.96,7506.0,10522.0,13.67,26.88,18028.0
2026-05-04,13,19159.0,3.48,5.06,6797.0,10212.0,12.33,25.44,17009.0
2026-05-04,14,18922.0,3.7,5.2,6679.0,10179.0,12.29,25.52,16857.0
2026-05-04,15,18573.0,3.89,5.28,6564.0,10202.0,12.13,25.52,16766.0
2026-05-04,16,18527.0,3.97,5.3,8334.0,10676.0,15.66,28.12,19010.0
2026-05-04,17,18755.0,3.78,5.17,9353.0,11286.0,18.59,31.66,20638.0
2026-05-04,18,19087.0,3.54,5.05,9572.0,11431.0,19.31,32.27,21003.0
2026-05-04,19,19308.0,3.3,4.83,9700.0,11472.0,19.41,32.31,21172.0
2026-05-04,20,19438.0,3.09,4.69,9178.0,11548.0,18.08,32.31,20725.0
2026-05-04,21,19566.0,3.0,4.67,7860.0,11204.0,15.32,30.63,19064.0
2026-05-04,22,19678.0,3.2,4.95,6273.0,9622.0,11.98,23.62,15895.0
2026-05-04,23,19185.0,3.79,5.35,4864.0,7718.0,9.48,16.43,12581.0
2026-05-05,0,12691.0,4.3,4.01,5806.0,4845.0,10.63,8.64,10651.0
2026-05-05,1,11762.0,4.47,3.94,5673.0,4369.0,10.7,7.85,10042.0
2026-05-05,2,11737.0,4.66,4.09,5183.0,4359.0,10.05,7.93,9541.0
2026-05-05,3,13028.0,4.9,4.52,4834.0,5316.0,10.05,10.48,10150.0
2026-05-05,4,13336.0,5.14,4.8,4534.0,7858.0,10.54,18.43,12392.0
2026-05-05,5,14799.0,5.1,5.21,5615.0,10411.0,13.05,28.3,16026.0
2026-05-05,6,17922.0,4.81,5.87,9759.0,11383.0,20.05,32.01,21141.0
2026-05-05,7,19232.0,4.39,5.95,11271.0,11488.0,23.04,32.01,22760.0
2026-05-05,8,19429.0,4.01,5.56,10642.0,11421.0,21.83,32.14,22063.0
2026-05-05,9,19138.0,3.72,5.22,9340.0,11418.0,18.9,32.2,20758.0
2026-05-05,10,19036.0,3.63,5.15,7155.0,11326.0,13.65,30.97,18481.0
2026-05-05,11,18825.0,3.77,5.17,5810.0,10943.0,10.76,28.37,16753.0
2026-05-05,12,19163.0,4.02,5.63,6124.0,10123.0,11.17,25.16,16247.0
2026-05-05,13,19734.0,4.41,6.15,6210.0,9497.0,11.34,22.74,15707.0
2026-05-05,14,18365.0,4.84,6.13,5832.0,9509.0,10.72,22.73,15341.0
2026-05-05,15,16903.0,5.04,5.85,5818.0,9510.0,10.71,22.72,15327.0
2026-05-05,16,16994.0,5.12,5.93,7391.0,10039.0,13.94,25.81,17430.0
2026-05-05,17,17299.0,4.9,5.83,8797.0,10988.0,17.44,30.58,19784.0
2026-05-05,18,16875.0,4.5,5.29,9459.0,11339.0,18.94,32.27,20798.0
2026-05-05,19,17247.0,4.03,4.96,9616.0,11396.0,19.16,32.31,21011.0
2026-05-05,20,17612.0,3.58,4.62,9761.0,11422.0,19.48,32.31,21183.0
2026-05-05,21,17696.0,3.24,4.28,8429.0,11115.0,16.63,30.58,19544.0
2026-05-05,22,17595.0,3.17,4.27,6753.0,9662.0,12.66,23.63,16415.0
2026-05-05,23,17381.0,3.47,4.47,5219.0,7709.0,10.02,16.46,12928.0
2026-05-06,0,11125.0,3.77,3.19,6106.0,4463.0,11.34,7.7,10569.0
2026-05-06,1,11908.0,3.82,3.35,5596.0,4238.0,10.66,7.56,9834.0
2026-05-06,2,14148.0,4.22,4.01,5120.0,4372.0,9.93,7.99,9492.0
2026-05-06,3,14598.0,4.73,4.64,4524.0,5306.0,9.51,10.36,9830.0
2026-05-06,4,13938.0,5.1,4.85,4372.0,7887.0,10.09,18.26,12259.0
2026-05-06,5,14384.0,5.06,4.93,5858.0,10393.0,13.33,28.18,16251.0
2026-05-06,6,17942.0,4.68,5.68,10382.0,11398.0,21.24,32.13,21781.0
2026-05-06,7,18542.0,4.17,5.36,11548.0,11528.0,23.44,32.23,23076.0
2026-05-06,8,17184.0,3.57,4.44,11199.0,11457.0,22.68,32.36,22656.0
2026-05-06,9,18432.0,3.02,4.27,9906.0,11447.0,19.84,32.41,21354.0
2026-05-06,10,19363.0,2.85,4.52,7479.0,11335.0,14.08,30.79,18814.0
2026-05-06,11,19665.0,3.04,4.81,5945.0,10993.0,10.83,28.36,16938.0
2026-05-06,12,19506.0,3.37,5.13,6148.0,10255.0,11.08,25.36,16403.0
2026-05-06,13,19286.0,3.72,5.39,6369.0,9645.0,11.43,23.04,16014.0
2026-05-06,14,19034.0,4.07,5.65,6237.0,9621.0,11.35,23.03,15858.0
2026-05-06,15,18800.0,4.43,5.92,6132.0,9603.0,11.08,22.82,15735.0
2026-05-06,16,18745.0,4.65,6.13,7738.0,10250.0,14.37,26.17,17989.0
2026-05-06,17,19204.0,4.59,6.19,9273.0,11199.0,18.24,30.88,20472.0
2026-05-06,18,18919.0,4.36,5.78,9765.0,11571.0,19.45,32.31,21336.0
2026-05-06,19,18985.0,4.04,5.48,10072.0,11595.0,19.9,32.39,21667.0
2026-05-06,20,19196.0,3.73,5.26,9954.0,11528.0,19.71,32.41,21482.0
2026-05-06,21,19101.0,3.53,5.05,8439.0,11137.0,16.53,30.52,19576.0
2026-05-06,22,18705.0,3.6,5.01,6553.0,9650.0,12.35,23.63,16203.0
2026-05-06,23,18233.0,4.04,5.28,5351.0,7620.0,10.2,16.36,12971.0
2026-05-07,0,13216.0,4.46,4.13,5996.0,4677.0,11.15,8.25,10673.0
2026-05-07,1,12830.0,4.74,4.24,5713.0,4220.0,10.81,7.53,9933.0
2026-05-07,2,12616.0,5.04,4.52,5329.0,4309.0,10.44,7.98,9638.0
2026-05-07,3,12128.0,5.32,4.81,4580.0,5315.0,9.51,10.46,9895.0
2026-05-07,4,11743.0,5.4,4.73,4314.0,8057.0,10.04,18.88,12371.0
2026-05-07,5,11629.0,5.11,4.45,6031.0,10485.0,13.71,28.72,16516.0
2026-05-07,6,15231.0,4.32,4.66,10796.0,11473.0,22.19,32.48,22269.0
2026-05-07,7,17324.0,3.52,4.46,12068.0,11606.0,24.86,32.6,23674.0
2026-05-07,8,18786.0,2.85,4.21,11585.0,11545.0,24.07,32.53,23130.0
2026-05-07,9,19863.0,2.5,4.23,9907.0,11527.0,19.82,32.41,21434.0
2026-05-07,10,19844.0,2.42,4.15,7671.0,11320.0,14.34,30.68,18991.0
2026-05-07,11,21262.0,2.68,4.84,6145.0,10895.0,11.16,28.08,17039.0
2026-05-07,12,21473.0,3.22,5.57,5856.0,10132.0,10.78,25.21,15988.0
2026-05-07,13,20260.0,3.83,5.83,5864.0,9511.0,10.72,22.72,15375.0
2026-05-07,14,19582.0,4.32,6.03,5758.0,9517.0,10.66,22.77,15275.0
2026-05-07,15,19269.0,4.78,6.4,5746.0,9540.0,10.55,22.78,15286.0
2026-05-07,16,18743.0,5.1,6.44,7301.0,10133.0,13.57,25.86,17434.0
2026-05-07,17,18581.0,5.02,6.36,9125.0,11053.0,18.05,30.81,20178.0
2026-05-07,18,18748.0,4.78,6.17,9452.0,11430.0,18.69,32.19,20882.0
2026-05-07,19,18699.0,4.49,5.86,9618.0,11489.0,18.95,32.21,21107.0
2026-05-07,20,18608.0,4.17,5.42,9773.0,11492.0,19.4,32.21,21264.0
2026-05-07,21,18809.0,3.95,5.39,8175.0,11099.0,16.06,30.45,19274.0
2026-05-07,22,18469.0,4.04,5.32,6165.0,9657.0,11.77,23.65,15822.0
2026-05-07,23,17637.0,4.45,5.54,5078.0,7760.0,9.89,16.66,12837.0
2026-05-08,0,12848.0,4.85,4.4,5944.0,4528.0,11.06,7.86,10472.0
2026-05-08,1,12583.0,5.12,4.69,5475.0,4438.0,10.52,8.09,9913.0
2026-05-08,2,11349.0,5.38,5.57,4979.0,4472.0,9.73,8.19,9452.0
2026-05-08,3,10084.0,5.46,6.84,4686.0,5260.0,9.85,10.4,9946.0
2026-05-08,4,11913.0,5.42,5.97,4556.0,7764.0,10.57,18.12,12320.0
2026-05-08,5,15748.0,5.39,5.77,5900.0,10321.0,13.47,28.44,16221.0
2026-05-08,6,18122.0,5.11,6.26,10377.0,11496.0,21.23,32.15,21873.0
2026-05-08,7,18844.0,4.58,6.01,11725.0,11629.0,23.94,32.28,23354.0
2026-05-08,8,19291.0,4.1,5.67,11304.0,11506.0,23.1,32.31,22811.0
2026-05-08,9,19505.0,3.73,5.39,9932.0,11488.0,19.95,32.32,21419.0
2026-05-08,10,19732.0,3.62,5.37,7730.0,11139.0,14.53,30.07,18869.0
2026-05-08,11,19500.0,3.83,5.52,6001.0,10926.0,10.88,28.25,16926.0
2026-05-08,12,19825.0,4.17,6.02,6023.0,10150.0,10.93,25.13,16173.0
2026-05-08,13,19045.0,4.57,6.07,5993.0,9611.0,10.83,23.06,15604.0
2026-05-08,14,18280.0,4.89,6.18,6170.0,9538.0,11.26,22.99,15708.0
2026-05-08,15,17936.0,5.17,6.3,5811.0,9541.0,10.62,22.88,15352.0
2026-05-08,16,17905.0,5.35,6.5,7650.0,10036.0,14.22,25.58,17685.0
2026-05-08,17,18185.0,5.2,6.44,9114.0,11035.0,18.09,30.58,20149.0
2026-05-08,18,18033.0,4.92,6.07,9155.0,11288.0,18.41,32.01,20443.0
2026-05-08,19,18440.0,4.65,5.92,9092.0,11247.0,18.4,32.01,20339.0
2026-05-08,20,18672.0,4.42,5.78,8935.0,11249.0,17.92,32.02,20184.0
2026-05-08,21,18660.0,4.3,5.67,7685.0,10936.0,15.23,30.33,18621.0
2026-05-08,22,18327.0,4.43,5.82,5974.0,9594.0,11.34,23.57,15568.0
2026-05-08,23,17134.0,4.85,7.01,5079.0,7611.0,9.84,16.42,12690.0
2026-05-09,0,11579.0,5.16,5.18,5447.0,5102.0,10.4,9.62,10549.0
2026-05-09,1,10587.0,5.23,5.12,5635.0,4150.0,10.68,7.54,9785.0
2026-05-09,2,10763.0,5.34,5.29,5171.0,4259.0,10.13,7.96,9430.0
2026-05-09,3,10602.0,5.44,5.47,4755.0,5230.0,10.02,10.58,9984.0
2026-05-09,4,10613.0,5.36,4.93,4526.0,7831.0,10.59,18.65,12357.0
2026-05-09,5,13525.0,5.13,5.02,5258.0,10253.0,12.47,28.28,15511.0
2026-05-09,6,17254.0,4.8,5.72,9185.0,11344.0,18.59,32.01,20529.0
2026-05-09,7,18956.0,4.37,5.81,11111.0,11621.0,22.2,32.32,22732.0
2026-05-09,8,19175.0,3.91,5.44,11359.0,11594.0,23.15,32.31,22953.0
2026-05-09,9,19203.0,3.48,5.03,10539.0,11625.0,20.89,32.3,22164.0
2026-05-09,10,19365.0,3.19,4.79,9395.0,11436.0,17.93,31.07,20832.0
2026-05-09,11,19312.0,3.09,4.75,8302.0,10933.0,15.38,28.57,19236.0
2026-05-09,12,19216.0,3.13,4.75,7561.0,10454.0,13.79,26.6,18015.0
2026-05-09,13,19053.0,3.31,4.89,6686.0,10191.0,12.12,25.41,16877.0
2026-05-09,14,19000.0,3.56,5.08,6331.0,10194.0,11.52,25.43,16525.0
2026-05-09,15,18845.0,3.82,5.3,6429.0,10165.0,11.74,25.43,16594.0
2026-05-09,16,19471.0,4.0,5.59,8085.0,10666.0,15.42,28.06,18751.0
2026-05-09,17,19174.0,3.91,5.44,9377.0,11352.0,19.01,31.6,20729.0
2026-05-09,18,18285.0,3.64,4.92,9370.0,11511.0,18.99,32.3,20882.0
2026-05-09,19,18521.0,3.34,4.66,9217.0,11522.0,18.4,32.32,20739.0
2026-05-09,20,18389.0,3.07,4.37,8911.0,11497.0,17.7,32.31,20409.0
2026-05-09,21,18374.0,2.92,4.22,7381.0,11108.0,14.56,30.54,18489.0
2026-05-09,22,18247.0,3.03,4.29,5884.0,9612.0,11.4,23.67,15495.0
2026-05-09,23,17845.0,3.46,4.61,5009.0,7745.0,9.59,16.48,12754.0
2026-05-10,0,14181.0,3.88,3.85,6260.0,4438.0,11.39,7.67,10698.0
2026-05-10,1,16095.0,4.44,4.74,5600.0,4312.0,10.54,7.68,9912.0
2026-05-10,2,14709.0,5.11,5.46,4931.0,4421.0,9.65,8.09,9352.0
2026-05-10,3,10715.0,5.42,7.08,4437.0,5257.0,9.4,10.33,9694.0
2026-05-10,4,11495.0,5.46,6.9,4050.0,7784.0,9.96,18.4,11834.0
2026-05-10,5,13246.0,5.38,5.4,4425.0,10201.0,11.44,28.01,14625.0
2026-05-10,6,16755.0,5.14,5.91,7600.0,11184.0,16.04,31.98,18784.0
2026-05-10,7,17625.0,4.82,5.86,9640.0,11414.0,19.28,32.03,21055.0
2026-05-10,8,18038.0,4.36,5.51,10690.0,11537.0,21.59,32.21,22227.0
2026-05-10,9,18429.0,3.85,5.16,10741.0,11608.0,21.32,32.32,22348.0
2026-05-10,10,19107.0,3.45,5.01,9597.0,11467.0,18.23,31.21,21064.0
2026-05-10,11,19268.0,3.32,4.89,8497.0,10985.0,15.64,28.63,19482.0
2026-05-10,12,19381.0,3.35,4.97,7619.0,10555.0,13.81,26.83,18174.0
2026-05-10,13,19243.0,3.54,5.14,6734.0,10230.0,12.14,25.45,16964.0
2026-05-10,14,19069.0,3.8,5.26,6235.0,10165.0,11.46,25.43,16400.0
2026-05-10,15,18870.0,4.07,5.54,6255.0,10146.0,11.5,25.43,16400.0
2026-05-10,16,18209.0,4.21,5.44,7711.0,10580.0,14.87,28.17,18291.0
2026-05-10,17,18367.0,4.04,5.35,9154.0,11252.0,18.62,31.65,20406.0
2026-05-10,18,18615.0,3.78,5.1,9243.0,11434.0,18.83,32.29,20678.0
2026-05-10,19,19014.0,3.52,5.0,9386.0,11459.0,18.94,32.32,20845.0
2026-05-10,20,19206.0,3.31,4.82,9020.0,11494.0,17.9,32.31,20514.0
2026-05-10,21,19191.0,3.21,4.76,7683.0,11120.0,15.06,30.65,18803.0
2026-05-10,22,19366.0,3.43,5.04,5777.0,9598.0,11.28,23.59,15376.0
2026-05-10,23,18727.0,4.02,5.43,4583.0,7618.0,9.29,16.32,12201.0
2026-05-11,0,11712.0,4.48,3.92,5838.0,4349.0,10.96,7.71,10186.0
2026-05-11,1,13475.0,4.71,4.37,5261.0,4312.0,10.2,7.94,9574.0
2026-05-11,2,12631.0,5.17,4.78,4765.0,4375.0,9.63,8.18,9140.0
2026-05-11,3,10009.0,5.34,4.56,4218.0,5213.0,9.14,10.31,9431.0
2026-05-11,4,9883.0,5.26,4.29,4088.0,7834.0,10.01,18.49,11922.0
2026-05-11,5,11600.0,4.85,4.29,5617.0,10376.0,13.14,28.53,15993.0
2026-05-11,6,16968.0,4.31,5.14,9845.0,11477.0,20.03,32.28,21323.0
2026-05-11,7,19449.0,3.85,5.37,11542.0,11570.0,23.54,32.51,23112.0
2026-05-11,8,20627.0,3.46,5.41,11129.0,11511.0,22.78,32.51,22640.0
2026-05-11,9,20954.0,3.29,5.46,9528.0,11502.0,18.96,32.5,21030.0
2026-05-11,10,20610.0,3.38,5.38,7381.0,11313.0,13.93,31.0,18694.0
2026-05-11,11,19800.0,3.65,5.49,5925.0,10782.0,10.81,27.96,16707.0
2026-05-11,12,19603.0,4.01,5.74,5933.0,10000.0,10.75,24.73,15933.0
2026-05-11,13,19414.0,4.43,6.06,5929.0,9576.0,10.73,23.03,15506.0
2026-05-11,14,19305.0,4.88,6.59,5781.0,9540.0,10.72,23.02,15321.0
2026-05-11,15,17592.0,5.26,7.28,5650.0,9479.0,10.45,22.75,15129.0
2026-05-11,16,17228.0,5.37,7.32,7633.0,10084.0,14.39,25.88,17717.0
2026-05-11,17,18237.0,5.18,6.39,9294.0,11012.0,18.45,30.64,20306.0
2026-05-11,18,18521.0,4.89,6.16,9605.0,11365.0,19.37,32.25,20969.0
2026-05-11,19,18737.0,4.59,5.94,9580.0,11386.0,19.19,32.32,20966.0
2026-05-11,20,18508.0,4.27,5.58,9869.0,11438.0,19.66,32.32,21307.0
2026-05-11,21,18635.0,4.02,5.36,8363.0,11098.0,16.69,30.63,19460.0
2026-05-11,22,18409.0,4.08,5.36,6245.0,9666.0,11.94,23.72,15911.0
2026-05-11,23,17975.0,4.52,5.67,4899.0,7681.0,9.75,16.6,12580.0
2026-05-12,0,11735.0,4.93,4.34,5962.0,4415.0,11.16,7.86,10377.0
2026-05-12,1,10390.0,4.98,4.14,5535.0,4131.0,10.64,7.54,9667.0
2026-05-12,2,9539.0,5.02,4.04,4910.0,4288.0,9.76,8.0,9197.0
2026-05-12,3,9401.0,5.0,4.03,4670.0,4971.0,9.73,9.79,9641.0
2026-05-12,4,9655.0,4.85,3.9,4225.0,7750.0,10.08,18.09,11974.0
2026-05-12,5,17763.0,4.78,5.79,5594.0,10387.0,13.16,28.45,15981.0
2026-05-12,6,19068.0,4.79,6.24,9418.0,11283.0,19.63,32.05,20700.0
2026-05-12,7,18362.0,4.43,5.66,10566.0,11385.0,21.5,32.22,21951.0
2026-05-12,8,19051.0,4.12,5.63,9278.0,11116.0,19.13,32.07,20394.0
2026-05-12,9,19143.0,4.02,5.56,7716.0,11184.0,15.84,32.02,18899.0
2026-05-12,10,19505.0,4.13,5.79,6257.0,11156.0,12.57,30.85,17413.0
2026-05-12,11,19506.0,4.45,6.14,5016.0,10828.0,9.78,28.32,15844.0
2026-05-12,12,19012.0,4.87,6.58,5137.0,10066.0,9.74,24.98,15203.0
2026-05-12,13,18421.0,5.28,7.03,5371.0,9609.0,9.94,23.03,14980.0
2026-05-12,14,14935.0,5.49,10.42,5379.0,9538.0,10.15,23.03,14916.0
2026-05-12,15,14187.0,5.47,11.5,5338.0,9518.0,10.15,23.03,14857.0
2026-05-12,16,15279.0,5.43,10.54,6521.0,10009.0,12.49,25.84,16530.0
2026-05-12,17,15967.0,5.19,9.83,7940.0,10877.0,15.91,30.39,18817.0
2026-05-12,18,15196.0,4.76,8.8,8525.0,11256.0,16.97,32.0,19781.0
2026-05-12,19,17907.0,4.33,5.45,9112.0,11347.0,17.88,32.01,20460.0
2026-05-12,20,17500.0,3.96,4.89,9439.0,11360.0,18.8,32.01,20799.0
2026-05-12,21,16976.0,3.63,4.46,7882.0,10996.0,15.62,30.26,18879.0
2026-05-12,22,16479.0,3.53,4.26,5933.0,9580.0,11.55,23.59,15513.0
2026-05-12,23,16023.0,3.79,4.36,4606.0,7770.0,9.31,16.7,12376.0
2026-05-13,0,10357.0,4.01,3.28,5617.0,4396.0,10.43,7.63,10012.0
2026-05-13,1,10931.0,4.05,3.35,5162.0,4245.0,9.9,7.61,9407.0
2026-05-13,2,11661.0,4.28,3.57,4957.0,4257.0,9.83,7.89,9214.0
2026-05-13,3,11526.0,4.49,3.77,4539.0,5250.0,9.78,10.55,9789.0
2026-05-13,4,12758.0,4.6,4.09,4148.0,7829.0,10.1,18.53,11977.0
2026-05-13,5,15945.0,4.64,5.14,5250.0,10398.0,12.38,28.54,15648.0
2026-05-13,6,18005.0,4.45,5.6,9835.0,11442.0,19.99,32.14,21277.0
2026-05-13,7,18809.0,3.99,5.43,11224.0,11553.0,22.55,32.21,22777.0
2026-05-13,8,19024.0,3.6,5.07,10070.0,11536.0,20.08,32.34,21606.0
2026-05-13,9,19131.0,3.33,4.87,9112.0,11633.0,17.81,32.4,20745.0
2026-05-13,10,18970.0,3.19,4.66,7913.0,11315.0,15.06,30.77,19228.0
2026-05-13,11,18860.0,3.23,4.7,6849.0,10852.0,12.95,28.42,17702.0
2026-05-13,12,18682.0,3.37,4.77,6474.0,10405.0,12.04,26.55,16879.0
2026-05-13,13,18447.0,3.62,4.97,5753.0,10190.0,10.7,25.55,15943.0
2026-05-13,14,18245.0,3.9,5.16,5452.0,10157.0,10.26,25.53,15609.0
2026-05-13,15,18026.0,4.18,5.42,5501.0,10159.0,10.46,25.53,15660.0
2026-05-13,16,17981.0,4.34,5.48,7089.0,10536.0,13.38,27.85,17625.0
2026-05-13,17,18255.0,4.23,5.51,8649.0,11205.0,17.06,31.44,19854.0
2026-05-13,18,18522.0,3.98,5.29,9294.0,11391.0,18.36,32.19,20685.0
2026-05-13,19,19117.0,3.73,5.27,9501.0,11495.0,18.63,32.21,20996.0
2026-05-13,20,19160.0,3.49,5.01,9501.0,11517.0,18.57,32.21,21018.0
2026-05-13,21,19326.0,3.35,4.96,7998.0,11229.0,15.38,30.59,19227.0
2026-05-13,22,18624.0,3.5,4.92,6334.0,9702.0,11.98,23.84,16037.0
2026-05-13,23,17247.0,3.88,4.79,4888.0,7619.0,9.65,16.43,12507.0
2026-05-14,0,11312.0,4.22,3.61,5821.0,4367.0,10.89,7.75,10188.0
2026-05-14,1,13790.0,4.47,4.18,5283.0,4270.0,10.22,7.79,9554.0
2026-05-14,2,13788.0,4.95,4.62,4853.0,4335.0,9.74,8.1,9189.0
2026-05-14,3,11608.0,5.37,5.03,4109.0,5268.0,9.01,10.43,9376.0
2026-05-14,4,10403.0,5.37,4.71,3861.0,7786.0,9.49,18.17,11647.0
2026-05-14,5,14091.0,5.16,5.2,5760.0,10319.0,13.3,28.05,16079.0
2026-05-14,6,17490.0,4.81,5.82,10037.0,11386.0,20.42,32.11,21423.0
2026-05-14,7,18947.0,4.35,5.81,10911.0,11465.0,21.96,32.21,22376.0
2026-05-14,8,19096.0,4.01,5.54,9997.0,11367.0,20.13,32.14,21364.0
2026-05-14,9,19029.0,3.77,5.34,8876.0,11355.0,17.78,32.13,20231.0
2026-05-14,10,18059.0,3.67,4.86,6619.0,11230.0,12.84,30.88,17849.0
2026-05-14,11,17575.0,3.75,4.8,5457.0,10796.0,10.41,28.19,16253.0
2026-05-14,12,17424.0,3.9,4.95,5488.0,10129.0,10.22,25.3,15617.0
2026-05-14,13,17453.0,4.12,5.15,5534.0,9504.0,10.31,22.85,15038.0
2026-05-14,14,18739.0,4.48,5.81,5250.0,9395.0,10.06,22.84,14645.0
2026-05-14,15,18683.0,4.95,6.32,5251.0,9440.0,9.98,22.84,14691.0
2026-05-14,16,18502.0,5.25,6.49,7090.0,10071.0,13.42,25.91,17161.0
2026-05-14,17,17259.0,5.17,6.07,8466.0,11010.0,16.88,30.59,19476.0
2026-05-14,18,17443.0,4.83,5.82,9104.0,11414.0,18.16,32.27,20518.0
2026-05-14,19,18003.0,4.45,5.57,9666.0,11479.0,19.2,32.32,21145.0
2026-05-14,20,18539.0,4.1,5.4,9613.0,11512.0,19.15,32.31,21126.0
2026-05-14,21,18635.0,3.88,5.18,8198.0,11157.0,16.07,30.51,19354.0
2026-05-14,22,18421.0,3.95,5.2,6189.0,9634.0,11.87,23.64,15824.0
2026-05-14,23,18067.0,4.41,5.62,4971.0,7660.0,9.7,16.52,12631.0
2026-05-15,0,12722.0,4.85,4.49,5671.0,4591.0,10.58,8.07,10262.0
2026-05-15,1,11695.0,5.07,4.49,5455.0,4236.0,10.54,7.77,9691.0
2026-05-15,2,10754.0,5.25,4.57,4945.0,4277.0,9.84,8.02,9221.0
2026-05-15,3,10479.0,5.37,4.66,4260.0,5219.0,9.14,10.32,9479.0
2026-05-15,4,10409.0,5.33,4.53,4158.0,7887.0,9.93,18.6,12045.0
2026-05-15,5,13479.0,5.02,4.89,5891.0,10443.0,13.58,28.69,16334.0
2026-05-15,6,18296.0,4.65,5.86,10223.0,11418.0,21.13,32.3,21640.0
2026-05-15,7,19181.0,4.25,5.74,11018.0,11513.0,22.53,32.41,22531.0
2026-05-15,8,19498.0,3.89,5.53,10352.0,11439.0,21.21,32.41,21791.0
2026-05-15,9,19921.0,3.68,5.44,8970.0,11387.0,17.9,32.42,20357.0
2026-05-15,10,19218.0,3.69,5.23,6820.0,11275.0,12.94,30.85,18095.0
2026-05-15,11,19165.0,3.91,5.45,5491.0,10788.0,10.23,28.01,16279.0
2026-05-15,12,18968.0,4.25,5.75,5512.0,10173.0,10.25,25.6,15686.0
2026-05-15,13,19022.0,4.63,6.14,5739.0,9535.0,10.51,23.04,15274.0
2026-05-15,14,17971.0,5.03,7.37,5617.0,9505.0,10.54,23.04,15122.0
2026-05-15,15,16480.0,5.26,8.3,5540.0,9469.0,10.53,23.03,15009.0
2026-05-15,16,15372.0,5.33,6.28,7135.0,9371.0,13.38,23.62,16506.0
2026-05-15,17,17806.0,5.08,6.07,8716.0,10900.0,17.5,30.54,19616.0
2026-05-15,18,17584.0,4.8,5.82,8957.0,11278.0,18.16,32.1,20235.0
2026-05-15,19,17682.0,4.45,5.46,9200.0,11293.0,18.53,32.12,20493.0
2026-05-15,20,17682.0,4.09,5.13,9214.0,11357.0,18.56,32.11,20570.0
2026-05-15,21,17553.0,3.81,4.79,7807.0,10982.0,15.73,30.27,18789.0
2026-05-15,22,17137.0,3.78,4.7,6238.0,9509.0,12.24,23.41,15747.0
2026-05-15,23,16711.0,4.09,4.89,4903.0,7690.0,9.91,16.68,12593.0
2026-05-16,0,10956.0,4.36,3.69,5901.0,4439.0,11.15,7.88,10340.0
2026-05-16,1,13106.0,4.52,4.14,5641.0,4135.0,10.95,7.56,9775.0
2026-05-16,2,13553.0,4.94,4.61,5037.0,4197.0,10.19,7.86,9234.0
2026-05-16,3,11681.0,5.38,8.48,4521.0,5052.0,9.81,10.02,9573.0
2026-05-16,4,11228.0,5.41,9.18,4236.0,7663.0,10.38,18.09,11899.0
2026-05-16,5,15131.0,5.38,5.93,4880.0,10326.0,12.14,28.38,15207.0
2026-05-16,6,17070.0,5.15,5.93,9182.0,11389.0,18.97,32.12,20571.0
2026-05-16,7,18741.0,4.68,6.03,11161.0,11571.0,22.78,32.24,22733.0
2026-05-16,8,19219.0,4.21,5.77,11372.0,11570.0,23.46,32.32,22942.0
2026-05-16,9,19510.0,3.8,5.49,10659.0,11512.0,21.67,32.32,22170.0
2026-05-16,10,18968.0,3.52,4.95,9083.0,11370.0,17.67,31.08,20452.0
2026-05-16,11,18740.0,3.44,4.9,7600.0,10847.0,14.07,28.38,18447.0
2026-05-16,12,18059.0,3.47,4.68,6945.0,10450.0,12.82,26.78,17395.0
2026-05-16,13,17731.0,3.54,4.64,6720.0,10189.0,12.26,25.53,16909.0
2026-05-16,14,17612.0,3.62,4.67,6443.0,10141.0,11.94,25.52,16584.0
2026-05-16,15,17554.0,3.72,4.75,6441.0,10125.0,11.92,25.53,16566.0
2026-05-16,16,17597.0,3.76,4.84,7414.0,10584.0,14.27,28.17,17998.0
2026-05-16,17,17927.0,3.56,4.65,8901.0,11282.0,17.95,31.8,20183.0
2026-05-16,18,18228.0,3.25,4.39,9409.0,11377.0,19.44,32.51,20786.0
2026-05-16,19,18454.0,2.96,4.24,9003.0,11400.0,18.43,32.51,20403.0
2026-05-16,20,18992.0,2.74,4.18,8750.0,11448.0,17.54,32.51,20199.0
2026-05-16,21,19462.0,2.69,4.32,7677.0,11042.0,15.17,30.46,18719.0
2026-05-16,22,19280.0,2.87,4.5,6395.0,9622.0,12.5,24.01,16016.0
2026-05-16,23,19185.0,3.41,4.91,5085.0,7593.0,10.06,16.37,12678.0
2026-05-17,0,12058.0,3.87,3.45,6037.0,4394.0,11.2,7.62,10431.0
2026-05-17,1,13110.0,4.05,3.72,5675.0,4199.0,10.97,7.75,9873.0
2026-05-17,2,14187.0,4.52,4.32,5155.0,4245.0,10.23,7.93,9400.0
2026-05-17,3,11195.0,4.85,4.17,4506.0,5123.0,9.73,10.16,9629.0
2026-05-17,4,13405.0,5.03,4.72,3892.0,7724.0,9.78,18.3,11616.0
2026-05-17,5,14599.0,5.13,5.12,4298.0,10214.0,11.57,28.3,14513.0
2026-05-17,6,16657.0,4.95,5.67,7805.0,11198.0,16.49,32.02,19004.0
2026-05-17,7,18860.0,4.67,6.09,9833.0,11352.0,19.86,32.05,21185.0
2026-05-17,8,19122.0,4.31,5.81,11044.0,11563.0,22.34,32.38,22607.0
2026-05-17,9,18477.0,3.83,5.1,10890.0,11647.0,21.71,32.45,22537.0
2026-05-17,10,18493.0,3.38,4.71,10006.0,11443.0,19.22,31.09,21449.0
2026-05-17,11,18225.0,3.1,4.42,8687.0,11006.0,16.07,28.69,19693.0
2026-05-17,12,18236.0,2.99,4.32,7600.0,10551.0,13.73,26.7,18151.0
2026-05-17,13,18938.0,3.08,4.57,6835.0,10279.0,12.36,25.7,17115.0
2026-05-17,14,18805.0,3.31,4.71,6226.0,10158.0,11.58,25.53,16385.0
2026-05-17,15,18257.0,3.56,4.75,5943.0,10146.0,11.06,25.53,16089.0
2026-05-17,16,18662.0,3.71,5.06,7536.0,10582.0,14.47,28.13,18119.0
2026-05-17,17,19111.0,3.62,5.09,9108.0,11272.0,18.4,31.76,20380.0
2026-05-17,18,19190.0,3.43,4.89,9348.0,11295.0,19.28,32.31,20642.0
2026-05-17,19,18650.0,3.22,4.58,9051.0,11365.0,18.38,32.31,20416.0
2026-05-17,20,18549.0,2.99,4.36,8691.0,11420.0,17.45,32.3,20111.0
2026-05-17,21,18558.0,2.88,4.26,7345.0,11031.0,14.56,30.47,18377.0
2026-05-17,22,18321.0,3.03,4.36,5623.0,9540.0,11.22,23.55,15163.0
2026-05-17,23,18579.0,3.57,4.98,4469.0,7571.0,9.28,16.39,12040.0
2026-05-18,0,6594.0,4.0,7.18,3592.0,3402.0,7.2,4.61,6994.0
2026-05-18,1,14074.0,4.29,4.12,5599.0,4293.0,10.82,7.97,9892.0
2026-05-18,2,14371.0,4.8,4.72,4806.0,4269.0,9.79,8.1,9075.0
2026-05-18,3,13005.0,5.33,5.92,4114.0,5162.0,9.14,10.29,9276.0
2026-05-18,4,11348.0,5.47,7.44,4009.0,7920.0,9.93,18.66,11929.0
2026-05-18,5,15170.0,5.36,5.67,6579.0,10423.0,14.61,28.4,17001.0
2026-05-18,6,16991.0,4.84,5.55,11100.0,11592.0,22.82,32.26,22692.0
2026-05-18,7,17392.0,4.12,4.99,11454.0,11549.0,23.43,32.32,23003.0
2026-05-18,8,17914.0,3.46,4.54,10896.0,11474.0,22.39,32.32,22370.0
2026-05-18,9,18287.0,2.97,4.25,9397.0,11489.0,18.78,32.23,20886.0
2026-05-18,10,18265.0,2.74,4.08,7316.0,11271.0,14.02,30.94,18587.0
2026-05-18,11,18042.0,2.78,4.01,5698.0,10858.0,10.71,28.13,16556.0
2026-05-18,12,17989.0,2.95,4.21,5715.0,10126.0,10.66,25.08,15842.0
2026-05-18,13,17856.0,3.19,4.36,5856.0,9569.0,10.84,22.83,15425.0
2026-05-18,14,17681.0,3.44,4.56,5529.0,9504.0,10.46,22.83,15033.0
2026-05-18,15,17497.0,3.7,4.72,5619.0,9459.0,10.55,22.82,15079.0
2026-05-18,16,19531.0,3.93,5.64,7562.0,10066.0,14.23,26.01,17628.0
2026-05-18,17,20155.0,3.95,5.77,9457.0,11126.0,18.9,30.81,20583.0
2026-05-18,18,20240.0,3.81,5.71,9594.0,11419.0,19.43,32.29,21013.0
2026-05-18,19,20317.0,3.67,5.6,9671.0,11370.0,19.48,32.31,21041.0
2026-05-18,20,20489.0,3.52,5.39,9729.0,11372.0,19.57,32.32,21101.0
2026-05-18,21,20334.0,3.5,5.42,7802.0,10992.0,15.59,30.36,18794.0
2026-05-18,22,20028.0,3.79,5.63,5855.0,9457.0,11.53,23.27,15312.0
2026-05-18,23,20077.0,4.48,6.49,4638.0,7555.0,9.64,16.6,12193.0
2026-05-19,0,11743.0,5.11,4.97,5419.0,4441.0,10.5,8.06,9860.0
2026-05-19,1,10121.0,5.12,4.32,5213.0,4140.0,10.25,7.65,9352.0
2026-05-19,2,10102.0,5.2,4.4,4877.0,4239.0,9.9,7.98,9116.0
2026-05-19,3,9844.0,5.23,4.31,4170.0,5263.0,9.12,10.44,9433.0
2026-05-19,4,10104.0,5.14,4.24,4124.0,7819.0,10.02,18.57,11944.0
2026-05-19,5,12995.0,4.73,4.46,6627.0,10365.0,14.76,28.47,16992.0
2026-05-19,6,18437.0,4.18,5.36,11159.0,11441.0,23.2,32.26,22600.0
2026-05-19,7,20455.0,3.76,5.61,11297.0,11493.0,23.16,32.32,22790.0
2026-05-19,8,20628.0,3.48,5.39,10484.0,11400.0,21.4,32.32,21884.0
2026-05-19,9,19763.0,3.31,4.89,9031.0,11371.0,18.1,32.22,20401.0
2026-05-19,10,18923.0,3.26,4.67,6420.0,11490.0,12.63,32.02,17910.0
2026-05-19,11,19346.0,3.47,5.05,5165.0,10983.0,10.11,29.06,16148.0
2026-05-19,12,19276.0,3.86,5.38,5319.0,10003.0,10.09,24.97,15322.0
2026-05-19,13,18770.0,4.28,5.69,5338.0,9476.0,10.11,22.8,14814.0
2026-05-19,14,18434.0,4.69,6.05,5395.0,9410.0,10.32,22.74,14806.0
2026-05-19,15,17897.0,5.04,6.58,5489.0,9386.0,10.44,22.74,14875.0
2026-05-19,16,18023.0,5.24,6.77,7446.0,9929.0,14.42,25.84,17375.0
2026-05-19,17,18458.0,5.13,6.54,8653.0,10910.0,17.35,30.35,19564.0
2026-05-19,18,17609.0,4.85,5.81,9137.0,11261.0,18.56,32.0,20398.0
2026-05-19,19,17465.0,4.45,5.39,9356.0,11336.0,18.87,32.1,20692.0
2026-05-19,20,17804.0,4.03,5.06,9335.0,11388.0,18.73,32.09,20724.0
2026-05-19,21,17949.0,3.75,4.79,7733.0,10948.0,15.72,30.31,18681.0
2026-05-19,22,17703.0,3.79,4.74,5821.0,9451.0,11.62,23.53,15272.0
2026-05-19,23,17104.0,4.19,5.18,4434.0,7569.0,9.3,16.57,12002.0
2026-05-20,0,13266.0,4.64,4.53,5537.0,4485.0,10.66,8.19,10022.0
2026-05-20,1,12555.0,4.95,5.01,5024.0,4340.0,10.0,8.04,9363.0
2026-05-20,2,10180.0,5.19,4.67,4654.0,4350.0,9.51,8.14,9004.0
2026-05-20,3,9197.0,5.18,4.46,4380.0,5279.0,9.62,10.67,9659.0
2026-05-20,4,11544.0,5.07,4.36,4348.0,7753.0,10.42,18.26,12100.0
2026-05-20,5,16620.0,5.02,5.62,6559.0,10483.0,14.64,28.58,17042.0
2026-05-20,6,17941.0,4.69,5.79,10455.0,11335.0,21.69,32.13,21790.0
2026-05-20,7,19066.0,4.23,5.73,10750.0,11337.0,22.03,32.21,22087.0
2026-05-20,8,19295.0,3.87,5.42,9919.0,11145.0,20.51,32.12,21064.0
2026-05-20,9,19488.0,3.73,5.36,7891.0,11171.0,16.11,31.91,19062.0
2026-05-20,10,19492.0,3.83,5.46,6027.0,11192.0,12.01,30.81,17219.0
2026-05-20,11,19192.0,4.12,5.64,5157.0,10849.0,9.96,28.29,16006.0
2026-05-20,12,18941.0,4.46,5.92,5394.0,10052.0,10.24,25.15,15446.0
2026-05-20,13,18769.0,4.87,6.29,5194.0,9489.0,9.97,22.77,14682.0
2026-05-20,14,17999.0,5.3,7.39,5116.0,9416.0,9.88,22.74,14532.0
2026-05-20,15,14690.0,5.49,10.31,5350.0,9419.0,10.22,22.73,14769.0
2026-05-20,16,16606.0,5.48,8.66,7242.0,10022.0,13.81,25.88,17264.0
2026-05-20,17,17752.0,5.3,6.63,8787.0,10939.0,17.59,30.64,19726.0
2026-05-20,18,17465.0,4.93,5.89,9302.0,11301.0,18.68,32.07,20603.0
2026-05-20,19,17457.0,4.5,5.39,9651.0,11380.0,19.21,32.11,21031.0
2026-05-20,20,17377.0,4.02,4.9,9568.0,11400.0,19.21,32.21,20968.0
2026-05-20,21,16951.0,3.65,4.44,7999.0,10973.0,15.98,30.42,18972.0
2026-05-20,22,16535.0,3.54,4.2,5726.0,9530.0,11.39,23.71,15256.0
2026-05-20,23,17024.0,3.86,4.58,4456.0,7619.0,9.29,16.41,12074.0
2026-05-21,0,13530.0,4.33,4.05,5595.0,4397.0,10.7,8.02,9991.0
2026-05-21,1,12401.0,4.65,4.07,4924.0,4234.0,9.82,7.9,9157.0
2026-05-21,2,11518.0,4.95,4.2,4604.0,4328.0,9.44,8.05,8932.0
2026-05-21,3,10946.0,5.14,4.3,4251.0,5128.0,9.26,10.17,9379.0
2026-05-21,4,11143.0,5.17,4.34,4123.0,7714.0,10.14,18.16,11837.0
2026-05-21,5,14758.0,4.98,5.0,6271.0,10421.0,14.22,28.54,16693.0
2026-05-21,6,18981.0,4.63,6.05,10735.0,11417.0,22.3,32.12,22152.0
2026-05-21,7,19205.0,4.18,5.59,10876.0,11366.0,22.3,32.11,22242.0
2026-05-21,8,18562.0,3.82,5.09,9795.0,11291.0,20.17,32.12,21086.0
2026-05-21,9,18247.0,3.5,4.72,8502.0,11285.0,17.12,32.04,19787.0
2026-05-21,10,18117.0,3.38,4.56,6325.0,11142.0,12.48,30.8,17467.0
2026-05-21,11,17814.0,3.51,4.66,5113.0,10678.0,10.01,28.05,15791.0
2026-05-21,12,17763.0,3.74,4.84,5172.0,9978.0,9.94,24.99,15150.0
2026-05-21,13,18396.0,4.06,5.33,5503.0,9508.0,10.41,23.03,15011.0
2026-05-21,14,18167.0,4.4,5.59,5463.0,9411.0,10.55,22.92,14874.0
2026-05-21,15,18023.0,4.74,5.89,5335.0,9371.0,10.39,22.83,14706.0
2026-05-21,16,18355.0,5.04,6.32,6660.0,9916.0,12.9,25.73,16576.0
2026-05-21,17,18115.0,5.0,6.11,8638.0,10830.0,17.31,30.5,19468.0
2026-05-21,18,18178.0,4.72,5.88,9175.0,11204.0,18.59,32.16,20378.0
2026-05-21,19,18659.0,4.41,5.71,9402.0,11352.0,18.67,32.21,20754.0
2026-05-21,20,19740.0,4.17,5.85,9502.0,11410.0,18.97,32.21,20912.0
2026-05-21,21,19692.0,4.03,5.69,8531.0,10926.0,17.26,30.19,19457.0
2026-05-21,22,19365.0,4.18,5.86,6283.0,9470.0,12.33,23.63,15753.0
2026-05-21,23,16174.0,4.67,5.36,4809.0,7611.0,9.78,16.55,12420.0
2026-05-22,0,12482.0,4.9,4.47,5797.0,4253.0,11.19,7.72,10050.0
2026-05-22,1,11782.0,5.13,4.56,5372.0,4042.0,10.61,7.53,9415.0
2026-05-22,2,9822.0,5.26,4.29,5068.0,4170.0,10.25,7.9,9238.0
2026-05-22,3,9675.0,5.25,4.29,4401.0,5079.0,9.59,10.2,9480.0
2026-05-22,4,10019.0,5.14,4.23,4147.0,7797.0,9.97,18.35,11944.0
2026-05-22,5,14745.0,4.83,5.06,6417.0,10367.0,14.25,28.14,16783.0
2026-05-22,6,18281.0,4.44,5.68,10991.0,11532.0,22.82,32.28,22522.0
2026-05-22,7,18764.0,3.86,5.22,11452.0,11428.0,23.96,32.3,22880.0
2026-05-22,8,19051.0,3.42,4.94,10104.0,11305.0,20.94,32.1,21410.0
2026-05-22,9,18387.0,3.13,4.41,8612.0,11353.0,17.43,32.01,19965.0
2026-05-22,10,18196.0,2.99,4.28,6471.0,11233.0,12.63,30.8,17705.0
2026-05-22,11,17962.0,3.11,4.31,5361.0,10800.0,10.3,28.13,16161.0
2026-05-22,12,18005.0,3.3,4.48,5558.0,10032.0,10.43,25.12,15590.0
2026-05-22,13,18398.0,3.59,4.87,5547.0,9458.0,10.43,22.78,15005.0
2026-05-22,14,18637.0,3.97,5.4,5167.0,9380.0,10.09,22.78,14547.0
2026-05-22,15,18961.0,4.44,5.99,5201.0,9405.0,10.05,22.78,14606.0
2026-05-22,16,18957.0,4.79,6.25,7041.0,9971.0,13.58,25.91,17012.0
2026-05-22,17,19191.0,4.81,6.36,8613.0,10807.0,17.4,30.47,19420.0
2026-05-22,18,19225.0,4.69,6.19,8859.0,11186.0,18.06,32.09,20045.0
2026-05-22,19,19041.0,4.49,5.89,9333.0,11238.0,18.96,32.07,20571.0
2026-05-22,20,19176.0,4.25,5.76,9401.0,11277.0,18.99,32.02,20678.0
2026-05-22,21,18947.0,4.11,5.54,8018.0,10984.0,15.8,30.39,19003.0
2026-05-22,22,18022.0,4.18,5.31,6076.0,9506.0,11.66,23.5,15582.0
2026-05-22,23,17353.0,4.58,5.6,4873.0,7526.0,9.58,16.35,12400.0
2026-05-23,0,11876.0,4.9,4.86,5957.0,4480.0,10.67,8.03,10437.0
2026-05-23,1,11787.0,5.06,4.96,5646.0,4059.0,10.38,7.64,9705.0
2026-05-23,2,11630.0,5.28,5.18,5068.0,4210.0,9.64,7.95,9279.0
2026-05-23,3,10754.0,5.46,6.06,4374.0,5223.0,9.18,10.5,9596.0
2026-05-23,4,10845.0,5.47,5.2,4006.0,7790.0,9.86,18.6,11796.0
2026-05-23,5,11620.0,5.15,4.53,4915.0,10261.0,12.09,28.3,15176.0
2026-05-23,6,16569.0,4.68,5.37,9170.0,11281.0,19.08,31.96,20451.0
2026-05-23,7,18586.0,4.17,5.5,11273.0,11509.0,23.42,32.2,22783.0
2026-05-23,8,19187.0,3.65,5.08,11274.0,11526.0,23.29,32.36,22800.0
2026-05-23,9,18852.0,3.16,4.53,10508.0,11548.0,21.34,32.51,22055.0
2026-05-23,10,18788.0,2.79,4.22,9332.0,11331.0,18.14,31.02,20664.0
2026-05-23,11,18803.0,2.61,4.09,8182.0,10835.0,15.31,28.52,19017.0
2026-05-23,12,19847.0,2.65,4.32,7546.0,10356.0,13.89,26.59,17902.0
2026-05-23,13,19648.0,2.87,4.53,6709.0,10164.0,12.13,25.53,16873.0
2026-05-23,14,19855.0,3.16,4.87,6337.0,10148.0,11.54,25.53,16485.0
2026-05-23,15,20108.0,3.54,5.38,6356.0,10144.0,11.62,25.54,16500.0
2026-05-23,16,20205.0,3.83,5.65,7858.0,10545.0,14.88,28.0,18403.0
2026-05-23,17,20296.0,3.84,5.65,9237.0,11213.0,18.65,31.7,20450.0
2026-05-23,18,20657.0,3.72,5.65,9791.0,11388.0,19.94,32.39,21179.0
2026-05-23,19,20823.0,3.6,5.61,9740.0,11447.0,19.78,32.41,21187.0
2026-05-23,20,20830.0,3.53,5.51,9182.0,11463.0,18.22,32.42,20645.0
2026-05-23,21,20749.0,3.56,5.51,8002.0,11085.0,15.61,30.53,19087.0
2026-05-23,22,19965.0,3.83,5.59,6225.0,9586.0,11.83,23.7,15811.0
2026-05-23,23,19767.0,4.43,6.18,5094.0,7681.0,9.81,16.58,12775.0
2026-05-24,0,13568.0,4.99,4.68,6262.0,4326.0,11.16,7.86,10588.0
2026-05-24,1,11754.0,5.24,4.66,5860.0,4001.0,10.74,7.54,9861.0
2026-05-24,2,10411.0,5.32,4.86,5507.0,4012.0,10.4,7.83,9518.0
2026-05-24,3,10242.0,5.38,4.89,4461.0,5103.0,9.3,10.31,9564.0
2026-05-24,4,10985.0,5.36,4.58,3907.0,7788.0,9.62,18.62,11695.0
2026-05-24,5,13943.0,5.21,5.18,4568.0,10219.0,11.75,28.48,14787.0
2026-05-24,6,17447.0,5.03,6.01,8027.0,11204.0,17.16,32.1,19231.0
2026-05-24,7,19062.0,4.73,6.19,10143.0,11470.0,20.9,32.3,21613.0
2026-05-24,8,19429.0,4.32,5.9,11120.0,11616.0,22.91,32.43,22736.0
2026-05-24,9,19733.0,3.87,5.55,10997.0,11694.0,22.5,32.51,22691.0
2026-05-24,10,18656.0,3.49,4.78,9779.0,11447.0,18.97,31.02,21226.0
2026-05-24,11,18535.0,3.22,4.5,8694.0,10969.0,16.04,28.39,19663.0
2026-05-24,12,18565.0,3.12,4.42,7811.0,10517.0,14.11,26.64,18327.0
2026-05-24,13,18272.0,3.19,4.46,6651.0,10222.0,11.91,25.43,16873.0
2026-05-24,14,17494.0,3.31,4.33,5980.0,10205.0,10.93,25.42,16185.0
2026-05-24,15,17455.0,3.44,4.46,6032.0,10176.0,11.05,25.41,16208.0
2026-05-24,16,17609.0,3.47,4.51,7572.0,10499.0,14.32,27.59,18071.0
2026-05-24,17,19356.0,3.26,4.78,9463.0,11193.0,19.03,31.56,20656.0
2026-05-24,18,20404.0,3.09,4.94,9841.0,11386.0,20.16,32.21,21226.0
2026-05-24,19,20756.0,2.94,4.89,9984.0,11431.0,20.15,32.22,21415.0
2026-05-24,20,20993.0,2.81,4.9,9815.0,11453.0,19.41,32.21,21268.0
2026-05-24,21,20872.0,2.83,4.88,7905.0,11070.0,15.41,30.61,18975.0
2026-05-24,22,20690.0,3.15,5.16,5956.0,9566.0,11.56,23.75,15523.0
2026-05-24,23,20356.0,3.9,5.85,4682.0,7512.0,9.33,16.48,12194.0
2026-05-25,0,14614.0,4.63,4.83,5545.0,4785.0,10.23,9.1,10331.0
2026-05-25,1,12912.0,4.97,5.39,5159.0,4262.0,9.84,8.21,9421.0
2026-05-25,2,11937.0,5.33,7.74,4823.0,4305.0,9.59,8.41,9128.0
2026-05-25,3,9920.0,5.56,15.31,4710.0,4850.0,9.99,10.24,9560.0
2026-05-25,4,8350.0,5.44,9.21,4277.0,7645.0,10.33,18.31,11922.0
2026-05-25,5,12188.0,4.95,4.49,6388.0,10294.0,14.17,28.4,16681.0
2026-05-25,6,16283.0,4.25,4.91,10574.0,11405.0,21.71,32.14,21979.0
2026-05-25,7,19342.0,3.73,5.28,10805.0,11411.0,22.16,32.21,22216.0
2026-05-25,8,19565.0,3.38,5.0,10045.0,11320.0,20.8,32.22,21365.0
2026-05-25,9,18575.0,3.13,4.49,8552.0,11320.0,17.47,32.2,19872.0
2026-05-25,10,17811.0,2.99,4.16,6470.0,11210.0,12.75,30.76,17680.0
2026-05-25,11,17561.0,3.08,4.17,5167.0,10776.0,9.94,28.09,15944.0
2026-05-25,12,17465.0,3.25,4.28,5505.0,9976.0,10.36,24.96,15481.0
2026-05-25,13,18233.0,3.52,4.82,5462.0,9404.0,10.42,22.77,14866.0
2026-05-25,14,17942.0,3.88,5.1,5029.0,9394.0,9.83,22.73,14424.0
2026-05-25,15,18390.0,4.26,5.57,5096.0,9384.0,9.82,22.74,14480.0
2026-05-25,16,19172.0,4.64,6.11,6750.0,9946.0,13.01,25.7,16696.0
2026-05-25,17,18653.0,4.66,5.97,8701.0,10941.0,17.48,30.67,19642.0
2026-05-25,18,18044.0,4.38,5.51,9410.0,11332.0,18.98,32.3,20742.0
2026-05-25,19,18265.0,4.02,5.17,9491.0,11371.0,19.06,32.32,20862.0
2026-05-25,20,18566.0,3.69,4.9,9437.0,11427.0,18.68,32.31,20864.0
2026-05-25,21,18571.0,3.46,4.72,8143.0,11024.0,16.03,30.51,19168.0
2026-05-25,22,18482.0,3.52,4.85,5986.0,9480.0,11.59,23.56,15466.0
2026-05-25,23,19729.0,4.07,5.74,4498.0,7487.0,9.07,16.31,11984.0
2026-05-26,0,1050.0,4.51,6.57,4459.0,3549.0,7.37,5.25,8007.0
2026-05-26,1,388.0,4.55,7.18,4588.0,3633.0,7.93,5.84,8222.0
2026-05-26,2,406.0,4.6,7.81,4703.0,3718.0,8.5,6.41,8421.0
2026-05-26,3,6763.0,4.67,6.23,4769.0,4513.0,9.21,8.73,9282.0
2026-05-26,4,11775.0,4.76,4.19,4464.0,7746.0,10.22,18.29,12210.0
2026-05-26,5,15536.0,4.68,4.95,6755.0,10370.0,14.56,28.14,17126.0
2026-05-26,6,17331.0,4.28,5.18,10969.0,11508.0,22.54,32.3,22478.0
2026-05-26,7,17702.0,3.69,4.81,11288.0,11462.0,23.12,32.42,22750.0
2026-05-26,8,17978.0,3.19,4.44,10387.0,11326.0,21.33,32.27,21713.0
2026-05-26,9,18110.0,2.87,4.22,8628.0,11282.0,17.27,32.11,19910.0
2026-05-26,10,17956.0,2.79,4.15,6486.0,11192.0,12.53,30.76,17678.0
2026-05-26,11,17529.0,2.92,4.06,5342.0,10655.0,10.2,28.0,15997.0
2026-05-26,12,17822.0,3.15,4.42,5414.0,9893.0,10.13,24.66,15307.0
2026-05-26,13,17899.0,3.49,4.74,5515.0,9419.0,10.23,22.77,14934.0
2026-05-26,14,18316.0,3.85,5.19,5485.0,9377.0,10.34,22.74,14862.0
2026-05-26,15,18674.0,4.28,5.73,5514.0,9355.0,10.35,22.75,14868.0
2026-05-26,16,18601.0,4.63,6.07,7138.0,9960.0,13.62,25.82,17098.0
2026-05-26,17,18653.0,4.62,6.05,9030.0,10896.0,18.04,30.5,19926.0
2026-05-26,18,18795.0,4.45,5.95,9323.0,11355.0,18.69,32.3,20678.0
2026-05-26,19,19015.0,4.24,5.8,9814.0,11394.0,19.53,32.31,21208.0
2026-05-26,20,19620.0,4.03,5.81,10013.0,11447.0,19.99,32.31,21460.0
2026-05-26,21,19436.0,3.92,5.63,8425.0,11002.0,16.58,30.5,19427.0
2026-05-26,22,19179.0,4.1,5.74,6341.0,9527.0,12.2,23.75,15868.0
2026-05-26,23,17867.0,4.66,5.84,4984.0,7566.0,9.96,16.42,12550.0
2026-05-27,0,10535.0,4.96,4.17,6267.0,4048.0,11.21,7.53,10315.0
2026-05-27,1,10736.0,5.01,4.28,5807.0,3852.0,10.78,7.54,9659.0
2026-05-27,2,10858.0,5.18,4.43,5227.0,4017.0,10.12,7.9,9244.0
2026-05-27,3,10502.0,5.34,4.5,4345.0,5095.0,9.22,10.35,9440.0
2026-05-27,4,9764.0,5.29,4.36,4250.0,7735.0,10.09,18.3,11986.0
2026-05-27,5,10047.0,4.76,3.95,6750.0,10427.0,14.79,28.75,17177.0
2026-05-27,6,15330.0,3.9,4.36,11219.0,11579.0,23.29,32.37,22798.0
2026-05-27,7,19485.0,3.36,5.01,11320.0,11550.0,23.23,32.4,22870.0
2026-05-27,8,19991.0,3.07,4.93,10299.0,11404.0,21.13,32.26,21703.0
2026-05-27,9,19717.0,2.95,4.72,8880.0,11376.0,17.71,32.09,20257.0
2026-05-27,10,19537.0,2.99,4.7,6860.0,11196.0,13.21,30.46,18056.0
2026-05-27,11,18896.0,3.26,4.74,5653.0,10731.0,10.57,27.77,16384.0
2026-05-27,12,18476.0,3.56,4.87,5643.0,10001.0,10.53,24.86,15644.0
2026-05-27,13,18565.0,3.93,5.26,5697.0,9481.0,10.53,22.86,15178.0
2026-05-27,14,18655.0,4.34,5.71,5609.0,9424.0,10.53,22.83,15032.0
2026-05-27,15,18335.0,4.75,6.11,5583.0,9422.0,10.54,22.83,15005.0
2026-05-27,16,18470.0,5.05,6.38,7197.0,10080.0,13.6,25.98,17277.0
2026-05-27,17,19067.0,5.07,6.62,8839.0,11061.0,17.52,30.77,19899.0
2026-05-27,18,19196.0,4.91,6.5,9909.0,11423.0,19.92,32.28,21332.0
2026-05-27,19,19376.0,4.69,6.35,9945.0,11458.0,19.96,32.31,21403.0
2026-05-27,20,19570.0,4.5,6.22,10101.0,11515.0,20.04,32.31,21616.0
2026-05-27,21,18915.0,4.32,5.88,8759.0,11070.0,17.14,30.38,19829.0
2026-05-27,22,18390.0,4.38,5.74,6775.0,9415.0,12.96,23.39,16189.0
2026-05-27,23,17892.0,4.82,6.03,5206.0,7474.0,10.17,16.43,12681.0
2026-05-28,0,10219.0,5.14,6.17,6111.0,4496.0,11.15,8.54,10607.0
2026-05-28,1,10198.0,5.1,4.62,5649.0,4111.0,10.58,7.89,9760.0
2026-05-28,2,9907.0,5.17,4.57,5405.0,4014.0,10.43,7.87,9419.0
2026-05-28,3,9794.0,5.2,4.27,4857.0,4824.0,10.02,9.89,9680.0
2026-05-28,4,11978.0,5.18,4.58,4197.0,7792.0,10.06,18.49,11989.0
2026-05-28,5,15598.0,5.15,5.44,6323.0,10441.0,13.89,28.5,16764.0
2026-05-28,6,17666.0,4.8,5.91,11053.0,11532.0,22.61,32.23,22585.0
2026-05-28,7,18730.0,4.24,5.67,11907.0,11455.0,24.73,32.31,23362.0
2026-05-28,8,19028.0,3.78,5.34,10804.0,11310.0,22.31,32.27,22114.0
2026-05-28,9,19219.0,3.51,5.14,9246.0,11354.0,18.73,32.25,20600.0
2026-05-28,10,19134.0,3.48,5.07,6981.0,11181.0,13.48,30.87,18162.0
2026-05-28,11,19287.0,3.73,5.4,5458.0,10721.0,10.47,28.05,16179.0
2026-05-28,12,19311.0,4.14,5.76,5443.0,9951.0,10.28,24.98,15394.0
2026-05-28,13,18697.0,4.57,5.97,5595.0,9451.0,10.44,22.78,15046.0
2026-05-28,14,17887.0,4.96,6.89,5416.0,9417.0,10.22,22.78,14833.0
2026-05-28,15,17375.0,5.28,7.99,5469.0,9413.0,10.24,22.8,14881.0
2026-05-28,16,17555.0,5.45,8.95,7636.0,10037.0,14.4,26.06,17673.0
2026-05-28,17,16971.0,5.27,8.45,9221.0,10967.0,18.31,30.62,20188.0
2026-05-28,18,15086.0,4.73,6.04,9528.0,11343.0,19.06,32.17,20871.0
2026-05-28,19,15692.0,4.11,4.82,9750.0,11407.0,19.38,32.21,21157.0
2026-05-28,20,14674.0,3.42,3.89,9911.0,11420.0,19.7,32.2,21330.0
2026-05-28,21,14300.0,2.72,3.14,8528.0,10989.0,16.66,30.46,19517.0
2026-05-28,22,18571.0,2.56,4.34,6432.0,9458.0,12.05,23.26,15889.0
2026-05-28,23,18451.0,3.09,4.84,4899.0,7615.0,9.48,16.42,12514.0
2026-05-29,0,15526.0,3.71,4.3,5962.0,4324.0,10.57,7.77,10286.0
2026-05-29,1,15163.0,4.32,4.79,5584.0,4048.0,10.25,7.65,9632.0
2026-05-29,2,14231.0,4.91,5.76,5271.0,4090.0,9.95,7.96,9361.0
2026-05-29,3,12850.0,5.39,7.42,4585.0,5167.0,9.6,10.69,9751.0
2026-05-29,4,9210.0,5.45,11.3,4435.0,7814.0,10.31,18.75,12250.0
2026-05-29,5,13974.0,5.01,5.1,6835.0,10330.0,14.92,28.41,17164.0
2026-05-29,6,17254.0,4.54,5.47,11347.0,11549.0,23.05,32.27,22896.0
2026-05-29,7,17714.0,3.87,4.94,11970.0,11581.0,24.3,32.31,23551.0
2026-05-29,8,17629.0,3.27,4.39,10980.0,11468.0,22.09,32.31,22448.0
2026-05-29,9,18188.0,2.83,4.06,9368.0,11431.0,18.63,32.07,20799.0
2026-05-29,10,18913.0,2.72,4.13,7036.0,11261.0,13.41,30.68,18298.0
2026-05-29,11,19130.0,2.9,4.43,5800.0,10776.0,10.69,28.02,16576.0
2026-05-29,12,19114.0,3.26,4.72,5670.0,9933.0,10.44,24.77,15604.0
2026-05-29,13,17519.0,3.63,4.65,5785.0,9425.0,10.63,22.74,15210.0
2026-05-29,14,20329.0,4.04,5.97,5483.0,9416.0,10.32,22.74,14899.0
2026-05-29,15,19187.0,4.61,6.17,5520.0,9421.0,10.37,23.18,14941.0
2026-05-29,16,18919.0,4.98,6.44,7100.0,10005.0,13.56,25.96,17105.0
2026-05-29,17,18325.0,5.02,6.31,8753.0,10955.0,17.45,30.7,19709.0
2026-05-29,18,17711.0,4.73,5.82,9370.0,11371.0,19.04,32.31,20742.0
2026-05-29,19,17763.0,4.41,5.48,9180.0,11407.0,18.56,32.3,20587.0
2026-05-29,20,17688.0,4.09,5.21,9157.0,11384.0,18.36,32.31,20541.0
2026-05-29,21,17561.0,3.82,4.85,8113.0,10986.0,15.86,30.47,19098.0
2026-05-29,22,17303.0,3.81,4.76,6353.0,9476.0,12.13,23.42,15829.0
2026-05-29,23,17411.0,4.15,5.15,5223.0,7580.0,10.02,16.41,12803.0
2026-05-30,0,11350.0,4.47,3.83,6325.0,4437.0,11.22,8.03,10762.0
2026-05-30,1,11222.0,4.54,3.89,5723.0,4282.0,10.5,7.97,10006.0
2026-05-30,2,11378.0,4.7,4.08,5184.0,4275.0,9.92,8.15,9459.0
2026-05-30,3,13898.0,5.05,4.75,4643.0,5120.0,9.5,10.24,9763.0
2026-05-30,4,13061.0,5.36,5.05,4208.0,7826.0,9.98,18.59,12034.0
2026-05-30,5,12694.0,5.26,4.79,5209.0,10229.0,12.4,28.39,15437.0
2026-05-30,6,16353.0,4.8,5.37,9316.0,11306.0,19.12,32.1,20622.0
2026-05-30,7,18528.0,4.31,5.57,11676.0,11636.0,23.9,32.35,23312.0
2026-05-30,8,19278.0,3.79,5.32,11898.0,11657.0,24.72,32.41,23556.0
2026-05-30,9,20287.0,3.4,5.31,11052.0,11599.0,22.53,32.41,22651.0
2026-05-30,10,20342.0,3.23,5.17,9457.0,11373.0,18.19,31.06,20830.0
2026-05-30,11,20306.0,3.27,5.21,8205.0,10917.0,15.1,28.57,19122.0
2026-05-30,12,20681.0,3.51,5.5,7221.0,10427.0,13.14,26.69,17648.0
2026-05-30,13,19952.0,3.9,5.75,6362.0,10157.0,11.52,25.45,16520.0
2026-05-30,14,19448.0,4.28,5.95,6050.0,10147.0,11.15,25.42,16197.0
2026-05-30,15,18751.0,4.62,6.0,6104.0,10150.0,11.18,25.42,16255.0
2026-05-30,16,18541.0,4.81,6.16,7733.0,10510.0,14.69,27.89,18243.0
2026-05-30,17,18190.0,4.67,5.88,9557.0,11105.0,19.22,31.39,20662.0
2026-05-30,18,18651.0,4.38,5.72,9742.0,11352.0,19.72,32.16,21094.0
2026-05-30,19,19176.0,4.14,5.7,9438.0,11445.0,18.86,32.21,20883.0
2026-05-30,20,19461.0,4.0,5.71,8890.0,11469.0,17.45,32.21,20359.0
2026-05-30,21,19775.0,3.99,5.79,7693.0,11129.0,14.94,30.65,18822.0
2026-05-30,22,18916.0,4.23,5.65,6137.0,9596.0,11.73,23.78,15733.0
2026-05-30,23,18543.0,4.75,6.13,4998.0,7624.0,9.71,16.58,12622.0
2026-05-31,0,10054.0,5.06,5.19,6369.0,4480.0,11.29,8.15,10849.0
2026-05-31,1,10167.0,5.0,4.55,5570.0,4342.0,10.29,8.12,9911.0
2026-05-31,2,10601.0,5.06,4.51,5319.0,4308.0,10.13,8.26,9627.0
2026-05-31,3,10030.0,5.14,4.29,4813.0,5035.0,9.88,10.24,9847.0
2026-05-31,4,9738.0,5.02,4.06,4274.0,7686.0,10.21,18.21,11960.0
2026-05-31,5,12333.0,4.72,4.35,4768.0,10122.0,11.82,27.99,14890.0
2026-05-31,6,16111.0,4.36,4.99,8134.0,11055.0,17.1,31.87,19190.0
2026-05-31,7,18886.0,4.1,5.57,9556.0,11328.0,19.35,32.15,20884.0
2026-05-31,8,19624.0,3.85,5.6,10452.0,11570.0,21.1,32.48,22023.0
2026-05-31,9,19444.0,3.51,5.19,10820.0,11624.0,21.64,32.5,22444.0
2026-05-31,10,19223.0,3.2,4.82,9914.0,11354.0,19.16,30.87,21267.0
2026-05-31,11,19164.0,3.06,4.69,8825.0,10800.0,16.37,28.3,19626.0
2026-05-31,12,19108.0,3.09,4.64,7657.0,10367.0,14.01,26.46,18024.0
2026-05-31,13,18791.0,3.29,4.74,6514.0,10174.0,11.91,25.53,16688.0
2026-05-31,14,18294.0,3.54,4.81,5731.0,10104.0,10.84,25.53,15835.0
2026-05-31,15,17670.0,3.86,4.97,5052.0,10039.0,9.88,25.54,15091.0
2026-05-31,16,18415.0,4.11,5.39,6573.0,10427.0,12.69,27.78,17000.0
2026-05-31,17,18536.0,4.15,5.51,7824.0,11086.0,15.87,31.64,18910.0
2026-05-31,18,19095.0,4.09,5.67,8422.0,11171.0,17.17,32.02,19592.0
2026-05-31,19,19341.0,4.04,5.62,8377.0,11233.0,16.87,32.0,19610.0
2026-05-31,20,19368.0,4.0,5.62,8205.0,11290.0,16.33,32.01,19495.0
2026-05-31,21,18467.0,4.05,5.42,6561.0,10942.0,13.19,30.2,17503.0
2026-05-31,22,18137.0,4.21,5.36,5415.0,9993.0,11.06,26.11,15408.0
2026-05-31,23,17660.0,4.8,5.86,4597.0,7527.0,9.48,16.54,12124.0
2025-03-01,0,7530.0,3.57,4.59,4508.0,4614.0,7.39,6.88,9122.0
2025-03-01,1,9703.0,3.58,3.06,5118.0,4820.0,9.2,8.55,9938.0
2025-03-01,2,9631.0,3.56,3.05,4634.0,4761.0,8.76,8.75,9395.0
2025-03-01,3,9612.0,3.55,3.02,4314.0,5534.0,8.82,11.05,9849.0
2025-03-01,4,10082.0,3.38,3.0,4597.0,7776.0,10.16,18.38,12373.0
2025-03-01,5,16543.0,3.26,4.49,5670.0,10006.0,12.76,27.58,15675.0
2025-03-01,6,20003.0,3.3,6.14,8790.0,11013.0,17.64,31.2,19802.0
2025-03-01,7,20631.0,3.13,6.23,11605.0,11345.0,23.0,31.51,22950.0
2025-03-01,8,20648.0,2.79,5.99,12039.0,11374.0,24.21,31.51,23413.0
2025-03-01,9,20574.0,2.45,5.69,11492.0,11353.0,22.87,31.51,22844.0
2025-03-01,10,21257.0,2.24,5.84,10195.0,11180.0,19.69,30.9,21375.0
2025-03-01,11,21502.0,2.31,6.06,9102.0,10770.0,17.15,29.09,19872.0
2025-03-01,12,21399.0,2.53,6.21,8152.0,10374.0,15.22,27.38,18527.0
2025-03-01,13,21320.0,2.9,6.51,7409.0,10117.0,13.58,26.03,17526.0
2025-03-01,14,21058.0,3.32,6.79,6901.0,10131.0,12.41,26.03,17033.0
2025-03-01,15,20791.0,3.74,7.1,7079.0,10112.0,12.67,26.03,17191.0
2025-03-01,16,20698.0,4.04,7.3,8477.0,10437.0,15.65,28.08,18913.0
2025-03-01,17,19676.0,4.03,6.75,9696.0,11026.0,18.57,30.92,20722.0
2025-03-01,18,20524.0,3.87,7.05,10181.0,11178.0,19.82,31.52,21359.0
2025-03-01,19,20652.0,3.8,7.08,9761.0,11150.0,18.83,31.51,20911.0
2025-03-01,20,18818.0,3.67,6.19,9060.0,11117.0,17.1,31.04,20177.0
2025-03-01,21,17931.0,3.53,5.57,7875.0,10825.0,14.7,29.56,18700.0
2025-03-01,22,17150.0,3.52,5.25,5900.0,9755.0,10.71,24.37,15655.0
2025-03-01,23,17165.0,3.84,5.53,4704.0,8055.0,8.6,17.64,12759.0
2025-03-02,0,14088.0,4.32,4.77,5014.0,5422.0,9.01,9.99,10436.0
2025-03-02,1,12756.0,4.66,4.66,4774.0,5006.0,8.84,9.04,9779.0
2025-03-02,2,12376.0,4.98,4.84,4351.0,4973.0,8.34,9.04,9323.0
2025-03-02,3,11494.0,5.26,4.88,4338.0,5556.0,8.95,11.1,9894.0
2025-03-02,4,11746.0,5.28,4.99,4426.0,7853.0,10.04,18.68,12278.0
2025-03-02,5,13912.0,5.13,5.5,5233.0,10094.0,12.38,28.16,15327.0
2025-03-02,6,17171.0,4.96,6.65,7578.0,10871.0,15.74,31.24,18449.0
2025-03-02,7,19040.0,4.7,7.12,10520.0,11198.0,20.81,31.51,21717.0
2025-03-02,8,19491.0,4.27,6.96,11781.0,11386.0,23.51,31.73,23167.0
2025-03-02,9,19779.0,3.81,6.61,11932.0,11465.0,23.73,31.81,23398.0
2025-03-02,10,19589.0,3.39,6.08,11073.0,11310.0,21.23,30.95,22383.0
2025-03-02,11,19396.0,3.11,5.79,10022.0,10863.0,18.61,28.9,20885.0
2025-03-02,12,19382.0,2.98,5.67,8897.0,10473.0,16.08,27.38,19371.0
2025-03-02,13,19313.0,3.05,5.71,7516.0,10080.0,13.15,26.09,17596.0
2025-03-02,14,18913.0,3.26,5.77,6835.0,9991.0,12.09,25.93,16825.0
2025-03-02,15,18598.0,3.45,5.78,7006.0,9952.0,12.51,25.95,16958.0
2025-03-02,16,18609.0,3.52,5.83,8252.0,10454.0,15.2,28.3,18706.0
2025-03-02,17,18893.0,3.35,5.78,9637.0,11238.0,18.73,31.53,20876.0
2025-03-02,18,19158.0,3.08,5.57,9852.0,11313.0,19.25,31.91,21166.0
2025-03-02,19,19292.0,2.84,5.48,9474.0,11230.0,18.34,31.85,20705.0
2025-03-02,20,19529.0,2.68,5.44,9160.0,11127.0,17.4,31.13,20287.0
2025-03-02,21,19885.0,2.67,5.59,7769.0,10805.0,14.46,29.53,18573.0
2025-03-02,22,20176.0,2.97,6.02,5824.0,9668.0,10.47,23.95,15492.0
2025-03-02,23,19745.0,3.67,6.72,4231.0,7874.0,7.95,17.04,12105.0
2025-03-03,0,7038.0,4.3,6.47,4546.0,4041.0,7.66,6.31,8586.0
2025-03-03,1,12606.0,4.62,4.63,4726.0,4638.0,8.65,8.26,9364.0
2025-03-03,2,12532.0,5.0,4.98,4115.0,4731.0,8.01,8.64,8846.0
2025-03-03,3,11009.0,5.31,6.43,3832.0,5652.0,8.14,11.21,9484.0
2025-03-03,4,13072.0,5.42,8.5,4551.0,7962.0,10.17,18.92,12513.0
2025-03-03,5,14260.0,5.33,5.85,6500.0,10216.0,14.13,28.09,16715.0
2025-03-03,6,18045.0,4.94,6.96,9925.0,11150.0,19.9,31.66,21075.0
2025-03-03,7,18471.0,4.43,6.66,11825.0,11405.0,23.43,31.91,23229.0
2025-03-03,8,18805.0,3.86,6.26,11595.0,11396.0,23.08,31.9,22991.0
2025-03-03,9,18968.0,3.41,5.85,10329.0,11364.0,19.99,31.91,21694.0
2025-03-03,10,18723.0,3.14,5.55,8634.0,11186.0,15.98,30.89,19820.0
2025-03-03,11,18564.0,3.08,5.47,7282.0,10835.0,12.8,28.72,18118.0
2025-03-03,12,17825.0,3.13,5.17,6828.0,10109.0,11.86,25.61,16937.0
2025-03-03,13,17647.0,3.23,5.12,6765.0,9574.0,11.76,23.52,16339.0
2025-03-03,14,17930.0,3.39,5.45,6615.0,9511.0,11.48,23.34,16126.0
2025-03-03,15,18402.0,3.59,5.83,6815.0,9485.0,11.94,23.22,16300.0
2025-03-03,16,19021.0,3.72,6.2,8468.0,10021.0,15.67,26.28,18489.0
2025-03-03,17,19643.0,3.63,6.35,9945.0,10955.0,19.41,30.68,20900.0
2025-03-03,18,20184.0,3.43,6.44,9885.0,11305.0,19.33,32.25,21190.0
2025-03-03,19,20832.0,3.35,6.71,9563.0,11283.0,18.47,32.11,20846.0
2025-03-03,20,20979.0,3.32,6.72,9374.0,11331.0,17.83,32.11,20705.0
2025-03-03,21,20766.0,3.42,6.72,7658.0,11113.0,14.17,30.55,18770.0
2025-03-03,22,14804.0,3.48,4.21,5882.0,9769.0,10.55,24.12,15652.0
2025-03-03,23,13735.0,3.48,3.85,4193.0,8000.0,7.91,17.08,12193.0
2025-03-04,0,13559.0,3.77,4.12,5156.0,4739.0,9.12,8.32,9895.0
2025-03-04,1,12839.0,4.16,4.26,4512.0,4661.0,8.36,8.24,9173.0
2025-03-04,2,12815.0,4.56,4.66,4112.0,4921.0,8.01,8.92,9033.0
2025-03-04,3,11522.0,4.87,4.49,4004.0,5638.0,8.33,11.12,9643.0
2025-03-04,4,12102.0,4.91,4.68,4569.0,8023.0,10.17,18.93,12592.0
2025-03-04,5,13371.0,4.69,4.88,6377.0,10352.0,13.79,28.36,16730.0
2025-03-04,6,17376.0,4.25,5.91,9950.0,11262.0,19.83,31.89,21212.0
2025-03-04,7,18728.0,3.68,5.96,11822.0,11524.0,23.46,32.11,23346.0
2025-03-04,8,19583.0,3.21,5.9,11260.0,11452.0,22.35,32.12,22712.0
2025-03-04,9,19976.0,2.88,5.8,10256.0,11392.0,20.03,32.12,21648.0
2025-03-04,10,19951.0,2.79,5.73,7668.0,11296.0,14.13,31.39,18964.0
2025-03-04,11,19893.0,3.02,6.18,5959.0,10686.0,11.0,29.18,16646.0
2025-03-04,12,20524.0,3.45,6.89,5942.0,9975.0,10.76,26.04,15917.0
2025-03-04,13,19291.0,3.93,6.77,5920.0,9429.0,10.65,23.64,15349.0
2025-03-04,14,19258.0,4.35,7.19,6223.0,9315.0,11.46,23.63,15538.0
2025-03-04,15,20463.0,4.8,8.22,6580.0,9313.0,12.11,23.64,15893.0
2025-03-04,16,18297.0,5.15,7.52,8165.0,9759.0,15.75,26.15,17924.0
2025-03-04,17,17068.0,4.87,6.7,9785.0,10627.0,19.79,30.4,20412.0
2025-03-04,18,17329.0,4.42,6.33,9700.0,11010.0,19.66,32.11,20710.0
2025-03-04,19,17569.0,4.03,6.09,9163.0,11168.0,18.17,32.66,20331.0
2025-03-04,20,17538.0,3.7,5.73,8856.0,11259.0,16.92,32.65,20115.0
2025-03-04,21,16947.0,3.41,5.25,7755.0,10863.0,14.77,30.88,18618.0
2025-03-04,22,16868.0,3.34,5.13,5711.0,9586.0,10.51,24.5,15298.0
2025-03-04,23,17305.0,3.74,5.7,4111.0,7947.0,8.04,18.16,12057.0
2025-03-05,0,13063.0,4.23,4.5,4579.0,5461.0,8.69,10.66,10040.0
2025-03-05,1,11349.0,4.48,4.16,4856.0,4681.0,9.23,8.78,9538.0
2025-03-05,2,10908.0,4.64,4.25,4655.0,4631.0,9.22,8.93,9286.0
2025-03-05,3,10882.0,4.82,4.39,4120.0,5063.0,8.5,10.05,9184.0
2025-03-05,4,11631.0,4.84,4.59,4685.0,7652.0,10.42,18.31,12338.0
2025-03-05,5,14040.0,4.65,5.09,6296.0,10004.0,14.0,27.84,16300.0
2025-03-05,6,18249.0,4.36,6.59,9551.0,11056.0,19.7,31.91,20606.0
2025-03-05,7,19086.0,3.96,6.6,11504.0,11203.0,23.64,32.12,22707.0
2025-03-05,8,18927.0,3.51,6.15,10817.0,11136.0,22.1,32.11,21954.0
2025-03-05,9,19072.0,3.2,5.85,9628.0,11105.0,19.35,32.11,20733.0
2025-03-05,10,18893.0,3.04,5.72,8077.0,10939.0,15.51,30.92,19016.0
2025-03-05,11,18583.0,3.1,5.67,6508.0,10591.0,11.92,28.78,17099.0
2025-03-05,12,18682.0,3.31,5.91,6269.0,9980.0,11.32,26.19,16250.0
2025-03-05,13,18491.0,3.61,6.13,6232.0,9460.0,11.23,24.04,15692.0
2025-03-05,14,17918.0,3.89,6.05,6163.0,9410.0,11.23,24.03,15573.0
2025-03-05,15,17348.0,4.09,6.11,6460.0,9484.0,11.75,24.04,15944.0
2025-03-05,16,17478.0,4.12,6.14,8313.0,9784.0,15.94,26.22,18097.0
2025-03-05,17,18960.0,3.95,6.57,9603.0,10664.0,19.22,30.33,20268.0
2025-03-05,18,20120.0,3.79,7.0,9853.0,10957.0,19.9,31.61,20810.0
2025-03-05,19,19142.0,3.65,6.32,9317.0,11044.0,18.46,31.81,20361.0
2025-03-05,20,18978.0,3.48,6.04,9140.0,11073.0,17.88,32.01,20213.0
2025-03-05,21,18445.0,3.35,5.73,7541.0,10776.0,14.44,30.48,18317.0
2025-03-05,22,18343.0,3.5,5.82,5684.0,9578.0,10.6,24.6,15262.0
2025-03-05,23,17772.0,4.01,6.17,4385.0,7742.0,8.51,17.54,12127.0
2025-03-06,0,15223.0,4.68,5.79,4742.0,4819.0,8.69,8.67,9561.0
2025-03-06,1,11617.0,5.2,8.62,4479.0,4636.0,8.5,8.45,9116.0
2025-03-06,2,7779.0,5.27,13.36,4391.0,4370.0,8.51,7.98,8760.0
2025-03-06,3,9021.0,5.24,15.13,4644.0,4318.0,9.12,8.17,8963.0
2025-03-06,4,12734.0,5.38,11.26,5077.0,6997.0,11.04,16.56,12074.0
2025-03-06,5,12639.0,5.21,5.65,6351.0,9982.0,14.14,28.1,16333.0
2025-03-06,6,17156.0,4.72,6.51,9675.0,10984.0,19.75,31.76,20659.0
2025-03-06,7,18233.0,4.2,6.54,11517.0,11179.0,23.39,32.09,22696.0
2025-03-06,8,18987.0,3.71,6.33,11011.0,11088.0,22.48,32.21,22099.0
2025-03-06,9,19123.0,3.39,6.1,9592.0,11073.0,19.17,32.2,20665.0
2025-03-06,10,19029.0,3.26,5.94,7937.0,10881.0,15.26,31.05,18818.0
2025-03-06,11,18882.0,3.37,6.02,6572.0,10445.0,12.06,28.43,17017.0
2025-03-06,12,19479.0,3.64,6.57,6316.0,9883.0,11.35,25.83,16199.0
2025-03-06,13,19605.0,4.04,7.0,6231.0,9450.0,11.16,23.9,15680.0
2025-03-06,14,19610.0,4.5,7.44,6004.0,9386.0,10.9,23.78,15390.0
2025-03-06,15,19655.0,4.97,7.89,6340.0,9366.0,11.44,23.78,15706.0
2025-03-06,16,20005.0,5.32,8.39,8242.0,9786.0,15.63,26.23,18028.0
2025-03-06,17,17132.0,5.22,9.86,9465.0,10751.0,18.78,30.83,20216.0
2025-03-06,18,15396.0,4.68,7.5,9685.0,11085.0,19.25,32.16,20770.0
2025-03-06,19,17532.0,4.16,6.21,9364.0,11076.0,18.4,32.14,20440.0
2025-03-06,20,17765.0,3.79,5.95,9413.0,11096.0,18.4,32.13,20509.0
2025-03-06,21,17858.0,3.55,5.77,7766.0,10801.0,14.86,30.76,18567.0
2025-03-06,22,17806.0,3.62,5.79,5651.0,9529.0,10.6,24.49,15180.0
2025-03-06,23,16674.0,4.05,5.75,4134.0,7697.0,8.09,17.33,11831.0
2025-03-07,0,12399.0,4.51,4.54,4592.0,5012.0,8.42,9.03,9604.0
2025-03-07,1,11461.0,4.75,4.5,4686.0,4739.0,8.93,8.81,9424.0
2025-03-07,2,10949.0,4.97,4.58,4058.0,4746.0,8.1,8.83,8804.0
2025-03-07,3,10797.0,5.16,4.73,4042.0,5465.0,8.53,11.03,9507.0
2025-03-07,4,11288.0,5.16,4.84,4488.0,7802.0,10.35,18.91,12289.0
2025-03-07,5,13449.0,4.89,5.29,6233.0,10026.0,13.93,28.34,16259.0
2025-03-07,6,17014.0,4.48,6.26,9631.0,11028.0,19.67,32.15,20660.0
2025-03-07,7,18504.0,3.97,6.37,11393.0,11279.0,23.07,32.44,22673.0
2025-03-07,8,18905.0,3.5,6.16,10762.0,11247.0,21.9,32.51,22009.0
2025-03-07,9,19084.0,3.18,5.98,9475.0,11199.0,18.9,32.47,20675.0
2025-03-07,10,19048.0,3.03,5.82,7917.0,11012.0,15.21,31.07,18929.0
2025-03-07,11,19042.0,3.14,5.9,6465.0,10538.0,11.88,28.63,17003.0
2025-03-07,12,19214.0,3.41,6.26,6179.0,9894.0,11.14,25.79,16073.0
2025-03-07,13,19041.0,3.77,6.51,6358.0,9292.0,11.43,23.33,15650.0
2025-03-07,14,18932.0,4.15,6.87,6229.0,9320.0,11.21,23.33,15549.0
2025-03-07,15,18775.0,4.49,7.07,6747.0,9281.0,12.28,23.33,16029.0
2025-03-07,16,18956.0,4.7,7.36,7989.0,9772.0,15.55,26.17,17761.0
2025-03-07,17,19383.0,4.7,7.62,8941.0,10606.0,18.02,30.44,19547.0
2025-03-07,18,19124.0,4.66,8.2,8588.0,10959.0,17.13,32.02,19546.0
2025-03-07,19,16986.0,4.48,9.29,8321.0,11017.0,16.41,32.01,19339.0
2025-03-07,20,16831.0,4.15,8.83,8373.0,11007.0,16.41,32.01,19380.0
2025-03-07,21,16894.0,3.93,8.68,6984.0,10753.0,13.45,30.48,17737.0
2025-03-07,22,15787.0,3.93,9.85,5350.0,9481.0,10.14,24.38,14830.0
2025-03-07,23,12568.0,4.11,13.31,4007.0,7761.0,7.85,17.22,11769.0
2025-03-08,0,7070.0,4.34,8.24,4794.0,4332.0,8.39,7.21,9126.0
2025-03-08,1,11471.0,4.59,6.84,4802.0,4567.0,9.06,8.35,9369.0
2025-03-08,2,11371.0,4.84,7.02,4361.0,4663.0,8.54,8.64,9024.0
2025-03-08,3,11356.0,5.09,7.27,4100.0,5394.0,8.58,10.77,9495.0
2025-03-08,4,12199.0,5.23,7.98,4296.0,7733.0,10.0,18.77,12029.0
2025-03-08,5,14374.0,5.16,6.27,5367.0,9984.0,12.65,28.3,15351.0
2025-03-08,6,16553.0,4.92,6.48,8014.0,10898.0,16.45,31.81,18912.0
2025-03-08,7,19020.0,4.59,7.26,10622.0,11255.0,21.17,32.3,21878.0
2025-03-08,8,19265.0,4.21,7.0,11037.0,11301.0,22.24,32.3,22338.0
2025-03-08,9,19076.0,3.81,6.52,10795.0,11248.0,21.74,32.3,22043.0
2025-03-08,10,19080.0,3.51,6.27,9662.0,10916.0,18.88,30.66,20578.0
2025-03-08,11,18675.0,3.37,5.91,8610.0,10497.0,16.32,28.88,19107.0
2025-03-08,12,18450.0,3.35,5.84,7843.0,10051.0,14.66,27.07,17894.0
2025-03-08,13,18315.0,3.44,5.87,7094.0,9765.0,12.86,25.72,16859.0
2025-03-08,14,18499.0,3.6,6.15,6582.0,9835.0,11.93,25.77,16417.0
2025-03-08,15,19276.0,3.88,6.73,6776.0,9855.0,12.29,25.83,16631.0
2025-03-08,16,19394.0,4.07,6.93,8186.0,10309.0,15.51,28.66,18495.0
2025-03-08,17,19392.0,4.03,6.9,9196.0,10843.0,18.15,31.48,20039.0
2025-03-08,18,19165.0,3.88,6.62,9326.0,11036.0,18.53,32.41,20362.0
2025-03-08,19,19388.0,3.73,6.63,9107.0,11025.0,18.09,32.39,20132.0
2025-03-08,20,19944.0,3.68,6.84,8282.0,10913.0,16.1,31.68,19195.0
2025-03-08,21,18798.0,3.75,6.3,7143.0,10664.0,13.66,30.12,17808.0
2025-03-08,22,18543.0,3.95,6.4,5938.0,9615.0,11.11,24.96,15553.0
2025-03-08,23,17751.0,4.42,6.56,4458.0,7909.0,8.46,17.76,12367.0
2025-03-09,0,11863.0,4.88,6.26,4850.0,5158.0,8.79,9.38,10008.0
2025-03-09,1,10949.0,5.02,5.91,4704.0,4765.0,8.75,8.74,9468.0
2025-03-09,2,11136.0,5.22,6.19,4367.0,4769.0,8.46,8.86,9136.0
2025-03-09,3,10268.0,5.38,6.73,4116.0,5525.0,8.66,11.32,9641.0
2025-03-09,4,11341.0,5.35,6.98,4387.0,7619.0,10.29,18.56,12006.0
2025-03-09,5,13763.0,5.24,6.13,5058.0,9799.0,12.26,27.65,14858.0
2025-03-09,6,15136.0,5.0,5.99,7137.0,10605.0,15.27,31.23,17741.0
2025-03-09,7,18175.0,4.65,6.97,9704.0,10930.0,19.69,31.53,20634.0
2025-03-09,8,19220.0,4.27,7.05,11252.0,11223.0,23.0,32.29,22474.0
2025-03-09,9,19521.0,3.85,6.83,11107.0,11264.0,22.4,32.31,22371.0
2025-03-09,10,19676.0,3.53,6.6,10462.0,11063.0,20.49,31.16,21525.0
2025-03-09,11,19716.0,3.35,6.38,9432.0,10605.0,17.84,29.01,20037.0
2025-03-09,12,19459.0,3.33,6.28,8546.0,10235.0,15.89,27.37,18781.0
2025-03-09,13,19374.0,3.45,6.32,7529.0,10106.0,13.58,26.52,17635.0
2025-03-09,14,19278.0,3.64,6.52,7030.0,10217.0,12.58,26.53,17247.0
2025-03-09,15,19184.0,3.85,6.7,7244.0,10206.0,13.22,26.53,17449.0
2025-03-09,16,19173.0,3.95,6.71,8493.0,10358.0,16.25,28.46,18850.0
2025-03-09,17,19715.0,3.85,6.89,9713.0,10934.0,19.4,31.7,20647.0
2025-03-09,18,19829.0,3.72,6.79,9519.0,11013.0,18.94,32.02,20532.0
2025-03-09,19,19910.0,3.62,6.73,9223.0,10968.0,18.31,32.01,20191.0
2025-03-09,20,20118.0,3.59,6.83,8657.0,10926.0,16.82,31.65,19583.0
2025-03-09,21,19684.0,3.71,6.81,7331.0,10544.0,14.07,29.75,17875.0
2025-03-09,22,18777.0,3.98,6.59,5352.0,9563.0,10.32,24.88,14915.0
2025-03-09,23,18295.0,4.6,7.51,4039.0,7813.0,8.1,17.59,11852.0
2025-03-10,0,9878.0,5.04,9.99,4757.0,4789.0,8.86,8.81,9545.0
2025-03-10,1,9437.0,5.12,10.24,4383.0,4629.0,8.41,8.54,9013.0
2025-03-10,2,8342.0,5.17,11.67,4031.0,4726.0,8.14,8.99,8757.0
2025-03-10,3,9028.0,5.2,14.27,3903.0,5435.0,8.51,11.18,9337.0
2025-03-10,4,11369.0,5.17,13.83,4453.0,7684.0,10.39,18.74,12137.0
2025-03-10,5,15795.0,5.24,11.28,5972.0,10012.0,13.52,28.22,15985.0
2025-03-10,6,17671.0,5.0,7.11,9366.0,10959.0,18.98,32.09,20325.0
2025-03-10,7,18521.0,4.54,7.02,11329.0,11190.0,22.74,32.31,22519.0
2025-03-10,8,18697.0,4.06,6.61,10941.0,11199.0,21.95,32.3,22140.0
2025-03-10,9,18828.0,3.66,6.28,10101.0,11152.0,19.98,32.22,21253.0
2025-03-10,10,19202.0,3.47,6.21,8337.0,10905.0,15.63,30.72,19242.0
2025-03-10,11,19024.0,3.53,6.25,7140.0,10526.0,12.79,28.6,17665.0
2025-03-10,12,18866.0,3.72,6.38,6559.0,9952.0,11.64,25.93,16511.0
2025-03-10,13,18743.0,3.99,6.55,6495.0,9520.0,11.44,24.04,16014.0
2025-03-10,14,18647.0,4.3,6.87,6259.0,9479.0,11.12,24.04,15738.0
2025-03-10,15,18820.0,4.61,7.28,6848.0,9421.0,12.31,23.9,16269.0
2025-03-10,16,19104.0,4.78,7.54,8680.0,9951.0,16.41,26.48,18632.0
2025-03-10,17,18379.0,4.63,7.05,9970.0,10841.0,19.8,30.85,20812.0
2025-03-10,18,16918.0,4.17,5.98,9940.0,11144.0,19.66,32.22,21084.0
2025-03-10,19,17051.0,3.69,5.57,9343.0,11133.0,18.16,32.23,20476.0
2025-03-10,20,18364.0,3.32,5.7,9312.0,11228.0,18.0,32.21,20540.0
2025-03-10,21,17742.0,3.1,5.21,8058.0,10830.0,15.25,30.52,18888.0
2025-03-10,22,18791.0,3.16,5.81,5843.0,9563.0,10.75,24.55,15405.0
2025-03-10,23,18182.0,3.75,6.07,4241.0,7741.0,8.21,17.37,11983.0
2025-03-11,0,13355.0,4.33,4.71,4878.0,4856.0,9.05,8.85,9734.0
2025-03-11,1,12521.0,4.66,4.74,4672.0,4642.0,8.92,8.55,9315.0
2025-03-11,2,12215.0,5.02,4.98,4187.0,4793.0,8.33,9.04,8980.0
2025-03-11,3,10675.0,5.28,5.97,3960.0,5564.0,8.45,11.28,9524.0
2025-03-11,4,13205.0,5.37,7.22,4572.0,7828.0,10.39,19.11,12399.0
2025-03-11,5,13965.0,5.29,6.86,6282.0,10041.0,13.92,28.34,16322.0
2025-03-11,6,16448.0,4.79,6.39,9647.0,11037.0,19.71,32.16,20685.0
2025-03-11,7,18740.0,4.29,6.81,11476.0,11284.0,23.12,32.48,22760.0
2025-03-11,8,18957.0,3.82,6.49,11014.0,11224.0,21.99,32.35,22238.0
2025-03-11,9,19107.0,3.47,6.18,9748.0,11145.0,19.18,32.31,20893.0
2025-03-11,10,18997.0,3.31,5.99,8098.0,10962.0,15.38,30.99,19060.0
2025-03-11,11,18937.0,3.38,6.08,6868.0,10559.0,12.51,28.74,17427.0
2025-03-11,12,18820.0,3.58,6.2,6485.0,9838.0,11.67,25.61,16323.0
2025-03-11,13,18439.0,3.86,6.3,6589.0,9352.0,11.73,23.36,15941.0
2025-03-11,14,18949.0,4.15,6.87,6620.0,9298.0,11.74,23.34,15919.0
2025-03-11,15,18294.0,4.46,6.9,6978.0,9213.0,12.38,23.34,16191.0
2025-03-11,16,17980.0,4.54,6.74,8525.0,9700.0,16.06,26.09,18225.0
2025-03-11,17,17994.0,4.31,6.53,9944.0,10758.0,19.83,30.64,20702.0
2025-03-11,18,18246.0,3.93,6.32,10017.0,11178.0,19.96,32.3,21195.0
2025-03-11,19,17913.0,3.57,5.75,9684.0,11191.0,19.0,32.31,20875.0
2025-03-11,20,17970.0,3.16,5.36,9840.0,11190.0,19.07,32.31,21030.0
2025-03-11,21,18133.0,2.89,5.19,8106.0,10854.0,15.2,30.62,18960.0
2025-03-11,22,19546.0,3.0,5.99,6039.0,9568.0,10.94,24.33,15606.0
2025-03-11,23,17748.0,3.57,5.72,4520.0,7786.0,8.49,17.19,12306.0
2025-03-12,0,12901.0,4.05,4.24,5083.0,4700.0,9.2,8.33,9783.0
2025-03-12,1,12528.0,4.39,4.46,4692.0,4530.0,8.83,8.26,9221.0
2025-03-12,2,12616.0,4.77,4.9,4226.0,4690.0,8.31,8.66,8916.0
2025-03-12,3,12041.0,5.13,5.05,4157.0,5483.0,8.67,11.02,9641.0
2025-03-12,4,11341.0,5.18,4.89,4553.0,8067.0,10.34,19.86,12620.0
2025-03-12,5,11871.0,4.8,4.67,6307.0,9939.0,14.01,27.95,16245.0
2025-03-12,6,16781.0,4.25,6.02,9938.0,10992.0,20.33,31.92,20931.0
2025-03-12,7,18122.0,3.65,5.92,12113.0,11269.0,24.77,32.31,23382.0
2025-03-12,8,18885.0,3.06,5.7,11368.0,11228.0,23.1,32.31,22596.0
2025-03-12,9,19205.0,2.66,5.51,10234.0,11177.0,20.39,32.31,21411.0
2025-03-12,10,19315.0,2.47,5.36,8517.0,10996.0,16.2,31.25,19512.0
2025-03-12,11,19623.0,2.53,5.59,7137.0,10633.0,12.74,28.75,17770.0
2025-03-12,12,19947.0,2.81,6.03,6635.0,10012.0,11.8,26.18,16648.0
2025-03-12,13,19741.0,3.19,6.29,6648.0,9450.0,11.78,23.79,16097.0
2025-03-12,14,19994.0,3.62,6.86,6465.0,9433.0,11.48,23.73,15898.0
2025-03-12,15,19958.0,4.06,7.28,6983.0,9394.0,12.57,23.74,16377.0
2025-03-12,16,20101.0,4.35,7.57,8660.0,9869.0,16.58,26.41,18528.0
2025-03-12,17,19970.0,4.32,7.43,10135.0,10770.0,20.26,30.71,20905.0
2025-03-12,18,20445.0,4.16,7.5,9976.0,11120.0,19.94,32.29,21096.0
2025-03-12,19,19453.0,4.03,6.84,9506.0,11123.0,18.67,32.31,20629.0
2025-03-12,20,18674.0,3.81,6.28,9375.0,11200.0,18.13,32.32,20575.0
2025-03-12,21,18971.0,3.66,6.31,7766.0,10852.0,14.69,30.89,18618.0
2025-03-12,22,18531.0,3.81,6.31,5902.0,9587.0,10.98,24.68,15489.0
2025-03-12,23,17192.0,4.28,6.15,4284.0,7891.0,8.25,17.84,12175.0
2025-03-13,0,12647.0,4.76,5.65,4652.0,5446.0,8.76,10.48,10098.0
2025-03-13,1,11629.0,4.97,6.16,4770.0,4774.0,8.92,8.78,9544.0
2025-03-13,2,11432.0,5.23,6.99,4320.0,4861.0,8.49,9.06,9181.0
2025-03-13,3,9869.0,5.4,7.45,3994.0,5583.0,8.47,11.28,9577.0
2025-03-13,4,11579.0,5.36,5.88,4611.0,7855.0,10.41,19.08,12466.0
2025-03-13,5,12701.0,5.07,5.21,6430.0,10079.0,14.19,28.5,16509.0
2025-03-13,6,15834.0,4.51,5.76,9794.0,10983.0,20.09,32.0,20777.0
2025-03-13,7,17614.0,3.84,5.8,11850.0,11264.0,24.17,32.31,23114.0
2025-03-13,8,18410.0,3.23,5.6,11295.0,11212.0,22.83,32.31,22507.0
2025-03-13,9,19176.0,2.8,5.54,10089.0,11175.0,20.09,32.31,21264.0
2025-03-13,10,19436.0,2.65,5.57,8341.0,10929.0,15.71,30.89,19270.0
2025-03-13,11,19383.0,2.74,5.67,6962.0,10668.0,12.46,28.86,17630.0
2025-03-13,12,19512.0,2.97,6.02,6764.0,9960.0,12.0,26.03,16724.0
2025-03-13,13,19865.0,3.29,6.42,7298.0,9465.0,13.06,24.02,16764.0
2025-03-13,14,19618.0,3.62,6.65,6911.0,9447.0,12.45,24.03,16358.0
2025-03-13,15,19259.0,3.98,6.86,6964.0,9484.0,12.57,24.04,16448.0
2025-03-13,16,18788.0,4.16,6.87,8532.0,9884.0,16.21,26.34,18416.0
2025-03-13,17,17421.0,3.94,5.88,9744.0,10747.0,19.51,30.72,20490.0
2025-03-13,18,17459.0,3.52,5.52,9640.0,11026.0,19.21,31.91,20666.0
2025-03-13,19,18874.0,3.2,5.81,9266.0,11053.0,18.18,32.01,20319.0
2025-03-13,20,19639.0,3.06,6.01,9199.0,11098.0,17.82,32.01,20297.0
2025-03-13,21,19339.0,3.02,5.81,7729.0,10801.0,14.84,30.81,18530.0
2025-03-13,22,20020.0,3.26,6.43,5868.0,9501.0,10.87,24.41,15369.0
2025-03-13,23,19939.0,4.0,7.13,4231.0,7746.0,8.21,17.36,11977.0
2025-03-14,0,14075.0,4.8,5.44,4860.0,4744.0,9.06,8.86,9605.0
2025-03-14,1,11572.0,5.13,6.47,4350.0,4693.0,8.45,8.92,9043.0
2025-03-14,2,8832.0,5.28,9.41,4242.0,4760.0,8.47,9.22,9003.0
2025-03-14,3,9520.0,5.32,13.77,4173.0,5421.0,8.84,11.08,9594.0
2025-03-14,4,12209.0,5.38,8.61,4616.0,7788.0,10.54,19.04,12404.0
2025-03-14,5,14227.0,5.18,5.85,6175.0,10244.0,13.84,28.94,16419.0
2025-03-14,6,17556.0,4.83,6.83,9671.0,11089.0,19.72,32.07,20760.0
2025-03-14,7,18805.0,4.35,6.91,11693.0,11315.0,23.64,32.31,23007.0
2025-03-14,8,19071.0,3.82,6.49,11566.0,11251.0,23.63,32.32,22817.0
2025-03-14,9,19285.0,3.42,6.19,10426.0,11134.0,20.87,32.28,21561.0
2025-03-14,10,19431.0,3.24,6.13,8474.0,10930.0,15.84,30.91,19404.0
2025-03-14,11,19644.0,3.34,6.35,7059.0,10527.0,12.46,28.35,17586.0
2025-03-14,12,19494.0,3.58,6.48,6848.0,9980.0,11.95,25.94,16828.0
2025-03-14,13,19430.0,3.9,6.8,6876.0,9463.0,11.91,23.73,16339.0
2025-03-14,14,19898.0,4.28,7.41,6747.0,9422.0,11.97,23.73,16169.0
2025-03-14,15,18314.0,4.58,6.98,7169.0,9388.0,12.84,23.73,16557.0
2025-03-14,16,18279.0,4.66,7.06,8506.0,9969.0,16.1,26.78,18475.0
2025-03-14,17,18189.0,4.46,6.78,9888.0,10796.0,19.84,30.89,20684.0
2025-03-14,18,17299.0,4.01,5.96,10083.0,11145.0,20.27,32.38,21228.0
2025-03-14,19,17089.0,3.54,5.42,9545.0,11089.0,18.86,32.16,20634.0
2025-03-14,20,17350.0,3.11,5.11,9438.0,11102.0,18.26,32.11,20541.0
2025-03-14,21,18133.0,2.83,5.14,7968.0,10806.0,15.25,30.45,18774.0
2025-03-14,22,19104.0,2.95,5.71,6137.0,9626.0,11.43,24.64,15763.0
2025-03-14,23,18487.0,3.51,6.02,4397.0,7859.0,8.34,17.44,12257.0
2025-03-15,0,13597.0,4.07,4.51,4996.0,5202.0,9.01,9.4,10198.0
2025-03-15,1,12550.0,4.4,4.47,4772.0,4904.0,8.86,8.75,9676.0
2025-03-15,2,11920.0,4.68,4.53,4601.0,4843.0,8.75,8.79,9445.0
2025-03-15,3,11646.0,4.9,4.68,4392.0,5580.0,9.0,11.21,9972.0
2025-03-15,4,12582.0,4.97,4.98,4743.0,7831.0,10.65,19.0,12574.0
2025-03-15,5,17782.0,5.01,7.16,5841.0,10023.0,13.34,28.42,15864.0
2025-03-15,6,18199.0,5.09,7.38,9059.0,11009.0,18.5,32.1,20068.0
2025-03-15,7,18160.0,4.58,6.79,11707.0,11325.0,23.72,32.55,23032.0
2025-03-15,8,18373.0,3.96,6.36,11821.0,11351.0,24.16,32.61,23172.0
2025-03-15,9,18053.0,3.38,5.63,11196.0,11310.0,22.62,32.59,22507.0
2025-03-15,10,18103.0,2.86,5.12,10317.0,10967.0,20.37,31.22,21283.0
2025-03-15,11,18196.0,2.55,4.93,9176.0,10492.0,17.46,28.89,19669.0
2025-03-15,12,17980.0,2.4,4.7,8272.0,10031.0,15.47,27.07,18303.0
2025-03-15,13,17892.0,2.4,4.67,7332.0,9843.0,13.32,26.01,17175.0
2025-03-15,14,17766.0,2.49,4.72,6694.0,9896.0,12.11,26.02,16590.0
2025-03-15,15,17744.0,2.58,4.78,7072.0,9882.0,12.87,26.02,16954.0
2025-03-15,16,18438.0,2.58,4.98,8393.0,10280.0,15.87,28.33,18674.0
2025-03-15,17,19555.0,2.45,5.36,9847.0,10941.0,19.51,31.75,20788.0
2025-03-15,18,20324.0,2.28,5.68,10006.0,11023.0,20.12,32.01,21030.0
2025-03-15,19,20291.0,2.18,5.59,9795.0,11053.0,19.45,32.02,20848.0
2025-03-15,20,19534.0,2.05,5.31,9323.0,10963.0,18.18,31.43,20285.0
2025-03-15,21,19556.0,2.0,5.27,8140.0,10651.0,15.47,29.89,18791.0
2025-03-15,22,19365.0,2.2,5.25,6273.0,9535.0,11.33,24.28,15808.0
2025-03-15,23,19655.0,2.83,5.87,4837.0,7909.0,8.82,17.48,12745.0
2025-03-16,0,15776.0,3.53,4.64,5362.0,4876.0,9.48,8.33,10239.0
2025-03-16,1,14168.0,4.07,4.63,4929.0,4715.0,9.09,8.35,9644.0
2025-03-16,2,13889.0,4.57,5.03,4674.0,4687.0,8.92,8.65,9361.0
2025-03-16,3,13698.0,5.04,5.48,4419.0,5542.0,9.09,11.23,9961.0
2025-03-16,4,13037.0,5.27,6.75,4576.0,7880.0,10.46,19.36,12456.0
2025-03-16,5,13622.0,5.15,6.11,5369.0,9901.0,12.71,28.22,15269.0
2025-03-16,6,18631.0,5.06,7.43,7917.0,10769.0,16.64,31.74,18686.0
2025-03-16,7,18651.0,4.83,7.32,10388.0,11112.0,21.0,32.15,21499.0
2025-03-16,8,18902.0,4.39,6.98,11324.0,11267.0,22.82,32.31,22592.0
2025-03-16,9,19125.0,3.89,6.57,11786.0,11245.0,24.02,32.31,23032.0
2025-03-16,10,19308.0,3.45,6.26,10926.0,11097.0,21.73,31.43,22023.0
2025-03-16,11,19322.0,3.18,6.06,9806.0,10659.0,18.83,29.2,20464.0
2025-03-16,12,18823.0,3.08,5.74,8673.0,10236.0,16.04,27.44,18909.0
2025-03-16,13,18571.0,3.09,5.62,7457.0,10048.0,13.36,26.31,17505.0
2025-03-16,14,18561.0,3.23,5.74,7017.0,9982.0,12.66,26.23,16998.0
2025-03-16,15,18369.0,3.39,5.84,6889.0,9974.0,12.54,26.23,16864.0
2025-03-16,16,18359.0,3.46,5.82,8257.0,10369.0,15.85,28.73,18626.0
2025-03-16,17,18694.0,3.25,5.77,9909.0,10899.0,20.0,31.54,20808.0
2025-03-16,18,19391.0,2.98,5.86,10121.0,11033.0,20.33,32.07,21154.0
2025-03-16,19,19464.0,2.76,5.68,9709.0,11147.0,19.39,32.64,20856.0
2025-03-16,20,19650.0,2.59,5.62,9333.0,10963.0,18.22,31.64,20297.0
2025-03-16,21,19978.0,2.6,5.82,7950.0,10590.0,15.28,30.01,18540.0
2025-03-16,22,20284.0,2.92,6.3,5864.0,9587.0,11.04,24.83,15451.0
2025-03-16,23,19209.0,3.59,6.41,4328.0,7828.0,8.34,17.61,12155.0
2025-03-17,0,14162.0,4.32,4.98,4866.0,4933.0,9.02,9.14,9799.0
2025-03-17,1,13504.0,4.73,5.07,4649.0,4638.0,8.86,8.78,9286.0
2025-03-17,2,12241.0,5.15,6.59,4437.0,4675.0,8.72,9.03,9112.0
2025-03-17,3,10415.0,5.42,9.57,4147.0,5411.0,8.86,11.25,9558.0
2025-03-17,4,11420.0,5.4,9.63,4712.0,7620.0,10.58,18.42,12331.0
2025-03-17,5,12625.0,5.17,6.13,6405.0,9944.0,14.19,27.89,16349.0
2025-03-17,6,18484.0,4.77,7.21,9807.0,10934.0,20.07,31.84,20741.0
2025-03-17,7,19095.0,4.36,7.04,11990.0,11173.0,24.7,32.01,23163.0
2025-03-17,8,19001.0,3.84,6.51,11501.0,11102.0,23.76,32.01,22603.0
2025-03-17,9,19182.0,3.46,6.25,10260.0,11109.0,20.63,32.01,21369.0
2025-03-17,10,19445.0,3.25,6.17,8818.0,10979.0,16.87,31.09,19797.0
2025-03-17,11,19332.0,3.3,6.12,7457.0,10542.0,13.49,28.47,17999.0
2025-03-17,12,19607.0,3.51,6.5,6905.0,9894.0,12.34,25.63,16799.0
2025-03-17,13,19483.0,3.85,6.82,6847.0,9368.0,12.17,23.54,16215.0
2025-03-17,14,19153.0,4.22,7.02,6377.0,9346.0,11.5,23.52,15723.0
2025-03-17,15,18948.0,4.56,7.23,6983.0,9327.0,12.65,23.53,16310.0
2025-03-17,16,19063.0,4.73,7.49,8763.0,9753.0,16.85,25.89,18516.0
2025-03-17,17,19086.0,4.61,7.36,10052.0,10739.0,20.4,30.78,20791.0
2025-03-17,18,18372.0,4.3,6.68,10071.0,11089.0,20.28,32.23,21160.0
2025-03-17,19,18762.0,3.98,6.52,9621.0,11054.0,19.12,32.2,20675.0
2025-03-17,20,18833.0,3.75,6.31,9239.0,11130.0,18.02,32.23,20370.0
2025-03-17,21,18927.0,3.62,6.22,8027.0,10722.0,15.36,30.48,18749.0
2025-03-17,22,19340.0,3.8,6.69,5927.0,9505.0,10.97,24.42,15432.0
2025-03-17,23,17423.0,4.34,6.41,4426.0,7809.0,8.46,17.62,12235.0
2025-03-18,0,12612.0,4.86,6.43,5006.0,4769.0,9.12,8.66,9775.0
2025-03-18,1,11864.0,5.14,6.7,4594.0,4583.0,8.8,8.55,9177.0
2025-03-18,2,7802.0,5.25,9.88,4294.0,4709.0,8.43,8.81,9003.0
2025-03-18,3,9259.0,5.14,9.22,4198.0,5537.0,8.78,11.25,9735.0
2025-03-18,4,13031.0,5.21,5.7,4755.0,7951.0,10.85,19.49,12706.0
2025-03-18,5,12683.0,4.98,5.09,6241.0,10191.0,13.87,29.02,16432.0
2025-03-18,6,17395.0,4.51,6.47,9883.0,11023.0,20.01,31.91,20906.0
2025-03-18,7,18249.0,3.95,6.28,11909.0,11236.0,24.24,32.38,23145.0
2025-03-18,8,18514.0,3.38,5.88,11174.0,11180.0,22.63,32.38,22354.0
2025-03-18,9,19051.0,2.98,5.64,10028.0,11114.0,20.07,32.29,21142.0
2025-03-18,10,19014.0,2.8,5.58,8150.0,10889.0,15.44,31.0,19039.0
2025-03-18,11,18907.0,2.88,5.6,6748.0,10504.0,12.2,28.47,17252.0
2025-03-18,12,18710.0,3.1,5.71,6342.0,9881.0,11.4,25.77,16223.0
2025-03-18,13,18529.0,3.37,5.89,6545.0,9394.0,11.64,23.53,15939.0
2025-03-18,14,18381.0,3.65,6.07,6413.0,9358.0,11.53,23.54,15771.0
2025-03-18,15,18316.0,3.9,6.27,6882.0,9336.0,12.36,23.53,16219.0
2025-03-18,16,18356.0,4.0,6.39,8773.0,9811.0,16.82,26.3,18583.0
2025-03-18,17,18813.0,3.82,6.44,10098.0,10733.0,20.52,30.75,20831.0
2025-03-18,18,18666.0,3.49,6.08,9769.0,11086.0,19.58,32.28,20854.0
2025-03-18,19,18781.0,3.23,5.85,9538.0,11142.0,18.71,32.31,20680.0
2025-03-18,20,18908.0,2.97,5.66,9510.0,11145.0,18.67,32.31,20655.0
2025-03-18,21,19439.0,2.84,5.84,8046.0,10815.0,15.4,30.65,18861.0
2025-03-18,22,20472.0,3.1,6.62,6170.0,9466.0,11.39,24.07,15636.0
2025-03-18,23,18985.0,3.83,6.6,4478.0,7748.0,8.53,17.25,12225.0
2025-03-19,0,13182.0,4.37,4.65,5023.0,4727.0,9.14,8.41,9750.0
2025-03-19,1,12558.0,4.74,4.78,4737.0,4505.0,8.92,8.25,9242.0
2025-03-19,2,11688.0,5.08,5.65,4263.0,4659.0,8.39,8.7,8923.0
2025-03-19,3,11119.0,5.33,6.26,3917.0,5603.0,8.43,11.37,9519.0
2025-03-19,4,11683.0,5.36,5.6,4466.0,7868.0,10.3,19.26,12334.0
2025-03-19,5,13284.0,5.11,5.42,6198.0,10062.0,13.86,28.53,16260.0
2025-03-19,6,18183.0,4.78,7.04,9801.0,10999.0,20.06,32.18,20800.0
2025-03-19,7,18837.0,4.3,6.87,11768.0,11211.0,24.07,32.39,22979.0
2025-03-19,8,18896.0,3.82,6.45,11121.0,11108.0,22.73,32.22,22230.0
2025-03-19,9,18786.0,3.46,6.01,9962.0,11093.0,20.06,32.21,21056.0
2025-03-19,10,19129.0,3.27,6.03,8262.0,10822.0,15.69,30.78,19084.0
2025-03-19,11,18605.0,3.31,5.83,6919.0,10486.0,12.49,28.35,17405.0
2025-03-19,12,18838.0,3.5,6.11,6600.0,9922.0,11.82,25.88,16522.0
2025-03-19,13,18599.0,3.77,6.32,6514.0,9372.0,11.69,23.61,15886.0
2025-03-19,14,18268.0,4.07,6.48,6306.0,9357.0,11.31,23.53,15663.0
2025-03-19,15,18018.0,4.31,6.6,6828.0,9328.0,12.36,23.53,16156.0
2025-03-19,16,18134.0,4.4,6.69,8393.0,9768.0,16.04,26.09,18161.0
2025-03-19,17,18632.0,4.24,6.78,9715.0,10631.0,19.62,30.49,20346.0
2025-03-19,18,19074.0,3.99,6.74,9701.0,11104.0,19.37,32.31,20805.0
2025-03-19,19,19925.0,3.85,7.2,9254.0,11079.0,18.23,32.32,20333.0
2025-03-19,20,17546.0,3.64,8.94,9145.0,11119.0,17.81,32.31,20264.0
2025-03-19,21,17691.0,3.39,8.81,7776.0,10727.0,14.75,30.44,18503.0
2025-03-19,22,17709.0,3.44,8.98,5970.0,9495.0,10.91,24.29,15465.0
2025-03-19,23,17723.0,3.94,9.45,4296.0,7742.0,8.29,17.37,12038.0
2025-03-20,0,13713.0,4.56,7.19,5163.0,4665.0,9.44,8.42,9828.0
2025-03-20,1,11833.0,4.9,8.2,4678.0,4508.0,8.91,8.34,9186.0
2025-03-20,2,10607.0,5.2,10.01,4306.0,4623.0,8.51,8.62,8929.0
2025-03-20,3,9209.0,5.36,13.07,4068.0,5495.0,8.59,11.1,9563.0
2025-03-20,4,11735.0,5.29,8.51,4613.0,7775.0,10.5,18.86,12388.0
2025-03-20,5,14797.0,5.18,6.01,6093.0,9993.0,13.61,28.14,16086.0
2025-03-20,6,17779.0,4.93,6.97,9346.0,11025.0,19.13,32.23,20371.0
2025-03-20,7,18058.0,4.43,6.65,11637.0,11200.0,23.78,32.3,22837.0
2025-03-20,8,17977.0,3.85,6.03,10995.0,11182.0,22.23,32.31,22177.0
2025-03-20,9,18121.0,3.39,5.62,9929.0,11121.0,19.92,32.31,21051.0
2025-03-20,10,18206.0,3.11,5.45,8148.0,10991.0,15.66,31.41,19140.0
2025-03-20,11,18203.0,3.08,5.43,6620.0,10592.0,12.18,29.06,17213.0
2025-03-20,12,17850.0,3.23,5.43,6103.0,9963.0,11.06,26.2,16065.0
2025-03-20,13,17672.0,3.41,5.52,6248.0,9490.0,11.22,24.04,15738.0
2025-03-20,14,17649.0,3.61,5.7,6180.0,9417.0,11.23,24.02,15597.0
2025-03-20,15,17851.0,3.81,5.99,6793.0,9448.0,12.44,24.02,16240.0
2025-03-20,16,17927.0,3.85,6.03,8696.0,9725.0,16.67,25.81,18422.0
2025-03-20,17,18246.0,3.62,5.98,9905.0,10556.0,19.95,29.91,20461.0
2025-03-20,18,18633.0,3.33,5.79,9549.0,11014.0,19.13,32.01,20563.0
2025-03-20,19,18751.0,3.11,5.66,9205.0,11035.0,18.15,32.01,20241.0
2025-03-20,20,18683.0,2.89,5.43,9010.0,11088.0,17.51,32.01,20098.0
2025-03-20,21,18789.0,2.78,5.42,7585.0,10854.0,14.44,31.07,18439.0
2025-03-20,22,19294.0,2.99,5.85,5660.0,9605.0,10.54,24.83,15265.0
2025-03-20,23,18553.0,3.6,6.17,4482.0,7715.0,8.55,17.26,12197.0
2025-03-21,0,13448.0,4.17,4.58,4670.0,5021.0,8.71,9.54,9691.0
2025-03-21,1,12604.0,4.55,4.67,4529.0,4661.0,8.65,8.71,9189.0
2025-03-21,2,12220.0,4.92,4.89,4300.0,4669.0,8.53,8.94,8969.0
2025-03-21,3,10683.0,5.19,5.67,4089.0,5240.0,8.62,10.68,9330.0
2025-03-21,4,11083.0,5.16,5.16,4593.0,7791.0,10.39,18.86,12383.0
2025-03-21,5,11943.0,4.83,4.69,6211.0,10087.0,13.84,28.34,16298.0
2025-03-21,6,16825.0,4.29,6.02,9523.0,10919.0,19.57,31.64,20442.0
2025-03-21,7,18802.0,3.84,6.43,11400.0,11137.0,23.32,31.8,22538.0
2025-03-21,8,19094.0,3.4,6.09,11001.0,11062.0,22.39,31.81,22063.0
2025-03-21,9,19223.0,3.06,5.88,10029.0,11077.0,20.05,31.81,21106.0
2025-03-21,10,19172.0,2.9,5.7,8196.0,10953.0,15.51,31.15,19150.0
2025-03-21,11,19002.0,2.97,5.71,6881.0,10610.0,12.47,29.04,17491.0
2025-03-21,12,19072.0,3.18,6.0,6296.0,9965.0,11.35,26.09,16261.0
2025-03-21,13,18965.0,3.53,6.24,6281.0,9477.0,11.21,24.03,15758.0
2025-03-21,14,18238.0,3.85,6.26,5996.0,9394.0,10.93,24.03,15390.0
2025-03-21,15,18076.0,4.12,6.43,6651.0,9411.0,12.05,24.03,16062.0
2025-03-21,16,19355.0,4.28,7.12,8506.0,9750.0,16.19,25.97,18256.0
2025-03-21,17,19129.0,4.21,6.89,9915.0,10586.0,19.99,30.17,20502.0
2025-03-21,18,18610.0,3.96,6.42,9662.0,10948.0,19.37,31.66,20609.0
2025-03-21,19,18988.0,3.75,6.42,8980.0,10989.0,17.68,32.01,19969.0
2025-03-21,20,20088.0,3.67,6.89,8894.0,11006.0,17.35,32.02,19900.0
2025-03-21,21,20107.0,3.73,6.95,7467.0,10810.0,14.34,30.92,18277.0
2025-03-21,22,19098.0,4.02,6.7,5824.0,9535.0,10.82,24.7,15359.0
2025-03-21,23,17569.0,4.59,8.38,4302.0,7851.0,8.34,17.76,12153.0
2025-03-22,0,10551.0,4.96,8.58,5051.0,4856.0,9.2,8.74,9907.0
2025-03-22,1,9984.0,5.03,8.04,4785.0,4650.0,9.04,8.55,9435.0
2025-03-22,2,9834.0,5.13,7.96,4458.0,4609.0,8.73,8.68,9068.0
2025-03-22,3,10087.0,5.23,8.33,4108.0,5398.0,8.74,10.89,9505.0
2025-03-22,4,12260.0,5.33,10.84,4477.0,7587.0,10.31,18.37,12064.0
2025-03-22,5,13842.0,5.25,7.76,5522.0,9804.0,12.81,27.7,15325.0
2025-03-22,6,14485.0,4.86,5.54,8733.0,10844.0,17.93,31.73,19577.0
2025-03-22,7,17310.0,4.18,6.11,11283.0,11178.0,22.78,32.0,22460.0
2025-03-22,8,17882.0,3.55,5.75,11496.0,11233.0,23.49,32.08,22729.0
2025-03-22,9,18826.0,2.99,5.57,11077.0,11178.0,22.48,32.22,22256.0
2025-03-22,10,19893.0,2.67,5.87,10177.0,10939.0,20.16,30.92,21115.0
2025-03-22,11,19818.0,2.57,5.73,8979.0,10469.0,17.38,28.83,19449.0
2025-03-22,12,19685.0,2.64,5.73,7902.0,10105.0,14.95,27.25,18008.0
2025-03-22,13,19518.0,2.86,5.84,7118.0,9921.0,13.11,26.03,17039.0
2025-03-22,14,19332.0,3.14,6.09,6610.0,9910.0,12.15,26.03,16520.0
2025-03-22,15,19146.0,3.42,6.23,6971.0,9905.0,12.87,26.05,16877.0
2025-03-22,16,19123.0,3.55,6.28,8392.0,10357.0,16.19,28.67,18748.0
2025-03-22,17,19304.0,3.43,6.32,9683.0,10996.0,19.56,31.94,20679.0
2025-03-22,18,19523.0,3.21,6.18,9939.0,11084.0,20.2,32.2,21023.0
2025-03-22,19,19683.0,3.02,6.04,9525.0,11040.0,19.26,32.21,20565.0
2025-03-22,20,19429.0,2.91,5.8,8911.0,10918.0,17.54,31.39,19829.0
2025-03-22,21,19508.0,2.9,5.86,7699.0,10618.0,14.79,29.83,18317.0
2025-03-22,22,19585.0,3.15,6.13,6230.0,9497.0,11.51,24.24,15727.0
2025-03-22,23,19152.0,3.75,6.54,4591.0,7800.0,8.67,17.31,12391.0
2025-03-23,0,13401.0,4.33,4.86,5380.0,4762.0,9.62,8.32,10142.0
2025-03-23,1,12763.0,4.68,5.03,4968.0,4581.0,9.19,8.25,9548.0
2025-03-23,2,11765.0,5.0,6.5,4523.0,4634.0,8.69,8.5,9157.0
2025-03-23,3,10805.0,5.22,7.1,4233.0,5504.0,8.77,11.09,9736.0
2025-03-23,4,12177.0,5.26,5.66,4547.0,7702.0,10.39,18.59,12249.0
2025-03-23,5,13450.0,5.11,5.47,5279.0,9975.0,12.61,28.39,15254.0
2025-03-23,6,16755.0,4.88,6.54,7868.0,10556.0,16.65,31.12,18424.0
2025-03-23,7,18535.0,4.59,7.08,10144.0,11033.0,20.78,32.05,21176.0
2025-03-23,8,18781.0,4.16,6.72,11355.0,11105.0,23.43,32.12,22459.0
2025-03-23,9,19247.0,3.68,6.49,11373.0,11245.0,23.49,32.31,22618.0
2025-03-23,10,19420.0,3.31,6.18,10346.0,11064.0,20.5,31.2,21409.0
2025-03-23,11,19467.0,3.11,6.09,9503.0,10569.0,18.22,28.99,20072.0
2025-03-23,12,19643.0,3.09,6.17,8501.0,10208.0,15.87,27.31,18708.0
2025-03-23,13,19496.0,3.23,6.22,7578.0,9891.0,13.87,26.03,17470.0
2025-03-23,14,19019.0,3.46,6.19,6832.0,9904.0,12.44,26.02,16736.0
2025-03-23,15,19404.0,3.72,6.6,7030.0,9884.0,12.99,26.03,16914.0
2025-03-23,16,19380.0,3.9,6.85,8306.0,10284.0,15.92,28.2,18590.0
2025-03-23,17,19564.0,3.81,6.81,9854.0,10986.0,19.83,31.77,20840.0
2025-03-23,18,19648.0,3.61,6.61,9982.0,11007.0,20.22,32.02,20988.0
2025-03-23,19,18674.0,3.43,7.85,9234.0,11002.0,18.42,32.01,20235.0
2025-03-23,20,17894.0,3.17,8.77,9106.0,10939.0,17.86,31.54,20045.0
2025-03-23,21,17963.0,3.01,8.69,7406.0,10583.0,14.23,29.74,17989.0
2025-03-23,22,17786.0,3.14,8.7,5656.0,9467.0,10.57,24.12,15123.0
2025-03-23,23,18445.0,3.66,7.2,4315.0,7734.0,8.31,17.28,12049.0
2025-03-24,0,13709.0,4.28,4.72,5200.0,4615.0,9.47,8.48,9814.0
2025-03-24,1,13164.0,4.69,4.94,4790.0,4533.0,8.96,8.35,9323.0
2025-03-24,2,11775.0,5.09,5.68,4358.0,4596.0,8.52,8.62,8954.0
2025-03-24,3,10604.0,5.3,7.04,4057.0,5402.0,8.65,10.97,9459.0
2025-03-24,4,11465.0,5.31,6.34,4579.0,7656.0,10.39,18.61,12235.0
2025-03-24,5,12788.0,5.08,5.22,6216.0,9881.0,13.91,27.88,16097.0
2025-03-24,6,17482.0,4.61,6.61,9802.0,10946.0,20.14,32.21,20748.0
2025-03-24,7,18860.0,4.12,6.72,12034.0,11182.0,24.75,32.3,23216.0
2025-03-24,8,19115.0,3.59,6.34,11621.0,11197.0,23.85,32.31,22817.0
2025-03-24,9,19600.0,3.19,6.1,10474.0,11182.0,21.03,32.31,21656.0
2025-03-24,10,19729.0,3.0,6.07,8887.0,10986.0,16.95,31.19,19873.0
2025-03-24,11,19521.0,3.06,6.04,7364.0,10737.0,13.23,29.18,18100.0
2025-03-24,12,19354.0,3.25,6.14,6923.0,10030.0,12.22,25.91,16954.0
2025-03-24,13,18754.0,3.53,6.16,6843.0,9347.0,12.23,23.54,16190.0
2025-03-24,14,18214.0,3.78,6.13,6707.0,9291.0,12.22,23.52,15998.0
2025-03-24,15,18156.0,4.0,6.35,6987.0,9350.0,12.58,23.52,16337.0
2025-03-24,16,18516.0,4.08,6.55,8763.0,9866.0,16.63,26.38,18629.0
2025-03-24,17,19693.0,3.95,6.93,9993.0,10720.0,20.08,30.67,20713.0
2025-03-24,18,19746.0,3.75,6.74,10019.0,11056.0,20.18,31.93,21075.0
2025-03-24,19,19853.0,3.58,6.71,9691.0,11042.0,19.24,32.02,20733.0
2025-03-24,20,19985.0,3.45,6.58,9687.0,11080.0,18.89,32.01,20767.0
2025-03-24,21,19972.0,3.4,6.54,8120.0,10779.0,15.38,30.71,18899.0
2025-03-24,22,18331.0,3.61,8.24,6317.0,9269.0,11.51,23.4,15586.0
2025-03-24,23,5683.0,4.11,11.73,5986.0,4896.0,10.48,8.71,10881.0
2025-03-25,0,3892.0,4.66,8.02,4412.0,3845.0,8.05,6.34,8257.0
2025-03-25,1,3410.0,5.06,7.25,4336.0,3680.0,7.37,5.68,8016.0
2025-03-25,2,1907.0,5.38,6.24,3229.0,3017.0,5.75,4.09,6245.0
2025-03-25,3,894.0,5.53,6.61,2797.0,2917.0,5.11,3.44,5715.0
2025-03-25,4,8618.0,5.3,5.12,5972.0,7440.0,12.4,17.79,13411.0
2025-03-25,5,12149.0,4.72,4.76,6661.0,10138.0,14.7,28.62,16799.0
2025-03-25,6,16122.0,4.18,5.62,9924.0,11056.0,20.28,31.87,20980.0
2025-03-25,7,18205.0,3.58,5.95,11803.0,11300.0,24.1,32.2,23102.0
2025-03-25,8,18557.0,3.05,5.57,11312.0,11167.0,22.97,32.31,22479.0
2025-03-25,9,19126.0,2.67,5.57,9973.0,11135.0,19.74,32.31,21108.0
2025-03-25,10,19203.0,2.53,5.41,8158.0,11002.0,15.34,31.15,19161.0
2025-03-25,11,19101.0,2.61,5.47,7025.0,10540.0,12.7,28.63,17565.0
2025-03-25,12,19460.0,2.86,5.82,6638.0,9898.0,11.88,25.88,16536.0
2025-03-25,13,19380.0,3.22,6.16,6710.0,9445.0,11.95,24.03,16155.0
2025-03-25,14,18736.0,3.56,6.17,6478.0,9466.0,11.63,24.03,15944.0
2025-03-25,15,18591.0,3.85,6.36,6830.0,9473.0,12.27,24.03,16303.0
2025-03-25,16,19185.0,4.01,6.82,8669.0,9813.0,16.59,26.31,18482.0
2025-03-25,17,19954.0,3.98,7.17,10125.0,10696.0,20.35,30.59,20821.0
2025-03-25,18,18634.0,3.79,6.39,9849.0,11050.0,19.57,32.01,20899.0
2025-03-25,19,18382.0,3.5,6.06,9544.0,11047.0,18.64,32.01,20591.0
2025-03-25,20,18575.0,3.26,5.84,9343.0,11068.0,18.06,32.01,20411.0
2025-03-25,21,18632.0,3.12,5.75,7983.0,10734.0,15.08,30.56,18717.0
2025-03-25,22,18492.0,3.26,5.83,5885.0,9605.0,10.79,24.85,15490.0
2025-03-25,23,19194.0,3.83,6.69,4470.0,7799.0,8.42,17.55,12269.0
2025-03-26,0,12655.0,4.47,5.56,5203.0,4806.0,9.53,8.86,10008.0
2025-03-26,1,11034.0,4.63,5.57,4951.0,4574.0,9.32,8.54,9525.0
2025-03-26,2,11136.0,4.82,5.78,4621.0,4644.0,8.99,8.67,9265.0
2025-03-26,3,11241.0,4.99,5.45,4224.0,5483.0,8.87,11.09,9707.0
2025-03-26,4,13556.0,5.17,6.29,4744.0,7794.0,10.62,18.79,12538.0
2025-03-26,5,14734.0,5.13,6.01,6430.0,9995.0,14.19,28.09,16425.0
2025-03-26,6,15616.0,4.66,5.85,9791.0,11002.0,19.85,32.13,20793.0
2025-03-26,7,17091.0,3.97,5.76,11775.0,11206.0,23.93,32.3,22981.0
2025-03-26,8,17937.0,3.33,5.18,11186.0,11126.0,22.65,32.24,22311.0
2025-03-26,9,18197.0,2.86,4.94,10047.0,11123.0,19.86,32.21,21169.0
2025-03-26,10,18598.0,2.61,4.88,8209.0,10945.0,15.47,31.05,19154.0
2025-03-26,11,18598.0,2.64,4.85,6863.0,10538.0,12.32,28.71,17402.0
2025-03-26,12,18459.0,2.8,5.01,6571.0,9919.0,11.7,25.92,16489.0
2025-03-26,13,18330.0,3.02,5.11,6751.0,9484.0,11.99,24.03,16235.0
2025-03-26,14,18587.0,3.27,5.52,6413.0,9471.0,11.53,24.02,15885.0
2025-03-26,15,19292.0,3.6,6.1,6501.0,9447.0,11.71,24.04,15947.0
2025-03-26,16,19812.0,3.89,6.64,8647.0,9853.0,16.51,26.52,18500.0
2025-03-26,17,19428.0,3.84,6.04,9895.0,10693.0,20.07,30.64,20587.0
2025-03-26,18,19934.0,3.67,6.01,9957.0,11078.0,20.24,32.01,21035.0
2025-03-26,19,20262.0,3.55,6.05,9391.0,11110.0,18.75,32.14,20501.0
2025-03-26,20,20355.0,3.51,6.08,9376.0,11162.0,18.54,32.21,20537.0
2025-03-26,21,16702.0,3.42,4.61,8100.0,10857.0,15.07,30.65,18956.0
2025-03-26,22,10137.0,2.89,3.38,6143.0,9477.0,11.01,24.08,15620.0
2025-03-26,23,7912.0,2.26,4.3,4458.0,7675.0,8.31,16.98,12133.0
2025-03-27,0,8354.0,1.92,4.39,5032.0,4715.0,9.15,8.34,9746.0
2025-03-27,1,10497.0,1.77,4.36,4907.0,4474.0,9.27,8.06,9382.0
2025-03-27,2,18400.0,2.47,4.02,4004.0,4667.0,7.98,8.53,8671.0
2025-03-27,3,19946.0,3.58,5.85,4190.0,5448.0,8.82,11.06,9638.0
2025-03-27,4,21248.0,4.69,7.49,4846.0,7883.0,10.9,19.1,12729.0
2025-03-27,5,18695.0,5.27,7.15,6529.0,10185.0,14.43,28.6,16714.0
2025-03-27,6,18773.0,5.25,7.14,10260.0,11063.0,21.1,32.04,21323.0
2025-03-27,7,18349.0,4.72,6.48,11929.0,11222.0,24.4,32.4,23151.0
2025-03-27,8,18575.0,4.19,6.08,11085.0,11168.0,22.46,32.38,22253.0
2025-03-27,9,18803.0,3.79,5.71,10091.0,11134.0,20.24,32.32,21225.0
2025-03-27,10,18816.0,3.58,5.52,8407.0,10957.0,15.99,31.07,19364.0
2025-03-27,11,18918.0,3.61,5.61,7129.0,10547.0,12.89,28.64,17675.0
2025-03-27,12,19221.0,3.8,5.95,7056.0,9886.0,12.53,25.71,16942.0
2025-03-27,13,18997.0,4.07,6.14,6964.0,9386.0,12.29,23.54,16350.0
2025-03-27,14,18611.0,4.35,6.24,6793.0,9393.0,12.13,23.52,16187.0
2025-03-27,15,18854.0,4.63,6.61,7137.0,9370.0,12.78,23.53,16507.0
2025-03-27,16,18304.0,4.77,6.49,8384.0,9823.0,15.92,26.14,18208.0
2025-03-27,17,18445.0,4.6,6.4,9659.0,10732.0,19.19,30.72,20392.0
2025-03-27,18,18507.0,4.32,6.12,9844.0,11042.0,19.58,31.97,20886.0
2025-03-27,19,18243.0,4.03,6.29,9572.0,11063.0,18.75,32.02,20635.0
2025-03-27,20,17969.0,3.69,6.36,9622.0,11099.0,18.72,32.01,20722.0
2025-03-27,21,16854.0,3.4,6.72,8032.0,10841.0,15.24,30.79,18873.0
2025-03-27,22,16136.0,3.25,7.24,6182.0,9519.0,11.19,24.35,15702.0
2025-03-27,23,16459.0,3.54,7.79,4681.0,7780.0,8.63,17.35,12461.0
2025-03-28,0,10528.0,4.14,5.29,4462.0,3927.0,7.52,6.06,8389.0
2025-03-28,1,12105.0,4.46,5.84,5391.0,4508.0,9.52,8.35,9899.0
2025-03-28,2,12138.0,4.75,6.11,4721.0,4581.0,8.79,8.63,9302.0
2025-03-28,3,12077.0,5.05,6.39,4475.0,5350.0,9.03,10.95,9825.0
2025-03-28,4,13128.0,5.18,5.48,5058.0,7805.0,10.98,19.06,12863.0
2025-03-28,5,13273.0,4.97,4.92,6675.0,10031.0,14.38,28.18,16706.0
2025-03-28,6,16139.0,4.44,5.35,9960.0,11074.0,20.31,31.89,21034.0
2025-03-28,7,17901.0,3.83,5.35,11584.0,11299.0,23.65,32.18,22883.0
2025-03-28,8,18842.0,3.29,5.2,11068.0,11276.0,22.61,32.22,22344.0
2025-03-28,9,19472.0,2.94,5.07,10021.0,11189.0,20.0,32.2,21210.0
2025-03-28,10,19457.0,2.79,5.01,8500.0,10970.0,16.18,31.04,19470.0
2025-03-28,11,19281.0,2.86,5.02,7026.0,10587.0,12.83,28.86,17613.0
2025-03-28,12,18983.0,3.07,5.11,6546.0,9978.0,11.8,26.05,16524.0
2025-03-28,13,18849.0,3.35,5.33,6657.0,9573.0,11.71,24.04,16229.0
2025-03-28,14,18886.0,3.68,5.65,5670.0,9560.0,10.34,24.03,15230.0
2025-03-28,15,19648.0,4.15,6.39,5821.0,9545.0,10.75,24.03,15367.0
2025-03-28,16,18248.0,4.43,6.08,7502.0,9888.0,14.04,25.87,17391.0
2025-03-28,17,17773.0,4.34,5.8,8820.0,10653.0,17.12,29.86,19473.0
2025-03-28,18,17388.0,4.03,5.37,9428.0,10498.0,17.86,31.12,19926.0
2025-03-28,19,17668.0,3.69,5.13,9907.0,10111.0,19.16,31.51,20018.0
2025-03-28,20,17873.0,3.42,4.95,9502.0,10147.0,18.16,31.51,19649.0
2025-03-28,21,18055.0,3.22,4.76,8803.0,10139.0,16.84,31.93,18942.0
2025-03-28,22,18004.0,3.24,4.86,6410.0,8895.0,11.58,24.89,15305.0
2025-03-28,23,17850.0,3.77,5.25,4682.0,7230.0,8.26,17.06,11912.0
2025-03-29,0,13485.0,4.3,4.32,5685.0,4654.0,9.65,8.63,10339.0
2025-03-29,1,12742.0,4.59,4.38,5087.0,4684.0,9.28,8.53,9771.0
2025-03-29,2,12451.0,4.92,4.65,4544.0,4838.0,8.74,8.92,9382.0
2025-03-29,3,11201.0,5.17,5.74,4356.0,5498.0,9.01,10.92,9854.0
2025-03-29,4,11760.0,5.17,5.34,4691.0,7712.0,10.55,18.4,12403.0
2025-03-29,5,13293.0,4.96,4.89,5961.0,9839.0,13.45,27.61,15800.0
2025-03-29,6,15849.0,4.54,5.28,9016.0,10957.0,18.34,31.75,19973.0
2025-03-29,7,18635.0,4.01,5.83,11293.0,11282.0,22.59,32.01,22575.0
2025-03-29,8,19535.0,3.51,5.66,11704.0,11291.0,23.62,32.01,22995.0
2025-03-29,9,19888.0,3.12,5.42,11466.0,10833.0,23.01,31.39,22299.0
2025-03-29,10,20037.0,2.81,5.22,10811.0,11074.0,21.46,30.93,21885.0
2025-03-29,11,20089.0,2.63,5.05,9844.0,10628.0,18.98,28.9,20472.0
2025-03-29,12,20156.0,2.6,5.1,9105.0,10196.0,17.32,27.27,19301.0
2025-03-29,13,20044.0,2.75,5.16,7985.0,10009.0,14.43,26.02,17994.0
2025-03-29,14,19762.0,2.98,5.25,7373.0,10010.0,13.23,26.02,17383.0
2025-03-29,15,19344.0,3.21,5.33,7362.0,9981.0,13.49,26.03,17343.0
2025-03-29,16,19212.0,3.3,5.38,8953.0,10418.0,16.96,28.37,19371.0
2025-03-29,17,19284.0,3.12,5.23,9988.0,11080.0,19.76,31.81,21068.0
2025-03-29,18,19672.0,2.85,5.06,10571.0,11163.0,21.25,32.21,21734.0
2025-03-29,19,19965.0,2.62,4.94,9949.0,11129.0,19.66,32.21,21078.0
2025-03-29,20,20050.0,2.47,4.89,9550.0,11024.0,18.61,31.51,20574.0
2025-03-29,21,20045.0,2.46,4.82,8081.0,10714.0,15.34,30.05,18795.0
2025-03-29,22,20653.0,2.77,5.45,6158.0,9604.0,11.12,24.36,15763.0
2025-03-29,23,20868.0,3.46,6.23,5637.0,8075.0,9.96,17.75,13713.0
2025-03-30,0,14826.0,4.14,4.73,5205.0,5600.0,9.29,10.07,10805.0
2025-03-30,1,12550.0,4.46,4.73,5094.0,4965.0,9.28,8.82,10059.0
2025-03-30,2,12157.0,4.72,4.86,4819.0,4824.0,9.09,8.82,9643.0
2025-03-30,3,11889.0,4.96,5.04,4732.0,5357.0,9.4,10.65,10089.0
2025-03-30,4,12510.0,5.03,4.76,4824.0,7935.0,10.75,19.18,12758.0
2025-03-30,5,17904.0,5.06,6.62,5681.0,10106.0,13.0,28.23,15787.0
2025-03-30,6,18793.0,5.21,7.11,8267.0,10935.0,17.32,31.96,19202.0
2025-03-30,7,17816.0,4.87,6.37,10656.0,11154.0,21.72,32.14,21810.0
2025-03-30,8,18144.0,4.31,5.93,11451.0,11272.0,23.42,32.29,22722.0
2025-03-30,9,18455.0,3.72,5.46,11579.0,11369.0,23.55,32.31,22947.0
2025-03-30,10,18230.0,3.18,4.9,10749.0,11113.0,21.15,31.14,21862.0
2025-03-30,11,18742.0,2.82,4.77,9811.0,10658.0,18.57,28.92,20468.0
2025-03-30,12,19097.0,2.66,4.82,8940.0,10315.0,16.59,27.4,19255.0
2025-03-30,13,18924.0,2.69,4.69,7576.0,10098.0,13.75,26.72,17674.0
2025-03-30,14,19277.0,2.9,5.01,6651.0,10072.0,12.01,26.62,16723.0
2025-03-30,15,19171.0,3.15,5.24,6957.0,10064.0,12.75,26.62,17021.0
2025-03-30,16,19192.0,3.28,5.38,8290.0,10415.0,15.79,28.74,18705.0
2025-03-30,17,19545.0,3.2,5.37,9394.0,11029.0,18.66,31.94,20423.0
2025-03-30,18,19853.0,3.04,5.39,9623.0,11066.0,19.35,32.26,20689.0
2025-03-30,19,20011.0,2.92,5.31,9509.0,11058.0,18.96,32.12,20567.0
2025-03-30,20,19971.0,2.82,5.18,9167.0,11032.0,17.9,31.78,20199.0
2025-03-30,21,20385.0,2.87,5.39,7685.0,10743.0,14.66,30.33,18428.0
2025-03-30,22,20050.0,3.22,5.74,5626.0,9656.0,10.57,24.9,15281.0
2025-03-30,23,19444.0,3.91,6.2,4260.0,7943.0,8.34,17.85,12203.0
2025-03-31,0,12930.0,4.49,4.87,4830.0,5194.0,8.97,9.51,10025.0
2025-03-31,1,12886.0,4.8,5.27,4688.0,4863.0,8.92,8.95,9551.0
2025-03-31,2,12720.0,5.22,6.96,4448.0,4853.0,8.76,9.15,9300.0
2025-03-31,3,10566.0,5.5,9.27,4079.0,5675.0,8.74,11.59,9755.0
2025-03-31,4,11747.0,5.51,8.65,4703.0,7891.0,10.77,19.01,12594.0
2025-03-31,5,14207.0,5.32,5.96,6268.0,10120.0,14.02,28.43,16389.0
2025-03-31,6,17557.0,5.0,7.12,9242.0,10921.0,19.17,31.98,20164.0
2025-03-31,7,18440.0,4.94,7.48,10719.0,10724.0,21.17,30.07,21443.0
2025-03-31,8,18160.0,4.48,6.9,10916.0,11117.0,22.49,32.76,22033.0
2025-03-31,9,18375.0,4.09,6.67,9721.0,11105.0,19.61,32.43,20827.0
2025-03-31,10,19141.0,3.92,6.91,7994.0,10868.0,15.26,30.82,18862.0
2025-03-31,11,19072.0,4.02,6.92,6783.0,10568.0,12.34,28.65,17351.0
2025-03-31,12,19025.0,4.24,7.15,6592.0,9927.0,11.9,25.73,16519.0
2025-03-31,13,18914.0,4.57,7.46,6443.0,9363.0,11.61,23.53,15806.0
2025-03-31,14,18081.0,4.88,7.33,6541.0,9323.0,11.94,23.53,15864.0
2025-03-31,15,17236.0,5.06,7.14,6487.0,9304.0,11.94,23.49,15792.0
2025-03-31,16,17623.0,5.17,7.43,7782.0,9687.0,15.02,25.98,17469.0
2025-03-31,17,17117.0,5.0,7.02,8932.0,10534.0,18.09,30.38,19466.0
2025-03-31,18,16686.0,4.62,6.46,9128.0,10933.0,18.48,32.0,20061.0
2025-03-31,19,17455.0,4.27,6.94,9108.0,10986.0,18.04,32.01,20095.0
2025-03-31,20,15642.0,3.83,8.32,9198.0,11009.0,18.11,32.0,20207.0
2025-03-31,21,15311.0,3.36,7.59,7413.0,10751.0,14.21,30.54,18164.0
2025-03-31,22,16663.0,3.23,5.88,5421.0,9538.0,10.18,24.47,14959.0
2025-03-31,23,16798.0,3.65,5.49,3839.0,7797.0,7.67,17.53,11636.0
2025-04-01,0,4095.0,4.1,6.26,4112.0,3819.0,7.18,5.95,7930.0
2025-04-01,1,12277.0,4.35,4.69,5030.0,4668.0,9.34,8.35,9698.0
2025-04-01,2,12534.0,4.67,4.87,4690.0,4593.0,9.06,8.5,9283.0
2025-04-01,3,12482.0,5.03,5.18,4290.0,5423.0,8.91,10.83,9714.0
2025-04-01,4,10841.0,5.11,4.75,4682.0,7728.0,10.58,18.48,12410.0
2025-04-01,5,10924.0,4.68,4.35,6313.0,9986.0,14.05,27.88,16299.0
2025-04-01,6,16026.0,4.04,5.61,9782.0,11019.0,19.99,32.07,20801.0
2025-04-01,7,17429.0,3.43,5.61,11308.0,11249.0,22.96,32.3,22557.0
2025-04-01,8,18714.0,2.92,5.62,10672.0,11194.0,21.64,32.31,21866.0
2025-04-01,9,18825.0,2.57,5.43,9915.0,11126.0,19.93,32.31,21041.0
2025-04-01,10,18906.0,2.36,5.32,8462.0,11000.0,16.38,31.23,19462.0
2025-04-01,11,18794.0,2.4,5.25,6939.0,10602.0,12.77,28.79,17541.0
2025-04-01,12,18575.0,2.58,5.35,6359.0,9977.0,11.45,25.97,16336.0
2025-04-01,13,18419.0,2.84,5.47,6489.0,9470.0,11.63,23.78,15959.0
2025-04-01,14,17614.0,3.09,5.35,6298.0,9443.0,11.31,23.78,15741.0
2025-04-01,15,18083.0,3.29,5.63,6455.0,9409.0,11.71,23.78,15863.0
2025-04-01,16,19596.0,3.55,6.45,8109.0,9781.0,15.57,26.04,17890.0
2025-04-01,17,20864.0,3.6,6.73,9952.0,10621.0,20.31,30.45,20572.0
2025-04-01,18,21254.0,3.59,6.53,10289.0,11028.0,21.01,31.99,21317.0
2025-04-01,19,21340.0,3.57,6.53,10067.0,11068.0,20.19,32.01,21136.0
2025-04-01,20,21588.0,3.57,6.62,10040.0,11121.0,19.92,32.03,21161.0
2025-04-01,21,21648.0,3.72,6.81,8340.0,10778.0,15.76,30.07,19117.0
2025-04-01,22,20045.0,4.12,6.68,6239.0,9464.0,11.34,24.06,15703.0
2025-04-01,23,11557.0,4.35,3.61,4267.0,7616.0,8.11,16.76,11883.0
2025-04-02,0,10910.0,4.33,3.38,5103.0,5097.0,9.36,9.32,10200.0
2025-04-02,1,11143.0,4.43,3.51,4952.0,4786.0,9.35,8.8,9738.0
2025-04-02,2,11275.0,4.61,3.71,4496.0,4713.0,8.81,8.79,9209.0
2025-04-02,3,10944.0,4.77,3.81,4452.0,5534.0,9.17,11.2,9986.0
2025-04-02,4,16846.0,4.94,6.04,5012.0,7676.0,11.05,18.44,12688.0
2025-04-02,5,16541.0,5.31,7.55,6562.0,10095.0,14.5,28.52,16656.0
2025-04-02,6,16172.0,4.92,5.89,10202.0,11093.0,20.99,32.2,21295.0
2025-04-02,7,17116.0,4.21,5.46,11929.0,11259.0,24.62,32.31,23188.0
2025-04-02,8,17555.0,3.52,4.97,11358.0,11211.0,23.4,32.31,22569.0
2025-04-02,9,17918.0,2.95,4.55,10613.0,11164.0,21.85,32.32,21776.0
2025-04-02,10,18731.0,2.62,4.57,8509.0,10911.0,16.61,30.96,19420.0
2025-04-02,11,18884.0,2.68,4.69,6650.0,10455.0,12.25,28.29,17105.0
2025-04-02,12,20390.0,2.99,5.72,6338.0,9882.0,11.59,25.74,16220.0
2025-04-02,13,19662.0,3.46,5.84,6379.0,9512.0,11.51,24.03,15891.0
2025-04-02,14,18298.0,3.78,5.61,6474.0,9525.0,11.72,24.03,16000.0
2025-04-02,15,18472.0,4.01,5.92,6982.0,9534.0,12.77,24.03,16516.0
2025-04-02,16,18832.0,4.13,6.18,8502.0,9902.0,16.47,26.15,18404.0
2025-04-02,17,17850.0,3.95,5.66,9663.0,10805.0,19.72,30.89,20468.0
2025-04-02,18,18126.0,3.6,5.37,9542.0,11167.0,19.28,32.11,20709.0
2025-04-02,19,18420.0,3.31,5.16,9309.0,11204.0,18.34,32.21,20513.0
2025-04-02,20,19395.0,3.08,5.32,9388.0,11256.0,18.39,32.22,20645.0
2025-04-02,21,19467.0,2.97,5.18,8523.0,10985.0,16.45,31.34,19509.0
2025-04-02,22,20078.0,3.11,5.56,6855.0,9678.0,12.54,24.76,16533.0
2025-04-02,23,20908.0,3.77,6.66,5125.0,7913.0,9.47,17.48,13039.0
2025-04-03,0,14234.0,4.51,5.18,5430.0,4903.0,9.84,8.76,10332.0
2025-04-03,1,12459.0,4.82,5.18,5011.0,4681.0,9.38,8.54,9691.0
2025-04-03,2,11066.0,5.09,5.99,4527.0,4796.0,8.75,8.89,9323.0
2025-04-03,3,10232.0,5.19,6.29,4619.0,5333.0,9.38,10.62,9952.0
2025-04-03,4,13853.0,5.25,5.87,4787.0,8024.0,10.81,19.65,12812.0
2025-04-03,5,16433.0,5.29,6.34,6513.0,10178.0,14.48,29.04,16691.0
2025-04-03,6,17998.0,5.04,6.63,9926.0,11020.0,20.45,32.05,20946.0
2025-04-03,7,19140.0,4.63,6.65,10841.0,11178.0,21.92,32.19,22019.0
2025-04-03,8,19304.0,4.29,6.46,10510.0,11171.0,21.29,32.21,21682.0
2025-04-03,9,19421.0,4.02,6.18,9760.0,11117.0,19.56,32.21,20877.0
2025-04-03,10,19391.0,3.89,6.09,8207.0,10993.0,15.75,31.01,19200.0
2025-04-03,11,19239.0,4.02,6.19,6508.0,10555.0,11.97,28.65,17063.0
2025-04-03,12,19287.0,4.31,6.49,6191.0,9824.0,11.3,25.62,16014.0
2025-04-03,13,19378.0,4.69,6.87,6275.0,9348.0,11.21,23.34,15622.0
2025-04-03,14,18490.0,5.09,7.79,6685.0,9354.0,11.85,23.36,16038.0
2025-04-03,15,17469.0,5.24,7.94,7097.0,9304.0,12.82,23.42,16402.0
2025-04-03,16,17700.0,5.27,8.07,8472.0,9842.0,16.24,26.17,18314.0
2025-04-03,17,16733.0,4.99,7.26,9575.0,10738.0,19.29,30.57,20313.0
2025-04-03,18,16391.0,4.46,6.59,9717.0,11144.0,19.41,32.31,20861.0
2025-04-03,19,16761.0,3.94,6.28,9446.0,11163.0,18.63,32.3,20610.0
2025-04-03,20,17539.0,3.49,6.17,9538.0,11209.0,18.57,32.31,20747.0
2025-04-03,21,18246.0,3.2,6.27,8059.0,10924.0,15.14,30.85,18983.0
2025-04-03,22,18394.0,3.28,6.39,6566.0,9600.0,11.73,24.38,16166.0
2025-04-03,23,17777.0,3.7,6.54,4675.0,7869.0,8.67,17.34,12544.0
2025-04-04,0,12601.0,4.15,4.57,5305.0,4712.0,9.61,8.46,10017.0
2025-04-04,1,12278.0,4.43,4.75,4890.0,4618.0,9.15,8.34,9509.0
2025-04-04,2,12196.0,4.74,5.05,4503.0,4798.0,8.75,8.89,9301.0
2025-04-04,3,12132.0,5.03,5.27,4222.0,5665.0,8.81,11.41,9887.0
2025-04-04,4,12090.0,5.11,4.96,4833.0,7958.0,10.74,19.24,12790.0
2025-04-04,5,12982.0,4.8,4.79,6579.0,10198.0,14.58,28.63,16778.0
2025-04-04,6,18503.0,4.37,6.22,10381.0,11094.0,21.32,32.23,21475.0
2025-04-04,7,19593.0,3.94,6.18,11823.0,11291.0,24.13,32.41,23114.0
2025-04-04,8,19453.0,3.51,5.7,11249.0,11269.0,22.82,32.41,22518.0
2025-04-04,9,19882.0,3.18,5.56,10039.0,11252.0,19.95,32.41,21291.0
2025-04-04,10,19961.0,3.08,5.53,8544.0,11006.0,16.14,31.06,19550.0
2025-04-04,11,19691.0,3.19,5.6,7087.0,10578.0,12.7,28.63,17665.0
2025-04-04,12,19823.0,3.46,5.93,7062.0,9903.0,12.46,25.63,16965.0
2025-04-04,13,19621.0,3.78,6.13,7065.0,9370.0,12.46,23.38,16435.0
2025-04-04,14,19837.0,4.16,6.57,6813.0,9328.0,12.06,23.34,16142.0
2025-04-04,15,19780.0,4.55,6.87,7189.0,9333.0,12.85,23.34,16522.0
2025-04-04,16,18446.0,4.78,6.6,8621.0,9866.0,16.37,26.23,18487.0
2025-04-04,17,17182.0,4.45,5.8,9810.0,10780.0,19.8,30.8,20590.0
2025-04-04,18,18064.0,4.04,5.63,9925.0,11138.0,19.97,32.29,21063.0
2025-04-04,19,18338.0,3.68,5.39,9613.0,11165.0,19.18,32.31,20779.0
2025-04-04,20,18593.0,3.38,5.19,9389.0,11168.0,18.34,32.32,20557.0
2025-04-04,21,18649.0,3.2,5.03,8108.0,10878.0,15.36,30.74,18985.0
2025-04-04,22,19865.0,3.32,5.67,6559.0,9531.0,11.85,24.2,16091.0
2025-04-04,23,18312.0,3.94,8.65,4714.0,7880.0,8.73,17.38,12594.0
2025-04-05,0,13331.0,4.46,6.87,5486.0,4789.0,9.81,8.42,10275.0
2025-04-05,1,12520.0,4.79,6.93,4885.0,4562.0,9.06,8.34,9447.0
2025-04-05,2,11676.0,5.12,7.91,4477.0,4763.0,8.63,8.85,9240.0
2025-04-05,3,10875.0,5.36,8.12,4262.0,5574.0,8.86,11.21,9836.0
2025-04-05,4,11218.0,5.39,7.81,4725.0,7840.0,10.63,19.23,12566.0
2025-04-05,5,14752.0,5.23,5.7,6126.0,10075.0,13.69,28.12,16201.0
2025-04-05,6,18892.0,5.0,6.93,9713.0,11150.0,19.83,32.12,20863.0
2025-04-05,7,19615.0,4.61,6.88,11756.0,11381.0,24.13,32.3,23138.0
2025-04-05,8,19893.0,4.18,6.56,11679.0,11382.0,23.9,32.31,23061.0
2025-04-05,9,20076.0,3.78,6.22,11407.0,11322.0,23.34,32.32,22729.0
2025-04-05,10,20193.0,3.51,5.99,10166.0,11013.0,20.06,31.24,21178.0
2025-04-05,11,20104.0,3.45,5.94,9064.0,10580.0,17.27,29.23,19644.0
2025-04-05,12,19720.0,3.5,5.9,8513.0,10115.0,15.91,27.14,18627.0
2025-04-05,13,19513.0,3.65,5.96,7768.0,9917.0,14.16,26.02,17685.0
2025-04-05,14,18747.0,3.81,5.86,7435.0,9906.0,13.43,26.02,17341.0
2025-04-05,15,18110.0,3.91,5.6,7534.0,9923.0,13.71,26.02,17456.0
2025-04-05,16,17748.0,3.86,5.44,8638.0,10280.0,16.37,28.12,18918.0
2025-04-05,17,18479.0,3.59,5.44,9921.0,11056.0,19.73,31.95,20977.0
2025-04-05,18,18855.0,3.23,5.18,10512.0,11203.0,21.17,32.41,21716.0
2025-04-05,19,19368.0,2.91,5.04,9923.0,11224.0,19.79,32.51,21146.0
2025-04-05,20,20041.0,2.74,5.1,9438.0,11114.0,18.44,31.8,20553.0
2025-04-05,21,20382.0,2.73,5.3,8279.0,10734.0,15.7,29.97,19013.0
2025-04-05,22,21082.0,3.05,5.95,6623.0,9654.0,11.89,24.67,16277.0
2025-04-05,23,20834.0,3.74,6.57,5252.0,8161.0,9.42,18.28,13413.0
2025-04-06,0,14873.0,4.43,5.92,5373.0,5353.0,9.5,9.51,10726.0
2025-04-06,1,12196.0,4.74,6.01,5433.0,5170.0,9.69,8.76,10602.0
2025-04-06,2,12314.0,4.93,6.16,5133.0,4783.0,9.66,8.93,9917.0
2025-04-06,3,11178.0,5.15,6.31,4461.0,5476.0,9.08,11.15,9937.0
2025-04-06,4,12248.0,5.19,5.37,4698.0,7728.0,10.48,18.44,12426.0
2025-04-06,5,12669.0,4.98,4.81,5891.0,10039.0,13.32,27.87,15930.0
2025-04-06,6,16113.0,4.49,5.46,8783.0,11087.0,18.16,32.0,19870.0
2025-04-06,7,19304.0,4.11,6.24,10938.0,11263.0,22.37,32.0,22201.0
2025-04-06,8,19571.0,3.68,5.89,11560.0,11304.0,23.64,32.01,22864.0
2025-04-06,9,19805.0,3.25,5.58,11509.0,11330.0,23.35,32.02,22839.0
2025-04-06,10,19926.0,2.9,5.36,10587.0,11247.0,20.75,31.26,21834.0
2025-04-06,11,20062.0,2.72,5.24,9681.0,10865.0,18.27,29.36,20546.0
2025-04-06,12,20585.0,2.71,5.44,8915.0,10436.0,16.45,27.69,19350.0
2025-04-06,13,20587.0,2.9,5.63,8022.0,10189.0,14.49,26.53,18211.0
2025-04-06,14,20388.0,3.18,5.81,7394.0,10179.0,13.3,26.53,17573.0
2025-04-06,15,19627.0,3.43,5.72,7509.0,10126.0,13.59,26.53,17635.0
2025-04-06,16,19637.0,3.55,5.79,8902.0,10517.0,16.95,28.75,19418.0
2025-04-06,17,19799.0,3.42,5.69,9882.0,11160.0,19.7,31.93,21042.0
2025-04-06,18,20005.0,3.24,5.66,10046.0,11221.0,20.01,32.21,21267.0
2025-04-06,19,20285.0,3.07,5.65,9772.0,11212.0,19.41,32.23,20984.0
2025-04-06,20,20624.0,3.02,5.73,9153.0,11159.0,17.7,31.58,20312.0
2025-04-06,21,20514.0,3.11,5.76,7881.0,10760.0,14.93,30.08,18641.0
2025-04-06,22,19319.0,3.38,5.5,5723.0,9688.0,10.6,24.99,15411.0
2025-04-06,23,19179.0,4.02,6.1,4184.0,7814.0,8.23,17.9,11998.0
2025-04-07,0,13181.0,4.67,5.72,5107.0,4814.0,9.31,8.8,9921.0
2025-04-07,1,10817.0,4.87,5.79,4801.0,4675.0,8.93,8.54,9476.0
2025-04-07,2,10885.0,5.04,6.0,4393.0,4683.0,8.57,8.76,9076.0
2025-04-07,3,10417.0,5.21,6.54,3956.0,5543.0,8.42,11.12,9499.0
2025-04-07,4,13715.0,5.34,6.46,4349.0,7904.0,10.1,19.06,12253.0
2025-04-07,5,16468.0,5.43,7.78,5902.0,10205.0,13.37,28.45,16106.0
2025-04-07,6,19050.0,5.34,8.63,9659.0,11143.0,19.65,31.99,20802.0
2025-04-07,7,19779.0,4.98,7.28,11496.0,11323.0,23.3,32.14,22819.0
2025-04-07,8,19272.0,4.58,6.72,11030.0,11365.0,22.12,32.29,22395.0
2025-04-07,9,19222.0,4.24,6.32,9805.0,11210.0,19.52,32.28,21015.0
2025-04-07,10,19341.0,4.1,6.26,8671.0,10961.0,16.9,30.87,19632.0
2025-04-07,11,19274.0,4.07,6.29,8382.0,10527.0,15.81,28.72,18909.0
2025-04-07,12,19270.0,4.11,6.2,7963.0,10178.0,14.81,27.1,18141.0
2025-04-07,13,19163.0,4.28,6.38,6997.0,10023.0,12.72,26.26,17021.0
2025-04-07,14,19006.0,4.49,6.53,6849.0,10070.0,12.44,26.33,16919.0
2025-04-07,15,19032.0,4.7,6.72,7111.0,10079.0,13.06,26.33,17191.0
2025-04-07,16,18591.0,4.8,6.67,8358.0,10494.0,16.08,28.92,18852.0
2025-04-07,17,18169.0,4.57,6.51,9634.0,11069.0,19.35,31.98,20704.0
2025-04-07,18,18258.0,4.22,6.56,9974.0,11052.0,20.19,32.21,21025.0
2025-04-07,19,18456.0,3.87,6.34,9903.0,11069.0,19.81,32.18,20972.0
2025-04-07,20,18359.0,3.55,6.41,9630.0,11057.0,18.93,31.64,20687.0
2025-04-07,21,19004.0,3.36,6.87,8106.0,10676.0,15.3,29.81,18782.0
2025-04-07,22,19448.0,3.57,7.27,5942.0,9623.0,10.84,24.75,15565.0
2025-04-07,23,17887.0,4.19,9.33,4356.0,7779.0,8.37,17.63,12135.0
2025-04-08,0,6584.0,4.64,7.39,4554.0,4243.0,7.92,7.05,8797.0
2025-04-08,1,10800.0,4.81,6.67,4986.0,4649.0,9.23,8.46,9635.0
2025-04-08,2,10116.0,4.94,7.26,4540.0,4700.0,8.81,8.82,9240.0
2025-04-08,3,11555.0,5.09,8.42,4172.0,5547.0,8.75,11.27,9719.0
2025-04-08,4,13003.0,5.26,6.46,4800.0,7773.0,10.75,18.76,12573.0
2025-04-08,5,13373.0,5.07,5.42,6480.0,10073.0,14.31,28.39,16553.0
2025-04-08,6,16749.0,4.58,6.2,10163.0,11121.0,20.73,32.26,21285.0
2025-04-08,7,18811.0,4.01,6.61,11441.0,11294.0,23.16,32.5,22735.0
2025-04-08,8,19267.0,3.56,6.39,11143.0,11215.0,22.61,32.47,22359.0
2025-04-08,9,19276.0,3.2,6.07,10213.0,11158.0,20.49,32.28,21371.0
2025-04-08,10,19731.0,3.04,6.11,8573.0,10958.0,16.3,31.06,19531.0
2025-04-08,11,19594.0,3.15,6.16,7124.0,10504.0,12.83,28.55,17628.0
2025-04-08,12,18917.0,3.41,6.09,6595.0,9866.0,11.71,25.85,16461.0
2025-04-08,13,18924.0,3.68,6.4,6687.0,9334.0,11.95,23.53,16022.0
2025-04-08,14,18561.0,3.99,6.52,6526.0,9314.0,11.74,23.53,15840.0
2025-04-08,15,17993.0,4.25,6.47,6964.0,9343.0,12.51,23.53,16307.0
2025-04-08,16,18457.0,4.31,6.68,8804.0,9792.0,16.97,26.14,18596.0
2025-04-08,17,19040.0,4.15,6.81,10046.0,10664.0,20.47,30.32,20711.0
2025-04-08,18,19306.0,3.88,6.71,10042.0,11166.0,20.11,32.23,21208.0
2025-04-08,19,19476.0,3.66,6.5,9720.0,11241.0,19.17,32.21,20961.0
2025-04-08,20,20270.0,3.5,6.8,9628.0,11185.0,18.93,32.2,20813.0
2025-04-08,21,20307.0,3.5,6.85,8298.0,10883.0,15.79,30.75,19181.0
2025-04-08,22,20132.0,3.74,6.99,6651.0,9498.0,12.07,24.2,16149.0
2025-04-08,23,19423.0,4.37,7.29,4859.0,7822.0,8.99,17.38,12681.0
2025-04-09,0,11502.0,4.87,5.87,5418.0,4722.0,9.66,8.46,10140.0
2025-04-09,1,11244.0,5.02,6.08,4971.0,4537.0,9.22,8.34,9508.0
2025-04-09,2,11300.0,5.23,6.38,4688.0,4653.0,8.99,8.72,9341.0
2025-04-09,3,10110.0,5.38,8.51,4280.0,5462.0,8.8,11.01,9742.0
2025-04-09,4,11759.0,5.38,7.63,4892.0,7800.0,10.77,18.76,12692.0
2025-04-09,5,13061.0,5.1,5.35,6629.0,10019.0,14.5,28.01,16648.0
2025-04-09,6,17490.0,4.6,6.57,10356.0,11142.0,21.21,32.32,21498.0
2025-04-09,7,18936.0,4.07,6.69,11874.0,11330.0,24.22,32.4,23204.0
2025-04-09,8,19159.0,3.57,6.34,11263.0,11250.0,22.89,32.41,22513.0
2025-04-09,9,19403.0,3.2,6.06,10401.0,11216.0,20.98,32.41,21617.0
2025-04-09,10,19433.0,3.0,5.93,8720.0,11051.0,16.68,31.44,19770.0
2025-04-09,11,19342.0,3.04,5.95,7058.0,10639.0,12.83,29.15,17697.0
2025-04-09,12,19184.0,3.28,6.12,6521.0,9993.0,11.74,26.14,16514.0
2025-04-09,13,18673.0,3.55,6.15,6907.0,9525.0,12.22,24.02,16432.0
2025-04-09,14,17860.0,3.73,5.94,6866.0,9453.0,12.37,24.03,16319.0
2025-04-09,15,17235.0,3.85,5.86,7155.0,9471.0,13.04,24.03,16626.0
2025-04-09,16,18409.0,3.86,6.28,8509.0,9798.0,16.41,26.31,18307.0
2025-04-09,17,18803.0,3.75,6.34,9473.0,10701.0,19.19,30.47,20174.0
2025-04-09,18,19178.0,3.5,6.27,10255.0,11135.0,20.56,32.01,21390.0
2025-04-09,19,19252.0,3.22,6.01,9942.0,11109.0,19.83,32.0,21051.0
2025-04-09,20,19548.0,3.0,6.01,9727.0,11221.0,19.06,32.4,20948.0
2025-04-09,21,19645.0,2.89,5.9,8422.0,10902.0,15.99,30.93,19323.0
2025-04-09,22,20234.0,3.09,6.4,6548.0,9664.0,11.73,24.71,16212.0
2025-04-09,23,19648.0,3.73,6.77,4776.0,7923.0,8.87,17.73,12699.0
2025-04-10,0,13826.0,4.37,4.87,4914.0,5140.0,8.98,9.56,10054.0
2025-04-10,1,11016.0,4.65,5.52,4803.0,4668.0,8.99,8.78,9471.0
2025-04-10,2,10980.0,4.82,5.73,4475.0,4709.0,8.76,8.99,9183.0
2025-04-10,3,11966.0,5.05,5.15,4158.0,5328.0,8.76,10.92,9486.0
2025-04-10,4,12204.0,5.19,5.15,4745.0,7511.0,10.53,18.01,12257.0
2025-04-10,5,12674.0,4.92,5.07,6540.0,9993.0,14.35,27.79,16532.0
2025-04-10,6,16733.0,4.4,6.08,9944.0,11068.0,20.19,31.97,21012.0
2025-04-10,7,18690.0,3.87,6.41,11613.0,11245.0,23.55,32.05,22858.0
2025-04-10,8,18980.0,3.41,6.02,10913.0,11233.0,22.09,32.29,22146.0
2025-04-10,9,19348.0,3.07,5.93,9756.0,11184.0,20.02,32.18,20940.0
2025-04-10,10,19625.0,2.95,5.96,8317.0,11010.0,16.27,30.76,19326.0
2025-04-10,11,19503.0,3.06,6.02,6720.0,10616.0,12.45,28.64,17336.0
2025-04-10,12,19392.0,3.35,6.29,6545.0,9975.0,11.66,25.89,16520.0
2025-04-10,13,19012.0,3.64,6.35,6796.0,9473.0,12.02,23.93,16269.0
2025-04-10,14,19148.0,3.95,6.71,6644.0,9466.0,11.96,23.94,16110.0
2025-04-10,15,19004.0,4.27,6.96,6955.0,9469.0,12.48,23.93,16424.0
2025-04-10,16,19548.0,4.49,7.47,8423.0,9872.0,16.06,26.49,18295.0
2025-04-10,17,19380.0,4.45,7.27,9846.0,10713.0,19.88,30.65,20559.0
2025-04-10,18,18857.0,4.21,6.78,9946.0,11096.0,19.96,32.12,21042.0
2025-04-10,19,19102.0,3.95,6.66,9642.0,11159.0,19.2,32.32,20801.0
2025-04-10,20,19239.0,3.73,6.5,9468.0,11214.0,18.67,32.42,20682.0
2025-04-10,21,17352.0,3.53,8.79,8106.0,10859.0,15.35,30.62,18965.0
2025-04-10,22,18241.0,3.53,9.57,6309.0,9613.0,11.43,24.48,15923.0
2025-04-10,23,15408.0,3.89,7.63,4448.0,7903.0,8.35,17.61,12351.0
2025-04-11,0,12379.0,4.28,6.14,5099.0,4831.0,9.23,8.73,9931.0
2025-04-11,1,11421.0,4.46,5.65,4974.0,4641.0,9.24,8.55,9615.0
2025-04-11,2,11055.0,4.64,5.62,4684.0,4661.0,9.03,8.72,9345.0
2025-04-11,3,12542.0,4.88,5.07,4190.0,5548.0,8.72,11.21,9738.0
2025-04-11,4,13594.0,5.12,5.56,4619.0,7896.0,10.48,19.16,12515.0
2025-04-11,5,14519.0,5.0,5.78,6412.0,10135.0,14.19,28.64,16547.0
2025-04-11,6,17752.0,4.68,6.76,10096.0,11099.0,20.83,32.13,21195.0
2025-04-11,7,18284.0,4.14,6.49,11586.0,11281.0,23.92,32.41,22867.0
2025-04-11,8,18698.0,3.63,6.14,11053.0,11247.0,22.29,32.32,22300.0
2025-04-11,9,18910.0,3.21,5.85,10448.0,11239.0,20.81,32.31,21687.0
2025-04-11,10,18996.0,2.94,5.67,8876.0,11021.0,16.75,31.07,19897.0
2025-04-11,11,18979.0,2.93,5.65,7345.0,10586.0,13.09,28.61,17931.0
2025-04-11,12,19583.0,3.12,6.18,7008.0,9923.0,12.44,25.85,16931.0
2025-04-11,13,19783.0,3.46,6.53,7046.0,9390.0,12.37,23.53,16436.0
2025-04-11,14,20052.0,3.85,7.07,6875.0,9400.0,12.12,23.53,16275.0
2025-04-11,15,20291.0,4.28,7.58,7188.0,9402.0,12.78,23.54,16590.0
2025-04-11,16,19464.0,4.54,7.44,8969.0,9854.0,17.11,26.19,18823.0
2025-04-11,17,18368.0,4.39,6.77,10134.0,10739.0,20.51,30.73,20873.0
2025-04-11,18,17355.0,3.99,5.97,9679.0,11063.0,19.4,32.0,20742.0
2025-04-11,19,17455.0,3.59,5.61,9215.0,11048.0,18.23,32.0,20263.0
2025-04-11,20,17730.0,3.22,5.33,9558.0,11223.0,18.81,32.01,20781.0
2025-04-11,21,18454.0,2.91,5.39,8527.0,10996.0,16.37,30.66,19524.0
2025-04-11,22,19350.0,2.99,5.84,6685.0,9726.0,12.2,24.36,16410.0
2025-04-11,23,19081.0,3.49,6.24,5385.0,8122.0,9.72,17.64,13507.0
2025-04-12,0,14593.0,4.03,4.78,5764.0,5216.0,10.18,8.48,10981.0
2025-04-12,1,13700.0,4.37,4.79,5532.0,5011.0,10.02,8.35,10542.0
2025-04-12,2,13563.0,4.73,5.09,5073.0,5161.0,9.5,8.9,10234.0
2025-04-12,3,13313.0,5.06,5.34,4831.0,5924.0,9.62,11.4,10755.0
2025-04-12,4,13594.0,5.22,5.64,4964.0,8140.0,10.93,19.56,13105.0
2025-04-12,5,13583.0,5.11,5.53,5582.0,10054.0,12.73,28.18,15636.0
2025-04-12,6,16155.0,4.74,6.21,8340.0,11008.0,16.74,31.92,19349.0
2025-04-12,7,17697.0,4.31,6.41,10281.0,11192.0,20.2,32.08,21474.0
2025-04-12,8,17957.0,3.79,6.0,10791.0,11229.0,21.35,32.11,22020.0
2025-04-12,9,18378.0,3.32,5.75,10346.0,11265.0,20.13,32.11,21611.0
2025-04-12,10,18439.0,2.95,5.46,9909.0,11031.0,19.05,31.15,20940.0
2025-04-12,11,18406.0,2.66,5.2,9337.0,10624.0,17.79,29.04,19962.0
2025-04-12,12,18737.0,2.56,5.25,8248.0,10230.0,15.36,27.27,18478.0
2025-04-12,13,18529.0,2.62,5.2,7497.0,10080.0,13.54,26.24,17577.0
2025-04-12,14,18349.0,2.7,5.18,7263.0,10045.0,13.25,26.22,17308.0
2025-04-12,15,18854.0,2.83,5.49,7372.0,10036.0,13.52,26.23,17408.0
2025-04-12,16,19183.0,2.91,5.65,8311.0,10484.0,15.82,28.56,18795.0
2025-04-12,17,20222.0,2.9,6.2,9034.0,11085.0,17.63,31.52,20118.0
2025-04-12,18,20339.0,2.89,6.22,8983.0,11134.0,17.65,32.0,20118.0
2025-04-12,19,20494.0,2.93,6.27,8264.0,11107.0,16.17,32.01,19371.0
2025-04-12,20,20025.0,3.06,6.18,7329.0,11015.0,14.01,31.35,18344.0
2025-04-12,21,19791.0,3.29,6.39,6130.0,10721.0,11.76,29.86,16851.0
2025-04-12,22,19692.0,3.75,6.76,4846.0,9527.0,9.33,24.14,14373.0
2025-04-12,23,18219.0,4.42,6.75,4149.0,7759.0,8.1,17.17,11908.0
2025-04-13,0,11447.0,4.9,7.22,5397.0,4733.0,9.74,8.47,10130.0
2025-04-13,1,10987.0,5.02,7.03,4908.0,4569.0,9.18,8.33,9477.0
2025-04-13,2,10363.0,5.19,7.59,4478.0,4694.0,8.67,8.73,9172.0
2025-04-13,3,10604.0,5.34,8.21,4162.0,5540.0,8.75,11.15,9702.0
2025-04-13,4,10920.0,5.34,8.75,4385.0,7636.0,10.21,18.63,12020.0
2025-04-13,5,13216.0,5.21,6.78,4691.0,9923.0,11.4,27.83,14614.0
2025-04-13,6,15662.0,4.92,6.18,7250.0,10906.0,14.99,31.89,18156.0
2025-04-13,7,17373.0,4.6,6.54,9077.0,11049.0,17.86,32.0,20126.0
2025-04-13,8,17633.0,4.21,6.22,9723.0,11175.0,19.07,32.27,20898.0
2025-04-13,9,17962.0,3.8,5.98,9500.0,11261.0,18.6,32.31,20761.0
2025-04-13,10,18115.0,3.5,5.81,8977.0,10934.0,17.39,31.01,19912.0
2025-04-13,11,18177.0,3.33,5.64,8554.0,10425.0,16.42,28.8,18979.0
2025-04-13,12,17916.0,3.27,5.5,7404.0,10075.0,13.85,27.07,17479.0
2025-04-13,13,17782.0,3.35,5.5,6715.0,9910.0,12.33,26.02,16625.0
2025-04-13,14,17653.0,3.48,5.58,6408.0,9904.0,11.9,26.03,16312.0
2025-04-13,15,17579.0,3.62,5.67,6452.0,9936.0,12.08,26.03,16387.0
2025-04-13,16,17372.0,3.63,5.61,7672.0,10357.0,14.81,28.48,18029.0
2025-04-13,17,17888.0,3.47,5.66,8374.0,11007.0,16.41,31.75,19381.0
2025-04-13,18,17364.0,3.23,5.19,8579.0,11134.0,16.7,32.19,19713.0
2025-04-13,19,18651.0,3.01,5.58,7825.0,11119.0,15.27,32.21,18944.0
2025-04-13,20,18839.0,3.04,5.71,6781.0,11048.0,13.15,31.66,17828.0
2025-04-13,21,18324.0,3.21,5.63,5729.0,10659.0,11.22,29.82,16388.0
2025-04-13,22,16175.0,3.39,4.89,4568.0,9766.0,9.18,25.58,14334.0
2025-04-13,23,16365.0,3.75,5.3,4178.0,7659.0,8.33,17.14,11837.0
2025-04-14,0,11404.0,4.13,3.93,5030.0,4721.0,9.2,8.59,9752.0
2025-04-14,1,10880.0,4.25,3.9,4835.0,4610.0,9.12,8.54,9445.0
2025-04-14,2,10669.0,4.41,4.0,4462.0,4666.0,8.76,8.77,9128.0
2025-04-14,3,9685.0,4.49,3.84,4201.0,5318.0,8.85,10.76,9519.0
2025-04-14,4,9541.0,4.35,3.71,4163.0,7651.0,9.9,18.56,11814.0
2025-04-14,5,11372.0,4.0,3.78,4412.0,9928.0,11.12,27.7,14341.0
2025-04-14,6,15750.0,3.69,5.0,6504.0,10940.0,13.85,31.6,17444.0
2025-04-14,7,17737.0,3.5,5.52,8365.0,11033.0,16.84,31.88,19399.0
2025-04-14,8,18891.0,3.3,5.89,8906.0,10997.0,17.89,31.9,19903.0
2025-04-14,9,19360.0,3.16,6.01,8899.0,10973.0,17.95,31.92,19872.0
2025-04-14,10,20140.0,3.17,6.51,8032.0,10837.0,16.2,30.96,18869.0
2025-04-14,11,20364.0,3.38,6.75,7233.0,10438.0,14.4,28.94,17671.0
2025-04-14,12,20599.0,3.74,7.2,6466.0,10159.0,12.66,27.34,16624.0
2025-04-14,13,19859.0,4.2,7.3,5837.0,9977.0,11.13,26.02,15814.0
2025-04-14,14,16140.0,4.49,8.47,5787.0,9939.0,11.23,26.03,15726.0
2025-04-14,15,15239.0,4.41,6.01,5823.0,9858.0,11.44,26.02,15681.0
2025-04-14,16,15968.0,4.3,5.77,6789.0,10293.0,13.48,28.44,17082.0
2025-04-14,17,16398.0,4.07,5.67,7600.0,10997.0,15.28,31.61,18597.0
2025-04-14,18,16673.0,3.81,5.53,7568.0,11011.0,15.26,31.91,18579.0
2025-04-14,19,16838.0,3.58,5.39,7174.0,11029.0,14.33,31.89,18203.0
2025-04-14,20,16899.0,3.44,5.27,6564.0,11003.0,13.09,31.45,17567.0
2025-04-14,21,16951.0,3.42,5.27,5515.0,10708.0,11.18,30.01,16222.0
2025-04-14,22,16694.0,3.6,5.34,4384.0,9511.0,8.94,24.26,13895.0
2025-04-14,23,16066.0,4.02,5.52,4088.0,7490.0,8.15,16.51,11578.0
2025-04-15,0,11830.0,4.46,5.67,4523.0,4985.0,8.58,9.41,9508.0
2025-04-15,1,10551.0,4.63,5.35,4494.0,4647.0,8.63,8.74,9140.0
2025-04-15,2,9979.0,4.76,5.21,4150.0,4647.0,8.27,8.79,8797.0
2025-04-15,3,10869.0,4.9,4.7,4116.0,5131.0,8.71,10.42,9248.0
2025-04-15,4,11689.0,4.97,4.82,4231.0,7639.0,10.26,18.77,11870.0
2025-04-15,5,12671.0,4.85,5.03,4189.0,9832.0,11.0,28.02,14021.0
2025-04-15,6,15897.0,4.69,6.09,6075.0,10725.0,13.3,31.57,16801.0
2025-04-15,7,16937.0,4.5,6.28,8127.0,10939.0,16.35,31.8,19065.0
2025-04-15,8,17229.0,4.13,6.03,9673.0,11061.0,19.22,31.8,20734.0
2025-04-15,9,17546.0,3.67,5.68,9840.0,11077.0,19.66,31.81,20917.0
2025-04-15,10,18411.0,3.35,5.82,8997.0,10858.0,17.52,30.79,19855.0
2025-04-15,11,18491.0,3.24,5.74,8164.0,10507.0,15.72,29.09,18671.0
2025-04-15,12,18593.0,3.27,5.85,7060.0,10165.0,13.34,27.42,17225.0
2025-04-15,13,18503.0,3.49,5.98,6057.0,9977.0,11.49,26.52,16034.0
2025-04-15,14,18502.0,3.78,6.27,5707.0,9990.0,10.99,26.52,15696.0
2025-04-15,15,18484.0,4.07,6.5,6007.0,9973.0,11.43,26.52,15980.0
2025-04-15,16,18434.0,4.24,6.64,7439.0,10260.0,14.41,28.1,17700.0
2025-04-15,17,17749.0,4.17,6.27,8097.0,11016.0,16.03,31.91,19113.0
2025-04-15,18,17459.0,3.98,5.99,7688.0,11060.0,15.2,32.27,18748.0
2025-04-15,19,16758.0,3.82,5.54,6859.0,11044.0,13.65,32.17,17903.0
2025-04-15,20,16871.0,3.7,5.48,6441.0,11021.0,12.61,31.52,17462.0
2025-04-15,21,16213.0,3.65,5.14,5382.0,10639.0,10.92,30.13,16021.0
2025-04-15,22,15533.0,3.74,5.01,4296.0,9390.0,8.82,24.06,13686.0
2025-04-15,23,14622.0,4.02,4.98,3885.0,7678.0,8.03,17.32,11563.0
2025-04-16,0,11896.0,4.32,4.76,4573.0,4883.0,8.54,9.07,9457.0
2025-04-16,1,11648.0,4.6,5.01,4479.0,4663.0,8.57,8.76,9142.0
2025-04-16,2,11409.0,4.87,5.05,4166.0,4662.0,8.28,8.88,8828.0
2025-04-16,3,11192.0,5.13,5.21,4114.0,5136.0,8.58,10.33,9250.0
2025-04-16,4,10495.0,5.16,5.25,4243.0,7561.0,9.98,18.31,11805.0
2025-04-16,5,11727.0,4.89,4.76,4470.0,9911.0,11.28,27.9,14382.0
2025-04-16,6,15543.0,4.6,5.81,6589.0,10665.0,14.22,31.39,17254.0
2025-04-16,7,17147.0,4.38,6.22,8068.0,10836.0,16.22,31.5,18904.0
2025-04-16,8,17648.0,4.11,6.21,8779.0,11018.0,17.3,31.93,19797.0
2025-04-16,9,17860.0,3.83,6.04,8929.0,11076.0,17.4,32.01,20005.0
2025-04-16,10,18019.0,3.58,5.87,8440.0,10905.0,16.28,31.21,19345.0
2025-04-16,11,18068.0,3.44,5.77,8211.0,10425.0,15.65,28.93,18636.0
2025-04-16,12,17705.0,3.39,5.54,7374.0,10113.0,13.72,27.31,17487.0
2025-04-16,13,17386.0,3.43,5.42,6542.0,9964.0,12.03,26.22,16506.0
2025-04-16,14,17330.0,3.53,5.49,6165.0,9922.0,11.46,26.22,16086.0
2025-04-16,15,17008.0,3.63,5.48,6357.0,9915.0,11.94,26.22,16271.0
2025-04-16,16,16911.0,3.64,5.42,7201.0,10225.0,13.83,28.22,17426.0
2025-04-16,17,16774.0,3.42,5.08,8236.0,10851.0,16.37,31.43,19087.0
2025-04-16,18,17800.0,3.16,5.34,8368.0,10913.0,16.56,31.73,19281.0
2025-04-16,19,18185.0,2.98,5.31,8363.0,10982.0,16.38,31.81,19346.0
2025-04-16,20,18259.0,2.84,5.23,7784.0,10998.0,14.89,31.46,18782.0
2025-04-16,21,18198.0,2.85,5.24,6227.0,10715.0,11.89,30.01,16942.0
2025-04-16,22,18058.0,3.11,5.39,4748.0,9567.0,9.32,24.54,14315.0
2025-04-16,23,17412.0,3.66,5.65,3955.0,7793.0,7.94,17.53,11748.0
2025-04-17,0,13130.0,4.18,4.46,5117.0,4604.0,9.44,8.44,9721.0
2025-04-17,1,12230.0,4.54,4.52,4597.0,4472.0,8.74,8.25,9069.0
2025-04-17,2,11498.0,4.85,4.62,4339.0,4579.0,8.59,8.62,8918.0
2025-04-17,3,11000.0,5.08,4.7,3850.0,5490.0,8.36,11.11,9340.0
2025-04-17,4,11721.0,5.16,4.97,4233.0,7649.0,9.99,18.39,11882.0
2025-04-17,5,12154.0,4.95,4.92,5479.0,9863.0,12.88,27.94,15342.0
2025-04-17,6,15913.0,4.49,5.87,8824.0,10817.0,18.29,31.7,19641.0
2025-04-17,7,17768.0,4.0,6.11,10527.0,11021.0,21.52,31.85,21548.0
2025-04-17,8,18495.0,3.56,6.03,10541.0,11085.0,21.34,32.0,21626.0
2025-04-17,9,18759.0,3.18,5.74,10027.0,11055.0,20.11,32.0,21082.0
2025-04-17,10,18780.0,2.95,5.66,8503.0,10910.0,16.31,31.19,19413.0
2025-04-17,11,18640.0,2.96,5.57,7113.0,10591.0,12.88,28.89,17704.0
2025-04-17,12,18546.0,3.09,5.64,6825.0,10003.0,12.23,26.02,16829.0
2025-04-17,13,18394.0,3.29,5.73,6868.0,9479.0,12.21,24.04,16346.0
2025-04-17,14,18294.0,3.52,5.95,6666.0,9458.0,12.05,24.03,16124.0
2025-04-17,15,18430.0,3.76,6.16,6714.0,9416.0,12.22,24.03,16130.0
2025-04-17,16,19020.0,3.96,6.69,8125.0,9822.0,15.6,26.37,17947.0
2025-04-17,17,19115.0,3.91,6.61,9513.0,10692.0,19.15,30.45,20204.0
2025-04-17,18,19323.0,3.71,6.54,9587.0,11047.0,19.23,32.0,20634.0
2025-04-17,19,19819.0,3.58,6.66,9296.0,11062.0,18.44,32.0,20358.0
2025-04-17,20,19562.0,3.49,6.38,8977.0,11081.0,17.61,32.02,20058.0
2025-04-17,21,19375.0,3.47,6.33,7512.0,10779.0,14.5,30.48,18291.0
2025-04-17,22,19064.0,3.71,6.42,5743.0,9648.0,10.84,24.8,15391.0
2025-04-17,23,17867.0,4.26,6.46,4464.0,7830.0,8.62,17.45,12294.0
2025-04-18,0,12007.0,4.78,6.76,5013.0,4986.0,9.26,9.15,9999.0
2025-04-18,1,9973.0,4.84,5.29,4802.0,4749.0,9.14,8.78,9551.0
2025-04-18,2,9552.0,4.88,5.15,4313.0,4699.0,8.53,8.9,9012.0
2025-04-18,3,10058.0,4.94,4.4,3986.0,5504.0,8.52,11.22,9489.0
2025-04-18,4,10280.0,4.84,4.33,4727.0,7730.0,10.7,18.63,12457.0
2025-04-18,5,11721.0,4.44,4.25,6168.0,9944.0,13.94,27.87,16113.0
2025-04-18,6,16593.0,3.88,5.49,9669.0,11126.0,19.87,31.92,20795.0
2025-04-18,7,18131.0,3.34,5.57,11471.0,11270.0,23.55,32.0,22741.0
2025-04-18,8,18599.0,2.8,5.27,10938.0,11258.0,22.41,32.24,22195.0
2025-04-18,9,19216.0,2.43,5.27,10156.0,11186.0,20.43,32.21,21342.0
2025-04-18,10,19043.0,2.24,5.11,8559.0,11002.0,16.39,31.15,19561.0
2025-04-18,11,19499.0,2.3,5.32,6978.0,10486.0,12.66,28.42,17465.0
2025-04-18,12,19311.0,2.55,5.46,6588.0,9938.0,11.78,26.01,16526.0
2025-04-18,13,19106.0,2.88,5.67,6541.0,9470.0,11.67,24.03,16011.0
2025-04-18,14,19441.0,3.25,6.2,6419.0,9490.0,11.52,24.03,15909.0
2025-04-18,15,19506.0,3.6,6.58,7113.0,9456.0,12.93,24.03,16569.0
2025-04-18,16,19860.0,3.86,7.03,8529.0,9802.0,16.42,26.19,18331.0
2025-04-18,17,19793.0,3.87,6.97,9732.0,10784.0,19.62,31.04,20516.0
2025-04-18,18,18870.0,3.65,6.3,9775.0,11118.0,19.54,32.11,20893.0
2025-04-18,19,18996.0,3.4,6.12,9479.0,11176.0,18.69,32.22,20654.0
2025-04-18,20,19092.0,3.18,5.89,9521.0,11203.0,18.64,32.21,20724.0
2025-04-18,21,18729.0,3.03,5.6,8095.0,10846.0,15.53,30.65,18941.0
2025-04-18,22,18587.0,3.14,5.66,6061.0,9632.0,11.18,24.48,15693.0
2025-04-18,23,19633.0,3.73,6.68,4662.0,7884.0,8.86,17.62,12546.0
2025-04-19,0,14016.0,4.41,6.22,5320.0,4773.0,9.66,8.58,10093.0
2025-04-19,1,12437.0,4.74,6.41,4914.0,4673.0,9.27,8.55,9587.0
2025-04-19,2,10346.0,4.95,7.97,4570.0,4779.0,8.79,8.93,9348.0
2025-04-19,3,11624.0,5.15,7.54,4282.0,5489.0,8.85,11.05,9772.0
2025-04-19,4,13256.0,5.34,9.03,4657.0,7877.0,10.48,19.17,12534.0
2025-04-19,5,15552.0,5.33,6.81,5895.0,10097.0,13.38,28.28,15992.0
2025-04-19,6,16180.0,5.04,6.47,9522.0,10966.0,19.68,31.83,20489.0
2025-04-19,7,17385.0,4.4,6.37,11498.0,11226.0,23.67,32.15,22724.0
2025-04-19,8,18448.0,3.8,6.22,11573.0,11273.0,23.67,32.2,22846.0
2025-04-19,9,18768.0,3.29,5.89,10915.0,11287.0,22.17,32.2,22202.0
2025-04-19,10,18929.0,2.9,5.59,10167.0,11070.0,20.2,31.3,21237.0
2025-04-19,11,18946.0,2.69,5.47,9221.0,10556.0,17.98,28.95,19777.0
2025-04-19,12,18596.0,2.61,5.19,8311.0,10222.0,15.84,27.27,18533.0
2025-04-19,13,17135.0,2.54,4.59,7463.0,10037.0,13.8,26.21,17500.0
2025-04-19,14,18543.0,2.6,5.18,6921.0,10063.0,12.75,26.21,16983.0
2025-04-19,15,18655.0,2.79,5.35,6916.0,10030.0,12.85,26.23,16946.0
2025-04-19,16,19411.0,2.92,5.82,8332.0,10375.0,16.21,28.39,18707.0
2025-04-19,17,19843.0,2.86,6.0,9494.0,11052.0,19.41,31.77,20546.0
2025-04-19,18,20446.0,2.76,6.16,9766.0,11135.0,20.09,32.02,20900.0
2025-04-19,19,20610.0,2.67,6.18,9635.0,11112.0,19.73,32.02,20747.0
2025-04-19,20,20067.0,2.64,5.84,9161.0,11050.0,18.19,31.43,20211.0
2025-04-19,21,19097.0,2.6,5.37,7850.0,10711.0,15.22,30.01,18561.0
2025-04-19,22,18709.0,2.78,5.38,5963.0,9551.0,11.04,24.09,15514.0
2025-04-19,23,18169.0,3.3,5.61,4694.0,7769.0,8.79,17.16,12462.0
2025-04-20,0,13113.0,3.82,4.08,5390.0,4705.0,9.64,8.24,10095.0
2025-04-20,1,12078.0,4.08,4.03,5034.0,4618.0,9.22,8.34,9652.0
2025-04-20,2,11745.0,4.33,4.14,4605.0,4752.0,8.81,8.8,9357.0
2025-04-20,3,11393.0,4.55,4.29,4346.0,5444.0,8.9,10.86,9791.0
2025-04-20,4,11373.0,4.57,4.29,4680.0,7706.0,10.58,18.68,12386.0
2025-04-20,5,15606.0,4.44,5.71,5876.0,9876.0,13.45,27.83,15752.0
2025-04-20,6,19077.0,4.39,7.17,8790.0,10934.0,18.29,31.87,19725.0
2025-04-20,7,18279.0,4.1,6.45,10663.0,11193.0,21.85,32.01,21856.0
2025-04-20,8,18875.0,3.6,6.25,11539.0,11339.0,23.84,32.27,22878.0
2025-04-20,9,19190.0,3.09,5.9,11567.0,11328.0,23.75,32.2,22895.0
2025-04-20,10,19318.0,2.67,5.63,10779.0,11023.0,21.49,30.47,21802.0
2025-04-20,11,19427.0,2.43,5.46,9968.0,10605.0,19.24,28.54,20573.0
2025-04-20,12,19477.0,2.33,5.37,9057.0,10267.0,17.02,27.35,19323.0
2025-04-20,13,19382.0,2.4,5.42,7877.0,10078.0,14.33,26.22,17955.0
2025-04-20,14,19302.0,2.57,5.5,7308.0,10064.0,13.21,26.22,17372.0
2025-04-20,15,19273.0,2.77,5.63,7619.0,10035.0,13.91,26.23,17654.0
2025-04-20,16,19407.0,2.85,5.8,8801.0,10433.0,16.94,28.61,19234.0
2025-04-20,17,19471.0,2.73,5.72,9845.0,11045.0,19.89,31.56,20890.0
2025-04-20,18,18838.0,2.47,5.09,10191.0,11167.0,20.57,32.01,21357.0
2025-04-20,19,19489.0,2.16,5.17,10046.0,11114.0,20.25,32.01,21159.0
2025-04-20,20,20052.0,1.98,5.45,9633.0,11092.0,18.94,31.63,20725.0
2025-04-20,21,20078.0,1.95,5.47,8272.0,10700.0,15.89,29.95,18972.0
2025-04-20,22,19897.0,2.24,5.53,5888.0,9513.0,11.02,24.27,15401.0
2025-04-20,23,19506.0,2.94,6.01,4322.0,7698.0,8.3,17.08,12020.0
2025-04-21,0,6863.0,3.63,6.66,4381.0,3836.0,7.48,6.04,8217.0
2025-04-21,1,13918.0,4.06,4.61,4963.0,4548.0,9.23,8.37,9512.0
2025-04-21,2,13420.0,4.55,4.89,4492.0,4639.0,8.76,8.74,9131.0
2025-04-21,3,13075.0,4.98,5.18,4309.0,5421.0,8.97,10.95,9731.0
2025-04-21,4,13099.0,5.19,5.37,4833.0,7832.0,10.74,18.83,12665.0
2025-04-21,5,13310.0,5.0,5.28,6732.0,10107.0,14.71,28.1,16839.0
2025-04-21,6,17870.0,4.49,6.7,10522.0,11214.0,21.53,31.96,21735.0
2025-04-21,7,19096.0,3.99,6.7,11898.0,11377.0,24.34,32.3,23275.0
2025-04-21,8,19354.0,3.49,6.39,11738.0,11278.0,23.99,32.31,23017.0
2025-04-21,9,19508.0,3.07,6.05,10847.0,11238.0,22.06,32.31,22085.0
2025-04-21,10,19667.0,2.84,5.88,9064.0,11071.0,17.18,31.01,20136.0
2025-04-21,11,19564.0,2.88,5.95,7398.0,10715.0,13.47,29.17,18112.0
2025-04-21,12,19388.0,3.1,6.08,6688.0,10014.0,12.06,25.99,16702.0
2025-04-21,13,19256.0,3.41,6.29,6984.0,9538.0,12.46,24.03,16521.0
2025-04-21,14,19357.0,3.69,6.56,7042.0,9486.0,12.72,23.96,16528.0
2025-04-21,15,19186.0,3.99,6.81,7126.0,9436.0,13.01,23.83,16561.0
2025-04-21,16,19163.0,4.18,6.96,8561.0,9928.0,16.31,26.28,18489.0
2025-04-21,17,19055.0,4.07,6.8,9927.0,10864.0,19.9,30.9,20791.0
2025-04-21,18,17163.0,3.67,5.57,10179.0,11235.0,20.3,32.46,21414.0
2025-04-21,19,17506.0,3.16,5.22,10168.0,11285.0,20.25,32.6,21454.0
2025-04-21,20,17404.0,2.67,4.68,9907.0,11289.0,19.39,32.53,21196.0
2025-04-21,21,18248.0,2.34,4.77,8505.0,10955.0,16.3,30.95,19460.0
2025-04-21,22,18332.0,2.34,4.81,6535.0,9703.0,11.81,24.82,16238.0
2025-04-21,23,18257.0,2.79,5.2,4674.0,7913.0,8.63,17.52,12588.0
2025-04-22,0,14125.0,3.34,3.98,4849.0,5183.0,8.95,9.78,10032.0
2025-04-22,1,13776.0,3.81,4.25,4848.0,4681.0,9.08,8.73,9529.0
2025-04-22,2,13041.0,4.25,4.43,4645.0,4637.0,8.92,8.73,9282.0
2025-04-22,3,12256.0,4.59,4.53,4487.0,5391.0,9.17,11.07,9878.0
2025-04-22,4,11633.0,4.66,4.41,4659.0,8046.0,10.36,19.61,12705.0
2025-04-22,5,13687.0,4.35,4.86,6573.0,10094.0,14.37,28.27,16667.0
2025-04-22,6,18805.0,3.98,6.58,10635.0,11190.0,21.59,32.13,21825.0
2025-04-22,7,19645.0,3.54,6.53,12224.0,11331.0,25.06,32.2,23555.0
2025-04-22,8,20006.0,3.08,6.27,11515.0,11270.0,23.79,32.21,22784.0
2025-04-22,9,20502.0,2.82,6.25,10277.0,11273.0,21.18,32.2,21550.0
2025-04-22,10,19444.0,2.66,5.67,8610.0,11086.0,16.83,31.06,19697.0
2025-04-22,11,20335.0,2.83,6.26,6795.0,10612.0,12.59,28.66,17407.0
2025-04-22,12,20064.0,3.21,6.44,6360.0,9996.0,11.53,25.86,16356.0
2025-04-22,13,19678.0,3.63,6.7,6500.0,9554.0,11.73,24.03,16053.0
2025-04-22,14,18971.0,4.01,6.74,6338.0,9516.0,11.61,24.03,15854.0
2025-04-22,15,18321.0,4.27,6.74,6988.0,9533.0,12.79,24.03,16522.0
2025-04-22,16,18376.0,4.37,6.75,8601.0,9899.0,16.65,26.2,18500.0
2025-04-22,17,18677.0,4.17,6.69,10056.0,10849.0,20.8,30.7,20905.0
2025-04-22,18,19429.0,3.89,6.86,10196.0,11202.0,20.91,31.99,21397.0
2025-04-22,19,19597.0,3.64,6.66,9987.0,11255.0,20.17,32.01,21242.0
2025-04-22,20,19713.0,3.42,6.48,10051.0,11233.0,20.2,32.01,21284.0
2025-04-22,21,19896.0,3.28,6.44,8921.0,10949.0,17.42,30.78,19871.0
2025-04-22,22,20400.0,3.46,6.83,6696.0,9746.0,12.25,24.71,16442.0
2025-04-22,23,19454.0,4.1,7.54,4929.0,7955.0,9.11,17.63,12883.0
2025-04-23,0,11908.0,4.61,6.12,5537.0,4812.0,9.88,8.5,10350.0
2025-04-23,1,11045.0,4.72,5.67,5070.0,4684.0,9.42,8.53,9754.0
2025-04-23,2,10986.0,4.87,5.78,4618.0,4753.0,8.82,8.69,9371.0
2025-04-23,3,10790.0,5.01,5.83,4504.0,5519.0,9.17,11.06,10023.0
2025-04-23,4,13130.0,5.04,5.96,5282.0,7761.0,11.51,18.54,13043.0
2025-04-23,5,14555.0,4.87,5.66,6975.0,10099.0,14.98,28.1,17074.0
2025-04-23,6,17572.0,4.44,6.53,10774.0,11185.0,22.03,31.97,21959.0
2025-04-23,7,18406.0,4.31,6.88,11414.0,11267.0,23.29,31.96,22681.0
2025-04-23,8,18079.0,4.37,7.34,11461.0,11062.0,22.94,30.67,22523.0
2025-04-23,9,18684.0,4.22,7.43,12325.0,11477.0,24.85,32.16,23802.0
2025-04-23,10,19191.0,3.76,6.7,10142.0,11129.0,19.65,31.13,21271.0
2025-04-23,11,19157.0,3.69,6.66,8041.0,10879.0,14.15,28.54,18920.0
2025-04-23,12,19044.0,3.8,6.66,7672.0,10298.0,13.25,26.08,17970.0
2025-04-23,13,19247.0,4.0,6.93,7625.0,9802.0,13.13,23.98,17427.0
2025-04-23,14,19285.0,4.27,7.23,7301.0,9772.0,12.63,24.03,17073.0
2025-04-23,15,19110.0,4.52,7.35,7711.0,9795.0,13.4,24.02,17506.0
2025-04-23,16,17371.0,4.55,6.62,9424.0,10208.0,17.52,26.43,19632.0
2025-04-23,17,17514.0,4.16,6.35,10655.0,11083.0,20.91,30.82,21738.0
2025-04-23,18,17419.0,3.65,5.79,10776.0,11526.0,21.55,32.34,22302.0
2025-04-23,19,19025.0,3.21,6.02,10197.0,11609.0,20.57,32.31,21806.0
2025-04-23,20,19441.0,2.96,5.95,10198.0,11603.0,20.31,32.31,21801.0
2025-04-23,21,19394.0,2.78,5.77,8729.0,11327.0,16.9,31.1,20056.0
2025-04-23,22,19601.0,2.93,6.01,6248.0,9947.0,11.37,24.79,16194.0
2025-04-23,23,18622.0,3.55,6.94,4818.0,8192.0,8.82,17.85,13010.0
2025-04-24,0,13578.0,4.03,4.71,5786.0,5039.0,10.08,8.73,10825.0
2025-04-24,1,12761.0,4.35,4.53,5328.0,4791.0,9.67,8.54,10118.0
2025-04-24,2,12265.0,4.64,4.62,4915.0,4921.0,9.17,8.84,9836.0
2025-04-24,3,11981.0,4.9,4.83,4582.0,5721.0,9.09,11.16,10303.0
2025-04-24,4,12630.0,4.97,5.12,5212.0,8065.0,11.12,18.9,13277.0
2025-04-24,5,14872.0,4.77,5.7,7178.0,10442.0,15.2,28.6,17620.0
2025-04-24,6,18817.0,4.4,7.12,11410.0,11530.0,23.09,32.29,22941.0
2025-04-24,7,19270.0,3.87,6.84,12572.0,11681.0,25.54,32.41,24253.0
2025-04-24,8,19524.0,3.36,6.4,11830.0,11608.0,23.83,32.41,23438.0
2025-04-24,9,19700.0,2.99,6.16,10752.0,11541.0,21.2,32.4,22294.0
2025-04-24,10,19804.0,2.81,6.02,8951.0,11330.0,16.76,31.13,20281.0
2025-04-24,11,19981.0,2.87,6.02,7554.0,10918.0,13.35,28.9,18472.0
2025-04-24,12,20171.0,3.09,6.32,7156.0,10223.0,12.49,25.77,17379.0
2025-04-24,13,19939.0,3.43,6.49,7020.0,7966.0,11.69,19.1,14986.0
2025-04-24,14,19727.0,3.8,6.77,7040.0,8805.0,12.13,21.74,15845.0
2025-04-24,15,19610.0,4.14,7.04,7506.0,9695.0,13.34,23.53,17201.0
2025-04-24,16,19833.0,4.31,7.28,9096.0,10206.0,16.85,26.16,19303.0
2025-04-24,17,19839.0,4.18,7.17,10550.0,11077.0,20.74,30.5,21626.0
2025-04-24,18,20040.0,3.89,6.98,10730.0,11548.0,21.09,32.26,22278.0
2025-04-24,19,20164.0,3.63,6.8,10421.0,11564.0,20.16,32.31,21985.0
2025-04-24,20,20021.0,3.38,6.49,10345.0,11648.0,19.92,32.31,21993.0
2025-04-24,21,20044.0,3.21,6.33,8962.0,11325.0,16.6,30.91,20287.0
2025-04-24,22,20535.0,3.36,6.65,6944.0,9933.0,12.21,24.36,16877.0
2025-04-24,23,20072.0,3.99,7.06,5009.0,8190.0,8.99,17.37,13199.0
2025-04-25,0,12694.0,4.51,6.15,5584.0,4996.0,9.67,8.5,10580.0
2025-04-25,1,12191.0,4.71,6.35,5282.0,4805.0,9.47,8.36,10086.0
2025-04-25,2,11988.0,4.94,6.44,5002.0,4745.0,9.24,8.55,9747.0
2025-04-25,3,11917.0,5.16,6.65,4633.0,5598.0,9.18,10.87,10231.0
2025-04-25,4,12924.0,5.24,6.61,5163.0,8076.0,11.0,18.88,13239.0
2025-04-25,5,13942.0,4.98,5.47,7147.0,10372.0,15.1,27.97,17519.0
2025-04-25,6,18365.0,4.47,6.76,11366.0,11600.0,22.83,32.26,22966.0
2025-04-25,7,19261.0,3.87,6.59,12669.0,11685.0,25.46,32.3,24353.0
2025-04-25,8,19600.0,3.29,6.15,12110.0,11602.0,24.31,32.31,23712.0
2025-04-25,9,19821.0,2.84,5.85,11005.0,11511.0,21.76,32.31,22516.0
2025-04-25,10,19838.0,2.61,5.71,9097.0,11324.0,16.75,30.94,20421.0
2025-04-25,11,19433.0,2.59,5.48,7682.0,11035.0,13.52,29.12,18717.0
2025-04-25,12,19260.0,2.69,5.44,7607.0,10271.0,13.22,26.1,17879.0
2025-04-25,13,19291.0,2.86,5.69,7669.0,9755.0,13.31,24.03,17424.0
2025-04-25,14,18754.0,3.03,5.56,7471.0,9742.0,13.12,24.03,17213.0
2025-04-25,15,18897.0,3.18,5.73,7738.0,9723.0,13.58,24.03,17461.0
2025-04-25,16,19352.0,3.23,5.94,9391.0,10063.0,17.55,26.23,19454.0
2025-04-25,17,20856.0,3.16,6.64,10108.0,11080.0,20.0,30.61,21188.0
2025-04-25,18,21147.0,3.05,6.71,10459.0,11510.0,20.83,32.17,21969.0
2025-04-25,19,21539.0,2.93,6.77,10302.0,12143.0,20.25,32.4,22446.0
2025-04-25,20,21466.0,2.75,6.6,10391.0,12470.0,20.4,32.52,22861.0
2025-04-25,21,21536.0,2.67,6.55,8771.0,11513.0,16.61,31.18,20284.0
2025-04-25,22,20346.0,2.9,6.16,7047.0,9946.0,12.56,24.84,16993.0
2025-04-25,23,19796.0,3.46,6.4,5097.0,8185.0,9.07,17.89,13282.0
2025-04-26,0,12720.0,3.97,5.3,5835.0,5012.0,10.15,8.56,10847.0
2025-04-26,1,11415.0,4.08,5.29,5270.0,4872.0,9.49,8.54,10142.0
2025-04-26,2,12421.0,4.26,4.77,4852.0,4874.0,9.07,8.89,9726.0
2025-04-26,3,12545.0,4.55,4.58,4706.0,5545.0,9.33,10.79,10250.0
2025-04-26,4,11951.0,4.59,4.45,5095.0,8196.0,10.99,19.54,13291.0
2025-04-26,5,13622.0,4.26,4.64,6595.0,10484.0,14.23,28.99,17078.0
2025-04-26,6,18236.0,3.77,6.01,10691.0,11458.0,21.34,32.1,22148.0
2025-04-26,7,21474.0,3.4,7.16,12256.0,11656.0,24.33,32.2,23912.0
2025-04-26,8,21681.0,3.05,6.94,12489.0,11654.0,25.18,32.2,24143.0
2025-04-26,9,21749.0,2.74,6.69,12119.0,11640.0,24.45,32.21,23760.0
2025-04-26,10,21707.0,2.56,6.51,10466.0,11535.0,21.06,31.58,22001.0
2025-04-26,11,21302.0,2.54,6.28,9594.0,11038.0,18.69,29.39,20632.0
2025-04-26,12,21167.0,2.62,6.25,8995.0,10571.0,17.07,27.46,19566.0
2025-04-26,13,20481.0,2.79,6.09,8204.0,10357.0,15.17,26.52,18561.0
2025-04-26,14,19898.0,2.98,6.05,7511.0,10371.0,13.78,26.53,17882.0
2025-04-26,15,19784.0,3.18,6.14,7633.0,10341.0,14.03,26.52,17974.0
2025-04-26,16,19772.0,3.26,6.15,9054.0,10678.0,17.49,28.4,19731.0
2025-04-26,17,19869.0,3.11,6.09,10299.0,11445.0,20.99,32.0,21744.0
2025-04-26,18,20076.0,2.83,5.89,10641.0,11525.0,21.8,32.01,22167.0
2025-04-26,19,20214.0,2.59,5.79,10225.0,11501.0,20.6,32.01,21726.0
2025-04-26,20,20724.0,2.43,5.85,9875.0,11429.0,19.65,31.83,21304.0
2025-04-26,21,20746.0,2.4,5.88,8667.0,11044.0,16.6,30.0,19711.0
2025-04-26,22,21129.0,2.67,6.32,6680.0,9964.0,12.17,24.86,16644.0
2025-04-26,23,19160.0,3.26,5.91,5193.0,8109.0,9.29,17.63,13302.0
2025-04-27,0,14350.0,3.84,4.46,5239.0,5358.0,9.06,9.62,10596.0
2025-04-27,1,12147.0,4.09,3.97,5178.0,4937.0,9.05,8.49,10115.0
2025-04-27,2,11955.0,4.31,4.11,4868.0,4932.0,8.86,8.68,9800.0
2025-04-27,3,11274.0,4.47,4.09,4878.0,5522.0,9.46,10.65,10400.0
2025-04-27,4,11920.0,4.42,4.23,5062.0,7832.0,10.92,18.47,12894.0
2025-04-27,5,14076.0,4.23,4.73,5771.0,10053.0,13.04,27.66,15824.0
2025-04-27,6,17822.0,3.95,5.95,8787.0,11000.0,17.93,31.7,19787.0
2025-04-27,7,19952.0,3.7,6.73,10831.0,11285.0,21.82,32.0,22116.0
2025-04-27,8,20861.0,3.36,6.76,12378.0,11326.0,25.7,32.08,23704.0
2025-04-27,9,21262.0,3.03,6.68,11720.0,11456.0,23.6,32.1,23176.0
2025-04-27,10,21312.0,2.82,6.56,10837.0,11422.0,21.13,31.33,22259.0
2025-04-27,11,21357.0,2.71,6.44,10779.0,10890.0,20.78,29.02,21669.0
2025-04-27,12,21545.0,2.65,6.52,10581.0,10504.0,20.39,27.79,21085.0
2025-04-27,13,21460.0,2.72,6.51,9909.0,10257.0,18.46,26.35,20165.0
2025-04-27,14,21124.0,2.85,6.46,9241.0,10208.0,17.05,26.27,19448.0
2025-04-27,15,21197.0,2.99,6.67,9593.0,10161.0,18.08,26.27,19754.0
2025-04-27,16,21314.0,3.06,6.78,10628.0,10595.0,21.3,28.7,21223.0
2025-04-27,17,21720.0,2.94,6.86,11205.0,11188.0,23.57,31.55,22393.0
2025-04-27,18,20982.0,2.8,6.42,11277.0,11346.0,23.8,32.04,22623.0
2025-04-27,19,21139.0,2.53,6.11,11655.0,11321.0,24.7,31.98,22976.0
2025-04-27,20,21142.0,2.32,5.97,10803.0,11296.0,22.02,31.43,22099.0
2025-04-27,21,21546.0,2.31,6.23,9104.0,10851.0,17.69,29.64,19955.0
2025-04-27,22,20841.0,2.59,6.03,6857.0,9777.0,12.59,24.41,16634.0
2025-04-27,23,19927.0,3.21,6.27,5051.0,7997.0,9.22,17.27,13048.0
2025-04-28,0,13562.0,3.77,4.13,5650.0,5101.0,10.03,9.15,10751.0
2025-04-28,1,11010.0,3.93,3.57,5344.0,4650.0,9.69,8.36,9994.0
2025-04-28,2,10488.0,4.01,3.54,4913.0,4686.0,9.24,8.46,9599.0
2025-04-28,3,10560.0,4.06,3.59,4591.0,5439.0,9.27,10.69,10030.0
2025-04-28,4,11442.0,3.96,3.73,5170.0,7968.0,11.02,18.71,13138.0
2025-04-28,5,17333.0,3.83,5.73,7018.0,10318.0,14.8,28.42,17336.0
2025-04-28,6,19992.0,3.69,6.76,10818.0,11330.0,21.71,31.94,22148.0
2025-04-28,7,20225.0,3.28,6.46,12317.0,11519.0,24.93,32.2,23836.0
2025-04-28,8,20454.0,2.87,6.22,11461.0,11322.0,23.28,32.06,22783.0
2025-04-28,9,20503.0,2.65,6.07,10065.0,11221.0,20.07,31.81,21286.0
2025-04-28,10,20449.0,2.6,5.95,8695.0,11165.0,16.39,30.82,19860.0
2025-04-28,11,20356.0,2.71,6.05,7632.0,10783.0,13.66,28.66,18415.0
2025-04-28,12,19415.0,2.9,5.69,7577.0,10094.0,13.3,25.66,17671.0
2025-04-28,13,19275.0,3.08,5.83,7526.0,9616.0,13.12,23.53,17142.0
2025-04-28,14,19102.0,3.3,5.99,7243.0,9600.0,12.68,23.54,16843.0
2025-04-28,15,18988.0,3.52,6.19,7535.0,9593.0,13.28,23.53,17129.0
2025-04-28,16,19078.0,3.62,6.28,9064.0,10104.0,17.11,26.51,19168.0
2025-04-28,17,19718.0,3.46,6.38,10576.0,10965.0,21.2,30.71,21541.0
2025-04-28,18,19779.0,3.16,6.19,10774.0,11385.0,21.42,32.0,22158.0
2025-04-28,19,20559.0,2.92,6.26,10420.0,11431.0,20.27,32.0,21851.0
2025-04-28,20,20825.0,2.75,6.29,10586.0,11461.0,20.37,32.0,22048.0
2025-04-28,21,20270.0,2.65,5.87,8984.0,11188.0,16.75,30.59,20172.0
2025-04-28,22,19633.0,2.78,5.77,6657.0,9735.0,11.82,24.05,16392.0
2025-04-28,23,19176.0,3.33,6.03,4834.0,7924.0,8.75,17.01,12759.0
2025-04-29,0,14382.0,3.93,4.59,5661.0,4771.0,9.87,8.36,10432.0
2025-04-29,1,13510.0,4.32,4.66,5170.0,4628.0,9.32,8.24,9798.0
2025-04-29,2,13064.0,4.7,4.91,4809.0,4818.0,8.96,8.76,9627.0
2025-04-29,3,13092.0,5.04,5.25,4525.0,5644.0,9.07,11.14,10169.0
2025-04-29,4,13815.0,5.24,5.66,5037.0,8082.0,10.86,18.93,13119.0
2025-04-29,5,14581.0,5.12,5.8,6892.0,10456.0,14.56,28.48,17348.0
2025-04-29,6,16112.0,4.55,5.86,10657.0,11428.0,21.03,31.93,22086.0
2025-04-29,7,18727.0,3.9,6.37,11810.0,11605.0,23.11,32.1,23416.0
2025-04-29,8,19279.0,3.41,6.15,11225.0,11534.0,22.05,32.11,22759.0
2025-04-29,9,19446.0,3.06,5.89,10016.0,11457.0,19.32,32.11,21473.0
2025-04-29,10,19460.0,2.9,5.8,8324.0,11299.0,15.4,31.5,19623.0
2025-04-29,11,19318.0,2.95,5.76,7144.0,10726.0,12.88,28.66,17869.0
2025-04-29,12,19210.0,3.13,5.85,6741.0,10127.0,11.86,26.08,16868.0
2025-04-29,13,19095.0,3.37,6.13,7038.0,9685.0,12.24,24.04,16724.0
2025-04-29,14,19002.0,3.61,6.27,6841.0,9689.0,12.12,24.03,16531.0
2025-04-29,15,19072.0,3.86,6.49,7073.0,9683.0,12.53,24.03,16756.0
2025-04-29,16,18998.0,4.0,6.62,8887.0,10082.0,16.57,26.3,18968.0
2025-04-29,17,19078.0,3.81,6.42,10250.0,10995.0,20.25,30.64,21245.0
2025-04-29,18,19254.0,3.52,6.15,10246.0,11379.0,20.12,32.0,21625.0
2025-04-29,19,19493.0,3.21,6.04,10220.0,11475.0,19.61,32.0,21696.0
2025-04-29,20,20026.0,2.96,6.1,10244.0,11463.0,19.52,32.0,21708.0
2025-04-29,21,20054.0,2.81,5.97,8950.0,11166.0,16.58,30.64,20117.0
2025-04-29,22,19871.0,2.95,5.96,6614.0,9814.0,12.01,25.21,16428.0
2025-04-29,23,18979.0,3.52,6.11,4605.0,7880.0,8.6,17.6,12486.0
2025-04-30,0,13920.0,4.09,4.56,4966.0,5098.0,8.89,9.51,10064.0
2025-04-30,1,12897.0,4.46,4.61,5165.0,4863.0,9.2,8.55,10029.0
2025-04-30,2,12408.0,4.72,4.71,5075.0,4809.0,9.35,8.68,9884.0
2025-04-30,3,12025.0,4.94,4.82,4823.0,5556.0,9.39,10.94,10379.0
2025-04-30,4,12657.0,4.99,5.07,5622.0,7336.0,11.52,16.33,12958.0
2025-04-30,5,14059.0,4.75,5.3,7105.0,10338.0,14.89,27.92,17443.0
2025-04-30,6,17403.0,4.21,6.07,11163.0,11500.0,22.13,31.99,22662.0
2025-04-30,7,19244.0,3.6,6.31,12569.0,11570.0,25.2,32.0,24139.0
2025-04-30,8,19750.0,3.07,6.02,11514.0,11543.0,22.83,32.02,23058.0
2025-04-30,9,20632.0,2.76,6.21,10409.0,11544.0,20.65,32.01,21953.0
2025-04-30,10,20644.0,2.67,6.14,8928.0,11272.0,16.67,30.83,20200.0
2025-04-30,11,20490.0,2.79,6.16,7444.0,10989.0,13.25,28.95,18434.0
2025-04-30,12,20253.0,3.04,6.3,7112.0,10278.0,12.48,26.01,17390.0
2025-04-30,13,19680.0,3.35,6.26,7224.0,9775.0,12.71,23.98,16999.0
2025-04-30,14,19499.0,3.63,6.49,6950.0,9725.0,12.37,23.93,16674.0
2025-04-30,15,19470.0,3.93,6.79,7143.0,9726.0,12.74,23.93,16869.0
2025-04-30,16,20152.0,4.14,7.24,9030.0,10056.0,17.17,26.02,19086.0
2025-04-30,17,20062.0,4.06,7.12,10219.0,10977.0,20.55,30.45,21196.0
2025-04-30,18,19921.0,3.88,6.89,10004.0,11336.0,20.0,31.8,21340.0
2025-04-30,19,20025.0,3.69,6.73,9855.0,11390.0,19.42,31.81,21245.0
2025-04-30,20,20103.0,3.52,6.62,9802.0,11393.0,19.12,31.8,21195.0
2025-04-30,21,20450.0,3.46,6.73,8437.0,11175.0,15.99,30.6,19612.0
2025-04-30,22,20486.0,3.67,6.95,6596.0,10117.0,11.99,25.58,16713.0
2025-04-30,23,17936.0,4.23,7.97,5036.0,8127.0,9.01,17.47,13163.0
2025-05-01,0,12222.0,4.56,6.15,5874.0,4956.0,10.11,8.45,10830.0
2025-05-01,1,12399.0,4.73,6.48,5396.0,4768.0,9.61,8.54,10164.0
2025-05-01,2,12212.0,4.98,6.62,4845.0,4875.0,8.92,8.84,9720.0
2025-05-01,3,12431.0,5.21,6.99,4995.0,5748.0,9.72,11.44,10744.0
2025-05-01,4,14395.0,5.38,8.44,5056.0,8106.0,11.02,19.23,13162.0
2025-05-01,5,14559.0,5.38,8.51,5664.0,10277.0,12.93,28.18,15941.0
2025-05-01,6,19328.0,5.23,7.88,8320.0,11128.0,17.04,31.77,19448.0
2025-05-01,7,19480.0,5.12,7.89,9798.0,11270.0,19.55,31.91,21069.0
2025-05-01,8,17650.0,4.75,6.72,10503.0,11379.0,20.8,31.91,21883.0
2025-05-01,9,19495.0,4.31,7.05,10641.0,11431.0,20.98,31.91,22072.0
2025-05-01,10,19615.0,4.03,6.93,9957.0,11263.0,19.25,31.01,21220.0
2025-05-01,11,19672.0,3.87,6.77,9215.0,10838.0,17.3,29.06,20053.0
2025-05-01,12,19701.0,3.85,6.78,8549.0,10389.0,15.63,27.21,18939.0
2025-05-01,13,19793.0,3.97,6.97,7694.0,10239.0,13.74,26.32,17933.0
2025-05-01,14,19603.0,4.19,7.16,7003.0,10264.0,12.46,26.33,17266.0
2025-05-01,15,20031.0,4.45,7.51,7311.0,10211.0,13.22,26.34,17522.0
2025-05-01,16,19900.0,4.62,7.7,8351.0,10614.0,15.74,28.51,18965.0
2025-05-01,17,20127.0,4.59,7.72,9510.0,11207.0,18.63,31.57,20717.0
2025-05-01,18,19868.0,4.47,7.46,9624.0,11322.0,19.42,31.9,20945.0
2025-05-01,19,18109.0,4.2,6.38,9697.0,11401.0,19.44,32.19,21098.0
2025-05-01,20,17851.0,3.81,5.89,9584.0,11330.0,18.9,31.71,20914.0
2025-05-01,21,18214.0,3.53,5.77,8196.0,10963.0,15.68,29.96,19159.0
2025-05-01,22,19093.0,3.62,6.22,6237.0,9788.0,11.41,24.31,16025.0
2025-05-01,23,18360.0,4.12,6.42,4661.0,8011.0,8.67,17.34,12672.0
2025-05-02,0,12026.0,4.54,6.0,5510.0,4909.0,9.76,8.59,10419.0
2025-05-02,1,10920.0,4.67,5.64,5101.0,4709.0,9.31,8.34,9810.0
2025-05-02,2,10930.0,4.8,5.77,4701.0,4759.0,8.84,8.58,9460.0
2025-05-02,3,11119.0,4.92,5.18,4526.0,5579.0,9.07,10.97,10104.0
2025-05-02,4,12303.0,4.93,4.89,5045.0,8261.0,11.08,19.72,13306.0
2025-05-02,5,15100.0,4.69,5.62,6765.0,10427.0,14.88,28.62,17192.0
2025-05-02,6,18962.0,4.4,6.98,10188.0,11325.0,20.64,32.08,21513.0
2025-05-02,7,19215.0,4.01,6.66,11298.0,11509.0,22.52,32.2,22807.0
2025-05-02,8,19024.0,3.56,6.13,10904.0,11397.0,21.88,32.22,22301.0
2025-05-02,9,19682.0,3.24,6.19,9785.0,11347.0,19.4,32.2,21132.0
2025-05-02,10,19702.0,3.12,6.08,8363.0,11138.0,15.86,30.86,19501.0
2025-05-02,11,19810.0,3.25,6.26,6899.0,10717.0,12.41,28.57,17616.0
2025-05-02,12,19136.0,3.49,6.2,6540.0,10120.0,11.54,25.73,16660.0
2025-05-02,13,18988.0,3.73,6.41,7019.0,9659.0,12.21,23.54,16678.0
2025-05-02,14,19047.0,3.97,6.56,6959.0,9616.0,12.23,23.53,16575.0
2025-05-02,15,18708.0,4.23,6.73,7119.0,9460.0,12.67,23.54,16579.0
2025-05-02,16,18437.0,4.33,6.64,8544.0,9919.0,16.15,25.81,18463.0
2025-05-02,17,18301.0,4.15,6.33,9612.0,10904.0,19.01,30.27,20516.0
2025-05-02,18,18601.0,3.82,6.17,9841.0,11396.0,19.4,32.2,21236.0
2025-05-02,19,18836.0,3.5,6.0,9855.0,11396.0,19.11,32.21,21252.0
2025-05-02,20,19084.0,3.19,5.82,9823.0,11415.0,18.89,32.2,21238.0
2025-05-02,21,19127.0,2.99,5.62,8660.0,11122.0,16.24,30.69,19782.0
2025-05-02,22,18844.0,3.03,5.49,6941.0,9836.0,12.26,24.27,16776.0
2025-05-02,23,17977.0,3.41,5.54,5056.0,8088.0,9.06,17.45,13145.0
2025-05-03,0,13915.0,3.87,4.34,5819.0,5019.0,10.12,8.61,10838.0
2025-05-03,1,13042.0,4.16,4.36,5322.0,4812.0,9.57,8.35,10134.0
2025-05-03,2,12595.0,4.46,4.48,4927.0,4854.0,9.14,8.7,9781.0
2025-05-03,3,12200.0,4.72,4.66,4595.0,5629.0,9.13,10.99,10224.0
2025-05-03,4,12421.0,4.79,4.8,4889.0,7930.0,10.64,18.59,12819.0
2025-05-03,5,13712.0,4.61,5.03,5576.0,10227.0,12.89,27.95,15802.0
2025-05-03,6,17003.0,4.34,6.16,7757.0,11148.0,16.7,31.85,18904.0
2025-05-03,7,17913.0,4.04,6.22,9583.0,11354.0,19.69,32.04,20937.0
2025-05-03,8,18202.0,3.63,5.89,10290.0,11328.0,20.41,32.0,21618.0
2025-05-03,9,18476.0,3.2,5.6,10399.0,11353.0,20.56,32.0,21752.0
2025-05-03,10,18620.0,2.83,5.35,9661.0,11200.0,18.74,31.16,20862.0
2025-05-03,11,18615.0,2.62,5.19,8680.0,10842.0,16.31,29.28,19522.0
2025-05-03,12,18525.0,2.52,5.0,8172.0,10428.0,14.86,27.34,18601.0
2025-05-03,13,18229.0,2.53,4.92,7278.0,10130.0,13.21,26.01,17408.0
2025-05-03,14,18184.0,2.6,4.98,7127.0,10184.0,12.71,26.01,17311.0
2025-05-03,15,17948.0,2.65,4.91,7296.0,10142.0,13.18,26.03,17439.0
2025-05-03,16,18075.0,2.62,4.89,8183.0,10541.0,15.45,28.43,18723.0
2025-05-03,17,18340.0,2.42,4.91,9178.0,11103.0,18.18,31.41,20282.0
2025-05-03,18,19824.0,2.18,5.33,9488.0,11251.0,18.67,32.0,20739.0
2025-05-03,19,21644.0,2.18,6.21,9555.0,11278.0,18.69,32.01,20833.0
2025-05-03,20,21858.0,2.26,6.39,9115.0,11301.0,17.46,31.74,20416.0
2025-05-03,21,22622.0,2.5,7.05,8324.0,11002.0,15.63,30.27,19327.0
2025-05-03,22,22009.0,2.94,7.01,6667.0,9932.0,11.98,24.64,16600.0
2025-05-03,23,21286.0,3.68,7.38,5188.0,8212.0,9.26,17.79,13400.0
2025-05-04,0,15339.0,4.41,6.32,5195.0,5579.0,9.36,9.85,10774.0
2025-05-04,1,11992.0,4.74,6.31,5046.0,5060.0,9.33,8.92,10106.0
2025-05-04,2,11300.0,4.92,6.06,4696.0,4914.0,8.96,8.78,9610.0
2025-05-04,3,10321.0,5.03,5.68,4419.0,5645.0,9.02,11.02,10065.0
2025-05-04,4,12331.0,4.99,5.08,4754.0,7800.0,10.61,18.16,12554.0
2025-05-04,5,13400.0,4.83,5.15,5720.0,10191.0,13.14,27.71,15911.0
2025-05-04,6,17379.0,4.43,6.33,9270.0,11222.0,18.8,31.88,20493.0
2025-05-04,7,20365.0,4.13,7.36,11165.0,11381.0,22.58,32.0,22546.0
2025-05-04,8,20493.0,3.8,7.06,11720.0,11470.0,23.56,32.01,23190.0
2025-05-04,9,20538.0,3.43,6.76,11728.0,11486.0,23.36,32.0,23214.0
2025-05-04,10,20523.0,3.12,6.44,10885.0,11269.0,21.14,30.82,22154.0
2025-05-04,11,20451.0,2.98,6.37,10052.0,10845.0,18.97,28.89,20897.0
2025-05-04,12,20517.0,2.96,6.3,9156.0,10528.0,16.84,27.47,19683.0
2025-05-04,13,20354.0,3.08,6.37,8268.0,10294.0,14.87,26.52,18563.0
2025-05-04,14,20217.0,3.3,6.52,7439.0,10334.0,13.23,26.53,17773.0
2025-05-04,15,18720.0,3.5,6.05,7335.0,10284.0,13.12,26.52,17618.0
2025-05-04,16,18344.0,3.48,5.83,8751.0,10604.0,16.45,28.33,19354.0
2025-05-04,17,18204.0,3.23,5.54,9459.0,11252.0,18.27,31.45,20711.0
2025-05-04,18,18644.0,2.91,5.39,9671.0,11313.0,18.66,31.56,20984.0
2025-05-04,19,20332.0,2.69,5.92,9670.0,11338.0,18.55,31.71,21008.0
2025-05-04,20,20591.0,2.62,6.02,9544.0,11341.0,18.27,31.71,20885.0
2025-05-04,21,21098.0,2.65,6.28,8169.0,11015.0,15.45,30.37,19185.0
2025-05-04,22,21122.0,3.02,6.69,6067.0,9850.0,11.04,24.78,15918.0
2025-05-04,23,20377.0,3.76,7.53,4618.0,7992.0,8.57,17.46,12610.0
2025-05-05,0,13300.0,4.4,6.83,5457.0,4872.0,9.77,8.81,10329.0
2025-05-05,1,12493.0,4.69,6.54,5019.0,4680.0,9.27,8.55,9699.0
2025-05-05,2,12422.0,5.02,6.79,4500.0,4665.0,8.66,8.62,9165.0
2025-05-05,3,12210.0,5.43,9.05,3997.0,5520.0,8.44,10.99,9517.0
2025-05-05,4,11436.0,5.5,7.16,4481.0,7954.0,10.23,18.97,12435.0
2025-05-05,5,14840.0,5.36,6.22,5885.0,10313.0,13.12,28.43,16198.0
2025-05-05,6,16442.0,4.92,6.47,9857.0,11266.0,19.48,31.66,21124.0
2025-05-05,7,18194.0,4.34,6.56,11857.0,11512.0,23.47,31.91,23370.0
2025-05-05,8,18082.0,3.71,5.93,11674.0,11437.0,23.17,31.73,23110.0
2025-05-05,9,18335.0,3.12,5.47,11469.0,11353.0,23.0,31.42,22822.0
2025-05-05,10,18515.0,2.63,5.14,10365.0,11334.0,19.97,30.96,21699.0
2025-05-05,11,18562.0,2.32,4.89,9338.0,10720.0,17.45,28.51,20058.0
2025-05-05,12,18474.0,2.15,4.71,8574.0,10347.0,15.76,27.15,18921.0
2025-05-05,13,20268.0,2.25,5.61,7707.0,10200.0,13.87,26.27,17907.0
2025-05-05,14,19783.0,2.5,5.52,7104.0,10193.0,12.74,26.27,17297.0
2025-05-05,15,19719.0,2.75,5.76,7266.0,10086.0,13.17,26.28,17352.0
2025-05-05,16,20515.0,2.95,6.31,8491.0,10545.0,15.9,28.51,19036.0
2025-05-05,17,20807.0,2.96,6.44,9813.0,11235.0,18.96,31.52,21048.0
2025-05-05,18,21150.0,2.87,6.47,10507.0,11312.0,20.79,31.76,21819.0
2025-05-05,19,21265.0,2.75,6.49,10261.0,11355.0,20.09,31.71,21616.0
2025-05-05,20,21410.0,2.7,6.5,10072.0,11406.0,19.29,31.82,21477.0
2025-05-05,21,21338.0,2.73,6.53,8566.0,11172.0,16.09,30.45,19738.0
2025-05-05,22,20748.0,3.02,6.46,6635.0,9894.0,11.91,24.48,16530.0
2025-05-05,23,20052.0,3.66,6.76,4896.0,8065.0,8.98,17.43,12961.0
2025-05-06,0,13249.0,4.22,4.43,5218.0,5239.0,9.28,9.42,10458.0
2025-05-06,1,11666.0,4.44,4.21,5031.0,4910.0,9.17,8.74,9941.0
2025-05-06,2,10953.0,4.59,4.19,4816.0,4855.0,9.02,8.77,9671.0
2025-05-06,3,10816.0,4.67,4.22,4642.0,5619.0,9.23,11.02,10262.0
2025-05-06,4,12116.0,4.58,4.52,5338.0,8097.0,11.45,19.2,13436.0
2025-05-06,5,16041.0,4.44,5.72,7099.0,10328.0,15.09,28.29,17427.0
2025-05-06,6,18885.0,4.11,6.66,10509.0,11326.0,21.04,31.86,21835.0
2025-05-06,7,19725.0,3.72,6.71,11188.0,11462.0,22.19,31.98,22650.0
2025-05-06,8,19885.0,3.45,6.47,9859.0,11258.0,19.34,31.82,21116.0
2025-05-06,9,20079.0,3.34,6.41,9022.0,11213.0,17.73,31.8,20234.0
2025-05-06,10,19987.0,3.34,6.35,7801.0,11171.0,14.78,30.96,18972.0
2025-05-06,11,20238.0,3.5,6.75,7127.0,10733.0,12.79,28.43,17859.0
2025-05-06,12,20121.0,3.78,6.92,7056.0,10135.0,12.38,25.76,17192.0
2025-05-06,13,19905.0,4.09,7.17,7200.0,9626.0,12.49,23.53,16825.0
2025-05-06,14,19645.0,4.43,7.39,6858.0,9567.0,11.96,23.52,16425.0
2025-05-06,15,20037.0,4.77,7.91,7422.0,9532.0,13.15,23.53,16954.0
2025-05-06,16,18725.0,4.99,9.78,8723.0,10080.0,16.32,26.17,18802.0
2025-05-06,17,17567.0,4.73,10.34,9740.0,10941.0,19.0,30.34,20682.0
2025-05-06,18,17816.0,4.32,10.13,10050.0,11428.0,19.5,32.01,21479.0
2025-05-06,19,18525.0,3.92,10.4,10064.0,11478.0,19.36,32.1,21543.0
2025-05-06,20,18152.0,3.52,9.69,10122.0,11509.0,19.27,32.1,21631.0
2025-05-06,21,18384.0,3.21,9.65,8680.0,11203.0,15.91,30.58,19883.0
2025-05-06,22,17824.0,3.15,9.03,7059.0,9780.0,12.16,24.02,16839.0
2025-05-06,23,17435.0,3.48,9.06,4941.0,8062.0,8.92,17.46,13003.0
2025-05-07,0,14480.0,4.0,4.81,5629.0,4914.0,9.88,8.64,10543.0
2025-05-07,1,12919.0,4.32,4.45,5203.0,4703.0,9.44,8.35,9906.0
2025-05-07,2,12574.0,4.64,4.68,4810.0,4786.0,8.98,8.64,9597.0
2025-05-07,3,12057.0,4.91,4.82,4544.0,5603.0,9.07,10.99,10147.0
2025-05-07,4,11805.0,4.92,4.75,5159.0,8013.0,11.03,18.87,13171.0
2025-05-07,5,14022.0,4.6,5.17,7131.0,10335.0,15.04,28.13,17466.0
2025-05-07,6,17301.0,4.09,5.94,10572.0,11357.0,20.9,31.91,21928.0
2025-05-07,7,19422.0,3.57,6.33,11793.0,11568.0,23.33,32.17,23362.0
2025-05-07,8,19866.0,3.14,6.12,11048.0,11473.0,21.8,32.1,22521.0
2025-05-07,9,19955.0,2.86,5.92,10000.0,11375.0,19.42,31.99,21375.0
2025-05-07,10,20404.0,2.77,6.11,8390.0,11195.0,15.45,30.89,19585.0
2025-05-07,11,20738.0,2.96,6.4,7164.0,10833.0,12.76,28.81,17997.0
2025-05-07,12,20841.0,3.3,6.78,6931.0,10170.0,12.25,26.04,17101.0
2025-05-07,13,20819.0,3.75,7.29,6792.0,9601.0,11.9,23.63,16393.0
2025-05-07,14,19274.0,4.14,6.86,6927.0,9579.0,12.18,23.62,16506.0
2025-05-07,15,18960.0,4.4,7.01,7178.0,9544.0,12.71,23.65,16722.0
2025-05-07,16,18996.0,4.52,7.12,8839.0,10068.0,16.58,26.19,18907.0
2025-05-07,17,19180.0,4.37,7.08,9965.0,10898.0,19.41,30.17,20863.0
2025-05-07,18,19443.0,4.1,6.84,10292.0,11464.0,20.23,32.45,21756.0
2025-05-07,19,19659.0,3.83,6.75,9969.0,11496.0,19.06,32.51,21466.0
2025-05-07,20,19885.0,3.58,6.63,10148.0,11579.0,19.34,32.51,21727.0
2025-05-07,21,19876.0,3.43,6.46,8649.0,11154.0,15.78,30.57,19803.0
2025-05-07,22,18877.0,3.52,6.06,6904.0,9814.0,11.98,24.28,16718.0
2025-05-07,23,18485.0,3.95,6.3,4945.0,8014.0,8.78,17.24,12959.0
2025-05-08,0,13396.0,4.43,4.75,5305.0,5205.0,9.3,9.24,10511.0
2025-05-08,1,12704.0,4.72,4.78,5112.0,4875.0,9.33,8.75,9987.0
2025-05-08,2,11963.0,4.98,4.81,4775.0,4757.0,9.04,8.75,9533.0
2025-05-08,3,11142.0,5.16,4.76,4615.0,5608.0,9.25,11.14,10223.0
2025-05-08,4,10734.0,5.04,4.51,5620.0,7854.0,11.86,18.42,13474.0
2025-05-08,5,11778.0,4.54,4.34,6989.0,10307.0,14.79,27.94,17296.0
2025-05-08,6,16198.0,3.85,5.24,10409.0,11462.0,20.39,31.96,21871.0
2025-05-08,7,18512.0,3.23,5.68,11644.0,11615.0,22.82,32.02,23259.0
2025-05-08,8,18949.0,2.72,5.3,10775.0,11546.0,20.88,32.01,22321.0
2025-05-08,9,19852.0,2.38,5.44,10208.0,11436.0,19.66,32.01,21643.0
2025-05-08,10,19967.0,2.19,5.33,8911.0,11350.0,16.44,31.25,20262.0
2025-05-08,11,20111.0,2.24,5.55,7527.0,10813.0,13.24,28.52,18340.0
2025-05-08,12,19786.0,2.45,5.51,7190.0,10226.0,12.45,25.99,17416.0
2025-05-08,13,19684.0,2.7,5.67,7461.0,9737.0,13.02,24.03,17198.0
2025-05-08,14,20024.0,2.99,6.17,7227.0,9689.0,12.69,24.02,16916.0
2025-05-08,15,20250.0,3.32,6.52,7336.0,9669.0,13.0,24.03,17005.0
2025-05-08,16,20665.0,3.63,6.97,8466.0,10109.0,15.7,26.3,18575.0
2025-05-08,17,20600.0,3.7,7.02,9444.0,11032.0,18.2,30.67,20476.0
2025-05-08,18,20099.0,3.6,6.67,9867.0,11326.0,18.97,31.51,21193.0
2025-05-08,19,20213.0,3.44,6.53,9855.0,11315.0,18.78,31.5,21170.0
2025-05-08,20,20303.0,3.28,6.47,10059.0,11471.0,18.95,31.88,21531.0
2025-05-08,21,20506.0,3.18,6.47,8793.0,11202.0,16.25,30.91,19996.0
2025-05-08,22,20397.0,3.38,6.63,6674.0,9968.0,11.7,24.76,16642.0
2025-05-08,23,19097.0,3.96,7.36,4898.0,8212.0,8.93,17.8,13110.0
2025-05-09,0,12846.0,4.43,6.48,5690.0,4955.0,10.03,8.57,10645.0
2025-05-09,1,12113.0,4.63,6.49,5288.0,4854.0,9.65,8.54,10142.0
2025-05-09,2,11115.0,4.83,7.02,4959.0,4864.0,9.25,8.66,9823.0
2025-05-09,3,12300.0,4.97,8.06,4647.0,5712.0,9.25,11.11,10359.0
2025-05-09,4,14231.0,5.21,8.22,4940.0,8337.0,10.81,19.86,13277.0
2025-05-09,5,16572.0,5.19,6.72,6675.0,10497.0,14.23,28.5,17172.0
2025-05-09,6,18197.0,4.88,7.03,10882.0,11405.0,21.53,31.74,22286.0
2025-05-09,7,19659.0,4.34,7.22,12261.0,11608.0,24.38,32.0,23868.0
2025-05-09,8,19953.0,3.85,6.84,12004.0,11568.0,23.86,32.06,23572.0
2025-05-09,9,19827.0,3.44,6.37,11088.0,11505.0,21.75,31.92,22593.0
2025-05-09,10,18959.0,3.05,5.67,9948.0,11240.0,19.25,30.67,21188.0
2025-05-09,11,19670.0,2.94,5.91,8756.0,10749.0,16.43,28.71,19504.0
2025-05-09,12,19899.0,3.01,6.13,7917.0,10347.0,14.58,27.13,18264.0
2025-05-09,13,19791.0,3.22,6.21,7353.0,10187.0,13.16,26.02,17541.0
2025-05-09,14,19246.0,3.44,6.17,7338.0,10217.0,12.91,26.02,17554.0
2025-05-09,15,19343.0,3.57,6.38,7777.0,10171.0,13.86,26.02,17948.0
2025-05-09,16,19353.0,3.66,6.4,8571.0,10628.0,15.98,28.54,19200.0
2025-05-09,17,19543.0,3.53,6.41,9810.0,11216.0,18.87,31.24,21026.0
2025-05-09,18,20166.0,3.31,6.44,10454.0,11396.0,20.37,31.76,21850.0
2025-05-09,19,20362.0,3.1,6.31,10176.0,11429.0,19.55,31.91,21605.0
2025-05-09,20,20524.0,2.93,6.3,10057.0,11500.0,19.03,31.91,21557.0
2025-05-09,21,20520.0,2.87,6.26,8658.0,11236.0,15.84,30.63,19893.0
2025-05-09,22,20239.0,3.07,6.23,6811.0,9949.0,11.78,24.4,16759.0
2025-05-09,23,18573.0,3.55,5.97,5278.0,8125.0,9.05,17.45,13404.0
2025-05-10,0,14013.0,3.98,4.45,6359.0,4906.0,10.34,8.52,11266.0
2025-05-10,1,13658.0,4.28,4.66,5804.0,4786.0,9.73,8.33,10591.0
2025-05-10,2,13011.0,4.61,4.78,5249.0,4833.0,9.18,8.68,10081.0
2025-05-10,3,12571.0,4.85,4.86,4884.0,5678.0,9.23,11.17,10562.0
2025-05-10,4,13127.0,4.97,5.17,4946.0,8015.0,10.48,18.82,12961.0
2025-05-10,5,14244.0,4.84,5.41,5846.0,10344.0,12.82,28.25,16190.0
2025-05-10,6,18482.0,4.56,6.93,9195.0,11220.0,18.42,31.67,20414.0
2025-05-10,7,19964.0,4.29,7.23,10979.0,11452.0,21.76,31.91,22430.0
2025-05-10,8,20117.0,3.95,7.08,11117.0,11502.0,21.96,32.01,22619.0
2025-05-10,9,20274.0,3.65,6.87,10866.0,11468.0,21.45,32.01,22335.0
2025-05-10,10,20398.0,3.41,6.71,10399.0,11217.0,20.2,30.85,21616.0
2025-05-10,11,20447.0,3.29,6.53,9630.0,10751.0,18.23,28.75,20381.0
2025-05-10,12,20494.0,3.33,6.62,8770.0,10483.0,16.17,27.33,19253.0
2025-05-10,13,20319.0,3.49,6.77,7873.0,10232.0,14.16,26.27,18105.0
2025-05-10,14,19778.0,3.73,6.68,7440.0,10257.0,13.2,26.22,17697.0
2025-05-10,15,19609.0,3.91,6.84,7643.0,10274.0,13.69,26.23,17917.0
2025-05-10,16,20201.0,4.05,7.19,8563.0,10625.0,15.96,28.3,19188.0
2025-05-10,17,12373.0,3.64,3.52,9317.0,11087.0,17.77,30.65,20404.0
2025-05-10,18,15784.0,2.81,3.94,9407.0,11020.0,17.48,29.72,20427.0
2025-05-10,19,21652.0,2.61,6.45,9788.0,11293.0,18.96,31.51,21081.0
2025-05-10,20,21628.0,2.68,6.56,8926.0,11333.0,17.08,31.52,20259.0
2025-05-10,21,21172.0,2.84,6.46,7547.0,11099.0,14.19,30.42,18646.0
2025-05-10,22,21354.0,3.23,6.96,6330.0,9873.0,11.45,24.31,16204.0
2025-05-10,23,21223.0,3.97,7.52,4917.0,8186.0,8.95,17.45,13104.0
2025-05-11,0,13449.0,4.65,9.55,5711.0,5162.0,10.05,8.68,10873.0
2025-05-11,1,11777.0,4.87,10.73,5372.0,4916.0,9.63,8.34,10288.0
2025-05-11,2,11277.0,5.16,12.11,5089.0,5001.0,9.39,8.67,10090.0
2025-05-11,3,10789.0,5.32,11.81,4952.0,5620.0,9.7,10.75,10572.0
2025-05-11,4,13088.0,5.42,9.01,4886.0,8057.0,10.72,18.74,12943.0
2025-05-11,5,15147.0,5.55,6.12,5632.0,10320.0,12.72,27.96,15952.0
2025-05-11,6,17974.0,5.2,7.07,8241.0,11304.0,16.69,31.95,19545.0
2025-05-11,7,19587.0,4.81,7.59,9998.0,11344.0,19.85,32.01,21342.0
2025-05-11,8,19932.0,4.5,7.53,11033.0,11507.0,21.88,32.0,22540.0
2025-05-11,9,20720.0,4.19,7.55,11252.0,11556.0,22.15,32.0,22808.0
2025-05-11,10,20877.0,3.95,7.39,10619.0,11450.0,20.36,31.29,22069.0
2025-05-11,11,20760.0,3.83,7.28,9899.0,11032.0,18.52,29.56,20932.0
2025-05-11,12,20755.0,3.86,7.24,8768.0,10629.0,15.92,27.68,19396.0
2025-05-11,13,19562.0,3.99,6.82,7946.0,10430.0,14.24,26.84,18376.0
2025-05-11,14,19428.0,4.13,6.89,7176.0,10408.0,12.9,26.84,17584.0
2025-05-11,15,18990.0,4.31,6.92,7168.0,10371.0,12.91,26.85,17540.0
2025-05-11,16,18887.0,4.4,6.95,8091.0,10658.0,15.21,28.6,18749.0
2025-05-11,17,18134.0,4.23,6.46,9003.0,11174.0,17.55,31.27,20177.0
2025-05-11,18,18670.0,3.98,6.53,9020.0,11308.0,17.65,32.01,20328.0
2025-05-11,19,18546.0,3.76,6.24,9118.0,11375.0,17.62,32.01,20493.0
2025-05-11,20,18080.0,3.49,5.72,8593.0,11484.0,16.74,32.33,20077.0
2025-05-11,21,19099.0,3.37,5.98,7147.0,11198.0,13.77,30.91,18345.0
2025-05-11,22,19189.0,3.6,6.24,5451.0,9753.0,10.25,24.14,15204.0
2025-05-11,23,18645.0,4.18,6.61,4483.0,7985.0,8.69,17.46,12468.0
2025-05-12,0,12420.0,4.67,4.68,4902.0,5356.0,9.0,9.98,10258.0
2025-05-12,1,11310.0,4.82,4.48,4922.0,4866.0,9.07,8.78,9787.0
2025-05-12,2,11609.0,5.0,4.71,4764.0,4833.0,9.03,8.81,9597.0
2025-05-12,3,11220.0,5.16,4.75,4690.0,5418.0,9.42,10.75,10109.0
2025-05-12,4,11504.0,5.14,4.83,4877.0,7736.0,10.68,17.9,12612.0
2025-05-12,5,13540.0,4.9,5.26,5744.0,10075.0,12.71,27.12,15820.0
2025-05-12,6,17724.0,4.61,6.61,8640.0,11265.0,17.21,31.55,19905.0
2025-05-12,7,19497.0,4.33,7.17,10293.0,11465.0,20.25,32.0,21758.0
2025-05-12,8,19727.0,4.04,6.93,10412.0,11407.0,20.44,32.01,21818.0
2025-05-12,9,19931.0,3.8,6.76,10002.0,11402.0,19.57,32.01,21404.0
2025-05-12,10,19963.0,3.62,6.67,9581.0,11191.0,18.47,30.94,20772.0
2025-05-12,11,20126.0,3.53,6.71,9338.0,10839.0,17.65,29.2,20177.0
2025-05-12,12,20206.0,3.55,6.75,8662.0,10417.0,16.06,27.24,19079.0
2025-05-12,13,19841.0,3.72,6.78,7283.0,10279.0,13.21,26.52,17562.0
2025-05-12,14,19569.0,3.99,6.83,6549.0,10309.0,11.9,26.53,16858.0
2025-05-12,15,18264.0,4.19,6.52,6878.0,10099.0,12.55,25.66,16977.0
2025-05-12,16,18342.0,4.23,6.62,8191.0,10671.0,15.47,28.3,18862.0
2025-05-12,17,18597.0,4.06,6.5,9137.0,11232.0,17.73,31.3,20369.0
2025-05-12,18,18946.0,3.81,6.42,9723.0,11268.0,19.13,31.51,20990.0
2025-05-12,19,19064.0,3.56,6.21,9576.0,11323.0,18.57,31.5,20899.0
2025-05-12,20,19172.0,3.33,6.04,9181.0,11461.0,17.52,31.96,20641.0
2025-05-12,21,18664.0,3.2,5.69,7627.0,11174.0,14.31,30.78,18801.0
2025-05-12,22,17920.0,3.28,5.47,5501.0,9906.0,10.31,24.77,15407.0
2025-05-12,23,17921.0,3.71,5.86,4345.0,8035.0,8.41,17.5,12379.0
2025-05-13,0,13310.0,4.27,5.95,5309.0,4887.0,9.52,8.55,10195.0
2025-05-13,1,11272.0,4.46,5.57,4833.0,4827.0,8.97,8.53,9660.0
2025-05-13,2,11074.0,4.63,5.66,4594.0,4912.0,8.75,8.86,9506.0
2025-05-13,3,11033.0,4.76,5.63,4381.0,5692.0,8.96,11.16,10074.0
2025-05-13,4,14761.0,4.9,5.71,4842.0,8033.0,10.73,18.91,12875.0
2025-05-13,5,17084.0,5.0,6.7,6417.0,10328.0,14.02,28.31,16744.0
2025-05-13,6,18932.0,4.9,7.47,9128.0,11175.0,17.95,31.51,20303.0
2025-05-13,7,19021.0,4.65,7.21,9882.0,11240.0,19.19,31.5,21122.0
2025-05-13,8,19196.0,4.39,7.09,9694.0,11221.0,18.95,31.53,20915.0
2025-05-13,9,19931.0,4.23,7.24,9191.0,11282.0,17.7,31.61,20473.0
2025-05-13,10,19776.0,4.28,7.17,7919.0,11141.0,14.53,30.46,19060.0
2025-05-13,11,19141.0,4.37,8.65,6929.0,10727.0,12.33,27.9,17656.0
2025-05-13,12,17513.0,4.44,10.07,6789.0,10179.0,11.99,25.78,16969.0
2025-05-13,13,17331.0,4.53,10.01,6699.0,9720.0,11.92,23.97,16419.0
2025-05-13,14,17268.0,4.73,10.07,6473.0,9659.0,11.53,23.77,16132.0
2025-05-13,15,17188.0,4.77,10.08,6804.0,9653.0,12.22,23.88,16456.0
2025-05-13,16,18088.0,4.77,9.37,8360.0,10028.0,15.75,26.22,18388.0
2025-05-13,17,19110.0,4.66,7.3,9420.0,10887.0,18.55,30.43,20307.0
2025-05-13,18,19282.0,4.76,7.17,9653.0,11300.0,18.83,31.7,20953.0
2025-05-13,19,19444.0,4.26,7.03,9841.0,11404.0,18.83,31.81,21245.0
2025-05-13,20,19004.0,3.96,6.61,9806.0,11387.0,18.63,31.82,21193.0
2025-05-13,21,19017.0,3.74,6.33,8478.0,11158.0,15.65,30.76,19635.0
2025-05-13,22,17946.0,3.91,7.33,9046.0,5233.0,15.32,9.24,14279.0
2025-05-13,23,13950.0,4.32,10.66,6695.0,3789.0,11.19,9.2,10485.0
2025-05-14,0,10710.0,4.61,6.56,5093.0,3648.0,9.43,9.49,8741.0
2025-05-14,1,9018.0,4.8,7.12,4717.0,3138.0,8.75,7.83,7855.0
2025-05-14,2,8231.0,4.91,9.0,5299.0,2055.0,9.44,6.08,7354.0
2025-05-14,3,10282.0,5.05,8.96,5400.0,4570.0,10.39,10.27,9970.0
2025-05-14,4,13861.0,5.05,5.93,5224.0,8265.0,11.36,19.61,13489.0
2025-05-14,5,15650.0,4.93,6.03,6884.0,10487.0,14.79,28.52,17371.0
2025-05-14,6,18788.0,4.68,7.23,9720.0,11259.0,19.29,31.63,20979.0
2025-05-14,7,19342.0,4.38,7.12,10538.0,11411.0,20.76,31.84,21948.0
2025-05-14,8,19588.0,4.11,7.03,9619.0,11269.0,19.03,31.64,20888.0
2025-05-14,9,19854.0,4.01,7.07,8667.0,11271.0,16.81,31.61,19938.0
2025-05-14,10,19714.0,4.05,7.03,7155.0,11011.0,13.42,29.81,18166.0
2025-05-14,11,19561.0,4.27,7.19,6079.0,10789.0,11.29,28.59,16868.0
2025-05-14,12,20173.0,4.63,7.8,6157.0,10177.0,11.08,25.81,16334.0
2025-05-14,13,19070.0,5.21,8.56,6363.0,9665.0,11.26,23.53,16028.0
2025-05-14,14,15696.0,5.35,9.33,6213.0,9623.0,11.07,23.57,15836.0
2025-05-14,15,16835.0,5.3,10.23,6896.0,9610.0,12.31,23.53,16506.0
2025-05-14,16,17367.0,5.43,9.53,8282.0,10070.0,15.46,26.03,18352.0
2025-05-14,17,18052.0,4.99,7.13,9324.0,10883.0,18.22,30.06,20207.0
2025-05-14,18,17462.0,4.58,6.45,9591.0,11280.0,18.66,31.51,20871.0
2025-05-14,19,16483.0,4.11,5.53,9726.0,11367.0,18.67,31.51,21094.0
2025-05-14,20,17817.0,3.58,5.63,9544.0,11403.0,17.98,31.51,20947.0
2025-05-14,21,19303.0,3.34,6.06,8049.0,11181.0,14.7,30.41,19230.0
2025-05-14,22,14237.0,3.39,5.95,6446.0,9811.0,11.35,23.98,16257.0
2025-05-14,23,8685.0,2.85,5.69,4799.0,8109.0,8.85,17.28,12907.0
2025-05-15,0,8720.0,2.53,5.38,5290.0,4918.0,9.32,8.44,10207.0
2025-05-15,1,8693.0,2.32,5.22,5287.0,4653.0,9.55,8.12,9940.0
2025-05-15,2,11776.0,2.22,11.12,4842.0,4813.0,9.02,8.54,9655.0
2025-05-15,3,23591.0,3.16,7.95,4625.0,5689.0,9.19,10.96,10314.0
2025-05-15,4,21877.0,4.48,8.31,5111.0,8173.0,11.06,18.99,13284.0
2025-05-15,5,21202.0,5.05,8.57,6996.0,10531.0,14.91,28.68,17527.0
2025-05-15,6,19591.0,5.1,7.94,10230.0,11351.0,20.6,31.97,21581.0
2025-05-15,7,18763.0,4.7,7.24,10997.0,11441.0,21.76,32.01,22438.0
2025-05-15,8,18916.0,4.24,6.82,11011.0,11469.0,21.81,32.0,22480.0
2025-05-15,9,19141.0,3.83,6.51,10277.0,11483.0,19.94,32.01,21760.0
2025-05-15,10,19268.0,3.57,6.28,8860.0,11358.0,16.54,31.11,20218.0
2025-05-15,11,18928.0,3.59,6.17,6752.0,10692.0,12.11,28.7,17444.0
2025-05-15,12,17889.0,3.72,5.9,6489.0,10179.0,11.32,25.91,16668.0
2025-05-15,13,17763.0,3.84,6.03,6578.0,9692.0,11.43,23.92,16269.0
2025-05-15,14,18143.0,4.02,6.32,6240.0,9552.0,11.04,23.53,15792.0
2025-05-15,15,19197.0,4.35,7.04,6335.0,9492.0,11.32,23.53,15827.0
2025-05-15,16,19705.0,4.66,7.6,7648.0,9855.0,14.33,25.81,17503.0
2025-05-15,17,19950.0,4.78,7.8,8678.0,10675.0,17.01,30.03,19353.0
2025-05-15,18,20310.0,4.78,7.98,8898.0,11084.0,17.18,31.34,19982.0
2025-05-15,19,19935.0,4.76,7.8,9128.0,11237.0,17.18,31.5,20365.0
2025-05-15,20,18816.0,4.6,7.12,9365.0,11247.0,17.42,31.51,20611.0
2025-05-15,21,18372.0,4.42,6.77,7716.0,11035.0,14.09,30.47,18751.0
2025-05-15,22,17747.0,4.52,7.53,5795.0,9738.0,10.33,24.26,15533.0
2025-05-15,23,13935.0,4.83,13.1,4618.0,7882.0,8.71,17.14,12500.0
2025-05-16,0,10912.0,4.93,8.51,5135.0,4872.0,9.2,8.77,10007.0
2025-05-16,1,11574.0,5.13,8.99,4869.0,4713.0,9.04,8.55,9582.0
2025-05-16,2,8881.0,5.32,12.33,4361.0,4825.0,8.65,8.88,9186.0
2025-05-16,3,8822.0,5.25,15.28,4245.0,5707.0,8.88,11.24,9952.0
2025-05-16,4,12925.0,5.26,8.71,4719.0,7895.0,10.52,18.54,12614.0
2025-05-16,5,14322.0,5.16,5.77,6735.0,10325.0,14.31,28.09,17061.0
2025-05-16,6,16386.0,4.6,5.99,10496.0,10835.0,20.6,29.61,21331.0
2025-05-16,7,19998.0,4.19,7.22,11048.0,10778.0,21.82,29.51,21825.0
2025-05-16,8,20172.0,4.0,7.12,10312.0,10786.0,20.12,29.5,21097.0
2025-05-16,9,20004.0,3.87,6.95,9662.0,10728.0,18.66,29.52,20390.0
2025-05-16,10,19862.0,3.88,6.93,7575.0,10778.0,14.12,29.32,18353.0
2025-05-16,11,19590.0,4.13,7.05,5903.0,10625.0,10.92,28.38,16528.0
2025-05-16,12,20122.0,4.58,7.74,5851.0,9499.0,10.54,23.51,15351.0
2025-05-16,13,18767.0,5.07,7.56,6049.0,9016.0,10.73,21.48,15066.0
2025-05-16,14,15704.0,5.31,8.51,5999.0,8979.0,10.74,21.43,14978.0
2025-05-16,15,15614.0,5.37,9.4,6239.0,8936.0,11.31,21.53,15175.0
2025-05-16,16,16213.0,5.36,9.83,7617.0,9426.0,14.22,24.21,17043.0
2025-05-16,17,16692.0,5.12,9.63,8742.0,10335.0,16.98,28.47,19077.0
2025-05-16,18,17037.0,4.82,8.35,8735.0,10798.0,16.75,30.0,19533.0
2025-05-16,19,17292.0,4.51,8.16,8963.0,10885.0,16.81,30.01,19848.0
2025-05-16,20,17514.0,4.19,7.98,9070.0,10926.0,16.81,30.0,19996.0
2025-05-16,21,16998.0,3.94,7.42,7888.0,10605.0,14.28,28.34,18493.0
2025-05-16,22,17462.0,3.89,7.64,6369.0,9249.0,11.23,22.17,15618.0
2025-05-16,23,17269.0,4.31,7.98,4874.0,7448.0,8.77,15.38,12322.0
2025-05-17,0,12539.0,4.74,5.83,5279.0,4746.0,9.36,8.33,10026.0
2025-05-17,1,11363.0,4.97,6.16,5351.0,4134.0,9.54,7.15,9485.0
2025-05-17,2,11035.0,5.16,6.18,5164.0,4146.0,9.47,7.31,9309.0
2025-05-17,3,10979.0,5.32,6.32,4904.0,4879.0,9.55,9.3,9783.0
2025-05-17,4,10896.0,5.3,6.26,4724.0,7758.0,10.53,18.21,12482.0
2025-05-17,5,14085.0,5.05,6.48,5468.0,9914.0,12.47,27.1,15382.0
2025-05-17,6,18043.0,4.94,7.05,8609.0,10718.0,16.91,29.58,19327.0
2025-05-17,7,18680.0,4.6,7.02,11094.0,10926.0,21.74,29.79,22020.0
2025-05-17,8,19434.0,4.19,6.93,11572.0,10984.0,22.96,29.99,22556.0
2025-05-17,9,19697.0,3.83,6.63,11023.0,10986.0,21.43,29.8,22009.0
2025-05-17,10,19621.0,3.58,6.43,10499.0,10416.0,19.93,27.26,20915.0
2025-05-17,11,18998.0,3.43,6.03,9626.0,9952.0,17.91,25.26,19578.0
2025-05-17,12,18527.0,3.38,5.78,8490.0,9847.0,15.21,24.52,18337.0
2025-05-17,13,18467.0,3.42,5.77,7752.0,9801.0,13.7,24.3,17554.0
2025-05-17,14,17931.0,3.52,5.69,7076.0,9765.0,12.56,24.22,16842.0
2025-05-17,15,17808.0,3.63,5.7,7019.0,9772.0,12.48,24.22,16791.0
2025-05-17,16,17888.0,3.65,5.73,8406.0,10027.0,15.49,26.22,18432.0
2025-05-17,17,18089.0,3.46,5.65,9290.0,10589.0,17.77,29.01,19879.0
2025-05-17,18,18554.0,3.21,5.6,9787.0,10584.0,18.85,29.01,20371.0
2025-05-17,19,18457.0,2.96,5.24,9657.0,10645.0,18.37,29.0,20301.0
2025-05-17,20,18541.0,2.74,5.17,9135.0,10689.0,17.02,28.94,19824.0
2025-05-17,21,18757.0,2.65,5.21,7694.0,10417.0,13.86,27.25,18111.0
2025-05-17,22,19406.0,2.87,5.67,6314.0,8966.0,10.94,21.05,15280.0
2025-05-17,23,19253.0,3.51,6.27,4985.0,7180.0,8.7,14.54,12165.0
2025-05-18,0,13629.0,4.11,4.49,5709.0,4458.0,9.79,7.63,10167.0
2025-05-18,1,12796.0,4.43,4.5,5704.0,3943.0,10.03,6.86,9648.0
2025-05-18,2,12899.0,4.82,4.93,5002.0,4018.0,9.04,7.14,9021.0
2025-05-18,3,13042.0,5.21,5.57,5177.0,4665.0,9.85,8.89,9842.0
2025-05-18,4,12314.0,5.38,7.09,4900.0,7281.0,10.54,16.59,12181.0
2025-05-18,5,13142.0,5.26,6.04,5443.0,9548.0,12.14,25.13,14991.0
2025-05-18,6,17285.0,5.02,6.88,8218.0,10368.0,16.4,28.35,18587.0
2025-05-18,7,18974.0,4.86,7.42,9982.0,10560.0,19.47,28.51,20542.0
2025-05-18,8,19075.0,4.58,7.17,11040.0,10648.0,21.7,28.5,21688.0
2025-05-18,9,19304.0,4.19,6.92,11824.0,10698.0,23.36,28.5,22521.0
2025-05-18,10,19492.0,3.82,6.59,11293.0,10440.0,21.88,27.4,21734.0
2025-05-18,11,19592.0,3.62,6.51,10261.0,10036.0,19.09,25.45,20297.0
2025-05-18,12,19407.0,3.57,6.38,9130.0,9794.0,16.34,24.39,18924.0
2025-05-18,13,19135.0,3.66,6.36,7927.0,9742.0,13.74,24.02,17669.0
2025-05-18,14,18994.0,3.83,6.44,7296.0,9744.0,12.65,24.03,17041.0
2025-05-18,15,18850.0,4.03,6.54,7372.0,9695.0,12.89,24.03,17067.0
2025-05-18,16,18226.0,4.09,6.32,8410.0,10088.0,15.43,26.27,18499.0
2025-05-18,17,18405.0,3.93,6.24,9424.0,10634.0,17.97,29.01,20058.0
2025-05-18,18,18649.0,3.7,6.11,9800.0,10605.0,18.8,29.0,20405.0
2025-05-18,19,19382.0,3.47,6.19,10078.0,10643.0,19.28,29.01,20721.0
2025-05-18,20,19588.0,3.29,6.16,9848.0,10735.0,18.4,28.99,20583.0
2025-05-18,21,19556.0,3.24,6.09,8198.0,10353.0,14.9,27.18,18551.0
2025-05-18,22,19324.0,3.49,6.24,6174.0,8972.0,10.81,21.13,15146.0
2025-05-18,23,18807.0,4.12,6.65,4863.0,6949.0,8.75,14.07,11812.0
2025-05-19,0,11405.0,4.66,6.65,5508.0,4078.0,9.57,6.99,9586.0
2025-05-19,1,11034.0,4.84,6.51,4945.0,3923.0,8.98,6.83,8868.0
2025-05-19,2,10877.0,5.09,7.76,4832.0,3933.0,9.02,7.04,8765.0
2025-05-19,3,10391.0,5.29,9.45,4902.0,4711.0,9.55,9.12,9613.0
2025-05-19,4,11872.0,5.28,8.21,5388.0,7342.0,11.25,16.75,12730.0
2025-05-19,5,14428.0,5.09,5.72,7274.0,9857.0,14.96,26.09,17131.0
2025-05-19,6,18340.0,4.67,6.93,10758.0,10864.0,21.01,29.99,21623.0
2025-05-19,7,19353.0,4.3,7.06,10963.0,10899.0,21.34,30.01,21862.0
2025-05-19,8,19489.0,4.0,6.83,10510.0,10839.0,20.37,30.01,21349.0
2025-05-19,9,19530.0,3.81,6.65,9046.0,10883.0,17.13,30.0,19929.0
2025-05-19,10,19395.0,3.84,6.64,7365.0,10722.0,13.73,29.04,18087.0
2025-05-19,11,18994.0,4.04,6.69,6335.0,10302.0,11.36,26.9,16637.0
2025-05-19,12,19002.0,4.3,6.89,6536.0,9739.0,11.33,24.01,16275.0
2025-05-19,13,19387.0,4.58,7.39,6901.0,9299.0,12.0,22.2,16200.0
2025-05-19,14,18985.0,5.01,8.47,6242.0,9364.0,11.04,22.76,15607.0
2025-05-19,15,18842.0,5.38,9.68,6594.0,9167.0,11.64,22.03,15761.0
2025-05-19,16,15498.0,5.48,11.07,8037.0,9561.0,14.75,24.36,17598.0
2025-05-19,17,14904.0,5.04,11.01,9064.0,10424.0,17.29,28.33,19488.0
2025-05-19,18,15292.0,4.48,10.84,9332.0,10963.0,17.58,30.16,20294.0
2025-05-19,19,16934.0,3.96,9.14,9768.0,11132.0,18.24,30.56,20899.0
2025-05-19,20,16965.0,3.49,8.64,9674.0,11149.0,17.9,30.44,20823.0
2025-05-19,21,16972.0,3.13,8.26,8272.0,10605.0,14.82,28.28,18876.0
2025-05-19,22,16830.0,3.05,8.09,6444.0,9255.0,11.19,22.15,15699.0
2025-05-19,23,16523.0,3.36,8.23,4789.0,7504.0,8.69,15.73,12293.0
2025-05-20,0,13135.0,3.79,4.23,5106.0,5031.0,9.21,9.01,10137.0
2025-05-20,1,12469.0,4.09,4.1,4943.0,4745.0,9.0,8.52,9688.0
2025-05-20,2,12136.0,4.37,4.29,4649.0,4775.0,8.78,8.76,9424.0
2025-05-20,3,11423.0,4.59,4.32,4597.0,5629.0,9.13,11.08,10226.0
2025-05-20,4,10785.0,4.5,4.08,5252.0,8037.0,11.13,18.67,13289.0
2025-05-20,5,13400.0,4.02,4.4,7622.0,10522.0,15.78,28.04,18144.0
2025-05-20,6,18466.0,3.47,5.74,11254.0,11583.0,22.03,32.0,22837.0
2025-05-20,7,20394.0,3.0,6.18,11858.0,11577.0,23.4,32.01,23435.0
2025-05-20,8,20949.0,2.67,6.24,11138.0,11469.0,21.89,32.01,22607.0
2025-05-20,9,21260.0,2.5,6.23,10063.0,11413.0,19.86,32.01,21477.0
2025-05-20,10,21426.0,2.55,6.36,8500.0,11117.0,15.96,30.38,19617.0
2025-05-20,11,21226.0,2.81,6.55,7245.0,10804.0,12.95,28.5,18049.0
2025-05-20,12,20991.0,3.19,6.76,6714.0,10232.0,11.8,26.13,16945.0
2025-05-20,13,20710.0,3.65,7.09,6662.0,9719.0,11.73,24.06,16381.0
2025-05-20,14,20631.0,4.11,7.51,6706.0,9715.0,11.85,24.03,16421.0
2025-05-20,15,19967.0,4.55,7.61,7042.0,9709.0,12.5,24.03,16751.0
2025-05-20,16,18759.0,4.69,7.14,8719.0,10247.0,16.49,26.86,18965.0
2025-05-20,17,19738.0,4.54,7.54,9797.0,11088.0,19.16,30.71,20885.0
2025-05-20,18,20027.0,4.38,7.45,9884.0,11398.0,19.07,31.94,21281.0
2025-05-20,19,20142.0,4.2,7.34,10038.0,11530.0,18.83,32.0,21568.0
2025-05-20,20,18939.0,3.95,6.52,10208.0,11534.0,19.18,32.01,21742.0
2025-05-20,21,17976.0,3.6,5.73,8680.0,11244.0,15.93,30.71,19924.0
2025-05-20,22,17314.0,3.47,5.31,6718.0,10125.0,11.85,25.21,16843.0
2025-05-20,23,18082.0,3.76,5.92,4892.0,8092.0,8.95,17.34,12984.0
2025-05-21,0,14678.0,4.35,5.09,5454.0,4891.0,9.72,8.68,10345.0
2025-05-21,1,13186.0,4.74,5.22,5087.0,4785.0,9.32,8.54,9872.0
2025-05-21,2,11592.0,5.0,6.32,4951.0,4869.0,9.24,8.72,9820.0
2025-05-21,3,10991.0,5.13,6.1,4706.0,5696.0,9.39,11.08,10402.0
2025-05-21,4,11832.0,5.02,5.57,5367.0,8280.0,11.4,19.4,13648.0
2025-05-21,5,16265.0,4.79,6.14,7551.0,10715.0,15.53,28.9,18266.0
2025-05-21,6,17891.0,4.3,6.33,11740.0,11546.0,23.31,31.99,23286.0
2025-05-21,7,20452.0,3.74,7.01,12214.0,11564.0,24.27,32.11,23778.0
2025-05-21,8,20882.0,3.41,6.88,11146.0,11502.0,21.91,32.11,22648.0
2025-05-21,9,20354.0,3.2,6.44,9831.0,11441.0,18.85,31.87,21272.0
2025-05-21,10,20823.0,3.21,6.62,7728.0,11231.0,14.35,30.74,18958.0
2025-05-21,11,21022.0,3.53,7.01,6422.0,10832.0,11.54,28.52,17254.0
2025-05-21,12,21194.0,3.98,7.62,6329.0,10222.0,11.16,25.9,16551.0
2025-05-21,13,21424.0,4.54,8.28,6383.0,9650.0,11.1,23.61,16034.0
2025-05-21,14,21716.0,5.2,9.09,5834.0,9751.0,10.23,23.63,15585.0
2025-05-21,15,16011.0,5.59,13.33,6367.0,9847.0,11.21,24.26,16214.0
2025-05-21,16,17448.0,5.53,9.85,8321.0,10272.0,15.38,26.65,18593.0
2025-05-21,17,19319.0,5.32,7.96,9919.0,10969.0,19.35,30.37,20888.0
2025-05-21,18,19337.0,5.08,7.71,9895.0,11404.0,19.15,31.84,21300.0
2025-05-21,19,19092.0,4.8,7.35,9960.0,11502.0,18.99,31.91,21462.0
2025-05-21,20,19051.0,4.46,6.95,10042.0,11563.0,18.92,31.89,21606.0
2025-05-21,21,20542.0,4.32,7.53,8099.0,10972.0,14.58,29.53,19071.0
2025-05-21,22,17033.0,4.79,6.49,8066.0,4810.0,13.31,9.1,12875.0
2025-05-21,23,11398.0,4.88,4.2,6246.0,4670.0,10.45,8.94,10917.0
2025-05-22,0,10414.0,4.98,4.08,5043.0,3769.0,9.31,9.48,8812.0
2025-05-22,1,9678.0,5.1,4.02,4692.0,4327.0,8.79,8.53,9020.0
2025-05-22,2,9410.0,5.04,3.92,4744.0,5216.0,8.91,9.12,9960.0
2025-05-22,3,9446.0,4.94,3.83,4500.0,5940.0,9.01,11.45,10440.0
2025-05-22,4,12084.0,4.79,4.56,5246.0,8450.0,11.17,19.48,13696.0
2025-05-22,5,13526.0,4.36,4.7,7579.0,10799.0,15.57,28.72,18378.0
2025-05-22,6,18769.0,3.77,6.16,11490.0,11670.0,22.86,32.18,23160.0
2025-05-22,7,20469.0,3.3,6.51,11920.0,11737.0,23.67,32.21,23657.0
2025-05-22,8,21015.0,2.94,6.5,11370.0,11661.0,22.59,32.2,23030.0
2025-05-22,9,21089.0,2.72,6.41,10112.0,11557.0,19.47,32.21,21669.0
2025-05-22,10,21057.0,2.73,6.42,8228.0,11394.0,15.01,30.96,19622.0
2025-05-22,11,20956.0,2.98,6.58,6709.0,11008.0,11.76,28.93,17716.0
2025-05-22,12,20742.0,3.4,6.97,6294.0,10409.0,10.89,26.18,16703.0
2025-05-22,13,19000.0,3.77,6.51,6394.0,9741.0,10.95,23.57,16135.0
2025-05-22,14,18456.0,4.04,6.49,6517.0,9679.0,11.33,23.54,16196.0
2025-05-22,15,18093.0,4.25,6.51,6592.0,9693.0,11.53,23.52,16285.0
2025-05-22,16,18119.0,4.35,6.7,7696.0,9928.0,13.69,24.74,17624.0
2025-05-22,18,18352.0,3.63,5.96,10527.0,11577.0,20.11,31.89,22104.0
2025-05-22,19,18574.0,3.22,5.68,10457.0,11659.0,19.8,32.0,22116.0
2025-05-22,20,18815.0,2.8,5.37,10281.0,11680.0,19.31,32.01,21960.0
2025-05-22,21,19629.0,2.55,5.53,8533.0,11385.0,15.55,30.58,19919.0
2025-05-22,22,20247.0,2.72,6.0,6702.0,10005.0,11.63,24.23,16708.0
2025-05-22,23,20129.0,3.33,6.52,4776.0,8221.0,8.81,17.5,12998.0
2025-05-23,0,15841.0,4.05,5.17,5573.0,4974.0,9.56,8.65,10547.0
2025-05-23,1,14589.0,4.57,5.25,5271.0,4709.0,9.34,8.35,9980.0
2025-05-23,2,13017.0,4.99,7.23,4956.0,4752.0,9.04,8.53,9708.0
2025-05-23,3,10873.0,5.23,9.67,4957.0,5546.0,9.51,10.77,10502.0
2025-05-23,4,12826.0,5.19,7.93,5558.0,8128.0,11.42,18.92,13686.0
2025-05-23,5,15228.0,4.97,5.88,8128.0,10548.0,16.39,28.4,18676.0
2025-05-23,6,19352.0,4.46,7.18,11977.0,11586.0,23.85,32.22,23563.0
2025-05-23,7,19878.0,3.91,6.85,12474.0,11621.0,24.97,32.31,24095.0
2025-05-23,8,19899.0,3.57,6.54,12167.0,11554.0,24.2,32.32,23720.0
2025-05-23,16,19707.0,4.23,7.11,9334.0,10397.0,17.4,27.12,19731.0
2025-05-23,17,19654.0,4.09,6.98,10422.0,11027.0,20.27,30.41,21449.0
2025-05-23,18,19790.0,4.02,6.88,10469.0,11048.0,20.29,30.98,21517.0
2025-05-23,19,20671.0,3.69,7.04,10443.0,11385.0,20.02,31.73,21828.0
2025-05-23,20,21920.0,3.56,7.59,10116.0,11529.0,19.08,32.26,21645.0
2025-05-23,21,21050.0,3.6,7.15,8768.0,11411.0,16.01,31.11,20179.0
2025-05-23,22,20657.0,3.85,7.14,6447.0,10189.0,11.26,25.46,16636.0
2025-05-23,23,18218.0,4.37,6.58,5238.0,8222.0,8.97,17.61,13460.0
2025-05-24,0,12687.0,4.71,4.78,5750.0,5232.0,9.49,9.4,10982.0
2025-05-24,1,12045.0,4.86,4.74,5668.0,4884.0,9.62,8.77,10552.0
2025-05-24,2,11853.0,5.0,4.82,5426.0,4890.0,9.45,8.91,10315.0
2025-05-24,3,11771.0,5.14,4.94,5275.0,5507.0,9.61,10.77,10782.0
2025-05-24,4,11784.0,5.08,4.86,5380.0,8126.0,10.97,19.06,13506.0
2025-05-24,5,12795.0,4.71,4.85,6485.0,10473.0,13.5,28.39,16958.0
2025-05-24,6,16937.0,4.15,5.79,10262.0,11336.0,20.3,31.57,21598.0
2025-05-24,7,19547.0,3.63,6.45,12097.0,11535.0,23.94,31.7,23632.0
2025-05-24,8,20390.0,3.16,6.32,12161.0,11500.0,24.16,31.7,23660.0
2025-05-24,9,20479.0,2.74,6.08,12006.0,11457.0,23.65,31.71,23463.0
2025-05-24,10,20588.0,2.41,5.87,10833.0,11382.0,20.56,31.16,22214.0
2025-05-24,11,20697.0,2.25,5.8,10049.0,10870.0,18.46,28.83,20919.0
2025-05-24,12,20763.0,2.25,5.78,9103.0,10499.0,16.06,26.97,19602.0
2025-05-24,13,20682.0,2.43,5.93,8037.0,10307.0,13.75,26.02,18345.0
2025-05-24,14,20539.0,2.71,6.05,7278.0,10302.0,12.32,26.03,17580.0
2025-05-24,15,20560.0,3.02,6.35,7533.0,10253.0,12.97,26.03,17786.0
2025-05-24,16,20802.0,3.25,6.76,8762.0,10698.0,15.99,28.32,19460.0
2025-05-24,17,20793.0,3.24,6.71,10041.0,11322.0,19.24,31.48,21362.0
2025-05-24,18,21058.0,3.11,6.73,10556.0,11438.0,20.51,32.01,21994.0
2025-05-24,19,20194.0,2.91,6.12,10435.0,11489.0,20.02,32.0,21924.0
2025-05-24,20,20316.0,2.71,5.96,9977.0,11518.0,18.84,32.01,21495.0
2025-05-24,21,20353.0,2.63,5.95,8496.0,11314.0,15.55,30.98,19810.0
2025-05-24,22,20900.0,2.85,6.43,6375.0,10016.0,11.1,24.7,16392.0
2025-05-24,23,20933.0,3.54,7.07,5373.0,8108.0,9.21,17.36,13481.0
2025-05-25,0,15096.0,4.2,5.07,6197.0,4852.0,10.09,8.56,11049.0
2025-05-25,1,13973.0,4.56,5.05,5869.0,4791.0,9.81,8.54,10660.0
2025-05-25,2,13670.0,4.91,5.35,5264.0,4908.0,9.11,8.88,10171.0
2025-05-25,3,11858.0,5.18,6.75,5030.0,5662.0,9.18,10.88,10692.0
2025-05-25,4,12664.0,5.19,7.14,5455.0,7906.0,10.91,18.37,13361.0
2025-05-25,5,16825.0,5.13,6.68,6251.0,10196.0,13.17,27.7,16448.0
2025-05-25,6,19691.0,5.09,7.86,9054.0,11263.0,17.98,31.9,20317.0
2025-05-25,7,19171.0,4.83,7.48,10836.0,11460.0,21.3,31.99,22297.0
2025-05-25,8,20518.0,4.43,7.76,11819.0,11530.0,23.42,32.02,23349.0
2025-05-25,9,20910.0,4.09,7.5,11608.0,11599.0,22.51,31.98,23206.0
2025-05-25,10,20987.0,3.83,7.31,10832.0,11401.0,20.27,30.93,22232.0
2025-05-25,11,20962.0,3.77,7.3,9554.0,11025.0,17.19,28.91,20580.0
2025-05-25,12,20930.0,3.83,7.34,9025.0,10724.0,15.93,27.59,19749.0
2025-05-25,13,20666.0,3.97,7.38,8283.0,10503.0,14.21,26.53,18786.0
2025-05-25,14,20703.0,4.21,7.55,7518.0,10470.0,12.84,26.53,17989.0
2025-05-25,15,20463.0,4.48,7.78,7719.0,10478.0,13.36,26.53,18198.0
2025-05-25,16,19369.0,4.62,9.17,8947.0,10786.0,16.47,28.76,19732.0
2025-05-25,17,19742.0,4.43,9.04,9977.0,11280.0,19.19,31.37,21257.0
2025-05-25,18,18093.0,4.14,10.13,10273.0,11373.0,19.74,31.7,21647.0
2025-05-25,19,17840.0,3.67,9.51,10496.0,11401.0,20.15,31.7,21897.0
2025-05-25,20,18134.0,3.2,9.25,10422.0,11435.0,19.68,31.7,21857.0
2025-05-25,21,18193.0,2.84,9.03,8704.0,11181.0,15.8,30.46,19886.0
2025-05-25,22,14970.0,2.72,12.44,6176.0,9824.0,10.77,24.22,16000.0
2025-05-25,23,14519.0,2.81,12.96,4891.0,8056.0,8.63,17.5,12947.0
2025-05-26,0,8506.0,3.11,7.33,5565.0,4522.0,8.88,7.64,10087.0
2025-05-26,1,15245.0,3.59,4.5,5713.0,4782.0,9.64,8.54,10496.0
2025-05-26,2,14596.0,4.1,4.82,5160.0,4815.0,8.95,8.66,9975.0
2025-05-26,3,14828.0,4.59,5.35,4954.0,5646.0,9.19,11.0,10599.0
2025-05-26,4,14887.0,4.9,5.73,5675.0,8010.0,11.26,18.68,13685.0
2025-05-26,5,14900.0,4.76,5.53,8089.0,10510.0,16.08,28.34,18599.0
2025-05-26,6,18764.0,4.2,6.6,11572.0,11527.0,22.94,31.77,23099.0
2025-05-26,7,20492.0,3.79,6.93,11876.0,11499.0,23.43,31.86,23375.0
2025-05-26,8,20731.0,3.52,6.84,10808.0,11374.0,20.98,31.81,22182.0
2025-05-26,9,20667.0,3.38,6.66,9793.0,11368.0,18.52,31.81,21161.0
2025-05-26,10,20179.0,3.4,6.48,7728.0,11247.0,13.82,30.77,18976.0
2025-05-26,11,19847.0,3.59,6.57,6722.0,10925.0,11.59,28.69,17647.0
2025-05-26,12,19210.0,3.82,6.55,6724.0,10376.0,11.36,25.96,17100.0
2025-05-26,13,19052.0,4.06,6.7,6907.0,9776.0,11.64,23.74,16683.0
2025-05-26,14,20381.0,4.4,7.73,6661.0,9740.0,11.35,23.73,16401.0
2025-05-26,15,20298.0,4.86,8.06,6722.0,9742.0,11.62,23.75,16464.0
2025-05-26,16,20124.0,5.17,8.26,8651.0,10164.0,15.9,26.31,18815.0
2025-05-26,17,20381.0,5.15,8.33,10101.0,10983.0,19.63,30.45,21083.0
2025-05-26,18,20587.0,5.03,8.33,10226.0,11360.0,19.7,31.81,21586.0
2025-05-26,19,20797.0,4.9,8.22,10211.0,11424.0,19.27,31.8,21635.0
2025-05-26,20,20967.0,4.8,8.28,10234.0,11473.0,19.14,31.8,21707.0
2025-05-26,21,20530.0,4.77,8.04,8439.0,11208.0,15.05,30.41,19647.0
2025-05-26,22,17016.0,4.93,11.82,6242.0,9892.0,10.76,24.25,16134.0
2025-05-26,23,13234.0,5.02,13.9,4962.0,7995.0,8.83,17.21,12956.0
2025-05-27,0,9518.0,5.03,11.65,5791.0,4777.0,9.5,8.56,10568.0
2025-05-27,1,10909.0,5.04,10.12,5526.0,4602.0,9.32,8.33,10128.0
2025-05-27,2,10625.0,5.19,10.34,5266.0,4750.0,9.13,8.7,10016.0
2025-05-27,3,10012.0,5.22,10.67,5072.0,5587.0,9.31,10.99,10658.0
2025-05-27,4,12771.0,5.12,8.12,5765.0,8009.0,11.34,18.82,13774.0
2025-05-27,5,15525.0,4.9,5.98,8227.0,10508.0,16.18,28.15,18734.0
2025-05-27,6,18181.0,4.39,6.54,11702.0,11508.0,23.01,31.84,23209.0
2025-05-27,7,18954.0,3.81,6.35,11723.0,11581.0,22.98,32.0,23304.0
2025-05-27,8,20311.0,3.41,6.54,10933.0,11494.0,21.2,32.02,22427.0
2025-05-27,9,19989.0,3.21,6.26,9190.0,11445.0,17.13,32.01,20635.0
2025-05-27,10,19930.0,3.22,6.25,7535.0,11446.0,13.4,31.15,18980.0
2025-05-27,11,19836.0,3.37,6.36,6870.0,11112.0,11.77,29.25,17982.0
2025-05-27,12,19695.0,3.6,6.52,6618.0,10340.0,11.25,26.19,16958.0
2025-05-27,13,20250.0,3.97,7.2,6465.0,9681.0,10.93,23.53,16145.0
2025-05-27,14,19971.0,4.42,7.5,6251.0,9685.0,10.65,23.53,15936.0
2025-05-27,15,19052.0,4.79,7.49,6734.0,9605.0,11.6,23.53,16339.0
2025-05-27,16,19326.0,4.98,7.69,8488.0,10098.0,15.72,26.28,18586.0
2025-05-27,17,18699.0,4.86,7.35,9639.0,10970.0,18.79,30.37,20609.0
2025-05-27,18,18565.0,4.56,6.96,9881.0,11413.0,19.16,32.0,21295.0
2025-05-27,19,18715.0,4.21,6.73,10074.0,11503.0,19.17,32.0,21577.0
2025-05-27,20,19009.0,3.85,6.51,10282.0,11615.0,19.43,32.52,21897.0
2025-05-27,21,19121.0,3.57,6.22,8935.0,11317.0,16.04,30.93,20252.0
2025-05-27,22,19386.0,3.61,6.42,6775.0,10034.0,11.54,24.84,16809.0
2025-05-27,23,20086.0,4.16,7.23,5092.0,8105.0,8.99,17.58,13197.0
2025-05-28,0,13239.0,4.77,5.68,5336.0,5207.0,9.28,9.31,10543.0
2025-05-28,1,11230.0,4.93,5.11,5070.0,4848.0,9.13,8.77,9918.0
2025-05-28,2,10698.0,5.03,5.01,4954.0,4833.0,8.99,8.81,9786.0
2025-05-28,3,10908.0,5.09,4.98,4877.0,5533.0,9.28,10.85,10410.0
2025-05-28,4,11271.0,4.99,4.59,5595.0,7957.0,11.43,18.39,13552.0
2025-05-28,5,12657.0,4.5,4.52,7958.0,10478.0,15.93,28.05,18436.0
2025-05-28,6,18114.0,3.8,5.98,11906.0,11511.0,23.6,31.95,23416.0
2025-05-28,7,19600.0,3.21,6.08,12376.0,11554.0,24.32,32.0,23929.0
2025-05-28,8,20967.0,2.78,6.39,11422.0,11481.0,22.26,32.02,22903.0
2025-05-28,9,21689.0,2.64,6.66,10255.0,11486.0,19.59,32.01,21740.0
2025-05-28,10,21351.0,2.7,6.56,8111.0,11347.0,14.6,30.87,19457.0
2025-05-28,11,21279.0,3.01,6.78,6608.0,11054.0,11.45,29.15,17662.0
2025-05-28,12,20127.0,3.38,6.53,6607.0,10408.0,11.22,26.31,17015.0
2025-05-28,13,19885.0,3.75,6.79,6618.0,9705.0,11.21,23.61,16322.0
2025-05-28,14,19589.0,4.12,7.02,6561.0,9670.0,11.22,23.54,16231.0
2025-05-28,15,18136.0,4.4,6.71,6791.0,9639.0,11.76,23.37,16430.0
2025-05-28,16,18010.0,4.46,6.65,8438.0,10022.0,15.36,25.49,18460.0
2025-05-28,17,18240.0,4.23,6.51,9937.0,11071.0,19.21,30.62,21007.0
2025-05-28,18,18213.0,3.84,6.13,10187.0,11370.0,19.52,31.71,21557.0
2025-05-28,19,19521.0,3.47,6.38,10565.0,11479.0,19.97,31.7,22044.0
2025-05-28,20,20745.0,3.22,6.64,10454.0,11523.0,19.69,31.71,21977.0
2025-05-28,21,20925.0,3.17,6.69,8555.0,11261.0,15.49,30.53,19816.0
2025-05-28,22,19761.0,3.43,6.32,5339.0,10007.0,9.62,24.17,15346.0
2025-05-28,23,17202.0,4.15,6.03,3374.0,7907.0,9.54,16.32,11281.0
2025-05-29,0,9159.0,4.42,3.37,2830.0,5327.0,7.54,8.75,8157.0
2025-05-29,1,11083.0,4.57,4.17,2929.0,5185.0,7.54,8.56,8114.0
2025-05-29,2,12129.0,5.04,5.48,3034.0,5195.0,7.79,8.69,8230.0
2025-05-29,3,8218.0,5.18,9.82,3169.0,5827.0,8.48,10.52,8996.0
2025-05-29,4,14616.0,5.25,9.59,5936.0,8395.0,11.32,19.11,14331.0
2025-05-29,5,16240.0,5.08,6.37,8521.0,10692.0,16.17,29.02,19212.0
2025-05-29,6,17027.0,4.43,6.05,11875.0,11546.0,22.93,31.95,23421.0
2025-05-29,7,20023.0,3.8,6.81,12800.0,11511.0,25.22,32.0,24311.0
2025-05-29,8,20229.0,3.35,6.42,11685.0,11416.0,22.53,31.87,23102.0
2025-05-29,9,20293.0,3.07,6.26,9913.0,11368.0,18.59,31.71,21281.0
2025-05-29,10,20138.0,3.05,6.2,7633.0,11220.0,13.71,30.47,18853.0
2025-05-29,11,20172.0,3.3,6.5,6305.0,10692.0,11.02,27.72,16997.0
2025-05-29,12,20353.0,3.7,7.02,6033.0,10209.0,10.41,25.67,16243.0
2025-05-29,13,20255.0,4.19,7.44,6056.0,9558.0,10.4,22.93,15615.0
2025-05-29,14,20115.0,4.72,8.35,6328.0,9430.0,10.95,22.48,15758.0
2025-05-29,15,16817.0,5.01,10.03,6609.0,9406.0,11.35,22.53,16015.0
2025-05-29,16,16815.0,4.94,9.89,8681.0,10102.0,15.88,26.19,18783.0
2025-05-29,17,16712.0,4.55,9.45,9900.0,10973.0,19.14,30.6,20873.0
2025-05-29,18,16512.0,4.02,8.79,9876.0,11293.0,18.81,31.6,21169.0
2025-05-29,19,16923.0,3.5,8.58,9826.0,11372.0,18.36,31.61,21198.0
2025-05-29,20,18114.0,3.04,9.2,10123.0,11425.0,18.86,31.73,21548.0
2025-05-29,21,20689.0,2.83,6.6,8560.0,11157.0,15.39,30.13,19717.0
2025-05-29,22,20876.0,3.21,6.65,8774.0,5272.0,14.71,9.65,14047.0
2025-05-29,23,18832.0,4.04,10.7,7319.0,4215.0,12.13,9.05,11534.0
2025-05-30,0,12127.0,4.61,8.77,6324.0,3498.0,11.04,9.95,9823.0
2025-05-30,1,10675.0,4.77,7.41,5716.0,3971.0,10.2,9.23,9687.0
2025-05-30,2,11600.0,4.91,6.95,5127.0,4787.0,9.28,8.43,9914.0
2025-05-30,3,12001.0,5.09,7.06,4902.0,5504.0,9.42,10.52,10406.0
2025-05-30,4,12875.0,5.16,6.44,5853.0,8204.0,11.96,18.9,14057.0
2025-05-30,5,13819.0,4.69,5.2,8228.0,10616.0,16.72,28.56,18844.0
2025-05-30,6,19888.0,4.18,7.16,11827.0,11495.0,23.52,31.9,23322.0
2025-05-30,7,20415.0,3.73,7.01,12425.0,11497.0,24.42,32.0,23922.0
2025-05-30,8,20619.0,3.35,6.65,11443.0,11411.0,22.3,32.01,22854.0
2025-05-30,9,20648.0,3.12,6.5,10193.0,11419.0,19.42,32.01,21612.0
2025-05-30,10,20580.0,3.07,6.42,8364.0,11265.0,15.09,30.48,19629.0
2025-05-30,11,20318.0,3.25,6.44,7070.0,10801.0,12.2,28.08,17872.0
2025-05-30,12,20157.0,3.54,6.71,6736.0,10126.0,11.44,25.22,16862.0
2025-05-30,13,20017.0,3.93,7.0,6672.0,9677.0,11.27,23.03,16349.0
2025-05-30,14,19539.0,4.32,7.19,6482.0,9644.0,11.1,23.03,16126.0
2025-05-30,15,18059.0,4.59,6.77,6845.0,9589.0,11.77,23.03,16434.0
2025-05-30,16,18143.0,4.63,6.9,8751.0,10151.0,15.92,26.02,18902.0
2025-05-30,17,18028.0,4.39,6.64,9646.0,11021.0,18.54,30.42,20667.0
2025-05-30,18,18118.0,4.0,6.22,10002.0,11365.0,19.01,31.8,21367.0
2025-05-30,19,18483.0,3.59,5.92,10414.0,11446.0,19.65,31.81,21860.0
2025-05-30,20,18741.0,3.18,5.66,10311.0,11451.0,19.61,31.79,21762.0
2025-05-30,21,18802.0,2.9,5.43,8507.0,11182.0,15.39,30.21,19689.0
2025-05-30,22,19308.0,2.96,5.72,6712.0,9786.0,11.41,23.6,16498.0
2025-05-30,23,19314.0,3.47,6.23,5287.0,7961.0,9.19,16.73,13248.0
2025-05-31,0,14024.0,4.0,4.55,5838.0,4942.0,10.01,8.48,10780.0
2025-05-31,1,13497.0,4.32,4.66,5417.0,4796.0,9.49,8.34,10214.0
2025-05-31,2,13343.0,4.67,4.96,5242.0,4749.0,9.45,8.36,9991.0
2025-05-31,3,13092.0,5.0,5.2,5117.0,5409.0,9.67,10.34,10526.0
2025-05-31,4,12916.0,5.1,5.22,5426.0,8008.0,11.19,18.58,13434.0
2025-05-31,5,13405.0,4.83,5.14,6773.0,10370.0,13.99,28.14,17143.0
2025-05-31,6,18050.0,4.34,6.53,10071.0,11310.0,19.66,31.73,21381.0
2025-05-31,7,19366.0,3.92,6.72,11674.0,11502.0,22.89,31.8,23177.0
2025-05-31,8,19901.0,3.47,6.49,11535.0,11474.0,22.66,31.81,23009.0
2025-05-31,9,20164.0,3.13,6.27,10860.0,11457.0,20.97,31.81,22318.0
2025-05-31,10,20188.0,2.88,6.07,10092.0,11321.0,18.82,30.85,21413.0
2025-05-31,11,20242.0,2.77,6.0,9392.0,10848.0,16.95,28.48,20240.0
2025-05-31,12,20199.0,2.8,5.97,8493.0,10420.0,14.92,26.87,18912.0
2025-05-31,13,20303.0,2.99,6.26,7431.0,10300.0,12.8,26.02,17731.0
2025-05-31,14,20278.0,3.3,6.53,6947.0,10293.0,11.92,26.03,17240.0
2025-05-31,15,20175.0,3.59,6.75,7263.0,10330.0,12.37,26.01,17593.0
2025-05-31,16,20251.0,3.77,6.96,8828.0,10630.0,16.0,28.19,19459.0
2025-05-31,17,20324.0,3.73,6.95,9754.0,11224.0,18.8,31.18,20977.0
2025-05-31,18,20522.0,3.64,6.93,9415.0,11349.0,18.15,31.87,20764.0
2025-05-31,19,20996.0,3.62,7.17,9158.0,11397.0,17.47,31.87,20555.0
2025-05-31,20,19767.0,3.59,6.46,8895.0,11448.0,16.79,31.87,20343.0
2025-05-31,21,17763.0,3.49,6.38,7478.0,11125.0,13.82,30.31,18603.0
2025-05-31,22,18200.0,3.53,7.37,5865.0,9744.0,10.53,23.66,15609.0
2025-05-31,23,16466.0,3.91,7.35,4670.0,8023.0,8.57,17.04,12692.0
