date,hour,SR_Qin,SR_Level,SR_Inlet,SR_F_1800,SR_F_1000,SR_P_1800,SR_P_1000,TotalFlow
2026-03-01,0,16525.0,3.33,9.1,9972.0,5048.0,8.51,8.63,15020.0
2026-03-01,1,16541.0,3.51,8.48,9268.0,4296.0,7.93,8.23,13564.0
2026-03-01,2,16753.0,3.82,8.84,8654.0,3852.0,7.59,7.97,12506.0
2026-03-01,3,17057.0,4.21,8.17,8446.0,3554.0,7.47,7.91,12000.0
2026-03-01,4,17868.0,4.67,6.91,8403.0,3449.0,7.51,7.98,11853.0
2026-03-01,5,17313.0,5.14,7.05,9342.0,3563.0,9.52,9.93,12905.0
2026-03-01,6,17638.0,5.35,7.3,12459.0,4642.0,14.22,14.46,17101.0
2026-03-01,7,18141.0,5.22,7.27,15357.0,6700.0,18.18,17.86,22057.0
2026-03-01,8,18250.0,4.89,6.99,15885.0,7331.0,18.59,18.07,23216.0
2026-03-01,9,18535.0,4.52,6.61,15720.0,7294.0,18.23,17.7,23014.0
2026-03-01,10,18604.0,4.22,6.25,15137.0,7090.0,16.83,16.4,22227.0
2026-03-01,11,18736.0,4.01,6.08,13975.0,6979.0,15.12,14.69,20953.0
2026-03-01,12,19222.0,3.92,6.01,13255.0,6845.0,14.0,13.6,20100.0
2026-03-01,13,19703.0,3.89,6.04,13114.0,6863.0,14.13,13.71,19978.0
2026-03-01,14,19092.0,3.9,7.2,12721.0,6766.0,13.65,13.26,19487.0
2026-03-01,15,18859.0,3.89,7.85,12593.0,6546.0,13.53,13.21,19139.0
2026-03-01,16,18478.0,3.88,7.7,12655.0,6521.0,13.61,13.3,19176.0
2026-03-01,17,18738.0,3.84,7.73,13064.0,6485.0,14.31,14.01,19550.0
2026-03-01,18,18716.0,3.77,7.64,13789.0,6806.0,15.33,14.94,20595.0
2026-03-01,19,19055.0,3.67,7.66,13493.0,6699.0,15.07,14.73,20192.0
2026-03-01,20,18032.0,3.6,10.25,13424.0,6542.0,14.76,14.47,19966.0
2026-03-01,21,17381.0,3.45,10.61,12798.0,6264.0,13.58,13.4,19062.0
2026-03-01,22,17528.0,3.39,10.54,11930.0,6001.0,11.75,11.65,17931.0
2026-03-01,23,20324.0,3.54,6.94,11037.0,5461.0,10.55,10.62,16498.0
2026-03-02,0,19021.0,3.96,6.96,8968.0,4476.0,7.59,7.91,13444.0
2026-03-02,1,15808.0,4.32,13.04,8582.0,3926.0,7.45,7.88,12508.0
2026-03-02,2,14951.0,4.58,12.88,8469.0,3858.0,7.49,7.93,12327.0
2026-03-02,3,14525.0,4.77,12.7,8518.0,3855.0,7.68,8.13,12373.0
2026-03-02,4,14085.0,4.95,12.47,8573.0,3727.0,7.92,8.37,12300.0
2026-03-02,5,17137.0,5.19,7.05,10413.0,3620.0,10.8,11.26,14033.0
2026-03-02,6,17258.0,5.21,7.07,15015.0,5537.0,17.71,17.77,20552.0
2026-03-02,7,17457.0,4.81,6.71,16587.0,7380.0,20.47,19.95,23966.0
2026-03-02,8,17959.0,4.33,6.36,16441.0,7567.0,20.2,19.58,24008.0
2026-03-02,9,17823.0,3.9,5.88,15696.0,7113.0,18.81,18.36,22809.0
2026-03-02,10,18158.0,3.61,5.6,14558.0,6457.0,16.5,16.28,21015.0
2026-03-02,11,18301.0,3.42,5.46,13884.0,6878.0,14.87,14.48,20762.0
2026-03-02,12,19068.0,3.29,5.44,13560.0,7025.0,14.63,14.16,20585.0
2026-03-02,13,19200.0,3.19,5.36,13682.0,7055.0,14.77,14.29,20738.0
2026-03-02,14,18812.0,3.08,5.26,13562.0,6872.0,14.7,14.29,20434.0
2026-03-02,15,18749.0,2.98,5.11,13618.0,6561.0,14.79,14.49,20179.0
2026-03-02,16,18864.0,2.9,5.01,13591.0,6501.0,14.87,14.57,20093.0
2026-03-02,17,18937.0,2.82,5.0,14376.0,6444.0,16.47,16.21,20820.0
2026-03-02,18,18948.0,2.66,4.79,15132.0,6603.0,17.92,17.65,21736.0
2026-03-02,19,19655.0,2.49,4.72,15005.0,6877.0,17.81,17.44,21882.0
2026-03-02,20,20215.0,2.38,4.7,14827.0,6733.0,17.35,17.04,21560.0
2026-03-02,21,20141.0,2.35,4.61,14055.0,6192.0,16.02,15.88,20247.0
2026-03-02,22,19942.0,2.46,4.71,12405.0,5369.0,12.8,12.89,17773.0
2026-03-02,23,20761.0,2.73,5.05,11219.0,5264.0,10.66,10.52,16483.0
2026-03-03,0,19735.0,3.18,5.34,9597.0,4295.0,8.23,8.35,13892.0
2026-03-03,1,18527.0,3.62,5.6,9194.0,4079.0,7.88,8.08,13273.0
2026-03-03,2,18542.0,4.09,6.09,8747.0,3647.0,7.5,7.82,12394.0
2026-03-03,3,18643.0,4.6,6.62,8679.0,3566.0,7.66,7.99,12245.0
2026-03-03,4,15898.0,5.06,9.36,8631.0,3452.0,7.81,8.17,12083.0
2026-03-03,5,16772.0,5.32,9.0,10086.0,3563.0,10.38,10.71,13649.0
2026-03-03,6,16980.0,5.41,9.16,13513.0,5382.0,15.39,15.03,18895.0
2026-03-03,7,18283.0,5.15,7.18,15751.0,7118.0,18.48,17.34,22870.0
2026-03-03,8,18280.0,4.81,6.89,15759.0,7314.0,18.23,16.97,23073.0
2026-03-03,9,18004.0,4.43,6.68,15726.0,7407.0,18.33,17.0,23133.0
2026-03-03,10,18420.0,4.1,6.41,14953.0,7074.0,16.88,15.72,22028.0
2026-03-03,11,18575.0,3.89,6.12,14290.0,6754.0,15.58,14.6,21044.0
2026-03-03,12,18387.0,3.74,6.0,13630.0,6434.0,14.58,13.74,20065.0
2026-03-03,13,18521.0,3.66,6.11,13457.0,6377.0,14.33,13.53,19834.0
2026-03-03,14,18183.0,3.57,5.69,13356.0,6399.0,14.47,13.64,19756.0
2026-03-03,15,18217.0,3.48,5.56,12954.0,6706.0,13.92,12.91,19660.0
2026-03-03,16,18175.0,3.37,5.46,13435.0,6634.0,14.41,13.44,20069.0
2026-03-03,17,18093.0,3.25,5.39,13706.0,6693.0,14.86,13.89,20399.0
2026-03-03,18,18203.0,3.05,5.19,14276.0,7139.0,15.47,14.28,21414.0
2026-03-03,19,18540.0,2.85,5.02,14094.0,7100.0,15.54,14.36,21194.0
2026-03-03,20,18934.0,2.69,5.04,13897.0,6947.0,15.07,13.96,20844.0
2026-03-03,21,20039.0,2.66,5.01,13439.0,6273.0,14.15,13.41,19712.0
2026-03-03,22,20624.0,2.81,5.2,12169.0,5809.0,12.0,11.49,17977.0
2026-03-03,23,20964.0,3.09,5.46,11495.0,5604.0,11.04,10.62,17099.0
2026-03-04,0,19644.0,3.5,5.85,9351.0,4714.0,7.89,7.85,14065.0
2026-03-04,1,19230.0,3.98,6.48,8866.0,4386.0,7.63,7.71,13252.0
2026-03-04,2,18081.0,4.53,7.74,8444.0,3439.0,7.29,7.65,11884.0
2026-03-04,3,13556.0,5.01,10.9,8735.0,3157.0,7.75,8.19,11892.0
2026-03-04,4,12463.0,5.41,10.83,9072.0,3171.0,8.25,8.69,12243.0
2026-03-04,5,14388.0,5.62,12.36,11093.0,3806.0,11.7,12.09,14900.0
2026-03-04,6,16608.0,5.5,9.14,15217.0,5564.0,17.95,17.94,20781.0
2026-03-04,7,16888.0,5.02,6.95,17127.0,7416.0,20.99,20.39,24543.0
2026-03-04,8,16815.0,4.45,6.35,16611.0,7788.0,20.17,19.39,24398.0
2026-03-04,9,17253.0,3.92,5.89,16159.0,7407.0,19.67,19.05,23566.0
2026-03-04,10,17625.0,3.5,5.55,15379.0,6713.0,18.62,18.25,22092.0
2026-03-04,11,18709.0,3.29,5.45,13701.0,6793.0,14.8,14.38,20494.0
2026-03-04,12,18851.0,3.18,5.37,13782.0,6915.0,14.87,14.39,20697.0
2026-03-04,13,18973.0,3.06,5.24,13838.0,6896.0,14.84,14.38,20735.0
2026-03-04,14,19142.0,2.95,5.15,13752.0,6892.0,14.85,14.39,20644.0
2026-03-04,15,19484.0,2.88,5.12,13760.0,6625.0,15.04,14.67,20385.0
2026-03-04,16,19392.0,2.85,5.06,13758.0,6545.0,15.08,14.74,20303.0
2026-03-04,17,19410.0,2.79,5.02,14279.0,6344.0,16.3,16.02,20623.0
2026-03-04,18,19156.0,2.68,4.88,15236.0,6582.0,17.79,17.47,21817.0
2026-03-04,19,19086.0,2.51,4.68,15126.0,6694.0,17.65,17.3,21820.0
2026-03-04,20,19147.0,2.32,4.49,15240.0,6708.0,17.81,17.46,21949.0
2026-03-04,21,19133.0,2.17,4.36,14321.0,6445.0,16.43,16.16,20766.0
2026-03-04,22,20523.0,2.19,4.54,12899.0,5955.0,13.77,13.64,18854.0
2026-03-04,23,20712.0,2.44,4.81,11584.0,5388.0,11.16,11.21,16972.0
2026-03-05,0,19941.0,2.84,5.09,9863.0,4710.0,8.64,8.83,14573.0
2026-03-05,1,19296.0,3.28,5.49,9427.0,4428.0,8.27,8.51,13855.0
2026-03-05,2,19647.0,3.78,6.01,8876.0,3912.0,7.81,8.16,12788.0
2026-03-05,3,19865.0,4.4,6.64,8740.0,3430.0,7.62,8.07,12170.0
2026-03-05,4,17653.0,4.99,7.03,9003.0,3335.0,8.02,8.49,12338.0
2026-03-05,5,16308.0,5.46,7.35,11185.0,3778.0,11.56,11.96,14963.0
2026-03-05,6,17296.0,5.43,7.43,15665.0,5619.0,18.56,18.53,21283.0
2026-03-05,7,17041.0,4.96,6.95,17341.0,7530.0,21.22,20.57,24871.0
2026-03-05,8,17454.0,4.4,6.44,16906.0,7531.0,20.75,20.1,24437.0
2026-03-05,9,17839.0,3.94,6.15,15905.0,7077.0,19.01,18.51,22982.0
2026-03-05,10,18032.0,3.63,5.87,14534.0,6634.0,16.36,16.02,21167.0
2026-03-05,11,18650.0,3.5,5.73,13089.0,6898.0,13.68,13.22,19987.0
2026-03-05,12,19037.0,3.43,5.69,13222.0,6729.0,14.0,13.6,19950.0
2026-03-05,13,19228.0,3.41,5.73,13029.0,6549.0,13.89,13.54,19578.0
2026-03-05,14,19277.0,3.39,5.69,13622.0,6463.0,14.75,14.45,20085.0
2026-03-05,15,19033.0,3.35,5.72,13650.0,6301.0,14.56,14.32,19951.0
2026-03-05,16,18893.0,3.31,5.69,13527.0,6311.0,14.66,14.4,19837.0
2026-03-05,17,18817.0,3.24,5.51,14092.0,6435.0,16.05,15.75,20527.0
2026-03-05,18,18521.0,3.07,5.33,15314.0,6606.0,17.67,17.34,21920.0
2026-03-05,19,18889.0,2.85,5.14,15259.0,6591.0,17.7,17.38,21850.0
2026-03-05,20,19532.0,2.68,4.99,15213.0,6565.0,17.56,17.26,21778.0
2026-03-05,21,19504.0,2.58,4.82,14366.0,6261.0,16.07,15.87,20627.0
2026-03-05,22,19368.0,2.61,4.82,12548.0,5620.0,12.88,12.86,18168.0
2026-03-05,23,19324.0,2.79,5.3,11659.0,5283.0,11.22,11.3,16943.0
2026-03-06,0,16978.0,3.04,8.67,9223.0,4271.0,7.62,7.93,13494.0
2026-03-06,1,17200.0,3.37,9.21,8906.0,4160.0,7.52,7.84,13066.0
2026-03-06,2,18292.0,3.77,7.41,8919.0,3743.0,7.64,8.04,12662.0
2026-03-06,3,18190.0,4.23,7.29,9030.0,3694.0,7.88,8.29,12724.0
2026-03-06,4,19223.0,4.74,7.94,9083.0,3637.0,8.38,8.8,12719.0
2026-03-06,5,17604.0,5.16,8.13,11108.0,3750.0,11.49,11.9,14858.0
2026-03-06,6,17758.0,5.17,7.5,15154.0,5467.0,17.9,17.99,20620.0
2026-03-06,7,17366.0,4.78,6.92,16895.0,7178.0,20.6,20.18,24073.0
2026-03-06,8,17354.0,4.27,6.39,16658.0,7468.0,20.41,19.85,24126.0
2026-03-06,9,17514.0,3.8,5.91,15569.0,7066.0,18.55,18.12,22636.0
2026-03-06,10,17919.0,3.5,5.69,14460.0,6683.0,16.26,15.95,21143.0
2026-03-06,11,18160.0,3.28,5.46,13730.0,7162.0,14.84,14.33,20892.0
2026-03-06,12,18467.0,3.11,5.34,13523.0,7055.0,14.71,14.22,20577.0
2026-03-06,13,18881.0,3.0,5.24,13393.0,6807.0,14.37,13.97,20199.0
2026-03-06,14,18949.0,2.93,5.17,13508.0,6461.0,14.53,14.26,19968.0
2026-03-06,15,19035.0,2.87,5.18,13599.0,6462.0,14.66,14.39,20061.0
2026-03-06,16,19349.0,2.83,5.08,13622.0,6445.0,14.73,14.46,20067.0
2026-03-06,17,19600.0,2.8,5.05,13932.0,6473.0,15.49,15.22,20405.0
2026-03-06,18,19434.0,2.71,4.95,15120.0,6531.0,17.75,17.51,21651.0
2026-03-06,19,19203.0,2.56,4.73,14989.0,6703.0,17.75,17.44,21692.0
2026-03-06,20,19433.0,2.4,4.67,14907.0,6649.0,17.46,17.17,21556.0
2026-03-06,21,19441.0,2.3,4.55,14038.0,6371.0,16.01,15.8,20408.0
2026-03-06,22,19559.0,2.33,4.58,12466.0,5782.0,13.05,13.01,18249.0
2026-03-06,23,20102.0,2.56,4.9,11131.0,5219.0,10.54,10.65,16350.0
2026-03-07,0,19716.0,2.96,5.29,9740.0,4284.0,8.32,8.45,14024.0
2026-03-07,1,18557.0,3.4,5.6,9224.0,4052.0,7.93,8.13,13277.0
2026-03-07,2,18691.0,3.87,6.09,8779.0,3818.0,7.56,7.83,12596.0
2026-03-07,3,18631.0,4.39,6.58,8514.0,3577.0,7.6,7.93,12091.0
2026-03-07,4,17824.0,4.92,7.02,8449.0,3247.0,7.6,8.03,11697.0
2026-03-07,5,16285.0,5.28,7.25,10501.0,3622.0,10.74,11.07,14123.0
2026-03-07,6,17798.0,5.33,7.5,13785.0,5352.0,15.5,15.16,19137.0
2026-03-07,7,18114.0,5.08,7.25,16031.0,7477.0,18.48,17.14,23507.0
2026-03-07,8,17498.0,4.62,6.73,16897.0,7917.0,20.05,18.44,24814.0
2026-03-07,9,17612.0,4.09,6.23,16752.0,7714.0,19.75,18.25,24465.0
2026-03-07,10,18332.0,3.68,5.94,15593.0,7169.0,17.87,16.69,22762.0
2026-03-07,11,18647.0,3.42,5.69,14711.0,6923.0,16.24,15.18,21634.0
2026-03-07,12,18931.0,3.22,5.51,14512.0,7084.0,15.89,14.72,21596.0
2026-03-07,13,19011.0,3.07,5.33,14170.0,6946.0,15.33,14.24,21115.0
2026-03-07,14,18924.0,2.93,5.16,13940.0,6836.0,15.12,14.08,20776.0
2026-03-07,15,19124.0,2.83,5.08,13787.0,6819.0,15.06,14.02,20606.0
2026-03-07,16,19328.0,2.74,5.04,14067.0,6880.0,15.34,14.28,20947.0
2026-03-07,17,19345.0,2.62,4.91,14457.0,7212.0,16.0,14.76,21669.0
2026-03-07,18,19526.0,2.44,4.69,14978.0,7288.0,16.79,15.53,22266.0
2026-03-07,19,20268.0,2.3,4.64,14796.0,7193.0,16.59,15.37,21989.0
2026-03-07,20,20167.0,2.2,4.51,14793.0,7175.0,16.51,15.31,21968.0
2026-03-07,21,20038.0,2.09,4.35,15307.0,6781.0,16.65,15.68,22088.0
2026-03-07,22,21164.0,2.01,4.38,15716.0,6182.0,17.31,16.69,21898.0
2026-03-07,23,21155.0,2.05,4.41,15038.0,5014.0,16.3,16.22,20053.0
2026-03-08,0,20562.0,2.33,4.62,11844.0,3891.0,10.66,10.95,15734.0
2026-03-08,1,19921.0,2.73,4.93,11225.0,3683.0,10.19,10.53,14908.0
2026-03-08,2,20035.0,3.17,5.34,10962.0,3623.0,10.35,10.69,14586.0
2026-03-08,3,19464.0,3.64,5.73,10684.0,3588.0,10.38,10.71,14271.0
2026-03-08,4,16195.0,4.28,6.22,9175.0,3229.0,8.6,9.02,12404.0
2026-03-08,5,14831.0,4.9,6.7,10308.0,3620.0,10.92,11.33,13928.0
2026-03-08,6,17854.0,5.19,7.17,13387.0,4958.0,15.73,15.87,18345.0
2026-03-08,7,18146.0,5.04,7.05,15948.0,6799.0,19.03,18.64,22747.0
2026-03-08,8,18359.0,4.66,6.68,16356.0,7475.0,19.08,18.43,23831.0
2026-03-08,9,18771.0,4.27,6.36,16229.0,7499.0,18.91,18.25,23729.0
2026-03-08,10,18818.0,3.95,6.05,15337.0,7133.0,16.98,16.46,22470.0
2026-03-08,11,19227.0,3.74,5.9,14729.0,7055.0,15.99,15.5,21784.0
2026-03-08,12,19729.0,3.59,5.8,14407.0,7222.0,15.52,14.95,21630.0
2026-03-08,13,19885.0,3.49,5.7,14189.0,7149.0,15.48,14.92,21338.0
2026-03-08,14,19930.0,3.41,5.6,13961.0,7102.0,15.44,14.9,21063.0
2026-03-08,15,19846.0,3.35,5.51,13936.0,6964.0,15.54,15.04,20900.0
2026-03-08,16,19629.0,3.3,5.45,14008.0,6706.0,15.68,15.28,20714.0
2026-03-08,17,19791.0,3.24,5.41,14212.0,6653.0,15.9,15.52,20865.0
2026-03-08,18,19817.0,3.16,5.32,14612.0,6939.0,16.37,15.91,21552.0
2026-03-08,19,20198.0,3.08,5.26,14518.0,6926.0,16.29,15.83,21445.0
2026-03-08,20,20223.0,3.02,5.22,14383.0,6864.0,16.03,15.61,21247.0
2026-03-08,21,20308.0,3.01,5.24,13631.0,6516.0,14.66,14.35,20147.0
2026-03-08,22,20193.0,3.12,5.39,12291.0,6013.0,12.37,12.22,18303.0
2026-03-08,23,19748.0,3.33,5.54,11236.0,5667.0,10.83,10.79,16904.0
2026-03-09,0,18570.0,3.65,5.71,9449.0,4898.0,8.23,8.37,14347.0
2026-03-09,1,16133.0,3.96,9.48,8832.0,4073.0,7.8,8.13,12905.0
2026-03-09,2,16038.0,4.27,10.13,8209.0,3412.0,6.95,7.41,11621.0
2026-03-09,3,16663.0,4.65,9.2,8299.0,3515.0,7.23,7.67,11814.0
2026-03-09,4,16820.0,5.05,8.77,8241.0,3348.0,7.54,8.0,11589.0
2026-03-09,5,16746.0,5.41,7.99,10970.0,3763.0,11.41,11.84,14733.0
2026-03-09,6,17584.0,5.37,7.3,15379.0,5617.0,18.04,18.08,20997.0
2026-03-09,7,17304.0,4.95,6.82,16999.0,7329.0,20.82,20.33,24329.0
2026-03-09,8,17501.0,4.43,6.34,16721.0,7653.0,20.44,19.81,24373.0
2026-03-09,9,18111.0,3.95,5.91,16007.0,7516.0,19.22,18.62,23523.0
2026-03-09,10,18102.0,3.62,5.59,14480.0,6894.0,16.34,15.96,21374.0
2026-03-09,11,18942.0,3.46,5.51,13768.0,6730.0,14.74,14.41,20498.0
2026-03-09,12,18854.0,3.36,5.41,13608.0,6812.0,14.73,14.35,20421.0
2026-03-09,13,18985.0,3.27,5.32,13584.0,6785.0,14.68,14.32,20369.0
2026-03-09,14,19146.0,3.19,5.25,13578.0,6710.0,14.58,14.23,20288.0
2026-03-09,15,19192.0,3.14,5.22,13327.0,6570.0,14.02,13.72,19898.0
2026-03-09,16,18600.0,3.08,5.1,13441.0,6635.0,14.43,14.1,20077.0
2026-03-09,17,18289.0,2.94,4.91,14324.0,6677.0,15.95,15.63,21001.0
2026-03-09,18,18405.0,2.71,4.7,15147.0,6778.0,17.53,17.2,21925.0
2026-03-09,19,18939.0,2.49,4.53,14965.0,6743.0,17.62,17.3,21708.0
2026-03-09,20,18982.0,2.31,4.36,14858.0,6592.0,16.98,16.73,21450.0
2026-03-09,21,18822.0,2.15,4.18,14417.0,6474.0,16.34,16.11,20892.0
2026-03-09,22,19844.0,2.14,4.28,12594.0,5797.0,12.98,12.95,18391.0
2026-03-09,23,20105.0,2.37,4.69,11447.0,5399.0,11.0,11.08,16846.0
2026-03-10,0,19105.0,2.74,5.73,9480.0,4559.0,8.13,8.35,14039.0
2026-03-10,1,18005.0,3.21,5.99,9175.0,4463.0,8.07,8.3,13638.0
2026-03-10,2,19128.0,3.74,7.16,8581.0,4115.0,7.34,7.66,12696.0
2026-03-10,3,18163.0,4.24,7.45,8640.0,4162.0,7.51,7.82,12802.0
2026-03-10,4,17492.0,4.66,7.7,8794.0,3672.0,7.94,8.35,12466.0
2026-03-10,5,16231.0,4.98,6.95,10866.0,3746.0,11.25,11.65,14611.0
2026-03-10,6,17444.0,4.92,6.78,15306.0,5686.0,18.08,18.03,20992.0
2026-03-10,7,17065.0,4.48,6.32,17087.0,7408.0,20.78,20.19,24494.0
2026-03-10,8,17130.0,3.95,5.79,16490.0,7558.0,19.96,19.29,24048.0
2026-03-10,9,17297.0,3.46,5.32,15766.0,7184.0,18.83,18.29,22950.0
2026-03-10,10,17556.0,3.11,5.01,14502.0,6740.0,16.26,15.88,21242.0
2026-03-10,11,17735.0,2.9,4.82,13605.0,6675.0,14.37,14.0,20281.0
2026-03-10,12,18799.0,2.77,4.8,13390.0,6685.0,14.28,13.93,20075.0
2026-03-10,13,18928.0,2.69,4.74,13271.0,6855.0,14.28,13.87,20126.0
2026-03-10,14,19073.0,2.61,4.68,13412.0,6967.0,14.52,14.06,20379.0
2026-03-10,15,20114.0,2.57,4.72,13578.0,7102.0,14.95,14.43,20680.0
2026-03-10,16,19617.0,2.56,4.65,13638.0,6696.0,14.92,13.92,20334.0
2026-03-10,17,19599.0,2.5,4.61,14505.0,6489.0,16.36,15.48,20994.0
2026-03-10,18,19427.0,2.37,4.47,15457.0,6604.0,18.14,17.21,22061.0
2026-03-10,19,18936.0,2.17,4.22,15270.0,6908.0,17.88,16.82,22178.0
2026-03-10,20,18995.0,1.96,4.05,15287.0,6951.0,17.58,16.51,22238.0
2026-03-10,21,19026.0,1.77,3.99,14387.0,6618.0,16.19,15.26,21005.0
2026-03-10,22,18020.0,1.71,3.89,12530.0,5915.0,12.85,12.25,18445.0
2026-03-10,23,17891.0,1.79,3.89,10965.0,5343.0,10.48,10.15,16308.0
2026-03-11,0,17934.0,2.05,3.98,9179.0,4618.0,7.73,7.73,13796.0
2026-03-11,1,17916.0,2.41,4.33,8843.0,4088.0,7.49,7.66,12931.0
2026-03-11,2,18819.0,2.88,4.9,8655.0,3510.0,7.46,7.81,12164.0
2026-03-11,3,19411.0,3.45,5.52,8743.0,3315.0,7.62,8.03,12059.0
2026-03-11,4,19671.0,4.1,6.15,8716.0,3204.0,7.8,8.22,11921.0
2026-03-11,5,16950.0,4.61,6.42,11018.0,3788.0,11.4,11.82,14806.0
2026-03-11,6,18067.0,4.73,6.64,15383.0,5827.0,18.2,18.12,21210.0
2026-03-11,7,17769.0,4.36,6.22,16937.0,7515.0,20.5,19.86,24451.0
2026-03-11,8,17852.0,3.86,5.76,16628.0,7754.0,20.2,19.43,24382.0
2026-03-11,9,17970.0,3.4,5.33,15886.0,7452.0,19.01,18.36,23338.0
2026-03-11,10,18150.0,3.1,5.04,14180.0,6763.0,15.91,15.52,20943.0
2026-03-11,11,18414.0,2.94,4.92,13754.0,6633.0,14.53,14.17,20387.0
2026-03-11,12,19898.0,2.87,5.01,13605.0,6725.0,14.53,14.13,20330.0
2026-03-11,13,20058.0,2.87,4.99,13626.0,6723.0,14.5,14.11,20349.0
2026-03-11,14,20249.0,2.89,5.05,13570.0,6704.0,14.59,14.2,20274.0
2026-03-11,15,20576.0,2.93,5.14,13613.0,6732.0,14.56,14.17,20345.0
2026-03-11,16,19425.0,2.93,5.0,13662.0,6701.0,14.59,14.2,20363.0
2026-03-11,17,19387.0,2.87,4.93,14199.0,6646.0,15.74,15.38,20845.0
2026-03-11,18,18914.0,2.73,4.77,15162.0,6642.0,17.55,17.23,21805.0
2026-03-11,19,19231.0,2.54,4.59,15220.0,6633.0,17.73,17.41,21852.0
2026-03-11,20,19650.0,2.38,4.48,15423.0,6726.0,18.15,17.8,22149.0
2026-03-11,21,19594.0,2.24,4.31,14769.0,6512.0,17.15,16.86,21281.0
2026-03-11,22,20013.0,2.24,4.36,12845.0,5746.0,13.63,13.57,18591.0
2026-03-11,23,21513.0,2.51,4.8,11844.0,5277.0,11.22,11.32,17121.0
2026-03-12,0,20282.0,2.98,5.12,9594.0,4398.0,8.04,8.31,13991.0
2026-03-12,1,19884.0,3.5,5.59,9296.0,4158.0,7.88,8.19,13454.0
2026-03-12,2,19851.0,4.03,6.12,9490.0,3947.0,8.34,8.69,13436.0
2026-03-12,3,19622.0,4.56,7.56,9536.0,3665.0,8.2,8.61,13201.0
2026-03-12,4,16600.0,5.02,11.72,9138.0,3294.0,8.16,8.64,12432.0
2026-03-12,5,16953.0,5.3,10.24,10705.0,3613.0,11.09,11.48,14318.0
2026-03-12,6,18552.0,5.4,7.48,14755.0,5067.0,17.45,17.58,19822.0
2026-03-12,7,17565.0,5.14,7.01,16456.0,6687.0,20.15,19.81,23143.0
2026-03-12,8,17391.0,4.71,6.56,16224.0,7087.0,20.05,19.57,23311.0
2026-03-12,9,17289.0,4.3,6.12,15638.0,6808.0,18.75,18.36,22446.0
2026-03-12,10,17359.0,3.96,5.8,14531.0,6500.0,16.5,16.2,21031.0
2026-03-12,11,18054.0,3.76,5.68,13616.0,6540.0,14.76,14.45,20156.0
2026-03-12,12,19337.0,3.68,5.72,13591.0,6560.0,14.7,14.37,20151.0
2026-03-12,13,19506.0,3.65,5.71,13558.0,6547.0,14.71,14.39,20105.0
2026-03-12,14,19592.0,3.63,5.71,13591.0,6557.0,14.7,14.37,20148.0
2026-03-12,15,19856.0,3.63,5.73,13475.0,6545.0,14.79,14.46,20020.0
2026-03-12,16,20411.0,3.67,5.84,13603.0,6482.0,14.8,14.5,20086.0
2026-03-12,17,19981.0,3.72,5.84,14191.0,5815.0,16.04,15.96,20005.0
2026-03-12,18,19879.0,3.72,5.83,14836.0,5819.0,17.39,17.33,20655.0
2026-03-12,19,19638.0,3.65,5.74,15124.0,6412.0,17.71,17.45,21536.0
2026-03-12,20,19868.0,3.54,5.66,15050.0,6596.0,17.42,17.09,21645.0
2026-03-12,21,20266.0,3.47,5.64,14283.0,6357.0,16.28,16.03,20640.0
2026-03-12,22,20582.0,3.56,5.75,12796.0,5851.0,13.47,13.38,18647.0
2026-03-12,23,20277.0,3.82,5.96,11213.0,5232.0,10.67,10.75,16445.0
2026-03-13,0,17030.0,4.14,11.06,9384.0,4510.0,7.98,8.22,13895.0
2026-03-13,1,16180.0,4.39,12.04,8990.0,3948.0,7.8,8.16,12938.0
2026-03-13,2,16335.0,4.69,12.46,8987.0,3717.0,8.05,8.45,12703.0
2026-03-13,3,14821.0,4.98,15.39,8672.0,3526.0,7.67,8.11,12198.0
2026-03-13,4,13122.0,5.13,16.88,8347.0,3166.0,7.43,7.96,11513.0
2026-03-13,5,16097.0,5.33,7.56,10906.0,3616.0,11.16,11.58,14521.0
2026-03-13,6,16668.0,5.25,7.03,15517.0,5302.0,18.27,18.4,20819.0
2026-03-13,7,16447.0,4.78,6.56,17080.0,7012.0,20.95,20.59,24093.0
2026-03-13,8,16675.0,4.23,6.02,16271.0,7438.0,19.82,19.26,23709.0
2026-03-13,9,17668.0,3.76,5.65,15657.0,6952.0,18.67,18.28,22610.0
2026-03-13,10,18590.0,3.51,5.51,14573.0,6352.0,16.6,16.41,20925.0
2026-03-13,11,18862.0,3.4,5.42,13836.0,6221.0,15.09,14.92,20057.0
2026-03-13,12,19439.0,3.33,5.41,13871.0,6454.0,15.04,14.36,20325.0
2026-03-13,13,20013.0,3.33,5.48,13667.0,6450.0,14.59,13.74,20117.0
2026-03-13,14,20062.0,3.35,5.48,13704.0,6505.0,14.86,14.0,20209.0
2026-03-13,15,20064.0,3.37,5.5,13716.0,6487.0,14.86,14.0,20203.0
2026-03-13,16,19813.0,3.38,5.49,13612.0,6675.0,15.16,14.78,20287.0
2026-03-13,17,19208.0,3.33,5.39,14008.0,6470.0,15.82,15.57,20478.0
2026-03-13,18,19353.0,3.22,5.31,15128.0,6236.0,17.99,17.84,21365.0
2026-03-13,19,19446.0,3.09,5.2,14870.0,6666.0,17.57,17.28,21536.0
2026-03-13,20,19758.0,2.97,5.09,14800.0,6741.0,17.48,17.15,21541.0
2026-03-13,21,19602.0,2.9,5.96,14024.0,6378.0,15.88,15.67,20401.0
2026-03-13,22,18836.0,2.89,8.86,12564.0,5807.0,12.84,12.8,18372.0
2026-03-13,23,18501.0,3.01,11.82,11440.0,5408.0,10.89,10.97,16848.0
2026-03-14,0,17140.0,3.17,9.3,10226.0,4786.0,8.66,8.84,15012.0
2026-03-14,1,19524.0,3.48,5.85,10052.0,4490.0,8.96,9.21,14542.0
2026-03-14,2,19752.0,3.95,6.06,9334.0,4158.0,8.32,8.64,13493.0
2026-03-14,3,19605.0,4.46,6.52,9397.0,4166.0,8.48,8.81,13563.0
2026-03-14,4,19396.0,4.99,7.03,9123.0,3595.0,8.45,8.88,12719.0
2026-03-14,5,17729.0,5.43,7.34,10738.0,3714.0,11.26,11.65,14452.0
2026-03-14,6,18017.0,5.52,7.45,14154.0,5289.0,16.31,16.37,19443.0
2026-03-14,7,18175.0,5.26,7.2,16643.0,7036.0,19.81,19.35,23680.0
2026-03-14,8,17488.0,4.8,6.68,16556.0,7737.0,19.52,18.78,24294.0
2026-03-14,9,17359.0,4.29,6.15,16359.0,7658.0,19.16,18.45,24016.0
2026-03-14,10,17490.0,3.81,5.69,15933.0,7561.0,18.35,17.65,23494.0
2026-03-14,11,17651.0,3.42,5.32,14661.0,7683.0,16.07,15.32,22344.0
2026-03-14,12,18444.0,3.14,5.16,14124.0,7523.0,15.19,14.49,21647.0
2026-03-14,13,18643.0,2.94,5.19,13957.0,7518.0,14.95,14.26,21475.0
2026-03-14,14,19532.0,2.77,5.07,13995.0,7486.0,15.09,14.4,21481.0
2026-03-14,15,19984.0,2.67,4.84,13936.0,7393.0,15.13,14.49,21329.0
2026-03-14,16,19567.0,2.6,4.73,13875.0,7191.0,15.13,14.55,21066.0
2026-03-14,17,19718.0,2.51,4.64,14179.0,7197.0,15.73,15.16,21376.0
2026-03-14,18,19807.0,2.41,4.53,14392.0,7108.0,16.04,15.52,21501.0
2026-03-14,19,20470.0,2.34,4.52,14163.0,6998.0,15.86,15.38,21161.0
2026-03-14,20,20912.0,2.36,4.6,14051.0,6796.0,15.46,15.04,20847.0
2026-03-14,21,21472.0,2.44,4.77,13507.0,6406.0,14.26,13.99,19914.0
2026-03-14,22,17657.0,2.74,11.38,7756.0,4617.0,7.22,7.11,12373.0
2026-03-14,23,14240.0,3.11,16.28,6058.0,4582.0,5.02,4.64,10640.0
2026-03-15,0,13132.0,3.38,14.77,5311.0,4493.0,4.61,4.32,9805.0
2026-03-15,1,13036.0,3.65,14.89,5455.0,4299.0,4.76,4.53,9754.0
2026-03-15,2,13459.0,3.92,15.73,6110.0,3998.0,5.11,4.95,10108.0
2026-03-15,3,13585.0,4.19,16.11,6378.0,3832.0,5.31,5.2,10209.0
2026-03-15,4,16312.0,4.54,10.66,7428.0,3268.0,6.64,6.91,10695.0
2026-03-15,5,18330.0,4.98,6.91,10522.0,3709.0,11.04,11.5,14231.0
2026-03-15,6,18412.0,5.15,7.11,13682.0,5133.0,15.98,16.12,18814.0
2026-03-15,7,18314.0,4.96,6.91,15881.0,6764.0,18.93,18.63,22645.0
2026-03-15,8,18498.0,4.59,6.57,16599.0,7291.0,19.92,19.44,23889.0
2026-03-15,9,18547.0,4.17,6.17,16562.0,7548.0,19.52,18.94,24110.0
2026-03-15,10,18622.0,3.79,5.8,15804.0,7457.0,17.92,17.35,23261.0
2026-03-15,11,18862.0,3.48,5.51,14603.0,7802.0,15.79,15.06,22405.0
2026-03-15,12,20159.0,3.32,5.47,13947.0,7494.0,14.95,14.33,21441.0
2026-03-15,13,20317.0,3.27,5.47,13633.0,7346.0,14.56,13.98,20979.0
2026-03-15,14,20423.0,3.24,5.44,13753.0,7229.0,14.7,14.17,20982.0
2026-03-15,15,19525.0,3.19,5.29,13634.0,7194.0,14.91,14.38,20828.0
2026-03-15,16,19756.0,3.12,5.24,13734.0,7212.0,15.15,14.62,20946.0
2026-03-15,17,19805.0,3.05,5.17,13854.0,7127.0,15.31,14.81,20981.0
2026-03-15,18,19214.0,2.93,4.99,14445.0,7224.0,16.35,15.84,21669.0
2026-03-15,19,19111.0,2.77,4.85,14262.0,7107.0,16.28,15.79,21369.0
2026-03-15,20,19139.0,2.63,4.68,14328.0,7082.0,16.16,15.7,21411.0
2026-03-15,21,19109.0,2.51,4.55,13488.0,6701.0,14.57,14.24,20189.0
2026-03-15,22,19934.0,2.56,4.69,12077.0,6037.0,12.13,12.02,18114.0
2026-03-15,23,20453.0,2.82,5.17,11379.0,5450.0,11.05,11.11,16829.0
2026-03-16,0,18023.0,3.14,7.23,9407.0,4689.0,8.15,8.35,14096.0
2026-03-16,1,19210.0,3.58,5.91,8674.0,4401.0,7.47,7.74,13076.0
2026-03-16,2,18241.0,4.14,6.09,8529.0,4079.0,7.27,7.61,12608.0
2026-03-16,3,17374.0,4.74,6.64,8318.0,3854.0,7.2,7.59,12171.0
2026-03-16,4,15150.0,5.32,8.22,8862.0,3399.0,8.09,8.56,12262.0
2026-03-16,5,14637.0,5.56,9.95,11258.0,3811.0,11.69,12.09,15069.0
2026-03-16,6,17510.0,5.5,7.4,15071.0,5492.0,17.54,17.54,20563.0
2026-03-16,7,16962.0,5.09,6.92,16919.0,7324.0,21.0,20.42,24243.0
2026-03-16,8,17245.0,4.56,6.41,16772.0,7377.0,20.92,20.3,24149.0
2026-03-16,9,18106.0,4.09,6.02,16564.0,7331.0,20.38,19.79,23895.0
2026-03-16,10,18459.0,3.74,5.71,15052.0,7244.0,17.22,16.66,22296.0
2026-03-16,11,18842.0,3.52,5.55,14163.0,6894.0,15.19,14.75,21057.0
2026-03-16,12,19457.0,3.39,5.5,14171.0,7036.0,15.41,14.92,21207.0
2026-03-16,13,19627.0,3.32,5.43,13348.0,6899.0,14.17,13.72,20247.0
2026-03-16,14,19912.0,3.32,5.45,13169.0,6872.0,13.95,13.51,20041.0
2026-03-16,15,20085.0,3.35,5.51,13108.0,6851.0,14.1,13.67,19959.0
2026-03-16,16,20501.0,3.42,5.6,13218.0,6720.0,14.35,13.5,19938.0
2026-03-16,17,20148.0,3.45,5.6,13887.0,6788.0,15.68,14.65,20676.0
2026-03-16,18,20287.0,3.42,5.57,14934.0,6329.0,17.66,16.87,21264.0
2026-03-16,19,20273.0,3.36,5.52,14805.0,6759.0,17.3,16.29,21564.0
2026-03-16,20,20292.0,3.28,5.45,14792.0,6886.0,17.18,16.11,21678.0
2026-03-16,21,20307.0,3.22,5.38,14225.0,6666.0,16.23,15.31,20890.0
2026-03-16,22,20272.0,3.31,5.47,12774.0,5617.0,13.43,13.0,18391.0
2026-03-16,23,19711.0,3.52,5.64,11531.0,5112.0,11.12,10.9,16643.0
2026-03-17,0,17201.0,3.86,8.31,9173.0,4462.0,7.74,7.79,13635.0
2026-03-17,1,15555.0,4.07,10.65,8829.0,4413.0,7.5,7.56,13242.0
2026-03-17,2,15993.0,4.3,11.19,8496.0,4291.0,7.37,7.47,12787.0
2026-03-17,3,16334.0,4.61,11.52,8375.0,3828.0,7.35,7.6,12203.0
2026-03-17,4,18337.0,5.06,7.02,8699.0,3289.0,7.72,8.15,11988.0
2026-03-17,5,16728.0,5.45,7.25,10997.0,3671.0,11.24,11.7,14668.0
2026-03-17,6,17956.0,5.42,7.35,15507.0,5471.0,18.24,18.33,20978.0
2026-03-17,7,17814.0,5.08,6.99,16515.0,7067.0,20.11,19.71,23582.0
2026-03-17,8,18024.0,4.66,6.6,16299.0,7367.0,19.98,19.45,23666.0
2026-03-17,9,18095.0,4.25,6.19,15431.0,7620.0,18.43,17.76,23051.0
2026-03-17,10,18400.0,3.96,5.94,14214.0,7064.0,15.89,15.43,21277.0
2026-03-17,11,19384.0,3.82,5.91,13768.0,7016.0,14.78,14.33,20785.0
2026-03-17,12,19169.0,3.72,5.79,13671.0,7088.0,14.71,14.23,20758.0
2026-03-17,13,19415.0,3.63,5.73,13639.0,7110.0,14.63,14.14,20750.0
2026-03-17,14,19538.0,3.55,5.65,13649.0,7062.0,14.6,14.13,20710.0
2026-03-17,15,19753.0,3.49,5.62,13494.0,7054.0,14.7,14.22,20549.0
2026-03-17,16,19960.0,3.47,5.62,13545.0,7063.0,14.8,14.32,20607.0
2026-03-17,17,19173.0,3.39,5.46,14267.0,7060.0,16.3,15.81,21327.0
2026-03-17,18,19019.0,3.21,5.27,15126.0,6917.0,17.66,17.28,22044.0
2026-03-17,19,19072.0,3.01,5.05,15107.0,6891.0,17.64,17.27,21998.0
2026-03-17,20,19226.0,2.82,4.88,15225.0,6882.0,17.57,17.21,22107.0
2026-03-17,21,19850.0,2.66,4.79,14529.0,6657.0,16.52,16.23,21186.0
2026-03-17,22,20182.0,2.68,5.83,13048.0,5837.0,13.68,13.64,18885.0
2026-03-17,23,20196.0,2.9,7.35,11501.0,5483.0,10.93,10.98,16984.0
2026-03-18,0,19010.0,3.23,7.66,9738.0,4741.0,8.36,8.54,14479.0
2026-03-18,1,18933.0,3.63,8.05,9299.0,4545.0,8.1,8.33,13844.0
2026-03-18,2,19078.0,4.09,8.53,8746.0,4245.0,7.45,7.74,12991.0
2026-03-18,3,18962.0,4.6,8.99,8682.0,4198.0,7.56,7.86,12880.0
2026-03-18,4,16102.0,5.03,12.69,8744.0,4113.0,8.01,8.33,12858.0
2026-03-18,5,16628.0,5.23,8.82,10832.0,3776.0,10.93,11.27,14609.0
2026-03-18,6,17633.0,5.23,7.14,15474.0,5434.0,18.02,18.03,20908.0
2026-03-18,7,17306.0,4.83,6.69,17061.0,7065.0,20.87,20.41,24126.0
2026-03-18,8,17408.0,4.34,6.2,16430.0,7345.0,20.12,19.53,23774.0
2026-03-18,9,17558.0,3.88,5.78,15950.0,7349.0,18.86,18.25,23299.0
2026-03-18,10,17592.0,3.52,5.44,14603.0,7158.0,16.3,15.75,21761.0
2026-03-18,11,17218.0,3.21,5.1,14102.0,7383.0,15.17,14.53,21485.0
2026-03-18,12,18666.0,2.97,5.01,13952.0,7260.0,14.84,14.25,21212.0
2026-03-18,13,19034.0,2.81,4.88,14044.0,7246.0,15.05,14.46,21290.0
2026-03-18,14,19105.0,2.67,4.74,13732.0,7381.0,14.8,14.17,21113.0
2026-03-18,15,19138.0,2.56,4.63,13769.0,7279.0,14.73,14.13,21049.0
2026-03-18,16,18399.0,2.42,4.4,13829.0,7227.0,14.94,14.36,21056.0
2026-03-18,17,19242.0,2.25,4.33,14636.0,6888.0,16.54,16.08,21524.0
2026-03-18,18,19908.0,2.12,4.26,15300.0,6767.0,17.7,17.33,22067.0
2026-03-18,19,20381.0,2.0,4.19,15388.0,7139.0,17.95,17.44,22527.0
2026-03-18,20,20317.0,1.86,4.14,15386.0,7176.0,17.9,17.38,22561.0
2026-03-18,21,20245.0,1.77,4.13,14420.0,6470.0,16.23,15.94,20891.0
2026-03-18,22,20316.0,1.87,4.16,12292.0,5390.0,12.74,12.79,17682.0
2026-03-18,23,19912.0,2.15,4.27,11269.0,5367.0,10.56,10.57,16636.0
2026-03-19,0,19962.0,2.53,4.66,9449.0,4965.0,7.93,8.07,14414.0
2026-03-19,1,19186.0,2.97,5.03,9083.0,4530.0,7.61,7.86,13613.0
2026-03-19,2,19165.0,3.47,5.51,8960.0,3917.0,7.63,8.01,12877.0
2026-03-19,3,19158.0,4.0,6.04,8726.0,3888.0,7.63,8.01,12614.0
2026-03-19,4,17622.0,4.5,6.4,8605.0,3413.0,7.54,8.01,12018.0
2026-03-19,5,17796.0,4.92,6.81,10818.0,3578.0,10.96,11.39,14397.0
2026-03-19,6,17064.0,4.91,6.74,15831.0,5818.0,18.58,18.53,21649.0
2026-03-19,7,15400.0,4.38,6.08,17090.0,7443.0,20.62,20.04,24533.0
2026-03-19,8,16852.0,3.78,5.61,16789.0,7448.0,20.29,19.67,24237.0
2026-03-19,9,17843.0,3.31,5.24,15763.0,7341.0,18.55,17.95,23105.0
2026-03-19,10,18018.0,2.99,4.94,14515.0,7127.0,16.29,15.75,21643.0
2026-03-19,11,18318.0,2.77,4.75,13742.0,7177.0,14.71,14.14,20918.0
2026-03-19,12,19836.0,2.66,4.8,13551.0,6971.0,14.29,13.8,20522.0
2026-03-19,13,19599.0,2.63,4.76,13619.0,7076.0,14.47,13.96,20695.0
2026-03-19,14,19512.0,2.57,4.68,13575.0,7033.0,14.44,13.93,20609.0
2026-03-19,15,19818.0,2.51,4.66,13599.0,7109.0,14.62,14.08,20708.0
2026-03-19,16,20255.0,2.49,4.67,13761.0,7111.0,14.87,13.98,20872.0
2026-03-19,17,20223.0,2.46,4.65,14409.0,7124.0,16.3,15.07,21533.0
2026-03-19,18,19716.0,2.36,4.49,15251.0,6754.0,17.68,16.7,22005.0
2026-03-19,19,20038.0,2.22,4.37,15373.0,6759.0,17.9,16.91,22132.0
2026-03-19,20,20084.0,2.1,4.26,15345.0,6869.0,17.7,16.65,22215.0
2026-03-19,21,20039.0,1.99,4.17,14433.0,6638.0,16.06,15.15,21071.0
2026-03-19,22,20628.0,2.07,4.32,12595.0,5611.0,12.87,12.44,18206.0
2026-03-19,23,20638.0,2.37,4.59,11361.0,5214.0,10.7,10.45,16574.0
2026-03-20,0,19644.0,2.77,4.9,9540.0,4647.0,8.04,8.03,14187.0
2026-03-20,1,19532.0,3.24,5.37,9204.0,4506.0,7.77,7.81,13710.0
2026-03-20,2,19236.0,3.73,5.79,8963.0,4074.0,7.59,7.77,13037.0
2026-03-20,3,19266.0,4.25,6.3,9019.0,3874.0,7.81,8.07,12892.0
2026-03-20,4,19062.0,4.78,6.82,8905.0,3359.0,8.01,8.42,12264.0
2026-03-20,5,18197.0,5.21,7.15,11245.0,3778.0,11.7,12.09,15023.0
2026-03-20,6,18111.0,5.24,7.18,15569.0,5758.0,18.33,18.27,21327.0
2026-03-20,7,17367.0,4.85,6.71,16851.0,7342.0,20.27,19.71,24194.0
2026-03-20,8,17315.0,4.34,6.21,16468.0,7684.0,20.06,19.33,24152.0
2026-03-20,9,17305.0,3.84,5.71,15999.0,7435.0,18.93,18.3,23435.0
2026-03-20,10,17802.0,3.47,5.38,14810.0,6980.0,16.58,16.12,21789.0
2026-03-20,11,18403.0,3.22,5.29,14167.0,7096.0,15.29,14.78,21263.0
2026-03-20,12,19949.0,3.09,5.27,13913.0,7343.0,15.02,14.39,21255.0
2026-03-20,13,19987.0,3.04,5.23,13632.0,7217.0,14.49,13.92,20849.0
2026-03-20,14,20036.0,3.0,5.19,13628.0,7203.0,14.51,13.95,20831.0
2026-03-20,15,20075.0,2.98,5.16,13642.0,7187.0,14.54,13.98,20828.0
2026-03-20,16,19727.0,2.93,5.06,13718.0,7234.0,14.81,14.24,20951.0
2026-03-20,17,19944.0,2.88,5.05,14216.0,6971.0,15.86,15.39,21187.0
2026-03-20,18,19956.0,2.81,4.96,15036.0,6558.0,17.53,17.22,21593.0
2026-03-20,19,20032.0,2.71,4.86,15062.0,6560.0,17.61,17.31,21622.0
2026-03-20,20,20482.0,2.64,4.83,15015.0,6597.0,17.32,17.01,21612.0
2026-03-20,21,20452.0,2.61,4.8,14322.0,6363.0,16.14,15.91,20685.0
2026-03-20,22,20543.0,2.71,4.93,12953.0,5563.0,13.72,13.73,18516.0
2026-03-20,23,20453.0,2.95,5.16,11729.0,5243.0,11.17,11.26,16972.0
2026-03-21,0,19145.0,3.27,5.35,10434.0,5262.0,9.23,9.28,15696.0
2026-03-21,1,18521.0,3.55,5.56,9717.0,5072.0,8.76,8.86,14790.0
2026-03-21,2,18526.0,3.91,5.92,9342.0,4847.0,8.42,8.58,14189.0
2026-03-21,3,19608.0,4.34,6.45,9364.0,4890.0,8.74,8.88,14254.0
2026-03-21,4,19869.0,4.89,7.04,8734.0,3557.0,8.0,8.44,12291.0
2026-03-21,5,16787.0,5.38,7.23,10488.0,3591.0,10.61,11.07,14079.0
2026-03-21,6,16815.0,5.4,7.24,14449.0,5362.0,16.44,16.53,19811.0
2026-03-21,7,17185.0,5.04,6.92,16377.0,7284.0,19.41,18.92,23662.0
2026-03-21,8,17294.0,4.58,6.47,16298.0,7417.0,19.55,19.01,23715.0
2026-03-21,9,17428.0,4.13,6.03,16015.0,7281.0,18.76,18.26,23296.0
2026-03-21,10,17745.0,3.75,5.68,15342.0,7215.0,17.63,17.14,22558.0
2026-03-21,11,18464.0,3.42,5.46,14341.0,7763.0,15.67,14.95,22104.0
2026-03-21,12,20058.0,3.24,5.45,14005.0,7726.0,15.26,14.54,21731.0
2026-03-21,13,20159.0,3.15,5.36,13802.0,7658.0,15.05,14.36,21460.0
2026-03-21,14,20238.0,3.08,5.31,13766.0,7632.0,15.09,14.4,21398.0
2026-03-21,15,20286.0,3.04,5.24,13435.0,7460.0,14.61,13.97,20895.0
2026-03-21,16,19462.0,2.99,5.12,13723.0,7509.0,14.87,14.24,21232.0
2026-03-21,17,19187.0,2.85,4.94,14066.0,7343.0,15.59,15.0,21409.0
2026-03-21,18,19265.0,2.69,4.78,14648.0,7079.0,16.39,15.95,21726.0
2026-03-21,19,19506.0,2.55,4.67,14509.0,6997.0,16.3,15.89,21506.0
2026-03-21,20,19705.0,2.45,4.59,14173.0,6994.0,15.68,15.26,21168.0
2026-03-21,21,20096.0,2.4,4.56,13564.0,6744.0,14.43,14.09,20308.0
2026-03-21,22,20860.0,2.49,4.72,12516.0,6144.0,12.31,12.17,18659.0
2026-03-21,23,21636.0,2.78,5.09,11650.0,5817.0,11.13,11.1,17467.0
2026-03-22,0,17848.0,3.09,5.84,9920.0,5068.0,8.54,8.65,14988.0
2026-03-22,1,18237.0,3.37,6.2,9791.0,4992.0,8.61,8.74,14783.0
2026-03-22,2,19459.0,3.77,6.86,9528.0,4416.0,8.44,8.72,13944.0
2026-03-22,3,19326.0,4.3,7.33,8831.0,4135.0,7.85,8.19,12966.0
2026-03-22,4,18806.0,4.86,7.8,8851.0,3878.0,8.31,8.68,12729.0
2026-03-22,5,16876.0,5.31,7.3,9978.0,3550.0,10.58,10.98,13528.0
2026-03-22,6,17168.0,5.42,7.31,13713.0,5073.0,16.11,16.19,18787.0
2026-03-22,7,17544.0,5.2,7.1,15926.0,6763.0,18.99,18.62,22689.0
2026-03-22,8,17662.0,4.79,6.7,16687.0,7361.0,19.72,19.15,24048.0
2026-03-22,9,17983.0,4.33,6.27,16440.0,7853.0,19.12,18.31,24293.0
2026-03-22,10,18308.0,3.92,5.91,15776.0,7781.0,17.86,17.07,23558.0
2026-03-22,11,18715.0,3.58,5.63,15105.0,7852.0,16.54,15.72,22957.0
2026-03-22,12,20022.0,3.37,5.56,14423.0,7381.0,15.34,14.73,21805.0
2026-03-22,13,19656.0,3.27,5.42,13846.0,7317.0,14.85,14.23,21163.0
2026-03-22,14,19623.0,3.18,5.33,13738.0,7247.0,14.72,14.13,20985.0
2026-03-22,15,19568.0,3.13,5.28,13321.0,7061.0,14.49,13.95,20382.0
2026-03-22,16,19366.0,3.08,5.23,13520.0,7289.0,14.79,14.17,20809.0
2026-03-22,17,19301.0,2.97,5.14,14192.0,7374.0,15.59,14.94,21566.0
2026-03-22,18,19430.0,2.81,4.95,14795.0,7216.0,16.49,15.94,22010.0
2026-03-22,19,19487.0,2.65,4.79,14527.0,7293.0,16.23,15.64,21819.0
2026-03-22,20,20075.0,2.54,4.7,14469.0,7202.0,15.97,15.42,21672.0
2026-03-22,21,20393.0,2.49,4.69,13532.0,6679.0,14.36,13.99,20211.0
2026-03-22,22,20981.0,2.65,4.91,12466.0,5851.0,12.28,12.21,18317.0
2026-03-22,23,21789.0,2.96,5.36,11564.0,5440.0,11.1,11.14,17004.0
2026-03-23,0,18761.0,3.35,6.97,9798.0,4923.0,8.61,8.74,14721.0
2026-03-23,1,17417.0,3.66,8.82,9037.0,4806.0,7.71,7.88,13843.0
2026-03-23,2,19166.0,4.06,6.38,8719.0,4421.0,7.6,7.86,13140.0
2026-03-23,3,18655.0,4.57,6.57,8615.0,4089.0,7.75,8.08,12704.0
2026-03-23,4,17400.0,5.02,6.93,8407.0,3433.0,7.6,8.05,11840.0
2026-03-23,5,16336.0,5.35,7.16,11162.0,3722.0,11.43,11.88,14884.0
2026-03-23,6,16360.0,5.25,7.05,15570.0,5911.0,18.22,18.16,21481.0
2026-03-23,7,16349.0,4.71,6.51,17081.0,7456.0,20.93,20.41,24537.0
2026-03-23,8,16632.0,4.11,5.94,16715.0,7572.0,20.23,19.63,24287.0
2026-03-23,9,16817.0,3.56,5.44,15914.0,7470.0,18.74,18.16,23384.0
2026-03-23,10,17121.0,3.14,5.06,15708.0,8376.0,16.66,16.21,24084.0
2026-03-23,11,17125.0,2.81,5.0,14543.0,7545.0,15.33,14.86,22088.0
2026-03-23,12,18319.0,2.52,5.51,14025.0,7208.0,15.19,14.68,21233.0
2026-03-23,13,19159.0,2.37,4.46,13960.0,7207.0,15.11,14.6,21167.0
2026-03-23,14,19116.0,2.23,4.32,13951.0,7169.0,15.0,14.5,21120.0
2026-03-23,15,19778.0,2.14,4.29,13455.0,7279.0,14.38,13.77,20734.0
2026-03-23,16,19725.0,2.09,4.24,13756.0,7369.0,14.83,14.19,21125.0
2026-03-23,17,20271.0,2.02,4.24,14325.0,7432.0,15.92,15.25,21758.0
2026-03-23,18,19875.0,1.9,4.14,15079.0,7123.0,17.18,16.66,22202.0
2026-03-23,19,19795.0,1.75,4.1,15257.0,7174.0,17.6,17.07,22431.0
2026-03-23,20,20139.0,1.59,4.14,15154.0,7107.0,17.45,16.95,22260.0
2026-03-23,21,20498.0,1.53,4.17,14317.0,6313.0,16.03,15.81,20630.0
2026-03-23,22,20443.0,1.66,4.17,12492.0,5589.0,12.68,12.69,18081.0
2026-03-23,23,19662.0,1.88,4.13,11603.0,5303.0,11.17,11.25,16906.0
2026-03-24,0,20212.0,2.25,4.43,9448.0,4837.0,7.9,7.86,14284.0
2026-03-24,1,20279.0,2.78,4.96,8972.0,4603.0,7.47,7.48,13576.0
2026-03-24,2,20303.0,3.34,5.53,8980.0,4424.0,7.65,7.73,13404.0
2026-03-24,3,20215.0,3.91,6.07,8839.0,4132.0,7.61,7.77,12971.0
2026-03-24,4,18608.0,4.47,6.48,8807.0,3862.0,7.89,8.14,12669.0
2026-03-24,5,17424.0,4.84,6.73,10926.0,3737.0,11.1,11.4,14663.0
2026-03-24,6,16974.0,4.82,6.67,15749.0,5659.0,18.42,18.03,21408.0
2026-03-24,7,16584.0,4.33,6.14,17061.0,7348.0,20.7,19.42,24409.0
2026-03-24,8,16825.0,3.74,5.59,16846.0,7499.0,20.5,19.14,24344.0
2026-03-24,9,17092.0,3.24,5.13,15515.0,7390.0,18.25,16.94,22905.0
2026-03-24,10,17469.0,2.87,4.78,14262.0,7132.0,15.68,14.49,21394.0
2026-03-24,11,18530.0,2.65,4.68,14015.0,6948.0,14.9,13.82,20964.0
2026-03-24,12,19081.0,2.51,4.58,13730.0,6999.0,14.63,13.48,20729.0
2026-03-24,13,19336.0,2.42,4.52,13697.0,7142.0,14.4,13.18,20838.0
2026-03-24,14,19411.0,2.37,4.47,13643.0,7277.0,14.2,12.95,20919.0
2026-03-25,9,17548.0,3.81,5.68,15817.0,7450.0,18.81,18.18,23268.0
2026-03-25,10,18376.0,3.48,5.44,14784.0,7321.0,16.85,16.26,22104.0
2026-03-25,11,19307.0,3.3,5.36,13876.0,7329.0,14.51,13.92,21205.0
2026-03-25,12,19750.0,3.19,5.32,13690.0,7391.0,14.38,13.75,21081.0
2026-03-25,13,20116.0,3.14,5.28,13677.0,7379.0,14.36,13.73,21056.0
2026-03-25,14,20183.0,3.1,5.24,13593.0,7364.0,14.42,13.79,20957.0
2026-03-25,15,20258.0,3.08,5.22,13537.0,7343.0,14.49,13.86,20880.0
2026-03-25,16,19533.0,3.03,5.12,13547.0,7318.0,14.47,13.85,20865.0
2026-03-25,17,19144.0,2.93,4.96,14278.0,7224.0,15.83,15.26,21502.0
2026-03-25,18,19160.0,2.74,4.77,15291.0,7046.0,17.71,17.23,22336.0
2026-03-25,19,19116.0,2.53,4.54,15441.0,6973.0,17.92,17.48,22415.0
2026-03-25,20,18909.0,2.3,4.28,15401.0,6928.0,17.76,17.34,22329.0
2026-03-25,21,19279.0,2.11,4.13,14455.0,6570.0,16.27,15.97,21025.0
2026-03-25,22,20110.0,2.12,4.23,12857.0,5927.0,13.2,13.1,18784.0
2026-03-25,23,21793.0,2.38,4.68,11782.0,5528.0,11.32,11.34,17311.0
2026-03-26,0,19608.0,2.81,5.76,9680.0,4675.0,8.42,8.63,14355.0
2026-03-26,1,18601.0,3.23,6.12,9306.0,4553.0,8.2,8.44,13859.0
2026-03-26,2,18304.0,3.64,6.44,8855.0,4325.0,7.73,8.01,13180.0
2026-03-26,3,19470.0,4.09,6.35,8975.0,4341.0,7.91,8.19,13316.0
2026-03-26,4,19358.0,4.62,6.64,9051.0,3958.0,8.31,8.67,13009.0
2026-03-26,5,18633.0,5.06,7.01,10986.0,3741.0,11.32,11.71,14726.0
2026-03-26,6,18164.0,5.09,6.98,15893.0,5826.0,18.88,18.87,21719.0
2026-03-26,7,17992.0,4.68,6.57,17076.0,7395.0,20.85,20.35,24470.0
2026-03-26,8,17955.0,4.21,6.1,16579.0,7543.0,20.48,19.9,24123.0
2026-03-26,9,18071.0,3.79,5.7,15822.0,7465.0,18.97,18.39,23286.0
2026-03-26,10,18492.0,3.48,5.44,14704.0,7313.0,16.66,16.11,22017.0
2026-03-26,11,18419.0,3.24,5.2,14064.0,7408.0,15.15,14.56,21472.0
2026-03-26,12,19859.0,3.09,5.19,13910.0,7148.0,14.96,14.47,21058.0
2026-03-26,13,19963.0,3.03,5.16,13814.0,7145.0,14.83,14.34,20960.0
2026-03-26,14,20038.0,2.98,5.11,13746.0,7162.0,14.8,14.3,20908.0
2026-03-26,15,20121.0,2.93,5.06,14016.0,7115.0,15.15,14.66,21131.0
2026-03-26,16,19172.0,2.84,4.88,14047.0,7081.0,15.24,14.76,21128.0
2026-03-26,17,19259.0,2.69,4.72,14758.0,7001.0,16.72,16.29,21759.0
2026-03-26,18,19775.0,2.51,4.6,15558.0,7129.0,18.05,17.6,22687.0
2026-03-26,19,19968.0,2.31,4.41,15552.0,7270.0,18.18,17.68,22822.0
2026-03-26,20,20070.0,2.13,4.21,15496.0,7278.0,17.99,17.48,22774.0
2026-03-26,21,19934.0,1.99,4.11,14481.0,6516.0,16.26,16.03,20997.0
2026-03-26,22,20441.0,2.05,4.19,12594.0,5689.0,13.04,13.05,18282.0
2026-03-26,23,20352.0,2.31,4.44,11163.0,5279.0,10.6,10.72,16442.0
2026-03-27,0,20391.0,2.74,4.87,9497.0,5206.0,7.97,8.13,14703.0
2026-03-27,1,19377.0,3.18,5.21,9030.0,4957.0,7.67,7.88,13987.0
2026-03-27,2,19391.0,3.64,5.66,8937.0,4588.0,7.71,8.01,13525.0
2026-03-27,3,19644.0,4.16,6.21,8626.0,4105.0,7.52,7.92,12732.0
2026-03-27,4,18879.0,4.71,6.7,8705.0,3572.0,7.79,8.28,12276.0
2026-03-27,5,18520.0,5.16,7.36,11365.0,3802.0,11.68,12.13,15168.0
2026-03-27,6,18392.0,5.18,7.38,15833.0,5850.0,18.64,18.62,21683.0
2026-03-27,7,18033.0,4.78,6.94,17036.0,7668.0,20.68,20.06,24704.0
2026-03-27,8,18008.0,4.29,6.62,16656.0,7645.0,20.2,19.57,24302.0
2026-03-27,9,18124.0,3.83,6.2,15948.0,7546.0,19.03,18.41,23495.0
2026-03-27,10,18263.0,3.5,5.83,14605.0,7234.0,16.33,15.82,21839.0
2026-03-27,11,18604.0,3.29,5.68,13716.0,7270.0,14.53,13.99,20986.0
2026-03-27,12,19752.0,3.15,5.46,13647.0,7341.0,14.44,13.86,20987.0
2026-03-27,13,20163.0,3.11,5.6,13568.0,7327.0,14.42,13.86,20895.0
2026-03-27,14,20747.0,3.09,5.66,13618.0,7320.0,14.47,13.91,20938.0
2026-03-27,15,21021.0,3.11,5.66,13775.0,7423.0,14.75,14.15,21198.0
2026-03-27,16,20067.0,3.09,5.59,13763.0,7296.0,14.85,14.29,21059.0
2026-03-27,17,20027.0,3.03,5.44,14481.0,7032.0,16.36,15.91,21514.0
2026-03-27,18,19793.0,2.9,5.29,15638.0,6741.0,18.33,18.03,22379.0
2026-03-27,19,19826.0,2.72,5.28,15397.0,7077.0,17.99,17.57,22473.0
2026-03-27,20,19827.0,2.56,4.91,15150.0,6920.0,17.67,17.31,22070.0
2026-03-27,21,20238.0,2.45,4.9,14423.0,6425.0,16.23,16.04,20848.0
2026-03-27,22,21184.0,2.57,5.08,12789.0,5670.0,13.26,13.28,18458.0
2026-03-27,23,21399.0,2.9,5.35,11427.0,5126.0,10.74,10.91,16553.0
2026-03-28,0,20407.0,3.32,5.65,10320.0,5087.0,9.05,8.91,15407.0
2026-03-28,1,19940.0,3.72,6.34,9685.0,4738.0,8.43,8.4,14422.0
2026-03-28,2,20639.0,4.24,6.71,9277.0,4372.0,8.1,8.18,13650.0
2026-03-28,3,20219.0,4.83,7.27,9187.0,4201.0,8.23,8.38,13387.0
2026-03-28,4,15226.0,5.34,8.73,9514.0,3834.0,8.78,9.05,13348.0
2026-03-28,5,13261.0,5.59,10.84,11356.0,4043.0,12.15,12.34,15399.0
2026-03-28,6,15011.0,5.54,8.07,14531.0,5774.0,16.53,16.04,20305.0
2026-03-28,7,15892.0,5.17,7.1,16694.0,7494.0,19.41,18.05,24188.0
2026-03-28,8,16179.0,4.7,6.69,16770.0,7659.0,19.69,18.24,24429.0
2026-03-28,9,16758.0,4.23,6.3,16512.0,7673.0,19.24,17.74,24185.0
2026-03-28,10,18092.0,3.81,6.02,15776.0,7964.0,17.86,16.23,23740.0
2026-03-28,11,18763.0,3.48,5.77,14597.0,7862.0,15.7,14.07,22459.0
2026-03-28,12,19490.0,3.26,5.57,14137.0,7705.0,14.85,13.3,21842.0
2026-03-28,13,20290.0,3.15,5.59,14085.0,7497.0,14.86,13.47,21583.0
2026-03-28,14,20238.0,3.11,5.54,13800.0,7091.0,14.61,13.44,20891.0
2026-03-28,15,20336.0,3.09,5.52,13819.0,7122.0,14.76,13.56,20942.0
2026-03-28,16,19527.0,3.03,5.41,13843.0,7130.0,14.83,13.63,20973.0
2026-03-28,17,19826.0,2.94,5.3,14202.0,7310.0,15.34,14.04,21512.0
2026-03-28,18,19842.0,2.83,5.14,14749.0,7090.0,16.0,14.85,21839.0
2026-03-28,19,20254.0,2.73,5.09,14604.0,7068.0,16.14,15.02,21672.0
2026-03-28,20,20698.0,2.68,5.17,14305.0,6938.0,15.59,14.54,21244.0
2026-03-28,21,20498.0,2.7,5.1,13577.0,6483.0,14.27,13.44,20060.0
2026-03-28,22,20624.0,2.85,5.37,12366.0,5441.0,12.0,11.67,17807.0
2026-03-28,23,13761.0,3.1,16.89,7199.0,3390.0,5.72,5.8,10589.0
2026-03-29,0,13777.0,3.4,15.9,6637.0,3298.0,5.27,5.37,9935.0
2026-03-29,1,13576.0,3.71,15.81,6608.0,3185.0,5.33,5.47,9792.0
2026-03-29,2,13925.0,4.02,16.25,6813.0,3182.0,5.49,5.62,9995.0
2026-03-29,3,15356.0,4.36,14.38,7302.0,3288.0,6.2,6.41,10590.0
2026-03-29,4,19262.0,4.84,7.51,9094.0,3739.0,8.3,8.7,12833.0
2026-03-29,5,17547.0,5.3,7.46,10682.0,3726.0,11.04,11.45,14409.0
2026-03-29,6,16578.0,5.33,7.38,14166.0,5684.0,16.36,16.36,19850.0
2026-03-29,7,17669.0,5.01,7.14,16228.0,7105.0,19.25,18.81,23333.0
2026-03-29,8,17795.0,4.59,6.66,16425.0,7546.0,19.23,18.63,23971.0
2026-03-29,9,18258.0,4.16,6.33,16330.0,7649.0,18.85,18.21,23979.0
2026-03-29,10,18604.0,3.78,6.12,15586.0,7579.0,17.72,17.09,23165.0
2026-03-29,11,19412.0,3.52,5.92,14573.0,7561.0,15.81,15.17,22134.0
2026-03-29,12,20564.0,3.39,5.94,14333.0,7497.0,15.36,14.75,21830.0
2026-03-29,13,20618.0,3.34,5.82,13863.0,7357.0,14.91,14.34,21220.0
2026-03-29,14,20706.0,3.33,5.83,13538.0,7260.0,14.63,14.09,20799.0
2026-03-29,15,20762.0,3.36,5.78,13366.0,7240.0,14.53,13.97,20606.0
2026-03-29,16,20165.0,3.38,5.69,13408.0,7189.0,14.55,14.02,20597.0
2026-03-29,17,19980.0,3.34,5.72,13958.0,7268.0,15.44,14.87,21226.0
2026-03-29,18,19944.0,3.26,5.58,14220.0,7205.0,15.67,15.16,21425.0
2026-03-29,19,19969.0,3.17,5.48,14240.0,7141.0,15.6,15.13,21381.0
2026-03-29,20,20035.0,3.09,5.48,14275.0,7111.0,15.54,15.09,21386.0
2026-03-29,21,20212.0,3.04,5.39,13705.0,6899.0,14.62,14.23,20603.0
2026-03-29,22,20466.0,3.1,5.67,12569.0,6495.0,12.57,12.31,19064.0
2026-03-29,23,21025.0,3.35,8.27,11346.0,5957.0,10.8,10.7,17303.0
2026-03-30,0,17989.0,3.65,8.96,9523.0,4790.0,8.08,8.25,14313.0
2026-03-30,1,17889.0,3.97,8.78,9111.0,4591.0,7.83,8.05,13702.0
2026-03-30,2,18172.0,4.35,9.25,8868.0,4507.0,7.78,8.02,13375.0
2026-03-30,3,18172.0,4.74,9.74,8954.0,4513.0,8.0,8.22,13468.0
2026-03-30,4,16751.0,5.12,10.51,8866.0,3704.0,8.09,8.5,12571.0
2026-03-30,5,16557.0,5.37,8.8,11005.0,3742.0,11.28,11.67,14747.0
2026-03-30,6,17717.0,5.34,7.39,15579.0,5675.0,18.22,18.16,21254.0
2026-03-30,7,17815.0,4.93,7.0,17281.0,7358.0,20.88,20.31,24639.0
2026-03-30,8,17863.0,4.41,6.5,16978.0,7732.0,20.66,19.93,24710.0
2026-03-30,9,17975.0,3.94,6.07,16062.0,7566.0,18.94,18.25,23628.0
2026-03-30,10,18213.0,3.58,5.72,14963.0,7631.0,16.77,16.05,22594.0
2026-03-30,11,18653.0,3.31,5.59,14089.0,7722.0,14.9,14.15,21811.0
2026-03-30,12,19696.0,3.12,5.46,14081.0,7403.0,14.92,14.29,21484.0
2026-03-30,13,20234.0,3.06,5.53,13972.0,7218.0,14.81,14.24,21190.0
2026-03-30,14,20363.0,3.02,5.41,13893.0,7180.0,14.86,14.32,21073.0
2026-03-30,15,20385.0,2.98,5.37,14107.0,7041.0,15.17,14.68,21149.0
2026-03-30,16,19510.0,2.92,5.28,14061.0,7168.0,15.12,14.58,21229.0
2026-03-30,17,19380.0,2.78,5.08,14927.0,7148.0,16.66,16.12,22075.0
2026-03-30,18,19412.0,2.6,4.89,15544.0,6967.0,17.9,17.45,22510.0
2026-03-30,19,19666.0,2.4,4.72,15277.0,7242.0,17.63,17.08,22520.0
2026-03-30,20,19878.0,2.21,4.6,15496.0,7071.0,17.86,17.39,22567.0
2026-03-30,21,20089.0,2.09,4.44,14493.0,6608.0,16.29,15.96,21102.0
2026-03-30,22,20810.0,2.17,4.6,12726.0,5618.0,13.02,13.02,18345.0
2026-03-30,23,21527.0,2.49,5.05,11476.0,5265.0,10.79,10.88,16741.0
2026-03-31,0,20914.0,2.97,5.43,9488.0,5079.0,7.79,7.89,14567.0
2026-03-31,1,20070.0,3.48,5.82,9083.0,4684.0,7.59,7.8,13766.0
2026-03-31,2,19053.0,4.0,6.26,8831.0,4145.0,7.52,7.84,12976.0
2026-03-31,3,19376.0,4.52,6.8,8802.0,3888.0,7.58,7.96,12690.0
2026-03-31,4,18271.0,5.05,7.32,8781.0,3500.0,7.82,8.27,12281.0
2026-03-31,5,17209.0,5.4,7.59,11445.0,3871.0,11.94,12.34,15316.0
2026-03-31,6,17444.0,5.32,7.57,15894.0,5989.0,18.65,18.55,21883.0
2026-03-31,7,17454.0,4.84,7.17,17470.0,7580.0,21.23,20.58,25049.0
2026-03-31,8,17704.0,4.28,6.5,17032.0,7719.0,20.55,19.83,24751.0
2026-03-31,9,17854.0,3.8,6.05,16034.0,7421.0,18.95,18.32,23455.0
2026-03-31,10,18140.0,3.47,5.72,14604.0,7054.0,16.19,15.69,21658.0
2026-03-31,11,18458.0,3.27,5.49,13939.0,6903.0,14.88,14.42,20842.0
2026-03-31,12,19373.0,3.14,5.45,13966.0,7013.0,14.73,14.24,20979.0
2026-03-31,13,19854.0,3.05,5.4,13878.0,6976.0,14.72,14.24,20854.0
2026-03-31,14,20741.0,3.04,5.52,14156.0,7028.0,14.95,14.45,21184.0
2026-03-31,15,20828.0,3.03,5.75,14066.0,7044.0,15.03,14.53,21109.0
2026-03-31,16,20257.0,3.03,5.64,14065.0,7030.0,15.06,14.55,21095.0
2026-03-31,17,19603.0,2.94,5.57,14904.0,7208.0,16.7,16.13,22112.0
2026-03-31,18,19184.0,2.73,5.18,15541.0,7011.0,18.01,17.54,22552.0
2026-03-31,19,19986.0,2.53,5.0,15894.0,6867.0,18.64,18.25,22761.0
2026-03-31,20,20010.0,2.36,4.84,15633.0,6843.0,18.26,17.87,22476.0
2026-03-31,21,19759.0,2.22,4.69,14822.0,6489.0,16.6,16.34,21312.0
2026-03-31,22,19808.0,2.22,4.61,12807.0,5829.0,13.1,13.02,18635.0
2026-03-31,23,21057.0,2.45,4.99,11743.0,5453.0,11.07,11.12,17196.0
2026-04-01,0,20630.0,2.87,5.26,9530.0,5083.0,8.03,7.88,14613.0
2026-04-01,1,20497.0,3.38,5.74,9156.0,4613.0,7.8,7.8,13769.0
2026-04-01,2,20531.0,3.97,6.35,9026.0,4184.0,7.64,7.79,13210.0
2026-04-01,3,20440.0,4.56,6.9,9036.0,4050.0,7.87,8.08,13086.0
2026-04-01,4,18571.0,5.12,8.14,9029.0,3438.0,7.94,8.31,12467.0
2026-04-01,5,16456.0,5.43,9.29,11745.0,3880.0,12.12,12.39,15625.0
2026-04-01,6,16723.0,5.29,7.33,16044.0,6073.0,18.86,18.25,22117.0
2026-04-01,7,16677.0,4.72,6.83,17449.0,7593.0,21.12,19.7,25042.0
2026-04-01,8,17277.0,4.12,6.27,17103.0,7742.0,20.89,19.39,24845.0
2026-04-01,9,17628.0,3.61,5.84,15856.0,7539.0,18.64,17.22,23394.0
2026-04-01,10,18754.0,3.26,5.55,15031.0,7234.0,16.83,15.59,22265.0
2026-04-01,11,20137.0,3.1,5.48,14285.0,7352.0,15.15,13.85,21637.0
2026-04-01,12,20113.0,3.02,5.39,14018.0,7215.0,14.82,13.56,21233.0
2026-04-01,13,20201.0,2.98,5.31,13727.0,7093.0,14.39,13.21,20820.0
2026-04-01,14,20243.0,2.96,5.33,13701.0,7073.0,14.45,13.28,20774.0
2026-04-01,15,20264.0,2.95,5.37,13615.0,7055.0,14.54,13.37,20670.0
2026-04-01,16,20053.0,2.94,5.35,13928.0,7022.0,15.04,13.9,20950.0
2026-04-01,17,20156.0,2.88,5.28,14556.0,6910.0,16.24,15.17,21466.0
2026-04-01,18,19901.0,2.77,5.2,15425.0,6802.0,17.8,16.81,22227.0
2026-04-01,19,19807.0,2.61,5.07,15544.0,6898.0,17.87,16.86,22442.0
2026-04-01,20,19316.0,2.42,4.85,15588.0,6856.0,17.8,16.77,22444.0
2026-04-01,21,18855.0,2.21,4.54,14828.0,6596.0,16.74,15.86,21423.0
2026-04-01,22,19796.0,2.15,4.66,13251.0,6056.0,13.78,13.15,19307.0
2026-04-01,23,20633.0,2.33,4.82,11677.0,5519.0,11.24,10.88,17196.0
2026-04-02,0,20267.0,2.74,5.14,9683.0,4817.0,8.13,8.07,14500.0
2026-04-02,1,19209.0,3.18,5.46,9559.0,4812.0,8.28,8.23,14372.0
2026-04-02,2,18976.0,3.58,5.8,9151.0,4557.0,7.88,7.91,13708.0
2026-04-02,3,18747.0,4.07,6.26,8896.0,4135.0,7.66,7.83,13031.0
2026-04-02,4,17897.0,4.55,6.71,8766.0,3486.0,7.5,7.88,12253.0
2026-04-02,5,18814.0,4.97,7.24,11359.0,3714.0,11.32,11.75,15073.0
2026-04-02,6,17947.0,5.01,7.15,15867.0,5606.0,18.48,18.54,21472.0
2026-04-02,7,17432.0,4.58,6.63,17052.0,7288.0,20.49,20.04,24340.0
2026-04-02,8,17479.0,4.06,6.1,16772.0,7450.0,20.25,19.7,24222.0
2026-04-02,9,17471.0,3.55,5.54,16326.0,7482.0,19.44,18.85,23808.0
2026-04-02,10,18155.0,3.15,5.22,15090.0,7304.0,17.13,16.6,22394.0
2026-04-02,11,18745.0,2.88,5.04,14339.0,7131.0,15.5,15.04,21470.0
2026-04-02,12,20267.0,2.78,5.21,13667.0,6936.0,14.43,14.02,20603.0
2026-04-02,13,20824.0,2.81,5.23,13659.0,6951.0,14.47,14.05,20610.0
2026-04-02,14,20741.0,2.84,5.33,13650.0,6939.0,14.49,14.08,20589.0
2026-04-02,15,20856.0,2.87,5.31,13732.0,6918.0,14.5,14.08,20650.0
2026-04-02,16,20303.0,2.89,5.3,13940.0,7079.0,15.03,14.55,21019.0
2026-04-02,17,19791.0,2.81,5.15,14456.0,7183.0,16.12,15.62,21639.0
2026-04-02,18,19836.0,2.66,4.96,15445.0,7051.0,17.81,17.39,22495.0
2026-04-02,19,20144.0,2.49,4.82,15356.0,6976.0,17.87,17.49,22332.0
2026-04-02,20,20335.0,2.36,4.71,15366.0,6930.0,17.67,17.29,22295.0
2026-04-02,21,19956.0,2.26,4.56,14453.0,6575.0,16.08,15.83,21028.0
2026-04-02,22,20114.0,2.26,4.51,13143.0,6154.0,13.72,13.58,19297.0
2026-04-02,23,20998.0,2.46,4.83,11797.0,5606.0,11.31,11.34,17402.0
2026-04-03,0,19933.0,2.8,5.87,10346.0,4979.0,9.14,9.29,15325.0
2026-04-03,1,19863.0,3.22,6.58,9864.0,4764.0,8.69,8.88,14628.0
2026-04-03,2,19883.0,3.7,7.03,9065.0,4312.0,7.63,7.93,13377.0
2026-04-03,3,19802.0,4.25,7.57,8799.0,4217.0,7.56,7.87,13016.0
2026-04-03,4,19536.0,4.79,8.05,8993.0,4115.0,8.01,8.34,13108.0
2026-04-03,5,17812.0,5.18,8.11,11257.0,3741.0,11.25,11.65,14999.0
2026-04-03,6,17434.0,5.14,7.95,16165.0,5811.0,18.96,18.89,21976.0
2026-04-03,7,17432.0,4.66,7.51,17263.0,7516.0,20.87,20.24,24779.0
2026-04-03,8,17537.0,4.12,7.13,17030.0,7718.0,20.6,19.88,24748.0
2026-04-03,9,17686.0,3.59,6.74,16287.0,7695.0,19.24,18.51,23982.0
2026-04-03,10,18257.0,3.18,5.8,15176.0,7614.0,16.96,16.26,22790.0
2026-04-03,11,18697.0,2.9,5.31,14351.0,7893.0,15.25,14.42,22244.0
2026-04-03,12,20473.0,2.73,5.43,13994.0,7383.0,14.75,14.13,21376.0
2026-04-03,13,20951.0,2.74,5.33,13934.0,7159.0,14.73,14.2,21093.0
2026-04-03,14,20985.0,2.75,5.38,14019.0,7058.0,14.98,14.49,21078.0
2026-04-03,15,21013.0,2.79,5.36,13845.0,7038.0,14.79,14.3,20883.0
2026-04-03,16,20126.0,2.79,5.1,14043.0,7064.0,15.05,14.54,21106.0
2026-04-03,17,19362.0,2.68,4.85,14988.0,7119.0,16.83,16.3,22108.0
2026-04-03,18,19394.0,2.48,4.76,15660.0,6975.0,18.09,17.65,22635.0
2026-04-03,19,19975.0,2.29,4.69,15346.0,6953.0,17.68,17.25,22299.0
2026-04-03,20,20751.0,2.18,4.73,15298.0,6807.0,17.54,17.16,22105.0
2026-04-03,21,20749.0,2.14,4.66,14561.0,6496.0,16.3,16.03,21057.0
2026-04-03,22,21426.0,2.26,5.01,12823.0,5684.0,13.06,13.04,18507.0
2026-04-03,23,21425.0,2.59,5.25,11514.0,5435.0,10.81,10.85,16949.0
2026-04-04,0,20207.0,2.98,5.38,10527.0,5065.0,9.22,9.34,15592.0
2026-04-04,1,19293.0,3.36,5.61,9958.0,4623.0,8.69,8.9,14580.0
2026-04-04,2,18873.0,3.77,5.87,9542.0,3998.0,8.39,8.74,13540.0
2026-04-04,3,19207.0,4.23,6.42,9520.0,3873.0,8.57,8.94,13393.0
2026-04-04,4,18337.0,4.71,6.78,9365.0,3463.0,8.57,9.03,12828.0
2026-04-04,5,17295.0,5.05,7.07,11193.0,3789.0,11.42,11.88,14981.0
2026-04-04,6,18049.0,5.05,7.14,15209.0,6037.0,17.28,17.2,21246.0
2026-04-04,7,18177.0,4.64,6.8,17089.0,7763.0,20.22,19.56,24852.0
2026-04-04,8,18313.0,4.13,6.37,17165.0,7884.0,20.35,19.62,25050.0
2026-04-04,9,18494.0,3.63,5.83,16991.0,7828.0,20.12,19.42,24819.0
2026-04-04,10,18595.0,3.21,5.44,15704.0,7797.0,17.68,16.98,23501.0
2026-04-04,11,19175.0,2.88,5.18,14841.0,7934.0,16.15,15.35,22775.0
2026-04-04,12,20233.0,2.7,4.96,14175.0,7716.0,15.11,14.4,21890.0
2026-04-04,13,20444.0,2.61,4.93,13991.0,7514.0,14.99,14.36,21505.0
2026-04-04,14,20551.0,2.57,4.89,13862.0,7338.0,14.89,14.32,21200.0
2026-04-04,15,20620.0,2.55,4.82,13881.0,7142.0,14.88,14.39,21023.0
2026-04-04,16,19760.0,2.51,4.77,13862.0,7089.0,14.92,14.45,20951.0
2026-04-04,17,19913.0,2.41,4.75,14654.0,7238.0,16.01,15.5,21892.0
2026-04-04,18,20192.0,2.28,4.64,14968.0,7178.0,16.4,15.92,22146.0
2026-04-04,19,20990.0,2.19,4.51,14941.0,7200.0,16.6,16.13,22142.0
2026-04-04,20,20453.0,2.13,4.37,14759.0,7081.0,16.31,15.88,21841.0
2026-04-04,21,20325.0,2.05,4.22,14216.0,6675.0,15.09,14.81,20891.0
2026-04-04,22,20161.0,2.12,4.3,12879.0,5834.0,12.56,12.54,18712.0
2026-04-04,23,19869.0,2.28,4.42,12095.0,5659.0,11.51,11.53,17754.0
2026-04-05,0,19705.0,2.55,4.71,10570.0,4901.0,9.14,9.09,15471.0
2026-04-05,1,20312.0,2.94,5.2,10165.0,4736.0,8.91,8.89,14901.0
2026-04-05,2,20407.0,3.41,5.66,9972.0,4580.0,8.92,8.95,14552.0
2026-04-05,3,20541.0,3.97,6.21,9124.0,3738.0,8.01,8.32,12862.0
2026-04-05,4,18257.0,4.51,6.59,9293.0,3677.0,8.36,8.69,12970.0
2026-04-05,5,17620.0,4.86,6.81,10678.0,3676.0,10.88,11.23,14354.0
2026-04-05,6,17634.0,4.95,6.95,14438.0,5308.0,16.52,16.29,19746.0
2026-04-05,7,17719.0,4.63,6.69,16299.0,7012.0,19.23,18.15,23311.0
2026-04-05,8,18445.0,4.21,6.28,16442.0,7467.0,19.0,17.67,23909.0
2026-04-05,9,18743.0,3.79,5.89,16752.0,7589.0,19.41,18.01,24341.0
2026-04-05,10,19054.0,3.4,5.54,16162.0,7420.0,18.41,17.09,23582.0
2026-04-05,11,20348.0,3.18,5.43,14996.0,7175.0,16.24,15.04,22171.0
2026-04-05,12,20574.0,3.09,5.39,14375.0,7340.0,15.4,14.41,21715.0
2026-04-05,13,20714.0,3.06,5.48,13862.0,7279.0,14.83,14.29,21141.0
2026-04-05,14,21360.0,3.07,5.46,13730.0,7286.0,14.88,14.32,21016.0
2026-04-05,15,22038.0,3.16,5.63,13530.0,7279.0,14.8,14.24,20809.0
2026-04-05,16,21615.0,3.29,5.7,13420.0,7145.0,14.52,14.01,20565.0
2026-04-05,17,20808.0,3.34,5.69,14009.0,7183.0,15.42,14.89,21193.0
2026-04-05,18,20458.0,3.3,5.68,14467.0,7152.0,16.07,15.58,21619.0
2026-04-05,19,20390.0,3.22,5.57,14611.0,7171.0,16.34,15.84,21782.0
2026-04-05,20,20606.0,3.15,5.57,14611.0,7130.0,16.2,15.76,21741.0
2026-04-05,21,21021.0,3.12,5.48,14056.0,6882.0,15.17,14.79,20938.0
2026-04-05,22,21326.0,3.25,5.62,12718.0,6092.0,12.7,12.6,18809.0
2026-04-05,23,21108.0,3.51,5.85,11963.0,5640.0,11.59,11.62,17603.0
2026-04-06,0,19135.0,3.83,8.09,10305.0,4900.0,8.96,9.11,15205.0
2026-04-06,1,18410.0,4.16,8.41,9972.0,4420.0,8.95,9.2,14392.0
2026-04-06,2,17392.0,4.48,8.38,9490.0,4209.0,8.43,8.73,13699.0
2026-04-06,3,17124.0,4.8,9.71,9564.0,4229.0,8.63,8.94,13794.0
2026-04-06,4,17808.0,5.18,7.99,9316.0,3654.0,8.58,9.0,12970.0
2026-04-06,5,15621.0,5.53,7.49,11157.0,3838.0,11.43,11.84,14995.0
2026-04-06,6,16216.0,5.42,7.27,14791.0,5824.0,16.49,16.44,20615.0
2026-04-06,7,16994.0,5.03,6.96,16467.0,7326.0,19.18,18.62,23793.0
2026-04-06,8,15999.0,4.51,6.3,16815.0,7660.0,19.89,19.19,24475.0
2026-04-06,9,16737.0,3.98,5.84,16301.0,7596.0,18.96,18.27,23898.0
2026-04-06,10,17674.0,3.52,5.46,15511.0,7549.0,17.52,16.84,23060.0
2026-04-06,11,18672.0,3.18,5.27,14971.0,7573.0,16.32,15.62,22544.0
2026-04-06,12,19045.0,2.94,5.08,14164.0,7540.0,15.05,14.36,21703.0
2026-04-06,13,19449.0,2.8,4.98,13871.0,7385.0,14.57,13.93,21255.0
2026-04-06,14,19539.0,2.68,4.87,13863.0,7327.0,14.54,13.92,21190.0
2026-04-06,15,19855.0,2.59,4.81,13773.0,7311.0,14.56,13.95,21084.0
2026-04-06,16,19783.0,2.53,4.71,13839.0,7336.0,14.7,14.08,21175.0
2026-04-06,17,19107.0,2.4,4.51,14294.0,7382.0,15.46,14.82,21677.0
2026-04-06,18,19735.0,2.24,4.42,14524.0,7318.0,15.63,15.03,21842.0
2026-04-06,19,20096.0,2.13,4.35,14463.0,7241.0,15.62,15.06,21704.0
2026-04-06,20,20118.0,2.05,4.23,14481.0,7198.0,15.52,14.98,21679.0
2026-04-06,21,20257.0,1.99,4.24,13886.0,6960.0,14.59,14.13,20846.0
2026-04-06,22,20878.0,2.04,4.34,12727.0,6334.0,12.89,12.64,19061.0
2026-04-06,23,21385.0,2.3,4.66,11842.0,5885.0,11.38,11.28,17727.0
2026-04-07,0,20501.0,2.7,5.24,9930.0,4874.0,8.4,8.35,14805.0
2026-04-07,1,19936.0,3.15,6.45,9778.0,4827.0,8.54,8.48,14605.0
2026-04-07,2,20006.0,3.64,6.9,9153.0,4088.0,7.83,8.02,13241.0
2026-04-07,3,19766.0,4.2,7.35,9129.0,3931.0,8.05,8.29,13060.0
2026-04-07,4,18439.0,4.69,7.52,9286.0,3785.0,8.4,8.68,13070.0
2026-04-07,5,17916.0,5.04,7.0,11286.0,3709.0,11.41,11.73,14995.0
2026-04-07,6,18305.0,5.05,7.07,15829.0,5665.0,18.42,18.05,21494.0
2026-04-07,7,18124.0,4.67,6.63,17052.0,7513.0,20.57,19.74,24565.0
2026-04-07,8,18365.0,4.16,6.15,16960.0,7756.0,20.52,19.86,24717.0
2026-04-07,9,18535.0,3.71,5.74,16303.0,7395.0,19.33,18.8,23699.0
2026-04-07,10,18198.0,3.36,5.41,14844.0,7473.0,16.46,15.86,22316.0
2026-04-07,11,19394.0,3.13,5.27,14277.0,7510.0,15.16,14.56,21787.0
2026-04-07,12,20097.0,3.0,5.22,14095.0,7388.0,15.01,14.45,21483.0
2026-04-07,13,20184.0,2.91,5.21,14150.0,7395.0,15.07,14.49,21546.0
2026-04-07,14,20471.0,2.85,5.15,13862.0,7158.0,14.71,14.21,21021.0
2026-04-07,15,20768.0,2.86,5.11,13802.0,6915.0,14.72,14.32,20717.0
2026-04-07,16,19914.0,2.85,4.99,14052.0,7027.0,15.19,14.73,21080.0
2026-04-07,17,19577.0,2.74,4.86,14861.0,6989.0,16.63,16.2,21850.0
2026-04-07,18,19101.0,2.54,4.62,15694.0,6888.0,18.27,17.92,22582.0
2026-04-07,19,18895.0,2.28,4.33,15413.0,7133.0,17.86,17.43,22547.0
2026-04-07,20,18545.0,1.99,4.08,15778.0,7099.0,18.32,17.9,22877.0
2026-04-07,21,18561.0,1.72,4.07,14765.0,6628.0,16.54,16.3,21393.0
2026-04-07,22,19049.0,1.64,4.1,12979.0,5715.0,13.17,13.2,18694.0
2026-04-07,23,19461.0,1.78,4.19,11472.0,5545.0,10.62,10.68,17017.0
2026-04-08,0,19124.0,2.09,4.19,9607.0,5248.0,7.79,7.85,14855.0
2026-04-08,1,18541.0,2.42,4.45,9209.0,4901.0,7.62,7.77,14110.0
2026-04-08,2,19508.0,2.86,5.01,8942.0,4121.0,7.58,7.91,13062.0
2026-04-08,3,21239.0,3.47,5.8,9081.0,4143.0,7.93,8.25,13224.0
2026-04-08,4,19481.0,4.1,6.21,9017.0,3382.0,7.88,8.36,12398.0
2026-04-08,5,19355.0,4.6,6.73,11770.0,3872.0,12.09,12.53,15642.0
2026-04-08,6,19289.0,4.65,6.77,16259.0,6046.0,19.07,19.01,22306.0
2026-04-08,7,18501.0,4.24,6.26,17655.0,7693.0,21.47,20.87,25348.0
2026-04-08,8,18673.0,3.74,5.81,17004.0,7757.0,20.67,20.01,24761.0
2026-04-08,9,18919.0,3.31,5.46,16511.0,7501.0,19.63,19.06,24013.0
2026-04-08,10,18831.0,2.99,5.15,15054.0,7415.0,16.69,16.12,22469.0
2026-04-08,11,19109.0,2.75,4.91,14421.0,7454.0,15.2,14.62,21875.0
2026-04-08,12,20697.0,2.63,4.97,14263.0,7106.0,15.17,14.7,21370.0
2026-04-08,13,21509.0,2.65,5.08,14057.0,6997.0,14.93,14.51,21054.0
2026-04-08,14,21024.0,2.7,5.09,13920.0,6925.0,14.76,14.35,20845.0
2026-04-08,15,20603.0,2.72,5.02,13893.0,6894.0,14.74,14.34,20787.0
2026-04-08,16,19936.0,2.7,4.96,13842.0,6906.0,14.78,14.37,20747.0
2026-04-08,17,19643.0,2.63,4.8,14684.0,6788.0,16.38,16.04,21472.0
2026-04-08,18,19189.0,2.46,4.57,15555.0,6814.0,17.77,17.44,22369.0
2026-04-08,19,19047.0,2.23,4.39,15482.0,6890.0,17.62,17.27,22372.0
2026-04-08,20,19139.0,1.98,4.14,15577.0,6942.0,17.72,17.37,22519.0
2026-04-08,21,19573.0,1.8,4.1,14741.0,6609.0,16.17,15.92,21350.0
2026-04-08,22,20425.0,1.8,4.25,12893.0,5955.0,12.99,12.93,18848.0
2026-04-08,23,21783.0,2.09,4.52,11537.0,5407.0,10.72,10.82,16944.0
2026-04-09,0,20381.0,2.54,4.79,9695.0,5008.0,7.99,7.89,14703.0
2026-04-09,1,19753.0,2.93,5.07,9089.0,4633.0,7.41,7.42,13722.0
2026-04-09,2,19701.0,2.97,5.13,9024.0,4597.0,7.38,7.39,13621.0
2026-04-09,3,19886.0,3.47,5.71,8964.0,4169.0,7.51,7.65,13133.0
2026-04-09,4,19695.0,4.67,6.99,8844.0,2964.0,7.49,8.0,11809.0
2026-04-09,5,18586.0,5.17,7.24,11452.0,3747.0,11.44,11.84,15199.0
2026-04-09,6,17805.0,5.17,7.17,16063.0,5803.0,18.57,18.58,21866.0
2026-04-09,7,17562.0,4.69,6.67,17530.0,7461.0,21.26,20.76,24991.0
2026-04-09,8,17475.0,4.13,6.09,17024.0,7721.0,20.39,19.75,24745.0
2026-04-09,9,17412.0,3.59,5.56,16331.0,7492.0,19.37,18.8,23823.0
2026-04-09,10,18225.0,3.19,5.32,14973.0,7119.0,16.6,16.15,22092.0
2026-04-09,11,18983.0,2.99,5.84,14211.0,6904.0,15.09,14.7,21115.0
2026-04-09,12,20003.0,2.88,5.2,14044.0,6938.0,14.7,14.3,20983.0
2026-04-09,13,20389.0,2.85,5.15,13946.0,6948.0,14.74,14.34,20894.0
2026-04-09,14,20445.0,2.84,5.16,13916.0,6945.0,14.8,14.39,20861.0
2026-04-09,15,20498.0,2.83,5.14,13916.0,6914.0,14.81,14.41,20830.0
2026-04-09,16,19593.0,2.8,4.99,14047.0,6921.0,14.92,14.52,20968.0
2026-04-09,17,19078.0,2.67,4.86,14923.0,6998.0,16.46,16.05,21921.0
2026-04-09,18,17888.0,2.38,4.4,15800.0,6759.0,17.99,17.71,22559.0
2026-04-09,19,17805.0,2.05,4.05,15706.0,6723.0,17.97,17.71,22428.0
2026-04-09,20,17804.0,1.72,3.97,15588.0,6658.0,17.66,17.42,22246.0
2026-04-09,21,18079.0,1.45,3.97,14371.0,6199.0,15.66,15.56,20570.0
2026-04-09,22,19313.0,1.38,4.09,13286.0,5800.0,13.52,13.51,19086.0
2026-04-09,23,21449.0,1.59,4.33,11891.0,5364.0,11.22,11.34,17255.0
2026-04-10,0,21152.0,2.03,4.4,9845.0,4918.0,8.26,8.4,14763.0
2026-04-10,1,20998.0,2.59,4.9,8962.0,4504.0,7.41,7.67,13465.0
2026-04-10,2,21039.0,3.21,5.51,9023.0,4355.0,7.81,8.1,13378.0
2026-04-10,3,21048.0,3.87,6.15,8589.0,3818.0,7.43,7.82,12408.0
2026-04-10,4,19596.0,4.56,6.64,8572.0,3200.0,7.49,8.01,11772.0
2026-04-10,5,17609.0,5.03,6.92,10956.0,3585.0,10.74,11.2,14541.0
2026-04-10,6,17769.0,5.02,6.94,15667.0,5671.0,17.78,17.82,21338.0
2026-04-10,7,17503.0,4.58,6.44,17281.0,7212.0,20.85,20.42,24494.0
2026-04-10,8,17425.0,4.06,5.95,16936.0,7533.0,20.32,19.76,24469.0
2026-04-10,9,18481.0,3.59,5.59,16109.0,7574.0,18.74,18.13,23684.0
2026-04-10,10,18922.0,3.27,5.32,15153.0,7334.0,16.91,16.37,22488.0
2026-04-10,11,19387.0,3.05,5.16,14382.0,7648.0,15.33,14.67,22030.0
2026-04-10,12,20506.0,2.94,5.15,13776.0,7247.0,14.33,13.81,21023.0
2026-04-10,13,20617.0,2.94,5.18,13772.0,6976.0,14.37,13.95,20748.0
2026-04-10,14,20645.0,2.97,5.22,13592.0,6782.0,14.01,13.66,20374.0
2026-04-10,15,20681.0,3.01,5.31,13707.0,6681.0,14.28,13.97,20389.0
2026-04-10,16,19183.0,3.0,5.1,13781.0,6653.0,14.33,14.02,20434.0
2026-04-10,17,19318.0,2.89,4.99,14478.0,6774.0,15.78,15.43,21252.0
2026-04-10,18,19626.0,2.75,4.86,15363.0,6617.0,17.3,17.05,21980.0
2026-04-10,19,19302.0,2.59,4.68,15231.0,6572.0,17.42,17.19,21803.0
2026-04-10,20,19241.0,2.42,4.45,15211.0,6539.0,17.3,17.08,21750.0
2026-04-10,21,19406.0,2.29,4.35,14315.0,6213.0,15.76,15.64,20528.0
2026-04-10,22,20275.0,2.31,4.47,13009.0,5750.0,13.29,13.29,18759.0
2026-04-10,23,21826.0,2.59,4.88,11884.0,5363.0,11.25,11.37,17247.0
2026-04-11,0,19766.0,2.99,5.09,10555.0,4722.0,9.2,9.22,15276.0
2026-04-11,1,19254.0,3.34,5.42,10128.0,4506.0,8.81,8.88,14633.0
2026-04-11,2,21142.0,3.82,6.08,9711.0,4133.0,8.57,8.75,13844.0
2026-04-11,3,20539.0,4.43,6.63,9696.0,3854.0,8.58,8.86,13550.0
2026-04-11,4,20307.0,4.97,7.13,9778.0,3593.0,8.64,8.99,13370.0
2026-04-11,5,18383.0,5.44,7.44,11149.0,3682.0,11.13,11.45,14830.0
2026-04-11,6,17909.0,5.49,7.43,14740.0,5485.0,16.51,16.55,20225.0
2026-04-11,7,17454.0,5.14,7.02,16864.0,7348.0,19.98,19.48,24212.0
2026-04-11,8,17571.0,4.61,6.49,16987.0,7760.0,20.1,19.43,24746.0
2026-04-11,9,17778.0,4.05,5.96,16504.0,8117.0,18.8,17.96,24621.0
2026-04-11,10,18219.0,3.57,5.54,15944.0,8081.0,17.75,16.93,24025.0
2026-04-11,11,19050.0,3.21,5.29,14916.0,7951.0,16.26,15.48,22867.0
2026-04-11,12,20206.0,3.03,5.23,13706.0,7578.0,13.86,13.23,21285.0
2026-04-11,13,20007.0,3.02,5.2,12317.0,7548.0,11.45,10.82,19865.0
2026-04-11,14,20036.0,3.07,5.25,12044.0,7367.0,11.05,10.49,19411.0
2026-04-11,15,20054.0,3.15,5.34,11931.0,7360.0,11.04,10.48,19291.0
2026-04-11,16,19284.0,3.19,5.27,12184.0,7405.0,11.35,10.77,19589.0
2026-04-11,17,18706.0,3.14,5.17,13045.0,7276.0,12.68,12.14,20320.0
2026-04-11,18,18509.0,3.03,5.03,13205.0,7162.0,12.88,12.34,20366.0
2026-04-11,19,18711.0,2.94,4.96,12594.0,7034.0,11.98,11.51,19628.0
2026-04-11,20,19589.0,2.95,5.06,12348.0,6915.0,11.6,11.15,19262.0
2026-04-11,21,19724.0,3.04,5.14,11935.0,6488.0,11.13,10.84,18423.0
2026-04-11,22,20584.0,3.26,6.33,11264.0,5387.0,10.16,10.23,16650.0
2026-04-11,23,18159.0,3.58,10.44,9347.0,5193.0,7.67,7.78,14540.0
2026-04-12,0,15931.0,3.85,13.66,8798.0,5061.0,6.9,6.75,13858.0
2026-04-12,1,16234.0,4.04,12.1,8138.0,4707.0,6.43,6.4,12845.0
2026-04-12,2,15301.0,4.35,14.03,7504.0,4280.0,5.92,6.05,11784.0
2026-04-12,3,15369.0,4.66,14.38,7359.0,3978.0,5.9,6.12,11337.0
2026-04-12,4,15659.0,4.99,13.09,7666.0,3535.0,6.16,6.52,11202.0
2026-04-12,5,17070.0,5.39,8.49,8802.0,3641.0,7.57,8.04,12444.0
2026-04-12,6,16366.0,5.47,8.68,14089.0,5801.0,15.61,15.61,19889.0
2026-04-12,7,17673.0,5.05,6.95,17201.0,7116.0,21.23,20.83,24317.0
2026-04-12,8,18045.0,4.57,6.54,16656.0,7456.0,19.63,19.1,24112.0
2026-04-12,9,18266.0,4.11,6.13,16498.0,7427.0,19.48,18.94,23925.0
2026-04-12,10,18445.0,3.71,5.74,15882.0,7394.0,18.22,17.68,23277.0
2026-04-12,11,20154.0,3.45,5.66,14973.0,7190.0,16.46,15.98,22163.0
2026-04-12,12,20667.0,3.41,5.65,13460.0,6921.0,13.66,13.26,20382.0
2026-04-12,13,20727.0,3.5,5.71,12567.0,6886.0,12.35,11.96,19453.0
2026-04-12,14,20058.0,3.62,5.82,11931.0,6889.0,11.48,11.08,18820.0
2026-04-12,15,19660.0,3.73,5.85,11972.0,6940.0,11.58,11.16,18913.0
2026-04-12,16,18439.0,3.75,5.78,12607.0,6990.0,12.73,12.28,19597.0
2026-04-12,17,17526.0,3.58,5.52,13887.0,7008.0,14.88,14.43,20895.0
2026-04-12,18,18259.0,3.34,5.33,14030.0,6992.0,15.32,14.88,21022.0
2026-04-12,19,18976.0,3.22,5.3,13512.0,6655.0,14.62,14.31,20167.0
2026-04-12,20,19848.0,3.2,5.36,13323.0,6597.0,14.37,14.08,19921.0
2026-04-12,21,20193.0,3.27,5.47,12462.0,6172.0,12.8,12.65,18635.0
2026-04-12,22,20313.0,3.49,6.32,11105.0,5643.0,10.65,10.66,16747.0
2026-04-12,23,16422.0,3.7,13.89,9923.0,5281.0,9.01,9.11,15204.0
2026-04-13,0,15095.0,3.83,15.19,8459.0,4610.0,6.81,6.86,13070.0
2026-04-13,1,16052.0,4.08,13.78,7742.0,4408.0,6.14,6.2,12150.0
2026-04-13,2,16243.0,4.44,14.32,7360.0,4189.0,5.91,6.06,11549.0
2026-04-13,3,16315.0,4.82,14.85,7395.0,4246.0,6.16,6.28,11641.0
2026-04-13,4,15237.0,5.15,15.37,8143.0,3470.0,7.11,7.49,11613.0
2026-04-13,5,17004.0,5.42,11.38,10080.0,3657.0,9.88,10.36,13738.0
2026-04-13,6,17112.0,5.52,8.54,13055.0,5788.0,14.23,14.19,18843.0
2026-04-13,7,17909.0,5.31,7.24,14758.0,6833.0,16.78,16.4,21592.0
2026-04-13,8,17874.0,5.03,6.96,14781.0,7128.0,16.44,15.97,21909.0
2026-04-13,9,17914.0,4.72,6.67,15047.0,7068.0,16.82,16.38,22116.0
2026-04-13,10,18182.0,4.42,6.41,14897.0,6992.0,16.64,16.22,21889.0
2026-04-13,11,19631.0,4.27,6.41,13955.0,6782.0,15.04,14.7,20737.0
2026-04-13,12,19665.0,4.26,6.38,12911.0,6809.0,13.15,12.77,19720.0
2026-04-13,13,19955.0,4.35,6.5,11985.0,6980.0,11.62,11.18,18965.0
2026-04-13,14,19320.0,4.46,6.54,11895.0,7006.0,11.62,11.17,18901.0
2026-04-13,15,19034.0,4.52,6.59,11801.0,7227.0,11.54,11.0,19028.0
2026-04-13,16,18592.0,4.53,6.56,12723.0,7284.0,13.02,12.46,20007.0
2026-04-13,17,18178.0,4.37,6.37,14174.0,7255.0,15.48,14.94,21428.0
2026-04-13,18,18094.0,4.14,6.12,14329.0,6964.0,15.62,15.2,21293.0
2026-04-13,19,17545.0,3.94,5.89,13927.0,6618.0,15.27,14.97,20545.0
2026-04-13,20,18076.0,3.78,5.77,13454.0,6490.0,14.72,14.47,19945.0
2026-04-13,21,17618.0,3.71,6.59,12089.0,6243.0,12.44,12.25,18332.0
2026-04-13,22,18640.0,3.79,6.83,11026.0,5828.0,10.71,10.65,16854.0
2026-04-13,23,15636.0,3.92,14.19,10058.0,5427.0,9.03,9.09,15485.0
2026-04-14,0,16098.0,4.03,11.01,8467.0,4932.0,6.61,6.77,13399.0
2026-04-14,1,17630.0,4.34,7.54,8352.0,4977.0,6.85,6.99,13329.0
2026-04-14,2,16561.0,4.73,9.81,7980.0,4707.0,6.66,6.87,12687.0
2026-04-14,3,13672.0,5.16,10.94,7623.0,4533.0,6.5,6.75,12156.0
2026-04-14,4,11992.0,5.55,13.44,8726.0,3881.0,7.96,8.33,12607.0
2026-04-14,5,11520.0,5.6,12.84,10086.0,3621.0,9.99,10.39,13707.0
2026-04-14,6,17061.0,5.58,7.46,12498.0,5433.0,13.29,13.33,17931.0
2026-04-14,7,17177.0,5.41,7.3,14276.0,7046.0,15.93,15.48,21322.0
2026-04-14,8,16963.0,5.07,6.92,14971.0,7234.0,16.7,16.2,22206.0
2026-04-14,9,16937.0,4.66,6.49,15529.0,7429.0,17.41,16.84,22958.0
2026-04-14,10,17478.0,4.24,6.15,15288.0,7154.0,17.31,16.85,22442.0
2026-04-14,11,18783.0,3.95,5.98,14428.0,6943.0,15.63,15.22,21371.0
2026-04-14,12,19170.0,3.84,5.91,13521.0,6652.0,14.19,13.89,20173.0
2026-04-14,13,19243.0,3.8,5.91,12869.0,6733.0,13.14,12.79,19602.0
2026-04-14,14,19370.0,3.81,5.92,12438.0,6871.0,12.56,12.17,19309.0
2026-04-14,15,19539.0,3.84,6.0,12472.0,6835.0,12.57,12.18,19307.0
2026-04-14,16,19142.0,3.86,5.94,12748.0,6893.0,12.91,12.5,19641.0
2026-04-14,17,19118.0,3.8,5.87,13637.0,7098.0,14.37,13.88,20734.0
2026-04-14,18,19063.0,3.67,5.73,14224.0,6997.0,15.53,15.1,21220.0
2026-04-14,19,19103.0,3.56,5.57,14048.0,6824.0,15.59,15.23,20872.0
2026-04-14,20,19210.0,3.45,5.49,13636.0,6562.0,14.85,14.58,20198.0
2026-04-14,21,18933.0,3.42,5.44,12614.0,6196.0,13.25,13.09,18810.0
2026-04-14,22,18977.0,3.54,6.76,11345.0,5702.0,11.0,11.0,17047.0
2026-04-14,23,19664.0,3.79,9.52,9986.0,5143.0,8.93,9.03,15129.0
2026-04-15,0,17189.0,4.18,9.82,8712.0,4448.0,6.99,7.08,13159.0
2026-04-15,1,16566.0,4.49,9.77,8459.0,4363.0,6.97,7.07,12822.0
2026-04-15,2,16579.0,4.81,10.07,8068.0,4189.0,6.75,6.9,12256.0
2026-04-15,3,13572.0,5.08,14.93,7280.0,4225.0,6.13,6.24,11506.0
2026-04-15,4,14176.0,5.28,16.47,7742.0,3759.0,6.78,7.06,11502.0
2026-04-15,5,14051.0,5.45,13.1,9358.0,3343.0,8.93,9.36,12701.0
2026-04-15,6,17015.0,5.48,8.74,12461.0,5553.0,13.06,12.89,18014.0
2026-04-15,7,18007.0,5.32,7.49,14647.0,6982.0,16.42,16.0,21629.0
2026-04-15,8,17761.0,4.98,6.91,15773.0,7475.0,18.24,17.66,23249.0
2026-04-15,9,17488.0,4.52,6.4,16525.0,7463.0,19.56,19.01,23988.0
2026-04-15,10,17187.0,4.01,5.87,15937.0,7802.0,18.21,17.5,23739.0
2026-04-15,11,18237.0,3.59,5.54,14892.0,7450.0,16.28,15.69,22342.0
2026-04-15,12,19363.0,3.4,5.52,13452.0,7246.0,13.59,13.07,20698.0
2026-04-15,13,20285.0,3.41,5.61,12440.0,7120.0,12.08,11.61,19560.0
2026-04-15,14,20384.0,3.51,5.7,12014.0,7135.0,11.46,10.98,19149.0
2026-04-15,15,20317.0,3.62,5.81,12096.0,7209.0,11.61,11.1,19305.0
2026-04-15,16,19307.0,3.64,5.72,13508.0,7387.0,13.93,13.35,20896.0
2026-04-15,17,19454.0,3.45,5.55,15318.0,7322.0,17.13,16.55,22640.0
2026-04-15,18,19771.0,3.24,5.38,15347.0,7236.0,17.16,16.62,22583.0
2026-04-15,19,19629.0,3.08,5.23,14276.0,7368.0,15.39,14.79,21644.0
2026-04-15,20,19311.0,2.96,5.08,13872.0,7216.0,14.67,14.14,21089.0
2026-04-15,21,19462.0,2.9,5.04,12806.0,6649.0,13.03,12.69,19456.0
2026-04-15,22,20136.0,3.04,5.38,11743.0,5784.0,11.12,11.06,17528.0
2026-04-15,23,19038.0,3.3,9.22,10493.0,5479.0,9.21,9.24,15972.0
2026-04-16,0,18200.0,3.57,8.0,9355.0,5283.0,7.63,7.69,14638.0
2026-04-16,1,17228.0,3.87,8.9,8984.0,4618.0,7.41,7.64,13602.0
2026-04-16,2,18939.0,4.26,7.45,8705.0,4420.0,7.42,7.69,13125.0
2026-04-16,3,19321.0,4.76,8.24,8518.0,4289.0,7.33,7.63,12807.0
2026-04-16,4,15676.0,5.17,12.58,8468.0,3501.0,7.64,8.09,11969.0
2026-04-16,5,16794.0,5.42,9.43,11255.0,3804.0,11.73,12.19,15059.0
2026-04-16,6,18202.0,5.41,7.41,15310.0,5746.0,17.91,17.91,21055.0
2026-04-16,7,17987.0,5.05,7.01,16746.0,7295.0,20.55,20.08,24041.0
2026-04-16,8,18149.0,4.6,6.56,16833.0,7290.0,20.24,19.77,24123.0
2026-04-16,9,17955.0,4.14,6.1,16349.0,7504.0,19.21,18.64,23853.0
2026-04-16,10,17626.0,3.73,5.64,15079.0,7152.0,16.64,16.18,22231.0
2026-04-16,11,18222.0,3.47,5.45,14164.0,6694.0,14.82,14.53,20858.0
2026-04-16,12,19998.0,3.35,5.51,14037.0,6840.0,14.7,14.34,20877.0
2026-04-16,13,20463.0,3.32,5.54,14025.0,6851.0,14.69,14.33,20876.0
2026-04-16,14,20382.0,3.31,5.53,13932.0,6828.0,14.76,14.39,20760.0
2026-04-16,15,20477.0,3.3,5.55,13929.0,6818.0,14.81,14.44,20746.0
2026-04-16,16,19624.0,3.27,5.41,14031.0,6880.0,15.04,14.64,20910.0
2026-04-16,17,19640.0,3.17,5.35,14484.0,7062.0,16.01,15.56,21546.0
2026-04-16,18,19236.0,3.0,5.13,15505.0,6821.0,17.91,17.59,22326.0
2026-04-16,19,19210.0,2.79,4.91,15458.0,6806.0,17.72,17.41,22263.0
2026-04-16,20,19400.0,2.59,4.71,15101.0,6881.0,17.19,16.85,21983.0
2026-04-16,21,19424.0,2.45,4.55,14207.0,6552.0,15.78,15.54,20759.0
2026-04-16,22,19898.0,2.47,4.59,12680.0,5840.0,12.99,12.97,18519.0
2026-04-16,23,21367.0,2.73,5.12,11333.0,5295.0,10.61,10.74,16628.0
2026-04-17,0,19217.0,3.15,8.74,9932.0,4622.0,8.49,8.54,14554.0
2026-04-17,1,19279.0,3.54,9.73,9749.0,4518.0,8.4,8.46,14267.0
2026-04-17,2,19314.0,4.0,10.26,8828.0,4080.0,7.42,7.61,12908.0
2026-04-17,3,19176.0,4.54,10.81,8550.0,3950.0,7.33,7.57,12500.0
2026-04-17,4,19306.0,5.09,11.75,8938.0,3475.0,8.02,8.38,12413.0
2026-04-17,5,16467.0,5.46,9.32,11224.0,3725.0,11.57,11.88,14950.0
2026-04-17,6,16856.0,5.37,7.13,15472.0,5735.0,18.23,18.23,21207.0
2026-04-17,7,17421.0,4.92,6.77,17036.0,7265.0,20.76,20.3,24301.0
2026-04-17,8,17664.0,4.39,6.29,16806.0,7649.0,20.2,19.58,24455.0
2026-04-17,9,17807.0,3.9,5.79,16413.0,7465.0,19.43,18.89,23877.0
2026-04-17,10,18061.0,3.5,5.44,15034.0,7547.0,16.74,16.12,22582.0
2026-04-17,11,19321.0,3.22,5.29,14544.0,7375.0,15.29,14.74,21918.0
2026-04-17,12,20712.0,3.12,5.36,14162.0,7355.0,14.88,14.33,21517.0
2026-04-17,13,20875.0,3.09,5.28,14125.0,7356.0,14.91,14.36,21481.0
2026-04-17,14,20872.0,3.06,5.29,14013.0,7308.0,14.78,14.24,21321.0
2026-04-17,15,20864.0,3.06,5.27,13786.0,7169.0,14.34,13.85,20955.0
2026-04-17,16,19595.0,3.04,5.11,13821.0,7190.0,14.5,14.0,21012.0
2026-04-17,17,18762.0,2.89,4.88,14562.0,7095.0,15.85,15.39,21657.0
2026-04-17,18,18569.0,2.64,4.62,15651.0,6708.0,18.07,17.8,22359.0
2026-04-17,19,19193.0,2.39,4.45,15447.0,6921.0,17.77,17.43,22368.0
2026-04-17,20,19366.0,2.18,4.24,15302.0,6833.0,17.49,17.17,22136.0
2026-04-17,21,19313.0,2.05,4.09,14214.0,6342.0,15.55,15.38,20555.0
2026-04-17,22,20327.0,2.09,4.23,12697.0,5481.0,12.91,13.0,18177.0
2026-04-17,23,21761.0,2.4,4.71,11732.0,5163.0,11.17,11.34,16895.0
2026-04-18,0,21755.0,2.86,5.39,10557.0,4999.0,9.32,9.45,15556.0
2026-04-18,1,21180.0,3.35,6.01,10480.0,5031.0,9.42,9.52,15511.0
2026-04-18,2,21273.0,3.82,6.41,10429.0,4997.0,9.69,9.81,15426.0
2026-04-18,3,20900.0,4.39,6.92,9054.0,3725.0,7.95,8.36,12779.0
2026-04-18,4,19664.0,5.01,7.36,9148.0,3434.0,8.19,8.66,12581.0
2026-04-18,5,17498.0,5.5,8.13,10683.0,3774.0,10.89,11.32,14457.0
2026-04-18,6,18502.0,5.57,8.49,14537.0,5775.0,16.5,16.5,20312.0
2026-04-18,7,18574.0,5.31,7.25,16283.0,7403.0,18.94,18.4,23686.0
2026-04-18,8,18428.0,4.9,6.81,16297.0,7676.0,18.89,18.25,23973.0
2026-04-18,9,18283.0,4.48,6.4,16075.0,7544.0,18.19,17.61,23620.0
2026-04-18,10,18295.0,4.1,6.03,15591.0,7398.0,17.34,16.81,22988.0
2026-04-18,11,18627.0,3.83,5.81,14088.0,7065.0,14.89,14.45,21153.0
2026-04-18,12,19679.0,3.72,5.82,13224.0,7092.0,13.55,13.09,20316.0
2026-04-18,13,19909.0,3.71,5.83,12938.0,7080.0,13.12,12.65,20018.0
2026-04-18,14,19551.0,3.71,5.79,12873.0,7182.0,13.4,12.88,20055.0
2026-04-18,15,19307.0,3.68,5.72,12863.0,7156.0,13.3,12.8,20018.0
2026-04-18,16,19786.0,3.68,5.79,13203.0,7114.0,13.76,13.28,20316.0
2026-04-18,17,17787.0,3.56,5.46,13560.0,6683.0,14.25,13.93,20243.0
2026-04-18,18,17615.0,3.32,5.2,14101.0,7348.0,15.17,14.6,21448.0
2026-04-18,19,17704.0,3.07,4.98,13797.0,7204.0,14.8,14.3,21001.0
2026-04-18,20,18135.0,2.86,4.77,13711.0,7029.0,14.61,14.18,20740.0
2026-04-18,21,18381.0,2.74,4.69,13124.0,6241.0,13.67,13.5,19364.0
2026-04-18,22,19719.0,2.77,4.85,12114.0,5909.0,11.81,11.76,18023.0
2026-04-18,23,20539.0,3.01,6.09,11342.0,5770.0,10.78,10.75,17112.0
2026-04-19,0,19149.0,3.34,6.3,9911.0,4962.0,8.42,8.31,14873.0
2026-04-19,1,19045.0,3.68,6.63,9838.0,5006.0,8.75,8.62,14844.0
2026-04-19,2,18836.0,4.08,7.04,9140.0,4163.0,7.85,8.02,13303.0
2026-04-19,3,18775.0,4.54,7.41,9170.0,3979.0,8.27,8.5,13149.0
2026-04-19,4,18994.0,5.04,7.97,8462.0,3640.0,7.74,8.06,12102.0
2026-04-19,5,15770.0,5.48,10.42,9621.0,3497.0,9.93,10.29,13118.0
2026-04-19,6,17232.0,5.5,8.82,13358.0,5305.0,15.19,15.22,18663.0
2026-04-19,7,18124.0,5.3,7.27,15400.0,7128.0,18.07,17.6,22528.0
2026-04-19,8,17961.0,4.92,6.83,16050.0,7609.0,18.73,18.1,23659.0
2026-04-19,9,17964.0,4.48,6.42,15961.0,7513.0,18.28,17.71,23473.0
2026-04-19,10,18393.0,4.12,6.08,15263.0,7150.0,16.85,16.42,22413.0
2026-04-19,11,18981.0,3.88,5.86,14448.0,7247.0,15.21,14.72,21695.0
2026-04-19,12,19270.0,3.72,5.79,13673.0,7303.0,14.16,13.62,20976.0
2026-04-19,13,19370.0,3.69,5.8,10509.0,5410.0,10.03,9.89,15919.0
2026-04-19,14,19568.0,4.09,6.22,12456.0,6553.0,12.66,12.29,19009.0
2026-04-19,15,19993.0,4.05,6.16,13545.0,7217.0,14.53,13.99,20763.0
2026-04-19,16,18947.0,3.98,6.02,13612.0,6968.0,14.8,14.36,20580.0
2026-04-19,17,18337.0,3.84,5.76,13965.0,6777.0,15.17,14.81,20742.0
2026-04-19,18,18421.0,3.66,5.6,14141.0,6984.0,15.26,14.26,21125.0
2026-04-19,19,18480.0,3.48,5.48,14013.0,6848.0,15.02,14.01,20861.0
2026-04-19,20,18055.0,3.32,5.26,13882.0,6734.0,14.78,13.82,20615.0
2026-04-19,21,17910.0,3.18,5.09,13001.0,6340.0,13.3,12.54,19341.0
2026-04-19,22,18826.0,3.18,5.16,11934.0,5778.0,11.43,10.96,17712.0
2026-04-19,23,20084.0,3.39,7.2,11156.0,5287.0,10.4,10.13,16443.0
2026-04-20,0,17229.0,3.71,10.15,9115.0,4444.0,7.61,7.68,13560.0
2026-04-20,1,14784.0,3.94,13.11,8659.0,3893.0,7.28,7.54,12552.0
2026-04-20,2,17810.0,4.27,10.07,8478.0,3555.0,7.22,7.57,12034.0
2026-04-20,3,17583.0,4.76,11.31,8372.0,3518.0,7.25,7.61,11890.0
2026-04-20,4,15882.0,5.13,12.92,8373.0,3039.0,7.49,8.0,11411.0
2026-04-20,5,16694.0,5.45,8.18,11152.0,3812.0,11.52,11.97,14964.0
2026-04-20,6,17387.0,5.38,7.25,15492.0,5922.0,18.0,17.95,21414.0
2026-04-20,7,17071.0,4.91,6.72,16819.0,7779.0,20.21,19.53,24598.0
2026-04-20,8,17569.0,4.35,6.21,16737.0,7826.0,20.16,19.46,24563.0
2026-04-20,9,18197.0,3.89,5.81,15951.0,7202.0,18.69,18.23,23152.0
2026-04-20,10,18312.0,3.62,5.55,14524.0,6339.0,15.8,15.62,20863.0
2026-04-20,11,18360.0,3.47,5.42,13847.0,6398.0,14.44,14.24,20245.0
2026-04-20,12,19717.0,3.38,5.48,13700.0,6527.0,14.34,14.08,20228.0
2026-04-20,13,20119.0,3.39,5.53,13616.0,6547.0,14.42,14.14,20163.0
2026-04-20,14,20054.0,3.42,5.54,13227.0,6401.0,13.98,13.74,19628.0
2026-04-20,15,20143.0,3.48,5.61,13273.0,6387.0,13.96,13.73,19660.0
2026-04-20,16,19920.0,3.54,5.63,13278.0,6383.0,14.02,13.79,19661.0
2026-04-20,17,19346.0,3.52,5.56,14177.0,6459.0,15.67,15.43,20636.0
2026-04-20,18,19126.0,3.41,5.46,14779.0,6598.0,16.84,16.58,21377.0
2026-04-20,19,19006.0,3.22,5.23,14926.0,6980.0,17.14,16.74,21906.0
2026-04-20,20,19117.0,3.03,5.04,14829.0,6881.0,16.74,16.38,21710.0
2026-04-20,21,18787.0,2.88,4.85,13974.0,6340.0,15.27,15.09,20315.0
2026-04-20,22,19819.0,2.87,4.95,12937.0,5865.0,13.48,13.43,18801.0
2026-04-20,23,21400.0,3.13,5.4,11403.0,5268.0,10.89,11.03,16670.0
2026-04-21,0,19956.0,3.57,7.26,9515.0,4604.0,7.94,8.17,14119.0
2026-04-21,1,19344.0,4.06,8.43,9191.0,4103.0,7.72,8.07,13294.0
2026-04-21,2,16754.0,4.56,8.1,9112.0,3683.0,7.73,8.15,12795.0
2026-04-21,3,14895.0,5.07,9.76,9013.0,3633.0,7.89,8.32,12646.0
2026-04-21,4,11505.0,5.44,13.45,9700.0,3497.0,8.96,9.41,13197.0
2026-04-21,5,14946.0,5.59,13.44,11470.0,3958.0,11.97,12.39,15428.0
2026-04-21,6,17457.0,5.46,7.36,15558.0,5763.0,18.07,18.09,21321.0
2026-04-21,7,17597.0,5.05,6.96,16752.0,7354.0,20.3,19.81,24106.0
2026-04-21,8,17853.0,4.59,6.53,16489.0,7449.0,19.85,19.31,23938.0
2026-04-21,9,17834.0,4.16,6.11,15573.0,7030.0,18.01,17.61,22603.0
2026-04-21,10,17974.0,3.88,5.85,14377.0,6592.0,15.87,15.6,20969.0
2026-04-21,11,18875.0,3.7,5.77,13943.0,6470.0,14.72,14.48,20413.0
2026-04-21,12,19765.0,3.64,5.75,13825.0,6575.0,14.75,14.48,20400.0
2026-04-21,13,20205.0,3.63,5.82,13845.0,6586.0,14.77,14.49,20431.0
2026-04-21,14,20187.0,3.64,5.81,13661.0,6516.0,14.62,14.36,20176.0
2026-04-21,15,19784.0,3.66,5.79,13527.0,6447.0,14.4,14.15,19974.0
2026-04-21,16,19596.0,3.68,5.76,13440.0,6302.0,14.19,14.0,19742.0
2026-04-21,17,18795.0,3.63,5.62,14272.0,6130.0,15.71,15.58,20403.0
2026-04-21,18,18897.0,3.48,5.5,15014.0,6598.0,17.21,16.95,21611.0
2026-04-21,19,18926.0,3.28,5.31,15132.0,6749.0,17.37,17.07,21881.0
2026-04-21,20,19111.0,3.08,5.13,15000.0,6752.0,17.07,16.76,21753.0
2026-04-21,21,19111.0,2.94,4.99,14169.0,6118.0,15.69,15.59,20288.0
2026-04-21,22,19652.0,2.98,5.11,12373.0,5348.0,12.62,12.73,17721.0
2026-04-21,23,20644.0,3.25,5.65,11405.0,5224.0,10.84,10.99,16629.0
2026-04-22,0,18317.0,3.63,12.17,9378.0,4320.0,7.84,7.98,13698.0
2026-04-22,1,16133.0,3.93,14.5,9011.0,4165.0,7.57,7.74,13176.0
2026-04-22,2,17844.0,4.24,10.27,8768.0,3891.0,7.57,7.82,12659.0
2026-04-22,3,13771.0,4.71,10.05,8689.0,3356.0,7.63,8.05,12044.0
2026-04-22,4,12933.0,5.21,10.35,8617.0,3038.0,7.55,8.06,11655.0
2026-04-22,5,15180.0,5.54,8.67,11266.0,3807.0,11.26,11.71,15073.0
2026-04-22,6,17953.0,5.5,7.4,15749.0,5841.0,18.18,18.16,21590.0
2026-04-22,7,17833.0,5.1,6.98,16746.0,7277.0,19.99,19.53,24023.0
2026-04-22,8,17962.0,4.63,6.53,16450.0,7740.0,19.69,19.0,24190.0
2026-04-22,9,18348.0,4.2,6.14,15581.0,7346.0,18.28,17.74,22928.0
2026-04-22,10,18802.0,3.98,5.97,14251.0,6509.0,15.47,15.21,20760.0
2026-04-22,11,19532.0,3.89,5.97,13740.0,6409.0,14.37,14.14,20149.0
2026-04-22,12,19898.0,3.89,6.02,13493.0,6436.0,14.1,13.87,19929.0
2026-04-22,13,19939.0,3.9,6.09,13436.0,6428.0,14.15,13.89,19864.0
2026-04-22,14,19981.0,3.93,6.1,13459.0,6431.0,14.15,13.92,19891.0
2026-04-22,15,20002.0,3.96,6.14,13473.0,6467.0,14.19,13.93,19941.0
2026-04-22,16,19116.0,3.97,6.06,13383.0,6450.0,14.28,14.03,19832.0
2026-04-22,17,18066.0,3.86,5.84,14272.0,6428.0,15.55,15.33,20700.0
2026-04-22,18,17805.0,3.61,5.56,15152.0,6547.0,17.31,17.07,21699.0
2026-04-22,19,17903.0,3.33,5.26,15216.0,6699.0,17.54,17.26,21915.0
2026-04-22,20,18202.0,3.04,5.03,15270.0,6790.0,17.55,17.24,22061.0
2026-04-22,21,18364.0,2.81,4.77,14240.0,6648.0,15.73,15.43,20889.0
2026-04-22,22,19698.0,2.73,4.84,12780.0,6116.0,13.07,12.95,18896.0
2026-04-22,23,20917.0,2.95,5.64,11759.0,5675.0,11.15,11.17,17434.0
2026-04-23,0,18402.0,3.29,6.19,9381.0,4646.0,7.71,7.94,14027.0
2026-04-23,1,18605.0,3.67,6.58,9106.0,4535.0,7.71,7.96,13641.0
2026-04-23,2,18919.0,4.13,7.1,8850.0,3935.0,7.57,7.94,12785.0
2026-04-23,3,18933.0,4.63,7.56,9029.0,3770.0,7.95,8.35,12798.0
2026-04-23,4,18803.0,5.15,8.08,8732.0,3572.0,7.78,8.22,12304.0
2026-04-23,5,16121.0,5.51,7.89,11183.0,3889.0,11.33,11.66,15072.0
2026-04-23,6,16511.0,5.35,7.15,15640.0,6083.0,18.06,17.95,21724.0
2026-04-23,7,16609.0,4.81,6.59,16897.0,7634.0,20.24,19.62,24531.0
2026-04-23,8,17354.0,4.24,6.1,16562.0,7899.0,20.21,19.45,24462.0
2026-04-23,9,17740.0,3.74,5.68,15640.0,7595.0,18.41,17.78,23235.0
2026-04-23,10,19031.0,3.43,5.48,14271.0,7711.0,15.73,15.03,21982.0
2026-04-23,11,19842.0,3.25,5.41,14130.0,7907.0,15.0,14.23,22036.0
2026-04-23,12,20622.0,3.16,5.39,13831.0,7356.0,14.7,14.14,21187.0
2026-04-23,13,20911.0,3.15,5.41,13739.0,7441.0,14.49,13.89,21180.0
2026-04-23,14,20890.0,3.16,5.42,13636.0,7262.0,14.52,13.98,20898.0
2026-04-23,15,20558.0,3.16,5.39,13757.0,7250.0,14.72,14.18,21007.0
2026-04-23,16,19446.0,3.11,5.2,13706.0,7167.0,14.73,14.04,20873.0
2026-04-23,17,19273.0,3.01,5.07,14433.0,6779.0,15.94,14.95,21212.0
2026-04-23,18,19081.0,2.84,4.88,15298.0,6850.0,17.47,16.45,22148.0
2026-04-23,19,18970.0,2.6,4.61,15358.0,7068.0,17.54,16.41,22426.0
2026-04-23,20,19432.0,2.39,4.44,15312.0,7034.0,17.44,16.34,22346.0
2026-04-23,21,19587.0,2.22,4.3,14442.0,6726.0,16.07,15.12,21168.0
2026-04-23,22,19751.0,2.23,4.3,12688.0,5789.0,12.79,12.3,18477.0
2026-04-23,23,21892.0,2.51,4.88,11399.0,5271.0,10.65,10.4,16670.0
2026-04-24,0,19964.0,3.01,5.16,9398.0,4243.0,7.64,7.79,13641.0
2026-04-24,1,18972.0,3.49,5.55,9314.0,3782.0,7.79,8.1,13096.0
2026-04-24,2,19207.0,4.01,6.04,9064.0,3257.0,7.77,8.23,12321.0
2026-04-24,3,19335.0,4.56,6.6,9170.0,3282.0,8.15,8.6,12452.0
2026-04-24,4,18359.0,5.1,7.06,8738.0,3048.0,7.71,8.22,11786.0
2026-04-24,5,17759.0,5.49,7.89,11566.0,3922.0,11.9,12.34,15488.0
2026-04-24,6,17493.0,5.41,7.29,15770.0,6230.0,18.45,18.31,22000.0
2026-04-24,7,16312.0,4.95,6.7,16852.0,7962.0,20.46,19.7,24814.0
2026-04-24,8,17636.0,4.44,6.32,16724.0,7891.0,20.22,19.47,24615.0
2026-04-24,9,17993.0,3.94,5.89,16011.0,7564.0,18.74,18.13,23574.0
2026-04-24,10,18188.0,3.61,5.56,14375.0,7467.0,15.71,15.11,21841.0
2026-04-24,11,19644.0,3.37,5.51,14084.0,7731.0,14.95,14.24,21815.0
2026-04-24,12,20484.0,3.29,5.52,13933.0,7502.0,14.82,14.2,21434.0
2026-04-24,13,20569.0,3.24,5.48,13844.0,7508.0,14.67,14.04,21352.0
2026-04-24,14,20513.0,3.23,5.41,13068.0,7477.0,13.59,12.97,20545.0
2026-04-24,15,20527.0,3.26,5.44,12943.0,7382.0,13.57,12.98,20325.0
2026-04-24,16,20082.0,3.28,5.4,13271.0,7377.0,14.05,13.46,20647.0
2026-04-24,17,20099.0,3.22,5.34,14753.0,6870.0,16.68,16.31,21624.0
2026-04-24,18,20075.0,3.09,5.21,15353.0,6823.0,17.85,17.51,22177.0
2026-04-24,19,19487.0,2.93,4.99,15171.0,7024.0,17.62,17.22,22195.0
2026-04-24,20,19483.0,2.74,4.81,15174.0,7026.0,17.39,16.98,22200.0
2026-04-24,21,19458.0,2.6,4.68,14106.0,6535.0,15.59,15.35,20641.0
2026-04-24,22,20258.0,2.63,4.78,12789.0,5728.0,12.93,12.93,18517.0
2026-04-24,23,21045.0,2.88,5.14,11766.0,5381.0,11.18,11.28,17147.0
2026-04-25,0,19369.0,3.24,6.23,10161.0,4744.0,8.77,8.97,14905.0
2026-04-25,1,18680.0,3.6,6.72,9502.0,4355.0,8.15,8.43,13857.0
2026-04-25,2,18659.0,4.06,7.18,8846.0,3588.0,7.43,7.88,12434.0
2026-04-25,3,19274.0,4.6,6.78,8818.0,3414.0,7.66,8.15,12232.0
2026-04-25,4,18293.0,5.14,10.52,9002.0,3348.0,7.94,8.44,12349.0
2026-04-25,5,17348.0,5.47,10.61,10945.0,3886.0,10.78,11.23,14832.0
2026-04-25,6,18552.0,5.5,8.04,14766.0,6337.0,16.37,16.19,21103.0
2026-04-25,7,17868.0,5.15,7.06,16347.0,7849.0,19.09,18.36,24195.0
2026-04-25,8,17948.0,4.68,6.61,16154.0,7903.0,18.93,18.19,24057.0
2026-04-25,9,17922.0,4.22,6.14,15950.0,7865.0,18.17,17.43,23815.0
2026-04-25,10,17950.0,3.78,5.72,15294.0,8006.0,16.85,16.04,23300.0
2026-04-25,11,18943.0,3.47,5.51,14131.0,8042.0,14.7,13.88,22173.0
2026-04-25,12,19346.0,3.28,5.39,13632.0,7865.0,14.03,13.28,21497.0
2026-04-25,13,19682.0,3.16,5.27,13576.0,7513.0,13.95,13.34,21089.0
2026-04-25,14,20273.0,3.1,5.34,13398.0,7501.0,14.01,13.39,20899.0
2026-04-25,15,19953.0,3.05,5.28,13522.0,7552.0,14.14,13.5,21075.0
2026-04-25,16,19624.0,2.99,5.18,13514.0,7337.0,14.12,13.55,20850.0
2026-04-25,17,18972.0,2.88,4.99,13980.0,7059.0,14.92,14.47,21040.0
2026-04-25,18,18875.0,2.72,4.79,14369.0,6954.0,15.35,14.96,21323.0
2026-04-25,19,19388.0,2.57,4.63,14086.0,7212.0,15.08,14.58,21298.0
2026-04-25,20,19954.0,2.48,4.63,13929.0,7130.0,14.89,14.42,21059.0
2026-04-25,21,19692.0,2.44,4.55,13128.0,6872.0,13.55,13.17,20000.0
2026-04-25,22,20051.0,2.54,4.7,11863.0,5524.0,11.48,11.53,17387.0
2026-04-25,23,20603.0,2.87,5.1,11289.0,4374.0,10.52,10.89,15663.0
2026-04-26,0,18671.0,3.3,5.76,9974.0,3750.0,8.41,8.84,13723.0
2026-04-26,1,17666.0,3.68,5.6,9493.0,3378.0,8.06,8.49,12871.0
2026-04-26,2,17300.0,4.1,8.18,8869.0,3083.0,7.65,8.13,11952.0
2026-04-26,3,18434.0,4.63,7.5,8650.0,3020.0,7.51,8.01,11670.0
2026-04-26,4,16224.0,5.2,8.13,8539.0,3040.0,7.78,8.27,11579.0
2026-04-26,5,14174.0,5.57,13.21,10343.0,3881.0,10.86,11.24,14224.0
2026-04-26,6,17983.0,5.56,8.34,13890.0,5839.0,15.82,15.78,19730.0
2026-04-26,7,17848.0,5.3,7.2,15506.0,7461.0,18.02,17.44,22968.0
2026-04-26,8,18139.0,4.9,6.82,15881.0,7668.0,18.28,17.62,23549.0
2026-04-26,9,18109.0,4.49,6.4,15941.0,7681.0,18.1,17.45,23623.0
2026-04-26,10,18206.0,4.08,6.0,15356.0,8089.0,16.99,16.16,23445.0
2026-04-26,11,18734.0,3.72,5.7,14363.0,8185.0,15.06,14.18,22548.0
2026-04-26,12,20185.0,3.54,5.68,14118.0,7612.0,14.74,14.09,21729.0
2026-04-26,13,20322.0,3.48,5.64,13694.0,7407.0,14.21,13.63,21101.0
2026-04-26,14,20423.0,3.45,5.61,13557.0,7362.0,14.16,13.6,20919.0
2026-04-26,15,20497.0,3.44,5.68,13609.0,7182.0,14.35,13.84,20791.0
2026-04-26,16,20192.0,3.43,5.63,13609.0,7152.0,14.46,13.96,20760.0
2026-04-26,17,19759.0,3.39,5.55,13966.0,6805.0,15.0,14.64,20771.0
2026-04-26,18,19377.0,3.3,5.38,14331.0,6797.0,15.56,15.22,21128.0
2026-04-26,19,19424.0,3.18,5.24,14438.0,6872.0,15.74,15.38,21311.0
2026-04-26,20,19879.0,3.07,5.21,14539.0,6922.0,15.82,15.45,21460.0
2026-04-26,21,20038.0,3.0,5.17,13746.0,6830.0,14.48,14.12,20576.0
2026-04-26,22,20143.0,3.06,5.23,12532.0,5982.0,12.14,12.06,18514.0
2026-04-26,23,20055.0,3.26,6.45,11658.0,5492.0,10.89,10.97,17150.0
2026-04-27,0,18198.0,3.56,8.46,9818.0,4584.0,8.11,8.18,14402.0
2026-04-27,1,17981.0,3.88,9.21,9217.0,4152.0,7.71,7.89,13369.0
2026-04-27,2,18797.0,4.34,8.4,9014.0,3753.0,7.67,7.97,12767.0
2026-04-27,3,18749.0,4.83,9.62,8981.0,3766.0,7.88,8.18,12747.0
2026-04-27,4,16207.0,5.25,14.96,8366.0,3413.0,7.31,7.71,11779.0
2026-04-27,5,16353.0,5.53,10.82,10601.0,3697.0,10.64,10.98,14298.0
2026-04-27,6,17518.0,5.49,7.37,15459.0,5906.0,17.83,17.8,21365.0
2026-04-27,7,17677.0,5.07,6.96,16724.0,7809.0,20.18,19.49,24533.0
2026-04-27,8,17607.0,4.54,6.45,16548.0,8060.0,19.93,19.11,24608.0
2026-04-27,9,17714.0,4.03,5.93,15916.0,7741.0,18.58,17.9,23657.0
2026-04-27,10,17988.0,3.63,5.58,14977.0,7889.0,16.63,15.87,22866.0
2026-04-27,11,18538.0,3.28,5.3,14243.0,8303.0,15.23,14.29,22546.0
2026-04-27,12,20102.0,3.12,5.32,13311.0,7732.0,13.57,12.87,21043.0
2026-04-27,13,20195.0,3.08,5.24,13422.0,7669.0,13.95,13.27,21091.0
2026-04-27,14,20250.0,3.02,5.15,14352.0,7490.0,15.43,14.83,21842.0
2026-04-27,15,20332.0,2.95,5.07,14007.0,7503.0,14.94,14.31,21509.0
2026-04-27,16,19756.0,2.82,4.92,14040.0,7271.0,15.06,14.53,21310.0
2026-04-27,17,19780.0,2.71,4.82,15062.0,7027.0,17.13,16.71,22089.0
2026-04-27,18,19727.0,2.53,4.64,15505.0,6890.0,17.89,17.49,22394.0
2026-04-27,19,19497.0,2.34,4.4,15365.0,7081.0,17.72,17.24,22446.0
2026-04-27,20,19337.0,2.12,4.17,15574.0,7105.0,17.77,17.27,22679.0
2026-04-27,21,19220.0,1.92,4.05,14566.0,6634.0,16.12,15.79,21200.0
2026-04-27,22,19489.0,1.91,4.09,12734.0,5883.0,12.78,12.7,18616.0
2026-04-27,23,20898.0,2.14,4.36,11318.0,5372.0,10.5,10.56,16690.0
2026-04-28,0,20355.0,2.59,4.82,9345.0,4544.0,7.61,7.86,13889.0
2026-04-28,1,19875.0,3.13,5.27,8897.0,3790.0,7.26,7.67,12687.0
2026-04-28,2,19904.0,3.74,5.87,8989.0,3254.0,7.46,7.97,12243.0
2026-04-28,3,20143.0,4.37,6.5,8988.0,3281.0,7.62,8.12,12269.0
2026-04-28,4,19033.0,4.98,6.97,8916.0,3210.0,7.85,8.35,12126.0
2026-04-28,5,17488.0,5.36,7.18,11596.0,3944.0,11.88,12.31,15540.0
2026-04-28,6,17630.0,5.28,7.14,15914.0,6168.0,18.63,18.53,22082.0
2026-04-28,7,17639.0,4.8,6.69,17030.0,7836.0,20.61,19.91,24866.0
2026-04-28,8,17743.0,4.27,6.17,16646.0,7813.0,20.13,19.42,24459.0
2026-04-28,9,17918.0,3.78,5.7,15916.0,7982.0,18.79,17.99,23898.0
2026-04-28,10,19142.0,3.44,5.46,14572.0,7695.0,16.04,15.34,22267.0
2026-04-28,11,19850.0,3.25,5.38,13907.0,8056.0,14.79,13.96,21963.0
2026-04-28,12,20291.0,3.15,5.33,13702.0,7553.0,14.55,13.92,21256.0
2026-04-28,13,20467.0,3.12,5.29,13682.0,7480.0,14.31,13.7,21162.0
2026-04-28,14,20514.0,3.09,5.29,13581.0,7316.0,14.4,13.84,20897.0
2026-04-28,15,20569.0,3.1,5.35,13483.0,7177.0,14.24,13.74,20660.0
2026-04-28,16,19702.0,3.1,5.19,13606.0,7193.0,14.53,14.01,20800.0
2026-04-28,17,19276.0,2.98,5.07,14274.0,7119.0,15.88,15.41,21393.0
2026-04-28,18,19857.0,2.83,4.95,15194.0,6863.0,17.55,17.19,22057.0
2026-04-28,19,20337.0,2.69,4.85,15275.0,7070.0,17.53,17.1,22345.0
2026-04-28,20,20509.0,2.56,4.77,15242.0,7077.0,17.44,17.02,22319.0
2026-04-28,21,20446.0,2.47,4.65,14381.0,6789.0,16.04,15.71,21170.0
2026-04-28,22,20617.0,2.53,4.77,12562.0,6051.0,12.68,12.57,18613.0
2026-04-28,23,20512.0,2.77,4.99,11545.0,5614.0,10.85,10.88,17159.0
2026-04-29,0,20152.0,3.14,5.3,9665.0,4623.0,7.84,7.88,14288.0
2026-04-29,1,19540.0,3.63,5.7,9410.0,4357.0,7.81,7.91,13767.0
2026-04-29,2,19078.0,4.1,6.12,9256.0,3883.0,7.86,8.13,13139.0
2026-04-29,3,18915.0,4.58,6.54,9258.0,3934.0,8.24,8.49,13192.0
2026-04-29,4,18396.0,5.04,6.98,9028.0,3413.0,8.07,8.47,12441.0
2026-04-29,5,17605.0,5.44,7.31,11062.0,3750.0,11.11,11.45,14813.0
2026-04-29,6,17099.0,5.38,7.2,15683.0,6070.0,18.09,18.01,21753.0
2026-04-29,7,17410.0,4.89,6.73,16968.0,7837.0,20.3,19.6,24805.0
2026-04-29,8,17750.0,4.35,6.22,16406.0,7963.0,19.64,18.87,24369.0
2026-04-29,9,17907.0,3.88,5.79,15464.0,7573.0,17.92,17.3,23037.0
2026-04-29,10,18311.0,3.56,5.53,14230.0,7705.0,15.35,14.66,21936.0
2026-04-29,11,19347.0,3.36,5.44,13924.0,7094.0,14.59,14.13,21018.0
2026-04-29,12,20255.0,3.31,5.48,13778.0,7189.0,14.43,13.93,20967.0
2026-04-29,13,20342.0,3.26,5.46,13625.0,7427.0,14.31,13.7,21051.0
2026-04-29,14,20412.0,3.24,5.4,13453.0,7382.0,14.19,13.6,20835.0
2026-04-29,15,20499.0,3.23,5.41,13334.0,7333.0,13.92,13.37,20667.0
2026-04-29,16,19827.0,3.22,5.36,13631.0,7093.0,14.57,14.09,20724.0
2026-04-29,17,19220.0,3.13,5.19,14075.0,6813.0,15.39,15.02,20887.0
2026-04-29,18,19337.0,3.0,5.06,15029.0,6658.0,17.25,16.97,21687.0
2026-04-29,19,19284.0,2.82,4.87,15136.0,7009.0,17.34,16.93,22145.0
2026-04-29,20,18976.0,2.61,4.66,15024.0,6878.0,16.98,16.63,21903.0
2026-04-29,21,18844.0,2.45,4.44,14070.0,6437.0,15.24,15.04,20506.0
2026-04-29,22,19228.0,2.41,4.42,12737.0,5939.0,12.56,12.51,18677.0
2026-04-29,23,19790.0,2.57,4.64,11490.0,5499.0,10.66,10.74,16989.0
2026-04-30,0,19331.0,2.9,4.96,9784.0,4807.0,8.2,8.39,14590.0
2026-04-30,1,19762.0,3.35,5.49,9178.0,4286.0,7.57,7.88,13464.0
2026-04-30,2,19930.0,3.9,6.05,8852.0,3861.0,7.45,7.84,12713.0
2026-04-30,3,19878.0,4.49,6.61,8826.0,3643.0,7.54,7.97,12470.0
2026-04-30,4,18651.0,5.07,7.15,8683.0,3244.0,7.62,8.13,11927.0
2026-04-30,5,17059.0,5.45,7.36,11324.0,3870.0,11.6,12.04,15194.0
2026-04-30,6,17653.0,5.36,7.24,15924.0,6176.0,18.57,18.46,22100.0
2026-04-30,7,17262.0,4.87,6.76,17067.0,7774.0,20.48,19.82,24842.0
2026-04-30,8,17497.0,4.32,6.18,16583.0,7884.0,19.6,18.88,24467.0
2026-04-30,9,17696.0,3.85,5.83,15294.0,7381.0,17.56,17.01,22674.0
2026-04-30,10,18069.0,3.53,5.53,14261.0,7346.0,15.48,14.91,21607.0
2026-04-30,11,20113.0,3.35,5.53,13682.0,7379.0,14.34,13.78,21061.0
2026-04-30,12,20555.0,3.34,5.66,13595.0,7184.0,14.35,13.86,20779.0
2026-04-30,13,20569.0,3.34,5.61,13647.0,7241.0,14.42,13.9,20889.0
2026-04-30,14,20539.0,3.33,5.58,13679.0,7305.0,14.67,14.12,20984.0
2026-04-30,15,20607.0,3.32,5.55,13653.0,7282.0,14.72,14.17,20935.0
2026-04-30,16,19685.0,3.28,5.41,13626.0,7231.0,14.73,14.2,20858.0
2026-04-30,17,19583.0,3.2,5.3,14420.0,6891.0,16.1,15.73,21311.0
2026-04-30,18,19255.0,3.04,5.12,15237.0,6722.0,17.81,17.52,21959.0
2026-04-30,19,19344.0,2.88,4.94,14953.0,6665.0,17.21,16.93,21618.0
2026-04-30,20,19647.0,2.73,4.82,14764.0,6698.0,16.89,16.6,21462.0
2026-04-30,21,19228.0,2.63,4.8,14008.0,6458.0,15.7,15.47,20466.0
2026-04-30,22,19986.0,2.63,4.83,12574.0,5965.0,12.98,12.9,18539.0
2026-04-30,23,21692.0,2.92,5.24,11475.0,5494.0,10.78,10.85,16969.0
2026-05-01,0,20030.0,3.34,5.49,9932.0,4764.0,8.45,8.43,14696.0
2026-05-01,1,19610.0,3.79,6.49,9341.0,4503.0,8.01,8.06,13844.0
2026-05-01,2,18067.0,4.24,10.14,8864.0,3983.0,7.7,7.93,12848.0
2026-05-01,3,18073.0,4.67,10.79,8949.0,3843.0,7.99,8.27,12792.0
2026-05-01,4,18570.0,5.15,11.56,8574.0,3599.0,7.8,8.15,12173.0
2026-05-01,5,16330.0,5.52,10.79,10679.0,3770.0,10.95,11.27,14449.0
2026-05-01,6,17535.0,5.51,8.89,13794.0,5761.0,15.66,15.19,19555.0
2026-05-01,7,17681.0,5.23,7.16,15552.0,7298.0,18.17,16.94,22850.0
2026-05-01,8,17683.0,4.84,6.72,15820.0,7527.0,18.32,16.95,23347.0
2026-05-01,9,17629.0,4.4,6.31,15500.0,7676.0,17.68,16.2,23176.0
2026-05-01,10,17674.0,4.01,5.94,14812.0,7859.0,16.54,14.91,22672.0
2026-05-01,11,18654.0,3.69,5.74,13619.0,7911.0,14.59,12.91,21530.0
2026-05-01,12,20075.0,3.61,5.85,13037.0,7452.0,13.61,12.21,20489.0
2026-05-01,13,20508.0,3.64,5.84,12666.0,7225.0,13.42,12.15,19891.0
2026-05-01,14,20502.0,3.76,5.95,11397.0,7241.0,11.33,9.98,18638.0
2026-05-01,15,20400.0,3.93,6.13,11320.0,7186.0,11.28,9.97,18506.0
2026-05-01,16,19776.0,4.06,6.21,11719.0,7388.0,12.04,10.62,19108.0
2026-05-01,17,19455.0,4.09,6.19,12709.0,7039.0,13.55,12.37,19747.0
2026-05-01,18,19351.0,4.07,6.15,12985.0,7275.0,13.89,12.59,20261.0
2026-05-01,19,17852.0,3.98,8.86,12656.0,7400.0,13.33,11.95,20056.0
2026-05-01,20,16783.0,3.78,10.77,13141.0,7240.0,14.16,12.9,20382.0
2026-05-01,21,16156.0,3.54,12.3,12260.0,6565.0,12.53,11.65,18825.0
2026-05-01,22,16661.0,3.41,14.02,11850.0,5730.0,11.5,11.06,17580.0
2026-05-01,23,16928.0,3.42,16.15,10675.0,5351.0,9.71,9.41,16026.0
2026-05-02,0,16800.0,3.58,12.3,9474.0,4430.0,8.08,8.17,13904.0
2026-05-02,1,17094.0,3.9,11.42,8760.0,3904.0,7.5,7.77,12664.0
2026-05-02,2,17337.0,4.3,11.99,8208.0,3773.0,7.09,7.39,11981.0
2026-05-02,3,17443.0,4.74,12.25,8082.0,3496.0,7.14,7.51,11578.0
2026-05-02,4,15728.0,5.15,13.95,8058.0,3225.0,7.41,7.85,11283.0
2026-05-02,5,16180.0,5.5,10.53,9708.0,3671.0,10.09,10.54,13379.0
2026-05-02,6,16560.0,5.53,10.88,12324.0,5748.0,13.5,13.46,18072.0
2026-05-02,7,17685.0,5.37,7.37,13881.0,6956.0,15.37,14.96,20837.0
2026-05-02,8,17600.0,5.09,6.94,14816.0,7368.0,16.76,16.21,22184.0
2026-05-02,9,17649.0,4.72,6.59,14853.0,7787.0,16.78,16.05,22641.0
2026-05-02,10,17916.0,4.35,6.29,14837.0,7665.0,16.89,16.2,22502.0
2026-05-02,11,19597.0,4.07,6.19,14066.0,8210.0,15.44,14.53,22276.0
2026-05-02,12,19723.0,3.96,6.11,12964.0,7568.0,13.3,12.66,20532.0
2026-05-02,13,19650.0,3.98,6.09,11633.0,7489.0,11.22,10.59,19122.0
2026-05-02,14,19689.0,4.02,6.14,11941.0,7537.0,11.87,11.21,19478.0
2026-05-02,15,19774.0,4.07,6.22,11579.0,7540.0,11.52,10.85,19119.0
2026-05-02,16,19470.0,4.14,6.24,11952.0,7485.0,12.2,11.55,19438.0
2026-05-02,17,18490.0,4.1,6.13,13040.0,7028.0,14.03,13.57,20069.0
2026-05-02,18,18212.0,3.98,5.93,13255.0,6846.0,14.33,13.95,20101.0
2026-05-02,19,18262.0,3.85,5.81,13166.0,7005.0,14.24,13.8,20171.0
2026-05-02,20,18227.0,3.71,5.67,13394.0,7078.0,14.45,13.98,20472.0
2026-05-02,21,18323.0,3.56,5.52,13374.0,6608.0,14.31,14.02,19982.0
2026-05-02,22,19220.0,3.54,6.5,12420.0,6075.0,12.39,12.28,18494.0
2026-05-02,23,18354.0,3.64,9.34,11348.0,5988.0,10.57,10.48,17336.0
2026-05-03,0,16842.0,3.77,9.94,10094.0,4975.0,8.79,8.94,15069.0
2026-05-03,1,16319.0,3.96,10.35,9332.0,4492.0,8.09,8.35,13824.0
2026-05-03,2,16455.0,4.18,10.63,9376.0,4435.0,8.33,8.61,13811.0
2026-05-03,3,17424.0,4.5,9.93,8314.0,3970.0,7.19,7.57,12285.0
2026-05-03,4,18227.0,4.96,10.57,8245.0,3969.0,7.58,7.95,12214.0
2026-05-03,5,16350.0,5.39,8.93,9487.0,4011.0,9.68,10.07,13498.0
2026-05-03,6,16220.0,5.51,8.29,12846.0,6005.0,14.25,14.13,18851.0
2026-05-03,7,17489.0,5.28,7.17,14962.0,7421.0,17.27,16.69,22382.0
2026-05-03,8,17385.0,4.87,6.77,15565.0,7674.0,17.99,17.32,23238.0
2026-05-03,9,17563.0,4.41,6.35,15814.0,7799.0,18.27,17.55,23613.0
2026-05-03,10,18200.0,3.96,5.95,15444.0,7925.0,17.5,16.72,23369.0
2026-05-03,11,19800.0,3.67,5.81,14706.0,7946.0,16.24,15.45,22652.0
2026-05-03,12,19914.0,3.53,5.67,13566.0,7522.0,14.15,13.52,21088.0
2026-05-03,13,20006.0,3.51,5.67,12560.0,7666.0,12.54,11.86,20226.0
2026-05-03,14,20164.0,3.55,5.75,11915.0,7449.0,11.7,11.08,19364.0
2026-05-03,15,20149.0,3.66,5.89,11430.0,7365.0,11.06,10.48,18795.0
2026-05-03,16,19395.0,3.76,5.9,11556.0,7324.0,11.21,10.65,18880.0
2026-05-03,17,19297.0,3.8,5.86,12595.0,6909.0,12.93,12.52,19504.0
2026-05-03,18,18889.0,3.74,5.76,13550.0,6824.0,14.53,14.16,20374.0
2026-05-03,19,18932.0,3.65,5.72,13188.0,7078.0,14.01,13.55,20265.0
2026-05-03,20,18559.0,3.55,6.56,13184.0,7035.0,13.95,13.51,20219.0
2026-05-03,21,17540.0,3.44,6.25,12917.0,7021.0,13.44,13.01,19938.0
2026-05-03,22,17528.0,3.41,6.21,11863.0,6396.0,11.46,11.24,18258.0
2026-05-03,23,17782.0,3.54,6.43,10973.0,5158.0,10.33,10.49,16131.0
2026-05-04,0,17376.0,3.91,6.7,9359.0,3968.0,7.88,8.25,13327.0
2026-05-04,1,13887.0,4.3,9.46,9006.0,3553.0,7.71,8.16,12558.0
2026-05-04,2,13371.0,4.63,9.53,8697.0,3296.0,7.66,8.15,11992.0
2026-05-04,3,13101.0,5.03,10.89,8053.0,2944.0,6.94,7.5,10997.0
2026-05-04,4,11205.0,5.37,13.37,9012.0,3547.0,8.41,8.85,12559.0
2026-05-04,5,11720.0,5.48,11.14,10419.0,4243.0,10.72,11.06,14661.0
2026-05-04,6,17291.0,5.42,7.49,14127.0,6026.0,15.69,15.59,20153.0
2026-05-04,7,18044.0,5.12,7.02,16022.0,7625.0,18.64,18.01,23647.0
2026-05-04,8,17756.0,4.64,6.54,16047.0,8223.0,18.94,18.05,24270.0
2026-05-04,9,17831.0,4.19,6.09,15360.0,7867.0,17.49,16.74,23227.0
2026-05-04,10,17975.0,3.8,5.73,14806.0,8053.0,16.64,15.81,22859.0
2026-05-04,11,19075.0,3.48,5.53,14252.0,8271.0,15.44,14.52,22523.0
2026-05-04,12,19301.0,3.29,5.36,13489.0,7940.0,13.97,13.18,21429.0
2026-05-04,13,19961.0,3.2,5.38,13031.0,7732.0,13.45,12.74,20763.0
2026-05-04,14,20066.0,3.17,5.35,12792.0,7587.0,13.14,12.47,20380.0
2026-05-04,15,20113.0,3.2,5.4,12423.0,7423.0,12.62,12.03,19846.0
2026-05-04,16,19444.0,3.23,5.35,12545.0,7412.0,12.77,12.18,19957.0
2026-05-04,17,18934.0,3.18,5.22,13309.0,7053.0,14.12,13.68,20362.0
2026-05-04,18,19071.0,3.09,5.14,13687.0,6823.0,14.83,14.47,20510.0
2026-05-04,19,19019.0,3.0,5.04,13715.0,6798.0,14.75,14.41,20513.0
2026-05-04,20,19017.0,2.9,4.95,13719.0,6775.0,14.64,14.32,20493.0
2026-05-04,21,19138.0,2.82,4.86,13275.0,6541.0,13.74,13.49,19816.0
2026-05-04,22,21309.0,2.92,5.23,12715.0,5810.0,12.52,12.51,18526.0
2026-05-04,23,21447.0,3.22,6.55,11807.0,5476.0,11.29,11.38,17283.0
2026-05-05,0,19984.0,3.62,7.04,9637.0,4879.0,8.2,8.19,14516.0
2026-05-05,1,18641.0,4.06,8.35,8932.0,4502.0,7.54,7.6,13433.0
2026-05-05,2,18830.0,4.52,8.79,8578.0,3887.0,7.18,7.44,12465.0
2026-05-05,3,15836.0,4.97,13.4,8559.0,3693.0,7.38,7.7,12252.0
2026-05-05,4,15477.0,5.2,13.6,8671.0,3367.0,7.88,8.3,12038.0
2026-05-05,5,16844.0,5.47,8.43,10899.0,3654.0,10.91,11.27,14553.0
2026-05-05,6,17980.0,5.49,7.46,14786.0,5557.0,16.78,16.84,20343.0
2026-05-05,7,17513.0,5.15,7.07,16063.0,7180.0,18.78,18.36,23243.0
2026-05-05,8,17470.0,4.72,6.66,15991.0,7469.0,19.16,18.58,23460.0
2026-05-05,9,17409.0,4.28,6.24,15150.0,7438.0,17.74,17.15,22588.0
2026-05-05,10,17518.0,3.95,5.97,14090.0,7205.0,15.47,14.97,21295.0
2026-05-05,11,18325.0,3.68,5.73,13854.0,7705.0,14.65,13.95,21559.0
2026-05-05,12,19753.0,3.54,5.75,13572.0,7242.0,14.28,13.76,20814.0
2026-05-05,13,19830.0,3.48,5.65,13496.0,7287.0,14.37,13.83,20783.0
2026-05-05,14,19994.0,3.44,5.64,13256.0,7197.0,14.13,13.62,20454.0
2026-05-05,15,20383.0,3.44,5.66,13455.0,7124.0,14.5,14.0,20578.0
2026-05-05,16,19780.0,3.42,5.56,13603.0,7183.0,14.68,14.17,20786.0
2026-05-05,17,19694.0,3.36,5.51,14194.0,6471.0,15.89,15.18,20664.0
2026-05-05,18,19742.0,3.31,5.46,14945.0,6195.0,17.4,16.73,21140.0
2026-05-05,19,19736.0,3.2,5.31,14971.0,6979.0,17.33,16.25,21950.0
2026-05-05,20,19059.0,3.02,5.12,15230.0,6917.0,17.55,16.53,22147.0
2026-05-05,21,19007.0,2.84,4.93,14233.0,6235.0,15.76,15.08,20469.0
2026-05-05,22,18627.0,2.85,5.66,12395.0,5450.0,12.46,12.13,17845.0
2026-05-05,23,18425.0,2.98,8.81,11237.0,5192.0,10.4,10.18,16429.0
2026-05-06,0,18455.0,3.26,8.71,9328.0,4344.0,7.65,7.73,13671.0
2026-05-06,1,18909.0,3.71,7.05,9028.0,3845.0,7.54,7.79,12873.0
2026-05-06,2,17605.0,4.18,8.29,8747.0,3586.0,7.41,7.75,12333.0
2026-05-06,3,17240.0,4.61,9.02,8856.0,3157.0,7.67,8.13,12013.0
2026-05-06,4,16470.0,5.0,8.76,9123.0,3124.0,7.92,8.39,12247.0
2026-05-06,5,16441.0,5.24,7.06,11699.0,3917.0,11.74,12.2,15615.0
2026-05-06,6,16506.0,5.09,6.89,15655.0,6009.0,18.24,18.18,21664.0
2026-05-06,7,16166.0,4.58,6.34,16019.0,7360.0,19.37,18.85,23379.0
2026-05-06,8,17269.0,4.08,5.99,15894.0,7339.0,19.29,18.77,23233.0
2026-05-06,9,17464.0,3.63,5.57,15550.0,7322.0,18.45,17.92,22873.0
2026-05-06,10,17809.0,3.28,5.31,14315.0,7540.0,15.87,15.24,21856.0
2026-05-06,11,18784.0,3.01,5.13,13816.0,7960.0,14.7,13.91,21776.0
2026-05-06,12,20245.0,2.89,5.15,13571.0,7397.0,14.32,13.73,20968.0
2026-05-06,13,20324.0,2.85,5.11,13577.0,7458.0,14.34,13.73,21035.0
2026-05-06,14,20473.0,2.83,5.15,13430.0,7426.0,14.31,13.71,20856.0
2026-05-06,15,20629.0,2.84,5.15,13511.0,7242.0,14.51,13.98,20753.0
2026-05-06,16,19667.0,2.81,4.96,13829.0,7298.0,15.09,14.56,21127.0
2026-05-06,17,19790.0,2.72,4.92,14359.0,6653.0,16.31,15.99,21013.0
2026-05-06,18,19942.0,2.64,4.91,15093.0,6457.0,17.5,17.23,21550.0
2026-05-06,19,19814.0,2.52,4.77,15226.0,6751.0,17.51,17.15,21977.0
2026-05-06,20,19078.0,2.34,4.5,15319.0,6820.0,17.51,17.14,22139.0
2026-05-06,21,19149.0,2.14,4.28,14671.0,6770.0,16.57,16.2,21440.0
2026-05-06,22,19826.0,2.14,4.36,12476.0,5611.0,12.71,12.71,18087.0
2026-05-06,23,21070.0,2.4,4.76,11377.0,5435.0,10.7,10.75,16812.0
2026-05-07,0,19972.0,2.83,5.05,9419.0,4649.0,7.87,7.93,14069.0
2026-05-07,1,19219.0,3.32,5.44,8943.0,4058.0,7.42,7.64,13001.0
2026-05-07,2,19092.0,3.84,5.95,8886.0,3630.0,7.62,7.96,12516.0
2026-05-07,3,19036.0,4.38,6.49,8836.0,3323.0,7.6,8.02,12159.0
2026-05-07,4,18131.0,4.91,6.88,8841.0,3280.0,7.83,8.26,12121.0
2026-05-07,5,16472.0,5.24,7.15,11264.0,3844.0,11.52,11.97,15108.0
2026-05-07,6,17193.0,5.12,7.06,15939.0,6109.0,18.82,18.73,22048.0
2026-05-07,7,17006.0,4.61,6.56,16950.0,7721.0,20.59,19.96,24671.0
2026-05-07,8,16964.0,4.03,5.99,16759.0,7513.0,20.45,19.88,24272.0
2026-05-07,9,17221.0,3.52,5.52,15568.0,7166.0,18.15,17.7,22734.0
2026-05-07,10,17816.0,3.19,5.23,14072.0,7243.0,15.52,15.01,21315.0
2026-05-07,11,19468.0,3.01,5.2,13703.0,7328.0,14.62,14.07,21031.0
2026-05-07,12,19805.0,2.95,5.17,13403.0,6957.0,14.36,13.95,20360.0
2026-05-07,13,20596.0,2.98,5.24,13236.0,7014.0,14.06,13.63,20250.0
2026-05-07,14,20725.0,3.03,5.31,13434.0,6955.0,14.4,13.97,20388.0
2026-05-07,15,20712.0,3.07,5.36,13547.0,6800.0,14.48,14.13,20346.0
2026-05-07,16,20010.0,3.09,5.41,13871.0,6824.0,14.95,14.59,20696.0
2026-05-07,17,19076.0,3.03,5.27,14285.0,6032.0,15.96,15.89,20317.0
2026-05-07,18,19213.0,2.94,5.15,14796.0,6056.0,16.98,16.92,20852.0
2026-05-07,19,19374.0,2.84,5.09,14824.0,6191.0,16.86,16.75,21015.0
2026-05-07,20,19584.0,2.73,4.95,14852.0,6362.0,16.65,16.48,21215.0
2026-05-07,21,20083.0,2.65,4.86,14451.0,6288.0,16.15,16.0,20739.0
2026-05-07,22,20430.0,2.73,5.05,12620.0,5697.0,13.07,13.09,18317.0
2026-05-07,23,19402.0,2.89,5.12,11392.0,5251.0,10.81,10.96,16643.0
2026-05-08,0,19833.0,3.28,5.6,9651.0,4778.0,8.14,8.43,14428.0
2026-05-08,1,19604.0,3.76,6.03,8987.0,4572.0,7.72,8.04,13559.0
2026-05-08,2,18094.0,4.27,6.35,8906.0,4296.0,7.84,8.13,13203.0
2026-05-08,3,17515.0,4.84,7.08,8945.0,3790.0,8.07,8.48,12735.0
2026-05-08,4,14398.0,5.33,10.1,9401.0,3635.0,8.61,9.05,13036.0
2026-05-08,5,14857.0,5.56,9.93,11368.0,3878.0,11.8,12.2,15246.0
2026-05-08,6,17238.0,5.48,7.37,15514.0,5636.0,17.9,17.88,21151.0
2026-05-08,7,17274.0,5.06,6.96,16964.0,7128.0,20.53,20.05,24092.0
2026-05-08,8,17094.0,4.56,6.44,16171.0,7207.0,19.59,19.12,23378.0
2026-05-08,9,17696.0,4.13,6.12,15243.0,7219.0,17.87,17.37,22462.0
2026-05-08,10,18120.0,3.86,5.9,13956.0,6916.0,15.3,14.9,20872.0
2026-05-08,11,19714.0,3.72,5.91,13755.0,7493.0,14.75,14.14,21248.0
2026-05-08,12,19914.0,3.61,5.91,13699.0,7697.0,14.53,13.84,21395.0
2026-05-08,13,20081.0,3.54,5.82,13563.0,7382.0,14.47,13.89,20944.0
2026-05-08,14,20072.0,3.51,5.82,13684.0,6877.0,14.73,14.33,20561.0
2026-05-08,15,20316.0,3.5,5.85,13598.0,7171.0,14.75,14.25,20769.0
2026-05-08,16,19653.0,3.45,5.69,13565.0,7257.0,14.96,14.42,20823.0
2026-05-08,17,18757.0,3.37,5.58,14046.0,6470.0,16.04,15.79,20516.0
2026-05-08,18,18764.0,3.22,5.45,14943.0,6293.0,17.55,17.4,21235.0
2026-05-08,19,18985.0,3.07,5.23,14699.0,6398.0,17.1,16.9,21097.0
2026-05-08,20,19078.0,2.92,5.06,14835.0,6427.0,17.25,17.05,21262.0
2026-05-08,21,18971.0,2.79,4.9,14034.0,6134.0,15.82,15.7,20169.0
2026-05-08,22,18869.0,2.81,5.4,12289.0,5518.0,12.53,12.61,17807.0
2026-05-08,23,20923.0,3.03,6.48,11463.0,5431.0,10.91,11.0,16895.0
2026-05-09,0,19388.0,3.39,8.46,10213.0,4989.0,8.99,8.99,15202.0
2026-05-09,1,18267.0,3.71,9.98,9658.0,4731.0,8.43,8.41,14389.0
2026-05-09,2,18512.0,4.1,10.51,8679.0,4102.0,7.29,7.48,12781.0
2026-05-09,3,18532.0,4.59,10.93,8591.0,3934.0,7.38,7.62,12524.0
2026-05-09,4,16438.0,5.03,14.72,8754.0,3398.0,7.74,8.15,12152.0
2026-05-09,5,17494.0,5.33,8.45,10704.0,3673.0,10.72,11.05,14376.0
2026-05-09,6,17937.0,5.41,7.34,14231.0,5611.0,15.95,15.97,19842.0
2026-05-09,7,17781.0,5.11,7.04,15735.0,7183.0,18.17,17.71,22918.0
2026-05-09,8,17886.0,4.71,6.68,16058.0,7444.0,18.74,18.18,23502.0
2026-05-09,9,17959.0,4.28,6.28,16040.0,7564.0,18.37,17.78,23604.0
2026-05-09,10,18062.0,3.87,5.9,15151.0,7862.0,16.8,16.06,23014.0
2026-05-09,11,19241.0,3.58,5.72,13979.0,8108.0,14.81,13.96,22087.0
2026-05-09,12,19429.0,3.43,5.55,13399.0,7655.0,13.91,13.24,21053.0
2026-05-09,13,19699.0,3.34,5.57,13370.0,7479.0,13.92,13.32,20850.0
2026-05-09,14,20212.0,3.32,5.59,13047.0,7352.0,13.72,13.16,20399.0
2026-05-09,15,20307.0,3.31,5.61,13401.0,7348.0,14.14,13.58,20749.0
2026-05-09,16,19959.0,3.28,5.54,13346.0,7296.0,14.21,13.66,20642.0
2026-05-09,17,19722.0,3.24,5.47,13817.0,6955.0,14.83,14.42,20773.0
2026-05-09,18,19764.0,3.18,5.44,14105.0,6894.0,15.34,14.96,20999.0
2026-05-09,19,19732.0,3.09,5.3,14186.0,7075.0,15.47,15.02,21261.0
2026-05-09,20,19742.0,3.0,5.2,14113.0,7023.0,15.43,14.99,21136.0
2026-05-09,21,19295.0,2.98,6.88,13033.0,6199.0,13.41,13.27,19233.0
2026-05-09,22,18735.0,3.05,8.37,11889.0,5384.0,11.38,11.5,17273.0
2026-05-09,23,18353.0,3.2,10.81,11155.0,5106.0,10.29,10.49,16261.0
2026-05-10,0,17675.0,3.45,10.33,9770.0,4408.0,8.19,8.48,14178.0
2026-05-10,1,18187.0,3.78,8.24,9130.0,4202.0,7.65,7.99,13333.0
2026-05-10,2,17966.0,4.55,9.47,8789.0,3786.0,7.39,7.81,12575.0
2026-05-10,3,16949.0,4.98,13.11,8547.0,3470.0,7.34,7.83,12017.0
2026-05-10,4,16261.0,5.01,13.46,8326.0,3163.0,7.63,8.16,11489.0
2026-05-10,5,15638.0,5.31,11.65,9600.0,3487.0,9.96,10.45,13086.0
2026-05-10,6,17248.0,5.41,8.82,13438.0,4686.0,15.28,15.56,18124.0
2026-05-10,7,17679.0,5.24,7.2,15207.0,6393.0,17.88,17.68,21600.0
2026-05-10,8,17751.0,4.88,6.84,15614.0,7395.0,18.31,17.76,23010.0
2026-05-10,9,17772.0,4.48,6.49,15626.0,7505.0,17.84,17.24,23132.0
2026-05-10,10,17837.0,4.09,6.11,14908.0,7574.0,16.42,15.79,22482.0
2026-05-10,11,18850.0,3.79,5.96,14263.0,7742.0,15.27,14.56,22005.0
2026-05-10,12,19808.0,3.64,5.88,13464.0,7607.0,13.97,13.31,21071.0
2026-05-10,13,19957.0,3.59,5.81,13166.0,7458.0,13.71,13.1,20624.0
2026-05-10,14,20017.0,3.57,5.83,12901.0,7189.0,13.63,13.12,20090.0
2026-05-10,15,20097.0,3.6,5.84,12784.0,7156.0,13.57,13.06,19940.0
2026-05-10,16,19330.0,3.6,5.71,12864.0,7157.0,13.8,13.3,20021.0
2026-05-10,17,18991.0,3.56,5.68,13059.0,6608.0,14.08,13.79,19668.0
2026-05-10,18,18953.0,3.52,5.63,13586.0,6308.0,14.89,14.7,19894.0
2026-05-10,19,19254.0,3.46,5.64,13846.0,6629.0,15.17,14.88,20474.0
2026-05-10,20,19198.0,3.37,5.53,13890.0,6839.0,14.99,14.62,20729.0
2026-05-10,21,19138.0,3.31,5.4,12922.0,6360.0,13.18,12.98,19282.0
2026-05-10,22,19078.0,3.39,5.47,11794.0,5564.0,11.3,11.35,17358.0
2026-05-10,23,19760.0,3.61,6.02,11394.0,5204.0,10.81,10.97,16598.0
2026-05-11,0,16615.0,3.88,11.55,9597.0,4067.0,8.08,8.31,13664.0
2026-05-11,1,15449.0,4.09,11.3,9161.0,3697.0,7.7,8.02,12858.0
2026-05-11,2,17416.0,4.41,9.57,8740.0,3546.0,7.45,7.82,12286.0
2026-05-11,3,17603.0,4.88,12.48,8782.0,3582.0,7.68,8.04,12365.0
2026-05-11,4,14846.0,5.18,16.78,8659.0,3413.0,7.67,8.07,12071.0
2026-05-11,5,17456.0,5.39,8.85,11179.0,3803.0,11.37,11.67,14981.0
2026-05-11,6,17997.0,5.44,7.43,15377.0,5178.0,17.87,18.06,20555.0
2026-05-11,7,16711.0,5.07,6.94,16737.0,6809.0,20.17,19.88,23546.0
2026-05-11,8,16732.0,4.54,6.46,16567.0,7280.0,19.9,19.44,23847.0
2026-05-11,9,16937.0,4.04,6.06,15378.0,7124.0,18.0,17.55,22503.0
2026-05-11,10,17419.0,3.7,5.73,14042.0,6990.0,15.21,14.79,21033.0
2026-05-11,11,18436.0,3.48,5.6,13587.0,7255.0,14.33,13.8,20842.0
2026-05-11,12,19861.0,3.37,5.63,13379.0,7353.0,14.15,13.59,20732.0
2026-05-11,13,20208.0,3.34,5.66,13316.0,7300.0,13.99,13.44,20616.0
2026-05-11,14,20290.0,3.34,5.69,13477.0,7130.0,14.35,13.87,20608.0
2026-05-11,15,20329.0,3.34,5.68,13374.0,7077.0,14.13,13.66,20451.0
2026-05-11,16,19909.0,3.36,5.64,13472.0,6957.0,14.38,13.95,20429.0
2026-05-11,17,18557.0,3.28,5.47,14022.0,6056.0,15.74,15.64,20078.0
2026-05-11,18,18720.0,3.15,5.35,14815.0,6122.0,16.99,16.9,20937.0
2026-05-11,19,18740.0,2.99,5.19,14693.0,6598.0,16.79,16.53,21291.0
2026-05-11,20,19349.0,2.82,5.06,15158.0,6550.0,17.38,17.15,21708.0
2026-05-11,21,19415.0,2.7,4.93,14213.0,6241.0,15.91,15.77,20454.0
2026-05-11,22,19426.0,2.73,4.9,12705.0,5642.0,12.84,12.88,18347.0
2026-05-11,23,20431.0,2.92,5.16,11550.0,5267.0,11.01,11.16,16817.0
2026-05-12,0,20094.0,3.33,5.63,9682.0,4503.0,8.2,8.47,14185.0
2026-05-12,1,20047.0,3.84,6.13,9154.0,4225.0,7.77,8.09,13379.0
2026-05-12,2,18485.0,4.39,8.16,8944.0,3693.0,7.75,8.18,12637.0
2026-05-12,3,15895.0,4.91,9.74,8955.0,3345.0,7.91,8.42,12301.0
2026-05-12,4,12949.0,5.35,11.76,8981.0,3177.0,8.08,8.61,12158.0
2026-05-12,5,12010.0,5.55,9.1,11163.0,3762.0,11.3,11.75,14926.0
2026-05-12,6,16954.0,5.42,7.38,15368.0,5079.0,17.65,17.87,20447.0
2026-05-12,7,17001.0,5.08,7.11,16303.0,6553.0,19.69,19.47,22856.0
2026-05-12,8,17224.0,4.65,6.61,15601.0,7094.0,19.06,18.65,22695.0
2026-05-12,9,17496.0,4.29,6.26,14675.0,6926.0,17.42,17.05,21601.0
2026-05-12,10,19023.0,4.1,6.25,13650.0,6823.0,15.09,14.73,20473.0
2026-05-12,11,20007.0,4.04,6.26,13484.0,7120.0,14.38,13.92,20603.0
2026-05-12,12,20381.0,4.03,6.36,13283.0,7108.0,14.31,13.83,20391.0
2026-05-12,13,20320.0,4.04,6.32,13324.0,7139.0,14.27,13.78,20463.0
2026-05-12,14,20353.0,4.04,6.31,13482.0,7201.0,14.52,14.0,20684.0
2026-05-12,15,20331.0,4.02,6.3,13505.0,7216.0,14.51,13.99,20721.0
2026-05-12,16,19554.0,4.0,6.17,13638.0,7213.0,14.88,14.36,20851.0
2026-05-12,17,18542.0,3.87,5.93,13929.0,6673.0,15.71,15.41,20602.0
2026-05-12,18,18486.0,3.71,5.77,14518.0,6390.0,16.81,16.63,20908.0
2026-05-12,19,18581.0,3.53,5.68,14845.0,6477.0,17.21,17.0,21322.0
2026-05-12,20,18704.0,3.34,5.53,14899.0,6456.0,16.99,16.79,21355.0
2026-05-12,21,19090.0,3.18,5.39,14309.0,6328.0,16.03,15.87,20637.0
2026-05-12,22,19640.0,3.18,6.5,12664.0,5830.0,13.04,13.01,18494.0
2026-05-12,23,20015.0,3.38,7.79,11435.0,5433.0,10.98,11.07,16868.0
2026-05-13,0,18483.0,3.67,8.25,10161.0,4705.0,8.78,8.81,14866.0
2026-05-13,1,18151.0,3.97,8.44,9900.0,4520.0,8.71,8.77,14420.0
2026-05-13,2,18134.0,4.32,8.76,9108.0,4007.0,7.8,8.03,13115.0
2026-05-13,3,18244.0,4.76,9.18,8973.0,3888.0,7.94,8.21,12861.0
2026-05-13,4,15720.0,5.13,11.77,8682.0,3467.0,7.75,8.14,12148.0
2026-05-13,5,17031.0,5.39,8.34,10659.0,3716.0,10.49,10.83,14376.0
2026-05-13,6,17642.0,5.44,7.46,14744.0,5023.0,16.27,16.19,19767.0
2026-05-13,7,17321.0,5.16,7.18,15946.0,6847.0,18.43,17.46,22794.0
2026-05-13,8,17191.0,4.72,6.69,15642.0,7586.0,18.26,16.83,23227.0
2026-05-13,9,17437.0,4.3,6.25,15217.0,7643.0,17.4,15.95,22860.0
2026-05-13,10,17676.0,3.92,5.88,14791.0,7428.0,16.42,15.08,22219.0
2026-05-13,11,19186.0,3.68,5.78,13738.0,7452.0,14.69,13.31,21190.0
2026-05-13,12,19167.0,3.58,5.72,13353.0,7031.0,13.92,12.79,20383.0
2026-05-13,13,19901.0,3.53,5.81,13211.0,7089.0,13.69,12.52,20299.0
2026-05-13,14,20139.0,3.54,5.85,13041.0,7020.0,13.68,12.54,20061.0
2026-05-13,15,20324.0,3.56,5.81,13341.0,7052.0,14.3,13.15,20393.0
2026-05-13,16,19940.0,3.57,5.8,13328.0,6971.0,14.45,13.33,20299.0
2026-05-13,17,19750.0,3.58,5.78,13605.0,6255.0,14.99,14.29,19860.0
2026-05-13,18,19707.0,3.58,5.73,14023.0,6456.0,15.49,14.69,20479.0
2026-05-13,19,19637.0,3.51,5.67,14373.0,7033.0,15.78,14.68,21406.0
2026-05-13,20,18815.0,3.35,5.49,14614.0,7200.0,15.91,14.72,21814.0
2026-05-13,21,18623.0,3.19,5.25,13439.0,6518.0,13.95,13.12,19957.0
2026-05-13,22,19409.0,3.22,5.5,11956.0,5671.0,11.45,11.05,17628.0
2026-05-13,23,18577.0,3.43,11.02,11169.0,5331.0,10.42,10.16,16500.0
2026-05-14,0,17160.0,3.65,11.03,9358.0,4571.0,7.78,7.83,13929.0
2026-05-14,1,16052.0,3.9,10.49,8986.0,4251.0,7.46,7.61,13237.0
2026-05-14,2,16405.0,4.19,10.33,8834.0,3572.0,7.55,7.92,12407.0
2026-05-14,3,17367.0,4.55,11.18,8881.0,3545.0,7.84,8.2,12426.0
2026-05-14,4,16639.0,4.97,10.9,8758.0,3134.0,7.86,8.34,11892.0
2026-05-14,5,17326.0,5.29,7.5,11124.0,3788.0,11.5,11.94,14912.0
2026-05-14,6,17480.0,5.25,7.31,15750.0,5228.0,18.61,18.74,20978.0
2026-05-14,7,17170.0,4.89,6.86,16506.0,6564.0,20.13,19.85,23070.0
2026-05-14,8,17293.0,4.45,6.43,15933.0,7430.0,19.37,18.75,23363.0
2026-05-14,9,17465.0,4.03,6.04,15269.0,7083.0,18.04,17.53,22352.0
2026-05-14,10,17696.0,3.74,5.78,14044.0,6874.0,15.48,15.05,20918.0
2026-05-14,11,18786.0,3.54,5.71,13485.0,7236.0,14.44,13.86,20721.0
2026-05-14,12,19887.0,3.47,5.73,13739.0,6960.0,14.64,14.17,20699.0
2026-05-14,13,20018.0,3.45,5.77,13408.0,7003.0,14.52,14.03,20411.0
2026-05-14,14,20150.0,3.45,5.78,13235.0,6956.0,14.29,13.81,20191.0
2026-05-14,15,20228.0,3.48,5.82,13129.0,6872.0,14.16,13.71,20001.0
2026-05-14,16,19718.0,3.53,5.78,13024.0,6680.0,14.14,13.76,19704.0
2026-05-14,17,19385.0,3.54,5.76,13873.0,6021.0,15.59,15.44,19894.0
2026-05-14,18,18797.0,3.47,5.63,14883.0,5942.0,17.27,17.18,20825.0
2026-05-14,19,18793.0,3.31,5.49,15021.0,6420.0,17.41,17.17,21441.0
2026-05-14,20,19041.0,3.13,5.31,15219.0,6472.0,17.42,17.16,21692.0
2026-05-14,21,19191.0,2.99,5.17,14464.0,6246.0,16.26,16.07,20710.0
2026-05-14,22,19379.0,2.99,5.2,12584.0,5585.0,12.91,12.92,18169.0
2026-05-14,23,20428.0,3.2,5.63,11394.0,5440.0,10.54,10.59,16833.0
2026-05-15,0,18588.0,3.57,10.19,9375.0,4540.0,7.72,7.97,13915.0
2026-05-15,1,15598.0,3.95,10.06,8939.0,4375.0,7.5,7.79,13314.0
2026-05-15,2,15229.0,4.34,10.23,8952.0,4235.0,7.63,7.95,13187.0
2026-05-15,3,15213.0,4.79,10.6,8790.0,3684.0,7.62,8.05,12474.0
2026-05-15,4,15120.0,5.25,10.18,8666.0,3476.0,7.82,8.28,12142.0
2026-05-15,5,15759.0,5.55,9.52,11690.0,3942.0,12.12,12.51,15633.0
2026-05-15,6,16646.0,5.46,7.35,15685.0,5173.0,18.18,18.31,20858.0
2026-05-15,7,16438.0,5.06,6.95,16430.0,6568.0,19.65,19.36,22998.0
2026-05-15,8,16600.0,4.57,6.47,16198.0,6974.0,19.54,19.08,23172.0
2026-05-15,9,16807.0,4.12,6.04,15137.0,6873.0,17.65,17.23,22010.0
2026-05-15,10,17694.0,3.8,5.8,13887.0,6796.0,15.18,14.79,20684.0
2026-05-15,11,19046.0,3.65,5.74,13584.0,7392.0,14.16,13.55,20976.0
2026-05-15,12,20019.0,3.57,5.8,13544.0,7095.0,14.44,13.93,20639.0
2026-05-15,13,20157.0,3.57,5.85,13412.0,7017.0,14.4,13.91,20429.0
2026-05-15,14,20262.0,3.56,5.84,13630.0,7057.0,14.63,14.13,20687.0
2026-05-15,15,20392.0,3.56,5.86,13640.0,7050.0,14.61,14.12,20690.0
2026-05-15,16,19480.0,3.53,5.71,13790.0,7000.0,14.8,14.32,20790.0
2026-05-15,17,19134.0,3.46,5.61,14186.0,6221.0,15.84,15.65,20407.0
2026-05-15,18,18911.0,3.37,5.48,14840.0,5943.0,17.2,17.11,20783.0
2026-05-15,19,18764.0,3.23,5.33,14693.0,6283.0,16.77,16.56,20976.0
2026-05-15,20,18627.0,3.08,5.21,14845.0,6331.0,16.89,16.68,21176.0
2026-05-15,21,19226.0,2.95,5.14,14096.0,6083.0,15.68,15.55,20179.0
2026-05-15,22,20356.0,3.02,5.36,12720.0,5607.0,12.98,12.99,18327.0
2026-05-15,23,21177.0,3.3,5.69,11526.0,5257.0,10.84,10.94,16783.0
2026-05-16,0,19284.0,3.7,7.97,9915.0,4784.0,8.58,8.77,14700.0
2026-05-16,1,14797.0,4.02,9.85,9345.0,4562.0,8.03,8.28,13907.0
2026-05-16,2,14899.0,4.31,9.6,9227.0,4450.0,8.16,8.44,13676.0
2026-05-16,3,15900.0,4.68,9.14,8883.0,4169.0,7.89,8.23,13053.0
2026-05-16,4,15877.0,5.17,9.14,8996.0,3333.0,8.05,8.56,12329.0
2026-05-16,5,14780.0,5.53,8.93,10639.0,3662.0,10.71,11.18,14301.0
2026-05-16,6,16820.0,5.52,7.43,14081.0,4861.0,15.62,15.89,18941.0
2026-05-16,7,17197.0,5.25,7.2,16002.0,6462.0,18.63,18.46,22464.0
2026-05-16,8,17314.0,4.8,6.73,16236.0,7561.0,18.91,18.31,23797.0
2026-05-16,9,17804.0,4.32,6.32,15988.0,7764.0,18.61,17.92,23752.0
2026-05-16,10,18114.0,3.92,5.97,15028.0,7659.0,16.99,16.33,22687.0
2026-05-16,11,19092.0,3.65,5.81,14052.0,7934.0,15.08,14.3,21986.0
2026-05-16,12,19908.0,3.52,5.75,13237.0,7625.0,13.83,13.17,20861.0
2026-05-16,13,20025.0,3.48,5.74,13096.0,7628.0,14.03,13.37,20725.0
2026-05-16,14,20092.0,3.45,5.69,13000.0,7579.0,13.93,13.29,20579.0
2026-05-16,15,20159.0,3.45,5.69,13059.0,7534.0,13.87,13.23,20593.0
2026-05-16,16,19524.0,3.42,5.61,13104.0,7529.0,14.1,13.46,20633.0
2026-05-16,17,18847.0,3.32,5.47,13633.0,7019.0,14.83,14.39,20653.0
2026-05-16,18,18904.0,3.22,5.34,13852.0,6426.0,15.21,15.0,20278.0
2026-05-16,19,19039.0,3.12,5.27,13860.0,6982.0,15.33,14.91,20841.0
2026-05-16,20,19310.0,3.02,5.15,13833.0,6939.0,15.03,14.64,20772.0
2026-05-16,21,19464.0,2.95,5.14,13291.0,6590.0,13.88,13.6,19880.0
2026-05-16,22,19899.0,3.04,6.61,12106.0,5855.0,11.7,11.68,17961.0
2026-05-16,23,20256.0,3.25,8.09,11454.0,5745.0,10.88,10.88,17199.0
2026-05-17,0,19042.0,3.57,7.96,9873.0,4811.0,8.46,8.75,14684.0
2026-05-17,1,18025.0,3.91,8.51,9660.0,4697.0,8.66,8.97,14357.0
2026-05-17,2,17677.0,4.24,8.93,8590.0,4196.0,7.46,7.86,12786.0
2026-05-17,3,18674.0,4.71,9.82,8448.0,4093.0,7.42,7.85,12541.0
2026-05-17,4,16368.0,5.13,12.48,8616.0,3698.0,8.08,8.57,12314.0
2026-05-17,5,16582.0,5.47,9.09,9802.0,3579.0,10.29,10.78,13382.0
2026-05-17,6,16889.0,5.52,9.33,13294.0,4611.0,15.19,15.49,17905.0
2026-05-17,7,17920.0,5.39,7.42,15183.0,6168.0,17.9,17.79,21351.0
2026-05-17,8,17880.0,5.05,7.11,16048.0,7396.0,19.0,18.48,23443.0
2026-05-17,9,17889.0,4.62,6.66,15804.0,7793.0,18.15,17.46,23597.0
2026-05-17,10,17971.0,4.21,6.23,14985.0,7859.0,16.69,15.94,22844.0
2026-05-17,11,18414.0,3.88,5.91,14140.0,8074.0,14.94,14.1,22214.0
2026-05-17,12,19576.0,3.69,5.89,13442.0,7601.0,13.95,13.3,21043.0
2026-05-17,13,20079.0,3.66,5.89,13056.0,7213.0,13.78,13.25,20270.0
2026-05-17,14,20037.0,3.68,5.88,12635.0,7087.0,13.37,12.88,19721.0
2026-05-17,15,20084.0,3.75,5.98,12475.0,7007.0,13.34,12.89,19482.0
2026-05-17,16,19510.0,3.76,5.94,12985.0,7036.0,14.12,13.66,20021.0
2026-05-17,17,19285.0,3.74,5.88,13350.0,6611.0,14.57,14.27,19960.0
2026-05-17,18,19177.0,3.69,5.78,13751.0,6706.0,15.24,14.92,20457.0
2026-05-17,19,19198.0,3.59,5.73,13900.0,7037.0,15.35,14.92,20937.0
2026-05-17,20,19618.0,3.49,5.67,13906.0,6987.0,15.19,14.77,20893.0
2026-05-17,21,17532.0,3.41,9.44,12828.0,6138.0,13.36,13.22,18967.0
2026-05-17,22,17034.0,3.35,10.2,11783.0,5313.0,11.3,11.44,17096.0
2026-05-17,23,17185.0,3.43,12.23,10892.0,4771.0,10.24,10.51,15663.0
2026-05-18,0,16134.0,3.64,13.92,9276.0,3917.0,7.59,7.86,13193.0
2026-05-18,1,15373.0,3.88,13.26,8500.0,3572.0,7.2,7.56,12072.0
2026-05-18,2,16626.0,4.23,11.94,8507.0,3159.0,7.39,7.87,11666.0
2026-05-18,3,16853.0,4.64,12.14,8602.0,3141.0,7.68,8.18,11743.0
2026-05-18,4,16553.0,5.06,12.31,8500.0,3055.0,7.8,8.31,11555.0
2026-05-18,5,16123.0,5.35,7.52,11314.0,3778.0,11.52,11.84,15092.0
2026-05-18,6,16750.0,5.2,7.14,16047.0,5404.0,18.5,18.28,21451.0
2026-05-18,7,17050.0,4.77,6.71,16783.0,6786.0,20.17,19.24,23569.0
2026-05-18,8,17169.0,4.27,6.23,16423.0,7382.0,19.93,18.62,23805.0
2026-05-18,9,17337.0,3.83,5.83,15279.0,6957.0,17.95,16.9,22237.0
2026-05-18,10,17626.0,3.53,5.59,14312.0,7047.0,15.79,14.68,21358.0
2026-05-18,11,18619.0,3.28,5.37,13695.0,7594.0,14.52,13.07,21289.0
2026-05-18,12,20126.0,3.2,5.45,13662.0,6958.0,14.51,13.44,20620.0
2026-05-18,13,20134.0,3.18,5.45,13711.0,6997.0,14.54,13.44,20707.0
2026-05-18,14,20191.0,3.17,5.47,13663.0,6880.0,14.67,13.64,20543.0
2026-05-18,15,20297.0,3.17,5.5,13730.0,6953.0,14.79,13.72,20683.0
2026-05-18,16,20056.0,3.16,5.5,13860.0,7098.0,14.99,13.83,20958.0
2026-05-18,17,19791.0,3.1,5.34,14403.0,6559.0,16.06,15.22,20962.0
2026-05-18,18,19265.0,3.0,5.17,15049.0,6312.0,17.37,16.65,21362.0
2026-05-18,19,19209.0,2.85,5.09,15149.0,6472.0,17.38,16.59,21621.0
2026-05-18,20,19172.0,2.67,4.81,15420.0,6583.0,17.86,17.02,22003.0
2026-05-18,21,18969.0,2.52,4.63,14142.0,6130.0,15.87,15.25,20272.0
2026-05-18,22,19806.0,2.58,4.78,12499.0,5249.0,12.82,12.58,17748.0
2026-05-18,23,21194.0,2.88,5.22,11360.0,4847.0,10.8,10.75,16207.0
2026-05-19,0,19474.0,3.36,8.28,9384.0,4096.0,7.94,8.15,13480.0
2026-05-19,1,18821.0,3.83,9.75,9108.0,3766.0,7.64,7.95,12874.0
2026-05-19,2,18831.0,4.36,10.23,8850.0,3319.0,7.57,8.0,12169.0
2026-05-19,3,18139.0,4.88,11.92,8996.0,3343.0,7.85,8.28,12339.0
2026-05-19,4,15755.0,5.24,15.05,9087.0,3309.0,8.14,8.57,12396.0
2026-05-19,5,17004.0,5.47,8.86,11656.0,3936.0,11.97,12.37,15593.0
2026-05-19,6,16674.0,5.34,7.27,16259.0,5399.0,19.06,19.16,21658.0
2026-05-19,7,16473.0,4.86,6.74,17076.0,6837.0,20.63,20.27,23913.0
2026-05-19,8,16728.0,4.3,6.23,16712.0,7286.0,20.19,19.65,23998.0
2026-05-19,9,16984.0,3.8,5.77,15621.0,7060.0,18.65,18.17,22681.0
2026-05-19,10,17494.0,3.47,5.49,14293.0,7002.0,16.24,15.77,21295.0
2026-05-19,11,19155.0,3.24,5.43,13786.0,7891.0,15.26,14.44,21676.0
2026-05-19,12,19929.0,3.15,5.44,13407.0,6916.0,14.42,13.97,20324.0
2026-05-19,13,20227.0,3.15,5.43,13538.0,7053.0,14.55,14.05,20591.0
2026-05-19,14,20286.0,3.16,5.41,13012.0,7154.0,13.93,13.38,20166.0
2026-05-19,15,20310.0,3.2,5.5,13087.0,6962.0,14.0,13.52,20050.0
2026-05-19,16,20202.0,3.25,5.57,13360.0,6738.0,14.42,14.03,20098.0
2026-05-19,17,19404.0,3.27,5.5,14222.0,5926.0,15.74,15.66,20147.0
2026-05-19,18,18702.0,3.19,5.32,14676.0,5910.0,16.82,16.75,20587.0
2026-05-19,19,18468.0,3.04,5.12,14770.0,6316.0,16.69,16.48,21086.0
2026-05-19,20,18717.0,2.86,4.96,15047.0,6401.0,17.05,16.83,21449.0
2026-05-19,21,18957.0,2.73,4.86,14085.0,5874.0,15.73,15.67,19958.0
2026-05-19,22,19985.0,2.78,5.03,12516.0,5243.0,12.86,12.98,17760.0
2026-05-19,23,20754.0,3.09,5.43,11160.0,5020.0,10.57,10.74,16180.0
2026-05-20,0,18521.0,3.48,7.29,9590.0,4427.0,8.09,8.37,14017.0
2026-05-20,1,17000.0,3.84,9.18,8769.0,4080.0,7.39,7.75,12849.0
2026-05-20,2,17012.0,4.19,12.1,8508.0,3829.0,7.2,7.62,12338.0
2026-05-20,3,15769.0,4.62,11.59,8899.0,3217.0,7.87,8.39,12116.0
2026-05-20,4,14070.0,5.07,10.41,9073.0,3194.0,8.13,8.65,12267.0
2026-05-20,5,15047.0,5.33,7.33,11127.0,3683.0,11.04,11.49,14810.0
2026-05-20,6,16852.0,5.18,7.12,15918.0,5201.0,18.22,18.36,21119.0
2026-05-20,7,17125.0,4.82,6.77,16368.0,6233.0,19.75,19.58,22600.0
2026-05-20,8,17344.0,4.43,6.42,15601.0,7057.0,18.96,18.47,22658.0
2026-05-20,9,17450.0,4.07,6.08,14854.0,6746.0,17.66,17.29,21599.0
2026-05-20,10,18460.0,3.87,5.94,13676.0,6313.0,15.3,15.08,19989.0
2026-05-20,11,19504.0,3.84,5.99,13145.0,7019.0,13.89,13.41,20164.0
2026-05-20,12,20128.0,3.8,6.08,13214.0,7090.0,14.13,13.61,20304.0
2026-05-20,13,20113.0,3.81,6.06,13356.0,6916.0,14.28,13.83,20272.0
2026-05-20,14,20065.0,3.82,6.09,13359.0,6815.0,14.45,14.04,20174.0
2026-05-20,15,20144.0,3.85,6.09,13300.0,6825.0,14.42,14.0,20126.0
2026-05-20,16,19462.0,3.86,6.04,13388.0,6708.0,14.66,14.28,20096.0
2026-05-20,17,18285.0,3.78,5.83,14173.0,6132.0,16.12,15.96,20304.0
2026-05-20,18,18327.0,3.63,5.7,14800.0,5994.0,17.32,17.2,20794.0
2026-05-20,19,18590.0,3.45,5.54,15037.0,6485.0,17.28,17.01,21522.0
2026-05-20,20,18655.0,3.25,5.29,15126.0,6429.0,17.23,16.99,21555.0
2026-05-20,21,18781.0,3.1,5.28,14106.0,6075.0,15.89,15.76,20181.0
2026-05-20,22,18659.0,3.13,5.97,12422.0,5160.0,12.76,12.9,17582.0
2026-05-20,23,19984.0,3.34,7.29,11506.0,5177.0,11.09,11.22,16683.0
2026-05-21,0,17689.0,3.62,8.09,9555.0,4453.0,8.14,8.43,14008.0
2026-05-21,1,17817.0,3.95,8.45,9336.0,4365.0,8.19,8.49,13701.0
2026-05-21,2,18163.0,4.35,8.97,8831.0,3814.0,7.62,8.05,12645.0
2026-05-21,3,18017.0,4.81,9.69,8881.0,3656.0,7.8,8.26,12537.0
2026-05-21,4,15463.0,5.16,12.42,8908.0,3596.0,8.19,8.66,12504.0
2026-05-21,5,16003.0,5.36,8.05,11137.0,3827.0,11.41,11.83,14964.0
2026-05-21,6,16801.0,5.23,7.16,15739.0,5438.0,18.54,18.69,21177.0
2026-05-21,7,16772.0,4.84,6.71,16185.0,6488.0,19.92,19.74,22672.0
2026-05-21,8,16964.0,4.4,6.36,15914.0,7050.0,19.69,19.28,22964.0
2026-05-21,9,18144.0,4.0,6.07,14963.0,7036.0,17.68,17.25,21999.0
2026-05-21,10,18778.0,3.81,5.93,13633.0,6894.0,15.07,14.67,20527.0
2026-05-21,11,19202.0,3.7,5.93,13244.0,7235.0,14.26,13.73,20479.0
2026-05-21,12,19473.0,3.67,5.89,13094.0,6672.0,14.25,13.93,19766.0
2026-05-21,13,19819.0,3.67,5.91,13229.0,6827.0,14.26,13.88,20056.0
2026-05-21,14,19649.0,3.66,5.85,13400.0,6684.0,14.55,14.22,20083.0
2026-05-21,15,19691.0,3.66,5.86,13295.0,6725.0,14.58,14.24,20020.0
2026-05-21,16,18953.0,3.63,5.78,13398.0,6719.0,14.74,14.4,20117.0
2026-05-21,17,18684.0,3.56,5.67,13968.0,6153.0,16.06,15.93,20121.0
2026-05-21,18,18791.0,3.44,5.58,14783.0,6103.0,17.53,17.44,20886.0
2026-05-21,19,18884.0,3.28,5.45,15184.0,6263.0,17.89,17.75,21447.0
2026-05-21,20,18996.0,3.1,5.26,15129.0,6478.0,17.61,17.37,21607.0
2026-05-21,21,18977.0,2.96,5.13,13997.0,6043.0,15.82,15.73,20040.0
2026-05-21,22,19833.0,3.03,5.25,12245.0,5306.0,12.57,12.71,17551.0
2026-05-21,23,18182.0,3.24,10.12,10976.0,5100.0,10.32,10.51,16076.0
2026-05-22,0,17081.0,3.47,10.79,9238.0,4174.0,7.82,8.25,13412.0
2026-05-22,1,17156.0,3.81,11.2,8741.0,3695.0,7.43,7.94,12435.0
2026-05-22,2,16661.0,4.22,12.71,8563.0,3228.0,7.44,8.02,11791.0
2026-05-22,3,16152.0,4.59,14.02,8572.0,3178.0,7.74,8.32,11750.0
2026-05-22,4,17380.0,4.99,10.22,8508.0,3035.0,7.72,8.33,11543.0
2026-05-22,5,17549.0,5.38,8.12,11491.0,3852.0,11.76,12.24,15343.0
2026-05-22,6,17270.0,5.31,7.31,16203.0,5300.0,18.8,18.99,21503.0
2026-05-22,7,16948.0,4.89,6.84,16871.0,6575.0,20.87,20.66,23446.0
2026-05-22,8,17070.0,4.44,6.41,15773.0,6939.0,19.37,19.0,22712.0
2026-05-22,9,17368.0,4.05,6.06,15150.0,6653.0,18.11,17.84,21803.0
2026-05-22,10,18560.0,3.81,5.93,13966.0,6742.0,15.51,15.19,20707.0
2026-05-22,11,19552.0,3.7,5.9,13501.0,7254.0,14.54,14.02,20755.0
2026-05-22,12,19954.0,3.66,5.88,13350.0,6941.0,14.41,14.0,20291.0
2026-05-22,13,20035.0,3.67,5.88,13358.0,6617.0,14.45,14.16,19975.0
2026-05-22,14,19968.0,3.7,5.93,13329.0,6578.0,14.53,14.24,19907.0
2026-05-22,15,20036.0,3.73,5.91,13313.0,6578.0,14.56,14.28,19891.0
2026-05-22,16,19574.0,3.75,5.82,13305.0,6566.0,14.62,14.34,19871.0
2026-05-22,17,18836.0,3.72,5.74,14061.0,6169.0,16.06,15.94,20230.0
2026-05-22,18,18599.0,3.59,5.52,14895.0,6129.0,17.75,17.66,21024.0
2026-05-22,19,18867.0,3.4,5.36,15139.0,6401.0,17.97,17.79,21540.0
2026-05-22,20,18995.0,3.22,5.13,15126.0,6503.0,17.68,17.47,21629.0
2026-05-22,21,19157.0,3.08,5.08,14137.0,6158.0,16.05,15.93,20296.0
2026-05-22,22,19224.0,3.09,5.05,12572.0,5612.0,13.03,13.07,18183.0
2026-05-22,23,18901.0,3.26,10.06,11505.0,5174.0,11.04,11.21,16679.0
2026-05-23,0,16908.0,3.47,10.38,9693.0,4382.0,8.27,8.41,14075.0
2026-05-23,1,16774.0,3.75,10.13,9055.0,3699.0,7.77,8.11,12754.0
2026-05-23,2,18343.0,4.18,8.43,8773.0,3357.0,7.38,7.82,12130.0
2026-05-23,3,18455.0,4.68,8.9,8863.0,3405.0,7.69,8.11,12268.0
2026-05-23,4,16709.0,5.12,12.35,8957.0,3418.0,8.04,8.47,12375.0
2026-05-23,5,17756.0,5.48,9.95,10443.0,3718.0,10.7,11.03,14162.0
2026-05-23,6,17522.0,5.51,9.33,14338.0,5295.0,16.06,15.83,19632.0
2026-05-23,7,18043.0,5.27,7.07,15959.0,6868.0,18.37,17.38,22827.0
2026-05-23,8,17918.0,4.87,6.65,16203.0,7585.0,18.69,17.29,23788.0
2026-05-23,9,17860.0,4.43,6.2,15956.0,7736.0,18.23,16.74,23692.0
2026-05-23,10,17979.0,4.05,5.87,15212.0,7442.0,16.8,15.48,22654.0
2026-05-23,11,18840.0,3.76,5.65,14361.0,7481.0,15.35,13.98,21841.0
2026-05-23,12,19071.0,3.59,5.48,13824.0,7053.0,14.49,13.37,20877.0
2026-05-23,13,19279.0,3.51,5.36,13418.0,6818.0,13.93,12.92,20236.0
2026-05-23,14,19395.0,3.47,5.39,13209.0,6780.0,13.85,12.85,19990.0
2026-05-23,15,19455.0,3.46,5.37,13154.0,6749.0,13.82,12.85,19903.0
2026-05-23,16,18784.0,3.41,5.21,13706.0,6771.0,14.6,13.64,20477.0
2026-05-23,17,18262.0,3.27,5.02,13880.0,6563.0,14.92,14.07,20443.0
2026-05-23,18,18288.0,3.13,4.88,14201.0,6332.0,15.21,14.49,20533.0
2026-05-23,19,18320.0,2.95,4.69,14327.0,7054.0,15.43,14.31,21381.0
2026-05-23,20,18476.0,2.76,4.51,14192.0,7034.0,15.37,14.27,21226.0
2026-05-23,21,18708.0,2.6,4.36,13535.0,6740.0,14.22,13.29,20275.0
2026-05-23,22,19828.0,2.64,4.51,12206.0,5679.0,11.77,11.37,17885.0
2026-05-23,23,19702.0,2.87,4.67,11366.0,5370.0,10.6,10.33,16736.0
2026-05-24,0,19081.0,3.19,4.95,9872.0,4624.0,8.34,8.38,14497.0
2026-05-24,1,18604.0,3.59,6.86,9251.0,4141.0,8.01,8.21,13392.0
2026-05-24,2,18852.0,4.05,8.13,9015.0,3651.0,7.83,8.17,12666.0
2026-05-24,3,18717.0,4.58,8.61,8729.0,3145.0,7.68,8.15,11874.0
2026-05-24,4,17963.0,5.13,8.89,8265.0,3056.0,7.65,8.13,11321.0
2026-05-24,5,15246.0,5.55,10.58,9930.0,3639.0,10.09,10.45,13569.0
2026-05-24,6,17901.0,5.59,9.02,13449.0,5195.0,15.31,15.43,18644.0
2026-05-24,7,18133.0,5.46,7.16,15454.0,6587.0,18.14,17.83,22041.0
2026-05-24,8,17756.0,5.09,6.75,15987.0,7494.0,18.65,18.0,23482.0
2026-05-24,9,17845.0,4.67,6.28,15863.0,7650.0,18.2,17.5,23513.0
2026-05-24,10,18041.0,4.26,5.95,15452.0,7659.0,17.47,16.74,23111.0
2026-05-24,11,18778.0,3.95,5.69,14417.0,7360.0,15.41,14.8,21777.0
2026-05-24,12,19614.0,3.83,5.7,13714.0,6938.0,14.27,13.82,20652.0
2026-05-24,13,19791.0,3.79,5.62,13355.0,7111.0,14.13,13.6,20466.0
2026-05-24,14,19923.0,3.77,5.6,13178.0,7049.0,14.01,13.51,20228.0
2026-05-24,15,20118.0,3.79,5.68,13065.0,7016.0,14.04,13.53,20081.0
2026-05-24,16,19708.0,3.82,5.67,13063.0,6995.0,14.06,13.56,20059.0
2026-05-24,17,18461.0,3.76,5.48,13429.0,6844.0,14.6,14.14,20274.0
2026-05-24,18,18099.0,3.61,5.28,13903.0,6695.0,15.36,14.99,20598.0
2026-05-24,19,18292.0,3.43,5.08,14244.0,6761.0,15.67,15.29,21005.0
2026-05-24,20,18227.0,3.23,4.88,14524.0,6832.0,15.73,15.35,21356.0
2026-05-24,21,18377.0,3.05,4.76,13595.0,6577.0,14.35,14.03,20172.0
2026-05-24,22,19478.0,3.07,5.24,11841.0,5857.0,11.41,11.33,17698.0
2026-05-24,23,20268.0,3.3,6.31,11400.0,5368.0,11.01,11.08,16767.0
2026-05-25,0,18698.0,3.65,7.11,9628.0,4591.0,8.4,8.66,14219.0
2026-05-25,1,18484.0,4.06,7.95,8906.0,4260.0,7.74,8.08,13166.0
2026-05-25,2,18100.0,4.51,9.43,8798.0,3667.0,7.69,8.15,12464.0
2026-05-25,3,16236.0,4.94,13.56,8600.0,3506.0,7.62,8.1,12106.0
2026-05-25,4,13887.0,5.17,18.17,8253.0,3356.0,7.4,7.91,11609.0
2026-05-25,5,17861.0,5.4,8.25,11300.0,3956.0,11.51,11.85,15256.0
2026-05-25,6,18130.0,5.39,7.06,15814.0,5823.0,18.55,18.54,21637.0
2026-05-25,7,17393.0,5.02,6.64,16507.0,6869.0,20.25,19.94,23376.0
2026-05-25,8,17438.0,4.57,6.15,16015.0,7452.0,19.79,19.22,23466.0
2026-05-25,9,17622.0,4.15,5.69,15265.0,7244.0,18.42,17.9,22509.0
2026-05-25,10,17857.0,3.87,5.48,13768.0,6962.0,15.41,14.98,20730.0
2026-05-25,11,18628.0,3.68,5.35,13669.0,6935.0,14.67,14.26,20604.0
2026-05-25,12,19729.0,3.6,5.35,13663.0,6634.0,14.78,14.49,20297.0
2026-05-25,13,20056.0,3.6,5.41,13447.0,6631.0,14.56,14.26,20078.0
2026-05-25,14,20085.0,3.61,5.45,13594.0,6544.0,14.76,14.49,20138.0
2026-05-25,15,19581.0,3.64,5.43,13625.0,6394.0,15.01,14.78,20018.0
2026-05-25,16,19015.0,3.64,5.34,13653.0,6589.0,15.03,14.74,20242.0
2026-05-25,17,18881.0,3.56,5.18,14165.0,6368.0,16.1,15.89,20533.0
2026-05-25,18,18847.0,3.41,5.31,15120.0,6516.0,17.82,17.59,21636.0
2026-05-25,19,19155.0,3.2,5.36,15360.0,6935.0,18.26,17.89,22295.0
2026-05-25,20,19626.0,3.0,5.25,15130.0,6949.0,17.82,17.45,22079.0
2026-05-25,21,19532.0,2.9,5.13,13969.0,6084.0,15.71,15.62,20053.0
2026-05-25,22,19401.0,2.97,5.14,12330.0,5194.0,12.67,12.84,17524.0
2026-05-25,23,20073.0,3.23,6.54,11162.0,4818.0,10.59,10.86,15980.0
2026-05-26,0,16394.0,3.53,12.33,9424.0,3858.0,7.84,8.26,13283.0
2026-05-26,1,16374.0,3.83,12.97,8887.0,3493.0,7.42,7.92,12381.0
2026-05-26,2,17186.0,4.2,12.32,8930.0,3295.0,7.65,8.18,12225.0
2026-05-26,3,17128.0,4.6,12.52,8980.0,3336.0,7.95,8.46,12316.0
2026-05-26,4,17112.0,5.02,10.14,8803.0,3224.0,7.85,8.39,12027.0
2026-05-26,5,16964.0,5.32,7.56,11539.0,4060.0,11.74,12.12,15599.0
2026-05-26,6,17076.0,5.18,7.1,16241.0,5914.0,18.88,18.81,22155.0
2026-05-26,7,17088.0,4.71,6.61,16840.0,7222.0,20.52,20.0,24063.0
2026-05-26,8,17496.0,4.2,6.16,16009.0,7796.0,19.59,18.81,23806.0
2026-05-26,9,17638.0,3.76,5.77,15228.0,7390.0,17.97,17.35,22618.0
2026-05-26,10,17956.0,3.48,5.47,13946.0,7047.0,15.31,14.83,20993.0
2026-05-26,11,19176.0,3.31,5.41,13648.0,7137.0,14.6,14.08,20785.0
2026-05-26,12,19782.0,3.26,5.48,13426.0,6727.0,14.42,14.05,20153.0
2026-05-26,13,20066.0,3.27,5.51,13462.0,6680.0,14.33,13.98,20142.0
2026-05-26,14,20096.0,3.31,5.56,13189.0,6579.0,13.98,13.66,19767.0
2026-05-26,15,20147.0,3.36,5.58,13307.0,6606.0,14.19,13.86,19913.0
2026-05-26,16,19314.0,3.36,5.54,13455.0,6736.0,14.68,14.29,20191.0
2026-05-26,17,19008.0,3.27,5.39,14539.0,6603.0,16.4,16.06,21142.0
2026-05-26,18,19048.0,3.11,5.25,15009.0,6552.0,17.32,17.03,21561.0
2026-05-26,19,19133.0,2.93,5.01,15512.0,6689.0,17.92,17.59,22201.0
2026-05-26,20,19040.0,2.7,4.73,15605.0,6953.0,17.92,17.5,22558.0
2026-05-26,21,19131.0,2.51,4.54,14447.0,6399.0,16.03,15.8,20846.0
2026-05-26,22,18468.0,2.49,4.47,12640.0,5403.0,12.89,12.95,18044.0
2026-05-26,23,16007.0,2.51,4.26,11460.0,5122.0,10.83,10.98,16581.0
2026-05-27,0,19000.0,2.72,4.73,9459.0,4361.0,7.77,8.08,13820.0
2026-05-27,1,18758.0,3.16,5.16,9033.0,4135.0,7.62,7.98,13168.0
2026-05-27,2,19330.0,3.64,5.69,9158.0,4143.0,7.98,8.33,13301.0
2026-05-27,3,19321.0,4.14,6.16,9067.0,3796.0,7.98,8.4,12863.0
2026-05-27,4,18019.0,4.66,6.55,8746.0,3114.0,7.62,8.18,11860.0
2026-05-27,5,17756.0,5.04,6.9,11665.0,4011.0,11.8,12.23,15676.0
2026-05-27,6,17171.0,4.95,6.75,16064.0,5830.0,18.53,18.57,21894.0
2026-05-27,7,16941.0,4.48,6.27,17205.0,6903.0,21.1,20.79,24109.0
2026-05-27,8,16900.0,3.93,5.71,16656.0,7394.0,20.65,20.14,24049.0
2026-05-27,9,17083.0,3.44,5.3,15377.0,7107.0,18.44,18.0,22485.0
2026-05-27,10,17937.0,3.12,5.1,13778.0,6946.0,15.25,14.85,20724.0
2026-05-27,11,19133.0,2.98,5.58,13622.0,6873.0,14.61,14.22,20495.0
2026-05-27,12,19386.0,2.9,5.66,13467.0,6507.0,14.46,14.22,19974.0
2026-05-27,13,20004.0,2.91,5.24,13473.0,6522.0,14.51,14.24,19995.0
2026-05-27,14,20123.0,2.94,5.26,13421.0,6504.0,14.5,14.24,19925.0
2026-05-27,15,20129.0,2.98,5.3,13396.0,6494.0,14.57,14.31,19890.0
2026-05-27,16,19922.0,3.04,5.34,13511.0,6508.0,14.8,14.52,20019.0
2026-05-27,17,18053.0,2.94,5.06,14358.0,6210.0,16.25,16.11,20568.0
2026-05-27,18,17872.0,2.71,4.85,15260.0,6455.0,17.79,17.59,21715.0
2026-05-27,19,17915.0,2.42,4.64,15443.0,6629.0,17.99,17.75,22071.0
2026-05-27,20,18226.0,2.13,4.32,15540.0,6628.0,17.8,17.57,22169.0
2026-05-27,21,18410.0,1.89,4.24,14579.0,6312.0,16.27,16.14,20891.0
2026-05-27,22,19944.0,1.85,4.44,12811.0,5716.0,13.28,13.29,18527.0
2026-05-27,23,21872.0,2.16,4.87,11382.0,5170.0,10.82,10.99,16552.0
2026-05-28,0,21098.0,2.68,5.34,9427.0,4366.0,8.15,8.3,13792.0
2026-05-28,1,21006.0,3.3,5.91,8748.0,4014.0,7.48,7.71,12762.0
2026-05-28,2,21123.0,3.99,6.66,8883.0,3583.0,7.62,8.0,12466.0
2026-05-28,3,20968.0,4.69,7.48,8960.0,3215.0,7.94,8.43,12175.0
2026-05-28,4,14898.0,5.27,11.37,9097.0,3211.0,8.2,8.68,12307.0
2026-05-28,5,14935.0,5.53,8.12,11883.0,3994.0,11.99,12.25,15877.0
2026-05-28,6,17213.0,5.33,7.39,16550.0,5840.0,19.14,18.71,22390.0
2026-05-28,7,17159.0,4.85,6.98,17294.0,7128.0,21.09,19.98,24421.0
2026-05-28,8,17465.0,4.33,6.61,16463.0,7510.0,20.06,18.68,23973.0
2026-05-28,9,17287.0,3.92,6.13,15205.0,7176.0,17.71,16.56,22381.0
2026-05-28,10,18489.0,3.66,5.95,14053.0,6842.0,15.5,14.5,20894.0
2026-05-28,11,19670.0,3.57,5.98,13821.0,6848.0,14.78,13.78,20669.0
2026-05-28,12,19743.0,3.57,6.01,13496.0,6801.0,14.29,13.31,20296.0
2026-05-28,13,19670.0,3.6,6.09,13397.0,6768.0,14.16,13.18,20165.0
2026-05-28,14,19518.0,3.64,5.96,13530.0,6688.0,14.62,13.69,20219.0
2026-05-28,15,19417.0,3.67,5.98,13562.0,6673.0,14.66,13.73,20235.0
2026-05-28,16,19026.0,3.69,6.07,13687.0,6656.0,14.81,13.9,20343.0
2026-05-28,17,18643.0,3.6,5.97,14399.0,6465.0,16.25,15.43,20864.0
2026-05-28,18,18532.0,3.41,5.84,15104.0,6422.0,17.33,16.56,21525.0
2026-05-28,19,18737.0,3.19,5.59,15478.0,6613.0,17.8,16.95,22091.0
2026-05-28,20,18794.0,2.97,5.2,15297.0,6683.0,17.63,16.74,21980.0
2026-05-28,21,18465.0,2.77,5.08,14412.0,6391.0,16.15,15.42,20803.0
2026-05-28,22,18092.0,2.69,4.89,12748.0,5403.0,13.03,12.72,18151.0
2026-05-28,23,17978.0,2.76,4.89,11639.0,5000.0,11.14,11.03,16639.0
2026-05-29,0,19867.0,3.09,6.29,9638.0,4294.0,8.13,8.29,13932.0
2026-05-29,1,19239.0,3.57,6.8,9228.0,4101.0,7.92,8.12,13329.0
2026-05-29,2,19278.0,4.09,7.29,8961.0,3558.0,7.72,8.09,12519.0
2026-05-29,3,19772.0,4.65,7.92,9115.0,3513.0,8.1,8.48,12628.0
2026-05-29,4,16965.0,5.15,12.55,8988.0,3257.0,8.0,8.44,12244.0
2026-05-29,5,16498.0,5.41,7.99,11881.0,4029.0,12.22,12.49,15910.0
2026-05-29,6,17026.0,5.21,7.19,16331.0,5868.0,19.17,19.13,22199.0
2026-05-29,7,17506.0,4.75,6.78,17261.0,6996.0,21.01,20.61,24257.0
2026-05-29,8,17706.0,4.25,6.26,16731.0,7781.0,20.39,19.64,24512.0
2026-05-29,9,17647.0,3.79,5.83,15323.0,7514.0,17.89,17.23,22837.0
2026-05-29,10,17442.0,3.46,5.56,14001.0,7057.0,15.37,14.87,21058.0
2026-05-29,11,18349.0,3.22,5.35,13948.0,7067.0,14.89,14.4,21014.0
2026-05-29,12,19498.0,3.11,5.34,13736.0,6794.0,14.78,14.38,20530.0
2026-05-29,13,19894.0,3.08,5.33,13474.0,6685.0,14.43,14.09,20158.0
2026-05-29,14,19673.0,3.07,5.28,13444.0,6709.0,14.51,14.19,20153.0
2026-05-29,15,20418.0,3.08,5.37,13614.0,6686.0,14.85,14.54,20300.0
2026-05-29,16,19365.0,3.06,5.21,13836.0,6740.0,15.18,14.84,20576.0
2026-05-29,17,19085.0,2.97,5.08,14279.0,6482.0,16.23,15.99,20761.0
2026-05-29,18,18918.0,2.84,4.92,14992.0,6366.0,17.57,17.4,21358.0
2026-05-29,19,19064.0,2.67,4.76,14978.0,6832.0,17.78,17.46,21810.0
2026-05-29,20,19096.0,2.47,4.57,15047.0,6718.0,17.73,17.45,21765.0
2026-05-29,21,19153.0,2.34,4.44,13994.0,5933.0,15.82,15.8,19927.0
2026-05-29,22,19509.0,2.39,4.52,12690.0,5263.0,13.14,13.3,17953.0
2026-05-29,23,21197.0,2.66,4.94,11460.0,4947.0,10.8,11.05,16407.0
2026-05-30,0,20634.0,3.14,5.37,9903.0,4180.0,8.43,8.86,14083.0
2026-05-30,1,19826.0,3.69,6.67,9242.0,3609.0,7.89,8.42,12851.0
2026-05-30,2,17806.0,4.2,10.97,8908.0,3406.0,7.61,8.18,12314.0
2026-05-30,3,17255.0,4.61,10.1,8903.0,3483.0,7.9,8.45,12386.0
2026-05-30,4,17501.0,5.0,9.46,8932.0,3451.0,8.13,8.68,12383.0
2026-05-30,5,17522.0,5.4,7.27,10346.0,3884.0,10.38,10.83,14229.0
2026-05-30,6,16702.0,5.42,7.24,14164.0,5398.0,15.88,15.99,19562.0
2026-05-30,7,16897.0,5.07,6.87,16139.0,7119.0,18.89,18.49,23258.0
2026-05-30,8,16947.0,4.54,6.35,16347.0,7789.0,19.11,18.42,24136.0
2026-05-30,9,17203.0,4.0,5.86,16001.0,7970.0,18.73,17.95,23970.0
2026-05-30,10,17357.0,3.53,5.42,15163.0,7689.0,17.09,16.43,22853.0
2026-05-30,11,18382.0,3.19,5.17,14155.0,7361.0,15.31,14.76,21516.0
2026-05-30,12,19684.0,3.07,5.19,13421.0,6716.0,14.25,13.93,20138.0
2026-05-30,13,20108.0,3.08,5.25,13289.0,6663.0,14.15,13.85,19952.0
2026-05-30,14,20324.0,3.13,5.32,13226.0,6590.0,14.38,14.09,19816.0
2026-05-30,15,20276.0,3.19,5.37,12967.0,6844.0,14.0,13.62,19811.0
2026-05-30,16,19553.0,3.22,5.3,13180.0,6654.0,14.36,14.04,19834.0
2026-05-30,17,19309.0,3.2,5.27,13605.0,6530.0,14.98,14.71,20135.0
2026-05-30,18,19371.0,3.15,5.22,13847.0,6496.0,15.34,15.1,20343.0
2026-05-30,19,19566.0,3.1,5.18,13875.0,6646.0,15.36,15.07,20521.0
2026-05-30,20,19270.0,3.03,5.1,13897.0,6605.0,15.28,15.01,20502.0
2026-05-30,21,19138.0,2.98,5.03,13270.0,6234.0,13.98,13.84,19505.0
2026-05-30,22,21044.0,3.11,5.34,12217.0,5619.0,12.02,12.06,17837.0
2026-05-30,23,19852.0,3.4,8.79,11561.0,4976.0,11.03,11.25,16537.0
2026-05-31,0,16840.0,3.64,12.36,10073.0,4215.0,8.61,8.95,14288.0
2026-05-31,1,17063.0,3.9,12.0,9508.0,3803.0,8.26,8.67,13311.0
2026-05-31,2,17096.0,4.27,12.37,8805.0,3280.0,7.62,8.15,12085.0
2026-05-31,3,17129.0,4.68,12.8,8847.0,3256.0,7.86,8.39,12102.0
2026-05-31,4,17034.0,5.08,12.1,8540.0,3182.0,7.83,8.37,11721.0
2026-05-31,5,16960.0,5.48,11.79,10004.0,3667.0,10.37,10.82,13672.0
2026-05-31,6,17575.0,5.56,9.68,13472.0,5166.0,15.34,15.45,18638.0
2026-05-31,7,18285.0,5.42,7.37,15115.0,6400.0,17.92,17.66,21514.0
2026-05-31,8,17958.0,5.12,7.02,15611.0,7336.0,18.17,17.58,22947.0
2026-05-31,9,18030.0,4.75,6.67,15655.0,7401.0,18.07,17.47,23055.0
2026-05-31,10,18065.0,4.4,6.33,14993.0,7453.0,16.77,16.14,22446.0
2026-05-31,11,18789.0,4.13,6.14,14209.0,7255.0,15.32,14.76,21464.0
2026-05-31,12,20046.0,4.05,6.18,13526.0,6732.0,14.31,13.94,20259.0
2026-05-31,13,20100.0,4.08,6.54,13146.0,6865.0,14.2,13.77,20012.0
2026-05-31,14,19276.0,4.09,8.83,12953.0,6758.0,14.11,13.73,19711.0
2026-05-31,15,18903.0,4.05,6.48,12526.0,6475.0,13.57,13.29,19001.0
2026-05-31,16,19953.0,4.17,6.54,12523.0,6455.0,13.69,13.42,18978.0
2026-05-31,17,18225.0,4.22,8.38,12548.0,6286.0,13.86,13.63,18834.0
2026-05-31,18,17492.0,4.13,8.54,13196.0,6420.0,14.84,14.56,19616.0
2026-05-31,19,17009.0,3.95,9.78,13258.0,6660.0,14.96,14.6,19918.0
2026-05-31,20,17513.0,3.75,10.93,13414.0,6632.0,14.83,14.49,20046.0
2026-05-31,21,17631.0,3.61,10.91,12850.0,6169.0,13.81,13.62,19020.0
2026-05-31,22,17503.0,3.6,11.85,11776.0,5673.0,12.0,12.0,17449.0
2026-05-31,23,16261.0,3.67,14.36,10915.0,4836.0,10.59,10.82,15751.0
2025-03-01,0,13293.0,1.46,14.7,8214.0,32769.0,32769.0,32769.0,40983.0
2025-03-01,1,14416.0,2.13,14.51,7563.0,32769.0,32769.0,32769.0,40332.0
2025-03-01,2,13036.0,2.54,17.21,7789.0,32769.0,32769.0,32769.0,40558.0
2025-03-01,3,12956.0,2.98,17.53,7289.0,32769.0,32769.0,32769.0,40058.0
2025-03-01,4,11937.0,3.44,18.67,7091.0,32769.0,32769.0,32769.0,39860.0
2025-03-01,5,10251.0,3.57,18.7,6769.0,32769.0,32769.0,32769.0,39538.0
2025-03-01,6,12112.0,3.38,15.42,9497.0,32769.0,32769.0,32769.0,42266.0
2025-03-01,7,16435.0,2.81,8.61,13022.0,32769.0,32769.0,32769.0,45791.0
2025-03-01,8,16554.0,2.11,7.08,12962.0,32769.0,32769.0,32769.0,45731.0
2025-03-01,9,17818.0,1.57,4.55,12892.0,15124.0,10389.33,10388.83,28016.0
2025-03-01,10,18267.0,1.31,4.01,12348.0,6635.0,17.12,16.52,18983.0
2025-03-01,11,18171.0,1.22,4.0,12248.0,6123.0,17.0,16.58,18371.0
2025-03-01,12,17778.0,1.23,3.95,11807.0,5826.0,16.02,15.7,17633.0
2025-03-01,13,17915.0,1.3,3.97,11671.0,5810.0,15.91,15.6,17482.0
2025-03-01,14,17944.0,1.43,3.97,11318.0,5647.0,15.2,14.93,16965.0
2025-03-01,15,18016.0,1.67,3.98,11225.0,5600.0,15.13,14.87,16824.0
2025-03-01,16,17975.0,1.88,4.05,11420.0,5763.0,15.67,15.36,17183.0
2025-03-01,17,18162.0,2.04,4.19,11353.0,6155.0,15.55,15.09,17508.0
2025-03-01,18,17248.0,2.12,6.48,11387.0,6521.0,15.52,14.93,17908.0
2025-03-01,19,14340.0,1.74,10.69,10858.0,6228.0,14.56,14.08,17086.0
2025-03-01,20,14272.0,1.26,12.38,10682.0,6116.0,14.22,13.78,16798.0
2025-03-01,21,14973.0,0.94,13.64,9525.0,5704.0,11.74,11.43,15230.0
2025-03-01,22,16027.0,1.18,15.22,8805.0,5303.0,9.86,9.68,14109.0
2025-03-01,23,15017.0,1.61,13.68,8636.0,5090.0,9.36,9.23,13726.0
2025-03-02,0,13348.0,1.87,13.55,8454.0,4029.0,9.47,9.6,12483.0
2025-03-02,1,12468.0,2.18,15.2,7003.0,3313.0,7.45,7.69,10317.0
2025-03-02,2,9821.0,2.48,18.75,6451.0,3042.0,6.92,7.2,9493.0
2025-03-02,3,9579.0,2.57,19.09,6173.0,2937.0,6.75,7.06,9110.0
2025-03-02,4,9951.0,2.7,18.33,6132.0,2938.0,6.78,7.09,9070.0
2025-03-02,5,12720.0,3.27,15.89,5652.0,3225.0,6.71,6.95,8877.0
2025-03-02,6,11258.0,3.51,16.17,7717.0,4864.0,9.6,9.48,12581.0
2025-03-02,7,16944.0,3.26,8.6,11657.0,6447.0,16.12,15.57,18104.0
2025-03-02,8,18081.0,2.97,6.08,12916.0,6977.0,18.72,17.98,19893.0
2025-03-02,9,17692.0,2.57,7.1,12966.0,6921.0,18.61,17.91,19887.0
2025-03-02,10,17642.0,2.11,6.92,13088.0,6596.0,19.09,18.51,19683.0
2025-03-02,11,17653.0,1.97,6.82,10956.0,6219.0,14.28,13.81,17175.0
2025-03-02,12,17546.0,2.05,6.85,11427.0,5954.0,15.69,15.32,17380.0
2025-03-02,13,17756.0,2.15,7.01,10948.0,5771.0,15.0,14.67,16719.0
2025-03-02,14,16926.0,2.47,8.49,9589.0,5543.0,11.95,11.68,15132.0
2025-03-02,15,15762.0,2.69,10.19,9414.0,5659.0,11.82,11.5,15073.0
2025-03-02,16,15605.0,2.79,10.18,9523.0,5759.0,12.02,11.67,15282.0
2025-03-02,17,14611.0,2.64,11.36,10620.0,6281.0,14.07,13.55,16900.0
2025-03-02,18,14979.0,2.1,11.22,11220.0,6498.0,15.41,14.83,17718.0
2025-03-02,19,18237.0,1.89,7.26,11693.0,6232.0,16.62,16.16,17925.0
2025-03-02,20,17773.0,1.95,8.16,11213.0,6292.0,15.36,14.86,17505.0
2025-03-02,21,15830.0,1.97,11.72,10528.0,5858.0,13.99,13.62,16387.0
2025-03-02,22,14732.0,1.93,14.49,9150.0,5086.0,10.93,10.81,14235.0
2025-03-02,23,14445.0,2.08,15.36,8467.0,4798.0,10.04,9.96,13265.0
2025-03-03,0,12362.0,2.35,17.15,6944.0,4021.0,7.42,7.52,10965.0
2025-03-03,1,12103.0,2.63,17.23,6794.0,3904.0,7.41,7.54,10698.0
2025-03-03,2,11558.0,2.91,18.02,6525.0,3397.0,7.18,7.4,9922.0
2025-03-03,3,9727.0,3.14,20.45,6185.0,3009.0,6.87,7.16,9193.0
2025-03-03,4,9183.0,3.21,20.7,6009.0,2919.0,6.62,6.93,8928.0
2025-03-03,5,9790.0,3.21,18.36,6588.0,3368.0,7.41,7.63,9956.0
2025-03-03,6,15389.0,3.19,11.34,10408.0,5683.0,13.63,13.29,16090.0
2025-03-03,7,17645.0,2.74,6.32,13569.0,7037.0,20.58,19.84,20606.0
2025-03-03,8,18000.0,2.36,5.45,12142.0,6925.0,16.93,16.21,19067.0
2025-03-03,9,17849.0,2.18,5.25,11727.0,6766.0,16.25,15.58,18493.0
2025-03-03,10,16428.0,2.05,6.54,11059.0,6177.0,14.68,14.23,17236.0
2025-03-03,11,15543.0,1.96,7.85,9837.0,5608.0,12.11,11.83,15445.0
2025-03-03,12,15539.0,1.99,7.87,9888.0,5295.0,12.17,11.99,15183.0
2025-03-03,13,15590.0,2.03,7.96,9693.0,5797.0,11.95,11.59,15490.0
2025-03-03,14,15996.0,2.16,8.33,9141.0,5379.0,11.02,10.79,14520.0
2025-03-03,15,15725.0,2.45,8.41,9260.0,5281.0,11.14,10.94,14541.0
2025-03-03,16,12865.0,2.39,12.1,9728.0,5330.0,12.27,12.06,15059.0
2025-03-03,17,14253.0,1.9,10.08,10347.0,6089.0,13.49,13.04,16436.0
2025-03-03,18,17193.0,1.61,5.69,11854.0,6538.0,16.5,15.92,18392.0
2025-03-03,19,18237.0,1.53,5.28,11762.0,6377.0,16.59,16.06,18138.0
2025-03-03,20,18823.0,1.58,5.43,12355.0,6359.0,17.89,17.39,18713.0
2025-03-03,21,18249.0,1.65,5.5,11419.0,6005.0,16.28,15.89,17424.0
2025-03-03,22,13127.0,1.62,12.43,9593.0,5109.0,12.12,11.99,14703.0
2025-03-03,23,12631.0,1.39,13.89,8613.0,4598.0,10.15,10.15,13211.0
2025-03-04,0,14057.0,1.59,11.11,7131.0,3870.0,7.64,7.62,11002.0
2025-03-04,1,14135.0,2.32,11.99,6738.0,3613.0,7.27,7.32,10351.0
2025-03-04,2,9624.0,2.72,17.42,6292.0,2713.0,6.72,7.01,9005.0
2025-03-04,3,9485.0,2.8,18.03,6272.0,2689.0,6.83,7.12,8960.0
2025-03-04,4,9256.0,2.89,17.39,6183.0,2693.0,6.78,7.07,8876.0
2025-03-04,5,13208.0,3.17,11.09,6781.0,3398.0,7.7,7.82,10179.0
2025-03-04,6,16319.0,3.51,8.32,11753.0,5895.0,16.52,16.15,17647.0
2025-03-04,7,17196.0,2.84,4.97,14060.0,7195.0,21.3,20.53,21255.0
2025-03-04,8,17652.0,2.12,4.2,13831.0,7227.0,21.02,20.21,21058.0
2025-03-04,9,17675.0,1.61,3.95,12621.0,6655.0,18.47,17.86,19277.0
2025-03-04,10,17894.0,1.51,3.96,11167.0,5885.0,15.22,14.86,17052.0
2025-03-04,11,18166.0,1.9,4.09,10031.0,5407.0,12.94,12.72,15438.0
2025-03-04,12,14362.0,2.15,9.57,9716.0,5285.0,12.38,12.19,15001.0
2025-03-04,13,14249.0,1.95,9.68,9479.0,5121.0,11.86,11.71,14600.0
2025-03-04,14,14732.0,1.96,9.69,9332.0,5084.0,11.79,11.64,14416.0
2025-03-04,15,14983.0,2.02,9.98,9954.0,5104.0,12.63,12.49,15058.0
2025-03-04,16,15794.0,1.96,10.67,10252.0,5512.0,13.04,12.79,15764.0
2025-03-04,17,16229.0,2.0,11.15,10321.0,6085.0,13.16,12.72,16407.0
2025-03-04,18,16668.0,1.82,10.89,11920.0,6443.0,16.7,16.18,18363.0
2025-03-04,19,17595.0,1.62,9.86,11748.0,6170.0,16.78,16.33,17919.0
2025-03-04,20,17582.0,1.54,9.81,12117.0,6298.0,17.28,16.8,18415.0
2025-03-04,21,17929.0,1.53,10.11,11160.0,5855.0,15.42,15.07,17016.0
2025-03-04,22,15977.0,1.78,13.42,9658.0,5197.0,12.3,12.15,14855.0
2025-03-04,23,12804.0,1.79,16.6,9066.0,4794.0,10.93,10.89,13860.0
2025-03-05,0,13402.0,1.82,13.37,7048.0,4011.0,7.65,7.75,11059.0
2025-03-05,1,11907.0,2.38,16.42,5875.0,3388.0,6.3,6.53,9263.0
2025-03-05,2,11546.0,2.83,17.84,5992.0,3281.0,6.46,6.71,9273.0
2025-03-05,3,10363.0,3.18,19.43,5854.0,3148.0,6.36,6.64,9002.0
2025-03-05,4,9907.0,3.42,18.28,6058.0,2689.0,6.82,7.16,8747.0
2025-03-05,5,9572.0,3.52,16.74,6615.0,3290.0,7.48,7.71,9905.0
2025-03-05,6,16026.0,3.4,9.96,11508.0,5822.0,15.88,15.54,17330.0
2025-03-05,7,17659.0,2.79,5.8,14454.0,7275.0,22.47,21.67,21730.0
2025-03-05,8,17474.0,2.06,5.06,13545.0,7175.0,20.54,19.74,20720.0
2025-03-05,9,17493.0,1.52,4.92,12897.0,6770.0,19.25,18.6,19667.0
2025-03-05,10,17909.0,1.28,5.09,11542.0,6098.0,16.08,15.66,17640.0
2025-03-05,11,18100.0,1.55,5.15,10327.0,5620.0,13.15,12.88,15946.0
2025-03-05,12,17317.0,1.98,6.47,9965.0,5565.0,12.44,12.16,15530.0
2025-03-05,13,15976.0,2.17,8.27,9898.0,5511.0,12.27,12.02,15409.0
2025-03-05,14,15983.0,2.28,8.35,9876.0,5495.0,12.41,12.16,15371.0
2025-03-05,15,15993.0,2.46,9.08,9764.0,5187.0,12.02,11.86,14951.0
2025-03-05,16,13032.0,2.33,13.02,9848.0,5297.0,12.42,12.23,15145.0
2025-03-05,17,14687.0,1.99,11.0,10087.0,6030.0,12.93,12.49,16117.0
2025-03-05,18,16659.0,1.72,7.86,11343.0,6539.0,15.44,14.86,17883.0
2025-03-05,19,17494.0,1.57,6.31,11906.0,6359.0,16.85,16.34,18265.0
2025-03-05,20,17464.0,1.35,6.27,12735.0,6378.0,18.79,18.28,19113.0
2025-03-05,21,17313.0,1.05,6.44,12253.0,6076.0,18.28,17.88,18329.0
2025-03-05,22,17532.0,1.1,7.84,10693.0,5379.0,14.66,14.47,16072.0
2025-03-05,23,16195.0,1.5,9.61,9590.0,4681.0,11.97,11.97,14270.0
2025-03-06,0,12823.0,1.81,12.59,7896.0,3755.0,8.76,8.96,11651.0
2025-03-06,1,11553.0,2.01,15.12,6692.0,3211.0,7.13,7.44,9902.0
2025-03-06,2,10946.0,2.38,17.41,6263.0,2991.0,6.59,6.93,9254.0
2025-03-06,3,10905.0,2.66,18.13,6343.0,2996.0,6.74,7.09,9340.0
2025-03-06,4,10955.0,2.96,18.59,6201.0,2981.0,6.87,7.2,9182.0
2025-03-06,5,10746.0,3.29,18.18,6361.0,3563.0,7.17,7.4,9924.0
2025-03-06,6,13323.0,3.14,13.34,9867.0,5296.0,12.56,12.36,15162.0
2025-03-06,7,17595.0,2.61,6.67,13676.0,7336.0,20.5,19.66,21012.0
2025-03-06,8,18104.0,2.04,5.41,13036.0,7250.0,19.05,18.22,20286.0
2025-03-06,9,18343.0,1.67,4.87,12723.0,6965.0,18.75,18.01,19688.0
2025-03-06,10,18438.0,1.57,4.45,11815.0,6257.0,16.63,16.15,18072.0
2025-03-06,11,18416.0,1.79,4.44,11119.0,5639.0,14.86,14.59,16758.0
2025-03-06,12,18252.0,2.17,4.6,10582.0,5267.0,13.71,13.37,15849.0
2025-03-06,13,16006.0,2.46,7.63,10693.0,5273.0,13.9,13.36,15966.0
2025-03-06,14,15278.0,2.37,8.16,10425.0,5266.0,13.43,12.94,15691.0
2025-03-06,15,15398.0,2.33,8.2,10240.0,5348.0,12.88,12.62,15588.0
2025-03-06,16,15927.0,2.36,8.52,10150.0,5459.0,12.78,12.5,15609.0
2025-03-06,17,17013.0,2.47,10.33,10473.0,6056.0,13.6,13.16,16529.0
2025-03-06,18,15471.0,2.32,12.18,11028.0,6501.0,14.55,13.96,17529.0
2025-03-06,19,16139.0,1.91,10.15,11739.0,6460.0,16.41,15.85,18199.0
2025-03-06,20,17327.0,1.62,8.14,11839.0,6399.0,16.51,15.98,18237.0
2025-03-06,21,18613.0,1.68,5.9,11303.0,5942.0,15.89,15.51,17244.0
2025-03-06,22,17964.0,2.06,9.4,10882.0,5320.0,14.76,14.58,16202.0
2025-03-06,23,13844.0,2.06,16.18,10285.0,4670.0,13.36,13.35,14954.0
2025-03-07,0,12610.0,2.17,15.96,6978.0,3399.0,7.44,7.66,10377.0
2025-03-07,1,11507.0,2.59,17.33,6324.0,3189.0,6.74,7.0,9513.0
2025-03-07,2,10042.0,2.87,19.3,5972.0,2981.0,6.41,6.7,8953.0
2025-03-07,3,9691.0,3.04,19.91,5901.0,2927.0,6.44,6.75,8828.0
2025-03-07,4,9351.0,3.16,18.87,5945.0,2952.0,6.52,6.82,8897.0
2025-03-07,5,10599.0,3.24,17.37,6525.0,3311.0,7.29,7.51,9836.0
2025-03-07,6,15509.0,3.35,12.27,10611.0,5595.0,13.92,13.6,16205.0
2025-03-07,7,17994.0,2.96,7.36,13274.0,7154.0,19.28,18.49,20428.0
2025-03-07,8,17242.0,2.43,6.36,12692.0,7285.0,18.4,17.54,19977.0
2025-03-07,9,17424.0,2.04,6.08,11905.0,6710.0,16.66,16.02,18616.0
2025-03-07,10,17510.0,1.93,6.06,11091.0,6071.0,14.79,14.38,17162.0
2025-03-07,11,15946.0,2.03,8.53,10127.0,5458.0,12.59,12.36,15584.0
2025-03-07,12,15389.0,2.06,9.38,9948.0,5265.0,12.25,12.09,15213.0
2025-03-07,13,15644.0,2.1,9.62,9929.0,5249.0,12.34,12.18,15178.0
2025-03-07,14,16083.0,2.22,10.1,9936.0,5259.0,12.47,12.29,15195.0
2025-03-07,15,13207.0,2.2,14.45,9576.0,4993.0,12.07,11.96,14570.0
2025-03-07,16,13698.0,1.86,14.17,10282.0,5251.0,13.29,13.12,15533.0
2025-03-07,17,15762.0,1.67,11.39,9973.0,5642.0,12.9,12.61,15615.0
2025-03-07,18,16836.0,1.81,9.91,10365.0,5858.0,13.51,13.16,16223.0
2025-03-07,19,15948.0,1.87,10.77,10356.0,5940.0,14.03,13.64,16296.0
2025-03-07,20,15199.0,1.63,11.53,10952.0,6103.0,14.99,14.56,17054.0
2025-03-07,21,14689.0,1.26,12.38,10885.0,5706.0,15.18,14.88,16591.0
2025-03-07,22,14362.0,0.99,12.6,9993.0,4888.0,13.02,12.96,14881.0
2025-03-07,23,14799.0,1.19,13.17,8582.0,4151.0,9.77,9.89,12734.0
2025-03-08,0,13665.0,1.63,15.24,8313.0,3663.0,8.81,9.03,11976.0
2025-03-08,1,12776.0,2.02,16.99,7502.0,3317.0,7.99,8.25,10819.0
2025-03-08,2,10789.0,2.31,19.16,7198.0,2898.0,7.54,7.79,10096.0
2025-03-08,3,10549.0,2.52,18.68,6673.0,2710.0,6.99,7.29,9383.0
2025-03-08,4,10616.0,2.77,18.57,6653.0,2738.0,7.23,7.51,9391.0
2025-03-08,5,14130.0,3.25,14.19,7552.0,3258.0,8.89,9.02,10810.0
2025-03-08,6,14525.0,3.48,13.11,10623.0,5028.0,14.31,14.18,15651.0
2025-03-08,7,18629.0,3.26,6.96,13183.0,6520.0,19.89,19.34,19703.0
2025-03-08,8,17414.0,2.94,8.76,13337.0,6876.0,20.16,19.49,20213.0
2025-03-08,9,16634.0,2.27,9.37,13150.0,6833.0,19.81,19.14,19983.0
2025-03-08,10,18253.0,1.86,6.36,12534.0,6511.0,18.02,17.46,19045.0
2025-03-08,11,17588.0,1.77,7.22,12030.0,5930.0,16.84,16.5,17960.0
2025-03-08,12,17457.0,1.68,7.08,11912.0,5711.0,16.65,16.37,17622.0
2025-03-08,13,18311.0,1.79,5.71,11510.0,5592.0,15.8,15.54,17101.0
2025-03-08,14,18319.0,2.04,5.91,11555.0,5563.0,15.95,15.7,17117.0
2025-03-08,15,17595.0,2.28,8.3,11308.0,5449.0,15.51,15.29,16757.0
2025-03-08,16,16903.0,2.25,9.5,11993.0,5622.0,17.13,16.87,17614.0
2025-03-08,17,18087.0,2.16,8.16,12402.0,6088.0,18.16,17.74,18489.0
2025-03-08,18,17713.0,2.01,8.96,12661.0,6306.0,18.91,18.43,18967.0
2025-03-08,19,17133.0,1.73,9.4,11995.0,6226.0,17.38,16.92,18221.0
2025-03-08,20,18052.0,1.67,8.43,12235.0,5904.0,18.17,17.83,18139.0
2025-03-08,21,16792.0,1.77,10.88,10409.0,5653.0,14.14,13.84,16062.0
2025-03-08,22,13401.0,1.89,15.84,7941.0,4913.0,9.02,8.93,12854.0
2025-03-08,23,12277.0,1.89,16.87,8095.0,4682.0,9.1,9.08,12777.0
2025-03-09,0,11589.0,1.83,15.76,7504.0,3704.0,8.22,8.4,11208.0
2025-03-09,1,12182.0,2.06,16.5,7004.0,3426.0,7.69,7.92,10430.0
2025-03-09,2,11212.0,2.5,18.81,5970.0,2955.0,6.47,6.78,8925.0
2025-03-09,3,10353.0,2.83,20.09,5877.0,2685.0,6.54,6.89,8561.0
2025-03-09,4,10230.0,3.17,19.95,5854.0,2618.0,6.75,7.1,8471.0
2025-03-09,5,9990.0,3.47,19.69,5631.0,3125.0,7.02,7.29,8756.0
2025-03-09,6,12135.0,3.51,15.94,7792.0,4944.0,10.08,9.94,12736.0
2025-03-09,7,16402.0,3.32,10.25,11354.0,6219.0,15.87,15.4,17572.0
2025-03-09,8,17046.0,2.94,9.08,13002.0,6902.0,19.2,18.5,19904.0
2025-03-09,9,17115.0,2.29,8.53,13540.0,7028.0,20.56,19.81,20568.0
2025-03-09,10,17184.0,1.77,8.11,12076.0,6480.0,17.08,16.53,18557.0
2025-03-09,11,17113.0,1.76,8.08,10300.0,5883.0,13.19,12.81,16183.0
2025-03-09,12,16642.0,2.03,8.43,9612.0,5577.0,12.1,11.82,15190.0
2025-03-09,13,14719.0,2.18,11.32,9009.0,5676.0,11.13,10.81,14685.0
2025-03-09,14,13517.0,2.16,13.39,8517.0,5389.0,10.25,10.02,13906.0
2025-03-09,15,13582.0,2.09,13.8,8115.0,5301.0,9.52,9.29,13416.0
2025-03-09,16,14812.0,2.08,11.78,9359.0,5719.0,11.81,11.47,15079.0
2025-03-09,17,16828.0,2.01,8.63,10578.0,6440.0,14.38,13.8,17018.0
2025-03-09,18,18664.0,2.06,5.76,11701.0,6609.0,16.75,16.13,18310.0
2025-03-09,19,17076.0,2.02,8.43,11502.0,6444.0,16.65,16.08,17946.0
2025-03-09,20,16169.0,1.83,11.24,11581.0,6162.0,16.86,16.4,17742.0
2025-03-09,21,15111.0,1.45,13.18,11387.0,5669.0,16.3,16.02,17056.0
2025-03-09,22,14998.0,1.37,15.31,9265.0,4716.0,11.71,11.67,13982.0
2025-03-09,23,12454.0,1.45,17.72,8419.0,4316.0,10.06,10.13,12735.0
2025-03-10,0,12049.0,1.55,16.88,7047.0,3701.0,7.79,7.99,10748.0
2025-03-10,1,12472.0,1.9,16.51,6540.0,3388.0,7.14,7.41,9928.0
2025-03-10,2,12638.0,2.47,16.84,6566.0,2915.0,7.33,7.68,9481.0
2025-03-10,3,12622.0,3.05,17.43,6739.0,2939.0,7.71,8.05,9678.0
2025-03-10,4,10178.0,3.47,18.54,6437.0,2809.0,7.3,7.66,9246.0
2025-03-10,5,10980.0,3.54,20.58,7022.0,3205.0,8.24,8.53,10226.0
2025-03-10,6,16157.0,3.64,13.36,11573.0,5556.0,16.46,16.2,17129.0
2025-03-10,7,17602.0,3.12,7.32,14021.0,7014.0,21.8,21.09,21036.0
2025-03-10,8,17480.0,2.5,6.68,12899.0,7295.0,19.09,18.24,20194.0
2025-03-10,9,17618.0,2.07,6.32,12480.0,6892.0,18.47,17.77,19372.0
2025-03-10,10,18410.0,1.83,5.2,12163.0,6431.0,17.39,16.86,18593.0
2025-03-10,11,18456.0,1.99,5.2,11081.0,5877.0,14.54,14.2,16958.0
2025-03-10,12,17839.0,2.28,6.31,10819.0,5685.0,14.0,13.71,16503.0
2025-03-10,13,16216.0,2.48,8.94,10381.0,5333.0,13.28,13.09,15714.0
2025-03-10,14,14560.0,2.43,11.38,10021.0,5279.0,12.58,12.4,15300.0
2025-03-10,15,14671.0,2.28,11.34,10151.0,5200.0,12.84,12.68,15351.0
2025-03-10,16,14703.0,2.14,11.27,10125.0,5487.0,12.8,12.56,15612.0
2025-03-10,17,15162.0,1.91,11.59,10247.0,6111.0,13.11,12.66,16357.0
2025-03-10,18,18449.0,1.89,7.28,10966.0,6738.0,14.68,14.01,17704.0
2025-03-10,19,18544.0,2.02,7.27,11602.0,6518.0,16.32,15.75,18120.0
2025-03-10,20,18007.0,2.0,7.05,11874.0,6512.0,16.81,16.24,18386.0
2025-03-10,21,18082.0,1.97,7.06,11821.0,6040.0,16.9,16.51,17861.0
2025-03-10,22,15016.0,1.85,12.52,10967.0,5228.0,15.02,14.87,16194.0
2025-03-10,23,16043.0,1.93,13.89,9958.0,4499.0,12.61,12.65,14457.0
2025-03-11,0,12919.0,2.29,13.33,7584.0,3565.0,8.35,8.53,11148.0
2025-03-11,1,11244.0,2.54,16.28,6816.0,3237.0,7.26,7.51,10052.0
2025-03-11,2,10569.0,2.73,17.24,6703.0,3119.0,7.12,7.4,9821.0
2025-03-11,3,10319.0,2.86,17.89,6584.0,3072.0,7.12,7.41,9656.0
2025-03-11,4,10378.0,3.01,18.2,6297.0,2956.0,6.91,7.21,9253.0
2025-03-11,5,11361.0,3.22,17.15,7071.0,3443.0,8.12,8.32,10514.0
2025-03-11,6,15896.0,3.21,9.92,11293.0,5840.0,15.35,14.99,17132.0
2025-03-11,7,17727.0,2.68,6.99,13997.0,7159.0,21.34,20.58,21156.0
2025-03-11,8,18451.0,2.08,5.21,13704.0,7237.0,20.85,20.03,20940.0
2025-03-11,9,18774.0,1.72,4.16,12992.0,6940.0,19.63,18.92,19932.0
2025-03-11,10,18499.0,1.72,4.15,10560.0,6109.0,13.95,13.51,16668.0
2025-03-11,11,16043.0,2.1,8.06,9255.0,5764.0,10.9,10.56,15019.0
2025-03-11,12,15998.0,2.22,9.13,9550.0,5480.0,11.62,11.37,15029.0
2025-03-11,13,15926.0,2.38,9.25,9726.0,5439.0,11.88,11.66,15165.0
2025-03-11,14,15994.0,2.5,9.41,10028.0,5328.0,12.56,12.37,15355.0
2025-03-11,15,16269.0,2.62,9.68,10161.0,5268.0,12.65,12.49,15429.0
2025-03-11,16,14472.0,2.54,12.27,10741.0,5481.0,14.02,13.78,16222.0
2025-03-11,17,15345.0,2.2,11.42,10581.0,6233.0,13.69,13.2,16814.0
2025-03-11,18,17014.0,1.91,9.14,11476.0,6583.0,15.61,15.02,18058.0
2025-03-11,19,18113.0,1.86,7.34,11839.0,6348.0,16.86,16.36,18186.0
2025-03-11,20,18085.0,1.84,7.3,11970.0,6318.0,16.71,16.22,18288.0
2025-03-11,21,18178.0,1.86,7.35,11363.0,6008.0,15.92,15.53,17371.0
2025-03-11,22,14944.0,1.99,11.99,9458.0,4887.0,11.86,11.78,14344.0
2025-03-11,23,12638.0,2.09,15.35,8235.0,4244.0,9.45,9.31,12479.0
2025-03-12,0,11729.0,2.15,15.42,7250.0,3788.0,7.75,7.75,11038.0
2025-03-12,1,11736.0,2.29,15.66,7215.0,3684.0,7.86,7.9,10900.0
2025-03-12,2,9598.0,2.47,18.29,5989.0,2643.0,6.43,6.73,8632.0
2025-03-12,3,9523.0,2.65,19.45,5831.0,2551.0,6.38,6.7,8382.0
2025-03-12,4,9293.0,2.85,18.93,5941.0,2591.0,6.45,6.75,8532.0
2025-03-12,5,13702.0,3.12,13.23,7135.0,3490.0,8.09,8.23,10624.0
2025-03-12,6,16589.0,3.46,9.03,11981.0,6012.0,16.65,16.27,17993.0
2025-03-12,7,18238.0,2.86,5.98,14357.0,7312.0,22.16,21.35,21669.0
2025-03-12,8,18400.0,2.27,5.43,13799.0,7200.0,20.64,19.85,20999.0
2025-03-12,9,18298.0,1.81,5.03,13224.0,6846.0,19.86,19.2,20070.0
2025-03-12,10,17990.0,1.68,4.91,11013.0,5947.0,14.8,14.42,16961.0
2025-03-12,11,17727.0,2.04,5.54,9852.0,5693.0,11.93,11.62,15546.0
2025-03-12,12,16010.0,2.26,8.78,10090.0,5429.0,12.79,12.57,15519.0
2025-03-12,13,16010.0,2.34,8.94,10166.0,5438.0,12.93,12.71,15604.0
2025-03-12,14,14951.0,2.34,9.73,9938.0,5315.0,12.51,12.33,15253.0
2025-03-12,15,14887.0,2.3,9.64,9701.0,5145.0,11.88,11.74,14846.0
2025-03-12,16,15351.0,2.3,10.0,9956.0,5460.0,12.4,12.17,15416.0
2025-03-12,17,15579.0,2.23,10.15,10540.0,5894.0,13.4,13.04,16434.0
2025-03-12,18,17423.0,1.95,7.87,12071.0,6587.0,17.02,16.44,18657.0
2025-03-12,19,17474.0,1.75,7.77,12460.0,6385.0,18.24,17.74,18845.0
2025-03-12,20,17953.0,1.54,6.75,12318.0,6368.0,17.58,17.09,18686.0
2025-03-12,21,18722.0,1.57,6.26,11667.0,5959.0,16.4,16.04,17626.0
2025-03-12,22,15504.0,1.76,11.86,10037.0,4820.0,13.12,13.08,14857.0
2025-03-12,23,11740.0,1.76,16.52,8420.0,4297.0,9.94,10.02,12717.0
2025-03-13,0,13018.0,1.75,14.1,7159.0,3604.0,7.76,7.96,10764.0
2025-03-13,1,11360.0,2.32,16.49,5638.0,2936.0,5.98,6.3,8574.0
2025-03-13,2,11097.0,2.8,17.7,5781.0,2908.0,6.2,6.52,8689.0
2025-03-13,3,9848.0,3.13,19.23,5964.0,2724.0,6.51,6.86,8688.0
2025-03-13,4,10057.0,3.3,15.66,6069.0,2657.0,6.66,7.01,8726.0
2025-03-13,5,10627.0,3.57,16.13,6739.0,3266.0,7.68,7.92,10005.0
2025-03-13,6,17138.0,3.63,8.14,11778.0,5651.0,16.51,16.23,17430.0
2025-03-13,7,17624.0,3.12,6.09,14454.0,7171.0,22.68,21.92,21625.0
2025-03-13,8,18402.0,2.49,4.82,13447.0,7274.0,20.44,19.61,20721.0
2025-03-13,9,18302.0,2.12,4.91,12615.0,6819.0,18.63,17.97,19434.0
2025-03-13,10,16561.0,2.0,7.29,10780.0,6105.0,14.69,14.25,16885.0
2025-03-13,11,14449.0,1.92,10.83,9477.0,5409.0,11.42,11.2,14886.0
2025-03-13,12,14565.0,1.88,10.89,9144.0,5258.0,10.82,10.65,14402.0
2025-03-13,13,14814.0,1.92,11.2,9114.0,5256.0,10.86,10.68,14371.0
2025-03-13,14,14697.0,1.99,11.16,9073.0,5260.0,10.97,10.78,14333.0
2025-03-13,15,15086.0,2.06,11.63,9235.0,5243.0,10.94,10.77,14478.0
2025-03-13,16,15480.0,2.15,12.12,10049.0,5289.0,12.58,12.41,15338.0
2025-03-13,17,15702.0,2.11,12.39,10584.0,5687.0,13.96,13.67,16271.0
2025-03-13,18,15860.0,1.94,12.44,11029.0,6198.0,14.8,14.34,17227.0
2025-03-13,19,15452.0,1.6,12.35,11397.0,6156.0,15.94,15.5,17554.0
2025-03-13,20,14409.0,1.08,12.86,11481.0,6158.0,15.97,15.54,17638.0
2025-03-13,21,16105.0,0.7,10.44,10839.0,5893.0,14.8,14.45,16732.0
2025-03-13,22,16318.0,0.78,9.79,10025.0,5358.0,12.52,12.34,15383.0
2025-03-13,23,15431.0,1.18,12.14,8915.0,4445.0,10.37,10.44,13360.0
2025-03-14,0,14451.0,1.63,12.53,8114.0,3872.0,8.91,9.1,11986.0
2025-03-14,1,10842.0,1.98,18.1,6994.0,3291.0,7.5,7.8,10285.0
2025-03-14,2,10742.0,2.2,18.6,6423.0,2745.0,6.84,7.22,9168.0
2025-03-14,3,10509.0,2.53,20.21,6472.0,2724.0,6.94,7.32,9196.0
2025-03-14,4,9802.0,2.75,18.92,6232.0,2637.0,6.75,7.14,8870.0
2025-03-14,5,13998.0,3.17,13.23,7110.0,3153.0,7.93,8.23,10263.0
2025-03-14,6,15331.0,3.47,10.65,11327.0,5546.0,15.3,15.06,16873.0
2025-03-14,7,18443.0,3.04,5.48,13836.0,6967.0,20.94,20.25,20802.0
2025-03-14,8,18226.0,2.62,4.94,13114.0,7044.0,19.4,18.66,20158.0
2025-03-14,9,18144.0,2.29,4.63,12415.0,6682.0,17.98,17.37,19097.0
2025-03-14,10,17957.0,2.24,4.68,11255.0,6141.0,15.19,14.75,17396.0
2025-03-14,11,17662.0,2.39,5.41,11233.0,5600.0,14.89,14.64,16833.0
2025-03-14,12,17693.0,2.55,5.58,11141.0,5484.0,14.88,14.68,16625.0
2025-03-14,13,16190.0,2.69,8.05,10825.0,5307.0,14.22,14.05,16131.0
2025-03-14,14,14650.0,2.57,10.88,10283.0,5142.0,13.07,12.95,15425.0
2025-03-14,15,14935.0,2.44,12.18,10070.0,5160.0,12.62,12.49,15230.0
2025-03-14,16,15147.0,2.4,12.39,10040.0,5354.0,12.64,12.44,15394.0
2025-03-14,17,15222.0,2.29,12.36,10458.0,5912.0,13.55,13.17,16370.0
2025-03-14,18,16239.0,1.95,12.06,11456.0,6498.0,15.66,15.1,17954.0
2025-03-14,19,17552.0,1.76,10.02,12028.0,6324.0,17.24,16.76,18352.0
2025-03-14,20,17435.0,1.58,9.79,12009.0,6292.0,17.49,17.01,18301.0
2025-03-14,21,16227.0,1.43,10.56,11203.0,5827.0,15.82,15.49,17030.0
2025-03-14,22,15851.0,1.35,10.67,10400.0,5037.0,13.62,13.52,15436.0
2025-03-14,23,15821.0,1.47,10.63,10613.0,4482.0,13.95,14.02,15094.0
2025-03-15,0,14655.0,1.69,11.02,8741.0,3973.0,10.36,10.35,12714.0
2025-03-15,1,11995.0,2.11,16.51,6842.0,3346.0,7.31,7.45,10189.0
2025-03-15,2,10966.0,2.41,18.85,6325.0,3082.0,6.84,7.04,9408.0
2025-03-15,3,10835.0,2.68,18.77,6402.0,3105.0,7.02,7.22,9507.0
2025-03-15,4,10686.0,2.91,17.74,6445.0,3120.0,7.2,7.39,9565.0
2025-03-15,5,12931.0,3.32,15.24,6661.0,3391.0,7.92,8.03,10052.0
2025-03-15,6,15052.0,3.51,12.71,10208.0,5303.0,13.43,13.09,15511.0
2025-03-15,7,17264.0,3.2,8.4,13441.0,6834.0,19.99,19.33,20275.0
2025-03-15,8,17439.0,2.5,6.99,13908.0,7158.0,21.1,20.33,21066.0
2025-03-15,9,18300.0,1.87,4.6,13972.0,7175.0,21.19,20.42,21147.0
2025-03-15,10,18269.0,1.39,4.34,13642.0,6476.0,20.74,20.22,20118.0
2025-03-15,11,19012.0,1.1,4.12,14018.0,6004.0,21.72,21.37,20022.0
2025-03-15,12,19563.0,1.01,4.12,13715.0,5768.0,21.06,20.78,19483.0
2025-03-15,13,19537.0,1.06,4.12,13419.0,5664.0,20.52,20.27,19083.0
2025-03-15,14,19204.0,1.2,4.08,12999.0,5449.0,19.41,19.22,18447.0
2025-03-15,15,19358.0,1.39,4.09,12579.0,5634.0,18.1,17.86,18213.0
2025-03-15,16,18893.0,1.52,4.04,13012.0,5664.0,19.35,19.11,18675.0
2025-03-15,17,18165.0,1.52,3.98,12309.0,6292.0,3292.68,17.07,18600.0
2025-03-15,18,18039.0,1.39,3.96,12389.0,6616.0,17.97,17.39,19005.0
2025-03-15,19,18473.0,1.28,4.0,12049.0,6383.0,17.26,16.75,18432.0
2025-03-15,20,19734.0,1.49,4.15,11810.0,6276.0,16.67,16.2,18086.0
2025-03-15,21,19955.0,1.91,4.26,10927.0,5618.0,14.79,14.53,16545.0
2025-03-15,22,19014.0,2.83,6.46,8584.0,4980.0,9.98,9.89,13564.0
2025-03-15,23,13397.0,3.36,11.34,8040.0,4778.0,8.99,8.95,12818.0
2025-03-16,0,1457.0,2.5,3.74,7282.0,4003.0,7.66,7.82,11285.0
2025-03-16,1,13064.0,1.74,13.45,7108.0,3510.0,7.59,7.85,10618.0
2025-03-16,2,10503.0,2.1,17.36,6478.0,3037.0,7.02,7.35,9515.0
2025-03-16,3,9830.0,2.25,18.14,6207.0,2716.0,6.83,7.21,8924.0
2025-03-16,4,9666.0,2.44,17.87,5699.0,2592.0,6.42,6.81,8291.0
2025-03-16,5,14288.0,3.13,13.17,5758.0,3264.0,7.03,7.29,9022.0
2025-03-16,6,13030.0,3.52,15.87,8802.0,5076.0,11.45,11.3,13878.0
2025-03-16,7,17104.0,3.26,9.38,12545.0,6584.0,563.79,17.41,19130.0
2025-03-16,8,17276.0,2.62,8.03,14167.0,6980.0,2204.78,20.85,21146.0
2025-03-16,9,19133.0,2.0,4.84,14437.0,7025.0,22.23,21.53,21462.0
2025-03-16,10,19190.0,1.67,4.24,13561.0,6546.0,20.29,19.75,20107.0
2025-03-16,11,19262.0,1.66,4.09,12264.0,6056.0,17.35,16.97,18320.0
2025-03-16,12,19260.0,1.97,4.31,11145.0,5777.0,14.96,14.65,16922.0
2025-03-16,13,17525.0,2.39,7.17,10662.0,5614.0,13.95,13.69,16277.0
2025-03-16,14,14555.0,2.33,11.66,10193.0,5392.0,13.21,13.01,15585.0
2025-03-16,15,14311.0,2.14,11.19,9705.0,5392.0,12.42,12.2,15098.0
2025-03-16,16,14589.0,1.95,11.42,10239.0,5562.0,13.45,13.19,15801.0
2025-03-16,17,16851.0,1.75,9.39,10914.0,6258.0,14.81,14.31,17171.0
2025-03-16,18,17920.0,1.67,7.29,12027.0,6652.0,17.05,16.43,18679.0
2025-03-16,19,18644.0,1.57,6.12,12433.0,6473.0,18.2,17.67,18905.0
2025-03-16,20,18680.0,1.56,6.1,12098.0,6280.0,17.31,16.83,18378.0
2025-03-16,21,17570.0,1.69,8.06,11237.0,5901.0,15.43,15.09,17138.0
2025-03-16,22,15671.0,1.72,12.42,9834.0,5159.0,12.18,12.06,14993.0
2025-03-16,23,14102.0,1.89,14.91,9034.0,4842.0,10.85,10.8,13877.0
2025-03-17,0,12308.0,1.92,15.74,7270.0,3956.0,7.85,7.98,11226.0
2025-03-17,1,12033.0,2.21,15.68,6718.0,3479.0,7.21,7.44,10197.0
2025-03-17,2,12090.0,2.6,16.39,6680.0,3253.0,7.25,7.5,9933.0
2025-03-17,3,12241.0,3.0,17.25,6821.0,3280.0,7.45,7.71,10101.0
2025-03-17,4,10553.0,3.34,18.49,6385.0,3103.0,7.09,7.38,9488.0
2025-03-17,5,10602.0,3.39,17.83,6698.0,3358.0,7.75,7.98,10056.0
2025-03-17,6,16360.0,3.43,10.64,11554.0,5863.0,15.82,15.46,17417.0
2025-03-17,7,18391.0,2.89,6.34,14780.0,7316.0,23.21,22.4,22095.0
2025-03-17,8,18501.0,2.24,5.4,14067.0,7091.0,21.54,20.8,21158.0
2025-03-17,9,18484.0,1.84,5.05,13083.0,6754.0,19.26,18.64,19837.0
2025-03-17,10,18312.0,1.7,4.97,11823.0,6424.0,16.24,15.72,18247.0
2025-03-17,11,18261.0,1.92,5.07,10467.0,5815.0,12.95,12.63,16283.0
2025-03-17,12,17460.0,2.24,6.59,10706.0,5578.0,13.55,13.31,16284.0
2025-03-17,13,15631.0,2.29,9.38,10416.0,5424.0,13.08,12.88,15840.0
2025-03-17,14,15172.0,2.23,9.68,9930.0,5263.0,12.25,12.27,15192.0
2025-03-17,15,14152.0,2.17,10.95,9582.0,5283.0,11.45,11.27,14864.0
2025-03-17,16,14320.0,1.97,10.93,9974.0,5568.0,12.46,12.2,15542.0
2025-03-17,17,16268.0,1.75,8.07,10750.0,6057.0,13.99,13.59,16807.0
2025-03-17,18,17428.0,1.63,6.25,11787.0,6684.0,16.15,15.53,18471.0
2025-03-17,19,18309.0,1.49,5.99,12306.0,6540.0,17.81,17.26,18847.0
2025-03-17,20,18285.0,1.33,5.96,12624.0,6658.0,18.28,17.69,19281.0
2025-03-17,21,18748.0,1.23,6.09,12156.0,6147.0,17.61,17.19,18303.0
2025-03-17,22,15189.0,1.18,12.69,10744.0,5405.0,14.33,14.15,16149.0
2025-03-17,23,15436.0,1.23,13.55,9560.0,4409.0,11.54,11.61,13969.0
2025-03-18,0,13272.0,1.58,14.13,8019.0,3649.0,8.8,9.04,11667.0
2025-03-18,1,12158.0,1.85,16.25,7043.0,3262.0,7.57,7.89,10305.0
2025-03-18,2,10574.0,2.24,18.89,6086.0,2694.0,6.53,6.91,8780.0
2025-03-18,3,10030.0,2.52,19.7,6015.0,2644.0,6.51,6.9,8660.0
2025-03-18,4,9640.0,2.74,18.61,5958.0,2618.0,6.59,6.99,8576.0
2025-03-18,5,12985.0,3.08,13.85,6577.0,3375.0,7.47,7.73,9952.0
2025-03-18,6,17151.0,3.49,9.86,11692.0,5835.0,16.19,15.87,17527.0
2025-03-18,7,18260.0,3.0,6.92,14361.0,7220.0,22.25,21.48,21581.0
2025-03-18,8,18185.0,2.45,5.55,13393.0,7177.0,19.98,19.21,20570.0
2025-03-18,9,18239.0,2.03,5.15,12752.0,6892.0,18.75,18.06,19643.0
2025-03-18,10,18010.0,1.91,5.23,11303.0,6176.0,15.42,14.97,17480.0
2025-03-18,11,15971.0,1.98,8.46,10300.0,5672.0,12.94,12.66,15972.0
2025-03-18,12,15992.0,1.99,8.49,10221.0,5576.0,12.79,12.53,15797.0
2025-03-18,13,15894.0,2.02,8.41,10121.0,5465.0,12.52,12.3,15586.0
2025-03-18,14,16092.0,2.11,8.63,9936.0,5369.0,12.28,12.09,15304.0
2025-03-18,15,14425.0,2.1,11.05,9920.0,5377.0,12.26,12.07,15297.0
2025-03-18,16,15704.0,1.94,9.23,10175.0,5473.0,12.6,12.38,15648.0
2025-03-18,17,17501.0,2.06,7.69,10884.0,5877.0,16937.25,13.89,16760.0
2025-03-18,18,17739.0,2.03,7.79,12170.0,6642.0,32769.0,16.54,18813.0
2025-03-18,19,18369.0,1.86,6.59,12315.0,6484.0,32769.0,16.99,18800.0
2025-03-18,20,18571.0,1.78,6.43,12457.0,6561.0,32769.0,17.29,19018.0
2025-03-18,21,18175.0,1.75,6.27,11781.0,6124.0,32769.0,16.31,17905.0
2025-03-18,22,18801.0,1.93,6.62,11115.0,5456.0,32769.0,14.89,16570.0
2025-03-18,23,16502.0,2.39,7.83,10369.0,5173.0,32769.0,13.23,15541.0
2025-03-19,0,13256.0,2.41,14.84,8360.0,4204.0,32769.0,9.54,12564.0
2025-03-19,1,12424.0,2.5,17.01,7768.0,3939.0,32769.0,8.8,11707.0
2025-03-19,2,12494.0,2.68,17.44,7519.0,3769.0,32769.0,8.56,11289.0
2025-03-19,3,12535.0,2.95,17.81,7010.0,3571.0,32769.0,7.99,10581.0
2025-03-19,4,11966.0,3.26,16.93,7005.0,3560.0,32769.0,8.1,10565.0
2025-03-19,5,13148.0,3.54,13.81,7580.0,3957.0,32769.0,9.15,11536.0
2025-03-19,6,15460.0,3.48,11.29,11820.0,6232.0,32769.0,16.05,18053.0
2025-03-19,7,16131.0,2.57,9.0,14056.0,7657.0,27311.02,20.36,21713.0
2025-03-19,8,18509.0,1.76,4.35,13491.0,7513.0,20.28,19.35,21004.0
2025-03-19,9,18732.0,1.48,4.04,11855.0,7220.0,16.59,15.77,19075.0
2025-03-19,10,18657.0,1.51,4.03,11054.0,6633.0,14.81,14.2,17687.0
2025-03-19,11,18512.0,1.86,4.4,9890.0,6271.0,11.92,11.48,16160.0
2025-03-19,12,16388.0,2.11,7.82,10023.0,5994.0,12.29,11.95,16017.0
2025-03-19,13,17899.0,2.27,5.58,10368.0,5994.0,12.97,12.64,16362.0
2025-03-19,14,17270.0,2.61,6.76,9767.0,5834.0,11.88,11.58,15601.0
2025-03-19,15,16946.0,2.9,8.44,10066.0,5909.0,12.38,12.01,15975.0
2025-03-19,16,14615.0,2.79,11.75,10493.0,5916.0,13.36,12.93,16410.0
2025-03-19,17,16235.0,2.49,10.27,10765.0,6523.0,14.24,13.65,17288.0
2025-03-19,18,16568.0,2.21,9.67,11298.0,7108.0,15.15,14.36,18406.0
2025-03-19,19,18027.0,1.9,7.47,12007.0,6973.0,17.09,16.35,18980.0
2025-03-19,20,18256.0,1.75,6.83,12017.0,6968.0,17.16,16.41,18986.0
2025-03-19,21,18200.0,1.64,6.88,11612.0,6557.0,16.45,15.86,18169.0
2025-03-19,22,16886.0,1.74,8.67,10422.0,5557.0,13.65,13.41,15979.0
2025-03-19,23,17539.0,2.08,9.78,9588.0,5268.0,11.99,11.82,14855.0
2025-03-20,0,12073.0,2.35,15.97,7403.0,4380.0,7.95,7.74,11783.0
2025-03-20,1,12140.0,2.47,16.64,7033.0,4327.0,7.56,7.37,11360.0
2025-03-20,2,10912.0,2.64,18.44,6328.0,3570.0,6.77,6.82,9899.0
2025-03-20,3,10811.0,2.85,19.13,6094.0,3216.0,6.58,6.75,9310.0
2025-03-20,4,9875.0,3.04,16.75,6141.0,3235.0,6.61,6.77,9376.0
2025-03-20,5,13554.0,3.24,14.06,7301.0,3905.0,8.38,8.38,11206.0
2025-03-20,6,16902.0,3.43,10.62,11960.0,6332.0,16.89,16.4,18292.0
2025-03-20,7,19067.0,2.9,5.11,14337.0,7710.0,22.11,21.14,22046.0
2025-03-20,8,19204.0,2.44,4.62,13188.0,7680.0,19.31,18.33,20868.0
2025-03-20,9,18938.0,2.2,4.37,12553.0,7358.0,18.1,17.23,19911.0
2025-03-20,10,17360.0,2.08,6.48,10438.0,6580.0,13.72,13.12,17019.0
2025-03-20,11,15939.0,2.25,8.92,8662.0,6276.0,9.92,9.39,14938.0
2025-03-20,12,16723.0,2.15,7.99,10091.0,7197.0,12.63,11.75,17288.0
2025-03-20,13,17386.0,2.15,7.47,10040.0,7246.0,12.33,11.44,17286.0
2025-03-20,14,17394.0,2.23,7.55,9498.0,6885.0,11.43,10.68,16383.0
2025-03-20,15,17358.0,2.43,7.68,9444.0,6790.0,11.25,10.53,16235.0
2025-03-20,16,17195.0,2.58,7.78,9698.0,7108.0,11.76,10.92,16806.0
2025-03-20,17,17115.0,2.47,7.63,10409.0,7842.0,13.27,12.13,18252.0
2025-03-20,18,17403.0,2.17,7.48,11054.0,8338.0,14.91,13.53,19392.0
2025-03-20,19,18452.0,1.82,6.35,11226.0,8465.0,15.57,14.15,19691.0
2025-03-20,20,19052.0,1.66,5.49,11326.0,8420.0,15.35,13.95,19747.0
2025-03-20,21,19234.0,1.59,5.92,10935.0,8231.0,15.0,13.68,19165.0
2025-03-20,22,14752.0,1.3,12.63,10092.0,7552.0,13.17,12.16,17644.0
2025-03-20,23,14025.0,0.9,10.92,9387.0,6208.0,10.94,10.49,15595.0
2025-03-21,0,16384.0,0.92,6.37,8600.0,5627.0,9.24,9.01,14227.0
2025-03-21,1,12568.0,1.26,15.99,7573.0,4903.0,7.82,7.73,12476.0
2025-03-21,2,12545.0,1.31,16.53,7490.0,4875.0,8.02,7.93,12364.0
2025-03-21,3,15651.0,1.49,11.87,7580.0,4867.0,8.13,8.04,12448.0
2025-03-21,4,19131.0,2.82,6.31,6541.0,4576.0,6.94,6.9,11117.0
2025-03-21,5,12235.0,3.57,14.02,6851.0,5093.0,7.63,7.47,11944.0
2025-03-21,6,17429.0,3.51,6.23,11218.0,8079.0,14.89,13.64,19297.0
2025-03-21,7,18678.0,2.76,5.14,13988.0,9568.0,21.11,19.22,23556.0
2025-03-21,8,18917.0,1.96,4.45,12941.0,9393.0,18.75,16.91,22334.0
2025-03-21,9,19374.0,1.5,4.12,11746.0,8983.0,32223.15,14.57,20729.0
2025-03-21,10,19160.0,1.36,4.09,10729.0,8213.0,32769.0,12.58,18941.0
2025-03-21,11,19242.0,1.52,4.1,10248.0,7899.0,32769.0,11.35,18147.0
2025-03-21,12,19251.0,1.73,4.11,10287.0,7668.0,32769.0,11.8,17955.0
2025-03-21,13,19448.0,1.98,4.25,10380.0,7555.0,32769.0,12.12,17935.0
2025-03-21,14,16347.0,2.2,9.27,10352.0,5852.0,32769.0,12.76,16204.0
2025-03-21,15,15805.0,2.14,10.22,9936.0,5306.0,6563.54,12.1,15242.0
2025-03-21,16,16806.0,2.3,9.04,10690.0,5689.0,22396.13,559.27,16379.0
2025-03-21,17,16673.0,2.26,8.92,11072.0,6242.0,560.62,14.22,17314.0
2025-03-21,18,16505.0,1.99,8.6,11854.0,6638.0,16.47,15.85,18493.0
2025-03-21,19,16567.0,1.56,8.42,11992.0,6737.0,17.22,16.57,18729.0
2025-03-21,20,17011.0,1.25,8.71,11728.0,6583.0,16.57,15.97,18311.0
2025-03-21,21,17526.0,1.1,9.05,11475.0,6242.0,16.13,15.66,17717.0
2025-03-21,22,17447.0,1.25,9.0,10644.0,5268.0,13.85,13.7,15912.0
2025-03-21,23,17048.0,1.65,11.6,10027.0,4888.0,12.73,12.67,14915.0
2025-03-22,0,13352.0,2.0,15.31,8197.0,3873.0,9.17,9.32,12070.0
2025-03-22,1,12630.0,2.22,16.16,7836.0,3647.0,8.62,8.81,11483.0
2025-03-22,2,12720.0,2.44,16.52,7816.0,3784.0,8.71,8.89,11599.0
2025-03-22,3,12691.0,2.69,16.65,7496.0,3662.0,8.36,8.55,11158.0
2025-03-22,4,14687.0,3.13,13.33,7574.0,3693.0,8.65,8.81,11267.0
2025-03-22,5,11595.0,3.57,16.43,7400.0,3688.0,8.79,8.97,11087.0
2025-03-22,6,16551.0,3.59,9.36,11076.0,6291.0,15.41,14.88,17368.0
2025-03-22,7,17614.0,3.0,7.6,14441.0,7839.0,22.76,21.73,22280.0
2025-03-22,8,18458.0,2.05,5.68,14493.0,8379.0,22.77,21.5,22872.0
2025-03-22,9,19281.0,1.38,4.12,14283.0,7578.0,22.13,21.2,21862.0
2025-03-22,10,19340.0,1.15,4.11,12538.0,6854.0,17.66,16.98,19393.0
2025-03-22,11,19320.0,1.13,4.11,12489.0,6864.0,17.36,16.67,19354.0
2025-03-22,12,19457.0,1.16,4.12,12568.0,6422.0,17.75,17.23,18990.0
2025-03-22,13,19553.0,1.26,4.13,12570.0,6362.0,17.94,17.45,18932.0
2025-03-22,14,19617.0,1.47,4.13,11710.0,6272.0,16.05,15.57,17982.0
2025-03-22,15,19444.0,1.78,4.15,11743.0,6289.0,15.98,15.52,18032.0
2025-03-22,16,19115.0,2.01,4.25,11772.0,6363.0,16.26,15.76,18135.0
2025-03-22,17,19089.0,2.11,4.33,12217.0,6830.0,17.34,16.66,19047.0
2025-03-22,18,19086.0,2.08,4.33,12410.0,7162.0,17.76,16.96,19572.0
2025-03-22,19,19289.0,2.01,4.25,12351.0,7031.0,17.82,17.1,19382.0
2025-03-22,20,19912.0,2.09,4.45,12600.0,6848.0,18.67,18.01,19448.0
2025-03-22,21,18887.0,2.23,6.88,11342.0,6347.0,15.97,15.46,17689.0
2025-03-22,22,13785.0,2.31,14.71,8884.0,5300.0,10.6,10.43,14184.0
2025-03-22,23,14005.0,2.23,15.9,8951.0,5284.0,10.25,10.08,14235.0
2025-03-23,0,14097.0,2.3,15.07,8513.0,4307.0,9.63,9.72,12820.0
2025-03-23,1,13930.0,2.67,14.53,7568.0,3847.0,8.47,8.67,11415.0
2025-03-23,2,11568.0,3.01,18.58,6921.0,3725.0,7.57,7.79,10646.0
2025-03-23,3,11019.0,3.15,19.5,6562.0,3567.0,7.27,7.52,10128.0
2025-03-23,4,9854.0,3.28,20.08,6081.0,3400.0,7.06,7.27,9481.0
2025-03-23,5,10254.0,3.35,20.24,5600.0,3615.0,6.91,6.93,9215.0
2025-03-23,6,15128.0,3.49,11.31,9106.0,5665.0,12.16,11.62,14772.0
2025-03-23,7,18636.0,3.37,6.2,13425.0,7061.0,20.74,19.98,20486.0
2025-03-23,8,18973.0,2.86,5.1,14581.0,7417.0,23.45,22.59,21998.0
2025-03-23,9,19080.0,2.27,4.48,14515.0,7402.0,23.37,22.5,21917.0
2025-03-23,10,19357.0,1.79,4.15,13819.0,7102.0,21.36,20.61,20922.0
2025-03-23,11,19663.0,1.69,4.15,12587.0,6586.0,18.3,17.72,19173.0
2025-03-23,12,19682.0,1.92,4.25,11549.0,6356.0,16.06,15.55,17905.0
2025-03-23,13,19441.0,2.32,4.74,10898.0,6178.0,14.87,14.42,17076.0
2025-03-23,14,19116.0,2.81,5.29,10537.0,5960.0,14.18,13.78,16497.0
2025-03-23,15,15416.0,3.01,10.65,10388.0,5873.0,13.9,13.53,16261.0
2025-03-23,16,14524.0,2.66,11.64,10621.0,6205.0,14.39,13.9,16826.0
2025-03-23,17,15606.0,2.16,10.18,11217.0,6802.0,15.67,14.97,18019.0
2025-03-23,18,18697.0,1.88,5.63,12076.0,7334.0,17.7,16.81,19410.0
2025-03-23,19,19075.0,1.8,5.65,12063.0,7222.0,17.73,16.9,19285.0
2025-03-23,20,18170.0,1.72,7.13,12071.0,6928.0,17.64,16.92,18999.0
2025-03-23,21,17196.0,1.57,8.77,11934.0,6254.0,16.9,16.44,18187.0
2025-03-23,22,14328.0,1.38,13.28,9315.0,5390.0,10.98,10.78,14705.0
2025-03-23,23,14974.0,1.44,14.18,8660.0,5191.0,9.97,9.82,13852.0
2025-03-24,0,14603.0,1.73,14.12,7981.0,4820.0,8.89,8.83,12801.0
2025-03-24,1,12391.0,2.07,16.93,6946.0,3837.0,7.44,7.6,10783.0
2025-03-24,2,12187.0,2.46,17.32,6490.0,3032.0,6.99,7.3,9522.0
2025-03-24,3,10976.0,2.86,19.83,6574.0,2887.0,7.1,7.44,9461.0
2025-03-24,4,10832.0,3.16,19.71,6360.0,2823.0,6.96,7.29,9183.0
2025-03-24,5,12393.0,3.42,14.85,7526.0,3899.0,8.78,8.9,11425.0
2025-03-24,6,17590.0,3.44,7.84,12499.0,6405.0,18.3,17.78,18904.0
2025-03-24,7,19051.0,2.89,5.05,14853.0,7703.0,23.81,22.85,22556.0
2025-03-24,8,19045.0,2.22,4.41,14376.0,7790.0,22.23,21.2,22166.0
2025-03-24,9,18995.0,1.72,4.09,13489.0,7516.0,20.27,19.35,21005.0
2025-03-24,10,18890.0,1.47,4.05,19765.0,16339.0,17.1,16.43,36104.0
2025-03-24,11,18771.0,1.61,4.04,11023.0,6225.0,14.11,13.65,17248.0
2025-03-24,12,18616.0,1.93,4.13,10577.0,5976.0,13.17,12.8,16553.0
2025-03-24,13,18097.0,2.26,4.36,10978.0,5876.0,14.04,13.7,16854.0
2025-03-24,14,17791.0,2.48,5.49,10840.0,5793.0,13.95,13.64,16633.0
2025-03-24,15,15617.0,2.48,8.8,10790.0,5721.0,13.65,13.37,16512.0
2025-03-24,16,16691.0,2.32,8.47,11197.0,6004.0,14.88,14.49,17200.0
2025-03-24,17,18993.0,2.35,5.17,11707.0,6667.0,15.9,15.29,18374.0
2025-03-24,18,18302.0,2.34,5.33,12056.0,7318.0,16.7,15.84,19374.0
2025-03-24,19,18550.0,2.07,5.26,12720.0,7122.0,18.58,17.8,19842.0
2025-03-24,20,18895.0,1.88,5.18,12885.0,6939.0,18.71,18.01,19825.0
2025-03-24,21,18935.0,1.75,5.11,12580.0,6577.0,18.47,17.92,19156.0
2025-03-24,22,18388.0,1.86,7.34,11451.0,5739.0,15.72,15.44,17191.0
2025-03-24,23,14932.0,1.98,13.63,10682.0,5065.0,13.36,13.28,15747.0
2025-03-25,0,14546.0,1.89,12.92,8582.0,4095.0,9.37,9.34,12677.0
2025-03-25,1,15194.0,2.46,12.41,8134.0,3846.0,8.71,8.72,11981.0
2025-03-25,2,13185.0,3.0,17.5,7775.0,3402.0,8.19,8.32,11177.0
2025-03-25,3,11070.0,3.18,20.66,7447.0,2979.0,7.56,7.81,10426.0
2025-03-25,4,11838.0,3.34,18.52,7059.0,3000.0,7.71,7.95,10059.0
2025-03-25,5,12984.0,3.6,14.64,8463.0,3807.0,10.32,10.43,12270.0
2025-03-25,6,16996.0,3.54,8.86,13011.0,6366.0,19.21,18.72,19376.0
2025-03-25,7,18090.0,2.76,6.29,14560.0,7686.0,22.73,21.8,22246.0
2025-03-25,8,19065.0,2.12,4.31,14305.0,7771.0,22.34,21.33,22076.0
2025-03-25,9,18510.0,1.59,4.02,13496.0,7373.0,20.67,19.8,20868.0
2025-03-25,10,18439.0,1.32,4.01,11789.0,6621.0,16.51,15.96,18409.0
2025-03-25,11,18764.0,1.51,4.04,10853.0,6226.0,13.75,13.36,17079.0
2025-03-25,12,18925.0,1.86,4.13,10995.0,5856.0,14.29,14.01,16852.0
2025-03-25,13,18503.0,2.28,4.62,10682.0,5706.0,13.72,13.47,16387.0
2025-03-25,14,17908.0,2.63,5.22,10760.0,5703.0,13.83,13.58,16463.0
2025-03-25,15,17477.0,2.89,6.06,10609.0,5557.0,13.5,13.31,16166.0
2025-03-25,16,15623.0,2.93,8.8,11179.0,5672.0,14.85,14.61,16851.0
2025-03-25,17,15887.0,2.58,8.59,11813.0,6127.0,16.51,16.09,17940.0
2025-03-25,18,17794.0,2.22,6.78,12628.0,6620.0,18.41,17.82,19248.0
2025-03-25,19,18474.0,2.02,6.65,12859.0,6440.0,19.38,18.86,19299.0
2025-03-25,20,18573.0,1.86,6.59,13034.0,6472.0,19.74,19.22,19506.0
2025-03-25,21,18457.0,1.72,7.07,13012.0,5948.0,19.77,19.45,18961.0
2025-03-25,22,17913.0,1.69,9.98,11554.0,5155.0,16.27,16.17,16710.0
2025-03-25,23,12916.0,1.79,16.68,9914.0,4545.0,12.52,12.55,14459.0
2025-03-26,0,13099.0,1.47,12.15,8634.0,4002.0,9.92,10.05,12636.0
2025-03-26,1,15184.0,2.02,11.02,7946.0,3538.0,8.74,8.95,11484.0
2025-03-26,2,10669.0,2.46,17.7,6931.0,2955.0,7.34,7.67,9886.0
2025-03-26,3,10550.0,2.58,18.71,6878.0,2938.0,7.47,7.79,9816.0
2025-03-26,4,11197.0,2.8,16.93,6523.0,2794.0,7.1,7.44,9317.0
2025-03-26,5,14724.0,3.32,11.92,7954.0,3450.0,9.53,9.77,11404.0
2025-03-26,6,16590.0,3.46,8.55,13063.0,5828.0,19.72,19.41,18891.0
2025-03-26,7,18566.0,2.8,4.92,15166.0,7228.0,24.68,23.9,22394.0
2025-03-26,8,18533.0,2.11,4.26,14405.0,7299.0,22.75,21.93,21704.0
2025-03-26,9,18451.0,1.59,4.01,13498.0,6799.0,20.67,20.02,20297.0
2025-03-26,10,17893.0,1.36,3.95,12199.0,6146.0,17.14,16.72,18346.0
2025-03-26,11,17972.0,1.4,3.95,11241.0,5689.0,14.57,14.35,16930.0
2025-03-26,12,18198.0,1.67,3.98,11290.0,5451.0,14.74,14.55,16741.0
2025-03-26,13,18194.0,1.93,4.08,11353.0,5462.0,14.78,14.59,16815.0
2025-03-26,14,17895.0,2.21,4.31,10865.0,5275.0,14.15,14.0,16141.0
2025-03-26,15,17834.0,2.56,4.64,10656.0,5267.0,14.16,14.0,15922.0
2025-03-26,16,18122.0,2.92,5.41,11106.0,5468.0,15.0,14.8,16575.0
2025-03-26,17,16055.0,2.85,8.5,12116.0,6057.0,17.14,16.75,18174.0
2025-03-26,18,17675.0,2.41,5.77,12859.0,6583.0,18.74,18.18,19441.0
2025-03-26,19,18596.0,2.15,4.53,13026.0,6539.0,19.84,19.29,19565.0
2025-03-26,20,18389.0,1.95,4.36,13128.0,6571.0,19.84,19.3,19700.0
2025-03-26,21,18023.0,1.7,4.31,13060.0,6216.0,20.03,19.61,19276.0
2025-03-26,22,16845.0,1.49,4.15,11623.0,5591.0,16.57,16.32,17215.0
2025-03-26,23,16095.0,1.55,5.43,10358.0,4969.0,13.63,13.56,15327.0
2025-03-27,0,13254.0,1.8,9.03,8079.0,3888.0,9.09,9.24,11967.0
2025-03-27,1,10915.0,1.86,11.54,7387.0,3564.0,7.9,8.12,10952.0
2025-03-27,2,12834.0,2.01,10.17,7443.0,3519.0,8.07,8.29,10962.0
2025-03-27,3,13780.0,2.44,11.07,7513.0,3554.0,8.38,8.59,11066.0
2025-03-27,4,11874.0,2.91,14.75,6819.0,3317.0,7.72,7.98,10136.0
2025-03-27,5,13436.0,3.29,12.86,7944.0,3513.0,9.47,9.67,11456.0
2025-03-27,6,17576.0,3.37,7.5,12684.0,5895.0,18.75,18.41,18579.0
2025-03-27,7,18311.0,2.78,5.36,15249.0,7222.0,25.05,24.29,22471.0
2025-03-27,8,18385.0,2.04,4.38,14568.0,7209.0,23.44,22.68,21777.0
2025-03-27,9,18466.0,1.47,4.01,13841.0,6883.0,21.88,21.22,20724.0
2025-03-27,10,18312.0,1.19,3.99,12171.0,6039.0,17.45,17.07,18211.0
2025-03-27,11,18267.0,1.47,3.99,10243.0,5509.0,13.19,12.96,15752.0
2025-03-27,12,18162.0,1.95,4.11,10224.0,5434.0,12.8,12.59,15658.0
2025-03-27,13,18507.0,2.44,4.59,10227.0,5430.0,12.88,12.67,15658.0
2025-03-27,14,18227.0,3.04,5.93,10044.0,5198.0,12.51,12.37,15242.0
2025-03-27,15,13630.0,3.07,14.78,10241.0,5251.0,13.07,12.91,15492.0
2025-03-27,16,14234.0,2.71,15.42,10926.0,5478.0,14.61,14.39,16404.0
2025-03-27,17,16588.0,2.27,10.92,11986.0,5999.0,17.07,16.69,17984.0
2025-03-27,18,17701.0,2.1,7.54,12117.0,6612.0,17.5,16.9,18729.0
2025-03-27,19,17747.0,1.79,7.29,13121.0,6363.0,20.2,19.72,19484.0
2025-03-27,20,18779.0,1.48,5.73,13852.0,6462.0,21.69,21.18,20314.0
2025-03-27,21,19020.0,1.28,5.09,13387.0,6065.0,21.06,20.68,19452.0
2025-03-27,22,17902.0,1.38,7.22,11720.0,5076.0,17.11,17.01,16796.0
2025-03-27,23,14121.0,1.42,12.66,9415.0,5092.0,11.64,11.52,14507.0
2025-03-28,0,15218.0,1.52,9.85,7939.0,4824.0,8.64,8.34,12763.0
2025-03-28,1,12531.0,1.98,13.29,6756.0,4160.0,7.22,7.08,10915.0
2025-03-28,2,11677.0,2.29,14.46,6449.0,3327.0,7.02,7.14,9776.0
2025-03-28,3,10242.0,2.54,16.22,6288.0,2989.0,6.85,7.06,9277.0
2025-03-28,4,10314.0,2.71,16.18,6216.0,3013.0,6.93,7.13,9229.0
2025-03-28,5,14852.0,3.32,9.92,7119.0,3984.0,8.51,8.48,11103.0
2025-03-28,6,17695.0,3.43,6.51,12192.0,7124.0,17.97,17.15,19316.0
2025-03-28,7,18464.0,2.71,4.82,13959.0,9210.0,21.81,20.12,23170.0
2025-03-28,8,18220.0,1.94,4.11,13096.0,8332.0,19.87,18.59,21429.0
2025-03-28,9,17878.0,1.39,3.95,12270.0,7757.0,18.15,17.09,20027.0
2025-03-28,10,17820.0,1.18,3.94,10812.0,6774.0,14.46,13.78,17586.0
2025-03-28,11,17698.0,1.35,3.93,10668.0,6094.0,13.65,13.23,16762.0
2025-03-28,12,17614.0,1.48,3.91,11072.0,6022.0,14.75,14.35,17095.0
2025-03-28,13,17597.0,1.54,3.88,11304.0,6264.0,14.81,14.34,17569.0
2025-03-28,14,17788.0,1.68,3.95,9599.0,5596.0,11.91,11.62,15195.0
2025-03-28,15,18521.0,2.4,4.56,9208.0,5252.0,11.21,11.03,14460.0
2025-03-28,16,16451.0,2.93,9.89,9654.0,6463.0,10384.62,11.62,16117.0
2025-03-28,17,16150.0,3.0,9.63,10223.0,5890.0,13.11,12.74,16113.0
2025-03-28,18,16580.0,2.85,7.86,11288.0,6720.0,15.56,14.91,18008.0
2025-03-28,19,18238.0,2.64,5.77,12191.0,6594.0,18.35,17.77,18786.0
2025-03-28,20,18398.0,2.52,5.68,12471.0,6556.0,2748.02,18.28,19027.0
2025-03-28,21,18563.0,2.37,5.71,12463.0,6674.0,19.35,18.72,19137.0
2025-03-28,22,15565.0,2.24,10.79,10903.0,5732.0,15.72,15.42,16635.0
2025-03-28,23,12101.0,2.05,14.39,8652.0,4289.0,10.66,10.74,12941.0
2025-03-29,0,13490.0,1.96,11.69,8130.0,4318.0,9.17,9.23,12447.0
2025-03-29,1,14421.0,2.36,11.85,7626.0,4158.0,8.61,8.69,11784.0
2025-03-29,2,12891.0,2.83,14.6,7051.0,3639.0,7.94,8.13,10691.0
2025-03-29,3,11402.0,3.17,16.72,6599.0,3117.0,7.28,7.57,9716.0
2025-03-29,4,11127.0,3.48,16.37,6570.0,2904.0,7.62,7.93,9474.0
2025-03-29,5,10836.0,3.69,16.0,7261.0,3501.0,8.97,9.16,10762.0
2025-03-29,6,15977.0,3.47,8.06,12053.0,6088.0,4384.15,17.39,18141.0
2025-03-29,7,17892.0,2.8,4.84,14190.0,8082.0,1113.52,20.81,22272.0
2025-03-29,8,18454.0,1.94,4.15,14669.0,8461.0,22.93,21.62,23130.0
2025-03-29,9,18524.0,1.0,4.0,14883.0,8363.0,24.12,22.83,23245.0
2025-03-29,10,18667.0,0.64,4.02,11767.0,7421.0,15.97,15.08,19188.0
2025-03-29,11,18854.0,0.64,4.03,11850.0,6877.0,14.67,14.02,18727.0
2025-03-29,12,18938.0,0.75,4.04,11615.0,6784.0,14.56,13.92,18399.0
2025-03-29,13,18990.0,1.02,4.04,11200.0,6716.0,1124.08,13.08,17916.0
2025-03-29,14,19048.0,1.31,4.05,11278.0,6802.0,14.18,13.48,18080.0
2025-03-29,15,18840.0,1.6,4.03,10880.0,6668.0,13.86,13.2,17548.0
2025-03-29,16,18739.0,1.84,4.09,11210.0,17150.0,1652.53,14.46,28360.0
2025-03-29,17,18569.0,1.86,4.07,11871.0,32769.0,16.78,15.95,44640.0
2025-03-29,18,18704.0,1.59,4.03,13073.0,32769.0,19.73,18.59,45842.0
2025-03-29,19,19371.0,1.22,4.09,13275.0,32769.0,6570.55,19.93,46044.0
2025-03-29,20,19287.0,1.01,4.1,12902.0,32769.0,566.06,19.47,45671.0
2025-03-29,21,19408.0,0.94,4.11,12546.0,32769.0,19.53,18.83,45315.0
2025-03-29,22,11633.0,0.69,16.25,10537.0,32769.0,15.34,14.97,43306.0
2025-03-29,23,5328.0,0.19,21.17,4410.0,32769.0,3.61,3.91,37179.0
2025-03-30,0,10891.0,0.12,16.52,6223.0,32769.0,6.41,6.22,38992.0
2025-03-30,1,10927.0,0.17,16.78,6342.0,32769.0,6.63,6.46,39111.0
2025-03-30,2,11029.0,0.27,17.2,6524.0,32769.0,6.87,6.72,39293.0
2025-03-30,3,11247.0,0.31,17.84,6677.0,32769.0,7.27,7.08,39446.0
2025-03-30,4,12127.0,0.33,16.23,5738.0,32769.0,6.59,6.5,38507.0
2025-03-30,5,19667.0,0.33,4.77,4999.0,32769.0,6.37,6.65,37768.0
2025-03-30,6,16448.0,0.29,9.54,9076.0,32769.0,12.11,11.72,41845.0
2025-03-30,7,18245.0,0.24,6.23,12972.0,32769.0,1657.16,18.77,45741.0
2025-03-30,8,18665.0,0.19,5.02,13949.0,32769.0,16941.37,20.81,46718.0
2025-03-30,9,18772.0,0.15,4.37,14392.0,32769.0,22.73,21.53,47161.0
2025-03-30,10,18896.0,0.11,4.06,13753.0,32769.0,2204.96,20.92,46522.0
2025-03-30,11,19270.0,0.07,4.08,11778.0,32769.0,7113.33,16.35,44547.0
2025-03-30,12,19286.0,0.04,4.1,11316.0,32769.0,32769.0,13.99,44085.0
2025-03-30,13,18830.0,0.02,4.25,10755.0,32769.0,7657.78,10.87,43524.0
2025-03-30,14,18128.0,0.02,4.47,10666.0,32769.0,6019.92,8.44,43435.0
2025-03-30,15,18061.0,0.01,4.67,10630.0,32769.0,10387.13,7.53,43399.0
2025-03-30,16,18141.0,0.01,4.97,10125.0,32769.0,19667.08,7.17,42894.0
2025-03-30,17,18228.0,0.01,5.2,10911.0,32769.0,15.66,6.63,43680.0
2025-03-30,18,18184.0,0.0,5.18,11172.0,32769.0,16.33,5.85,43941.0
2025-03-30,19,17839.0,0.01,5.71,11240.0,32769.0,16.42,5.26,44009.0
2025-03-30,20,18336.0,0.02,5.92,11336.0,32769.0,16.39,4.87,44105.0
2025-03-30,21,15055.0,0.03,10.67,11235.0,32769.0,16.26,4.61,44004.0
2025-03-30,22,14546.0,0.03,12.23,9257.0,32769.0,11.86,4.36,42026.0
2025-03-30,23,15181.0,0.03,13.01,8756.0,32769.0,10.72,4.08,41525.0
2025-03-31,0,12693.0,0.03,15.87,7344.0,32769.0,8.16,3.82,40113.0
2025-03-31,1,11829.0,0.04,17.09,6840.0,32769.0,7.45,3.58,39609.0
2025-03-31,2,11179.0,0.04,18.28,6595.0,32769.0,7.3,3.39,39364.0
2025-03-31,3,9491.0,0.04,20.54,6304.0,32769.0,6.96,3.26,39073.0
2025-03-31,4,9315.0,0.04,19.99,6250.0,32769.0,7.06,3.11,39019.0
2025-03-31,5,11834.0,0.04,16.5,7252.0,32769.0,8.96,2.97,40021.0
2025-03-31,6,17087.0,0.04,8.97,11817.0,32769.0,17.34,2.86,44586.0
2025-03-31,7,18238.0,0.03,5.94,14317.0,32769.0,5480.66,2.83,47086.0
2025-03-31,8,18371.0,0.03,4.62,13372.0,32769.0,32769.0,2.98,46141.0
2025-03-31,9,18959.0,0.02,4.11,13490.0,24652.0,22399.39,2733.79,38142.0
2025-03-31,10,19691.0,0.01,4.15,12853.0,6757.0,19.34,3.69,19610.0
2025-03-31,11,19665.0,0.01,4.21,11075.0,6216.0,15.04,3.85,17291.0
2025-03-31,12,19414.0,0.0,4.6,10632.0,5986.0,14.13,1.81,16617.0
2025-03-31,13,17996.0,0.0,7.22,10292.0,5852.0,13.62,1.76,16144.0
2025-03-31,14,16552.0,0.0,9.64,10019.0,5729.0,13.09,1.68,15748.0
2025-03-31,15,15801.0,0.0,10.79,10256.0,5635.0,13.58,1.27,15891.0
2025-03-31,16,15144.0,0.0,12.57,11287.0,5813.0,16.02,1.04,17100.0
2025-03-31,17,16797.0,0.0,9.67,12347.0,6538.0,18.91,0.84,18885.0
2025-03-31,18,18763.0,0.01,6.89,12877.0,6964.0,20.46,0.84,19841.0
2025-03-31,19,19798.0,0.02,4.56,13948.0,6746.0,23.24,0.84,20694.0
2025-03-31,20,19767.0,0.03,4.54,14710.0,6609.0,24.21,0.84,21320.0
2025-03-31,21,19877.0,0.03,4.6,14069.0,6572.0,23.56,0.84,20641.0
2025-03-31,22,20149.0,0.04,4.67,12011.0,5551.0,18.45,0.84,17562.0
2025-03-31,23,16510.0,0.05,11.25,11299.0,4862.0,16.22,0.84,16162.0
2025-04-01,0,14607.0,0.05,12.63,9191.0,3996.0,11.22,0.84,13187.0
2025-04-01,1,11761.0,0.05,16.9,7317.0,3393.0,8.21,0.84,10710.0
2025-04-01,2,11487.0,0.06,18.16,7599.0,3242.0,8.97,0.84,10841.0
2025-04-01,3,11244.0,0.06,18.21,7563.0,3177.0,8.95,0.84,10740.0
2025-04-01,4,11862.0,0.06,15.37,7504.0,3195.0,9.12,0.84,10699.0
2025-04-01,5,15263.0,0.06,10.33,8935.0,3772.0,11.8,0.84,12708.0
2025-04-01,6,18801.0,0.06,5.61,13877.0,6455.0,22.86,0.84,20332.0
2025-04-01,7,18626.0,0.06,4.81,14826.0,7999.0,25.26,0.84,22826.0
2025-04-01,8,18883.0,0.03,4.21,14281.0,7848.0,23.89,0.84,22129.0
2025-04-01,9,18849.0,0.01,4.05,13598.0,7583.0,22.39,0.84,21181.0
2025-04-01,10,18945.0,0.0,4.06,12050.0,6696.0,18.15,1.06,18746.0
2025-04-01,11,18973.0,0.0,4.06,13003.0,6154.0,19.76,1.35,19158.0
2025-04-01,12,19016.0,0.0,4.07,11695.0,6023.0,16.72,1.72,17717.0
2025-04-01,13,19036.0,0.0,4.09,10350.0,6029.0,13.39,2.07,16379.0
2025-04-01,14,18932.0,0.0,4.38,10348.0,5775.0,13.54,2.21,16123.0
2025-04-01,15,18051.0,0.0,5.04,10665.0,5890.0,14.44,2.23,16555.0
2025-04-01,16,17194.0,0.0,6.35,11036.0,6075.0,15.33,2.24,17111.0
2025-04-01,17,17540.0,0.0,5.78,10613.0,6840.0,14.32,1.93,17454.0
2025-04-01,18,17670.0,0.0,5.66,10842.0,7383.0,14.68,1.44,18226.0
2025-04-01,19,17523.0,0.0,6.11,11262.0,7022.0,15.75,1.11,18284.0
2025-04-01,20,16978.0,0.0,6.86,11894.0,7230.0,17.03,0.9,19124.0
2025-04-01,21,17282.0,0.0,6.64,11771.0,6745.0,17.19,0.84,18516.0
2025-04-01,22,17308.0,0.0,6.56,12111.0,5746.0,17.46,0.84,17857.0
2025-04-01,23,16173.0,0.01,6.05,11449.0,4939.0,15.79,0.84,16388.0
2025-04-02,0,16154.0,0.02,6.64,9867.0,4214.0,12.38,0.84,14082.0
2025-04-02,1,13734.0,0.03,10.09,7904.0,3645.0,8.9,0.84,11548.0
2025-04-02,2,12166.0,0.03,12.32,7709.0,2798.0,8.77,0.84,10507.0
2025-04-02,3,13957.0,0.03,10.24,7076.0,2585.0,7.84,0.84,9661.0
2025-04-02,4,11188.0,0.04,14.47,7355.0,2744.0,8.64,0.84,10099.0
2025-04-02,5,11364.0,0.04,17.8,7835.0,3445.0,9.52,0.84,11280.0
2025-04-02,6,16568.0,0.04,8.51,11755.0,6478.0,16.44,0.84,18233.0
2025-04-02,7,18308.0,0.02,5.41,13820.0,8297.0,21.14,0.84,22117.0
2025-04-02,8,18771.0,0.01,4.58,12944.0,8299.0,19.26,0.84,21244.0
2025-04-02,9,18631.0,0.0,4.19,12347.0,7881.0,18.16,1.09,20227.0
2025-04-02,10,18346.0,0.0,4.01,11521.0,7029.0,16.22,1.41,18549.0
2025-04-02,11,18628.0,0.0,4.14,10528.0,6308.0,14.06,1.54,16836.0
2025-04-02,12,17205.0,0.0,6.91,10382.0,6049.0,13.74,1.61,16431.0
2025-04-02,13,16322.0,0.0,8.62,10322.0,5968.0,13.74,1.86,16290.0
2025-04-02,14,16542.0,0.0,8.79,10181.0,5606.0,13.29,2.08,15787.0
2025-04-02,15,13829.0,0.0,12.59,8860.0,5742.0,10.42,1.96,14602.0
2025-04-02,16,14264.0,0.0,12.51,10317.0,6235.0,13.4,1.79,16552.0
2025-04-02,17,19010.0,0.0,6.28,11315.0,6755.0,15.82,1.8,18070.0
2025-04-02,18,19694.0,0.0,5.31,11396.0,7370.0,15.87,1.28,18766.0
2025-04-02,19,16135.0,0.0,11.16,10944.0,7138.0,15.15,0.89,18082.0
2025-04-02,20,15401.0,0.0,11.66,10726.0,6966.0,14.29,0.84,17692.0
2025-04-02,21,15067.0,0.0,12.54,10334.0,6823.0,13.82,0.84,17157.0
2025-04-02,22,15450.0,0.0,13.02,8456.0,5692.0,9.99,0.84,14149.0
2025-04-02,23,14573.0,0.0,14.78,8502.0,5104.0,9.48,0.84,13606.0
2025-04-03,0,13301.0,0.01,14.07,8002.0,4441.0,8.85,0.84,12443.0
2025-04-03,1,13288.0,0.02,14.02,7743.0,3656.0,8.64,0.84,11399.0
2025-04-03,2,13916.0,0.03,13.62,7499.0,3055.0,8.29,0.84,10554.0
2025-04-03,3,13246.0,0.04,15.57,6927.0,2785.0,7.58,0.84,9712.0
2025-04-03,4,10902.0,0.05,17.18,6001.0,2356.0,6.67,0.84,8357.0
2025-04-03,5,10361.0,0.05,16.52,6705.0,3455.0,7.77,0.83,10160.0
2025-04-03,6,16331.0,0.05,9.2,10900.0,6211.0,15.07,0.84,17111.0
2025-04-03,7,18359.0,0.06,5.35,13396.0,7692.0,20.86,0.84,21089.0
2025-04-03,8,18036.0,0.04,4.88,12103.0,7876.0,17.72,0.84,19979.0
2025-04-03,9,18113.0,0.01,4.54,11925.0,7554.0,17.68,0.96,19479.0
2025-04-03,10,18253.0,0.0,4.45,10940.0,6863.0,15.23,1.3,17803.0
2025-04-03,11,18631.0,0.0,4.72,10701.0,6414.0,14.56,1.51,17115.0
2025-04-03,12,18697.0,0.0,4.93,11623.0,6018.0,16.66,1.58,17641.0
2025-04-03,13,18026.0,0.0,5.81,10961.0,5878.0,15.42,1.45,16839.0
2025-04-03,14,17262.0,0.0,7.63,9852.0,5644.0,12.88,1.75,15496.0
2025-04-03,15,14787.0,0.0,12.26,10209.0,5787.0,13.51,2.14,15996.0
2025-04-03,16,14040.0,0.0,13.34,10631.0,6059.0,14.65,2.2,16690.0
2025-04-03,17,14512.0,0.0,13.41,11197.0,6976.0,15.67,1.75,18173.0
2025-04-03,18,17956.0,0.01,8.3,11592.0,7422.0,16.59,1.09,19014.0
2025-04-03,19,18590.0,0.02,7.91,11243.0,7212.0,15.8,0.84,18454.0
2025-04-03,20,18714.0,0.03,7.98,11540.0,7236.0,16.14,0.84,18776.0
2025-04-03,21,19209.0,0.04,8.28,11019.0,6789.0,15.58,0.84,17808.0
2025-04-03,22,17989.0,0.04,9.98,9039.0,5661.0,11.18,0.84,14699.0
2025-04-03,23,13741.0,0.05,14.59,8715.0,5413.0,10.37,0.84,14128.0
2025-04-04,0,13151.0,0.06,13.69,8200.0,4202.0,9.33,0.84,12402.0
2025-04-04,1,11263.0,0.06,16.7,6983.0,3393.0,7.58,0.84,10376.0
2025-04-04,2,10790.0,0.06,17.77,6702.0,3086.0,7.25,0.84,9788.0
2025-04-04,3,10138.0,0.06,18.69,6365.0,2733.0,6.88,0.84,9098.0
2025-04-04,4,9860.0,0.06,18.02,6360.0,2732.0,7.01,0.84,9091.0
2025-04-04,5,10970.0,0.07,15.19,7003.0,3338.0,8.08,0.84,10341.0
2025-04-04,6,16618.0,0.07,8.4,11706.0,6493.0,16.73,0.84,18200.0
2025-04-04,7,17986.0,0.06,5.28,13911.0,8027.0,21.68,0.84,21938.0
2025-04-04,8,18467.0,0.03,4.28,12910.0,8025.0,19.37,0.84,20935.0
2025-04-04,9,18266.0,0.01,4.02,11617.0,7860.0,16.38,0.91,19477.0
2025-04-04,10,18154.0,0.0,3.97,11321.0,7248.0,15.69,1.18,18569.0
2025-04-04,11,17995.0,0.0,3.95,11988.0,6381.0,17.41,1.5,18369.0
2025-04-04,12,18577.0,0.0,4.01,11867.0,6130.0,17.28,1.47,17997.0
2025-04-04,13,18416.0,0.0,4.01,10916.0,6008.0,15.26,1.68,16924.0
2025-04-04,14,18853.0,0.0,4.25,10641.0,6081.0,14.68,1.92,16723.0
2025-04-04,15,18946.0,0.0,4.65,10593.0,5870.0,14.25,1.99,16463.0
2025-04-04,16,18970.0,0.0,5.36,10883.0,6239.0,15.09,1.9,17122.0
2025-04-04,17,16154.0,0.0,9.35,11301.0,6944.0,16.11,1.5,18245.0
2025-04-04,18,16234.0,0.01,8.53,11699.0,7530.0,16.85,0.94,19228.0
2025-04-04,19,16537.0,0.03,8.24,10514.0,7011.0,14.62,0.84,17525.0
2025-04-04,20,16693.0,0.04,8.24,10221.0,7038.0,13.55,0.84,17260.0
2025-04-04,21,16679.0,0.04,8.2,10519.0,6761.0,14.48,0.84,17281.0
2025-04-04,22,15671.0,0.05,11.48,9042.0,5820.0,11.01,0.84,14862.0
2025-04-04,23,15950.0,0.05,12.2,9791.0,5606.0,12.06,0.84,15397.0
2025-04-05,0,15365.0,0.05,11.66,9440.0,4782.0,11.64,0.84,14222.0
2025-04-05,1,15254.0,0.06,11.75,9324.0,4076.0,11.49,0.84,13400.0
2025-04-05,2,12280.0,0.06,16.28,8315.0,3416.0,9.66,0.84,11732.0
2025-04-05,3,12065.0,0.06,16.81,8322.0,3428.0,9.78,0.84,11750.0
2025-04-05,4,12526.0,0.06,15.27,7082.0,3193.0,8.21,0.84,10276.0
2025-04-05,5,12737.0,0.06,13.29,6045.0,3972.0,7.26,0.84,10017.0
2025-04-05,6,16981.0,0.06,8.0,11360.0,6363.0,16.43,0.84,17723.0
2025-04-05,7,18414.0,0.06,5.18,13351.0,7913.0,20.84,0.84,21265.0
2025-04-05,8,18381.0,0.05,4.66,13010.0,8245.0,19.62,0.84,21255.0
2025-04-05,9,18610.0,0.03,4.15,13586.0,8108.0,21.32,0.87,21694.0
2025-04-05,10,18617.0,0.0,4.02,13475.0,7482.0,21.13,1.13,20957.0
2025-04-05,11,18872.0,0.0,4.05,13680.0,6859.0,21.68,1.37,20539.0
2025-04-05,12,18825.0,0.0,4.04,12742.0,6764.0,19.25,1.65,19505.0
2025-04-05,13,18713.0,0.0,4.02,12087.0,6522.0,17.55,1.84,18609.0
2025-04-05,14,18776.0,0.0,4.02,11629.0,6435.0,16.56,2.05,18064.0
2025-04-05,15,18653.0,0.0,4.02,11540.0,6397.0,16.37,2.02,17937.0
2025-04-05,16,18454.0,0.0,4.0,11626.0,6449.0,16.38,1.91,18075.0
2025-04-05,17,18925.0,0.0,4.05,11589.0,6962.0,16.42,1.71,18551.0
2025-04-05,18,18867.0,0.0,4.04,11468.0,7706.0,16.29,1.08,19174.0
2025-04-05,19,16410.0,0.02,8.77,10774.0,7309.0,14.92,0.84,18083.0
2025-04-05,20,17838.0,0.03,7.24,10678.0,7264.0,14.41,0.84,17943.0
2025-04-05,21,16126.0,0.04,10.52,10352.0,6755.0,13.22,0.84,17106.0
2025-04-05,22,11003.0,0.04,20.09,8927.0,5643.0,10.0,0.84,14570.0
2025-04-05,23,12482.0,0.07,16.99,6251.0,4123.0,6.22,0.84,10374.0
2025-04-06,0,11617.0,0.31,15.65,5810.0,3867.0,5.76,0.84,9678.0
2025-04-06,1,17912.0,1.19,5.7,1947.0,612.0,0.94,0.84,2559.0
2025-04-06,2,19044.0,2.6,4.71,8864.0,3521.0,10.23,0.84,12385.0
2025-04-06,3,18871.0,3.31,5.41,8720.0,3478.0,10.18,0.84,12197.0
2025-04-06,4,17959.0,4.06,6.58,7747.0,3170.0,8.89,0.84,10917.0
2025-04-06,5,16668.0,4.86,8.41,6316.0,3555.0,7.47,0.84,9871.0
2025-04-06,6,16505.0,5.3,10.19,8995.0,5937.0,11.41,0.84,14932.0
2025-04-06,7,16950.0,5.2,7.98,12111.0,7897.0,17.34,0.84,20008.0
2025-04-06,8,16777.0,4.77,7.51,13710.0,8037.0,21.16,0.84,21747.0
2025-04-06,9,16942.0,4.17,6.97,14085.0,8028.0,22.56,0.87,22113.0
2025-04-06,10,17348.0,3.69,6.55,13066.0,7256.0,19.96,1.11,20321.0
2025-04-06,11,17160.0,3.5,8.2,11286.0,6736.0,15.63,1.34,18022.0
2025-04-06,12,16058.0,3.4,10.4,10513.0,6523.0,13.95,1.68,17036.0
2025-04-06,13,16558.0,3.3,9.86,10295.0,6567.0,13.92,1.92,16862.0
2025-04-06,14,16712.0,3.37,9.89,9802.0,6958.0,11.3,2.17,16760.0
2025-04-06,15,15921.0,3.51,10.44,8961.0,6165.0,11.24,2.29,15126.0
2025-04-06,16,15792.0,3.56,10.54,9408.0,6440.0,12.0,2.06,15848.0
2025-04-06,17,15799.0,3.48,10.47,10173.0,7070.0,13.4,1.64,17242.0
2025-04-06,18,15931.0,3.24,10.35,10939.0,7538.0,15.25,1.02,18476.0
2025-04-06,19,16212.0,3.04,10.31,10416.0,7196.0,14.18,0.84,17612.0
2025-04-06,20,16351.0,2.9,10.26,10455.0,7173.0,14.11,0.84,17628.0
2025-04-06,21,17074.0,2.75,10.69,11433.0,6879.0,16.38,0.84,18311.0
2025-04-06,22,17355.0,2.66,10.8,12181.0,5762.0,18.01,0.84,17943.0
2025-04-06,23,17150.0,2.58,10.58,12744.0,5314.0,19.84,0.84,18057.0
2025-04-07,0,16375.0,2.63,10.02,9646.0,4424.0,12.4,0.84,14070.0
2025-04-07,1,16216.0,2.96,10.23,8534.0,3860.0,10.17,0.84,12394.0
2025-04-07,2,14588.0,3.32,13.4,8596.0,3517.0,10.24,0.84,12112.0
2025-04-07,3,14183.0,3.58,14.42,8276.0,3404.0,9.79,0.83,11681.0
2025-04-07,4,13979.0,3.88,14.53,7333.0,3107.0,8.6,0.84,10440.0
2025-04-07,5,15817.0,4.41,12.29,6010.0,3704.0,7.22,0.83,9715.0
2025-04-07,6,18296.0,4.87,7.78,10833.0,6539.0,15.44,0.83,17372.0
2025-04-07,7,17645.0,4.71,6.67,12338.0,7727.0,18.42,0.84,20065.0
2025-04-07,8,16966.0,4.46,6.44,11066.0,7694.0,15.63,0.84,18759.0
2025-04-07,9,16999.0,4.35,6.98,10350.0,7122.0,14.2,0.84,17472.0
2025-04-07,10,16720.0,4.33,8.27,10058.0,6517.0,13.58,0.84,16576.0
2025-04-07,11,16771.0,4.39,8.75,9719.0,6021.0,12.74,0.84,15739.0
2025-04-07,12,16792.0,4.48,9.17,9807.0,5981.0,12.96,0.84,15787.0
2025-04-07,13,14552.0,4.45,12.73,9702.0,6100.0,12.73,0.9,15802.0
2025-04-07,14,14600.0,4.33,12.69,9087.0,5949.0,11.79,1.12,15036.0
2025-04-07,15,14669.0,4.32,12.69,8752.0,5963.0,11.14,1.3,14716.0
2025-04-07,16,14574.0,4.29,14.0,8849.0,6200.0,11.37,1.26,15048.0
2025-04-07,17,14383.0,4.15,15.3,9640.0,6867.0,12.45,1.08,16507.0
2025-04-07,18,14796.0,3.86,15.5,10443.0,7376.0,14.14,0.84,17819.0
2025-04-07,19,14918.0,3.5,15.33,10831.0,7312.0,15.01,0.84,18143.0
2025-04-07,20,14980.0,3.17,15.16,10879.0,7291.0,14.93,0.84,18170.0
2025-04-07,21,15123.0,2.82,15.64,11777.0,6462.0,17.01,0.84,18239.0
2025-04-07,22,14833.0,2.49,15.26,11529.0,5733.0,16.49,0.84,17262.0
2025-04-07,23,14474.0,2.28,15.85,10918.0,5034.0,15.42,0.84,15952.0
2025-04-08,0,13677.0,2.24,15.34,8650.0,3947.0,10.42,0.84,12597.0
2025-04-08,1,13454.0,2.48,15.07,7159.0,3349.0,7.88,0.84,10508.0
2025-04-08,2,13401.0,2.82,15.42,6728.0,3053.0,7.51,0.84,9781.0
2025-04-08,3,13307.0,3.24,15.65,6550.0,2839.0,7.3,0.84,9389.0
2025-04-08,4,15791.0,3.76,11.02,6012.0,2680.0,6.85,0.84,8692.0
2025-04-08,5,16873.0,4.65,9.07,6464.0,3255.0,7.64,0.84,9719.0
2025-04-08,6,16188.0,5.0,9.16,11031.0,6323.0,15.11,0.84,17354.0
2025-04-08,7,16147.0,4.63,8.77,12437.0,7881.0,18.03,0.84,20318.0
2025-04-08,8,16754.0,4.2,7.86,11946.0,7838.0,17.02,0.84,19785.0
2025-04-08,9,17092.0,3.95,6.64,11550.0,7615.0,16.37,0.84,19165.0
2025-04-08,10,16831.0,3.75,6.42,27087.0,6748.0,14.85,0.84,33835.0
2025-04-08,11,17509.0,3.73,6.52,32769.0,6004.0,16.18,0.84,38773.0
2025-04-08,12,15965.0,3.59,9.0,32769.0,5881.0,18.06,0.92,38650.0
2025-04-08,13,15742.0,3.36,8.78,32769.0,5674.0,17.1,1.2,38443.0
2025-04-08,14,15692.0,3.2,8.6,32769.0,5589.0,14.58,1.47,38358.0
2025-04-08,15,15937.0,3.2,8.73,32769.0,5614.0,13.08,1.5,38383.0
2025-04-08,16,16033.0,3.22,8.82,32769.0,5938.0,13.62,1.3,38707.0
2025-04-08,17,17195.0,3.2,8.29,32769.0,6556.0,14.56,0.97,39325.0
2025-04-08,18,17191.0,3.17,8.11,32769.0,7101.0,4382.1,1093.11,39870.0
2025-04-08,19,16042.0,3.03,9.29,32769.0,6911.0,14.21,0.84,39680.0
2025-04-08,20,16193.0,2.84,9.16,32769.0,7196.0,15.24,0.84,39965.0
2025-04-08,21,16006.0,2.65,8.88,32769.0,6499.0,13.7,0.84,39268.0
2025-04-08,22,16073.0,2.72,8.95,32769.0,5453.0,9.74,0.84,38222.0
2025-04-08,23,15004.0,2.96,11.2,32769.0,4893.0,10.63,0.84,37662.0
2025-04-09,0,13445.0,3.02,7.37,32769.0,4469.0,9.8,0.84,37238.0
2025-04-09,1,15862.0,3.25,9.39,32769.0,3728.0,9.35,0.84,36497.0
2025-04-09,2,12773.0,3.64,15.68,32769.0,3023.0,8.19,0.84,35792.0
2025-04-09,3,12161.0,3.86,16.9,32769.0,3074.0,8.53,0.84,35843.0
2025-04-09,4,12352.0,4.05,16.47,32769.0,2884.0,7.73,0.84,35653.0
2025-04-09,5,14290.0,4.45,11.32,32769.0,3487.0,7.92,0.84,36256.0
2025-04-09,6,17588.0,4.73,6.68,32769.0,6394.0,15.63,0.84,39163.0
2025-04-09,7,17543.0,4.43,6.38,32769.0,8004.0,19.51,0.84,40773.0
2025-04-09,8,17507.0,4.08,6.03,32769.0,8011.0,17.53,0.84,40780.0
2025-04-09,9,17830.0,3.84,5.84,32769.0,7632.0,16.09,0.84,40401.0
2025-04-09,10,17863.0,3.77,5.77,32769.0,7121.0,14.42,0.84,39890.0
2025-04-09,11,16813.0,3.77,7.86,32769.0,6094.0,16.09,0.9,38863.0
2025-04-09,12,15661.0,3.62,9.76,32769.0,6203.0,13.98,1.09,38972.0
2025-04-09,13,14902.0,3.52,11.15,32769.0,5970.0,13.31,1.28,38739.0
2025-04-09,14,14360.0,3.36,12.22,32769.0,5619.0,13.13,1.39,38388.0
2025-04-09,15,14538.0,3.22,12.21,32769.0,5504.0,14.43,1.45,38273.0
2025-04-09,16,14609.0,3.02,12.11,32769.0,5700.0,14.43,1.34,38469.0
2025-04-09,17,14954.0,2.83,12.29,32769.0,6228.0,14.11,1.08,38997.0
2025-04-09,18,15210.0,2.62,12.39,32769.0,7125.0,14.28,0.84,39894.0
2025-04-09,19,15333.0,2.34,12.21,32769.0,7139.0,14.32,0.84,39908.0
2025-04-09,20,16778.0,2.12,9.94,32769.0,7243.0,14.58,0.84,40012.0
2025-04-09,21,17403.0,2.1,10.16,32769.0,6713.0,12.75,0.84,39482.0
2025-04-09,22,16457.0,2.23,13.11,32769.0,5734.0,10.97,0.84,38503.0
2025-04-09,23,15609.0,2.4,12.32,32769.0,5141.0,11.13,0.84,37910.0
2025-04-10,0,14091.0,2.48,10.77,32769.0,4363.0,10.48,0.84,37132.0
2025-04-10,1,13954.0,2.6,10.74,32769.0,3511.0,9.77,0.84,36280.0
2025-04-10,2,14190.0,2.88,11.26,32769.0,3293.0,9.08,0.84,36062.0
2025-04-10,3,14165.0,3.17,11.54,32769.0,3300.0,9.28,0.84,36069.0
2025-04-10,4,16620.0,3.58,7.43,32769.0,3257.0,9.23,0.84,36026.0
2025-04-10,5,16978.0,4.33,7.13,32769.0,3184.0,7.99,0.84,35953.0
2025-04-10,6,17995.0,4.77,7.75,32769.0,6172.0,15.93,0.84,38941.0
2025-04-10,7,17739.0,4.5,7.42,32769.0,8055.0,20.57,0.84,40824.0
2025-04-10,8,17738.0,4.23,7.15,32769.0,7774.0,15.94,0.84,40543.0
2025-04-10,9,17497.0,4.07,6.98,32769.0,7609.0,15.19,0.84,40378.0
2025-04-10,10,17319.0,3.97,6.84,32769.0,7200.0,13.51,0.84,39969.0
2025-04-10,11,17775.0,3.97,6.93,32769.0,6370.0,16.04,0.84,39139.0
2025-04-10,12,18179.0,4.0,7.06,32769.0,6106.0,15.1,1.01,38875.0
2025-04-10,13,18201.0,4.14,7.44,32769.0,6194.0,15.41,1.28,38963.0
2025-04-10,14,16531.0,4.17,9.92,32769.0,5805.0,15.29,1.42,38574.0
2025-04-10,15,16119.0,4.12,10.12,32769.0,5746.0,15.02,1.38,38515.0
2025-04-10,16,15111.0,4.01,12.02,32769.0,6109.0,15.26,1.16,38878.0
2025-04-10,17,14529.0,3.67,12.38,32769.0,6908.0,15.52,0.88,39677.0
2025-04-10,18,14561.0,3.3,12.02,32769.0,7143.0,14.5,0.84,39912.0
2025-04-10,19,14914.0,2.98,12.05,32769.0,7218.0,13.84,0.84,39987.0
2025-04-10,20,15192.0,2.72,12.14,32769.0,7118.0,13.63,0.84,39887.0
2025-04-10,21,15671.0,2.56,12.46,32769.0,6474.0,11.63,0.84,39243.0
2025-04-10,22,14186.0,2.6,16.7,32769.0,5662.0,11.48,0.84,38431.0
2025-04-10,23,13157.0,2.42,17.83,32769.0,4723.0,13.02,0.84,37492.0
2025-04-11,0,12546.0,2.26,16.47,32769.0,4154.0,11.03,0.84,36923.0
2025-04-11,1,12109.0,2.22,15.58,32769.0,3692.0,8.96,0.84,36461.0
2025-04-11,2,14403.0,2.43,12.9,32769.0,3050.0,7.92,0.84,35819.0
2025-04-11,3,16503.0,3.03,10.41,32769.0,3106.0,8.31,0.84,35875.0
2025-04-11,4,15915.0,3.64,10.57,32769.0,3074.0,8.3,0.84,35843.0
2025-04-11,5,16727.0,4.35,7.66,32769.0,3434.0,7.24,0.84,36203.0
2025-04-11,6,17184.0,4.79,7.61,32769.0,6427.0,12.95,0.84,39196.0
2025-04-11,7,17107.0,4.67,7.46,32769.0,7527.0,15.24,0.84,40296.0
2025-04-11,8,15761.0,4.43,9.16,32769.0,7541.0,14.7,0.84,40310.0
2025-04-11,9,15894.0,4.13,9.12,32769.0,10023.0,2198.26,0.84,42792.0
2025-04-11,10,15940.0,3.87,8.92,32769.0,32328.0,19121.16,18023.33,65097.0
2025-04-11,11,15421.0,3.62,10.23,32769.0,22623.0,32769.0,32769.0,55392.0
2025-04-11,12,15378.0,3.36,10.07,32769.0,6281.0,32769.0,32769.0,39050.0
2025-04-11,13,15599.0,3.16,10.02,32769.0,6091.0,32769.0,32769.0,38860.0
2025-04-11,14,14036.0,2.97,12.35,32769.0,6292.0,32769.0,32769.0,39061.0
2025-04-11,15,13892.0,2.7,12.89,19780.0,17104.0,32769.0,32769.0,36884.0
2025-04-11,16,14083.0,2.43,13.57,10751.0,6116.0,3835.43,25124.73,16867.0
2025-04-11,17,12547.0,1.96,15.77,11353.0,6747.0,15.87,32769.0,18100.0
2025-04-11,18,13247.0,1.38,15.75,10413.0,7124.0,13.84,32769.0,17538.0
2025-04-11,19,14617.0,1.04,13.3,10171.0,6888.0,13.43,32769.0,17059.0
2025-04-11,20,1740.0,0.9,2.85,2465.0,15055.0,1.87,32769.0,17519.0
2025-04-11,21,-49.0,0.91,2.5,408.0,32769.0,1.19,32769.0,33177.0
2025-04-11,22,-36.0,0.91,2.5,406.0,32769.0,1.18,32769.0,33175.0
2025-04-11,23,1628.0,0.91,2.5,392.0,32769.0,1.2,32769.0,33161.0
2025-04-12,0,-59.0,0.91,2.5,112.0,8130.0,0.4,32769.0,8242.0
2025-04-12,1,9649.0,0.91,2.5,42.0,-85.0,0.17,32769.0,-43.0
2025-04-12,2,32769.0,0.91,2.5,50.0,-86.0,0.17,32769.0,-36.0
2025-04-12,3,32769.0,0.91,2.5,54.0,-88.0,0.17,32769.0,-35.0
2025-04-12,4,20326.0,0.99,2.83,362.0,31671.0,1.15,32769.0,32033.0
2025-04-12,5,18718.0,1.83,3.93,7878.0,2624.0,8.08,32769.0,10502.0
2025-04-12,6,19479.0,2.28,4.29,12620.0,5470.0,16.69,32769.0,18090.0
2025-04-12,7,19492.0,2.08,4.13,14696.0,7664.0,22.07,32769.0,22360.0
2025-04-12,8,18924.0,1.62,3.95,14489.0,7932.0,22.0,3841.51,22421.0
2025-04-12,9,19594.0,1.15,4.03,18072.0,12968.0,22.05,20.92,31040.0
2025-04-12,10,20401.0,0.89,4.18,13881.0,7425.0,21.01,20.12,21306.0
2025-04-12,11,20297.0,1.1,4.22,9476.0,6556.0,10.66,10.07,16032.0
2025-04-12,12,19667.0,1.65,4.15,8617.0,6065.0,9.27,8.86,14682.0
2025-04-12,13,19175.0,2.22,4.4,8176.0,5769.0,8.7,8.37,13945.0
2025-04-12,14,18507.0,2.83,4.93,30693.0,5582.0,5468.29,4922.06,36275.0
2025-04-12,15,17446.0,3.36,5.35,15575.0,5476.0,7.99,7.75,21051.0
2025-04-12,16,16511.0,3.79,6.59,8091.0,5719.0,8.53,8.21,13811.0
2025-04-12,17,12035.0,3.77,12.2,28775.0,6276.0,9.99,25125.01,35051.0
2025-04-12,18,11733.0,3.41,12.4,9079.0,6229.0,10.24,32769.0,15308.0
2025-04-12,19,11684.0,3.05,13.86,8776.0,5872.0,9.89,32769.0,14648.0
2025-04-12,20,14988.0,2.77,11.04,11345.0,6407.0,15.57,32769.0,17752.0
2025-04-12,21,14472.0,2.55,14.34,10499.0,5940.0,14.02,32769.0,16440.0
2025-04-12,22,12823.0,2.31,16.47,10240.0,5167.0,13.21,32769.0,15407.0
2025-04-12,23,12694.0,2.12,16.08,8953.0,4849.0,10.54,32769.0,13802.0
2025-04-13,0,14009.0,2.13,13.74,8572.0,4357.0,9.71,32769.0,12929.0
2025-04-13,1,15202.0,2.37,12.69,8303.0,3587.0,9.4,32769.0,11891.0
2025-04-13,2,14917.0,2.83,13.75,7741.0,3137.0,8.54,32769.0,10878.0
2025-04-13,3,14275.0,3.26,14.99,7681.0,3109.0,8.73,32769.0,10790.0
2025-04-13,4,16730.0,3.78,10.94,7848.0,3182.0,9.03,32769.0,11031.0
2025-04-13,5,16977.0,4.43,7.02,8213.0,3507.0,9.85,32769.0,11720.0
2025-04-13,6,17019.0,4.77,6.67,11037.0,5640.0,14.86,32769.0,16676.0
2025-04-13,7,17164.0,4.63,6.56,12760.0,7219.0,18.67,32769.0,19979.0
2025-04-13,8,17200.0,4.32,6.26,12694.0,7421.0,18.85,32769.0,20116.0
2025-04-13,9,16959.0,4.01,6.06,12603.0,7333.0,18.87,32769.0,19936.0
2025-04-13,10,17214.0,3.75,5.98,12419.0,6706.0,18.67,32769.0,19125.0
2025-04-13,11,16850.0,3.61,6.43,11521.0,6119.0,16.64,32769.0,17640.0
2025-04-13,12,17107.0,3.65,6.77,10352.0,5809.0,14.04,32769.0,16161.0
2025-04-13,13,13364.0,3.64,11.72,9361.0,5484.0,12.26,32769.0,14844.0
2025-04-13,14,13262.0,3.49,11.47,9217.0,5465.0,12.05,32769.0,14682.0
2025-04-13,15,13829.0,3.38,11.94,9010.0,5799.0,11.63,32769.0,14809.0
2025-04-13,16,14073.0,3.29,11.69,8993.0,5745.0,11.67,32769.0,14738.0
2025-04-13,17,17948.0,3.36,6.42,10310.0,6335.0,14.11,32769.0,16645.0
2025-04-13,18,16181.0,3.42,9.71,10590.0,7002.0,14.55,32769.0,17591.0
2025-04-13,19,14097.0,3.12,12.24,10898.0,6616.0,15.37,32769.0,17514.0
2025-04-13,20,13790.0,2.84,13.31,10001.0,6130.0,13.71,32769.0,16131.0
2025-04-13,21,12420.0,2.61,15.58,8999.0,5615.0,11.82,32769.0,14614.0
2025-04-13,22,12698.0,2.43,16.42,9038.0,4846.0,11.55,32769.0,13884.0
2025-04-13,23,12240.0,2.36,15.6,8558.0,4434.0,10.4,32769.0,12993.0
2025-04-14,0,13123.0,2.33,13.1,8375.0,4084.0,9.98,32769.0,12458.0
2025-04-14,1,13861.0,2.54,12.36,7748.0,3688.0,9.1,32769.0,11436.0
2025-04-14,2,13883.0,2.89,12.72,6623.0,3146.0,7.64,32769.0,9769.0
2025-04-14,3,13758.0,3.4,13.08,6470.0,2842.0,7.49,32769.0,9312.0
2025-04-14,4,15013.0,3.94,10.88,6359.0,2795.0,7.44,32769.0,9154.0
2025-04-14,5,16209.0,4.72,7.38,6198.0,3190.0,7.28,32769.0,9388.0
2025-04-14,6,15709.0,5.15,7.72,9452.0,5450.0,12.44,32769.0,14902.0
2025-04-14,7,15848.0,5.13,7.71,10165.0,6800.0,13.6,32769.0,16965.0
2025-04-14,8,14696.0,4.94,9.26,10388.0,6943.0,13.87,32769.0,17331.0
2025-04-14,9,14161.0,4.62,9.82,10351.0,7045.0,13.86,32769.0,17396.0
2025-04-14,10,14566.0,4.34,9.77,9800.0,6589.0,13.01,32769.0,16389.0
2025-04-14,11,13106.0,4.15,12.04,9216.0,5878.0,12.04,32769.0,15094.0
2025-04-14,12,13421.0,4.0,12.21,8815.0,5660.0,11.22,32769.0,14475.0
2025-04-14,13,13585.0,3.93,12.31,8376.0,5694.0,10.58,32769.0,14070.0
2025-04-14,14,12845.0,3.91,14.07,7803.0,5543.0,9.52,32769.0,13346.0
2025-04-14,15,11097.0,3.73,16.1,8024.0,5675.0,9.91,32769.0,13698.0
2025-04-14,16,11135.0,3.44,16.15,8227.0,5901.0,10.38,32769.0,14128.0
2025-04-14,17,11184.0,3.07,16.05,8941.0,6254.0,11.34,32769.0,15195.0
2025-04-14,18,13243.0,2.61,13.72,10057.0,6895.0,13.62,32769.0,16952.0
2025-04-14,19,14717.0,2.37,12.52,9672.0,6680.0,12.99,32769.0,16352.0
2025-04-14,20,14236.0,2.27,13.68,9094.0,6338.0,11.88,32769.0,15432.0
2025-04-14,21,12733.0,2.13,15.64,8343.0,5684.0,10.55,32769.0,14028.0
2025-04-14,22,12818.0,2.05,15.72,8657.0,4838.0,10.72,32769.0,13495.0
2025-04-14,23,12561.0,1.99,15.18,8672.0,4680.0,10.55,32769.0,13352.0
2025-04-15,0,14798.0,2.04,10.35,8484.0,3908.0,10.15,32769.0,12392.0
2025-04-15,1,15074.0,2.45,10.22,7183.0,3300.0,8.32,32769.0,10484.0
2025-04-15,2,14950.0,3.03,10.7,6626.0,3058.0,7.51,32769.0,9684.0
2025-04-15,3,14761.0,3.63,11.13,6261.0,2897.0,7.13,32769.0,9159.0
2025-04-15,4,14225.0,4.23,11.24,6494.0,2866.0,7.46,32769.0,9360.0
2025-04-15,5,16038.0,4.84,7.71,6804.0,3306.0,8.29,32769.0,10110.0
2025-04-15,6,16118.0,5.31,7.99,9028.0,5288.0,11.66,32769.0,14316.0
2025-04-15,7,16429.0,5.37,8.1,10445.0,6760.0,14.08,32769.0,17205.0
2025-04-15,8,16535.0,5.2,7.95,11546.0,7421.0,15.99,32769.0,18967.0
2025-04-15,9,16617.0,4.93,7.68,11844.0,7186.0,16.85,32769.0,19030.0
2025-04-15,10,16930.0,4.73,7.54,11263.0,6839.0,15.91,32769.0,18102.0
2025-04-15,11,17004.0,4.73,7.56,10180.0,6399.0,13.56,32769.0,16579.0
2025-04-15,12,14554.0,4.77,9.79,8887.0,6129.0,11.49,32769.0,15016.0
2025-04-15,13,12628.0,4.67,12.35,8244.0,5929.0,10.2,32769.0,14172.0
2025-04-15,14,12131.0,4.51,13.4,7786.0,5735.0,9.73,32769.0,13520.0
2025-04-15,15,10136.0,4.25,16.09,8281.0,5674.0,10.25,32769.0,13954.0
2025-04-15,16,12030.0,3.91,14.49,8682.0,5907.0,11.03,32769.0,14590.0
2025-04-15,17,12357.0,3.64,14.46,9191.0,6210.0,11.68,32769.0,15400.0
2025-04-15,18,12816.0,3.29,14.88,9539.0,6562.0,12.54,32769.0,16101.0
2025-04-15,19,13374.0,3.03,15.57,9104.0,6364.0,11.83,32769.0,15467.0
2025-04-15,20,13459.0,2.86,15.52,8807.0,6208.0,11.18,32769.0,15016.0
2025-04-15,21,13478.0,2.77,15.51,8092.0,5424.0,10.22,32769.0,13517.0
2025-04-15,22,13333.0,2.83,17.12,8095.0,4885.0,9.92,32769.0,12980.0
2025-04-15,23,12573.0,2.85,16.33,7729.0,4703.0,9.02,32769.0,12433.0
2025-04-16,0,11954.0,2.9,15.15,7748.0,3998.0,8.84,32769.0,11746.0
2025-04-16,1,11717.0,2.97,14.84,7273.0,3708.0,8.32,32769.0,10981.0
2025-04-16,2,11801.0,3.1,15.09,6788.0,3468.0,7.71,32769.0,10256.0
2025-04-16,3,11663.0,3.32,15.06,6436.0,2980.0,7.27,32769.0,9416.0
2025-04-16,4,11520.0,3.59,15.02,6355.0,2866.0,7.18,32769.0,9221.0
2025-04-16,5,15064.0,4.01,9.85,6647.0,3193.0,7.82,32769.0,9840.0
2025-04-16,6,15922.0,4.39,8.47,9763.0,5491.0,12.82,32769.0,15254.0
2025-04-16,7,16445.0,4.33,7.05,11301.0,6830.0,15.71,32769.0,18131.0
2025-04-16,8,16318.0,4.09,6.81,11900.0,7157.0,17.22,32769.0,19056.0
2025-04-16,9,16406.0,3.83,6.57,11645.0,7134.0,16.71,32769.0,18779.0
2025-04-16,10,15941.0,3.61,7.37,11228.0,6761.0,15.83,32769.0,17989.0
2025-04-16,11,15372.0,3.45,8.27,10381.0,5903.0,14.19,32769.0,16284.0
2025-04-16,12,14658.0,3.4,9.56,9486.0,5699.0,12.54,32769.0,15185.0
2025-04-16,13,14686.0,3.35,9.53,9367.0,5815.0,12.15,32769.0,15182.0
2025-04-16,14,14801.0,3.28,9.56,9562.0,5993.0,12.5,32769.0,15555.0
2025-04-16,15,15006.0,3.29,9.72,8496.0,5959.0,10.36,32769.0,14454.0
2025-04-16,16,14959.0,3.37,9.76,8580.0,5956.0,10.59,32769.0,14536.0
2025-04-16,17,14848.0,3.36,9.67,9956.0,6481.0,13.08,32769.0,16437.0
2025-04-16,18,15048.0,3.13,9.57,10341.0,6973.0,13.78,32769.0,17314.0
2025-04-16,19,15623.0,2.95,9.76,10243.0,6944.0,13.63,32769.0,17187.0
2025-04-16,20,15720.0,2.82,9.71,10065.0,6792.0,13.18,32769.0,16857.0
2025-04-16,21,12945.0,2.7,13.79,9310.0,5903.0,11.86,32769.0,15213.0
2025-04-16,22,11724.0,2.4,15.31,9140.0,5228.0,11.22,32769.0,14368.0
2025-04-16,23,11848.0,2.2,14.53,8433.0,4451.0,9.8,32769.0,12885.0
2025-04-17,0,12299.0,2.2,14.76,8146.0,3792.0,9.21,32769.0,11938.0
2025-04-17,1,12444.0,2.31,15.1,7377.0,3426.0,8.16,32769.0,10803.0
2025-04-17,2,12556.0,2.57,15.48,6997.0,3063.0,7.76,32769.0,10060.0
2025-04-17,3,13516.0,2.91,13.57,6533.0,2804.0,7.33,32769.0,9337.0
2025-04-17,4,16193.0,3.54,9.71,6778.0,2858.0,7.53,32769.0,9635.0
2025-04-17,5,17831.0,4.3,7.12,8376.0,3422.0,10.19,32769.0,11797.0
2025-04-17,6,18188.0,4.69,7.01,11810.0,5726.0,16.68,32769.0,17535.0
2025-04-17,7,17058.0,4.6,7.38,12295.0,7050.0,17.38,32769.0,19346.0
2025-04-17,8,16812.0,4.29,7.09,12921.0,7383.0,19.3,32769.0,20305.0
2025-04-17,9,16860.0,3.93,6.77,12978.0,6986.0,19.67,32769.0,19964.0
2025-04-17,10,16950.0,3.66,6.52,12316.0,6511.0,18.2,32769.0,18828.0
2025-04-17,11,17031.0,3.55,6.43,11049.0,6278.0,15.13,32769.0,17326.0
2025-04-17,12,17068.0,3.59,6.49,10495.0,6027.0,14.17,32769.0,16522.0
2025-04-17,13,16982.0,3.68,6.76,10440.0,5952.0,13.92,32769.0,16392.0
2025-04-17,14,15125.0,3.69,9.36,10099.0,5805.0,13.4,32769.0,15904.0
2025-04-17,15,14842.0,3.58,9.31,10371.0,5968.0,14.15,32769.0,16340.0
2025-04-17,16,14949.0,3.43,9.23,10342.0,6001.0,14.16,32769.0,16343.0
2025-04-17,17,14873.0,3.29,9.05,10478.0,6345.0,14.24,32769.0,16823.0
2025-04-17,18,14688.0,3.06,9.55,10631.0,6756.0,14.35,32769.0,17388.0
2025-04-17,19,12440.0,2.65,12.79,10477.0,6765.0,14.08,32769.0,17242.0
2025-04-17,20,12816.0,2.19,12.93,10324.0,6678.0,13.8,32769.0,17002.0
2025-04-17,21,13234.0,1.82,12.56,9554.0,6203.0,12.41,32769.0,15756.0
2025-04-17,22,14945.0,1.77,11.14,8881.0,5068.0,10.81,32769.0,13949.0
2025-04-17,23,15540.0,1.9,10.96,9822.0,4513.0,12.4,32769.0,14335.0
2025-04-18,0,15474.0,2.1,10.72,8869.0,4057.0,10.41,32769.0,12925.0
2025-04-18,1,15452.0,2.48,11.08,8083.0,3437.0,9.1,32769.0,11519.0
2025-04-18,2,15420.0,2.94,11.53,7908.0,3202.0,9.04,32769.0,11110.0
2025-04-18,3,16316.0,3.5,10.1,7271.0,2987.0,8.17,32769.0,10259.0
2025-04-18,4,17511.0,4.32,7.24,6882.0,2861.0,7.79,32769.0,9743.0
2025-04-18,5,15909.0,5.15,7.76,6500.0,3178.0,7.78,32769.0,9678.0
2025-04-18,6,14095.0,5.4,11.05,10152.0,5985.0,13.52,32769.0,16136.0
2025-04-18,7,15353.0,5.03,8.43,12051.0,7686.0,17.27,32769.0,19737.0
2025-04-18,8,15082.0,4.53,7.86,11943.0,7889.0,17.11,32769.0,19833.0
2025-04-18,9,15488.0,4.12,7.58,10801.0,7419.0,15.09,32769.0,18220.0
2025-04-18,10,15456.0,3.9,7.58,10649.0,6597.0,14.21,32769.0,17246.0
2025-04-18,11,15121.0,3.7,8.24,11453.0,5930.0,15.92,32769.0,17383.0
2025-04-18,12,15020.0,3.47,7.97,11237.0,5835.0,15.93,32769.0,17072.0
2025-04-18,13,15039.0,3.27,7.78,11062.0,5798.0,15.56,32769.0,16860.0
2025-04-18,14,15344.0,3.16,7.81,9848.0,5754.0,13.11,32769.0,15601.0
2025-04-18,15,15455.0,3.18,7.88,9460.0,5830.0,12.12,32769.0,15290.0
2025-04-18,16,16133.0,3.23,8.24,9914.0,6204.0,12.99,32769.0,16119.0
2025-04-18,17,13286.0,3.05,12.2,10264.0,6681.0,13.8,32769.0,16946.0
2025-04-18,18,14294.0,2.66,10.34,10329.0,7021.0,13.76,32769.0,17350.0
2025-04-18,19,14297.0,2.43,10.5,9727.0,6783.0,12.82,32769.0,16510.0
2025-04-18,20,14313.0,2.2,10.45,9832.0,6838.0,12.83,32769.0,16670.0
2025-04-18,21,14777.0,2.04,11.17,9099.0,6401.0,11.57,32769.0,15500.0
2025-04-18,22,12800.0,1.96,15.18,8260.0,5534.0,9.52,32769.0,13794.0
2025-04-18,23,12506.0,1.84,14.32,9801.0,4518.0,11.91,32769.0,14319.0
2025-04-19,0,14678.0,1.76,10.29,9231.0,4241.0,10.89,32769.0,13473.0
2025-04-19,1,16920.0,2.15,7.31,8330.0,3790.0,9.53,32769.0,12121.0
2025-04-19,2,16334.0,2.72,8.59,7889.0,3235.0,8.87,32769.0,11123.0
2025-04-19,3,16124.0,3.27,9.15,8145.0,3309.0,9.36,32769.0,11454.0
2025-04-19,4,15654.0,3.82,9.54,7194.0,2983.0,8.16,32769.0,10177.0
2025-04-19,5,16510.0,4.57,7.79,5612.0,3448.0,6.55,32769.0,9059.0
2025-04-19,6,15347.0,5.05,10.44,9681.0,6050.0,12.77,32769.0,15731.0
2025-04-19,7,15885.0,4.73,9.04,12799.0,7472.0,19.34,32769.0,20271.0
2025-04-19,8,16821.0,4.28,7.07,13315.0,7818.0,20.51,32769.0,21133.0
2025-04-19,9,17196.0,3.86,6.75,12789.0,7814.0,19.24,32769.0,20603.0
2025-04-19,10,17278.0,3.56,6.48,12834.0,6977.0,19.19,32769.0,19812.0
2025-04-19,11,17369.0,3.34,6.27,12600.0,6478.0,18.73,32769.0,19078.0
2025-04-19,12,17913.0,3.25,6.29,11714.0,6542.0,16.72,32769.0,18256.0
2025-04-19,13,15406.0,3.04,5.41,11465.0,6344.0,16.11,32769.0,17809.0
2025-04-19,14,17743.0,3.02,5.27,10944.0,6290.0,15.23,32769.0,17234.0
2025-04-19,15,17739.0,3.13,5.38,10927.0,5984.0,15.06,32769.0,16911.0
2025-04-19,16,17768.0,3.22,5.48,11247.0,6297.0,15.72,32769.0,17544.0
2025-04-19,17,17736.0,3.22,5.45,11505.0,6660.0,16.4,32769.0,18165.0
2025-04-19,18,18117.0,3.19,5.47,11441.0,7354.0,16.42,32769.0,18795.0
2025-04-19,19,18363.0,3.18,5.57,11018.0,7062.0,15.78,32769.0,18080.0
2025-04-19,20,18279.0,3.25,6.57,11096.0,6927.0,15.59,32769.0,18022.0
2025-04-19,21,15964.0,3.21,10.52,10708.0,6305.0,15.16,32769.0,17013.0
2025-04-19,22,15427.0,3.18,11.79,10700.0,5239.0,14.63,32769.0,15939.0
2025-04-19,23,13635.0,3.02,13.41,10886.0,4965.0,14.51,32769.0,15851.0
2025-04-20,0,13580.0,2.87,13.13,9871.0,4073.0,12.29,32769.0,13944.0
2025-04-20,1,13648.0,2.95,13.33,8918.0,3673.0,10.6,32769.0,12591.0
2025-04-20,2,13693.0,3.16,13.63,8045.0,3329.0,9.25,32769.0,11374.0
2025-04-20,3,13833.0,3.46,14.1,7840.0,3205.0,8.97,32769.0,11045.0
2025-04-20,4,14638.0,3.83,12.01,7042.0,3029.0,8.19,32769.0,10072.0
2025-04-20,5,15365.0,4.54,9.36,4771.0,3305.0,5.86,32769.0,8076.0
2025-04-20,6,15648.0,5.1,10.04,8246.0,5990.0,10.45,32769.0,14236.0
2025-04-20,7,15741.0,4.96,8.59,11297.0,7471.0,15.8,32769.0,18768.0
2025-04-20,8,16369.0,4.58,7.14,12802.0,8087.0,19.05,32769.0,20889.0
2025-04-20,9,16400.0,4.05,6.64,13267.0,7884.0,20.28,32769.0,21151.0
2025-04-20,10,16385.0,3.6,6.2,12623.0,7383.0,18.82,32769.0,20005.0
2025-04-20,11,16806.0,3.33,6.01,11717.0,6833.0,16.49,32769.0,18550.0
2025-04-20,12,17484.0,3.23,6.04,11230.0,6487.0,15.77,32769.0,17717.0
2025-04-20,13,17563.0,3.31,6.12,9884.0,6326.0,12.91,32769.0,16210.0
2025-04-20,14,17501.0,3.51,6.31,9398.0,6259.0,12.11,32769.0,15657.0
2025-04-20,15,15263.0,3.68,9.52,8488.0,6242.0,10.54,32769.0,14730.0
2025-04-20,16,13065.0,3.62,12.38,8667.0,6336.0,10.76,32769.0,15004.0
2025-04-20,17,13821.0,3.37,11.23,9393.0,6856.0,12.05,32769.0,16249.0
2025-04-20,18,14591.0,3.14,9.94,10065.0,7257.0,13.34,32769.0,17322.0
2025-04-20,19,14268.0,2.78,10.7,10612.0,7487.0,14.49,32769.0,18100.0
2025-04-20,20,14695.0,2.42,10.7,10821.0,7200.0,14.64,32769.0,18021.0
2025-04-20,21,14961.0,2.11,10.68,11033.0,6453.0,15.37,32769.0,17486.0
2025-04-20,22,15585.0,1.92,11.2,11396.0,5357.0,15.81,32769.0,16753.0
2025-04-20,23,15474.0,1.88,11.08,10368.0,4861.0,14.1,32769.0,15229.0
2025-04-21,0,15230.0,2.04,10.94,8742.0,4049.0,10.3,32769.0,12791.0
2025-04-21,1,15128.0,2.36,11.09,8256.0,3884.0,9.97,32769.0,12140.0
2025-04-21,2,15158.0,2.81,11.58,7067.0,3016.0,8.07,32769.0,10083.0
2025-04-21,3,14934.0,3.42,11.99,6435.0,2783.0,7.23,32769.0,9218.0
2025-04-21,4,14531.0,4.04,12.2,6153.0,2718.0,7.0,32769.0,8871.0
2025-04-21,5,14446.0,4.63,9.85,6658.0,3545.0,7.86,32769.0,10204.0
2025-04-21,6,16701.0,4.81,6.72,11777.0,6752.0,16.7,32769.0,18529.0
2025-04-21,7,16927.0,4.45,6.35,12770.0,8398.0,18.75,32769.0,21168.0
2025-04-21,8,16608.0,3.98,5.87,12652.0,8468.0,18.59,32769.0,21120.0
2025-04-21,9,16597.0,3.52,5.42,12208.0,8021.0,17.9,32769.0,20229.0
2025-04-21,10,17296.0,3.31,5.28,10732.0,7208.0,14.43,32769.0,17940.0
2025-04-21,11,17526.0,3.33,5.32,10658.0,6534.0,14.45,32769.0,17192.0
2025-04-21,12,17740.0,3.38,5.53,11071.0,6199.0,15.38,32769.0,17269.0
2025-04-21,13,16273.0,3.4,7.79,10364.0,6152.0,13.69,32769.0,16516.0
2025-04-21,14,15384.0,3.38,9.18,9972.0,5955.0,13.04,32769.0,15927.0
2025-04-21,15,15460.0,3.34,9.21,9995.0,5969.0,13.13,32769.0,15964.0
2025-04-21,16,15556.0,3.23,9.13,11013.0,15562.0,13116.08,32768.3,26575.0
2025-04-21,17,15669.0,3.03,9.0,10917.0,32769.0,32767.0,32767.0,43686.0
2025-04-21,18,17048.0,2.84,8.95,11027.0,32769.0,32767.0,32767.0,43796.0
2025-04-21,19,17171.0,2.69,8.7,11542.0,32769.0,32767.0,32767.0,44311.0
2025-04-21,20,16915.0,2.52,8.43,11523.0,32769.0,32767.0,32767.0,44292.0
2025-04-21,21,17055.0,2.35,8.3,10979.0,32769.0,32767.0,32767.0,43748.0
2025-04-21,22,17485.0,2.47,8.69,9152.0,32769.0,32767.0,32767.0,41921.0
2025-04-21,23,17101.0,2.85,8.85,8387.0,32769.0,32767.0,32767.0,41156.0
2025-04-22,0,16017.0,3.19,8.58,8791.0,32769.0,32767.0,32767.0,41560.0
2025-04-22,1,11872.0,3.35,14.28,8262.0,32769.0,32767.0,32767.0,41031.0
2025-04-22,2,12930.0,3.45,13.42,7807.0,32769.0,32767.0,32767.0,40576.0
2025-04-22,3,14189.0,3.84,12.14,7475.0,32769.0,32767.0,32767.0,40244.0
2025-04-22,4,14297.0,4.34,10.77,6627.0,32769.0,32767.0,32767.0,39396.0
2025-04-22,5,13777.0,4.91,10.37,6405.0,32769.0,32767.0,32767.0,39174.0
2025-04-22,6,15394.0,4.96,8.87,11862.0,32769.0,32767.0,32767.0,44631.0
2025-04-22,7,16514.0,4.5,7.23,12917.0,32769.0,32767.0,32767.0,45686.0
2025-04-22,8,16608.0,4.03,6.8,12168.0,32769.0,32767.0,32767.0,44937.0
2025-04-22,9,16721.0,3.69,6.51,11118.0,32769.0,32767.0,32767.0,43887.0
2025-04-22,10,16952.0,3.57,6.43,10255.0,32769.0,32767.0,32767.0,43024.0
2025-04-22,11,17531.0,3.52,6.5,11960.0,32769.0,32767.0,32767.0,44729.0
2025-04-22,12,17683.0,3.47,6.47,11703.0,32769.0,32767.0,32767.0,44472.0
2025-04-22,13,17755.0,3.48,6.49,11530.0,32769.0,32767.0,32767.0,44299.0
2025-04-22,14,17634.0,3.55,6.55,11050.0,32769.0,32767.0,32767.0,43819.0
2025-04-22,15,17538.0,3.65,6.62,10855.0,32769.0,32767.0,32767.0,43624.0
2025-04-22,16,17501.0,3.74,6.71,10907.0,32769.0,32767.0,32767.0,43676.0
2025-04-22,17,17572.0,3.8,6.76,10371.0,32769.0,32767.0,32767.0,43140.0
2025-04-22,18,17276.0,3.8,7.34,10680.0,32769.0,32767.0,32767.0,43449.0
2025-04-22,19,16248.0,3.64,8.9,10934.0,32769.0,32767.0,32767.0,43703.0
2025-04-22,20,16030.0,3.36,8.5,11775.0,32769.0,32767.0,32767.0,44544.0
2025-04-22,21,16963.0,3.11,8.71,11117.0,32769.0,32767.0,32767.0,43886.0
2025-04-22,22,16751.0,3.18,10.82,8871.0,32769.0,32767.0,32767.0,41640.0
2025-04-22,23,14351.0,3.35,12.19,8454.0,32769.0,32767.0,32767.0,41223.0
2025-04-23,0,13165.0,3.39,10.98,8332.0,32769.0,32767.0,32767.0,41101.0
2025-04-23,1,13553.0,3.56,11.55,7421.0,32769.0,32767.0,32767.0,40190.0
2025-04-23,2,14272.0,3.94,12.67,6744.0,32769.0,32767.0,32767.0,39513.0
2025-04-23,3,14011.0,4.47,12.86,6759.0,32769.0,32767.0,32767.0,39528.0
2025-04-23,4,12276.0,4.9,14.66,6026.0,32769.0,32767.0,32767.0,38795.0
2025-04-23,5,10659.0,5.08,15.15,6722.0,32769.0,32767.0,32767.0,39491.0
2025-04-23,6,16644.0,4.98,8.62,11973.0,32769.0,32767.0,32767.0,44742.0
2025-04-23,7,17468.0,4.6,7.5,13542.0,32769.0,32767.0,32767.0,46311.0
2025-04-23,8,17208.0,4.2,7.06,12514.0,32769.0,32767.0,32767.0,45283.0
2025-04-23,9,16421.0,3.79,6.52,12147.0,32769.0,32767.0,32767.0,44916.0
2025-04-23,10,16566.0,3.42,6.21,12115.0,32769.0,32767.0,32767.0,44884.0
2025-04-23,11,17194.0,3.25,6.15,11585.0,32769.0,32767.0,32767.0,44354.0
2025-04-23,12,17379.0,3.25,6.17,10723.0,32769.0,32767.0,32767.0,43492.0
2025-04-23,13,17412.0,3.35,6.3,10074.0,32769.0,32767.0,32767.0,42843.0
2025-04-23,14,17438.0,3.5,6.44,10125.0,32769.0,32767.0,32767.0,42894.0
2025-04-23,15,17298.0,3.63,6.55,10242.0,32769.0,32767.0,32767.0,43011.0
2025-04-23,16,17808.0,3.78,6.79,10657.0,32769.0,32767.0,32767.0,43426.0
2025-04-23,17,18288.0,3.78,6.91,11974.0,32769.0,32767.0,32767.0,44743.0
2025-04-23,18,18748.0,3.77,6.99,11554.0,32769.0,32767.0,32767.0,44323.0
2025-04-23,19,18010.0,3.74,6.81,11564.0,32769.0,32767.0,32767.0,44333.0
2025-04-23,20,17735.0,3.63,6.63,11640.0,32769.0,32767.0,32767.0,44409.0
2025-04-23,21,17902.0,3.54,6.58,11379.0,32769.0,32767.0,32767.0,44148.0
2025-04-23,22,16028.0,3.54,10.8,10013.0,32769.0,32767.0,32767.0,42782.0
2025-04-23,23,12720.0,3.47,14.88,8755.0,32769.0,32767.0,32767.0,41524.0
2025-04-24,0,12175.0,3.39,13.93,8241.0,32769.0,32767.0,32767.0,41010.0
2025-04-24,1,12362.0,3.43,14.23,7870.0,32769.0,32767.0,32767.0,40639.0
2025-04-24,2,12580.0,3.59,14.72,6927.0,32769.0,32767.0,32767.0,39696.0
2025-04-24,3,12618.0,3.92,15.1,6757.0,32769.0,32767.0,32767.0,39526.0
2025-04-24,4,11795.0,4.24,14.19,6249.0,32769.0,32767.0,32767.0,39018.0
2025-04-24,5,12921.0,4.6,12.36,6802.0,32769.0,32767.0,32767.0,39571.0
2025-04-24,6,16751.0,4.65,7.68,12490.0,32769.0,32767.0,32767.0,45259.0
2025-04-24,7,17032.0,4.14,6.79,13994.0,32769.0,32767.0,32767.0,46763.0
2025-04-24,8,17541.0,3.71,5.66,12593.0,32769.0,32767.0,32767.0,45362.0
2025-04-24,9,17555.0,3.39,5.36,12394.0,32769.0,32767.0,32767.0,45163.0
2025-04-24,10,17659.0,3.15,5.15,11794.0,32769.0,32767.0,32767.0,44563.0
2025-04-24,11,17709.0,3.13,5.14,10805.0,32769.0,32767.0,32767.0,43574.0
2025-04-24,12,17495.0,3.18,5.17,10795.0,32769.0,32767.0,32767.0,43564.0
2025-04-24,13,17470.0,3.27,5.48,10405.0,32769.0,32767.0,32767.0,43174.0
2025-04-24,14,17543.0,3.4,6.19,10249.0,32769.0,32767.0,32767.0,43018.0
2025-04-24,15,17754.0,3.57,6.42,10309.0,32769.0,32767.0,32767.0,43078.0
2025-04-24,16,17227.0,3.65,7.26,10953.0,32769.0,32767.0,32767.0,43722.0
2025-04-24,17,16558.0,3.55,7.89,11513.0,32769.0,32767.0,32767.0,44282.0
2025-04-24,18,16617.0,3.32,7.69,11460.0,32769.0,32767.0,32767.0,44229.0
2025-04-24,19,16750.0,3.08,7.48,11392.0,32769.0,32767.0,32767.0,44161.0
2025-04-24,20,16807.0,2.88,7.28,11374.0,32769.0,32767.0,32767.0,44143.0
2025-04-24,21,16880.0,2.69,7.13,11207.0,32769.0,32767.0,32767.0,43976.0
2025-04-24,22,16043.0,2.6,10.01,10231.0,32769.0,32767.0,32767.0,43000.0
2025-04-24,23,15250.0,2.7,12.51,8246.0,32769.0,32767.0,32767.0,41015.0
2025-04-25,0,14410.0,2.92,11.75,7968.0,32769.0,32767.0,32767.0,40737.0
2025-04-25,1,14275.0,3.2,11.97,7212.0,32769.0,32767.0,32767.0,39981.0
2025-04-25,2,14297.0,3.57,12.33,7454.0,32769.0,32767.0,32767.0,40223.0
2025-04-25,3,14287.0,4.02,12.77,7186.0,32769.0,32767.0,32767.0,39955.0
2025-04-25,4,14101.0,4.47,12.07,6804.0,32769.0,32767.0,32767.0,39573.0
2025-04-25,5,14241.0,4.94,10.58,7389.0,32769.0,32767.0,32767.0,40158.0
2025-04-25,6,14797.0,4.97,10.03,12088.0,32769.0,32767.0,32767.0,44857.0
2025-04-25,7,16796.0,4.38,6.39,13702.0,32769.0,32767.0,32767.0,46471.0
2025-04-25,8,17013.0,3.85,5.77,13258.0,32769.0,32767.0,32767.0,46027.0
2025-04-25,9,17186.0,3.38,5.33,12802.0,32769.0,32767.0,32767.0,45571.0
2025-04-25,10,17332.0,3.11,5.09,11409.0,32769.0,32767.0,32767.0,44178.0
2025-04-25,11,17443.0,3.05,5.05,11031.0,32769.0,32767.0,32767.0,43800.0
2025-04-25,12,17663.0,3.08,5.08,11036.0,32769.0,32767.0,32767.0,43805.0
2025-04-25,13,17753.0,3.14,5.15,10854.0,32769.0,32767.0,32767.0,43623.0
2025-04-25,14,17748.0,3.24,5.25,10619.0,32769.0,32767.0,32767.0,43388.0
2025-04-25,15,17506.0,3.36,5.35,10730.0,32769.0,32767.0,32767.0,43499.0
2025-04-25,16,17341.0,3.34,5.31,12155.0,32769.0,32767.0,32767.0,44924.0
2025-04-25,17,17281.0,3.2,5.17,12131.0,32769.0,32767.0,32767.0,44900.0
2025-04-25,18,17758.0,3.05,5.05,11432.0,32769.0,32767.0,32767.0,44201.0
2025-04-25,19,15475.0,2.85,8.29,11057.0,32769.0,32767.0,32767.0,43826.0
2025-04-25,20,15151.0,2.52,8.38,11113.0,32769.0,32767.0,32767.0,43882.0
2025-04-25,21,14388.0,2.17,10.65,10406.0,32769.0,32767.0,32767.0,43175.0
2025-04-25,22,15621.0,2.05,12.35,9280.0,32769.0,32767.0,32767.0,42049.0
2025-04-25,23,15725.0,2.12,12.5,10079.0,32769.0,32767.0,32767.0,42848.0
2025-04-26,0,14609.0,2.19,11.32,9516.0,32769.0,32767.0,32767.0,42285.0
2025-04-26,1,16887.0,2.4,8.02,9479.0,32769.0,32767.0,32767.0,42248.0
2025-04-26,2,17579.0,2.87,7.49,9501.0,32769.0,32767.0,32767.0,42270.0
2025-04-26,3,18251.0,3.43,6.59,8840.0,32769.0,32767.0,32767.0,41609.0
2025-04-26,4,17240.0,4.09,6.97,7486.0,32769.0,32767.0,32767.0,40255.0
2025-04-26,5,16721.0,4.87,7.62,6520.0,32769.0,32767.0,32767.0,39289.0
2025-04-26,6,15838.0,5.09,7.68,11572.0,32769.0,32767.0,32767.0,44341.0
2025-04-26,7,16307.0,4.63,7.31,13522.0,32769.0,32767.0,32767.0,46291.0
2025-04-26,8,16468.0,4.07,6.78,13225.0,32769.0,32767.0,32767.0,45994.0
2025-04-26,9,16595.0,3.53,6.3,13087.0,32769.0,32767.0,32767.0,45856.0
2025-04-26,10,17076.0,3.09,5.79,14966.0,32769.0,32767.0,32767.0,47735.0
2025-04-26,11,18028.0,2.79,4.82,32769.0,32769.0,32767.0,32768.97,65538.0
2025-04-26,12,18507.0,2.66,4.73,32769.0,32769.0,32767.0,32769.0,65538.0
2025-04-26,13,18643.0,2.61,4.69,32769.0,32769.0,32767.0,32769.0,65538.0
2025-04-26,14,18409.0,2.56,4.63,29690.0,32769.0,32767.0,32769.0,62459.0
2025-04-26,15,18391.0,2.51,4.58,12252.0,32769.0,32767.0,32769.0,45021.0
2025-04-26,16,18381.0,2.48,4.54,12155.0,32769.0,32767.03,32768.23,44924.0
2025-04-26,17,17937.0,2.46,4.48,11361.0,32769.0,32767.0,32767.0,44130.0
2025-04-26,18,17744.0,2.37,4.36,11632.0,32769.0,32767.97,32768.03,44401.0
2025-04-26,19,17788.0,2.21,4.22,15130.0,8490.0,32769.0,32769.0,23620.0
2025-04-26,20,18244.0,2.11,4.14,11507.0,7518.0,32769.0,32769.0,19025.0
2025-04-26,21,18495.0,2.07,4.12,11453.0,7318.0,32769.0,32769.0,18771.0
2025-04-26,22,19378.0,2.15,4.29,11427.0,6243.0,32769.0,32769.0,17671.0
2025-04-26,23,19495.0,2.45,4.61,10964.0,5380.0,32769.0,32769.0,16344.0
2025-04-27,0,18145.0,2.82,4.83,9924.0,4646.0,32769.0,32769.0,14570.0
2025-04-27,1,14927.0,3.23,9.69,7673.0,3716.0,32769.0,32769.0,11389.0
2025-04-27,2,14868.0,3.65,10.72,6975.0,3423.0,32769.0,32769.0,10399.0
2025-04-27,3,14667.0,4.21,11.09,6559.0,3216.0,32769.0,32769.0,9775.0
2025-04-27,4,13280.0,4.7,12.69,5950.0,3234.0,32769.0,32769.0,9184.0
2025-04-27,5,12818.0,5.11,12.08,5627.0,3597.0,32769.0,32769.0,9224.0
2025-04-27,6,16618.0,5.46,8.19,9287.0,6403.0,32769.0,32769.0,15690.0
2025-04-27,7,17189.0,5.31,7.24,12687.0,7744.0,32769.0,32769.0,20431.0
2025-04-27,8,17320.0,4.9,6.81,13333.0,8144.0,32769.0,32769.0,21477.0
2025-04-27,9,17246.0,4.48,6.41,13153.0,7928.0,32769.0,32769.0,21080.0
2025-04-27,10,17516.0,4.17,6.13,12565.0,7158.0,32769.0,32769.0,19723.0
2025-04-27,11,17903.0,4.09,6.07,11000.0,6669.0,32769.0,32769.0,17668.0
2025-04-27,12,18131.0,4.16,6.16,10642.0,6599.0,32769.0,32769.0,17240.0
2025-04-27,13,18107.0,4.33,6.33,9842.0,6425.0,32769.0,32769.0,16267.0
2025-04-27,14,17633.0,4.61,6.56,8805.0,6094.0,32769.0,32769.0,14899.0
2025-04-27,15,13945.0,4.76,11.46,8667.0,6153.0,32769.0,32769.0,14820.0
2025-04-27,16,13498.0,4.62,12.2,8822.0,6290.0,32769.0,32769.0,15112.0
2025-04-27,17,13006.0,4.4,14.09,9525.0,6755.0,32769.0,32769.0,16280.0
2025-04-27,18,13157.0,3.95,15.36,10376.0,7260.0,32769.0,32769.0,17637.0
2025-04-27,19,13540.0,3.5,15.57,10437.0,7182.0,32769.0,32769.0,17618.0
2025-04-27,20,13737.0,3.04,15.44,10983.0,7398.0,32769.0,32769.0,18380.0
2025-04-27,21,13982.0,2.59,15.51,11265.0,6513.0,32769.0,32769.0,17778.0
2025-04-27,22,14199.0,2.24,15.64,11262.0,5642.0,32769.0,32769.0,16904.0
2025-04-27,23,13597.0,2.02,14.42,10016.0,5092.0,32769.0,32769.0,15108.0
2025-04-28,0,13602.0,1.98,12.86,8409.0,4354.0,32769.0,32769.0,12763.0
2025-04-28,1,13916.0,2.18,12.22,7809.0,4069.0,32769.0,32769.0,11878.0
2025-04-28,2,13843.0,2.52,12.44,6575.0,3112.0,32769.0,32769.0,9687.0
2025-04-28,3,13967.0,3.02,13.08,6486.0,2846.0,32769.0,32769.0,9332.0
2025-04-28,4,14444.0,3.54,11.1,6323.0,2808.0,32769.0,32769.0,9131.0
2025-04-28,5,15374.0,4.21,8.28,6786.0,3491.0,32769.0,32769.0,10277.0
2025-04-28,6,16913.0,4.42,7.21,11663.0,6789.0,32769.0,32769.0,18453.0
2025-04-28,7,16623.0,4.06,6.83,12843.0,8383.0,32769.0,32769.0,21225.0
2025-04-28,8,16694.0,3.59,6.4,12472.0,8284.0,32769.0,32769.0,20756.0
2025-04-28,9,17179.0,3.24,5.46,11607.0,7853.0,32769.0,32769.0,19460.0
2025-04-28,10,17416.0,3.14,5.14,10520.0,7029.0,32769.0,32769.0,17548.0
2025-04-28,11,18139.0,3.17,5.22,11549.0,6374.0,32769.0,32769.0,17922.0
2025-04-28,12,18010.0,3.26,5.29,11057.0,6127.0,32769.0,32769.0,17184.0
2025-04-28,13,17382.0,3.32,5.29,11002.0,6143.0,32769.0,32769.0,17145.0
2025-04-28,14,17402.0,3.36,5.33,10993.0,6115.0,32769.0,32769.0,17108.0
2025-04-28,15,17548.0,3.42,5.4,10947.0,6069.0,32769.0,32769.0,17016.0
2025-04-28,16,17623.0,3.51,5.5,10897.0,6125.0,32769.0,32769.0,17022.0
2025-04-28,17,17720.0,3.57,5.55,10794.0,6835.0,32769.0,32769.0,17629.0
2025-04-28,18,16158.0,3.51,7.83,10890.0,7581.0,32769.0,32769.0,18470.0
2025-04-28,19,15821.0,3.21,8.23,11211.0,7680.0,32769.0,32769.0,18891.0
2025-04-28,20,16798.0,2.95,6.78,11108.0,7575.0,32769.0,32769.0,18682.0
2025-04-28,21,17199.0,2.82,6.71,10824.0,7398.0,32769.0,32769.0,18221.0
2025-04-28,22,18837.0,2.83,7.2,10918.0,6621.0,32769.0,32769.0,17539.0
2025-04-28,23,18507.0,3.09,7.33,10166.0,5492.0,32769.0,32769.0,15659.0
2025-04-29,0,14955.0,3.4,10.84,8779.0,4469.0,32769.0,32769.0,13247.0
2025-04-29,1,14080.0,3.56,12.2,8454.0,3677.0,32769.0,32769.0,12131.0
2025-04-29,2,13371.0,3.87,13.28,7426.0,3140.0,32769.0,32769.0,10566.0
2025-04-29,3,12364.0,4.15,14.98,7215.0,3065.0,32769.0,32769.0,10280.0
2025-04-29,4,11614.0,4.41,15.61,6717.0,2927.0,32769.0,32769.0,9644.0
2025-04-29,5,13069.0,4.64,12.37,6843.0,3798.0,32769.0,32769.0,10640.0
2025-04-29,6,17426.0,4.82,6.83,11824.0,6749.0,32769.0,32769.0,18574.0
2025-04-29,7,17766.0,4.53,6.5,12497.0,8255.0,32769.0,32769.0,20753.0
2025-04-29,8,16900.0,4.3,6.21,11207.0,7901.0,32769.0,32769.0,19108.0
2025-04-29,9,16738.0,4.06,5.94,11203.0,16179.0,32769.0,32769.0,27382.0
2025-04-29,10,16877.0,3.86,5.75,10911.0,11536.0,32769.0,32769.0,22447.0
2025-04-29,11,16902.0,3.81,5.72,10716.0,6304.0,32769.0,32769.0,17021.0
2025-04-29,12,17939.0,3.87,5.87,10522.0,6164.0,32769.0,32769.0,16685.0
2025-04-29,13,18163.0,4.05,6.06,10378.0,6110.0,32769.0,32769.0,16488.0
2025-04-29,14,18241.0,4.23,6.24,10939.0,6027.0,32769.0,32769.0,16966.0
2025-04-29,15,15736.0,4.27,11.41,11116.0,6032.0,32769.0,32769.0,17148.0
2025-04-29,16,15347.0,4.07,12.5,11246.0,6203.0,32769.0,32769.0,17449.0
2025-04-29,17,15879.0,3.86,12.8,11186.0,6761.0,32769.0,32769.0,17947.0
2025-04-29,18,15333.0,3.61,12.01,11041.0,7241.0,32769.0,32769.0,18282.0
2025-04-29,19,15314.0,3.31,11.69,10925.0,7315.0,32769.0,32769.0,18240.0
2025-04-29,20,14780.0,2.99,10.88,10874.0,7343.0,32769.0,32769.0,18217.0
2025-04-29,21,14614.0,2.61,10.35,10623.0,7073.0,32769.0,32769.0,17696.0
2025-04-29,22,16405.0,2.52,11.97,9314.0,6185.0,32769.0,32769.0,15498.0
2025-04-29,23,16662.0,2.71,12.47,8997.0,5458.0,32769.0,32769.0,14455.0
2025-04-30,0,15550.0,3.01,11.61,8271.0,4584.0,32769.0,32769.0,12855.0
2025-04-30,1,13001.0,3.32,13.17,6613.0,3806.0,32769.0,32769.0,10419.0
2025-04-30,2,12395.0,3.56,13.05,6484.0,3697.0,32769.0,32769.0,10181.0
2025-04-30,3,12532.0,3.83,12.47,6804.0,3399.0,32769.0,32769.0,10203.0
2025-04-30,4,16576.0,4.33,6.21,6769.0,2941.0,32769.0,32769.0,9710.0
2025-04-30,5,15867.0,5.11,7.44,6555.0,3643.0,32769.0,32769.0,10198.0
2025-04-30,6,16513.0,5.34,7.69,11538.0,6911.0,32769.0,32769.0,18448.0
2025-04-30,7,16172.0,4.88,6.7,13329.0,8381.0,32769.0,32769.0,21710.0
2025-04-30,8,16303.0,4.32,6.15,13105.0,8388.0,32769.0,32769.0,21494.0
2025-04-30,9,17149.0,3.85,5.77,12323.0,7914.0,32769.0,32769.0,20238.0
2025-04-30,10,17323.0,3.65,5.61,10812.0,7253.0,32769.0,32769.0,18066.0
2025-04-30,11,17362.0,3.66,5.61,10775.0,6587.0,32769.0,32769.0,17362.0
2025-04-30,12,17505.0,3.67,5.62,11065.0,6443.0,32769.0,32769.0,17508.0
2025-04-30,13,17522.0,3.68,5.66,11068.0,6413.0,32769.0,32769.0,17481.0
2025-04-30,14,17984.0,3.75,5.75,11100.0,6125.0,32769.0,32769.0,17225.0
2025-04-30,15,16586.0,3.78,7.7,11153.0,6142.0,32769.0,32769.0,17294.0
2025-04-30,16,16434.0,3.7,8.03,11130.0,6316.0,32769.0,32769.0,17446.0
2025-04-30,17,16754.0,3.58,8.43,11377.0,6953.0,32769.0,32769.0,18330.0
2025-04-30,18,16219.0,3.36,9.59,11322.0,7418.0,32769.0,32769.0,18740.0
2025-04-30,19,16498.0,3.16,9.58,10956.0,7136.0,32769.0,32769.0,18092.0
2025-04-30,20,16462.0,3.04,9.44,10553.0,6995.0,32769.0,32769.0,17548.0
2025-04-30,21,16641.0,3.01,9.51,9602.0,6594.0,32769.0,32769.0,16196.0
2025-04-30,22,14796.0,3.08,13.4,8872.0,6244.0,32769.0,32769.0,15117.0
2025-04-30,23,13977.0,2.99,14.94,8990.0,5819.0,32769.0,32769.0,14808.0
2025-05-01,0,14364.0,2.97,12.67,9269.0,4737.0,32769.0,32769.0,14006.0
2025-05-01,1,14650.0,3.12,10.86,8817.0,4014.0,32769.0,32769.0,12831.0
2025-05-01,2,14175.0,3.34,11.67,8235.0,3498.0,32769.0,32769.0,11733.0
2025-05-01,3,15315.0,3.79,10.35,6963.0,2990.0,32769.0,32769.0,9953.0
2025-05-01,4,14376.0,4.42,11.26,5904.0,3076.0,32769.0,32769.0,8979.0
2025-05-01,5,11852.0,4.91,14.46,5294.0,3379.0,32769.0,32769.0,8673.0
2025-05-01,6,11387.0,4.99,17.28,7332.0,5564.0,32769.0,32769.0,12896.0
2025-05-01,7,15398.0,4.8,11.69,9651.0,6958.0,32769.0,32769.0,16609.0
2025-05-01,8,15902.0,4.58,11.55,10582.0,7579.0,32769.0,32769.0,18161.0
2025-05-01,9,15578.0,4.27,11.01,10859.0,7792.0,32769.0,32769.0,18651.0
2025-05-01,10,15698.0,3.95,10.79,10696.0,7405.0,32769.0,32769.0,18102.0
2025-05-01,11,16179.0,3.76,10.96,9846.0,6832.0,32769.0,32769.0,16677.0
2025-05-01,12,16338.0,3.75,11.06,9059.0,6377.0,32769.0,32769.0,15435.0
2025-05-01,13,14753.0,3.84,13.19,8004.0,6110.0,32769.0,32769.0,14114.0
2025-05-01,14,13890.0,3.88,14.33,7571.0,5863.0,32769.0,32769.0,13434.0
2025-05-01,15,13243.0,3.92,14.58,7120.0,5679.0,32769.0,32769.0,12799.0
2025-05-01,16,13310.0,3.95,14.74,7273.0,5819.0,32769.0,32769.0,13091.0
2025-05-01,17,13762.0,3.92,15.32,8159.0,6288.0,32769.0,32769.0,14448.0
2025-05-01,18,12208.0,3.75,17.4,8566.0,6437.0,32769.0,32769.0,15003.0
2025-05-01,19,10406.0,3.23,19.77,9312.0,6850.0,32769.0,32769.0,16163.0
2025-05-01,20,10444.0,2.6,19.31,9424.0,6938.0,32769.0,32769.0,16362.0
2025-05-01,21,13487.0,2.09,16.37,9344.0,6685.0,32769.0,32769.0,16029.0
2025-05-01,22,13784.0,1.89,15.92,8896.0,6046.0,32769.0,32769.0,14942.0
2025-05-01,23,12756.0,1.79,14.58,8237.0,4855.0,32769.0,32769.0,13091.0
2025-05-02,0,13674.0,1.87,12.75,7340.0,4362.0,32769.0,32769.0,11702.0
2025-05-02,1,14272.0,2.21,12.31,6446.0,3582.0,32769.0,32769.0,10028.0
2025-05-02,2,14196.0,2.72,12.66,6176.0,3231.0,32769.0,32769.0,9407.0
2025-05-02,3,14132.0,3.25,12.87,5713.0,3085.0,32769.0,32769.0,8798.0
2025-05-02,4,17283.0,4.06,7.16,5031.0,2784.0,32769.0,32769.0,7815.0
2025-05-02,5,14938.0,4.99,9.23,5663.0,3427.0,32769.0,32769.0,9090.0
2025-05-02,6,14549.0,5.23,10.68,9112.0,6209.0,32769.0,32769.0,15321.0
2025-05-02,7,16081.0,5.02,8.18,10598.0,7528.0,32769.0,32769.0,18126.0
2025-05-02,8,16299.0,4.8,8.0,10659.0,7715.0,32769.0,32769.0,18374.0
2025-05-02,9,16301.0,4.52,7.74,10979.0,7833.0,32769.0,32769.0,18812.0
2025-05-02,10,16465.0,4.27,7.53,11078.0,7132.0,32769.0,32769.0,18210.0
2025-05-02,11,16563.0,4.12,7.42,10737.0,6577.0,32769.0,32769.0,17315.0
2025-05-02,12,17017.0,4.08,7.53,10266.0,6312.0,32769.0,32769.0,16577.0
2025-05-02,13,16590.0,4.14,8.74,9996.0,6076.0,32769.0,32769.0,16072.0
2025-05-02,14,16726.0,4.2,10.17,9742.0,5882.0,32769.0,32769.0,15624.0
2025-05-02,15,16150.0,4.32,11.05,9755.0,5908.0,32769.0,32769.0,15662.0
2025-05-02,16,13649.0,4.17,13.86,10442.0,6178.0,32769.0,32769.0,16621.0
2025-05-02,17,13372.0,3.76,13.17,10446.0,6518.0,32769.0,32769.0,16964.0
2025-05-02,18,13417.0,3.35,12.83,10520.0,6907.0,32769.0,32769.0,17427.0
2025-05-02,19,13951.0,2.89,13.06,10875.0,7091.0,32769.0,32769.0,17966.0
2025-05-02,20,14372.0,2.46,13.22,10917.0,7134.0,32769.0,32769.0,18051.0
2025-05-02,21,14527.0,2.13,13.09,10126.0,6624.0,32769.0,32769.0,16749.0
2025-05-02,22,14745.0,2.04,13.29,8311.0,5512.0,32769.0,32769.0,13823.0
2025-05-02,23,14469.0,2.16,12.97,8402.0,5339.0,32769.0,32769.0,13741.0
2025-05-03,0,13948.0,2.28,12.43,7581.0,4435.0,32769.0,32769.0,12016.0
2025-05-03,1,13872.0,2.51,12.56,7142.0,4170.0,32769.0,32769.0,11312.0
2025-05-03,2,15546.0,2.92,10.81,6936.0,3586.0,32769.0,32769.0,10522.0
2025-05-03,3,15483.0,3.48,10.3,7055.0,3582.0,32769.0,32769.0,10638.0
2025-05-03,4,15719.0,3.98,6.8,6683.0,3586.0,32769.0,32769.0,10269.0
2025-05-03,5,17088.0,4.73,6.81,6349.0,3823.0,32769.0,32769.0,10172.0
2025-05-03,6,15660.0,5.11,13.1,9742.0,6070.0,32769.0,32769.0,15812.0
2025-05-03,7,16505.0,4.87,10.95,11533.0,7332.0,32769.0,32769.0,18865.0
2025-05-03,8,18417.0,4.72,7.83,12131.0,7390.0,32769.0,32769.0,19522.0
2025-05-03,9,18261.0,4.58,7.65,12026.0,7401.0,32769.0,32769.0,19427.0
2025-05-03,10,18136.0,4.41,7.46,12247.0,7412.0,32769.0,32769.0,19660.0
2025-05-03,11,18918.0,4.29,6.39,12242.0,6844.0,32769.0,32769.0,19087.0
2025-05-03,12,19365.0,4.31,6.45,11798.0,6859.0,32769.0,32769.0,18657.0
2025-05-03,13,19426.0,4.4,6.53,11611.0,6883.0,32769.0,32769.0,18494.0
2025-05-03,14,19435.0,4.53,6.66,10980.0,6473.0,32769.0,32769.0,17453.0
2025-05-03,15,19346.0,4.79,6.91,10577.0,6288.0,32769.0,32769.0,16865.0
2025-05-03,16,19627.0,5.03,7.65,11077.0,8262.0,32769.0,32769.0,19338.0
2025-05-03,17,19057.0,5.19,8.66,11379.0,13706.0,10388.51,10388.06,25085.0
2025-05-03,18,18417.0,5.26,8.59,11219.0,7114.0,16.77,15.98,18334.0
2025-05-03,19,17996.0,5.23,8.31,11175.0,7180.0,16.7,15.89,18355.0
2025-05-03,20,18059.0,5.18,8.05,11180.0,7101.0,16.44,15.67,18281.0
2025-05-03,21,17471.0,5.25,7.89,9973.0,5978.0,13.79,13.4,15951.0
2025-05-03,22,232.0,5.0,6.73,6119.0,418.0,6.37,7.02,6537.0
2025-05-03,23,-19.0,4.33,5.49,6104.0,81.0,6.41,7.09,6185.0
2025-05-04,0,337.0,3.67,6.51,5982.0,82.0,6.33,7.02,6064.0
2025-05-04,1,13371.0,3.56,15.17,7019.0,3231.0,7.99,8.21,10251.0
2025-05-04,2,12885.0,3.8,15.75,6708.0,3483.0,7.71,7.89,10191.0
2025-05-04,3,15420.0,4.15,11.91,6464.0,3376.0,7.51,7.72,9840.0
2025-05-04,4,14976.0,4.92,11.5,5943.0,3215.0,7.13,7.37,9158.0
2025-05-04,5,11076.0,5.27,15.56,5760.0,3761.0,7.42,7.59,9521.0
2025-05-04,6,13828.0,5.29,13.42,8481.0,6031.0,11.21,10.8,14512.0
2025-05-04,7,15392.0,5.04,11.58,11403.0,8046.0,16.64,15.47,19449.0
2025-05-04,8,17711.0,4.6,7.83,12856.0,8418.0,20.05,18.73,21274.0
2025-05-04,9,17434.0,4.21,7.13,12740.0,8249.0,19.85,18.61,20988.0
2025-05-04,10,17132.0,3.8,6.69,12432.0,8144.0,19.1,17.89,20577.0
2025-05-04,11,17298.0,3.5,6.42,11345.0,7689.0,16.85,15.84,19033.0
2025-05-04,12,17632.0,3.37,6.37,10638.0,7255.0,15.25,14.41,17893.0
2025-05-04,13,17609.0,3.38,6.35,10114.0,6917.0,14.18,13.47,17031.0
2025-05-04,14,17575.0,3.53,6.52,9142.0,6176.0,12.19,11.74,15318.0
2025-05-04,15,18073.0,3.83,6.91,8832.0,6006.0,11.7,11.29,14838.0
2025-05-04,16,18217.0,4.21,7.31,8586.0,6305.0,11.26,10.74,14891.0
2025-05-04,17,16964.0,4.52,10.2,9026.0,6597.0,12.17,11.56,15623.0
2025-05-04,18,14349.0,4.42,16.51,9798.0,7105.0,13.56,12.76,16903.0
2025-05-04,19,12751.0,4.02,16.71,9809.0,7181.0,13.56,12.72,16990.0
2025-05-04,20,12729.0,3.56,16.38,9720.0,7059.0,13.25,12.47,16780.0
2025-05-04,21,13117.0,3.14,16.87,9620.0,6942.0,13.04,12.31,16562.0
2025-05-04,22,13506.0,2.8,17.6,9610.0,6560.0,13.05,12.46,16170.0
2025-05-04,23,14426.0,2.59,14.19,9364.0,5503.0,12.62,12.39,14866.0
2025-05-05,0,13993.0,2.62,12.6,8600.0,4773.0,10.96,10.95,13373.0
2025-05-05,1,13931.0,2.72,12.64,8478.0,4281.0,10.7,10.8,12759.0
2025-05-05,2,14068.0,2.87,13.02,8038.0,4058.0,10.22,10.37,12096.0
2025-05-05,3,14614.0,3.11,13.93,8007.0,4063.0,10.25,10.4,12070.0
2025-05-05,4,17901.0,3.54,8.35,7715.0,4001.0,10.01,10.17,11716.0
2025-05-05,5,19366.0,4.4,6.76,7520.0,4009.0,9.89,10.05,11529.0
2025-05-05,6,19423.0,4.83,6.97,11955.0,7031.0,18.14,17.37,18985.0
2025-05-05,7,19568.0,4.75,6.89,12575.0,8403.0,19.22,17.9,20978.0
2025-05-05,8,19450.0,4.59,6.75,12191.0,8465.0,18.39,17.04,20657.0
2025-05-05,9,19216.0,4.45,6.56,12083.0,8469.0,18.19,16.82,20551.0
2025-05-05,10,18842.0,4.36,6.44,11457.0,7652.0,16.45,15.46,19109.0
2025-05-05,11,18403.0,4.27,6.32,11892.0,7269.0,18.13,17.29,19161.0
2025-05-05,12,18539.0,4.24,6.29,11155.0,7217.0,16.56,15.75,18373.0
2025-05-05,13,17801.0,4.21,6.35,11047.0,7032.0,16.47,15.72,18079.0
2025-05-05,14,17383.0,4.15,6.48,11129.0,6730.0,16.48,15.84,17859.0
2025-05-05,15,17417.0,4.1,6.44,10889.0,6841.0,15.99,15.31,17730.0
2025-05-05,16,17889.0,4.08,6.47,10937.0,6843.0,16.1,15.42,17779.0
2025-05-05,17,17639.0,4.07,6.43,11001.0,7339.0,15.79,14.9,18340.0
2025-05-05,18,17982.0,3.96,6.38,11099.0,7911.0,16.19,15.06,19009.0
2025-05-05,19,17702.0,3.87,7.41,11210.0,7810.0,15.98,14.91,19020.0
2025-05-05,20,13633.0,3.51,13.59,10968.0,7700.0,15.41,14.39,18667.0
2025-05-05,21,14333.0,3.02,14.07,10763.0,7273.0,14.79,13.93,18035.0
2025-05-05,22,14564.0,2.73,14.08,10152.0,6279.0,13.65,13.17,16431.0
2025-05-05,23,14393.0,2.53,13.64,10498.0,5689.0,14.2,13.94,16188.0
2025-05-06,0,14008.0,2.44,13.02,9196.0,4708.0,11.47,11.47,13904.0
2025-05-06,1,13838.0,2.57,12.94,7793.0,3951.0,8.9,9.05,11744.0
2025-05-06,2,15965.0,2.97,10.0,7014.0,3002.0,7.76,8.1,10017.0
2025-05-06,3,16920.0,3.74,8.78,6834.0,2953.0,7.73,8.08,9787.0
2025-05-06,4,15975.0,4.51,9.07,6282.0,2771.0,7.01,7.38,9053.0
2025-05-06,5,12867.0,5.1,12.03,6670.0,3744.0,7.89,8.06,10414.0
2025-05-06,6,17167.0,5.12,7.19,11637.0,7146.0,16.49,15.7,18782.0
2025-05-06,7,17743.0,4.88,6.85,11791.0,8132.0,17.1,15.9,19923.0
2025-05-06,8,17821.0,4.67,6.65,11594.0,8173.0,17.02,15.79,19766.0
2025-05-06,9,18006.0,4.53,7.38,11013.0,7882.0,15.66,14.56,18895.0
2025-05-06,10,16683.0,4.4,9.31,10477.0,7507.0,14.56,13.6,17984.0
2025-05-06,11,15904.0,4.27,10.42,10834.0,6634.0,15.4,14.79,17468.0
2025-05-06,12,14428.0,3.98,11.96,10883.0,6503.0,15.34,14.78,17385.0
2025-05-06,13,15300.0,3.71,10.81,10781.0,6415.0,15.23,14.7,17197.0
2025-05-06,14,15619.0,3.52,10.83,10461.0,6330.0,14.71,14.2,16790.0
2025-05-06,15,15858.0,3.44,10.9,9991.0,6351.0,13.65,13.13,16342.0
2025-05-06,16,15914.0,3.38,10.89,10159.0,6468.0,14.07,13.51,16626.0
2025-05-06,17,15907.0,3.23,10.72,10730.0,7002.0,15.26,14.5,17732.0
2025-05-06,18,16116.0,3.02,10.66,10683.0,7465.0,14.78,13.85,18148.0
2025-05-06,19,16160.0,2.78,10.47,10987.0,7653.0,15.3,14.31,18641.0
2025-05-06,20,16234.0,2.49,10.21,11236.0,7798.0,15.85,14.78,19034.0
2025-05-06,21,16946.0,2.27,10.61,10782.0,7144.0,14.98,14.19,17925.0
2025-05-06,22,16455.0,2.29,11.41,9688.0,6171.0,12.38,11.95,15859.0
2025-05-06,23,13342.0,2.21,16.07,9964.0,5487.0,12.71,12.53,15451.0
2025-05-07,0,13772.0,2.06,11.75,8895.0,4725.0,10.68,10.44,13620.0
2025-05-07,1,14941.0,2.26,10.63,8132.0,3692.0,9.44,9.51,11824.0
2025-05-07,2,17810.0,2.81,6.54,7439.0,3101.0,8.41,8.64,10541.0
2025-05-07,3,17282.0,3.64,6.46,7126.0,3011.0,8.11,8.38,10137.0
2025-05-07,4,15813.0,4.34,6.85,7074.0,3015.0,8.22,8.47,10089.0
2025-05-07,5,14491.0,4.91,11.76,6908.0,3968.0,8.11,8.05,10875.0
2025-05-07,6,16204.0,4.96,9.68,11347.0,7100.0,16.11,15.32,18447.0
2025-05-07,7,17612.0,4.65,6.53,12181.0,8307.0,17.97,16.69,20489.0
2025-05-07,8,17748.0,4.38,6.28,11715.0,8231.0,17.03,15.77,19945.0
2025-05-07,9,17716.0,4.15,6.05,11516.0,8120.0,16.74,15.52,19636.0
2025-05-07,10,17880.0,4.02,5.95,10504.0,7424.0,14.61,13.69,17928.0
2025-05-07,11,17347.0,4.01,6.97,11211.0,6789.0,15.87,15.22,18001.0
2025-05-07,12,17312.0,3.92,7.16,11401.0,6488.0,16.47,15.93,17889.0
2025-05-07,13,17377.0,3.87,7.13,11076.0,6604.0,15.87,15.28,17681.0
2025-05-07,14,17208.0,3.86,7.21,10657.0,6376.0,14.99,14.48,17033.0
2025-05-07,15,16314.0,3.85,8.32,10506.0,6331.0,14.67,14.17,16837.0
2025-05-07,16,16334.0,3.77,8.27,10651.0,6766.0,14.83,14.19,17417.0
2025-05-07,17,16264.0,3.62,8.08,11121.0,7026.0,15.74,14.99,18147.0
2025-05-07,18,16521.0,3.35,7.92,11558.0,7716.0,16.73,15.72,19274.0
2025-05-07,19,14463.0,2.98,11.04,11150.0,7741.0,15.89,14.85,18891.0
2025-05-07,20,14165.0,2.49,11.36,10887.0,7669.0,15.06,14.05,18556.0
2025-05-07,21,14492.0,2.05,11.29,10585.0,7446.0,14.5,13.59,18031.0
2025-05-07,22,16050.0,1.83,11.44,9969.0,5943.0,12.92,12.57,15912.0
2025-05-07,23,16607.0,1.98,11.94,9296.0,5477.0,11.41,11.21,14774.0
2025-05-08,0,14940.0,2.17,10.41,8409.0,4962.0,9.73,9.64,13371.0
2025-05-08,1,14591.0,2.39,10.26,8293.0,3986.0,9.98,10.11,12278.0
2025-05-08,2,14615.0,2.65,10.54,8301.0,3915.0,10.26,10.39,12216.0
2025-05-08,3,16493.0,3.0,8.41,7517.0,3469.0,8.92,9.16,10986.0
2025-05-08,4,17654.0,3.83,6.75,6743.0,2922.0,7.64,7.99,9665.0
2025-05-08,5,16676.0,4.63,6.87,7295.0,3703.0,8.77,8.95,10997.0
2025-05-08,6,16735.0,4.84,6.65,11816.0,6994.0,17.21,16.47,18810.0
2025-05-08,7,16435.0,4.48,6.26,11918.0,8137.0,17.28,16.09,20055.0
2025-05-08,8,16601.0,4.11,5.92,11382.0,8040.0,16.25,15.09,19421.0
2025-05-08,9,17027.0,3.84,5.68,11370.0,7943.0,16.45,15.32,19313.0
2025-05-08,10,17715.0,3.65,5.57,11182.0,7071.0,15.87,15.12,18252.0
2025-05-08,11,18063.0,3.66,5.62,10799.0,6950.0,14.96,14.24,17749.0
2025-05-08,12,17931.0,3.69,5.63,10599.0,6636.0,14.62,14.01,17235.0
2025-05-08,13,17965.0,3.79,5.74,10383.0,6807.0,14.25,13.58,17190.0
2025-05-08,14,18055.0,3.82,5.77,10894.0,7065.0,15.55,14.78,17958.0
2025-05-08,15,18089.0,3.87,5.84,10513.0,6781.0,14.33,13.68,17294.0
2025-05-08,16,18180.0,3.98,5.94,10487.0,6806.0,14.43,13.77,17293.0
2025-05-08,17,17956.0,4.08,6.02,10231.0,6678.0,14.02,13.4,16910.0
2025-05-08,18,12872.0,3.99,13.03,10350.0,6887.0,14.15,13.47,17237.0
2025-05-08,19,12073.0,3.35,14.96,10961.0,7190.0,15.12,14.34,18151.0
2025-05-08,20,12392.0,2.64,14.55,11495.0,7798.0,16.3,15.25,19293.0
2025-05-08,21,15151.0,2.02,10.8,10900.0,7464.0,15.27,14.36,18364.0
2025-05-08,22,16635.0,1.99,10.39,9207.0,6104.0,11.62,11.22,15312.0
2025-05-08,23,15371.0,2.13,12.06,8918.0,5361.0,10.99,10.83,14278.0
2025-05-09,0,14612.0,2.29,11.39,8138.0,4379.0,9.48,9.36,12517.0
2025-05-09,1,14299.0,2.61,11.35,7064.0,3754.0,8.14,8.19,10817.0
2025-05-09,2,14201.0,3.1,11.72,5846.0,2921.0,6.4,6.67,8767.0
2025-05-09,3,15653.0,3.71,10.53,6045.0,2970.0,6.77,7.03,9015.0
2025-05-09,4,18621.0,4.63,6.68,6611.0,3224.0,7.64,7.83,9834.0
2025-05-09,5,13868.0,5.23,12.38,8628.0,4598.0,11.31,11.29,13226.0
2025-05-09,6,17325.0,5.04,7.84,12573.0,7720.0,18.94,17.93,20294.0
2025-05-09,7,17470.0,4.58,7.43,13295.0,8670.0,20.59,19.17,21965.0
2025-05-09,8,17226.0,4.16,6.98,12318.0,8506.0,17.93,16.57,20825.0
2025-05-09,9,17201.0,3.77,6.6,12118.0,8380.0,17.59,16.27,20498.0
2025-05-09,10,17268.0,3.47,6.32,11332.0,7939.0,16.05,14.93,19271.0
2025-05-09,11,17673.0,3.24,6.19,11607.0,7989.0,16.82,15.67,19595.0
2025-05-09,12,17891.0,3.12,6.11,11306.0,6970.0,16.28,15.56,18276.0
2025-05-09,13,18184.0,3.1,6.15,11163.0,7016.0,15.96,15.23,18179.0
2025-05-09,14,17790.0,3.12,6.08,10562.0,6831.0,14.94,14.26,17393.0
2025-05-09,15,17006.0,3.16,5.96,10132.0,6717.0,13.75,13.11,16849.0
2025-05-09,16,17062.0,3.15,5.98,10810.0,6764.0,15.19,14.53,17574.0
2025-05-09,17,17116.0,3.06,5.88,11232.0,7185.0,15.63,14.81,18416.0
2025-05-09,18,17953.0,2.91,5.88,11534.0,7953.0,16.23,15.1,19487.0
2025-05-09,19,18011.0,2.78,5.76,11256.0,7843.0,15.83,14.75,19099.0
2025-05-09,20,17021.0,2.64,7.36,11410.0,7694.0,15.91,14.91,19105.0
2025-05-09,21,17026.0,2.41,7.96,11475.0,7267.0,16.57,15.75,18742.0
2025-05-09,22,14830.0,2.29,13.48,9945.0,6359.0,13.17,12.67,16305.0
2025-05-09,23,13567.0,2.04,14.31,10026.0,5937.0,13.05,12.69,15963.0
2025-05-10,0,12908.0,1.87,13.14,9006.0,4777.0,10.86,10.81,13783.0
2025-05-10,1,12906.0,1.92,13.09,7440.0,3848.0,8.08,8.26,11288.0
2025-05-10,2,15461.0,2.23,9.34,7503.0,3870.0,8.42,8.59,11373.0
2025-05-10,3,16212.0,2.73,8.99,7637.0,3966.0,8.96,9.11,11604.0
2025-05-10,4,16273.0,3.22,8.0,7479.0,3806.0,9.02,9.2,11285.0
2025-05-10,5,17162.0,3.87,6.53,7623.0,4056.0,9.64,9.75,11679.0
2025-05-10,6,18275.0,4.29,6.8,10583.0,6233.0,14.44,13.95,16815.0
2025-05-10,7,18274.0,4.24,6.2,12384.0,7633.0,18.2,17.25,20017.0
2025-05-10,8,18231.0,4.05,6.0,12095.0,8123.0,17.53,16.36,20218.0
2025-05-10,9,17912.0,3.79,5.72,12153.0,8423.0,17.62,16.29,20575.0
2025-05-10,10,18235.0,3.55,5.52,12386.0,7635.0,18.22,17.27,20021.0
2025-05-10,11,18845.0,3.39,5.43,12643.0,7233.0,19.05,18.23,19876.0
2025-05-10,12,19338.0,3.36,5.46,11859.0,7043.0,17.35,16.59,18902.0
2025-05-10,13,19314.0,3.46,5.55,11297.0,6972.0,15.96,15.24,18269.0
2025-05-10,14,19283.0,3.6,5.69,11016.0,6825.0,15.27,14.61,17841.0
2025-05-10,15,19120.0,3.8,5.85,10434.0,6807.0,14.05,13.38,17241.0
2025-05-10,16,18876.0,4.01,6.03,10531.0,6796.0,13.98,13.32,17326.0
2025-05-10,17,17107.0,4.1,5.94,10736.0,7176.0,14.61,13.81,17912.0
2025-05-10,18,17008.0,3.92,5.77,11109.0,7621.0,15.52,14.55,18730.0
2025-05-10,19,18549.0,3.92,5.92,10155.0,6806.0,13.51,12.87,16961.0
2025-05-10,20,18875.0,4.15,6.17,9880.0,6676.0,12.98,12.38,16556.0
2025-05-10,21,17888.0,4.47,6.4,8010.0,5528.0,10.07,9.77,13538.0
2025-05-10,22,-38.0,4.45,5.56,5538.0,116.0,5.79,6.47,5653.0
2025-05-10,23,-26.0,3.86,4.96,5496.0,74.0,5.74,6.43,5570.0
2025-05-11,0,-47.0,3.26,4.37,5408.0,75.0,5.68,6.37,5483.0
2025-05-11,1,-37.0,2.68,3.79,5333.0,73.0,5.68,6.36,5405.0
2025-05-11,2,10619.0,2.46,4.19,4798.0,585.0,5.33,5.96,5383.0
2025-05-11,3,20269.0,3.59,6.0,5571.0,3011.0,6.28,6.65,8583.0
2025-05-11,4,18206.0,4.73,9.64,5807.0,3410.0,6.79,7.11,9218.0
2025-05-11,5,10731.0,5.26,19.48,5608.0,3985.0,7.09,7.28,9592.0
2025-05-11,6,11060.0,5.2,18.51,7777.0,5844.0,9.74,9.4,13621.0
2025-05-11,7,15456.0,4.93,13.42,9813.0,7135.0,13.24,12.45,16948.0
2025-05-11,8,17361.0,4.82,9.92,10852.0,7818.0,15.05,13.97,18670.0
2025-05-11,9,16577.0,4.5,10.9,12324.0,8048.0,18.31,17.17,20372.0
2025-05-11,10,17650.0,4.23,8.8,11522.0,7625.0,16.5,15.54,19147.0
2025-05-11,11,17445.0,4.14,8.62,10833.0,7168.0,15.03,14.24,18001.0
2025-05-11,12,15188.0,3.98,11.55,10786.0,6619.0,15.11,14.51,17405.0
2025-05-11,13,15301.0,3.83,11.58,9259.0,6442.0,12.26,11.73,15701.0
2025-05-11,14,14393.0,3.83,13.22,8351.0,6211.0,10.74,10.26,14561.0
2025-05-11,15,14207.0,3.85,13.47,7762.0,6044.0,9.73,9.31,13806.0
2025-05-11,16,14266.0,3.89,13.61,8073.0,6209.0,10.16,9.68,14281.0
2025-05-11,17,14555.0,3.9,13.97,8387.0,6437.0,10.84,10.28,14824.0
2025-05-11,18,11743.0,3.67,17.67,9152.0,6869.0,12.27,11.53,16020.0
2025-05-11,19,10415.0,3.09,19.09,9228.0,6901.0,12.29,11.56,16129.0
2025-05-11,20,11409.0,2.53,18.32,9104.0,6814.0,11.9,11.22,15917.0
2025-05-11,21,12414.0,2.09,16.18,9085.0,6508.0,11.81,11.25,15593.0
2025-05-11,22,15576.0,1.97,14.8,9716.0,5379.0,13.05,12.88,15095.0
2025-05-11,23,14459.0,2.04,15.39,9253.0,4952.0,12.29,12.25,14205.0
2025-05-12,0,13349.0,2.13,14.14,7642.0,3888.0,9.21,9.26,11530.0
2025-05-12,1,13242.0,2.41,14.28,6371.0,3525.0,7.2,7.32,9896.0
2025-05-12,2,13433.0,2.85,16.09,5730.0,3172.0,6.4,6.61,8903.0
2025-05-12,3,16475.0,3.46,16.26,5733.0,3192.0,6.64,6.84,8925.0
2025-05-12,4,18378.0,4.46,14.91,5940.0,3369.0,7.27,7.41,9309.0
2025-05-12,5,12702.0,5.19,19.81,5764.0,3945.0,7.31,7.25,9709.0
2025-05-12,6,14748.0,5.29,16.04,8550.0,6215.0,11.15,10.61,14766.0
2025-05-12,7,15543.0,5.24,14.67,9906.0,7035.0,13.17,12.41,16942.0
2025-05-12,8,15052.0,4.98,15.6,10392.0,7571.0,14.09,13.12,17964.0
2025-05-12,9,15265.0,4.65,15.21,10715.0,7728.0,14.79,13.75,18443.0
2025-05-12,10,15430.0,4.33,14.79,11020.0,7292.0,15.23,14.39,18313.0
2025-05-12,11,15410.0,4.08,14.3,10263.0,6785.0,13.8,13.16,17047.0
2025-05-12,12,15392.0,3.92,13.79,9854.0,6744.0,13.14,12.51,16599.0
2025-05-12,13,15636.0,3.84,13.17,9567.0,6590.0,12.76,12.17,16157.0
2025-05-12,14,15667.0,3.83,13.08,8922.0,6233.0,11.69,11.23,15155.0
2025-05-12,15,15114.0,3.91,15.74,8723.0,6436.0,11.26,10.71,15159.0
2025-05-12,16,13467.0,3.79,17.73,8343.0,6287.0,10.69,10.19,14630.0
2025-05-12,17,13941.0,3.75,18.37,8303.0,5792.0,10.4,10.0,14094.0
2025-05-12,18,13112.0,3.62,19.69,9008.0,6718.0,11.62,10.97,15726.0
2025-05-12,19,11395.0,3.24,20.82,9066.0,6724.0,11.65,11.01,15790.0
2025-05-12,20,10665.0,2.69,21.92,9240.0,6751.0,11.73,11.08,15992.0
2025-05-12,21,11927.0,2.17,21.18,9270.0,6149.0,11.91,11.49,15419.0
2025-05-12,22,15426.0,2.05,18.84,9513.0,5242.0,12.57,12.44,14755.0
2025-05-12,23,14397.0,2.09,17.0,9360.0,4966.0,12.27,12.22,14326.0
2025-05-13,0,14388.0,2.18,14.98,8057.0,4280.0,9.43,9.52,12337.0
2025-05-13,1,14497.0,2.54,14.93,7115.0,3365.0,7.94,8.21,10480.0
2025-05-13,2,16052.0,3.12,12.84,6573.0,2908.0,7.35,7.71,9481.0
2025-05-13,3,16088.0,3.85,13.0,6768.0,2971.0,7.78,8.13,9738.0
2025-05-13,4,14234.0,4.5,14.05,6409.0,2865.0,7.38,7.75,9274.0
2025-05-13,5,13464.0,4.96,16.11,6685.0,3707.0,7.91,8.1,10392.0
2025-05-13,6,16853.0,5.11,12.1,10879.0,6461.0,15.33,14.8,17340.0
2025-05-13,7,17105.0,4.91,10.96,12032.0,7357.0,17.9,17.05,19389.0
2025-05-13,8,17773.0,4.77,9.58,11281.0,7241.0,16.21,15.41,18521.0
2025-05-13,9,16885.0,4.71,10.83,10705.0,7072.0,14.87,14.13,17778.0
2025-05-13,10,15439.0,4.54,11.96,10915.0,6632.0,15.03,14.44,17548.0
2025-05-13,11,15782.0,4.3,11.86,11571.0,6286.0,16.49,16.04,17857.0
2025-05-13,12,16443.0,4.12,12.44,11574.0,6193.0,16.72,16.3,17767.0
2025-05-13,13,16607.0,4.01,12.44,11110.0,6156.0,15.56,15.13,17266.0
2025-05-13,14,16645.0,3.97,12.3,10857.0,6083.0,14.94,14.52,16940.0
2025-05-13,15,16437.0,3.92,12.1,10815.0,6008.0,15.05,14.66,16823.0
2025-05-13,16,16314.0,3.91,12.02,10139.0,6170.0,13.57,13.13,16309.0
2025-05-13,17,15185.0,3.85,14.13,10567.0,6414.0,14.61,14.08,16981.0
2025-05-13,18,14902.0,3.59,15.02,10622.0,6975.0,14.67,13.93,17597.0
2025-05-13,19,15001.0,3.28,15.08,10910.0,7135.0,15.08,14.29,18046.0
2025-05-13,20,15194.0,2.95,14.94,11213.0,7357.0,15.73,14.87,18569.0
2025-05-13,21,15103.0,2.67,14.53,10133.0,6658.0,13.44,12.85,16792.0
2025-05-13,22,15513.0,2.63,14.71,8751.0,5783.0,10.51,10.21,14534.0
2025-05-13,23,14012.0,2.78,16.15,7539.0,5368.0,10.2,9.96,12907.0
2025-05-14,0,13153.0,2.93,15.55,6837.0,4437.0,9.22,9.24,11274.0
2025-05-14,1,13174.0,3.22,15.94,6256.0,3923.0,8.34,8.49,10178.0
2025-05-14,2,13225.0,3.57,16.44,6152.0,3421.0,8.25,8.5,9573.0
2025-05-14,3,14932.0,4.11,14.71,6178.0,3015.0,7.83,8.16,9193.0
2025-05-14,4,14463.0,4.71,14.33,6376.0,2875.0,7.11,7.44,9251.0
2025-05-14,5,12148.0,5.18,16.13,6874.0,3357.0,8.19,8.38,10230.0
2025-05-14,6,15991.0,5.14,10.38,11803.0,6629.0,17.34,16.73,18432.0
2025-05-14,7,16450.0,4.77,10.01,12361.0,7926.0,18.65,17.56,20288.0
2025-05-14,8,16391.0,4.4,9.65,11524.0,7963.0,17.19,16.06,19487.0
2025-05-14,9,16450.0,4.18,9.57,11651.0,7297.0,14.09,13.22,18949.0
2025-05-14,10,16517.0,4.15,9.52,32769.0,6419.0,13.6,13.08,39188.0
2025-05-14,11,16632.0,4.21,10.15,32769.0,5860.0,13.79,13.47,38629.0
2025-05-14,12,15876.0,4.24,11.87,32769.0,5873.0,14.07,13.75,38642.0
2025-05-14,13,16333.0,4.23,12.38,32769.0,5933.0,14.04,13.69,38702.0
2025-05-14,14,15090.0,4.18,15.69,32769.0,5953.0,14.03,13.67,38722.0
2025-05-14,15,15350.0,4.09,15.94,32769.0,5910.0,13.94,13.6,38679.0
2025-05-14,16,13474.0,3.93,18.59,32769.0,6079.0,13.45,13.05,38848.0
2025-05-14,17,12639.0,3.57,18.78,32769.0,6454.0,13.74,13.21,39223.0
2025-05-14,18,12392.0,3.07,18.0,32769.0,6898.0,14.35,13.65,39667.0
2025-05-14,19,14851.0,2.59,13.25,32769.0,7190.0,15.21,14.4,39959.0
2025-05-14,20,16535.0,2.39,11.94,32769.0,7202.0,15.19,14.37,39971.0
2025-05-14,21,16384.0,2.27,11.95,32769.0,6662.0,13.45,12.84,39431.0
2025-05-14,22,15548.0,2.36,10.69,32769.0,5607.0,10.04,9.83,38376.0
2025-05-14,23,14569.0,2.44,10.11,32769.0,4898.0,7.9,7.91,37667.0
2025-05-15,0,14844.0,2.67,9.11,32769.0,4324.0,6.43,6.6,37093.0
2025-05-15,1,15521.0,3.03,7.84,32769.0,3882.0,6.81,7.07,36651.0
2025-05-15,2,16686.0,3.56,8.69,32769.0,2874.0,6.71,7.15,35643.0
2025-05-15,3,13213.0,5.14,15.35,32769.0,2767.0,6.69,7.14,35536.0
2025-05-15,4,11574.0,5.07,16.78,32769.0,2662.0,6.33,6.79,35431.0
2025-05-15,5,13467.0,4.58,14.35,32769.0,3752.0,7.39,7.64,36521.0
2025-05-15,6,18613.0,4.68,9.54,32769.0,6728.0,13.07,12.53,39497.0
2025-05-15,7,18701.0,4.49,9.33,32769.0,7598.0,14.42,13.56,40367.0
2025-05-15,8,17667.0,4.23,8.98,32769.0,7697.0,14.27,13.38,40466.0
2025-05-15,9,17626.0,3.91,8.75,32769.0,7572.0,13.82,12.96,40341.0
2025-05-15,10,17789.0,3.69,8.63,32769.0,6851.0,12.59,12.01,39620.0
2025-05-15,11,17982.0,3.53,8.58,32769.0,6410.0,13.94,13.56,39179.0
2025-05-15,12,18301.0,3.42,8.58,32769.0,6056.0,12.66,12.37,38825.0
2025-05-15,13,18464.0,3.44,8.8,32769.0,6216.0,12.06,11.7,38985.0
2025-05-15,14,18425.0,3.47,8.62,32769.0,6068.0,12.9,12.6,38837.0
2025-05-15,15,17752.0,3.45,8.59,32769.0,5946.0,12.55,12.29,38715.0
2025-05-15,16,17810.0,3.43,8.63,32769.0,6000.0,12.81,12.54,38769.0
2025-05-15,17,17744.0,3.37,8.73,32769.0,6280.0,13.72,13.35,39049.0
2025-05-15,18,17124.0,3.17,9.7,32769.0,11657.0,6019.21,6018.74,44426.0
2025-05-15,19,15606.0,2.79,13.19,32769.0,17341.0,12023.98,10931.71,50110.0
2025-05-15,20,17923.0,2.34,10.67,16487.0,7258.0,14.3,13.59,23745.0
2025-05-15,21,19274.0,2.25,10.16,12666.0,6767.0,13.5,12.98,19433.0
2025-05-15,22,16049.0,2.22,15.68,10983.0,5524.0,10.88,10.74,16507.0
2025-05-15,23,14837.0,2.21,17.25,9740.0,4836.0,8.96,9.01,14576.0
2025-05-16,0,14036.0,2.28,15.9,8611.0,4310.0,7.41,7.38,12921.0
2025-05-16,1,16904.0,2.61,12.05,8000.0,3852.0,6.81,6.88,11852.0
2025-05-16,2,17301.0,3.28,12.23,7940.0,2821.0,6.84,7.21,10761.0
2025-05-16,3,16617.0,4.02,13.87,7465.0,2600.0,6.29,6.69,10066.0
2025-05-16,4,16031.0,4.69,14.04,7774.0,2754.0,6.85,7.22,10529.0
2025-05-16,5,16117.0,5.24,13.6,9248.0,3850.0,8.56,8.76,13098.0
2025-05-16,6,16726.0,5.12,10.63,14682.0,7144.0,16.3,15.66,21826.0
2025-05-16,7,16555.0,4.45,9.7,14651.0,7736.0,16.48,15.62,22388.0
2025-05-16,8,16795.0,3.92,9.25,13658.0,7653.0,14.64,13.78,21311.0
2025-05-16,9,17513.0,3.48,9.17,13506.0,7569.0,14.47,13.64,21075.0
2025-05-16,10,17710.0,3.15,8.98,12411.0,7129.0,13.08,12.38,19540.0
2025-05-16,11,18072.0,3.08,8.35,11557.0,6650.0,11.42,10.91,18208.0
2025-05-16,12,18420.0,3.09,8.26,12098.0,6492.0,12.28,11.82,18591.0
2025-05-16,13,19209.0,3.18,8.33,11464.0,6182.0,11.46,11.11,17646.0
2025-05-16,14,19593.0,3.4,6.32,11509.0,6032.0,11.43,10.99,17541.0
2025-05-16,15,19542.0,3.71,6.45,11036.0,5741.0,10.73,10.26,16777.0
2025-05-16,16,19478.0,3.99,6.87,11308.0,6004.0,11.22,10.82,17313.0
2025-05-16,17,17133.0,4.13,10.35,11731.0,6151.0,11.86,11.46,17882.0
2025-05-16,18,16462.0,3.95,11.09,12382.0,6422.0,12.98,12.5,18805.0
2025-05-16,19,17279.0,3.71,11.55,12780.0,6564.0,13.42,12.89,19343.0
2025-05-16,20,17559.0,3.53,11.89,12765.0,6538.0,13.3,12.78,19304.0
2025-05-16,21,17746.0,3.42,12.44,11887.0,6138.0,11.91,11.55,18025.0
2025-05-16,22,16182.0,3.45,15.65,10781.0,5724.0,10.26,10.01,16505.0
2025-05-16,23,13988.0,3.31,16.67,10444.0,5510.0,9.54,9.36,15954.0
2025-05-17,0,14601.0,3.21,13.24,9954.0,4431.0,8.91,9.04,14385.0
2025-05-17,1,16735.0,3.49,10.28,8894.0,3824.0,7.61,7.82,12719.0
2025-05-17,2,16112.0,3.94,11.5,8572.0,3614.0,7.29,7.54,12187.0
2025-05-17,3,16072.0,4.38,11.88,8459.0,3634.0,7.29,7.54,12092.0
2025-05-17,4,14984.0,4.8,11.59,8298.0,3636.0,7.38,7.62,11934.0
2025-05-17,5,14085.0,5.06,13.53,9267.0,4016.0,8.73,8.89,13282.0
2025-05-17,6,17696.0,5.04,9.66,13545.0,6005.0,14.56,14.27,19550.0
2025-05-17,7,17766.0,4.62,9.24,15659.0,7459.0,18.16,17.39,23118.0
2025-05-17,8,17824.0,4.06,8.77,15187.0,8197.0,16.98,15.85,23384.0
2025-05-17,9,18103.0,3.46,8.32,15514.0,8085.0,17.57,16.5,23598.0
2025-05-17,10,18494.0,2.93,7.67,15112.0,7777.0,16.81,15.87,22889.0
2025-05-17,11,19408.0,2.55,6.73,15296.0,7318.0,17.12,16.39,22615.0
2025-05-17,12,19037.0,2.23,6.42,14970.0,7153.0,16.63,15.95,22123.0
2025-05-17,13,19256.0,1.96,6.26,14206.0,6846.0,15.36,14.79,21053.0
2025-05-17,14,19511.0,1.91,6.12,13151.0,6449.0,13.52,13.07,19601.0
2025-05-17,15,19562.0,1.95,6.08,13073.0,6401.0,13.43,12.99,19473.0
2025-05-17,16,19712.0,2.0,6.33,12993.0,6401.0,13.58,13.16,19395.0
2025-05-17,17,19518.0,2.06,6.56,12895.0,6685.0,13.47,12.91,19580.0
2025-05-17,18,19517.0,2.07,6.73,13087.0,6898.0,13.71,13.09,19985.0
2025-05-17,19,19436.0,2.03,6.75,13140.0,7174.0,13.77,13.04,20314.0
2025-05-17,20,19447.0,1.94,6.76,13308.0,7254.0,13.98,13.22,20561.0
2025-05-17,21,19732.0,1.9,6.82,12560.0,6641.0,12.84,12.33,19201.0
2025-05-17,22,20345.0,2.13,6.92,11634.0,5930.0,11.52,11.24,17564.0
2025-05-17,23,20076.0,2.48,7.3,11236.0,5601.0,10.86,10.67,16837.0
2025-05-18,0,18901.0,2.98,8.29,9518.0,4201.0,8.43,8.56,13719.0
2025-05-18,1,17040.0,3.49,10.48,9313.0,4094.0,8.22,8.36,13407.0
2025-05-18,2,17058.0,3.92,11.13,9028.0,3983.0,8.12,8.28,13010.0
2025-05-18,3,16902.0,4.48,11.8,7745.0,3518.0,6.68,6.93,11262.0
2025-05-18,4,15114.0,5.02,14.55,7886.0,3545.0,7.02,7.26,11430.0
2025-05-18,5,12668.0,5.27,15.64,8474.0,3847.0,8.11,8.3,12321.0
2025-05-18,6,16524.0,5.27,11.33,11290.0,5970.0,11.56,11.23,17261.0
2025-05-18,7,17791.0,5.05,10.26,13875.0,7467.0,15.11,14.32,21343.0
2025-05-18,8,17928.0,4.56,9.5,15300.0,8132.0,17.49,16.45,23433.0
2025-05-18,9,18266.0,3.92,8.39,15986.0,8284.0,18.44,17.35,24271.0
2025-05-18,10,18628.0,3.31,8.51,16289.0,7665.0,19.19,18.4,23954.0
2025-05-18,11,19163.0,2.91,8.16,14291.0,7082.0,15.8,15.19,21373.0
2025-05-18,12,18829.0,2.74,7.87,13165.0,6975.0,14.09,13.48,20140.0
2025-05-18,13,18626.0,2.72,7.87,11728.0,6506.0,11.7,11.24,18234.0
2025-05-18,14,18589.0,2.83,7.5,10879.0,6328.0,10.38,9.96,17207.0
2025-05-18,15,18835.0,3.06,7.34,10430.0,6150.0,9.81,9.44,16580.0
2025-05-18,16,19045.0,3.34,8.0,10466.0,6233.0,9.96,9.57,16699.0
2025-05-18,17,18863.0,3.53,8.33,11389.0,6726.0,11.22,10.66,18115.0
2025-05-18,18,18891.0,3.57,8.46,12161.0,7115.0,12.37,11.68,19276.0
2025-05-18,19,18867.0,3.48,8.39,12730.0,7398.0,13.17,12.38,20128.0
2025-05-18,20,19346.0,3.39,8.38,12750.0,7388.0,13.05,12.27,20138.0
2025-05-18,21,19339.0,3.35,8.36,12572.0,6935.0,12.85,12.25,19507.0
2025-05-18,22,19035.0,3.43,9.01,12036.0,6128.0,12.25,11.93,18164.0
2025-05-18,23,18396.0,3.59,9.93,11137.0,5131.0,11.07,10.91,16268.0
2025-05-19,0,15205.0,3.85,13.45,9118.0,4163.0,7.98,7.72,13281.0
2025-05-19,1,14636.0,4.11,14.71,8449.0,3882.0,7.24,7.19,12332.0
2025-05-19,2,13508.0,4.37,16.71,8124.0,3264.0,7.09,7.34,11387.0
2025-05-19,3,13717.0,4.61,17.26,8383.0,3094.0,7.52,7.82,11477.0
2025-05-19,4,12373.0,4.84,15.83,7820.0,2955.0,7.03,7.35,10775.0
2025-05-19,5,15498.0,5.06,12.77,9605.0,4112.0,8.91,8.87,13717.0
2025-05-19,6,17559.0,4.99,9.83,14514.0,7005.0,15.75,14.46,21518.0
2025-05-19,7,17410.0,4.45,9.34,15124.0,7949.0,17.03,15.17,23074.0
2025-05-19,8,17602.0,3.93,9.22,13990.0,7487.0,15.44,13.83,21478.0
2025-05-19,9,17648.0,3.67,9.0,12357.0,6823.0,13.12,11.84,19180.0
2025-05-19,10,17611.0,3.64,9.36,11139.0,6031.0,11.04,10.18,17170.0
2025-05-19,11,18010.0,3.72,9.45,11591.0,6249.0,11.23,10.31,17840.0
2025-05-19,12,18252.0,3.74,9.38,12070.0,6047.0,11.83,11.06,18118.0
2025-05-19,13,18632.0,3.8,8.7,12173.0,5795.0,12.03,11.4,17968.0
2025-05-19,14,18628.0,3.89,8.54,12024.0,5747.0,11.89,11.28,17771.0
2025-05-19,15,18411.0,4.01,8.18,12120.0,5776.0,11.95,11.32,17895.0
2025-05-19,16,18594.0,4.02,7.91,19229.0,6199.0,13.41,12.59,25428.0
2025-05-19,17,18321.0,3.92,8.69,32769.0,6538.0,13.79,12.79,39307.0
2025-05-19,18,17880.0,3.79,11.22,32769.0,6913.0,13.93,12.72,39682.0
2025-05-19,19,13977.0,3.29,16.95,32769.0,7324.0,13.68,12.22,40093.0
2025-05-19,20,14429.0,2.62,17.08,32769.0,7357.0,13.77,12.31,40126.0
2025-05-19,21,14816.0,2.04,17.11,32769.0,6978.0,12.72,11.46,39747.0
2025-05-19,22,17076.0,1.78,14.11,32769.0,5674.0,9.95,9.3,38443.0
2025-05-19,23,17741.0,2.01,12.53,32769.0,4989.0,9.34,9.02,37758.0
2025-05-20,0,16463.0,2.29,11.7,32769.0,4581.0,8.98,8.82,37350.0
2025-05-20,1,17119.0,2.7,11.54,32769.0,3586.0,8.38,8.52,36355.0
2025-05-20,2,16066.0,3.25,13.57,32769.0,3165.0,8.02,8.28,35934.0
2025-05-20,3,17225.0,3.81,11.99,32769.0,2996.0,7.49,7.79,35765.0
2025-05-20,4,17851.0,4.65,10.47,32769.0,2911.0,7.31,7.62,35680.0
2025-05-20,5,13747.0,5.23,15.43,32769.0,3953.0,8.52,8.57,36722.0
2025-05-20,6,14901.0,4.96,12.19,32769.0,7267.0,17.37,16.61,40036.0
2025-05-20,7,14822.0,4.22,10.72,32769.0,8332.0,17.41,16.24,41101.0
2025-05-20,8,14796.0,3.54,10.14,32769.0,8099.0,14.98,13.9,40868.0
2025-05-20,9,15846.0,2.98,8.61,32769.0,7975.0,14.73,13.69,40744.0
2025-05-20,10,17222.0,2.66,8.31,32769.0,7377.0,12.81,12.01,40146.0
2025-05-20,11,17660.0,2.59,8.04,32769.0,6541.0,13.13,12.62,39310.0
2025-05-20,12,18130.0,2.6,7.39,32769.0,6477.0,13.08,12.58,39246.0
2025-05-20,13,18194.0,2.63,7.35,32769.0,6507.0,13.0,12.5,39276.0
2025-05-20,14,18216.0,2.71,7.35,32769.0,6233.0,13.03,12.62,39002.0
2025-05-20,15,18552.0,2.8,7.54,32769.0,6193.0,13.09,12.69,38962.0
2025-05-20,16,18585.0,2.92,7.11,32769.0,6370.0,13.73,13.28,39139.0
2025-05-20,17,18615.0,2.98,5.44,32769.0,11283.0,6018.96,6018.56,44052.0
2025-05-20,18,19277.0,3.04,7.76,32769.0,13221.0,6019.62,5472.83,45990.0
2025-05-20,19,19290.0,3.04,5.96,32769.0,7327.0,14.51,13.71,40096.0
2025-05-20,20,19674.0,3.05,5.17,32769.0,7277.0,14.48,13.71,40046.0
2025-05-20,21,19644.0,3.09,5.34,32769.0,7064.0,14.44,13.75,39833.0
2025-05-20,22,18130.0,3.25,9.7,32769.0,6085.0,11.48,11.13,38854.0
2025-05-20,23,13791.0,3.17,14.28,32769.0,5928.0,11.33,11.04,38697.0
2025-05-21,0,15114.0,3.04,10.35,32769.0,4759.0,9.49,9.51,37528.0
2025-05-21,1,15302.0,3.29,10.31,32769.0,4260.0,8.38,8.52,37029.0
2025-05-21,2,14151.0,3.61,12.2,32769.0,3493.0,6.94,7.22,36262.0
2025-05-21,3,15405.0,4.06,10.74,32769.0,3263.0,7.0,7.32,36032.0
2025-05-21,4,14739.0,4.59,10.09,32769.0,2970.0,6.81,7.17,35739.0
2025-05-21,5,15915.0,5.14,10.06,32769.0,4086.0,8.38,8.51,36855.0
2025-05-21,6,16518.0,5.09,8.94,32769.0,7426.0,16.35,15.52,40195.0
2025-05-21,7,17814.0,4.58,6.55,32769.0,8426.0,16.83,15.61,41195.0
2025-05-21,8,17387.0,4.22,6.09,32769.0,8003.0,15.12,14.07,40772.0
2025-05-21,9,17265.0,3.98,5.84,32769.0,7348.0,13.3,12.48,40117.0
2025-05-21,10,17091.0,3.93,5.77,32769.0,6627.0,11.65,11.08,39396.0
2025-05-21,11,17171.0,3.96,5.86,32769.0,6150.0,11.99,11.62,38919.0
2025-05-21,12,16887.0,4.01,6.59,32769.0,5766.0,11.86,11.61,38535.0
2025-05-21,13,16947.0,4.07,6.66,32769.0,5769.0,11.92,11.66,38538.0
2025-05-21,14,17535.0,4.15,6.83,32769.0,5779.0,12.15,11.89,38548.0
2025-05-21,15,18519.0,4.34,7.19,32769.0,5700.0,11.84,11.59,38469.0
2025-05-21,16,16511.0,4.56,11.33,32769.0,5970.0,12.21,11.89,38739.0
2025-05-21,17,13242.0,4.28,13.51,32769.0,6324.0,12.39,11.94,39093.0
2025-05-21,18,13146.0,3.83,12.97,32769.0,6854.0,12.44,11.79,39623.0
2025-05-21,19,13653.0,3.36,13.05,32769.0,7038.0,12.41,11.7,39807.0
2025-05-21,20,13709.0,2.86,12.64,32769.0,7301.0,13.13,12.34,40070.0
2025-05-21,21,13412.0,2.35,11.79,32769.0,6873.0,12.15,11.5,39642.0
2025-05-21,22,14077.0,2.1,12.38,32769.0,5539.0,8.58,8.37,38308.0
2025-05-21,23,13332.0,2.08,11.24,32769.0,5103.0,8.11,8.02,37872.0
2025-05-22,0,13674.0,2.14,9.81,32769.0,4212.0,7.32,7.44,36981.0
2025-05-22,1,13939.0,2.36,9.49,32769.0,3763.0,7.24,7.46,36532.0
2025-05-22,2,14381.0,2.67,8.56,32769.0,3232.0,7.48,7.81,36001.0
2025-05-22,3,14558.0,3.08,8.24,32769.0,3059.0,7.92,8.28,35828.0
2025-05-22,4,17260.0,3.62,6.37,32769.0,2825.0,7.12,7.51,35594.0
2025-05-22,5,17316.0,4.44,7.06,32769.0,3739.0,8.07,8.27,36508.0
2025-05-22,6,16801.0,4.54,6.41,32769.0,7129.0,16.77,16.12,39898.0
2025-05-22,7,16822.0,3.98,5.81,32769.0,8218.0,18.21,17.15,40987.0
2025-05-22,8,16897.0,3.47,5.26,32769.0,8200.0,15.84,14.78,40969.0
2025-05-22,9,17374.0,3.09,4.98,32769.0,7945.0,14.84,13.87,40714.0
2025-05-22,10,17771.0,2.91,4.85,32769.0,7249.0,12.55,11.83,40018.0
2025-05-22,11,18460.0,2.94,4.96,32769.0,6501.0,12.47,12.03,39270.0
2025-05-22,12,18743.0,3.06,5.11,32769.0,6162.0,13.27,12.94,38931.0
2025-05-22,13,19136.0,3.24,5.32,32769.0,6040.0,12.25,11.93,38809.0
2025-05-22,14,18882.0,3.5,5.55,32769.0,6203.0,11.98,11.61,38972.0
2025-05-22,15,19688.0,3.75,5.86,32769.0,6313.0,12.51,12.1,39082.0
2025-05-22,16,20667.0,3.97,6.16,32769.0,6186.0,12.07,11.71,38955.0
2025-05-22,18,15258.0,4.15,13.13,32769.0,11216.0,5151.43,7077.67,43985.0
2025-05-22,19,14624.0,3.74,12.43,32769.0,12597.0,6019.21,2196.96,45366.0
2025-05-22,20,15048.0,3.21,12.36,32769.0,7677.0,15.14,14.27,40446.0
2025-05-22,21,15553.0,2.73,12.4,32769.0,7665.0,13.6,12.73,40434.0
2025-05-22,22,15574.0,2.53,12.21,32769.0,6557.0,9.91,9.43,39326.0
2025-05-22,23,16560.0,2.58,13.72,32769.0,6006.0,8.87,8.56,38775.0
2025-05-23,0,14724.0,2.73,15.04,32769.0,5066.0,9.28,9.26,37835.0
2025-05-23,1,15043.0,2.88,13.22,32769.0,3769.0,9.28,9.57,36538.0
2025-05-23,2,12366.0,3.05,15.13,32769.0,3101.0,8.35,8.65,35870.0
2025-05-23,3,16245.0,3.38,10.37,32769.0,2714.0,8.15,8.53,35483.0
2025-05-23,4,18017.0,4.15,6.08,32769.0,2529.0,7.39,7.8,35298.0
2025-05-23,5,16465.0,4.93,6.71,32769.0,3893.0,7.99,8.0,36662.0
2025-05-23,6,16759.0,4.97,6.78,32769.0,7107.0,16.35,15.01,39876.0
2025-05-23,7,16866.0,4.45,6.26,32769.0,8222.0,17.6,15.58,40991.0
2025-05-23,8,16429.0,4.11,5.89,32769.0,8121.0,15.84,13.87,40890.0
2025-05-23,16,17753.0,3.49,5.41,32767.0,6375.0,12.99,11.97,39142.0
2025-05-23,17,17866.0,3.46,5.39,32767.0,6917.0,13.94,12.64,39684.0
2025-05-23,18,17962.0,3.44,5.38,32767.0,6923.0,14.04,12.72,39690.0
2025-05-23,19,14596.0,3.0,10.89,32767.0,7279.0,14.26,12.75,40046.0
2025-05-23,20,15154.0,2.5,12.04,32767.0,7156.0,13.85,12.41,39923.0
2025-05-23,21,15346.0,2.18,11.93,32767.0,6753.0,12.37,11.18,39520.0
2025-05-23,22,15462.0,2.01,11.93,32767.0,6134.0,10.93,10.05,38901.0
2025-05-23,23,15851.0,2.08,12.44,32767.0,5388.0,9.08,8.56,38155.0
2025-05-24,0,15033.0,2.23,11.6,32767.0,4917.0,8.79,8.5,37684.0
2025-05-24,1,14833.0,2.43,11.6,32767.0,4270.0,7.47,7.41,37037.0
2025-05-24,2,15808.0,2.85,10.62,32767.0,3792.0,6.86,6.96,36559.0
2025-05-24,3,16090.0,3.39,10.67,32767.0,3582.0,7.32,7.49,36349.0
2025-05-24,4,18074.0,4.05,6.98,32767.0,3404.0,7.2,7.4,36171.0
2025-05-24,5,18126.0,4.88,6.8,32767.0,3966.0,8.38,8.45,36733.0
2025-05-24,6,18206.0,5.27,7.22,32767.0,6330.0,13.67,13.24,39097.0
2025-05-24,7,17654.0,4.99,6.88,32767.0,8041.0,18.25,17.22,40808.0
2025-05-24,8,19054.0,4.57,6.57,32767.0,8171.0,18.89,17.82,40938.0
2025-05-24,9,18110.0,4.23,6.16,32767.0,8358.0,19.34,18.17,41125.0
2025-05-24,10,18216.0,3.67,5.64,32767.0,7972.0,21.14,20.12,40739.0
2025-05-24,11,18539.0,3.28,5.27,32767.0,7337.0,16.95,16.21,40104.0
2025-05-24,12,18572.0,3.04,5.04,32767.0,7010.0,17.14,16.49,39777.0
2025-05-24,13,18556.0,2.85,4.86,32767.0,7010.0,16.92,16.29,39777.0
2025-05-24,14,18690.0,2.69,4.7,32767.0,6948.0,16.78,16.16,39715.0
2025-05-24,15,18865.0,2.6,4.64,32767.0,6519.0,15.12,14.68,39286.0
2025-05-24,16,18999.0,2.62,4.67,32767.0,6524.0,15.21,14.75,39291.0
2025-05-24,17,18799.0,2.63,4.63,32767.0,6492.0,15.21,14.77,39259.0
2025-05-24,18,19216.0,2.71,4.76,32767.0,7224.0,12.91,12.18,39991.0
2025-05-24,19,20891.0,2.89,5.12,32767.0,7441.0,13.44,12.63,40208.0
2025-05-24,20,21473.0,3.15,5.43,32767.0,7507.0,13.54,12.7,40274.0
2025-05-24,21,18633.0,3.33,10.98,32767.0,6687.0,12.84,12.29,39454.0
2025-05-24,22,15498.0,3.45,16.08,32767.0,5572.0,9.66,9.47,38339.0
2025-05-24,23,14275.0,3.44,15.49,32767.0,5818.0,10.21,9.96,38585.0
2025-05-25,0,13341.0,3.3,13.91,32767.0,4999.0,9.48,9.46,37766.0
2025-05-25,1,13333.0,3.33,13.55,32767.0,4192.0,7.8,7.96,36959.0
2025-05-25,2,14858.0,3.63,12.09,32767.0,3872.0,7.1,7.34,36639.0
2025-05-25,3,14727.0,4.05,12.35,32767.0,3798.0,7.0,7.26,36565.0
2025-05-25,4,15358.0,4.5,10.99,32767.0,3697.0,6.98,7.25,36464.0
2025-05-25,5,14340.0,5.09,13.78,32767.0,3982.0,7.15,7.35,36749.0
2025-05-25,6,13234.0,5.14,14.12,32767.0,5981.0,9.75,9.46,38748.0
2025-05-25,7,17600.0,5.04,8.94,32767.0,7291.0,12.8,12.07,40058.0
2025-05-25,8,18241.0,4.95,7.66,32767.0,7703.0,13.65,12.79,40470.0
2025-05-25,9,18160.0,4.81,7.51,32767.0,8091.0,14.62,13.62,40858.0
2025-05-25,10,18107.0,4.59,7.28,32767.0,7971.0,14.27,13.26,40738.0
2025-05-25,11,18102.0,4.5,7.19,32767.0,7271.0,11.95,11.22,40038.0
2025-05-25,12,18267.0,4.61,7.33,32767.0,6739.0,10.95,10.41,39506.0
2025-05-25,13,18159.0,4.76,7.44,32767.0,6832.0,11.07,10.52,39599.0
2025-05-25,14,15341.0,4.81,11.53,32767.0,6675.0,10.97,10.45,39442.0
2025-05-25,15,14065.0,4.62,12.72,32767.0,6455.0,10.13,9.69,39222.0
2025-05-25,16,14002.0,4.43,12.55,32767.0,6523.0,10.05,9.56,39290.0
2025-05-25,17,14425.0,4.22,12.81,32767.0,6679.0,10.56,10.02,39446.0
2025-05-25,18,14794.0,3.98,13.01,32767.0,6906.0,11.52,10.9,39673.0
2025-05-25,19,15001.0,3.72,12.95,32767.0,7094.0,12.11,11.43,39861.0
2025-05-25,20,15359.0,3.44,13.07,32767.0,7321.0,12.4,11.65,40088.0
2025-05-25,21,15595.0,3.18,13.05,32767.0,7096.0,12.13,11.48,39863.0
2025-05-25,22,15866.0,3.05,13.3,32767.0,6129.0,11.44,11.12,38896.0
2025-05-25,23,16203.0,3.08,13.68,32767.0,5627.0,10.47,10.32,38394.0
2025-05-26,0,15116.0,3.24,12.62,32767.0,4744.0,7.94,7.99,37511.0
2025-05-26,1,14883.0,3.59,12.73,32767.0,4049.0,6.29,6.48,36816.0
2025-05-26,2,14797.0,4.02,13.09,32767.0,4017.0,6.5,6.7,36784.0
2025-05-26,3,14714.0,4.44,13.37,32767.0,4059.0,6.78,6.98,36826.0
2025-05-26,4,14101.0,4.81,13.14,32767.0,4128.0,7.12,7.29,36895.0
2025-05-26,5,13838.0,5.1,12.82,32767.0,4518.0,7.83,7.9,37285.0
2025-05-26,6,15651.0,5.43,9.78,32767.0,7030.0,14.8,14.17,39797.0
2025-05-26,7,17190.0,4.53,8.78,32767.0,8168.0,16.87,15.86,40935.0
2025-05-26,8,16920.0,4.09,6.58,32767.0,7865.0,16.27,15.36,40632.0
2025-05-26,9,17020.0,3.8,5.92,32767.0,7178.0,13.97,13.31,39945.0
2025-05-26,10,17144.0,3.75,5.59,32767.0,6639.0,11.51,11.13,39406.0
2025-05-26,11,17361.0,3.87,6.01,32767.0,5920.0,11.04,10.88,38687.0
2025-05-26,12,17304.0,3.97,6.76,32767.0,6212.0,11.21,10.97,38979.0
2025-05-26,13,17625.0,4.74,6.91,32767.0,6189.0,11.4,11.14,38956.0
2025-05-26,14,17961.0,4.51,7.13,32767.0,5723.0,11.75,11.63,38490.0
2025-05-26,15,17365.0,4.44,8.81,32767.0,5590.0,11.97,11.87,38357.0
2025-05-26,16,14286.0,4.37,13.15,32767.0,5750.0,11.88,11.72,38517.0
2025-05-26,17,12272.0,4.03,16.09,32767.0,6311.0,12.54,12.2,39078.0
2025-05-26,18,12488.0,3.5,16.74,32767.0,6930.0,12.58,12.02,39697.0
2025-05-26,19,12694.0,2.91,16.57,32767.0,7130.0,13.31,12.68,39897.0
2025-05-26,20,12867.0,2.29,16.44,32767.0,7235.0,13.43,12.77,40002.0
2025-05-26,21,16475.0,1.93,12.99,32767.0,6524.0,11.56,11.14,39291.0
2025-05-26,22,15550.0,1.98,15.04,32767.0,5626.0,9.77,9.65,38393.0
2025-05-26,23,14658.0,2.0,14.46,32767.0,4770.0,10.72,10.84,37537.0
2025-05-27,0,15008.0,2.08,13.37,32767.0,4219.0,9.13,9.19,36986.0
2025-05-27,1,14833.0,2.31,12.72,32767.0,3949.0,8.47,8.58,36716.0
2025-05-27,2,17360.0,2.78,9.5,32767.0,3003.0,7.44,7.8,35770.0
2025-05-27,3,18913.0,3.63,6.7,32767.0,3067.0,7.71,8.06,35834.0
2025-05-27,4,18250.0,4.49,8.51,32767.0,3004.0,7.67,8.02,35771.0
2025-05-27,5,13917.0,5.17,16.49,32767.0,3714.0,7.54,7.65,36481.0
2025-05-27,6,16869.0,5.21,11.03,32767.0,6789.0,12.77,11.59,39556.0
2025-05-27,7,16789.0,4.98,7.98,32767.0,7530.0,14.26,12.66,40297.0
2025-05-27,8,16260.0,4.72,6.92,32767.0,7045.0,12.91,11.59,39812.0
2025-05-27,9,14903.0,4.47,8.65,32767.0,7018.0,13.16,11.84,39785.0
2025-05-27,10,14045.0,4.14,10.47,32767.0,6219.0,10.99,10.08,38986.0
2025-05-27,11,14807.0,3.93,11.03,32767.0,5722.0,12.93,12.32,38489.0
2025-05-27,12,15181.0,3.68,10.88,32767.0,5792.0,13.36,12.76,38559.0
2025-05-27,13,15324.0,3.46,10.76,32768.0,21545.0,13.49,12.89,54313.0
2025-05-27,14,15771.0,3.28,10.98,32769.0,32769.0,13.36,12.75,65538.0
2025-05-27,15,16194.0,3.16,11.33,32767.0,7896.0,13.86,13.16,40663.0
2025-05-27,16,17672.0,3.08,9.25,32767.0,5812.0,13.75,13.07,38579.0
2025-05-27,17,18724.0,3.2,7.82,32767.0,6124.0,13.9,13.04,38891.0
2025-05-27,18,18534.0,3.29,7.84,32767.0,6824.0,13.79,12.46,39591.0
2025-05-27,19,16759.0,3.18,10.59,32767.0,7228.0,14.92,13.36,39995.0
2025-05-27,20,15714.0,2.78,12.99,32767.0,7489.0,15.54,13.88,40256.0
2025-05-27,21,15852.0,2.41,12.83,32767.0,10755.0,13.45,12.22,43522.0
2025-05-27,22,16118.0,2.32,13.09,32769.0,32769.0,10.19,9.43,65538.0
2025-05-27,23,13167.0,2.29,14.65,32768.0,21580.0,10.23,9.48,54348.0
2025-05-28,0,13294.0,2.09,12.37,32767.0,4842.0,8.82,8.58,37609.0
2025-05-28,1,16170.0,2.28,9.21,32767.0,4080.0,8.43,8.46,36847.0
2025-05-28,2,18150.0,2.88,6.95,32767.0,3202.0,7.98,8.24,35969.0
2025-05-28,3,17507.0,3.62,7.46,32767.0,3070.0,7.81,8.09,35837.0
2025-05-28,4,16864.0,4.31,7.92,32767.0,3012.0,7.7,7.99,35779.0
2025-05-28,5,16543.0,5.0,8.5,32767.0,3952.0,8.85,8.92,36719.0
2025-05-28,6,17023.0,5.01,6.91,32767.0,7485.0,16.25,15.41,40252.0
2025-05-28,7,16726.0,4.47,6.27,32767.0,8563.0,18.18,16.93,41330.0
2025-05-28,8,16996.0,3.9,5.75,32767.0,8265.0,17.34,16.22,41032.0
2025-05-28,9,18338.0,3.58,5.54,32767.0,7782.0,14.21,13.29,40549.0
2025-05-28,10,18474.0,3.53,5.52,32767.0,7107.0,12.25,11.57,39874.0
2025-05-28,11,18443.0,3.62,5.6,18129.0,6349.0,12.81,12.41,24478.0
2025-05-28,12,18364.0,3.77,5.74,10832.0,6166.0,11.92,11.55,16998.0
2025-05-28,13,15786.0,3.86,10.24,10846.0,5979.0,12.11,11.81,16824.0
2025-05-28,14,14859.0,3.67,12.08,10844.0,5916.0,11.97,11.69,16760.0
2025-05-28,15,15397.0,3.53,12.48,10839.0,5867.0,11.82,11.56,16706.0
2025-05-28,16,15482.0,3.4,12.48,11178.0,6043.0,12.52,12.2,17221.0
2025-05-28,17,16000.0,3.2,11.43,11589.0,6604.0,13.5,12.97,18193.0
2025-05-28,18,17369.0,2.98,9.83,12621.0,7321.0,15.14,14.37,19942.0
2025-05-28,19,17133.0,2.74,9.42,12552.0,7297.0,15.17,14.4,19850.0
2025-05-28,20,17302.0,2.46,9.25,12759.0,7599.0,15.19,14.33,20358.0
2025-05-28,21,17722.0,2.22,9.34,11999.0,7284.0,14.24,13.49,19283.0
2025-05-28,22,17428.0,2.2,9.14,10379.0,6206.0,11.27,10.9,16585.0
2025-05-28,23,17207.0,2.39,9.21,9792.0,5519.0,10.21,10.07,15310.0
2025-05-29,0,16349.0,2.61,8.99,9164.0,4798.0,9.03,9.06,13962.0
2025-05-29,1,16488.0,2.99,9.58,8001.0,4210.0,7.6,7.75,12212.0
2025-05-29,2,16384.0,3.54,10.06,7245.0,3631.0,6.69,6.96,10876.0
2025-05-29,3,16422.0,4.17,10.62,6910.0,3481.0,6.38,6.68,10392.0
2025-05-29,4,14078.0,5.14,13.01,6299.0,3295.0,6.04,6.35,9594.0
2025-05-29,5,13005.0,5.25,13.1,7377.0,4261.0,7.74,7.86,11638.0
2025-05-29,6,16980.0,5.02,8.07,13307.0,7243.0,16.12,15.46,20550.0
2025-05-29,7,17281.0,4.57,7.36,13569.0,8294.0,16.72,15.65,21863.0
2025-05-29,8,17370.0,4.15,6.83,13050.0,8129.0,15.81,14.8,21179.0
2025-05-29,9,17435.0,3.81,6.48,12414.0,7686.0,14.75,13.92,20099.0
2025-05-29,10,17530.0,3.65,6.34,11215.0,6857.0,12.89,12.34,18072.0
2025-05-29,11,17844.0,3.87,6.43,10752.0,6524.0,11.78,11.32,17276.0
2025-05-29,12,18034.0,3.92,6.54,11077.0,6380.0,12.49,12.08,17457.0
2025-05-29,13,18464.0,3.88,6.75,10935.0,6270.0,12.16,11.8,17205.0
2025-05-29,14,17419.0,3.99,9.32,10768.0,6173.0,11.98,11.65,16941.0
2025-05-29,15,17559.0,4.09,9.87,10541.0,6063.0,11.58,11.28,16604.0
2025-05-29,16,15552.0,4.1,13.11,10562.0,6437.0,11.71,11.27,16999.0
2025-05-29,17,15445.0,3.87,13.77,11291.0,6824.0,13.11,12.55,18115.0
2025-05-29,18,15563.0,3.56,13.6,12118.0,7135.0,14.57,13.91,19254.0
2025-05-29,19,16191.0,3.22,13.96,12075.0,7093.0,14.41,13.78,19168.0
2025-05-29,20,15749.0,2.91,13.13,12001.0,7192.0,14.2,13.54,19193.0
2025-05-29,21,15848.0,2.59,12.88,11495.0,6926.0,13.31,12.72,18420.0
2025-05-29,22,15797.0,2.44,12.68,10166.0,6065.0,10.24,9.95,16230.0
2025-05-29,23,15463.0,2.48,12.32,9852.0,4990.0,9.2,9.18,14842.0
2025-05-30,0,14773.0,2.55,11.62,10119.0,4500.0,9.73,9.82,14619.0
2025-05-30,1,14741.0,2.71,11.79,8436.0,3628.0,7.64,7.92,12064.0
2025-05-30,2,14850.0,3.04,12.25,8175.0,3651.0,7.92,8.19,11826.0
2025-05-30,3,14656.0,3.37,12.41,8181.0,3676.0,8.2,8.45,11856.0
2025-05-30,4,16409.0,3.78,9.28,7053.0,3280.0,6.97,7.23,10333.0
2025-05-30,5,16792.0,4.53,7.08,8252.0,4066.0,8.47,8.44,12317.0
2025-05-30,6,17700.0,4.6,6.51,13535.0,7191.0,16.61,15.2,20726.0
2025-05-30,7,17922.0,4.19,6.11,13449.0,8264.0,16.37,14.34,21713.0
2025-05-30,8,17963.0,3.92,5.86,18737.0,7735.0,14.71,12.97,26472.0
2025-05-30,9,18200.0,3.73,5.69,32769.0,7606.0,14.58,12.92,40375.0
2025-05-30,10,18226.0,3.63,5.61,14219.0,7166.0,13.1,11.7,21386.0
2025-05-30,11,18155.0,3.66,5.63,30243.0,6539.0,12.29,11.19,36783.0
2025-05-30,12,18233.0,3.72,5.7,32769.0,6397.0,13.23,12.23,39166.0
2025-05-30,13,18313.0,3.78,5.76,32769.0,6259.0,13.19,12.26,39028.0
2025-05-30,14,17975.0,3.87,6.48,22195.0,6330.0,12.33,11.35,28525.0
2025-05-30,15,16374.0,3.95,9.84,10705.0,6295.0,11.78,10.81,16999.0
2025-05-30,16,14810.0,3.77,12.48,10730.0,6378.0,11.82,10.8,17109.0
2025-05-30,17,15118.0,3.53,12.58,11012.0,6804.0,12.64,11.37,17816.0
2025-05-30,18,15311.0,3.23,12.48,11514.0,7238.0,13.33,11.84,18752.0
2025-05-30,19,16364.0,2.89,13.3,12098.0,7542.0,14.27,12.63,19641.0
2025-05-30,20,16551.0,2.58,13.2,12082.0,7484.0,14.03,12.41,19567.0
2025-05-30,21,16447.0,2.31,12.78,11571.0,7060.0,13.45,12.08,18631.0
2025-05-30,22,15954.0,2.21,12.14,10158.0,5929.0,10.68,9.91,16087.0
2025-05-30,23,15746.0,2.23,11.96,10136.0,5412.0,10.58,10.07,15548.0
2025-05-31,0,15349.0,2.3,11.56,9994.0,4650.0,10.26,10.1,14643.0
2025-05-31,1,15418.0,2.44,11.78,9368.0,4207.0,9.48,9.47,13576.0
2025-05-31,2,15674.0,2.75,12.36,8524.0,3828.0,8.35,8.46,12352.0
2025-05-31,3,15658.0,3.12,11.76,8414.0,3788.0,8.31,8.42,12202.0
2025-05-31,4,18930.0,3.72,5.75,8147.0,3433.0,8.59,8.8,11579.0
2025-05-31,5,18336.0,4.54,6.5,7434.0,4257.0,8.05,8.01,11691.0
2025-05-31,6,18487.0,4.94,6.92,11698.0,6929.0,13.85,13.22,18627.0
2025-05-31,7,18431.0,4.72,6.67,13571.0,8078.0,16.93,15.87,21649.0
2025-05-31,8,18405.0,4.4,6.36,13353.0,8086.0,16.35,15.3,21439.0
2025-05-31,9,18375.0,4.08,6.04,13614.0,8094.0,16.9,15.84,21708.0
2025-05-31,10,18161.0,3.77,5.73,12988.0,7807.0,15.61,14.67,20795.0
2025-05-31,11,18369.0,3.53,5.51,13364.0,7375.0,16.26,15.49,20740.0
2025-05-31,12,18836.0,3.32,5.37,13610.0,7025.0,17.22,16.57,20635.0
2025-05-31,13,19051.0,3.18,5.24,13623.0,6889.0,17.2,16.61,20512.0
2025-05-31,14,19101.0,3.05,5.12,13369.0,6788.0,16.87,16.3,20157.0
2025-05-31,15,19448.0,3.04,5.15,12618.0,6381.0,15.17,14.76,18999.0
2025-05-31,16,19906.0,3.15,5.29,12429.0,6452.0,15.04,14.6,18881.0
2025-05-31,17,19730.0,3.34,5.47,11198.0,6960.0,13.12,12.47,18158.0
2025-05-31,18,16671.0,3.32,10.32,11893.0,7517.0,14.18,13.35,19410.0
2025-05-31,19,15864.0,3.02,11.8,11419.0,7364.0,13.58,12.81,18782.0
2025-05-31,20,16273.0,2.76,11.99,11164.0,7231.0,13.06,12.34,18395.0
2025-05-31,21,16950.0,2.62,12.51,10362.0,6727.0,11.76,11.22,17089.0
2025-05-31,22,14257.0,2.56,16.28,9803.0,6094.0,10.8,10.46,15897.0
2025-05-31,23,13180.0,2.35,18.08,10103.0,5197.0,10.99,10.94,15300.0
