date,hour,TP_Qin,TP_Level,TP_Inlet,TP_F_Wong,TP_F_Petka,TP_F_Thapra,TP_P_Wong,TP_P_Petka,TP_P_Thapra,TotalFlow
2026-03-01,0,10833.0,3.09,5.68,3631.0,1175.0,2701.0,6.0,6.75,6.75,7507.0
2026-03-01,1,11992.0,3.49,4.55,3579.0,1125.0,2630.0,6.0,6.75,6.75,7335.0
2026-03-01,2,12499.0,4.07,4.66,3430.0,1116.0,2558.0,6.02,6.78,6.75,7105.0
2026-03-01,3,12778.0,4.73,4.75,3411.0,1122.0,2505.0,6.05,6.8,6.76,7037.0
2026-03-01,4,12002.0,5.27,5.31,3727.0,1880.0,3732.0,7.63,8.31,8.43,9338.0
2026-03-01,5,13551.0,5.38,7.59,4145.0,2808.0,5218.0,10.61,11.19,11.51,12172.0
2026-03-01,6,12655.0,5.43,8.11,4476.0,2913.0,5437.0,12.0,12.57,12.93,12826.0
2026-03-01,7,12240.0,5.21,7.39,4919.0,3165.0,5909.0,12.7,13.25,13.72,13992.0
2026-03-01,8,12188.0,4.86,7.46,5212.0,3320.0,6185.0,13.03,13.58,14.1,14716.0
2026-03-01,9,12011.0,4.43,7.53,5354.0,3385.0,6301.0,13.21,13.75,14.29,15040.0
2026-03-01,10,11916.0,3.96,7.62,5265.0,3329.0,6208.0,12.97,13.53,14.03,14802.0
2026-03-01,11,12050.0,3.64,7.72,4611.0,2806.0,5267.0,10.99,11.62,11.93,12684.0
2026-03-01,12,12075.0,3.62,7.36,4107.0,2463.0,4635.0,9.22,9.9,10.09,11205.0
2026-03-01,13,12516.0,3.68,7.01,4217.0,2586.0,4832.0,9.29,9.95,10.18,11635.0
2026-03-01,14,14498.0,3.84,5.75,4343.0,2699.0,5059.0,9.42,10.07,10.34,12102.0
2026-03-01,15,14396.0,4.09,5.66,4392.0,2741.0,5117.0,9.54,10.19,10.46,12250.0
2026-03-01,16,13652.0,4.27,6.11,4385.0,2742.0,5121.0,9.81,10.45,10.72,12249.0
2026-03-01,17,13556.0,4.34,6.12,4851.0,3002.0,5635.0,11.47,12.06,12.45,13489.0
2026-03-01,18,13494.0,4.19,6.02,5298.0,3262.0,6145.0,12.96,13.51,14.02,14705.0
2026-03-01,19,13389.0,3.98,5.94,5228.0,3196.0,6052.0,12.93,13.48,13.97,14476.0
2026-03-01,20,13346.0,3.77,5.88,5203.0,3214.0,6109.0,12.94,13.48,13.99,14526.0
2026-03-01,21,13305.0,3.57,5.82,5181.0,3150.0,6002.0,12.52,13.07,13.55,14333.0
2026-03-01,22,13330.0,3.4,5.8,4924.0,3064.0,5801.0,11.66,12.22,12.65,13789.0
2026-03-01,23,13388.0,3.39,5.8,4271.0,2682.0,5063.0,9.65,10.25,10.54,12016.0
2026-03-02,0,10130.0,3.62,4.19,3778.0,1168.0,2751.0,6.06,6.79,6.73,7697.0
2026-03-02,1,10189.0,3.9,4.04,3741.0,1079.0,2624.0,6.0,6.73,6.66,7444.0
2026-03-02,2,12255.0,4.31,4.63,3711.0,1096.0,2588.0,6.1,6.83,6.73,7395.0
2026-03-02,3,13104.0,5.0,5.32,3755.0,1121.0,2616.0,6.29,7.02,6.93,7492.0
2026-03-02,4,10217.0,5.33,6.23,4075.0,2272.0,4383.0,8.67,9.28,9.5,10731.0
2026-03-02,5,11774.0,5.11,6.45,4702.0,2957.0,5578.0,11.37,11.93,12.31,13237.0
2026-03-02,6,13364.0,4.92,7.58,5063.0,3040.0,5803.0,12.6,13.15,13.6,13906.0
2026-03-02,7,13417.0,4.76,8.27,5525.0,3267.0,6272.0,13.08,13.61,14.16,15063.0
2026-03-02,8,12220.0,4.38,7.65,5509.0,3312.0,6353.0,13.2,13.73,14.3,15174.0
2026-03-02,9,12051.0,3.94,7.86,5416.0,3237.0,6230.0,13.09,13.64,14.18,14884.0
2026-03-02,10,11939.0,3.59,7.99,4670.0,2777.0,5365.0,10.95,11.57,11.91,12813.0
2026-03-02,11,11991.0,3.59,7.89,4069.0,2266.0,4422.0,8.95,9.63,9.81,10757.0
2026-03-02,12,13206.0,3.75,6.88,13651.0,12514.0,4598.0,8.99,9.67,9.84,30762.0
2026-03-02,13,14413.0,4.03,6.0,3996.0,2454.0,4645.0,8.94,9.62,9.8,11095.0
2026-03-02,14,14714.0,4.42,5.84,3957.0,2491.0,4684.0,8.96,9.63,9.82,11132.0
2026-03-02,15,14731.0,4.79,5.82,4126.0,2557.0,4842.0,8.98,9.65,9.87,11525.0
2026-03-02,16,13318.0,5.01,6.17,4358.0,2796.0,5257.0,9.92,10.55,10.85,12411.0
2026-03-02,17,12588.0,4.91,6.02,4916.0,3127.0,5896.0,11.84,12.42,12.86,13939.0
2026-03-02,18,12460.0,4.58,5.92,5214.0,3302.0,6211.0,13.11,13.65,14.18,14726.0
2026-03-02,19,12377.0,4.22,5.83,5199.0,3285.0,6153.0,13.06,13.61,14.12,14637.0
2026-03-02,20,12340.0,3.85,5.75,5227.0,3305.0,6198.0,13.04,13.58,14.12,14730.0
2026-03-02,21,12267.0,3.51,5.66,4959.0,3164.0,5901.0,12.3,12.86,13.34,14024.0
2026-03-02,22,12191.0,3.28,5.6,4509.0,2943.0,5458.0,11.04,11.63,12.01,12909.0
2026-03-02,23,12440.0,3.25,5.71,3849.0,2344.0,4388.0,8.67,9.32,9.53,10581.0
2026-03-03,0,10137.0,3.52,4.51,3721.0,1188.0,2728.0,5.97,6.7,6.63,7637.0
2026-03-03,1,11450.0,3.9,4.76,3563.0,1151.0,2643.0,6.0,6.73,6.66,7357.0
2026-03-03,2,11905.0,4.41,4.9,3507.0,1095.0,2533.0,6.01,6.74,6.66,7135.0
2026-03-03,3,11524.0,5.0,4.85,3482.0,1075.0,2498.0,6.0,6.73,6.66,7055.0
2026-03-03,4,9367.0,5.31,4.4,3802.0,1567.0,3272.0,6.96,7.66,7.67,8641.0
2026-03-03,5,11395.0,5.15,4.36,4403.0,2894.0,5355.0,10.52,11.09,11.44,12652.0
2026-03-03,6,13925.0,5.08,5.59,4861.0,3048.0,5686.0,12.12,12.67,13.08,13595.0
2026-03-03,7,13472.0,4.96,5.76,5200.0,3250.0,6081.0,12.87,13.41,13.9,14531.0
2026-03-03,8,12709.0,4.7,6.31,5398.0,3331.0,6249.0,13.06,13.6,14.14,14978.0
2026-03-03,9,12156.0,4.26,6.78,5462.0,3381.0,6375.0,13.28,13.82,14.37,15218.0
2026-03-03,10,12058.0,3.81,6.96,5332.0,3251.0,6166.0,12.94,13.5,14.0,14750.0
2026-03-03,11,12705.0,3.54,7.34,4569.0,2670.0,5113.0,10.75,11.39,11.68,12352.0
2026-03-03,12,13775.0,3.75,8.37,4071.0,2358.0,4529.0,9.09,9.77,9.94,10959.0
2026-03-03,13,13722.0,4.06,8.51,4116.0,2380.0,4567.0,9.07,9.75,9.92,11063.0
2026-03-03,14,13743.0,4.34,8.51,4158.0,2482.0,4719.0,9.06,9.73,9.92,11358.0
2026-03-03,15,13855.0,4.58,8.59,4272.0,2553.0,4851.0,9.06,9.72,9.94,11676.0
2026-03-03,16,13925.0,4.78,8.62,4526.0,2726.0,5188.0,9.83,10.48,10.76,12439.0
2026-03-03,17,13951.0,4.86,8.58,5116.0,3038.0,5795.0,11.69,12.28,12.7,13950.0
2026-03-03,18,14019.0,4.72,8.6,5371.0,3231.0,6144.0,13.07,13.62,14.13,14745.0
2026-03-03,19,14243.0,4.6,8.7,5343.0,3191.0,6097.0,13.05,13.61,14.1,14631.0
2026-03-03,20,13852.0,4.5,8.37,5386.0,3196.0,6108.0,13.04,13.59,14.1,14690.0
2026-03-03,21,12882.0,4.29,7.56,4985.0,2991.0,5745.0,12.12,12.69,13.13,13722.0
2026-03-03,22,12997.0,4.22,7.63,4532.0,2726.0,5226.0,10.79,11.39,11.73,12483.0
2026-03-03,23,13184.0,4.34,7.76,4025.0,2329.0,4513.0,8.81,9.45,9.67,10867.0
2026-03-04,0,9057.0,4.57,4.68,3791.0,1107.0,2684.0,5.9,6.62,6.56,7581.0
2026-03-04,1,9063.0,4.72,4.28,3678.0,1062.0,2571.0,5.9,6.63,6.55,7311.0
2026-03-04,2,9116.0,4.91,4.26,3676.0,1037.0,2556.0,6.01,6.73,6.65,7269.0
2026-03-04,3,9278.0,5.1,4.29,3749.0,1084.0,2671.0,6.31,7.04,6.96,7503.0
2026-03-04,4,9322.0,5.12,4.31,4049.0,2234.0,4437.0,8.59,9.23,9.4,10720.0
2026-03-04,5,10610.0,4.75,4.4,4690.0,2988.0,5665.0,11.52,12.07,12.48,13343.0
2026-03-04,6,12683.0,4.42,5.05,5092.0,3122.0,5973.0,12.8,13.34,13.81,14188.0
2026-03-04,7,13455.0,4.13,5.4,5453.0,3337.0,6394.0,13.23,13.75,14.34,15184.0
2026-03-04,8,14009.0,3.88,6.92,5408.0,3315.0,6360.0,13.21,13.75,14.31,15083.0
2026-03-04,9,14073.0,3.68,7.29,5351.0,3260.0,6223.0,13.12,13.68,14.2,14833.0
2026-03-04,10,14046.0,3.57,7.5,4701.0,2887.0,5494.0,11.24,11.84,12.2,13082.0
2026-03-04,11,14204.0,3.81,7.6,3991.0,2318.0,4491.0,9.05,9.73,9.91,10800.0
2026-03-04,12,14318.0,4.18,7.41,4005.0,2414.0,4632.0,9.11,9.79,9.97,11052.0
2026-03-04,13,14681.0,4.54,7.46,4104.0,2514.0,4784.0,9.16,9.83,10.04,11402.0
2026-03-04,14,14428.0,4.92,8.17,4023.0,2499.0,4714.0,9.15,9.83,10.02,11236.0
2026-03-04,15,12160.0,5.1,9.43,4122.0,2581.0,4876.0,9.24,9.9,10.14,11580.0
2026-03-04,16,13046.0,5.12,7.86,4424.0,2750.0,5204.0,10.07,10.71,11.0,12378.0
2026-03-04,17,12136.0,5.03,8.06,4876.0,3031.0,5720.0,11.84,12.43,12.84,13626.0
2026-03-04,18,12508.0,4.67,7.52,5288.0,3360.0,6320.0,13.65,14.19,14.73,14968.0
2026-03-04,19,12481.0,4.31,7.35,5191.0,3313.0,6230.0,13.56,14.09,14.62,14733.0
2026-03-04,20,12331.0,3.92,7.2,5361.0,3367.0,6345.0,13.7,14.23,14.8,15074.0
2026-03-04,21,12240.0,3.53,7.1,4999.0,3200.0,6003.0,12.9,13.46,13.94,14202.0
2026-03-04,22,11658.0,3.29,7.01,4436.0,2889.0,5399.0,11.2,11.79,12.15,12723.0
2026-03-04,23,382.0,3.16,9.16,3570.0,1557.0,2488.0,6.31,7.2,7.11,7615.0
2026-03-05,0,1187.0,3.26,6.56,2809.0,1102.0,1744.0,4.19,5.03,4.9,5655.0
2026-03-05,1,3742.0,3.6,11.01,3562.0,1490.0,2344.0,6.08,7.01,6.91,7395.0
2026-03-05,2,3762.0,4.12,10.35,3509.0,1368.0,2160.0,5.71,6.61,6.49,7037.0
2026-03-05,3,2989.0,4.57,7.5,3193.0,1244.0,1966.0,5.1,5.98,5.86,6404.0
2026-03-05,4,2554.0,4.94,6.17,2803.0,1043.0,1659.0,4.17,5.01,4.88,5504.0
2026-03-05,5,6409.0,5.13,8.67,4279.0,2460.0,4323.0,9.02,9.75,9.93,11061.0
2026-03-05,6,13813.0,4.94,7.35,5261.0,3237.0,6138.0,13.39,13.92,14.43,14636.0
2026-03-05,7,12914.0,4.64,6.79,5692.0,3489.0,6625.0,14.0,14.5,15.14,15805.0
2026-03-05,8,12620.0,4.15,6.93,5750.0,3497.0,6662.0,14.1,14.62,15.27,15909.0
2026-03-05,9,12402.0,3.67,7.11,5488.0,3383.0,6455.0,13.8,14.34,14.91,15326.0
2026-03-05,10,12569.0,3.31,7.03,4787.0,2867.0,5467.0,11.25,11.86,12.21,13122.0
2026-03-05,11,13345.0,3.44,6.41,4074.0,2295.0,4431.0,8.99,9.67,9.84,10799.0
2026-03-05,12,13478.0,3.7,6.12,4159.0,2396.0,4607.0,9.02,9.7,9.89,11163.0
2026-03-05,13,13620.0,3.94,6.03,4243.0,2487.0,4776.0,9.16,9.83,10.04,11506.0
2026-03-05,14,13840.0,4.19,6.17,4190.0,2497.0,4756.0,9.15,9.82,10.04,11442.0
2026-03-05,15,13249.0,4.43,6.04,4222.0,2546.0,4856.0,9.16,9.81,10.05,11625.0
2026-03-05,16,14101.0,4.58,6.41,4540.0,2711.0,5219.0,9.92,10.54,10.85,12470.0
2026-03-05,17,14097.0,4.66,6.37,5146.0,3058.0,5856.0,11.97,12.55,12.99,14060.0
2026-03-05,18,13944.0,4.48,6.26,5604.0,3352.0,6435.0,13.75,14.28,14.84,15392.0
2026-03-05,19,13722.0,4.24,6.2,5477.0,3282.0,6324.0,13.7,14.23,14.79,15083.0
2026-03-05,20,13660.0,4.01,6.1,5502.0,3312.0,6365.0,13.67,14.2,14.78,15179.0
2026-03-05,21,13418.0,3.75,5.97,5373.0,3227.0,6214.0,13.16,13.7,14.24,14815.0
2026-03-05,22,14211.0,3.66,6.33,4707.0,2852.0,5481.0,11.33,11.92,12.3,13040.0
2026-03-05,23,13596.0,3.79,6.94,4165.0,2515.0,4837.0,9.1,9.72,9.98,11516.0
2026-03-06,0,9542.0,4.02,4.96,3706.0,1226.0,2857.0,6.11,6.83,6.78,7789.0
2026-03-06,1,9756.0,4.25,5.11,3610.0,1042.0,2589.0,5.87,6.59,6.52,7241.0
2026-03-06,2,9953.0,4.55,5.18,3477.0,1008.0,2509.0,5.87,6.59,6.52,6993.0
2026-03-06,3,10210.0,4.89,5.28,3551.0,1030.0,2542.0,6.05,6.78,6.71,7122.0
2026-03-06,4,11219.0,5.13,4.28,4009.0,2160.0,4324.0,8.47,9.08,9.33,10493.0
2026-03-06,5,11905.0,4.98,4.41,4714.0,3063.0,5782.0,11.9,12.45,12.87,13560.0
2026-03-06,6,13940.0,4.74,5.46,5188.0,3229.0,6153.0,13.52,14.04,14.58,14571.0
2026-03-06,7,13802.0,4.5,6.04,5634.0,3484.0,6643.0,14.07,14.57,15.21,15761.0
2026-03-06,8,13836.0,4.14,5.84,5743.0,3554.0,6756.0,14.21,14.72,15.38,16053.0
2026-03-06,9,13497.0,3.78,5.9,5561.0,3448.0,6552.0,13.98,14.51,15.11,15561.0
2026-03-06,10,13548.0,3.53,6.1,4749.0,2938.0,5561.0,11.43,12.04,12.42,13248.0
2026-03-06,11,13187.0,3.69,5.92,3980.0,2349.0,4487.0,8.98,9.66,9.83,10816.0
2026-03-06,12,12636.0,3.86,6.04,4093.0,2469.0,4687.0,9.1,9.77,9.97,11248.0
2026-03-06,13,12672.0,3.99,5.97,4022.0,2504.0,4730.0,9.09,9.74,9.96,11256.0
2026-03-06,14,13159.0,4.14,5.78,4020.0,2494.0,4715.0,9.05,9.72,9.92,11229.0
2026-03-06,15,13800.0,4.33,5.51,4136.0,2626.0,4946.0,9.16,9.82,10.07,11709.0
2026-03-06,16,14034.0,4.5,5.44,4454.0,2847.0,5353.0,10.16,10.78,11.1,12654.0
2026-03-06,17,13999.0,4.52,5.4,4985.0,3182.0,5990.0,12.13,12.69,13.15,14158.0
2026-03-06,18,13932.0,4.33,5.33,5365.0,3401.0,6387.0,13.69,14.23,14.78,15153.0
2026-03-06,19,13816.0,4.1,5.27,5324.0,3374.0,6333.0,13.73,14.26,14.82,15032.0
2026-03-06,20,12671.0,3.8,5.79,5288.0,3360.0,6278.0,13.51,14.05,14.6,14925.0
2026-03-06,21,12593.0,3.46,5.76,5106.0,3248.0,6045.0,12.85,13.4,13.89,14399.0
2026-03-06,22,12614.0,3.27,5.74,4392.0,2740.0,5119.0,10.99,11.6,11.91,12251.0
2026-03-06,23,12675.0,3.43,5.76,3588.0,2165.0,4060.0,8.62,9.29,9.43,9813.0
2026-03-07,0,9050.0,3.71,4.06,3445.0,1182.0,2623.0,5.92,6.67,6.66,7250.0
2026-03-07,1,10645.0,3.99,4.39,3449.0,1103.0,2531.0,6.05,6.8,6.78,7083.0
2026-03-07,2,10898.0,4.4,4.45,3469.0,1132.0,2558.0,6.33,7.07,7.06,7159.0
2026-03-07,3,11312.0,4.86,4.42,3357.0,1091.0,2413.0,6.11,6.85,6.83,6862.0
2026-03-07,4,10233.0,5.3,4.87,3666.0,1656.0,3328.0,7.18,7.89,7.92,8650.0
2026-03-07,5,12497.0,5.23,4.72,4432.0,2928.0,5420.0,10.84,11.42,11.76,12780.0
2026-03-07,6,13951.0,5.2,8.22,4884.0,3065.0,5935.0,12.71,13.27,13.68,13884.0
2026-03-07,7,13664.0,5.04,8.37,5400.0,3350.0,6498.0,13.44,13.98,14.51,15247.0
2026-03-07,8,13267.0,4.71,8.11,5580.0,3460.0,6728.0,13.75,14.29,14.87,15768.0
2026-03-07,9,13542.0,4.33,7.87,5575.0,3438.0,6710.0,13.8,14.35,14.92,15722.0
2026-03-07,10,13593.0,4.0,7.89,5412.0,3300.0,6449.0,13.16,13.73,14.23,15160.0
2026-03-07,11,14112.0,3.91,8.16,4653.0,2721.0,5389.0,10.86,11.51,11.8,12764.0
2026-03-07,12,14172.0,4.16,8.06,4129.0,2376.0,4695.0,9.1,9.78,9.95,11201.0
2026-03-07,13,14230.0,4.5,8.06,4142.0,2409.0,4764.0,9.08,9.75,9.93,11315.0
2026-03-07,14,14064.0,4.78,8.14,4229.0,2560.0,5027.0,9.18,9.82,10.04,11815.0
2026-03-07,15,13614.0,4.97,8.65,4277.0,2593.0,5135.0,9.27,9.91,10.16,12006.0
2026-03-07,16,13726.0,5.12,9.24,4457.0,2664.0,5280.0,9.86,10.49,10.76,12400.0
2026-03-07,17,13735.0,5.14,9.23,5094.0,3033.0,6018.0,11.98,12.56,12.99,14145.0
2026-03-07,18,13791.0,4.95,9.23,5455.0,3239.0,6407.0,13.44,13.99,14.5,15102.0
2026-03-07,19,14114.0,4.76,9.45,5388.0,3162.0,6272.0,13.35,13.91,14.4,14822.0
2026-03-07,20,14083.0,4.63,9.43,5291.0,3132.0,6210.0,13.24,13.8,14.27,14633.0
2026-03-07,21,13503.0,4.51,8.86,5133.0,3021.0,6001.0,12.57,13.15,13.59,14156.0
2026-03-07,22,12568.0,4.39,8.07,4565.0,2700.0,5371.0,10.93,11.54,11.86,12636.0
2026-03-07,23,12960.0,4.47,8.41,3940.0,2314.0,4626.0,8.94,9.59,9.79,10880.0
2026-03-08,0,9278.0,4.71,5.64,3733.0,1126.0,2806.0,5.98,6.71,6.65,7665.0
2026-03-08,1,8796.0,4.85,5.34,3660.0,1029.0,2658.0,5.88,6.61,6.53,7348.0
2026-03-08,2,9162.0,5.03,5.54,3606.0,982.0,2580.0,5.85,6.58,6.5,7169.0
2026-03-08,3,9417.0,5.27,5.77,3553.0,953.0,2538.0,5.83,6.57,6.49,7044.0
2026-03-08,4,8976.0,5.41,5.6,3912.0,1770.0,3856.0,7.61,8.29,8.34,9538.0
2026-03-08,5,10788.0,5.11,5.16,4499.0,2796.0,5552.0,10.98,11.56,11.9,12848.0
2026-03-08,6,14105.0,4.97,6.69,4772.0,2906.0,5787.0,12.55,13.12,13.52,13465.0
2026-03-08,7,14143.0,4.93,6.75,5300.0,3167.0,6313.0,13.35,13.9,14.4,14780.0
2026-03-08,8,13402.0,4.68,7.06,5600.0,3347.0,6690.0,13.72,14.26,14.84,15637.0
2026-03-08,9,12986.0,4.24,7.15,5753.0,3412.0,6815.0,13.9,14.44,15.04,15980.0
2026-03-08,10,12324.0,3.73,6.87,5681.0,3296.0,6606.0,13.42,13.99,14.53,15583.0
2026-03-08,11,12140.0,3.39,6.68,4796.0,2699.0,5464.0,11.03,11.68,12.0,12959.0
2026-03-08,12,12212.0,3.36,6.47,4227.0,2362.0,4754.0,9.19,9.87,10.06,11342.0
2026-03-08,13,12347.0,3.42,6.32,4201.0,2432.0,4853.0,9.21,9.88,10.08,11485.0
2026-03-08,14,12576.0,3.49,6.17,4150.0,2488.0,4890.0,9.2,9.86,10.06,11527.0
2026-03-08,15,12606.0,3.53,6.2,4353.0,2690.0,5288.0,9.4,10.04,10.32,12331.0
2026-03-08,16,12614.0,3.49,6.21,4460.0,2765.0,5422.0,10.03,10.67,10.97,12647.0
2026-03-08,17,12635.0,3.36,6.19,4989.0,3102.0,6089.0,12.08,12.66,13.09,14180.0
2026-03-08,18,12611.0,2.99,6.12,5440.0,3338.0,6565.0,13.64,14.18,14.73,15343.0
2026-03-08,19,12619.0,2.57,6.05,5382.0,3306.0,6506.0,13.63,14.17,14.71,15194.0
2026-03-08,20,12570.0,2.17,5.98,5290.0,3311.0,6496.0,13.59,14.13,14.67,15097.0
2026-03-08,21,12598.0,1.82,5.92,4923.0,3123.0,6125.0,12.75,13.32,13.79,14171.0
2026-03-08,22,4259.0,1.9,9.61,3448.0,1775.0,3072.0,7.22,8.08,8.04,8295.0
2026-03-08,23,1179.0,2.11,12.38,3756.0,2332.0,3805.0,7.65,8.61,8.58,9893.0
2026-03-09,0,3032.0,2.43,8.65,3434.0,1476.0,2412.0,5.65,6.56,6.45,7322.0
2026-03-09,1,3075.0,2.84,8.01,3366.0,1308.0,2146.0,5.37,6.28,6.16,6820.0
2026-03-09,2,4078.0,3.3,8.39,3472.0,1335.0,2184.0,5.67,6.59,6.47,6991.0
2026-03-09,3,6157.0,4.0,9.57,3600.0,1579.0,2600.0,6.4,7.33,7.24,7779.0
2026-03-09,4,7502.0,4.82,9.56,3682.0,1694.0,2887.0,6.74,7.61,7.55,8263.0
2026-03-09,5,13333.0,5.08,6.5,4712.0,3006.0,5887.0,11.68,12.24,12.64,13605.0
2026-03-09,6,14454.0,5.02,6.86,5200.0,3159.0,6234.0,13.28,13.82,14.3,14593.0
2026-03-09,7,13424.0,4.79,6.35,5630.0,3423.0,6776.0,13.86,14.38,14.98,15828.0
2026-03-09,8,13126.0,4.38,6.45,5786.0,3460.0,6844.0,13.91,14.44,15.06,16089.0
2026-03-09,9,13083.0,3.94,6.43,5682.0,3337.0,6632.0,13.78,14.34,14.9,15652.0
2026-03-09,10,13634.0,3.69,5.98,4858.0,2859.0,5685.0,11.3,11.92,12.28,13403.0
2026-03-09,11,13564.0,3.87,6.01,4108.0,2280.0,4575.0,8.97,9.67,9.84,10962.0
2026-03-09,12,13579.0,4.16,5.83,4122.0,2328.0,4670.0,8.97,9.66,9.84,11119.0
2026-03-09,13,13594.0,4.41,5.81,4213.0,2440.0,4885.0,9.12,9.81,10.02,11538.0
2026-03-09,14,13061.0,4.61,6.04,4196.0,2442.0,4881.0,9.14,9.83,10.03,11519.0
2026-03-09,15,12867.0,4.73,5.94,4272.0,2525.0,5032.0,9.15,9.82,10.06,11828.0
2026-03-09,16,12879.0,4.76,5.94,4590.0,2725.0,5435.0,10.0,10.64,10.94,12750.0
2026-03-09,17,13238.0,4.67,6.06,5171.0,3060.0,6154.0,12.11,12.69,13.14,14385.0
2026-03-09,18,13165.0,4.36,5.98,5591.0,3286.0,6597.0,13.73,14.28,14.83,15474.0
2026-03-09,19,12547.0,3.99,6.31,5531.0,3242.0,6494.0,13.59,14.14,14.68,15267.0
2026-03-09,20,12259.0,3.54,6.35,5591.0,3292.0,6600.0,13.76,14.3,14.86,15483.0
2026-03-09,21,12980.0,3.13,6.76,5183.0,3107.0,6214.0,12.82,13.38,13.88,14504.0
2026-03-09,22,13877.0,3.05,7.27,4594.0,2797.0,5581.0,10.92,11.52,11.88,12972.0
2026-03-09,23,14009.0,3.23,7.34,3961.0,2246.0,4580.0,8.52,9.18,9.38,10787.0
2026-03-10,0,9508.0,3.58,4.69,3594.0,1078.0,2693.0,5.86,6.62,6.61,7365.0
2026-03-10,1,9443.0,3.79,4.44,3539.0,1047.0,2648.0,5.97,6.73,6.71,7235.0
2026-03-10,2,9554.0,4.02,4.27,3584.0,1024.0,2620.0,6.15,6.92,6.9,7227.0
2026-03-10,3,11795.0,4.39,4.87,3629.0,1054.0,2663.0,6.28,7.04,7.02,7346.0
2026-03-10,4,12864.0,4.84,4.87,3905.0,2135.0,4367.0,8.46,9.13,9.31,10407.0
2026-03-10,5,13254.0,4.87,4.93,4679.0,3005.0,5899.0,11.95,12.51,12.93,13583.0
2026-03-10,6,14600.0,4.79,6.93,5179.0,3200.0,6311.0,13.68,14.23,14.73,14690.0
2026-03-10,7,14059.0,4.58,7.25,5602.0,3470.0,6818.0,14.26,14.78,15.4,15890.0
2026-03-10,8,13844.0,4.24,7.23,5621.0,3481.0,6836.0,14.23,14.76,15.38,15937.0
2026-03-10,9,13676.0,3.91,7.33,5485.0,3379.0,6637.0,14.01,14.56,15.12,15501.0
2026-03-10,10,13561.0,3.69,7.42,4723.0,2910.0,5709.0,11.57,12.18,12.54,13341.0
2026-03-10,11,13623.0,3.87,7.44,3889.0,2303.0,4569.0,8.99,9.68,9.83,10761.0
2026-03-10,12,14233.0,4.19,7.14,3972.0,2373.0,4699.0,8.98,9.66,9.83,11044.0
2026-03-10,13,14364.0,4.53,7.19,3944.0,2422.0,4771.0,8.99,9.67,9.85,11138.0
2026-03-10,14,14366.0,4.89,7.41,3954.0,2454.0,4819.0,8.97,9.65,9.83,11227.0
2026-03-10,15,13134.0,5.13,7.46,4052.0,2590.0,5052.0,9.14,9.8,10.02,11695.0
2026-03-10,16,12974.0,5.19,7.33,4290.0,2703.0,5291.0,9.83,10.47,10.75,12284.0
2026-03-10,17,13024.0,5.14,7.32,4820.0,3057.0,5956.0,11.87,12.46,12.87,13833.0
2026-03-10,18,14188.0,4.87,7.64,5389.0,3368.0,6557.0,13.92,14.47,15.0,15313.0
2026-03-10,19,15773.0,4.8,8.2,5425.0,3367.0,6549.0,13.91,14.46,15.0,15341.0
2026-03-10,20,15318.0,4.76,8.39,5473.0,3390.0,6591.0,13.93,14.47,15.03,15454.0
2026-03-10,21,13472.0,4.63,9.3,5062.0,3182.0,6168.0,12.85,13.41,13.88,14412.0
2026-03-10,22,3555.0,4.44,7.88,3576.0,1355.0,2510.0,6.62,7.41,7.38,7440.0
2026-03-10,23,802.0,4.55,8.29,3375.0,959.0,1576.0,5.9,6.77,6.63,5910.0
2026-03-11,0,736.0,4.68,7.44,3199.0,1230.0,2013.0,4.91,5.77,5.64,6442.0
2026-03-11,1,772.0,4.81,7.87,3312.0,1267.0,2071.0,5.29,6.16,6.04,6650.0
2026-03-11,2,5520.0,4.91,8.0,3255.0,1033.0,2256.0,5.54,6.32,6.22,6543.0
2026-03-11,3,8607.0,5.08,7.21,3539.0,1003.0,2550.0,6.07,6.81,6.73,7092.0
2026-03-11,4,8611.0,5.05,4.75,3968.0,1926.0,4069.0,7.98,8.65,8.75,9963.0
2026-03-11,5,13088.0,4.83,4.89,4805.0,3022.0,5933.0,11.77,12.35,12.76,13760.0
2026-03-11,6,14889.0,4.77,7.26,5260.0,3182.0,6295.0,13.53,14.09,14.58,14737.0
2026-03-11,7,14305.0,4.59,7.23,5759.0,3459.0,6847.0,14.12,14.64,15.25,16065.0
2026-03-11,8,14493.0,4.3,7.3,5800.0,3481.0,6895.0,14.28,14.8,15.42,16176.0
2026-03-11,9,14391.0,4.05,7.53,5616.0,3343.0,6624.0,13.94,14.49,15.04,15582.0
2026-03-11,10,14690.0,3.93,7.93,4894.0,2883.0,5745.0,11.6,12.22,12.59,13522.0
2026-03-11,11,13758.0,4.21,8.67,4065.0,2249.0,4525.0,8.96,9.66,9.81,10839.0
2026-03-11,12,12992.0,4.47,8.37,4170.0,2329.0,4677.0,8.93,9.63,9.8,11176.0
2026-03-11,13,13137.0,4.66,8.37,4186.0,2405.0,4823.0,9.07,9.74,9.93,11414.0
2026-03-11,14,13185.0,4.86,8.9,4155.0,2419.0,4837.0,9.07,9.73,9.93,11411.0
2026-03-11,15,13060.0,5.01,9.91,4161.0,2459.0,4913.0,9.08,9.73,9.94,11533.0
2026-03-11,16,12813.0,5.14,9.62,4327.0,2537.0,5104.0,9.54,10.18,10.43,11967.0
2026-03-11,17,12971.0,5.06,8.01,5146.0,3028.0,6069.0,12.2,12.78,13.22,14244.0
2026-03-11,18,13256.0,4.77,9.72,5510.0,3266.0,6546.0,13.78,14.33,14.87,15323.0
2026-03-11,19,12459.0,4.41,9.88,5455.0,3218.0,6441.0,13.68,14.23,14.77,15114.0
2026-03-11,20,12158.0,3.96,8.53,5569.0,3310.0,6439.0,13.86,14.39,14.97,15317.0
2026-03-11,21,11654.0,3.49,8.06,5197.0,3160.0,6060.0,12.98,13.53,14.01,14417.0
2026-03-11,22,11997.0,3.18,8.39,4520.0,2793.0,5340.0,11.01,11.61,11.94,12653.0
2026-03-11,23,14260.0,3.32,10.61,3853.0,2401.0,4585.0,8.79,9.43,9.65,10839.0
2026-03-12,0,10040.0,3.66,6.35,3565.0,1129.0,2697.0,6.03,6.76,6.7,7392.0
2026-03-12,1,10156.0,3.97,6.36,3546.0,1032.0,2556.0,5.93,6.67,6.59,7134.0
2026-03-12,2,10389.0,4.33,6.54,3466.0,1022.0,2497.0,5.94,6.67,6.59,6985.0
2026-03-12,3,11613.0,4.76,5.55,3542.0,1035.0,2529.0,6.14,6.88,6.79,7106.0
2026-03-12,4,10607.0,5.07,4.18,4030.0,2296.0,4435.0,8.72,9.35,9.56,10761.0
2026-03-12,5,11518.0,4.81,4.28,4689.0,3081.0,5765.0,12.03,12.59,13.01,13535.0
2026-03-12,6,14135.0,4.61,5.28,5097.0,3219.0,6072.0,13.65,14.18,14.69,14388.0
2026-03-12,7,13531.0,4.4,6.18,5607.0,3488.0,6608.0,14.24,14.73,15.37,15702.0
2026-03-12,8,13340.0,4.02,6.44,5589.0,3520.0,6617.0,14.28,14.8,15.42,15725.0
2026-03-12,9,14163.0,3.68,7.15,5455.0,3444.0,6482.0,14.17,14.69,15.27,15381.0
2026-03-12,10,14866.0,3.62,7.47,4677.0,2936.0,5531.0,11.66,12.27,12.64,13144.0
2026-03-12,11,14712.0,3.97,7.62,3865.0,2313.0,4404.0,9.0,9.67,9.83,10582.0
2026-03-12,12,14043.0,4.37,8.29,3884.0,2402.0,4519.0,8.99,9.66,9.83,10805.0
2026-03-12,13,13363.0,4.67,8.6,3834.0,2424.0,4550.0,9.0,9.65,9.83,10808.0
2026-03-12,14,13485.0,4.92,8.82,3931.0,2532.0,4727.0,8.97,9.62,9.82,11190.0
2026-03-12,15,12623.0,5.1,8.15,3957.0,2547.0,4767.0,9.09,9.74,9.96,11270.0
2026-03-12,16,12462.0,5.16,7.58,4117.0,2613.0,4932.0,9.72,10.36,10.61,11662.0
2026-03-12,17,12481.0,5.11,7.58,4756.0,3018.0,5662.0,11.9,12.49,12.89,13436.0
2026-03-12,18,12408.0,4.77,7.49,5327.0,3385.0,6326.0,13.91,14.44,14.98,15038.0
2026-03-12,19,12260.0,4.35,7.34,5369.0,3433.0,6391.0,13.94,14.47,15.02,15194.0
2026-03-12,20,12128.0,3.88,7.24,5454.0,3491.0,6494.0,14.0,14.52,15.11,15440.0
2026-03-12,21,12151.0,3.42,7.23,5113.0,3317.0,6177.0,13.11,13.65,14.16,14608.0
2026-03-12,22,12355.0,3.17,7.36,4525.0,2967.0,5480.0,11.3,11.88,12.25,12973.0
2026-03-12,23,12285.0,3.14,7.28,3979.0,2616.0,4816.0,9.24,9.86,10.11,11411.0
2026-03-13,0,9754.0,3.33,5.38,3518.0,1196.0,2627.0,5.93,6.66,6.58,7342.0
2026-03-13,1,9159.0,3.53,4.55,3497.0,1121.0,2511.0,5.84,6.57,6.48,7129.0
2026-03-13,2,10307.0,3.85,3.94,3468.0,1101.0,2478.0,5.95,6.68,6.58,7048.0
2026-03-13,3,9900.0,4.18,3.81,3534.0,1124.0,2512.0,6.12,6.85,6.76,7171.0
2026-03-13,4,10258.0,4.34,3.9,3938.0,2218.0,4248.0,8.4,9.05,9.2,10404.0
2026-03-13,5,16780.0,4.46,6.05,4646.0,3041.0,5630.0,11.78,12.34,12.73,13317.0
2026-03-13,6,18182.0,4.91,7.5,5190.0,3246.0,6045.0,13.61,14.14,14.63,14481.0
2026-03-13,7,15426.0,5.05,8.97,5533.0,3447.0,6450.0,14.05,14.57,15.16,15430.0
2026-03-13,8,15174.0,4.94,9.13,5590.0,3510.0,6560.0,14.22,14.74,15.34,15660.0
2026-03-13,9,13132.0,4.72,8.01,5542.0,3388.0,6371.0,14.01,14.56,15.12,15301.0
2026-03-13,10,12409.0,4.4,7.56,4779.0,2887.0,5466.0,11.54,12.15,12.52,13132.0
2026-03-13,11,12370.0,4.47,7.54,3960.0,2281.0,4346.0,8.98,9.67,9.83,10586.0
2026-03-13,12,12482.0,4.63,7.47,4009.0,2377.0,4517.0,8.96,9.63,9.8,10902.0
2026-03-13,13,12621.0,4.77,7.54,4090.0,2475.0,4693.0,9.04,9.71,9.9,11258.0
2026-03-13,14,12817.0,4.91,7.62,3970.0,2458.0,4629.0,9.08,9.74,9.92,11057.0
2026-03-13,15,12908.0,5.08,7.7,4055.0,2495.0,4712.0,9.09,9.75,9.95,11263.0
2026-03-13,16,12975.0,5.17,7.75,4430.0,2736.0,5188.0,9.97,10.59,10.89,12355.0
2026-03-13,17,12938.0,5.11,7.7,5148.0,3107.0,5923.0,12.21,12.78,13.24,14178.0
2026-03-13,18,13003.0,4.77,7.73,5624.0,3383.0,6453.0,14.08,14.61,15.19,15460.0
2026-03-13,19,13472.0,4.45,8.01,5542.0,3337.0,6351.0,13.95,14.49,15.05,15230.0
2026-03-13,20,13699.0,4.19,8.14,5564.0,3317.0,6341.0,13.94,14.48,15.04,15222.0
2026-03-13,21,13240.0,3.98,7.77,5217.0,3100.0,5932.0,12.74,13.3,13.78,14248.0
2026-03-13,22,13178.0,3.86,7.66,4656.0,2795.0,5345.0,10.94,11.54,11.89,12796.0
2026-03-13,23,14054.0,4.07,8.31,3884.0,2160.0,4203.0,8.44,9.09,9.28,10247.0
2026-03-14,0,10438.0,4.55,6.78,3683.0,1102.0,2613.0,5.85,6.58,6.5,7398.0
2026-03-14,1,8942.0,4.77,6.8,3633.0,1069.0,2539.0,5.87,6.6,6.5,7241.0
2026-03-14,2,9323.0,4.99,7.05,3523.0,1012.0,2472.0,5.87,6.59,6.52,7007.0
2026-03-14,3,9540.0,5.28,7.6,3468.0,994.0,2451.0,5.87,6.59,6.52,6913.0
2026-03-14,4,7573.0,5.36,11.15,3827.0,1579.0,3412.0,7.17,7.86,7.87,8817.0
2026-03-14,5,9765.0,5.0,5.06,4585.0,2860.0,5656.0,10.95,11.51,11.87,13102.0
2026-03-14,6,12218.0,4.59,6.33,5056.0,3064.0,6098.0,12.89,13.43,13.89,14218.0
2026-03-14,7,12702.0,4.24,6.61,5558.0,3361.0,6694.0,13.99,14.5,15.1,15613.0
2026-03-14,8,13195.0,3.78,7.2,5667.0,3412.0,6813.0,14.11,14.63,15.24,15892.0
2026-03-14,9,14275.0,3.44,7.41,5636.0,3410.0,6810.0,14.12,14.66,15.26,15856.0
2026-03-14,10,14651.0,3.2,7.1,5470.0,3262.0,6534.0,13.37,13.93,14.47,15266.0
2026-03-14,11,15621.0,3.24,6.31,4761.0,2743.0,5538.0,11.02,11.65,11.99,13041.0
2026-03-14,12,15658.0,3.65,6.15,4166.0,2392.0,4841.0,9.21,9.88,10.09,11399.0
2026-03-14,13,15760.0,4.14,6.11,4129.0,2429.0,4878.0,9.18,9.86,10.07,11436.0
2026-03-14,14,15184.0,4.62,6.72,4142.0,2464.0,4929.0,9.19,9.86,10.07,11535.0
2026-03-14,15,13812.0,4.9,7.74,4119.0,2507.0,4976.0,9.2,9.86,10.08,11602.0
2026-03-14,16,13908.0,5.09,7.77,4308.0,2680.0,5283.0,9.77,10.41,10.68,12271.0
2026-03-14,17,13919.0,5.16,7.75,4916.0,3076.0,6037.0,11.95,12.53,12.95,14029.0
2026-03-14,18,14255.0,4.96,7.91,5417.0,3391.0,6634.0,13.96,14.49,15.04,15443.0
2026-03-14,19,13439.0,4.73,7.32,5343.0,3335.0,6521.0,13.96,14.5,15.03,15199.0
2026-03-14,20,12675.0,4.36,6.77,5331.0,3351.0,6575.0,13.94,14.47,15.02,15257.0
2026-03-14,21,12858.0,4.02,6.86,4943.0,3122.0,6099.0,12.88,13.44,13.89,14164.0
2026-03-14,22,13230.0,3.92,7.08,4338.0,2765.0,5392.0,10.98,11.58,11.89,12495.0
2026-03-14,23,14378.0,4.13,8.25,3710.0,2268.0,4460.0,8.63,9.28,9.46,10438.0
2026-03-15,0,9227.0,4.5,6.87,3537.0,1201.0,2755.0,5.96,6.73,6.71,7492.0
2026-03-15,1,8810.0,4.62,6.65,3438.0,1124.0,2586.0,5.89,6.66,6.63,7147.0
2026-03-15,2,9764.0,4.85,7.57,3290.0,1078.0,2482.0,5.9,6.66,6.62,6850.0
2026-03-15,3,10014.0,5.21,7.85,3303.0,1059.0,2447.0,5.9,6.67,6.63,6809.0
2026-03-15,4,9527.0,5.44,7.53,3670.0,1733.0,3642.0,7.43,8.13,8.22,9045.0
2026-03-15,5,10234.0,5.19,6.19,4255.0,2849.0,5509.0,10.85,11.44,11.77,12613.0
2026-03-15,6,12431.0,4.89,7.08,4771.0,3077.0,5987.0,12.91,13.48,13.91,13835.0
2026-03-15,7,12559.0,4.58,7.21,5290.0,3366.0,6541.0,13.85,14.39,14.95,15197.0
2026-03-15,8,12527.0,4.12,7.41,5527.0,3487.0,6766.0,14.08,14.62,15.22,15780.0
2026-03-15,9,12245.0,3.6,7.4,5602.0,3508.0,6800.0,14.12,14.65,15.25,15910.0
2026-03-15,10,12062.0,3.05,7.31,5479.0,3437.0,6674.0,13.54,14.1,14.65,15590.0
2026-03-15,11,12338.0,2.69,6.96,4645.0,2824.0,5506.0,10.92,11.55,11.87,12975.0
2026-03-15,12,12316.0,2.67,6.81,4203.0,2481.0,4857.0,9.15,9.84,10.04,11541.0
2026-03-15,13,14070.0,2.81,5.7,4185.0,2538.0,4938.0,9.24,9.92,10.13,11661.0
2026-03-15,14,13718.0,3.04,5.38,4194.0,2581.0,5015.0,9.26,9.94,10.16,11790.0
2026-03-15,15,16573.0,3.39,6.44,4302.0,2673.0,5190.0,9.27,9.93,10.18,12165.0
2026-03-15,16,15989.0,3.86,7.45,4565.0,2802.0,5455.0,10.0,10.62,10.93,12821.0
2026-03-15,17,15803.0,4.11,7.63,5077.0,3152.0,6141.0,12.17,12.75,13.19,14370.0
2026-03-15,18,15503.0,4.12,7.42,5554.0,3402.0,6691.0,14.04,14.58,15.15,15648.0
2026-03-15,19,15324.0,4.01,7.27,5559.0,3351.0,6612.0,13.98,14.52,15.08,15522.0
2026-03-15,20,15467.0,3.94,7.3,5548.0,3375.0,6664.0,14.03,14.56,15.13,15587.0
2026-03-15,21,15391.0,3.92,7.22,5095.0,3120.0,6157.0,12.91,13.47,13.93,14372.0
2026-03-15,22,15015.0,4.07,6.99,4576.0,2804.0,5478.0,11.07,11.67,12.01,12858.0
2026-03-15,23,14959.0,4.4,6.95,3960.0,2455.0,4660.0,9.07,9.7,9.92,11075.0
2026-03-16,0,9853.0,4.77,4.6,3729.0,1141.0,2716.0,5.9,6.63,6.57,7586.0
2026-03-16,1,9811.0,5.02,4.7,3740.0,1120.0,2659.0,5.95,6.68,6.61,7520.0
2026-03-16,2,8889.0,5.22,5.41,3714.0,1076.0,2604.0,6.07,6.8,6.73,7394.0
2026-03-16,3,8478.0,5.35,6.36,3688.0,1096.0,2615.0,6.3,7.03,6.95,7399.0
2026-03-16,4,10262.0,5.39,6.97,4018.0,2123.0,4238.0,8.46,9.06,9.25,10379.0
2026-03-16,5,10722.0,5.16,5.62,4832.0,3040.0,5778.0,11.9,12.42,12.86,13650.0
2026-03-16,6,13165.0,4.77,7.03,5398.0,3300.0,6264.0,13.93,14.45,14.97,14962.0
2026-03-16,7,13847.0,4.5,7.45,5818.0,3521.0,6719.0,14.41,14.9,15.54,16058.0
2026-03-16,8,12987.0,4.06,6.88,5826.0,3519.0,6731.0,14.4,14.91,15.56,16075.0
2026-03-16,9,12838.0,3.62,7.1,5635.0,3436.0,6557.0,14.19,14.72,15.33,15628.0
2026-03-16,10,12789.0,3.26,7.33,5058.0,3009.0,5768.0,11.98,12.58,12.98,13835.0
2026-03-16,11,12790.0,3.33,6.98,3991.0,2255.0,4379.0,9.03,9.7,9.85,10625.0
2026-03-16,12,13251.0,3.56,6.69,4059.0,2373.0,4574.0,9.02,9.67,9.85,11006.0
2026-03-16,13,13704.0,3.82,6.64,4100.0,2426.0,4641.0,9.01,9.68,9.87,11167.0
2026-03-16,14,14261.0,4.11,6.96,4156.0,2487.0,4761.0,9.16,9.82,10.03,11404.0
2026-03-16,15,14435.0,4.42,7.04,4185.0,2523.0,4832.0,9.24,9.89,10.11,11540.0
2026-03-16,16,14556.0,4.72,7.13,4283.0,2612.0,5020.0,9.76,10.4,10.67,11914.0
2026-03-16,17,13612.0,4.84,6.58,4989.0,3058.0,5837.0,12.23,12.81,13.23,13884.0
2026-03-16,18,13015.0,4.57,6.22,5438.0,3354.0,6402.0,14.01,14.55,15.1,15194.0
2026-03-16,19,12736.0,4.19,6.05,5520.0,3371.0,6428.0,14.03,14.56,15.12,15319.0
2026-03-16,20,12569.0,3.78,5.92,5439.0,3414.0,6470.0,14.04,14.56,15.14,15323.0
2026-03-16,21,12322.0,3.36,5.76,5303.0,3337.0,6312.0,13.45,13.97,14.52,14952.0
2026-03-16,22,2939.0,3.13,10.0,3859.0,2158.0,3647.0,8.24,9.08,9.12,9665.0
2026-03-16,23,27.0,3.19,12.26,3657.0,2325.0,3773.0,7.75,8.68,8.65,9754.0
2026-03-17,0,987.0,3.26,8.66,3488.0,1469.0,2406.0,5.74,6.66,6.54,7363.0
2026-03-17,1,2612.0,3.52,8.73,3555.0,1399.0,2287.0,5.88,6.8,6.68,7241.0
2026-03-17,2,3676.0,3.94,10.07,3564.0,1493.0,2444.0,6.27,7.2,7.09,7501.0
2026-03-17,3,3914.0,4.46,10.9,3544.0,1490.0,2431.0,6.33,7.24,7.13,7466.0
2026-03-17,4,9324.0,4.91,8.33,3737.0,1816.0,3538.0,7.28,8.02,8.04,9091.0
2026-03-17,5,15355.0,5.07,5.89,4680.0,2997.0,5869.0,11.84,12.4,12.79,13546.0
2026-03-17,6,16229.0,5.26,6.33,5189.0,3197.0,6293.0,13.6,14.14,14.63,14679.0
2026-03-17,7,14156.0,5.15,6.4,5701.0,3465.0,6834.0,14.25,14.76,15.38,16000.0
2026-03-17,8,13890.0,4.81,6.48,5690.0,3484.0,6885.0,14.27,14.78,15.4,16059.0
2026-03-17,9,13632.0,4.47,6.59,5630.0,3377.0,6690.0,14.02,14.57,15.14,15697.0
2026-03-17,10,13396.0,4.22,6.73,4837.0,2855.0,5693.0,11.45,12.07,12.44,13385.0
2026-03-17,11,13072.0,4.38,6.97,4031.0,2213.0,4438.0,8.84,9.54,9.67,10682.0
2026-03-17,12,13096.0,4.61,6.84,4164.0,2387.0,4761.0,8.97,9.66,9.84,11312.0
2026-03-17,13,13204.0,4.78,6.79,4203.0,2455.0,4895.0,9.08,9.76,9.97,11553.0
2026-03-17,14,13172.0,4.97,7.18,4116.0,2426.0,4830.0,9.06,9.74,9.94,11372.0
2026-03-17,15,12769.0,5.1,7.68,4255.0,2504.0,5003.0,9.02,9.67,9.9,11761.0
2026-03-17,16,12927.0,5.16,7.75,4488.0,2631.0,5258.0,9.78,10.41,10.68,12377.0
2026-03-17,17,12891.0,5.1,7.69,5081.0,3019.0,6041.0,12.06,12.65,13.07,14141.0
2026-03-17,18,12851.0,4.75,7.56,5580.0,3320.0,6642.0,13.86,14.39,14.96,15542.0
2026-03-17,19,12816.0,4.34,7.67,5661.0,3325.0,6656.0,13.95,14.48,15.06,15641.0
2026-03-17,20,13398.0,3.95,7.92,5615.0,3325.0,6658.0,13.93,14.47,15.05,15597.0
2026-03-17,21,12590.0,3.63,7.35,5140.0,3117.0,6223.0,12.84,13.39,13.88,14480.0
2026-03-17,22,12180.0,3.53,7.05,986.0,3594.0,6237.0,6.08,12.78,13.08,10818.0
2026-03-17,23,12254.0,3.8,7.28,486.0,2797.0,4771.0,4.57,10.01,10.12,8055.0
2026-03-18,0,7602.0,4.33,5.16,1161.0,1345.0,2501.0,3.92,6.61,6.5,5007.0
2026-03-18,1,7720.0,4.47,4.62,3046.0,1100.0,2569.0,5.79,6.52,6.42,6716.0
2026-03-18,2,8220.0,4.55,4.43,3538.0,1028.0,2599.0,5.99,6.72,6.62,7165.0
2026-03-18,3,8503.0,4.64,4.42,3629.0,1053.0,2666.0,6.22,6.95,6.86,7348.0
2026-03-18,4,12167.0,4.77,4.65,4026.0,2216.0,4544.0,8.58,9.21,9.42,10786.0
2026-03-18,5,14054.0,4.83,5.12,4786.0,3059.0,6032.0,11.98,12.53,12.97,13877.0
2026-03-18,6,14672.0,4.7,5.32,5267.0,3273.0,6474.0,13.82,14.35,14.88,15014.0
2026-03-18,7,14550.0,4.51,5.28,5692.0,3467.0,6866.0,14.24,14.75,15.37,16024.0
2026-03-18,8,14351.0,4.21,5.48,5784.0,3514.0,6961.0,14.43,14.95,15.6,16258.0
2026-03-18,9,14220.0,3.91,5.63,5628.0,3439.0,6764.0,14.17,14.71,15.29,15831.0
2026-03-18,10,14403.0,3.67,5.95,4994.0,3055.0,6014.0,12.18,12.78,13.19,14062.0
2026-03-18,11,14229.0,3.93,8.39,3970.0,2283.0,4507.0,8.97,9.66,9.8,10760.0
2026-03-18,12,11722.0,4.14,10.08,4002.0,2389.0,4705.0,9.04,9.73,9.88,11096.0
2026-03-18,13,11844.0,4.14,10.21,4035.0,2487.0,4864.0,9.04,9.72,9.91,11386.0
2026-03-18,14,12391.0,4.17,10.86,4001.0,2490.0,4849.0,9.08,9.75,9.94,11340.0
2026-03-18,15,14809.0,4.37,9.68,3976.0,2480.0,4841.0,9.08,9.74,9.93,11297.0
2026-03-18,16,15529.0,4.78,8.85,4302.0,2729.0,5335.0,9.95,10.59,10.87,12365.0
2026-03-18,17,14093.0,4.95,7.78,4923.0,3089.0,6039.0,12.04,12.63,13.06,14051.0
2026-03-18,18,13819.0,4.73,7.55,5367.0,3385.0,6606.0,13.81,14.34,14.9,15357.0
2026-03-18,19,11751.0,4.32,8.44,5376.0,3386.0,6583.0,13.77,14.31,14.86,15345.0
2026-03-18,20,12628.0,3.84,6.76,5496.0,3449.0,6699.0,14.05,14.58,15.16,15644.0
2026-03-18,21,12349.0,3.43,6.54,5023.0,3217.0,6209.0,12.89,13.44,13.91,14450.0
2026-03-18,22,12309.0,3.19,6.5,4367.0,2886.0,5550.0,11.06,11.65,11.99,12803.0
2026-03-18,23,12354.0,3.18,6.53,3799.0,2380.0,4620.0,8.75,9.4,9.59,10799.0
2026-03-19,0,10001.0,3.38,4.41,3626.0,1219.0,2840.0,6.03,6.77,6.71,7685.0
2026-03-19,1,10890.0,3.73,4.45,3527.0,1062.0,2595.0,5.83,6.57,6.49,7184.0
2026-03-19,2,11141.0,4.18,4.52,3431.0,1042.0,2467.0,5.84,6.59,6.48,6941.0
2026-03-19,3,11483.0,4.69,4.64,3515.0,1102.0,2514.0,6.05,6.79,6.69,7131.0
2026-03-19,4,11599.0,5.06,5.67,3924.0,2196.0,4235.0,8.36,9.01,9.11,10355.0
2026-03-19,5,8951.0,4.78,5.37,4699.0,3085.0,5727.0,11.72,12.28,12.58,13511.0
2026-03-19,6,12295.0,4.11,5.04,5431.0,3448.0,6435.0,14.11,14.62,15.16,15314.0
2026-03-19,7,16052.0,3.93,6.23,5866.0,3636.0,6803.0,14.45,14.95,15.58,16304.0
2026-03-19,8,15282.0,3.81,6.22,5890.0,3665.0,6872.0,14.66,15.16,15.81,16427.0
2026-03-19,9,13581.0,3.46,5.96,5809.0,3558.0,6686.0,14.48,15.01,15.6,16053.0
2026-03-19,10,13580.0,3.18,6.09,5057.0,3051.0,5767.0,12.03,12.63,13.03,13875.0
2026-03-19,11,13513.0,3.33,6.09,4059.0,2350.0,4505.0,9.07,9.76,9.91,10914.0
2026-03-19,12,13578.0,3.59,5.96,4126.0,2446.0,4669.0,9.09,9.78,9.95,11241.0
2026-03-19,13,15487.0,3.91,6.68,4200.0,2529.0,4804.0,9.18,9.84,10.05,11533.0
2026-03-19,14,15736.0,4.38,7.9,4293.0,2620.0,4953.0,9.36,10.02,10.24,11867.0
2026-03-19,15,15332.0,4.84,8.05,4227.0,2614.0,4924.0,9.38,10.03,10.25,11765.0
2026-03-19,16,14233.0,5.1,7.28,4572.0,2772.0,5240.0,10.08,10.7,10.99,12584.0
2026-03-19,17,14237.0,5.18,7.25,5164.0,3120.0,5939.0,12.21,12.78,13.22,14223.0
2026-03-19,18,14082.0,4.99,7.24,5669.0,3456.0,6565.0,14.29,14.81,15.39,15690.0
2026-03-19,19,13351.0,4.69,7.22,5685.0,3436.0,6547.0,14.25,14.77,15.36,15668.0
2026-03-19,20,12542.0,4.27,6.69,5736.0,3453.0,6600.0,14.25,14.77,15.37,15788.0
2026-03-19,21,12395.0,3.84,6.58,5418.0,3266.0,6211.0,13.25,13.79,14.31,14895.0
2026-03-19,22,12180.0,3.56,6.44,4772.0,2910.0,5551.0,11.31,11.89,12.27,13233.0
2026-03-19,23,12155.0,3.51,6.41,4046.0,2356.0,4554.0,8.9,9.54,9.75,10955.0
2026-03-20,0,9363.0,3.63,4.26,3783.0,1200.0,2843.0,6.09,6.83,6.78,7825.0
2026-03-20,1,9621.0,3.85,4.27,3699.0,1033.0,2582.0,5.88,6.61,6.53,7314.0
2026-03-20,2,10800.0,4.2,4.66,3570.0,990.0,2498.0,5.89,6.62,6.54,7058.0
2026-03-20,3,11233.0,4.66,4.69,3606.0,1018.0,2543.0,6.06,6.8,6.72,7167.0
2026-03-20,4,12086.0,5.04,4.52,4142.0,2096.0,4262.0,8.43,9.03,9.23,10501.0
2026-03-20,5,12357.0,4.96,4.61,4818.0,3026.0,5810.0,11.99,12.5,12.95,13653.0
2026-03-20,6,14591.0,4.77,5.36,5326.0,3292.0,6272.0,13.88,14.42,14.93,14889.0
2026-03-20,7,14441.0,4.6,5.32,5779.0,3556.0,6778.0,14.51,15.01,15.64,16112.0
2026-03-20,8,13604.0,4.23,5.94,5927.0,3618.0,6918.0,14.75,15.25,15.92,16462.0
2026-03-20,9,13265.0,3.78,6.39,5701.0,3494.0,6676.0,14.46,14.99,15.61,15871.0
2026-03-20,10,13202.0,3.45,6.55,5036.0,3057.0,5858.0,12.14,12.74,13.16,13950.0
2026-03-20,11,13167.0,3.5,6.46,4116.0,2397.0,4612.0,9.15,9.83,10.01,11126.0
2026-03-20,12,13215.0,3.7,6.36,4124.0,2494.0,4751.0,9.18,9.85,10.04,11370.0
2026-03-20,13,13308.0,3.87,6.35,4145.0,2556.0,4826.0,9.18,9.84,10.06,11528.0
2026-03-20,14,13469.0,4.05,6.39,4121.0,2559.0,4821.0,9.2,9.86,10.07,11501.0
2026-03-20,15,13597.0,4.26,6.41,4101.0,2602.0,4874.0,9.23,9.87,10.09,11577.0
2026-03-20,16,13710.0,4.42,6.43,4421.0,2796.0,5272.0,10.13,10.75,11.05,12489.0
2026-03-20,17,13785.0,4.42,6.38,5048.0,3177.0,5996.0,12.26,12.83,13.27,14220.0
2026-03-20,18,13687.0,4.15,6.29,5598.0,3520.0,6629.0,14.36,14.87,15.47,15747.0
2026-03-20,19,13562.0,3.81,6.2,5506.0,3503.0,6607.0,14.36,14.87,15.47,15616.0
2026-03-20,20,13517.0,3.46,6.15,5514.0,3506.0,6601.0,14.27,14.78,15.39,15621.0
2026-03-20,21,13375.0,3.14,6.1,5263.0,3327.0,6265.0,13.41,13.95,14.48,14855.0
2026-03-20,22,13434.0,2.99,6.09,4603.0,2985.0,5584.0,11.5,12.08,12.46,13172.0
2026-03-20,23,13127.0,3.05,5.96,3943.0,2596.0,4857.0,9.29,9.91,10.17,11396.0
2026-03-21,0,11487.0,3.36,4.57,3506.0,1140.0,2660.0,5.84,6.57,6.5,7305.0
2026-03-21,1,12184.0,3.9,4.55,3451.0,1078.0,2556.0,5.79,6.53,6.44,7085.0
2026-03-21,2,13180.0,4.56,4.87,3341.0,1051.0,2470.0,5.8,6.54,6.45,6862.0
2026-03-21,3,9269.0,5.08,4.95,3291.0,1050.0,2443.0,5.76,6.5,6.41,6784.0
2026-03-21,4,9119.0,5.24,4.96,3735.0,1766.0,3587.0,7.37,8.06,8.1,9088.0
2026-03-21,5,12904.0,5.11,6.88,4383.0,2994.0,5499.0,11.13,11.7,12.06,12876.0
2026-03-21,6,14997.0,5.15,8.28,4977.0,3249.0,6015.0,13.21,13.75,14.22,14240.0
2026-03-21,7,12935.0,4.9,6.91,5574.0,3615.0,6703.0,14.45,14.96,15.58,15892.0
2026-03-21,8,12862.0,4.43,7.1,5693.0,3621.0,6731.0,14.56,15.08,15.71,16045.0
2026-03-21,9,12631.0,3.93,7.03,5728.0,3602.0,6722.0,14.54,15.06,15.68,16052.0
2026-03-21,10,12493.0,3.47,6.9,5364.0,3383.0,6310.0,13.34,13.9,14.43,15057.0
2026-03-21,11,13089.0,3.24,6.6,4681.0,3016.0,5041.0,10.99,11.68,11.85,12738.0
2026-03-21,12,13407.0,3.37,6.31,4195.0,2495.0,4696.0,9.24,9.91,10.12,11386.0
2026-03-21,13,13391.0,3.57,6.26,4215.0,2531.0,4757.0,9.21,9.88,10.1,11504.0
2026-03-21,14,13381.0,3.76,6.18,4198.0,2587.0,4855.0,9.21,9.88,10.11,11640.0
2026-03-21,15,13221.0,3.89,6.08,4309.0,2694.0,5065.0,9.33,9.98,10.25,12068.0
2026-03-21,16,13262.0,3.94,6.0,4614.0,2873.0,5410.0,10.3,10.92,11.24,12897.0
2026-03-21,17,13946.0,3.87,6.14,5223.0,3237.0,6130.0,12.56,13.12,13.6,14589.0
2026-03-21,18,14780.0,3.7,6.55,5663.0,3488.0,6612.0,14.36,14.88,15.48,15763.0
2026-03-21,19,13932.0,3.48,6.96,5568.0,3422.0,6501.0,14.19,14.71,15.3,15490.0
2026-03-21,20,13699.0,3.2,7.07,5536.0,3408.0,6465.0,14.13,14.66,15.23,15409.0
2026-03-21,21,13738.0,2.98,7.07,5176.0,3144.0,5973.0,12.89,13.44,13.93,14293.0
2026-03-21,22,13652.0,2.95,7.02,4633.0,2799.0,5329.0,10.97,11.57,11.92,12760.0
2026-03-21,23,14085.0,3.12,6.77,4092.0,2288.0,4410.0,8.65,9.3,9.5,10789.0
2026-03-22,0,11547.0,3.6,5.21,3786.0,1121.0,2680.0,5.79,6.52,6.45,7587.0
2026-03-22,1,11718.0,4.08,5.28,3648.0,1065.0,2576.0,5.8,6.54,6.46,7289.0
2026-03-22,2,10004.0,4.53,4.59,3606.0,1035.0,2510.0,5.81,6.55,6.46,7152.0
2026-03-22,3,9891.0,4.86,4.55,3519.0,998.0,2437.0,5.82,6.56,6.47,6953.0
2026-03-22,4,10487.0,5.11,4.45,3948.0,1782.0,3697.0,7.62,8.28,8.43,9428.0
2026-03-22,5,13397.0,5.14,4.93,4534.0,2871.0,5439.0,10.99,11.57,11.92,12845.0
2026-03-22,6,14048.0,5.13,6.35,5104.0,3112.0,5953.0,13.15,13.7,14.16,14168.0
2026-03-22,7,13317.0,4.92,7.18,5518.0,3367.0,6439.0,14.11,14.64,15.21,15325.0
2026-03-22,8,12474.0,4.51,6.82,5683.0,3456.0,6603.0,14.28,14.8,15.4,15742.0
2026-03-22,9,12228.0,3.99,6.92,5833.0,3503.0,6729.0,14.4,14.93,15.54,16064.0
2026-03-22,10,13048.0,3.47,6.43,5648.0,3405.0,6528.0,13.77,14.33,14.88,15581.0
2026-03-22,11,13844.0,3.26,5.82,4917.0,2851.0,5526.0,11.37,12.0,12.34,13294.0
2026-03-22,12,13864.0,3.4,5.58,4359.0,2603.0,4725.0,9.51,10.21,10.34,11687.0
2026-03-22,13,15536.0,3.7,6.1,4342.0,2573.0,4979.0,9.65,10.31,10.54,11893.0
2026-03-22,14,15733.0,4.12,6.14,4340.0,2626.0,5033.0,9.64,10.3,10.54,12000.0
2026-03-22,15,14844.0,4.48,6.76,4384.0,2711.0,5183.0,9.67,10.31,10.57,12277.0
2026-03-22,16,13372.0,4.64,6.33,4619.0,2858.0,5447.0,10.35,10.98,11.31,12924.0
2026-03-22,17,11701.0,4.44,6.02,5182.0,3230.0,6117.0,12.37,12.93,13.41,14530.0
2026-03-22,18,11520.0,3.8,6.01,5736.0,3583.0,6768.0,14.52,15.03,15.67,16087.0
2026-03-22,19,14100.0,3.34,5.3,5688.0,3527.0,6667.0,14.37,14.88,15.5,15882.0
2026-03-22,20,14964.0,3.12,5.57,5685.0,3529.0,6667.0,14.33,14.84,15.46,15881.0
2026-03-22,21,15000.0,3.01,5.58,5167.0,3252.0,6133.0,13.12,13.67,14.18,14551.0
2026-03-22,22,15366.0,3.12,6.1,4525.0,2855.0,5531.0,11.15,11.75,12.1,12910.0
2026-03-22,23,14543.0,3.45,8.55,3858.0,2313.0,4586.0,8.63,9.29,9.47,10757.0
2026-03-23,0,9803.0,3.82,5.01,3606.0,1112.0,2754.0,5.91,6.65,6.57,7472.0
2026-03-23,1,9792.0,4.05,4.53,3540.0,1076.0,2705.0,5.98,6.72,6.64,7321.0
2026-03-23,2,10048.0,4.34,4.62,3401.0,1056.0,2617.0,5.98,6.72,6.63,7074.0
2026-03-23,3,11015.0,4.71,4.98,3475.0,1073.0,2632.0,6.09,6.84,6.73,7180.0
2026-03-23,4,11479.0,5.01,5.18,3879.0,2226.0,4517.0,8.55,9.21,9.36,10622.0
2026-03-23,5,12011.0,4.84,5.43,4598.0,3070.0,5943.0,11.88,12.45,12.86,13611.0
2026-03-23,6,15432.0,4.69,5.82,5236.0,3350.0,6534.0,13.87,14.4,14.93,15120.0
2026-03-23,7,15391.0,4.58,5.72,5681.0,3602.0,7048.0,14.45,14.96,15.62,16331.0
2026-03-23,8,15783.0,4.37,6.07,5713.0,3630.0,7084.0,14.53,15.04,15.71,16428.0
2026-03-23,9,14550.0,4.15,6.88,5587.0,3558.0,6916.0,14.49,15.02,15.63,16062.0
2026-03-23,10,14351.0,3.96,7.17,4865.0,3054.0,5936.0,11.92,12.53,12.93,13855.0
2026-03-23,11,14259.0,4.18,7.16,3981.0,2357.0,4604.0,9.08,9.79,9.95,10942.0
2026-03-23,12,14597.0,4.55,7.12,4064.0,2458.0,4802.0,9.14,9.83,10.02,11324.0
2026-03-23,13,14467.0,4.9,7.54,4125.0,2554.0,4973.0,9.17,9.85,10.06,11652.0
2026-03-23,14,13599.0,5.14,8.62,4145.0,2580.0,4970.0,9.15,9.82,10.02,11695.0
2026-03-23,15,11840.0,5.22,9.08,4250.0,2639.0,5076.0,9.19,9.85,10.07,11966.0
2026-03-23,16,12741.0,5.16,8.17,4385.0,2722.0,5271.0,9.76,10.4,10.67,12379.0
2026-03-23,17,13049.0,5.1,7.48,5145.0,3150.0,6156.0,12.18,12.76,13.21,14451.0
2026-03-23,18,12486.0,4.71,7.04,5586.0,3463.0,6771.0,14.17,14.7,15.29,15819.0
2026-03-23,19,12024.0,4.2,6.68,5577.0,3407.0,6723.0,14.16,14.69,15.28,15707.0
2026-03-23,20,11681.0,3.64,6.27,5640.0,3440.0,6786.0,14.15,14.68,15.29,15866.0
2026-03-23,21,11811.0,3.09,5.89,5357.0,3281.0,6463.0,13.31,13.85,14.38,15100.0
2026-03-23,22,13167.0,2.81,5.13,4681.0,2896.0,5719.0,11.36,11.95,12.32,13296.0
2026-03-23,23,12910.0,2.85,5.05,4079.0,2462.0,4876.0,9.07,9.71,9.94,11417.0
2026-03-24,0,9425.0,3.0,3.89,3734.0,1194.0,2866.0,6.07,6.81,6.75,7794.0
2026-03-24,1,9571.0,3.22,3.88,3675.0,1033.0,2638.0,5.89,6.63,6.55,7346.0
2026-03-24,2,9512.0,3.48,3.86,3550.0,978.0,2524.0,5.9,6.64,6.54,7053.0
2026-03-24,3,9590.0,3.77,3.87,3609.0,1006.0,2571.0,6.1,6.84,6.75,7186.0
2026-03-24,4,11960.0,4.03,4.53,4064.0,2024.0,4253.0,8.24,8.86,9.04,10341.0
2026-03-24,5,14430.0,4.05,5.35,4762.0,2951.0,5862.0,11.7,12.22,12.64,13575.0
2026-03-24,6,17542.0,4.28,6.48,5362.0,3256.0,6434.0,13.72,14.25,14.75,15052.0
2026-03-24,7,17227.0,4.42,6.43,5857.0,3514.0,6983.0,14.31,14.83,15.46,16354.0
2026-03-24,8,15545.0,4.38,7.41,5889.0,3516.0,6986.0,14.44,14.97,15.6,16391.0
2026-03-24,9,14584.0,4.14,8.03,5735.0,3399.0,6779.0,14.28,14.82,15.41,15913.0
2026-03-24,10,14484.0,3.98,8.22,5050.0,2967.0,5932.0,11.97,12.58,12.96,13949.0
2026-03-24,11,13947.0,4.19,7.9,4144.0,2317.0,4676.0,9.12,9.81,9.96,11137.0
2026-03-24,12,14324.0,4.51,7.96,4186.0,2390.0,4801.0,9.09,9.78,9.95,11376.0
2026-03-24,13,14547.0,4.85,8.51,4206.0,2444.0,4894.0,9.08,9.77,9.95,11544.0
2026-03-24,14,12917.0,5.01,9.73,4172.0,2449.0,4897.0,9.12,9.8,9.99,11517.0
2026-03-25,9,13268.0,4.01,6.61,5493.0,3457.0,6775.0,14.22,14.77,15.34,15724.0
2026-03-25,10,12815.0,3.72,6.54,4732.0,2949.0,5792.0,11.58,12.2,12.58,13473.0
2026-03-25,11,13088.0,3.77,6.64,3991.0,2382.0,4695.0,9.03,9.73,9.9,11067.0
2026-03-25,12,13147.0,3.96,6.47,4009.0,2467.0,4811.0,9.02,9.72,9.91,11286.0
2026-03-25,13,13423.0,4.14,6.51,4022.0,2561.0,4956.0,9.19,9.87,10.07,11539.0
2026-03-25,14,14119.0,4.36,6.39,3999.0,2557.0,4935.0,9.23,9.9,10.1,11490.0
2026-03-25,15,14041.0,4.62,6.32,4221.0,2672.0,5172.0,9.3,9.96,10.2,12065.0
2026-03-25,16,14478.0,4.81,6.5,4434.0,2797.0,5422.0,10.0,10.64,10.93,12653.0
2026-03-25,17,14507.0,4.91,6.46,5118.0,3178.0,6180.0,12.27,12.86,13.31,14476.0
2026-03-25,18,14376.0,4.72,6.36,5701.0,3489.0,6821.0,14.18,14.71,15.31,16012.0
2026-03-25,19,13682.0,4.42,6.62,5622.0,3469.0,6753.0,14.19,14.72,15.31,15844.0
2026-03-25,20,13360.0,4.07,6.66,5649.0,3482.0,6807.0,14.23,14.75,15.36,15938.0
2026-03-25,21,13258.0,3.73,6.58,5314.0,3257.0,6384.0,13.09,13.64,14.17,14955.0
2026-03-25,22,13631.0,3.6,6.77,4597.0,2843.0,5571.0,10.99,11.59,11.95,13011.0
2026-03-25,23,14257.0,3.79,7.12,3924.0,2269.0,4515.0,8.46,9.12,9.31,10707.0
2026-03-26,0,9137.0,4.11,4.36,3700.0,1143.0,2754.0,5.9,6.67,6.66,7597.0
2026-03-26,1,10881.0,4.37,4.98,3639.0,1073.0,2660.0,6.06,6.83,6.81,7373.0
2026-03-26,2,11869.0,4.86,5.8,3627.0,1062.0,2670.0,6.21,6.97,6.94,7358.0
2026-03-26,3,10903.0,5.31,5.86,3603.0,1149.0,2776.0,6.4,7.16,7.15,7528.0
2026-03-26,4,10554.0,5.51,9.81,3965.0,2272.0,4535.0,8.67,9.33,9.51,10772.0
2026-03-26,5,10825.0,5.18,5.2,4837.0,3068.0,6010.0,12.11,12.68,13.1,13915.0
2026-03-26,6,13884.0,4.87,5.84,5462.0,3328.0,6568.0,13.98,14.52,15.06,15359.0
2026-03-26,7,13688.0,4.54,7.19,5854.0,3525.0,6978.0,14.43,14.95,15.6,16357.0
2026-03-26,8,13460.0,4.13,7.31,5786.0,3496.0,6929.0,14.38,14.91,15.54,16211.0
2026-03-26,9,13096.0,3.72,7.36,5691.0,3389.0,6725.0,14.12,14.67,15.24,15804.0
2026-03-26,10,14508.0,3.42,6.45,5138.0,3027.0,6011.0,12.06,12.68,13.07,14177.0
2026-03-26,11,14595.0,3.68,6.1,4145.0,2336.0,4699.0,9.17,9.87,10.04,11180.0
2026-03-26,12,15096.0,4.09,6.05,4249.0,2464.0,4940.0,9.29,9.97,10.17,11654.0
2026-03-26,13,15226.0,4.49,5.98,4222.0,2501.0,5002.0,9.29,9.97,10.17,11724.0
2026-03-26,14,13551.0,4.78,7.37,4270.0,2509.0,5039.0,9.35,10.04,10.25,11817.0
2026-03-26,15,13480.0,4.92,7.57,4338.0,2600.0,5207.0,9.36,10.03,10.27,12145.0
2026-03-26,16,13558.0,5.03,7.6,4487.0,2675.0,5364.0,9.83,10.48,10.76,12526.0
2026-03-26,17,13585.0,5.02,7.56,5047.0,3030.0,6065.0,11.97,12.56,12.98,14142.0
2026-03-26,18,13576.0,4.75,7.49,5562.0,3379.0,6730.0,14.07,14.61,15.17,15671.0
2026-03-26,19,13482.0,4.42,7.36,5572.0,3379.0,6728.0,14.07,14.6,15.18,15680.0
2026-03-26,20,13729.0,4.05,7.49,5624.0,3433.0,6826.0,14.2,14.73,15.33,15883.0
2026-03-26,21,13859.0,3.78,7.56,5138.0,3185.0,6317.0,13.06,13.62,14.1,14640.0
2026-03-26,22,13993.0,3.74,7.7,4515.0,2820.0,5576.0,11.01,11.61,11.95,12911.0
2026-03-26,23,13185.0,3.84,8.57,4038.0,2452.0,4876.0,8.97,9.62,9.84,11366.0
2026-03-27,0,9379.0,4.03,4.9,3620.0,1204.0,2883.0,6.17,6.91,6.84,7707.0
2026-03-27,1,10751.0,4.3,5.26,3513.0,1051.0,2605.0,5.96,6.71,6.6,7169.0
2026-03-27,2,11479.0,4.77,7.34,3473.0,1026.0,2535.0,5.97,6.71,6.6,7035.0
2026-03-27,3,8184.0,5.1,9.2,3528.0,1044.0,2604.0,6.18,6.93,6.83,7176.0
2026-03-27,4,10231.0,5.11,7.02,3954.0,2266.0,4497.0,8.61,9.22,9.42,10716.0
2026-03-27,5,11444.0,4.84,8.13,4603.0,2994.0,5818.0,11.74,12.29,12.68,13414.0
2026-03-27,6,11760.0,4.48,8.34,5272.0,3330.0,6518.0,13.75,14.29,14.81,15121.0
2026-03-27,7,13375.0,3.98,6.9,5746.0,3551.0,6990.0,14.35,14.86,15.51,16287.0
2026-03-27,8,15010.0,3.61,5.77,5837.0,3674.0,6926.0,14.72,15.23,15.91,16438.0
2026-03-27,9,15110.0,3.38,6.07,5575.0,3526.0,6645.0,14.35,14.9,15.49,15746.0
2026-03-27,10,14381.0,3.27,6.9,4893.0,3051.0,5781.0,11.87,12.48,12.9,13725.0
2026-03-27,11,13580.0,3.45,8.03,3984.0,2374.0,4524.0,9.02,9.72,9.87,10882.0
2026-03-27,12,14513.0,3.74,7.38,4072.0,2535.0,4778.0,9.22,9.91,10.09,11385.0
2026-03-27,13,15533.0,4.13,6.63,4151.0,2661.0,4960.0,9.45,10.12,10.34,11773.0
2026-03-27,14,15805.0,4.57,6.67,4108.0,2644.0,4911.0,9.46,10.13,10.34,11663.0
2026-03-27,15,15872.0,5.03,6.71,4207.0,2750.0,5081.0,9.47,10.12,10.37,12038.0
2026-03-27,16,13553.0,5.28,7.49,4455.0,2904.0,5379.0,10.14,10.78,11.09,12737.0
2026-03-27,17,13293.0,5.2,7.32,5144.0,3266.0,6092.0,12.44,13.01,13.49,14502.0
2026-03-27,18,13178.0,4.84,7.18,5685.0,3602.0,6720.0,14.49,15.01,15.65,16006.0
2026-03-27,19,13003.0,4.41,7.04,5707.0,3556.0,6665.0,14.42,14.94,15.58,15928.0
2026-03-27,20,12774.0,3.96,6.85,5662.0,3495.0,6743.0,14.29,14.81,15.44,15900.0
2026-03-27,21,12303.0,3.54,6.54,5241.0,3248.0,6314.0,12.95,13.51,14.02,14803.0
2026-03-27,22,12334.0,3.27,6.55,4598.0,2884.0,5590.0,11.06,11.66,12.02,13072.0
2026-03-27,23,12588.0,3.24,5.96,4085.0,2365.0,4671.0,8.66,9.32,9.54,11121.0
2026-03-28,0,9301.0,3.46,4.13,3613.0,1095.0,2659.0,5.61,6.35,6.26,7367.0
2026-03-28,1,9441.0,3.68,4.06,3710.0,1119.0,2682.0,5.86,6.61,6.57,7511.0
2026-03-28,2,9720.0,3.92,4.12,3605.0,1045.0,2605.0,5.86,6.61,6.53,7255.0
2026-03-28,3,9970.0,4.22,4.14,3520.0,1010.0,2555.0,5.87,6.61,6.52,7086.0
2026-03-28,4,13110.0,4.66,4.89,3916.0,1569.0,3507.0,7.1,7.78,7.83,8992.0
2026-03-28,5,17375.0,5.1,7.01,4565.0,2888.0,5701.0,11.02,11.57,11.96,13154.0
2026-03-28,6,14784.0,5.37,10.02,5047.0,3106.0,6112.0,12.84,13.41,13.85,14264.0
2026-03-28,7,13660.0,5.22,9.06,5516.0,3404.0,6706.0,13.92,14.46,15.02,15626.0
2026-03-28,8,13081.0,4.81,8.65,5698.0,3476.0,6855.0,14.21,14.75,15.34,16030.0
2026-03-28,9,12845.0,4.36,8.59,5665.0,3466.0,6851.0,14.19,14.73,15.32,15983.0
2026-03-28,10,12815.0,3.93,8.75,5388.0,3290.0,6485.0,13.3,13.87,14.37,15162.0
2026-03-28,11,12766.0,3.7,8.8,4703.0,2969.0,5021.0,10.85,11.6,11.67,12693.0
2026-03-28,12,12797.0,3.78,8.68,4190.0,2393.0,4707.0,9.06,9.76,9.92,11291.0
2026-03-28,13,12963.0,3.94,8.69,4204.0,2400.0,4762.0,9.03,9.73,9.89,11366.0
2026-03-28,14,13385.0,4.11,7.22,4246.0,2455.0,4873.0,9.07,9.76,9.94,11574.0
2026-03-28,15,13576.0,4.29,6.95,4320.0,2541.0,5087.0,9.3,9.97,10.21,11948.0
2026-03-28,16,13599.0,4.42,6.91,4614.0,2733.0,5474.0,9.97,10.6,10.9,12821.0
2026-03-28,17,13581.0,4.37,6.85,5220.0,3120.0,6224.0,12.23,12.81,13.26,14564.0
2026-03-28,18,13453.0,4.06,6.71,5649.0,3386.0,6747.0,14.06,14.6,15.17,15782.0
2026-03-28,19,13300.0,3.71,6.6,5565.0,3307.0,6625.0,13.93,14.47,15.02,15498.0
2026-03-28,20,13246.0,3.36,6.54,5555.0,3314.0,6635.0,13.89,14.43,14.99,15504.0
2026-03-28,21,13988.0,3.11,6.93,5148.0,3090.0,6189.0,12.95,13.52,13.99,14428.0
2026-03-28,22,14034.0,3.11,6.97,4560.0,2785.0,5559.0,11.05,11.65,12.0,12903.0
2026-03-28,23,14362.0,3.27,7.12,4121.0,2473.0,4960.0,9.07,9.71,9.94,11555.0
2026-03-29,0,9951.0,3.6,4.76,3702.0,1111.0,2782.0,5.97,6.72,6.63,7595.0
2026-03-29,1,9664.0,3.81,4.48,3646.0,1041.0,2718.0,5.94,6.68,6.6,7405.0
2026-03-29,2,9935.0,4.08,4.58,3540.0,996.0,2612.0,5.84,6.58,6.49,7148.0
2026-03-29,3,10686.0,4.44,4.46,3493.0,1002.0,2517.0,5.77,6.51,6.43,7013.0
2026-03-29,4,12976.0,4.93,5.86,3716.0,1467.0,3226.0,6.92,7.64,7.62,8409.0
2026-03-29,5,14657.0,5.29,8.14,4338.0,2848.0,5363.0,10.77,11.37,11.69,12548.0
2026-03-29,6,14854.0,5.41,8.62,4971.0,3139.0,5934.0,13.02,13.58,14.03,14044.0
2026-03-29,7,13376.0,5.25,7.92,5454.0,3418.0,6439.0,14.05,14.59,15.15,15311.0
2026-03-29,8,13258.0,4.9,8.06,5556.0,3501.0,6600.0,14.2,14.74,15.33,15657.0
2026-03-29,9,12648.0,4.47,7.55,5612.0,3519.0,6626.0,14.32,14.86,15.46,15757.0
2026-03-29,10,12696.0,4.04,7.57,5338.0,3338.0,6296.0,13.33,13.9,14.43,14972.0
2026-03-29,11,13009.0,3.8,7.27,4646.0,2925.0,5156.0,11.0,11.65,11.87,12727.0
2026-03-29,12,13587.0,3.94,6.81,4162.0,2475.0,4728.0,9.25,9.93,10.14,11365.0
2026-03-29,13,13680.0,4.16,6.85,4088.0,2510.0,4777.0,9.24,9.92,10.14,11375.0
2026-03-29,14,13782.0,4.4,7.0,4056.0,2549.0,4825.0,9.24,9.92,10.13,11430.0
2026-03-29,15,13094.0,4.57,7.4,4222.0,2663.0,5026.0,9.23,9.9,10.16,11911.0
2026-03-29,16,13083.0,4.61,7.37,4516.0,2864.0,5377.0,10.1,10.73,11.05,12757.0
2026-03-29,17,13141.0,4.49,7.34,5172.0,3280.0,6150.0,12.52,13.09,13.59,14602.0
2026-03-29,18,13368.0,4.12,6.98,5593.0,3576.0,6692.0,14.43,14.96,15.58,15861.0
2026-03-29,19,13255.0,3.74,6.87,5555.0,3531.0,6583.0,14.19,14.72,15.33,15668.0
2026-03-29,20,13924.0,3.4,7.27,5598.0,3546.0,6623.0,14.31,14.83,15.46,15767.0
2026-03-29,21,13976.0,3.17,7.26,5110.0,3260.0,6078.0,12.96,13.51,14.02,14448.0
2026-03-29,22,13321.0,3.14,6.81,4569.0,2972.0,5529.0,11.02,11.61,11.99,13069.0
2026-03-29,23,12526.0,3.12,5.72,4011.0,2373.0,4476.0,8.59,9.25,9.46,10860.0
2026-03-30,0,11277.0,3.45,5.12,3636.0,1181.0,2647.0,5.84,6.61,6.6,7463.0
2026-03-30,1,11196.0,3.91,5.06,3580.0,1159.0,2607.0,5.97,6.73,6.71,7346.0
2026-03-30,2,11762.0,4.38,5.3,3659.0,1173.0,2625.0,6.16,6.93,6.92,7457.0
2026-03-30,3,12807.0,4.94,5.76,3666.0,1210.0,2695.0,6.39,7.15,7.15,7572.0
2026-03-30,4,12365.0,5.46,5.96,4069.0,2134.0,4155.0,8.3,8.97,9.14,10358.0
2026-03-30,5,12261.0,5.37,5.89,4981.0,3198.0,5937.0,12.23,12.79,13.24,14116.0
2026-03-30,6,13195.0,5.02,6.5,5437.0,3426.0,6414.0,14.02,14.54,15.11,15278.0
2026-03-30,7,13155.0,4.63,6.78,5823.0,3647.0,6868.0,14.6,15.11,15.78,16338.0
2026-03-30,8,13348.0,4.16,7.1,5866.0,3649.0,6895.0,14.75,15.26,15.93,16410.0
2026-03-30,9,13405.0,3.73,6.89,5753.0,3528.0,6668.0,14.39,14.94,15.54,15949.0
2026-03-30,10,13273.0,3.42,6.89,5030.0,3073.0,5830.0,11.96,12.56,12.98,13932.0
2026-03-30,11,13361.0,3.49,6.93,4097.0,2380.0,4537.0,9.05,9.73,9.89,11014.0
2026-03-30,12,14193.0,3.77,6.34,4184.0,2490.0,4725.0,9.16,9.85,10.03,11399.0
2026-03-30,13,14531.0,4.07,6.45,4276.0,2579.0,4905.0,9.35,10.02,10.23,11760.0
2026-03-30,14,14205.0,4.32,6.25,4323.0,2663.0,5047.0,9.33,9.99,10.23,12033.0
2026-03-30,15,14789.0,4.6,6.46,4384.0,2658.0,5109.0,9.34,10.0,10.23,12151.0
2026-03-30,16,14864.0,4.88,6.46,4546.0,2728.0,5411.0,9.97,10.61,10.9,12684.0
2026-03-30,17,14768.0,5.01,6.5,5249.0,3145.0,6243.0,12.4,12.98,13.45,14637.0
2026-03-30,18,14075.0,4.8,6.8,5721.0,3443.0,6836.0,14.19,14.72,15.31,16000.0
2026-03-30,19,14324.0,4.51,6.87,5704.0,3368.0,6722.0,14.14,14.67,15.26,15794.0
2026-03-30,20,13852.0,4.24,6.59,5692.0,3381.0,6750.0,14.08,14.62,15.2,15824.0
2026-03-30,21,13758.0,3.98,6.53,5262.0,3175.0,6344.0,13.04,13.59,14.08,14781.0
2026-03-30,22,13807.0,3.89,6.54,4704.0,2839.0,5659.0,11.15,11.75,12.1,13202.0
2026-03-30,23,12041.0,3.95,7.99,4020.0,2344.0,4719.0,8.82,9.47,9.67,11083.0
2026-03-31,0,8922.0,4.07,4.75,3786.0,1076.0,2769.0,5.95,6.69,6.61,7631.0
2026-03-31,1,9599.0,4.21,4.71,3725.0,1019.0,2683.0,5.95,6.69,6.6,7427.0
2026-03-31,2,11795.0,4.62,5.67,3597.0,978.0,2577.0,5.95,6.7,6.6,7152.0
2026-03-31,3,10529.0,5.13,6.09,3587.0,1014.0,2599.0,6.13,6.88,6.77,7200.0
2026-03-31,4,8540.0,5.18,5.64,4003.0,2111.0,4395.0,8.36,9.01,9.07,10510.0
2026-03-31,5,9879.0,4.72,5.94,4785.0,3036.0,6027.0,12.01,12.57,12.94,13847.0
2026-03-31,6,12653.0,4.19,5.86,5399.0,3322.0,6602.0,13.9,14.43,14.98,15323.0
2026-03-31,7,15021.0,3.9,5.54,5696.0,3515.0,6975.0,14.32,14.84,15.47,16186.0
2026-03-31,8,16144.0,3.7,6.2,5695.0,3506.0,6951.0,14.36,14.89,15.5,16152.0
2026-03-31,9,16522.0,3.68,6.59,5603.0,3402.0,6764.0,14.15,14.71,15.28,15769.0
2026-03-31,10,16398.0,3.76,6.71,4948.0,2980.0,5930.0,11.81,12.42,12.82,13858.0
2026-03-31,11,14656.0,4.16,8.3,3999.0,2322.0,4642.0,9.06,9.76,9.91,10963.0
2026-03-31,12,14670.0,4.55,8.54,4066.0,2424.0,4796.0,9.08,9.78,9.95,11287.0
2026-03-31,13,13814.0,4.92,8.16,4093.0,2468.0,4868.0,9.13,9.82,10.01,11429.0
2026-03-31,14,13388.0,5.06,8.04,4155.0,2589.0,5080.0,9.13,9.81,10.03,11824.0
2026-03-31,15,13571.0,5.19,8.66,4130.0,2617.0,5122.0,9.21,9.88,10.1,11869.0
2026-03-31,16,13911.0,5.36,9.01,4295.0,2713.0,5311.0,9.81,10.46,10.72,12319.0
2026-03-31,17,13862.0,5.4,8.96,4944.0,3088.0,6076.0,12.09,12.68,13.11,14108.0
2026-03-31,18,13667.0,5.17,8.96,5436.0,3405.0,6665.0,14.03,14.58,15.13,15505.0
2026-03-31,19,13072.0,4.83,8.52,5417.0,3387.0,6621.0,13.96,14.51,15.05,15425.0
2026-03-31,20,12533.0,4.4,8.03,5523.0,3437.0,6764.0,14.02,14.56,15.15,15724.0
2026-03-31,21,12290.0,3.94,7.82,5123.0,3232.0,6323.0,12.96,13.52,14.03,14678.0
2026-03-31,22,12268.0,3.69,7.76,4425.0,2844.0,5552.0,10.89,11.49,11.84,12822.0
2026-03-31,23,12487.0,3.65,6.96,3881.0,2286.0,4531.0,8.5,9.16,9.36,10698.0
2026-04-01,0,9084.0,3.85,4.58,3716.0,1188.0,2829.0,5.94,6.71,6.71,7733.0
2026-04-01,1,9462.0,4.01,4.46,3580.0,1150.0,2718.0,5.95,6.73,6.71,7448.0
2026-04-01,2,9716.0,4.23,4.25,3575.0,1115.0,2659.0,6.1,6.87,6.85,7349.0
2026-04-01,3,10280.0,4.53,4.03,3628.0,1121.0,2678.0,6.23,7.0,6.99,7428.0
2026-04-01,4,10612.0,4.69,4.12,3964.0,2256.0,4474.0,8.43,9.09,9.28,10694.0
2026-04-01,5,14562.0,4.62,5.36,4651.0,3100.0,5940.0,11.72,12.3,12.7,13691.0
2026-04-01,6,17302.0,4.78,6.38,5327.0,3390.0,6550.0,13.84,14.38,14.92,15268.0
2026-04-01,7,16385.0,4.86,6.08,5798.0,3608.0,7015.0,14.38,14.9,15.53,16422.0
2026-04-01,8,14440.0,4.64,6.34,5854.0,3572.0,6961.0,14.4,14.94,15.56,16387.0
2026-04-01,9,14288.0,4.33,7.03,5665.0,3497.0,6796.0,14.32,14.87,15.43,15958.0
2026-04-01,10,14182.0,4.15,7.15,4871.0,2953.0,5776.0,11.6,12.23,12.58,13600.0
2026-04-01,11,13674.0,4.37,7.59,4069.0,2377.0,4672.0,9.06,9.77,9.91,11118.0
2026-04-01,12,13477.0,4.61,7.68,4141.0,2465.0,4845.0,9.13,9.82,10.0,11452.0
2026-04-01,13,13316.0,4.78,7.52,4192.0,2512.0,4945.0,9.18,9.87,10.07,11649.0
2026-04-01,14,13063.0,4.95,7.34,4174.0,2493.0,4934.0,9.24,9.93,10.13,11602.0
2026-04-01,15,12951.0,5.04,7.2,4240.0,2579.0,5122.0,9.24,9.91,10.13,11941.0
2026-04-01,16,12811.0,5.07,7.12,4450.0,2712.0,5368.0,9.94,10.59,10.87,12530.0
2026-04-01,17,12917.0,4.96,7.12,5167.0,3130.0,6208.0,12.26,12.85,13.3,14504.0
2026-04-01,18,12791.0,4.55,6.96,5816.0,3486.0,6927.0,14.37,14.9,15.52,16229.0
2026-04-01,19,12630.0,4.05,6.81,5732.0,3469.0,6877.0,14.39,14.92,15.53,16077.0
2026-04-01,20,12439.0,3.54,6.68,5813.0,3476.0,6900.0,14.38,14.91,15.54,16188.0
2026-04-01,21,13006.0,3.11,6.47,5330.0,3192.0,6325.0,12.93,13.49,13.99,14846.0
2026-04-01,22,13166.0,2.93,6.34,4747.0,2846.0,5639.0,11.05,11.66,12.02,13233.0
2026-04-01,23,13622.0,3.04,6.22,4113.0,2201.0,4473.0,8.5,9.16,9.34,10787.0
2026-04-02,0,9955.0,3.41,4.37,3825.0,1074.0,2735.0,5.82,6.57,6.49,7633.0
2026-04-02,1,10916.0,3.68,4.59,3697.0,1005.0,2607.0,5.84,6.6,6.5,7309.0
2026-04-02,2,11716.0,4.22,4.84,3679.0,1014.0,2599.0,5.92,6.67,6.57,7293.0
2026-04-02,3,11824.0,4.71,4.72,3794.0,1066.0,2690.0,6.26,7.01,6.9,7549.0
2026-04-02,4,12235.0,5.08,4.59,4186.0,2203.0,4556.0,8.58,9.19,9.37,10945.0
2026-04-02,5,13363.0,4.99,4.98,4927.0,3070.0,6095.0,12.0,12.55,12.98,14092.0
2026-04-02,6,14244.0,4.87,7.04,5507.0,3282.0,6546.0,13.87,14.41,14.95,15335.0
2026-04-02,7,12981.0,4.5,6.98,5844.0,3487.0,6963.0,14.36,14.89,15.51,16294.0
2026-04-02,8,13476.0,4.01,7.48,5810.0,3463.0,6920.0,14.42,14.96,15.57,16193.0
2026-04-02,9,14155.0,3.68,8.24,5675.0,3405.0,6805.0,14.21,14.76,15.33,15885.0
2026-04-02,10,14195.0,3.47,8.32,4839.0,2913.0,5825.0,11.6,12.23,12.57,13577.0
2026-04-02,11,14331.0,3.71,8.46,3986.0,2301.0,4651.0,9.06,9.77,9.91,10938.0
2026-04-02,12,14366.0,4.09,8.31,4088.0,2426.0,4870.0,9.14,9.84,10.01,11383.0
2026-04-02,13,14395.0,4.37,7.0,4158.0,2510.0,4994.0,9.24,9.93,10.13,11662.0
2026-04-02,14,14556.0,4.67,6.99,4151.0,2541.0,5035.0,9.24,9.92,10.12,11728.0
2026-04-02,15,14666.0,4.96,7.03,4213.0,2623.0,5164.0,9.24,9.9,10.13,12000.0
2026-04-02,16,14861.0,5.21,7.13,4503.0,2778.0,5456.0,9.94,10.59,10.88,12738.0
2026-04-02,17,14618.0,5.34,7.63,5063.0,3131.0,6145.0,12.2,12.79,13.23,14339.0
2026-04-02,18,14113.0,5.16,7.85,5514.0,3425.0,6715.0,14.0,14.55,15.11,15654.0
2026-04-02,19,13395.0,4.87,8.23,5502.0,3381.0,6636.0,13.99,14.54,15.09,15519.0
2026-04-02,20,13084.0,4.5,8.47,5488.0,3374.0,6636.0,13.99,14.54,15.09,15498.0
2026-04-02,21,12430.0,4.13,7.96,5126.0,3186.0,6256.0,12.87,13.44,13.91,14569.0
2026-04-02,22,3422.0,3.87,10.01,3925.0,2160.0,3851.0,8.44,9.27,9.33,9936.0
2026-04-02,23,18.0,3.89,11.11,3801.0,1989.0,3282.0,7.02,7.98,7.91,9073.0
2026-04-03,0,936.0,3.98,7.81,3295.0,1357.0,2237.0,5.1,6.01,5.88,6890.0
2026-04-03,1,997.0,4.13,7.1,3197.0,1217.0,1994.0,4.74,5.62,5.48,6408.0
2026-04-03,2,1103.0,4.29,8.13,3373.0,1312.0,2152.0,5.48,6.39,6.26,6836.0
2026-04-03,3,1206.0,4.47,9.16,3593.0,1449.0,2385.0,6.2,7.14,7.01,7428.0
2026-04-03,4,7812.0,4.65,6.64,3801.0,1820.0,3463.0,7.25,7.98,8.07,9085.0
2026-04-03,5,14203.0,4.7,5.25,4832.0,3081.0,6074.0,12.11,12.65,13.09,13987.0
2026-04-03,6,15883.0,4.71,5.85,5391.0,3293.0,6511.0,13.83,14.38,14.91,15195.0
2026-04-03,7,14925.0,4.63,6.5,5715.0,3490.0,6918.0,14.23,14.76,15.39,16124.0
2026-04-03,8,14993.0,4.35,6.25,5961.0,3535.0,7029.0,14.35,14.89,15.53,16525.0
2026-04-03,9,15162.0,4.13,6.09,5853.0,3438.0,6837.0,14.17,14.73,15.31,16128.0
2026-04-03,10,14984.0,4.01,6.2,5193.0,3012.0,6006.0,11.98,12.6,13.0,14211.0
2026-04-03,11,13873.0,4.21,6.86,4375.0,2417.0,4853.0,9.25,9.96,10.14,11645.0
2026-04-03,12,13910.0,4.44,6.82,4368.0,2480.0,4966.0,9.24,9.93,10.13,11813.0
2026-04-03,13,14140.0,4.66,6.82,4434.0,2568.0,5117.0,9.32,10.0,10.23,12119.0
2026-04-03,14,14208.0,4.87,6.78,4484.0,2567.0,5157.0,9.4,10.08,10.31,12207.0
2026-04-03,15,14371.0,5.08,6.85,4480.0,2603.0,5218.0,9.33,10.0,10.24,12300.0
2026-04-03,16,14426.0,5.28,6.9,4571.0,2690.0,5397.0,9.85,10.5,10.77,12658.0
2026-04-03,17,13427.0,5.32,7.48,5077.0,3026.0,6047.0,12.01,12.6,13.01,14149.0
2026-04-03,18,13470.0,5.03,7.37,5658.0,3387.0,6762.0,14.12,14.66,15.23,15806.0
2026-04-03,19,13579.0,4.69,7.38,5552.0,3328.0,6608.0,13.95,14.5,15.04,15487.0
2026-04-03,20,13505.0,4.39,7.32,5587.0,3384.0,6486.0,14.02,14.56,15.12,15458.0
2026-04-03,21,13243.0,4.08,7.16,5321.0,3240.0,6219.0,13.25,13.81,14.32,14779.0
2026-04-03,22,13281.0,3.91,7.16,4813.0,2945.0,5646.0,11.45,12.04,12.43,13404.0
2026-04-03,23,13492.0,3.92,7.27,4326.0,2650.0,5077.0,9.44,10.06,10.34,12053.0
2026-04-04,0,9438.0,4.09,4.82,3761.0,1166.0,2832.0,5.95,6.72,6.69,7760.0
2026-04-04,1,10604.0,4.3,4.87,3770.0,1080.0,2728.0,6.05,6.83,6.79,7578.0
2026-04-04,2,9657.0,4.65,6.36,3587.0,1057.0,2533.0,5.94,6.72,6.65,7178.0
2026-04-04,3,9081.0,4.86,6.97,3466.0,1046.0,2408.0,5.84,6.61,6.53,6920.0
2026-04-04,4,9571.0,5.09,7.41,3772.0,1541.0,3299.0,7.01,7.75,7.75,8612.0
2026-04-04,5,9099.0,4.78,6.95,4559.0,2951.0,5577.0,11.02,11.59,11.93,13087.0
2026-04-04,6,12260.0,4.25,7.17,5285.0,3303.0,6238.0,13.28,13.83,14.33,14826.0
2026-04-04,7,15672.0,4.02,5.86,5788.0,3650.0,6853.0,14.52,15.03,15.68,16291.0
2026-04-04,8,15347.0,3.83,5.86,5824.0,3632.0,6847.0,14.39,14.92,15.55,16302.0
2026-04-04,9,15015.0,3.6,6.0,5846.0,3631.0,6858.0,14.56,15.09,15.73,16336.0
2026-04-04,10,14813.0,3.37,6.14,5572.0,3450.0,6523.0,13.64,14.21,14.75,15545.0
2026-04-04,11,14361.0,3.33,6.33,4743.0,2861.0,5449.0,11.08,11.74,12.06,13053.0
2026-04-04,12,13166.0,3.47,6.89,4195.0,2518.0,4799.0,9.31,10.0,10.21,11511.0
2026-04-04,13,12823.0,3.6,6.98,4137.0,2560.0,4848.0,9.33,10.02,10.24,11545.0
2026-04-04,14,12362.0,3.64,6.73,4207.0,2683.0,5040.0,9.43,10.11,10.35,11930.0
2026-04-04,15,12756.0,3.64,6.51,4306.0,2735.0,5144.0,9.39,10.04,10.31,12184.0
2026-04-04,16,12745.0,3.63,6.49,4447.0,2838.0,5304.0,10.02,10.67,10.96,12589.0
2026-04-04,17,13499.0,3.52,6.0,5116.0,3277.0,6119.0,12.39,12.97,13.44,14512.0
2026-04-04,18,13921.0,3.24,5.64,5669.0,3595.0,6693.0,14.31,14.84,15.45,15958.0
2026-04-04,19,14254.0,2.93,5.37,5719.0,3593.0,6707.0,14.38,14.91,15.54,16019.0
2026-04-04,20,16051.0,2.74,6.03,5594.0,3516.0,6558.0,14.14,14.68,15.28,15668.0
2026-04-04,21,16361.0,2.83,6.13,5342.0,3358.0,6263.0,13.44,13.99,14.51,14964.0
2026-04-04,22,16709.0,3.04,6.3,4536.0,3149.0,5777.0,11.57,12.14,12.53,13462.0
2026-04-04,23,15043.0,3.41,7.49,3902.0,2667.0,4891.0,9.05,9.68,9.92,11460.0
2026-04-05,0,11705.0,3.95,6.65,3584.0,1376.0,2890.0,5.98,6.74,6.74,7850.0
2026-04-05,1,9141.0,4.15,4.44,3527.0,1328.0,2821.0,5.95,6.72,6.71,7676.0
2026-04-05,2,9358.0,4.31,4.51,3482.0,1301.0,2754.0,6.01,6.78,6.76,7537.0
2026-04-05,3,10217.0,4.54,4.4,3428.0,1272.0,2730.0,6.02,6.79,6.76,7431.0
2026-04-05,4,13572.0,5.05,5.03,3632.0,1728.0,3443.0,7.06,7.78,7.83,8804.0
2026-04-05,5,14557.0,5.34,5.47,4148.0,3058.0,5580.0,11.02,11.59,11.93,12786.0
2026-04-05,6,16585.0,5.58,8.16,4870.0,3366.0,6221.0,13.3,13.83,14.33,14457.0
2026-04-05,7,14848.0,5.54,10.35,5407.0,3861.0,7115.0,14.55,16.08,16.76,16383.0
2026-04-05,8,13431.0,5.16,9.02,5599.0,4008.0,7405.0,14.91,16.77,17.51,17012.0
2026-04-05,9,12866.0,4.56,8.86,5701.0,4023.0,7454.0,14.94,16.87,17.62,17178.0
2026-04-05,10,14189.0,4.0,7.92,5835.0,3956.0,7393.0,14.6,16.61,17.34,17185.0
2026-04-05,11,14587.0,3.71,7.51,5425.0,3123.0,5989.0,12.08,12.96,13.4,14537.0
2026-04-05,12,14558.0,3.87,7.28,4667.0,2531.0,4929.0,9.47,10.18,10.41,12127.0
2026-04-05,13,14646.0,4.15,7.21,4541.0,2498.0,4839.0,9.37,10.08,10.28,11878.0
2026-04-05,14,14606.0,4.44,7.36,4537.0,2647.0,5060.0,9.37,10.06,10.3,12243.0
2026-04-05,15,13918.0,4.64,6.94,4606.0,2698.0,5162.0,9.5,10.17,10.43,12466.0
2026-04-05,16,14080.0,4.78,6.99,4710.0,2781.0,5314.0,10.12,10.77,11.07,12804.0
2026-04-05,17,14059.0,4.8,6.95,5352.0,3206.0,6124.0,12.43,13.02,13.49,14682.0
2026-04-05,18,13946.0,4.52,6.84,5813.0,3548.0,6744.0,14.46,14.99,15.6,16105.0
2026-04-05,19,13264.0,4.16,6.4,5786.0,3494.0,6688.0,14.46,14.99,15.59,15968.0
2026-04-05,20,12931.0,3.72,6.18,5846.0,3516.0,6735.0,14.46,14.98,15.61,16096.0
2026-04-05,21,12861.0,3.29,6.13,5461.0,3305.0,6336.0,13.55,14.1,14.63,15101.0
2026-04-05,22,12870.0,3.06,6.1,4836.0,2938.0,5634.0,11.47,12.07,12.45,13408.0
2026-04-05,23,13007.0,3.01,6.16,4332.0,2719.0,5181.0,9.61,10.22,10.52,12232.0
2026-04-06,0,9790.0,3.14,4.21,3853.0,1232.0,2914.0,6.02,6.76,6.81,7999.0
2026-04-06,1,9940.0,3.35,4.08,3704.0,1098.0,2700.0,5.91,6.65,6.68,7502.0
2026-04-06,2,12212.0,3.77,4.75,3618.0,1083.0,2641.0,6.03,6.78,6.8,7341.0
2026-04-06,3,10827.0,4.29,4.3,3614.0,1100.0,2630.0,6.09,6.84,6.85,7344.0
2026-04-06,4,9952.0,4.52,3.97,3929.0,1739.0,3687.0,7.4,8.07,8.23,9355.0
2026-04-06,5,15265.0,4.52,5.67,4553.0,3016.0,5673.0,11.19,11.77,12.15,13242.0
2026-04-06,6,16969.0,4.83,6.48,5307.0,3339.0,6328.0,13.48,14.02,14.55,14974.0
2026-04-06,7,14612.0,4.69,6.71,5808.0,3619.0,6856.0,14.59,15.1,15.76,16283.0
2026-04-06,8,15336.0,4.45,7.92,5818.0,3623.0,6868.0,14.55,15.07,15.73,16310.0
2026-04-06,9,15024.0,4.21,8.09,5806.0,3620.0,6847.0,14.56,15.09,15.72,16273.0
2026-04-06,10,14875.0,3.99,8.24,5517.0,3428.0,6473.0,13.46,14.03,14.56,15418.0
2026-04-06,11,14929.0,4.0,8.28,4776.0,2807.0,5357.0,10.83,11.49,11.8,12939.0
2026-04-06,12,14412.0,4.29,8.46,4304.0,2458.0,4736.0,9.14,9.84,10.04,11497.0
2026-04-06,13,14619.0,4.6,8.49,4329.0,2520.0,4831.0,9.19,9.9,10.11,11681.0
2026-04-06,14,14650.0,4.89,8.52,4383.0,2664.0,5052.0,9.2,9.89,10.13,12098.0
2026-04-06,15,13200.0,5.08,7.94,4371.0,2731.0,5163.0,9.36,10.04,10.3,12265.0
2026-04-06,16,12681.0,5.03,7.66,4608.0,2884.0,5616.0,10.19,10.84,11.17,13108.0
2026-04-06,17,12784.0,4.83,7.69,5188.0,3231.0,6339.0,12.36,12.95,13.43,14758.0
2026-04-06,18,13095.0,4.41,7.83,5589.0,3535.0,6894.0,14.26,14.8,15.4,16018.0
2026-04-06,19,12938.0,3.96,7.71,5590.0,3508.0,6845.0,14.19,14.73,15.34,15943.0
2026-04-06,20,12886.0,3.49,7.59,5734.0,3540.0,6919.0,14.24,14.77,15.41,16193.0
2026-04-06,21,12786.0,3.06,7.53,5254.0,3292.0,6390.0,12.94,13.51,14.01,14936.0
2026-04-06,22,13318.0,2.85,7.24,4597.0,3045.0,5837.0,11.06,11.65,12.04,13479.0
2026-04-06,23,12757.0,2.87,6.85,3911.0,2429.0,4723.0,8.67,9.33,9.53,11064.0
2026-04-07,0,9012.0,3.05,4.33,3578.0,1182.0,2804.0,5.84,6.61,6.57,7564.0
2026-04-07,1,9832.0,3.23,4.18,3561.0,1130.0,2715.0,5.84,6.62,6.56,7406.0
2026-04-07,2,10416.0,3.55,4.11,3583.0,1127.0,2707.0,6.03,6.81,6.75,7417.0
2026-04-07,3,10811.0,3.89,4.23,3600.0,1183.0,2809.0,6.31,7.09,7.04,7592.0
2026-04-07,4,13523.0,4.29,5.03,3978.0,2253.0,4490.0,8.37,9.05,9.13,10721.0
2026-04-07,5,15625.0,4.48,5.81,4771.0,3139.0,5871.0,11.91,12.48,12.84,13781.0
2026-04-07,6,15932.0,4.59,5.88,5493.0,3425.0,6514.0,13.95,14.5,15.05,15432.0
2026-04-07,7,15234.0,4.46,5.67,5864.0,3637.0,7086.0,14.5,15.02,15.68,16587.0
2026-04-07,8,14930.0,4.2,5.74,5900.0,3603.0,7053.0,14.4,14.94,15.58,16556.0
2026-04-07,9,14895.0,3.93,6.03,5786.0,3519.0,6902.0,14.34,14.9,15.47,16207.0
2026-04-07,10,15734.0,3.86,6.56,4965.0,3004.0,5908.0,11.71,12.34,12.7,13877.0
2026-04-07,11,14503.0,4.22,8.27,4034.0,2362.0,4698.0,9.11,9.82,9.97,11094.0
2026-04-07,12,13579.0,4.49,9.39,4145.0,2459.0,4888.0,9.12,9.82,9.99,11492.0
2026-04-07,13,13738.0,4.69,9.46,4264.0,2531.0,5025.0,9.18,9.88,10.08,11819.0
2026-04-07,14,13892.0,4.9,9.63,4278.0,2530.0,5022.0,9.19,9.89,10.08,11830.0
2026-04-07,15,11945.0,4.96,9.92,4465.0,2679.0,5307.0,9.45,10.13,10.38,12451.0
2026-04-07,16,14291.0,4.89,8.09,4744.0,2837.0,5602.0,10.24,10.89,11.2,13183.0
2026-04-07,17,15225.0,5.03,6.84,5174.0,3063.0,5942.0,11.38,12.01,12.36,14179.0
2026-04-07,18,16655.0,5.04,6.6,5893.0,3552.0,6856.0,14.22,14.77,15.32,16301.0
2026-04-07,19,17273.0,5.1,6.59,5857.0,3468.0,6875.0,14.29,14.83,15.41,16200.0
2026-04-07,20,17866.0,5.21,6.87,5875.0,3481.0,6927.0,14.28,14.81,15.42,16282.0
2026-04-07,21,15864.0,5.29,8.02,5496.0,3285.0,6542.0,13.2,13.76,14.29,15323.0
2026-04-07,22,14758.0,5.35,9.05,4752.0,2877.0,5717.0,11.14,11.74,12.11,13345.0
2026-04-07,23,12122.0,5.43,11.27,4175.0,2332.0,4746.0,8.68,9.35,9.55,11253.0
2026-04-08,0,6374.0,5.38,5.13,3819.0,1082.0,2760.0,5.9,6.67,6.65,7661.0
2026-04-08,1,6754.0,5.2,4.39,3787.0,1061.0,2741.0,5.97,6.74,6.72,7589.0
2026-04-08,2,8431.0,5.14,5.51,3789.0,1059.0,2737.0,6.16,6.94,6.91,7585.0
2026-04-08,3,8739.0,5.23,6.74,3738.0,1118.0,2801.0,6.36,7.13,7.12,7656.0
2026-04-08,4,8910.0,5.21,6.84,4094.0,2247.0,4579.0,8.54,9.21,9.39,10920.0
2026-04-08,5,9844.0,4.68,6.11,4846.0,3054.0,6039.0,11.87,12.45,12.86,13939.0
2026-04-08,6,14547.0,4.29,5.4,5592.0,3455.0,6661.0,14.26,14.78,15.38,15708.0
2026-04-08,7,14553.0,4.0,5.44,5952.0,3702.0,7067.0,14.77,15.28,15.97,16720.0
2026-04-08,8,14564.0,3.62,5.63,6049.0,3737.0,7124.0,15.03,15.55,16.26,16910.0
2026-04-08,9,14417.0,3.24,5.87,5868.0,3619.0,6878.0,14.73,15.27,15.91,16365.0
2026-04-08,10,14505.0,3.02,7.42,5027.0,3062.0,5842.0,11.85,12.48,12.88,13931.0
2026-04-08,11,15156.0,3.26,9.16,4130.0,2547.0,4824.0,9.14,9.83,10.02,11501.0
2026-04-08,12,15624.0,3.73,9.38,4083.0,2563.0,4848.0,9.32,10.02,10.21,11493.0
2026-04-08,13,14486.0,4.07,7.69,4098.0,2613.0,4901.0,9.32,10.02,10.22,11612.0
2026-04-08,14,15742.0,4.48,6.77,4147.0,2653.0,4972.0,9.33,10.01,10.23,11773.0
2026-04-08,15,15855.0,4.92,6.76,4298.0,2691.0,5068.0,9.33,10.0,10.24,12057.0
2026-04-08,16,15234.0,5.27,7.35,4629.0,2876.0,5437.0,10.21,10.85,11.17,12942.0
2026-04-08,17,14574.0,5.35,7.68,5178.0,3253.0,6150.0,12.47,13.05,13.55,14581.0
2026-04-08,18,14456.0,5.15,7.44,5644.0,3491.0,6864.0,14.22,14.77,15.38,15999.0
2026-04-08,19,13893.0,4.85,7.68,5573.0,3460.0,6820.0,14.17,14.71,15.32,15852.0
2026-04-08,20,13416.0,4.49,7.35,5599.0,3512.0,6874.0,14.24,14.78,15.39,15985.0
2026-04-08,21,13146.0,4.12,7.15,5255.0,3301.0,6451.0,13.05,13.61,14.13,15007.0
2026-04-08,22,13159.0,3.91,7.14,4653.0,3030.0,5867.0,11.19,11.79,12.18,13550.0
2026-04-08,23,13500.0,3.95,7.32,4040.0,2390.0,4712.0,8.61,9.27,9.48,11142.0
2026-04-09,0,9166.0,4.15,4.72,3756.0,1199.0,2875.0,5.85,6.6,6.64,7831.0
2026-04-09,1,10071.0,4.3,4.96,3707.0,1185.0,2867.0,5.94,6.69,6.73,7759.0
2026-04-09,2,10048.0,4.32,4.97,3666.0,1190.0,2874.0,5.94,6.7,6.74,7730.0
2026-04-09,3,10079.0,4.65,4.81,3662.0,1199.0,2871.0,6.12,6.87,6.91,7732.0
2026-04-09,4,10870.0,5.21,4.26,4140.0,2308.0,4642.0,8.65,9.25,9.53,11090.0
2026-04-09,5,11218.0,4.89,4.3,4866.0,3172.0,6154.0,12.08,12.6,13.08,14193.0
2026-04-09,6,14156.0,4.5,5.23,5572.0,3522.0,6820.0,14.18,14.72,15.31,15915.0
2026-04-09,7,14765.0,4.22,5.5,5934.0,3686.0,7182.0,14.53,15.04,15.71,16802.0
2026-04-09,8,15787.0,3.92,6.06,5957.0,3682.0,7167.0,14.62,15.15,15.81,16806.0
2026-04-09,9,16218.0,3.79,6.42,5791.0,3572.0,6973.0,14.44,14.99,15.6,16335.0
2026-04-09,10,14978.0,3.77,7.38,4998.0,3037.0,5924.0,11.8,12.43,12.8,13959.0
2026-04-09,11,14527.0,4.0,7.96,4124.0,2424.0,4768.0,9.16,9.87,10.04,11316.0
2026-04-09,12,14672.0,4.36,7.84,4150.0,2480.0,4901.0,9.14,9.83,10.02,11531.0
2026-04-09,13,14458.0,4.68,8.97,4236.0,2602.0,5125.0,9.3,9.98,10.21,11962.0
2026-04-09,14,13119.0,4.84,8.82,4241.0,2597.0,5143.0,9.33,10.0,10.24,11981.0
2026-04-09,15,13830.0,4.96,9.43,4377.0,2662.0,5266.0,9.35,10.02,10.27,12306.0
2026-04-09,16,13983.0,5.08,9.52,4549.0,2750.0,5440.0,10.03,10.68,10.97,12740.0
2026-04-09,17,14075.0,5.11,9.59,5260.0,3176.0,6277.0,12.44,13.02,13.49,14713.0
2026-04-09,18,13810.0,4.81,9.28,5751.0,3477.0,6878.0,14.24,14.78,15.38,16107.0
2026-04-09,19,13523.0,4.47,8.95,5759.0,3423.0,6779.0,14.07,14.62,15.21,15961.0
2026-04-09,20,13186.0,4.06,8.63,5807.0,3449.0,6835.0,14.14,14.67,15.28,16091.0
2026-04-09,21,13286.0,3.69,8.69,5406.0,3209.0,6373.0,12.94,13.51,14.01,14988.0
2026-04-09,22,13419.0,3.53,8.77,4790.0,2887.0,5716.0,11.11,11.71,12.08,13394.0
2026-04-09,23,14107.0,3.62,9.46,4169.0,2327.0,4693.0,8.63,9.29,9.49,11188.0
2026-04-10,0,12734.0,4.22,8.31,3727.0,1108.0,2806.0,5.88,6.65,6.6,7642.0
2026-04-10,1,11687.0,4.7,7.3,3712.0,1072.0,2753.0,6.07,6.84,6.78,7537.0
2026-04-10,2,11255.0,5.2,8.21,3695.0,1069.0,2638.0,6.07,6.86,6.78,7402.0
2026-04-10,3,9075.0,5.47,12.87,3660.0,1207.0,2840.0,6.47,7.24,7.17,7707.0
2026-04-10,4,10168.0,5.47,8.98,4097.0,2262.0,4642.0,8.64,9.31,9.47,11000.0
2026-04-10,5,14110.0,5.36,6.78,4809.0,2986.0,5929.0,11.85,12.43,12.83,13725.0
2026-04-10,6,14896.0,5.34,8.14,5479.0,3297.0,6580.0,13.89,14.44,14.97,15355.0
2026-04-10,7,14174.0,5.08,7.8,5786.0,3520.0,7007.0,14.35,14.88,15.51,16313.0
2026-04-10,8,13970.0,4.7,7.79,5847.0,3528.0,7045.0,14.45,14.99,15.62,16420.0
2026-04-10,9,14445.0,4.33,7.18,5737.0,3468.0,6905.0,14.35,14.9,15.49,16110.0
2026-04-10,10,14701.0,4.18,6.68,4951.0,2992.0,5973.0,11.74,12.36,12.74,13915.0
2026-04-10,11,14125.0,4.37,7.04,4130.0,2386.0,4821.0,9.22,9.93,10.11,11337.0
2026-04-10,12,14029.0,4.65,7.06,4205.0,2490.0,4984.0,9.24,9.93,10.14,11678.0
2026-04-10,13,13711.0,4.85,7.42,4202.0,2553.0,5089.0,9.24,9.92,10.15,11843.0
2026-04-10,14,13811.0,5.03,7.48,4288.0,2613.0,5187.0,9.26,9.94,10.18,12089.0
2026-04-10,15,13677.0,5.16,7.37,4462.0,2752.0,5417.0,9.64,10.3,10.59,12632.0
2026-04-10,16,12464.0,5.19,6.75,4593.0,2839.0,5588.0,10.11,10.76,11.08,13019.0
2026-04-10,17,13378.0,4.97,7.02,5250.0,3241.0,6368.0,12.48,13.07,13.55,14859.0
2026-04-10,18,13609.0,4.62,6.63,5661.0,3493.0,6878.0,14.22,14.76,15.37,16032.0
2026-04-10,19,13445.0,4.25,6.45,5552.0,3440.0,6769.0,14.13,14.67,15.25,15760.0
2026-04-10,20,14140.0,3.91,5.76,5562.0,3471.0,6823.0,14.23,14.76,15.36,15856.0
2026-04-10,21,13692.0,3.64,5.54,5210.0,3287.0,6442.0,13.22,13.78,14.3,14939.0
2026-04-10,22,13532.0,3.46,5.47,4788.0,3112.0,6070.0,11.57,12.15,12.56,13970.0
2026-04-10,23,13625.0,3.49,5.5,3812.0,2598.0,5011.0,9.09,9.72,9.95,11421.0
2026-04-11,0,11038.0,3.78,4.89,3563.0,1328.0,3013.0,6.11,6.88,6.88,7903.0
2026-04-11,1,11017.0,4.17,5.59,3460.0,1171.0,2779.0,5.85,6.62,6.6,7410.0
2026-04-11,2,8290.0,4.43,4.59,3318.0,1140.0,2679.0,5.81,6.57,6.53,7137.0
2026-04-11,3,9150.0,4.54,4.79,3330.0,1136.0,2662.0,5.93,6.71,6.66,7128.0
2026-04-11,4,11435.0,4.86,4.42,3552.0,1791.0,3694.0,7.34,8.05,8.13,9037.0
2026-04-11,5,13679.0,4.93,5.06,4347.0,3027.0,5775.0,11.1,11.69,12.05,13148.0
2026-04-11,6,15792.0,4.96,5.84,5088.0,3278.0,6333.0,13.2,13.77,14.26,14699.0
2026-04-11,7,15206.0,4.92,6.55,5548.0,3545.0,6870.0,14.23,14.76,15.36,15963.0
2026-04-11,8,14594.0,4.7,6.88,5671.0,3574.0,6925.0,14.27,14.81,15.41,16169.0
2026-04-11,9,14281.0,4.4,7.14,5679.0,3589.0,6950.0,14.3,14.86,15.44,16217.0
2026-04-11,10,14147.0,4.05,7.3,5578.0,3448.0,6703.0,13.59,14.17,14.69,15730.0
2026-04-11,11,16183.0,4.05,6.93,4948.0,2947.0,5778.0,11.45,12.11,12.44,13672.0
2026-04-11,12,15942.0,4.47,7.4,4420.0,2616.0,5096.0,9.63,10.32,10.52,12132.0
2026-04-11,13,13519.0,4.73,9.35,4359.0,2637.0,5110.0,9.52,10.22,10.43,12106.0
2026-04-11,14,14284.0,4.9,9.98,4355.0,2713.0,5241.0,9.53,10.21,10.44,12309.0
2026-04-11,15,14486.0,5.1,10.09,4437.0,2746.0,5325.0,9.54,10.21,10.46,12508.0
2026-04-11,16,12862.0,5.18,8.64,4677.0,2832.0,5580.0,10.13,10.78,11.09,13089.0
2026-04-11,17,12320.0,4.97,8.14,5201.0,3145.0,6210.0,12.19,12.79,13.22,14556.0
2026-04-11,18,13649.0,4.56,5.95,5709.0,3480.0,6855.0,14.26,14.81,15.38,16044.0
2026-04-11,19,14084.0,4.27,5.35,5576.0,3407.0,6712.0,14.14,14.69,15.24,15695.0
2026-04-11,20,14010.0,4.0,5.29,5611.0,3408.0,6720.0,14.09,14.63,15.19,15738.0
2026-04-11,21,13938.0,3.76,5.23,5300.0,3190.0,6320.0,13.1,13.67,14.16,14810.0
2026-04-11,22,13996.0,3.7,5.24,4717.0,2843.0,5623.0,11.18,11.8,12.12,13183.0
2026-04-11,23,13958.0,3.85,5.91,4165.0,2481.0,4929.0,9.07,9.72,9.95,11575.0
2026-04-12,0,9208.0,4.06,4.55,3842.0,1218.0,2906.0,5.94,6.69,6.71,7966.0
2026-04-12,1,9813.0,4.25,4.58,3841.0,1103.0,2751.0,5.96,6.72,6.73,7695.0
2026-04-12,2,10116.0,4.49,4.71,3821.0,1148.0,2705.0,6.13,6.88,6.89,7674.0
2026-04-12,3,10451.0,4.81,4.81,3659.0,1098.0,2552.0,5.87,6.63,6.62,7309.0
2026-04-12,4,10372.0,5.12,4.79,4021.0,1674.0,3539.0,7.32,8.01,8.13,9234.0
2026-04-12,5,10966.0,4.95,4.98,4639.0,2934.0,5591.0,11.15,11.72,12.07,13164.0
2026-04-12,6,15384.0,4.8,5.69,5199.0,3181.0,6084.0,13.2,13.76,14.22,14464.0
2026-04-12,7,14817.0,4.76,5.79,5579.0,3386.0,6483.0,14.03,14.58,15.13,15449.0
2026-04-12,8,13433.0,4.48,6.41,5784.0,3447.0,6644.0,14.26,14.81,15.38,15875.0
2026-04-12,9,13712.0,4.1,6.9,5852.0,3500.0,6727.0,14.46,15.02,15.6,16079.0
2026-04-12,10,13546.0,3.76,7.01,5486.0,3288.0,6328.0,13.31,13.91,14.39,15102.0
2026-04-12,11,13561.0,3.64,6.98,4726.0,2715.0,5285.0,10.85,11.53,11.8,12726.0
2026-04-12,12,13478.0,3.81,6.76,4246.0,2426.0,4724.0,9.22,9.93,10.11,11396.0
2026-04-12,13,13428.0,3.99,6.61,4248.0,2486.0,4822.0,9.34,10.04,10.24,11556.0
2026-04-12,14,15582.0,4.29,7.68,4267.0,2604.0,5011.0,9.34,10.01,10.24,11881.0
2026-04-12,15,15706.0,4.71,7.7,4333.0,2659.0,5087.0,9.36,10.03,10.28,12080.0
2026-04-12,16,15622.0,5.06,7.62,4574.0,2818.0,5384.0,10.16,10.81,11.11,12776.0
2026-04-12,17,14429.0,5.21,7.66,5151.0,3175.0,6059.0,12.31,12.91,13.37,14385.0
2026-04-12,18,14337.0,5.0,8.07,5633.0,3471.0,6588.0,14.28,14.83,15.43,15692.0
2026-04-12,19,14447.0,4.8,8.09,5440.0,3397.0,6407.0,14.14,14.7,15.24,15243.0
2026-04-12,20,12519.0,4.49,6.81,5449.0,3417.0,6428.0,14.16,14.71,15.27,15294.0
2026-04-12,21,13251.0,4.21,7.22,4962.0,3093.0,5839.0,12.7,13.28,13.72,13894.0
2026-04-12,22,12770.0,4.14,7.8,4403.0,2742.0,5181.0,10.76,11.4,11.68,12326.0
2026-04-12,23,11992.0,4.19,8.88,3887.0,2327.0,4437.0,8.57,9.25,9.42,10651.0
2026-04-13,0,8196.0,4.27,4.93,3644.0,1173.0,2781.0,5.89,6.67,6.62,7598.0
2026-04-13,1,8811.0,4.34,4.72,3632.0,1125.0,2737.0,5.99,6.76,6.71,7493.0
2026-04-13,2,9751.0,4.52,4.58,3571.0,1110.0,2667.0,6.02,6.8,6.74,7348.0
2026-04-13,3,10176.0,4.8,4.53,3484.0,1121.0,2583.0,5.97,6.75,6.68,7189.0
2026-04-13,4,11076.0,5.13,4.33,3765.0,1615.0,3415.0,7.07,7.81,7.82,8795.0
2026-04-13,5,12189.0,5.15,4.63,4412.0,2933.0,5498.0,10.86,11.46,11.74,12843.0
2026-04-13,6,13936.0,4.96,5.21,5004.0,3246.0,6084.0,13.14,13.71,14.18,14334.0
2026-04-13,7,15194.0,4.91,6.9,5341.0,3405.0,6384.0,13.97,14.53,15.07,15130.0
2026-04-13,8,14489.0,4.76,6.94,5527.0,3513.0,6600.0,14.25,14.8,15.4,15640.0
2026-04-13,9,14033.0,4.49,7.01,5596.0,3551.0,6641.0,14.37,14.93,15.51,15788.0
2026-04-13,10,13458.0,4.19,6.84,5263.0,3335.0,6217.0,13.22,13.82,14.28,14815.0
2026-04-13,11,13535.0,4.09,6.85,4479.0,2741.0,5146.0,10.73,11.42,11.66,12366.0
2026-04-13,12,13935.0,4.33,6.93,4056.0,2438.0,4581.0,9.11,9.83,9.98,11075.0
2026-04-13,13,14089.0,4.65,6.92,4103.0,2482.0,4648.0,9.12,9.84,10.01,11233.0
2026-04-13,14,13934.0,4.91,7.04,4321.0,2671.0,4993.0,9.25,9.95,10.18,11986.0
2026-04-13,15,13904.0,5.1,7.15,4393.0,2732.0,5110.0,9.39,10.07,10.31,12236.0
2026-04-13,16,13921.0,5.22,7.24,4655.0,2905.0,5431.0,10.25,10.89,11.22,12991.0
2026-04-13,17,13850.0,5.19,7.27,5350.0,3292.0,6193.0,12.61,13.19,13.68,14835.0
2026-04-13,18,12584.0,4.81,6.34,5805.0,3584.0,6751.0,14.47,15.01,15.62,16139.0
2026-04-13,19,12333.0,4.3,5.94,5676.0,3484.0,6597.0,14.33,14.87,15.47,15756.0
2026-04-13,20,12291.0,3.8,5.88,5610.0,3415.0,6631.0,14.27,14.82,15.39,15656.0
2026-04-13,21,12507.0,3.4,5.97,5059.0,3082.0,6095.0,12.72,13.31,13.74,14236.0
2026-04-13,22,13011.0,3.23,5.72,4618.0,2856.0,5625.0,11.01,11.63,11.96,13099.0
2026-04-13,23,13600.0,3.31,5.62,4061.0,2248.0,4506.0,8.46,9.15,9.32,10814.0
2026-04-14,0,11359.0,3.71,4.93,3796.0,1165.0,2724.0,5.84,6.62,6.61,7684.0
2026-04-14,1,11716.0,4.17,5.12,3718.0,1142.0,2657.0,5.89,6.68,6.65,7517.0
2026-04-14,2,9939.0,4.57,4.48,3752.0,1138.0,2660.0,6.03,6.81,6.79,7550.0
2026-04-14,3,10070.0,4.84,4.23,3708.0,1085.0,2611.0,5.91,6.69,6.65,7404.0
2026-04-14,4,11843.0,5.18,5.33,3978.0,1850.0,3756.0,7.67,8.38,8.48,9584.0
2026-04-14,5,14046.0,5.28,6.54,4567.0,2902.0,5481.0,11.14,11.74,12.08,12950.0
2026-04-14,6,14172.0,5.34,7.7,5101.0,3146.0,5971.0,13.16,13.73,14.17,14218.0
2026-04-14,7,14485.0,5.22,8.1,5413.0,3323.0,6326.0,13.9,14.46,14.98,15061.0
2026-04-14,8,13805.0,5.02,7.78,5623.0,3416.0,6531.0,14.18,14.74,15.3,15571.0
2026-04-14,9,13134.0,4.66,7.62,5700.0,3423.0,6577.0,14.28,14.84,15.41,15701.0
2026-04-14,10,12891.0,4.29,7.69,5414.0,3238.0,6218.0,13.29,13.89,14.36,14870.0
2026-04-14,11,13705.0,4.13,8.23,4720.0,2683.0,5226.0,10.81,11.49,11.76,12629.0
2026-04-14,12,13901.0,4.35,8.19,4221.0,2408.0,4686.0,9.19,9.91,10.08,11315.0
2026-04-14,13,14214.0,4.64,8.3,4224.0,2474.0,4797.0,9.23,9.94,10.13,11496.0
2026-04-14,14,14424.0,4.91,8.95,4425.0,2657.0,5131.0,9.39,10.07,10.33,12213.0
2026-04-14,15,13744.0,5.08,8.97,4487.0,2718.0,5236.0,9.54,10.21,10.48,12440.0
2026-04-14,16,12828.0,5.09,8.19,4641.0,2844.0,5450.0,10.29,10.94,11.25,12935.0
2026-04-14,17,12502.0,4.9,7.76,5300.0,3250.0,6223.0,12.72,13.31,13.8,14773.0
2026-04-14,18,14020.0,4.5,6.44,5777.0,3575.0,6800.0,14.65,15.18,15.81,16153.0
2026-04-14,19,13832.0,4.17,6.27,5636.0,3491.0,6632.0,14.38,14.92,15.52,15758.0
2026-04-14,20,14434.0,3.89,6.55,5561.0,3446.0,6539.0,14.3,14.85,15.43,15547.0
2026-04-14,21,14607.0,3.77,6.6,5082.0,3174.0,6001.0,12.9,13.48,13.94,14257.0
2026-04-14,22,14831.0,3.83,6.88,4674.0,2969.0,5587.0,11.04,11.65,12.02,13230.0
2026-04-14,23,14892.0,4.1,7.04,4029.0,2387.0,4573.0,8.74,9.4,9.6,10988.0
2026-04-15,0,9178.0,4.44,4.49,3720.0,1185.0,2746.0,5.91,6.66,6.68,7650.0
2026-04-15,1,9928.0,4.59,4.59,3738.0,1185.0,2738.0,6.02,6.78,6.8,7661.0
2026-04-15,2,10678.0,4.89,4.93,3634.0,1155.0,2690.0,6.08,6.83,6.84,7479.0
2026-04-15,3,10918.0,5.29,5.22,3543.0,1161.0,2639.0,6.07,6.83,6.83,7343.0
2026-04-15,4,8767.0,5.45,5.19,3839.0,1853.0,3761.0,7.61,8.28,8.43,9453.0
2026-04-15,5,12560.0,5.25,5.27,4497.0,3016.0,5623.0,11.23,11.82,12.2,13136.0
2026-04-15,6,14371.0,5.18,6.57,4955.0,3228.0,6053.0,13.25,13.82,14.29,14235.0
2026-04-15,7,14170.0,5.06,7.23,5354.0,3412.0,6418.0,14.05,14.61,15.15,15184.0
2026-04-15,8,13366.0,4.75,7.08,5520.0,3525.0,6631.0,14.31,14.86,15.44,15675.0
2026-04-15,9,15230.0,4.43,6.48,5626.0,3578.0,6705.0,14.33,14.88,15.47,15909.0
2026-04-15,10,16532.0,4.4,6.74,5511.0,3461.0,6489.0,13.75,14.33,14.87,15460.0
2026-04-15,11,15264.0,4.53,7.58,4660.0,2867.0,5353.0,11.21,11.88,12.18,12881.0
2026-04-15,12,12875.0,4.77,9.04,4108.0,2541.0,4736.0,9.36,10.07,10.24,11384.0
2026-04-15,13,11016.0,4.74,9.37,4120.0,2566.0,4783.0,9.33,10.03,10.21,11470.0
2026-04-15,14,11599.0,4.65,10.02,4251.0,2694.0,4977.0,9.32,10.0,10.23,11922.0
2026-04-15,15,14177.0,4.7,8.24,4323.0,2738.0,5072.0,9.31,9.98,10.22,12133.0
2026-04-15,16,13902.0,4.84,7.85,4722.0,2950.0,5476.0,10.16,10.81,11.14,13149.0
2026-04-15,17,13766.0,4.77,7.72,5392.0,3362.0,6283.0,12.6,13.18,13.67,15036.0
2026-04-15,18,14391.0,4.47,7.06,5788.0,3643.0,6796.0,14.54,15.07,15.69,16226.0
2026-04-15,19,14414.0,4.2,6.67,5740.0,3582.0,6693.0,14.37,14.91,15.5,16014.0
2026-04-15,20,14216.0,3.93,5.77,5736.0,3566.0,6688.0,14.36,14.89,15.49,15991.0
2026-04-15,21,13656.0,3.65,5.16,5336.0,3324.0,6246.0,13.33,13.9,14.4,14906.0
2026-04-15,22,14430.0,3.54,5.42,4892.0,3121.0,5849.0,11.55,12.14,12.56,13863.0
2026-04-15,23,14708.0,3.67,5.51,4294.0,2705.0,5085.0,9.48,10.11,10.4,12084.0
2026-04-16,0,10398.0,3.96,5.38,3799.0,1287.0,2934.0,6.08,6.85,6.84,8020.0
2026-04-16,1,10505.0,4.25,5.96,3785.0,1167.0,2755.0,6.08,6.86,6.81,7706.0
2026-04-16,2,11159.0,4.6,6.48,3733.0,1165.0,2710.0,6.14,6.92,6.87,7608.0
2026-04-16,3,10642.0,5.0,7.48,3685.0,1129.0,2683.0,6.19,6.96,6.91,7497.0
2026-04-16,4,11029.0,5.23,6.58,4144.0,2282.0,4492.0,8.68,9.35,9.51,10918.0
2026-04-16,5,11633.0,4.99,6.17,4917.0,3134.0,5878.0,12.01,12.58,13.0,13929.0
2026-04-16,6,15988.0,4.8,6.11,5397.0,3326.0,6309.0,13.93,14.48,14.98,15033.0
2026-04-16,7,16348.0,4.88,6.13,5785.0,3516.0,6661.0,14.33,14.87,15.45,15962.0
2026-04-16,8,15946.0,4.8,6.14,5923.0,3584.0,6840.0,14.55,15.08,15.7,16347.0
2026-04-16,9,16151.0,4.66,6.52,5908.0,3575.0,6811.0,14.56,15.11,15.7,16294.0
2026-04-16,10,16251.0,4.72,8.15,5144.0,3056.0,5840.0,11.96,12.59,12.98,14041.0
2026-04-16,11,13379.0,5.02,8.87,4283.0,2435.0,4720.0,9.24,9.95,10.12,11438.0
2026-04-16,12,12171.0,5.06,8.7,4466.0,2587.0,5005.0,9.4,10.1,10.33,12058.0
2026-04-16,13,12357.0,5.01,8.69,4506.0,2675.0,5166.0,9.53,10.21,10.47,12348.0
2026-04-16,14,12725.0,4.98,8.59,4508.0,2710.0,5202.0,9.52,10.2,10.46,12419.0
2026-04-16,15,13142.0,4.99,8.47,4462.0,2690.0,5180.0,9.54,10.21,10.47,12333.0
2026-04-16,16,13754.0,5.06,8.12,4645.0,2806.0,5404.0,10.23,10.88,11.19,12855.0
2026-04-16,17,13770.0,5.02,8.08,5300.0,3232.0,6193.0,12.63,13.22,13.7,14725.0
2026-04-16,18,13952.0,4.72,7.83,5728.0,3518.0,6728.0,14.47,15.01,15.62,15975.0
2026-04-16,19,14176.0,4.42,7.9,5632.0,3481.0,6639.0,14.38,14.93,15.51,15752.0
2026-04-16,20,14214.0,4.14,7.87,5675.0,3476.0,6631.0,14.35,14.89,15.49,15782.0
2026-04-16,21,13849.0,3.91,7.63,5254.0,3243.0,6176.0,13.14,13.7,14.19,14673.0
2026-04-16,22,13881.0,3.85,7.61,4647.0,2892.0,5490.0,11.21,11.83,12.18,13030.0
2026-04-16,23,12901.0,3.93,9.0,4114.0,2515.0,4794.0,8.99,9.65,9.88,11423.0
2026-04-17,0,9517.0,4.09,6.01,3633.0,1273.0,2836.0,6.06,6.84,6.83,7742.0
2026-04-17,1,9752.0,4.31,5.95,3618.0,1155.0,2677.0,5.9,6.68,6.66,7450.0
2026-04-17,2,10808.0,4.62,5.61,3561.0,1123.0,2639.0,5.99,6.77,6.74,7322.0
2026-04-17,3,11445.0,5.05,5.44,3696.0,1171.0,2714.0,6.27,7.06,7.04,7581.0
2026-04-17,4,10915.0,5.29,5.06,4084.0,2372.0,4562.0,8.65,9.32,9.53,11018.0
2026-04-17,5,14885.0,5.24,5.83,4826.0,3198.0,5961.0,12.2,12.78,13.21,13985.0
2026-04-17,6,15079.0,5.22,8.03,5291.0,3389.0,6376.0,14.02,14.58,15.1,15056.0
2026-04-17,7,13096.0,4.97,8.27,5603.0,3547.0,6679.0,14.39,14.93,15.53,15829.0
2026-04-17,8,13020.0,4.49,7.49,5764.0,3617.0,6834.0,14.54,15.08,15.72,16214.0
2026-04-17,9,12952.0,4.0,7.45,5731.0,3589.0,6781.0,14.56,15.11,15.72,16102.0
2026-04-17,10,12879.0,3.6,7.46,4940.0,3101.0,5838.0,11.85,12.48,12.88,13878.0
2026-04-17,11,13449.0,3.64,7.06,4149.0,2479.0,4714.0,9.24,9.95,10.13,11342.0
2026-04-17,12,14002.0,3.86,6.7,4213.0,2614.0,4919.0,9.37,10.07,10.28,11746.0
2026-04-17,13,14255.0,4.09,6.53,4233.0,2719.0,5063.0,9.44,10.12,10.36,12015.0
2026-04-17,14,14347.0,4.3,6.51,4329.0,2811.0,5210.0,9.44,10.1,10.37,12349.0
2026-04-17,15,13845.0,4.49,6.29,4412.0,2824.0,5239.0,9.49,10.16,10.43,12476.0
2026-04-17,16,14802.0,4.59,6.67,4627.0,2956.0,5495.0,10.32,10.96,11.28,13078.0
2026-04-17,17,14942.0,4.69,6.71,5263.0,3353.0,6237.0,12.6,13.18,13.67,14853.0
2026-04-17,18,14467.0,4.48,6.84,5825.0,3635.0,6813.0,14.51,15.05,15.67,16273.0
2026-04-17,19,14601.0,4.2,6.88,5767.0,3594.0,6702.0,14.42,14.96,15.57,16063.0
2026-04-17,20,14790.0,3.98,6.96,5636.0,3549.0,6624.0,14.37,14.9,15.49,15809.0
2026-04-17,21,14692.0,3.86,6.87,5192.0,3226.0,6265.0,12.99,13.57,14.03,14683.0
2026-04-17,22,14761.0,3.87,6.89,4777.0,3023.0,5854.0,11.14,11.74,12.12,13654.0
2026-04-17,23,15162.0,4.1,7.11,4125.0,2372.0,4697.0,8.67,9.34,9.55,11195.0
2026-04-18,0,9629.0,4.56,5.16,3697.0,1180.0,2784.0,5.9,6.66,6.66,7661.0
2026-04-18,1,8767.0,4.65,4.86,3740.0,1159.0,2768.0,5.97,6.73,6.74,7668.0
2026-04-18,2,8982.0,4.77,4.96,3659.0,1112.0,2719.0,6.02,6.78,6.77,7490.0
2026-04-18,3,9622.0,4.96,4.88,3631.0,1071.0,2638.0,6.0,6.76,6.75,7340.0
2026-04-18,4,10120.0,5.17,4.72,3953.0,1791.0,3852.0,7.53,8.22,8.36,9596.0
2026-04-18,5,12191.0,5.02,5.05,4602.0,2940.0,5744.0,10.98,11.58,11.93,13286.0
2026-04-18,6,15585.0,4.95,6.44,5177.0,3165.0,6255.0,12.98,13.56,14.01,14597.0
2026-04-18,7,15755.0,4.95,6.53,5698.0,3459.0,6841.0,14.19,14.74,15.32,15997.0
2026-04-18,8,15398.0,4.79,6.54,5868.0,3538.0,7002.0,14.35,14.9,15.52,16407.0
2026-04-18,9,13813.0,4.49,6.41,5947.0,3569.0,7098.0,14.48,15.03,15.66,16614.0
2026-04-18,10,13316.0,4.07,6.18,5566.0,3520.0,6519.0,13.56,14.17,14.56,15605.0
2026-04-18,11,13349.0,3.88,5.91,4749.0,2798.0,5561.0,10.92,11.58,11.88,13108.0
2026-04-18,12,13685.0,3.97,5.69,4485.0,2538.0,5103.0,9.43,10.14,10.36,12127.0
2026-04-18,13,13981.0,4.14,5.59,4436.0,2565.0,5151.0,9.43,10.13,10.35,12152.0
2026-04-18,14,15055.0,4.33,5.94,4509.0,2684.0,5373.0,9.45,10.12,10.38,12566.0
2026-04-18,15,14074.0,4.59,7.8,4503.0,2684.0,5381.0,9.45,10.12,10.38,12569.0
2026-04-18,16,14408.0,4.7,8.22,4738.0,2804.0,5618.0,10.2,10.86,11.17,13159.0
2026-04-18,17,14262.0,4.72,8.23,5322.0,3202.0,6405.0,12.53,13.12,13.6,14928.0
2026-04-18,18,13753.0,4.41,8.35,5795.0,3500.0,6982.0,14.38,14.92,15.53,16278.0
2026-04-18,19,13576.0,4.04,8.15,5720.0,3412.0,6827.0,14.22,14.77,15.36,15958.0
2026-04-18,20,13082.0,3.63,7.75,5688.0,3440.0,6872.0,14.28,14.82,15.42,16000.0
2026-04-18,21,13552.0,3.27,7.43,5284.0,3239.0,6438.0,13.1,13.68,14.17,14960.0
2026-04-18,22,13573.0,3.1,7.41,4748.0,2976.0,5897.0,11.22,11.82,12.21,13620.0
2026-04-18,23,13947.0,3.17,6.83,4106.0,2349.0,4753.0,8.69,9.37,9.57,11208.0
2026-04-19,0,10578.0,3.56,4.77,3738.0,1148.0,2870.0,5.95,6.74,6.69,7756.0
2026-04-19,1,10628.0,3.82,4.41,3711.0,1120.0,2803.0,5.94,6.73,6.67,7634.0
2026-04-19,2,11313.0,4.21,4.56,3664.0,1092.0,2763.0,6.03,6.82,6.76,7519.0
2026-04-19,3,11690.0,4.67,4.68,3596.0,1075.0,2677.0,5.99,6.78,6.71,7348.0
2026-04-19,4,11558.0,5.13,5.08,3870.0,1674.0,3643.0,7.2,7.94,7.97,9187.0
2026-04-19,5,12545.0,5.09,5.96,4525.0,2948.0,5735.0,11.02,11.62,11.98,13207.0
2026-04-19,6,14166.0,4.99,7.68,4987.0,3169.0,6185.0,13.08,13.67,14.12,14341.0
2026-04-19,7,13690.0,4.8,7.66,5405.0,3409.0,6673.0,14.01,14.57,15.12,15487.0
2026-04-19,8,13891.0,4.46,7.25,5639.0,3533.0,6927.0,14.27,14.82,15.42,16098.0
2026-04-19,9,14243.0,4.1,6.83,5792.0,3600.0,7064.0,14.47,15.02,15.64,16457.0
2026-04-19,10,14649.0,3.79,5.97,5531.0,3490.0,6822.0,13.79,14.37,14.92,15843.0
2026-04-19,11,15392.0,3.7,6.2,4698.0,2902.0,5716.0,11.28,11.94,12.26,13316.0
2026-04-19,12,16312.0,4.1,6.51,4314.0,2623.0,5140.0,9.54,10.24,10.45,12077.0
2026-04-19,13,16369.0,4.58,6.49,4312.0,2666.0,5077.0,9.47,10.18,10.35,12056.0
2026-04-19,14,14326.0,4.94,6.52,4408.0,2889.0,5313.0,9.58,10.26,10.44,12611.0
2026-04-19,15,13317.0,4.98,6.41,4430.0,2858.0,5479.0,9.75,10.4,10.67,12767.0
2026-04-19,16,13880.0,4.98,6.75,4628.0,2939.0,5701.0,10.23,10.88,11.2,13267.0
2026-04-19,17,13684.0,4.93,9.09,5198.0,3289.0,6360.0,12.43,13.02,13.48,14847.0
2026-04-19,18,13431.0,4.58,8.99,5645.0,3575.0,6927.0,14.27,14.81,15.4,16146.0
2026-04-19,19,13548.0,4.17,8.67,5713.0,3534.0,6885.0,14.27,14.81,15.4,16132.0
2026-04-19,20,16835.0,3.99,6.37,5673.0,3554.0,6895.0,14.24,14.78,15.37,16121.0
2026-04-19,21,16072.0,4.05,6.69,5325.0,3369.0,6518.0,13.33,13.9,14.4,15211.0
2026-04-19,22,13310.0,4.0,8.81,4781.0,3037.0,5862.0,11.34,11.95,12.32,13680.0
2026-04-19,23,13616.0,4.03,9.07,4105.0,2553.0,4956.0,9.01,9.67,9.9,11615.0
2026-04-20,0,9580.0,4.26,5.65,3727.0,1277.0,2917.0,6.09,6.85,6.86,7921.0
2026-04-20,1,9828.0,4.44,5.59,3733.0,1188.0,2795.0,6.09,6.85,6.86,7716.0
2026-04-20,2,9373.0,4.66,5.33,3716.0,1194.0,2812.0,6.29,7.06,7.05,7722.0
2026-04-20,3,9779.0,4.82,5.57,3721.0,1203.0,2839.0,6.38,7.14,7.14,7763.0
2026-04-20,4,11455.0,5.0,4.83,4129.0,2187.0,4488.0,8.46,9.11,9.31,10804.0
2026-04-20,5,14142.0,4.92,5.32,4908.0,3162.0,6166.0,12.12,12.69,13.11,14235.0
2026-04-20,6,15796.0,4.89,5.9,5573.0,3443.0,6786.0,14.16,14.7,15.27,15802.0
2026-04-20,7,15998.0,4.79,7.31,5860.0,3568.0,7065.0,14.45,14.98,15.61,16492.0
2026-04-20,8,14897.0,4.56,7.12,6027.0,3607.0,7167.0,14.54,15.07,15.72,16800.0
2026-04-20,9,13486.0,4.15,6.62,5910.0,3565.0,7068.0,14.53,15.09,15.7,16543.0
2026-04-20,10,13790.0,3.81,6.89,5193.0,3056.0,6103.0,11.98,12.6,13.01,14353.0
2026-04-20,11,13746.0,3.9,6.84,4368.0,2454.0,4930.0,9.33,10.04,10.23,11752.0
2026-04-20,12,13802.0,4.08,6.82,4231.0,2579.0,5147.0,9.43,10.13,10.35,11957.0
2026-04-20,13,14222.0,4.27,6.99,4489.0,2652.0,5235.0,9.45,10.14,10.37,12376.0
2026-04-20,14,14440.0,4.46,7.02,4536.0,2721.0,5357.0,9.44,10.12,10.36,12615.0
2026-04-20,15,14584.0,4.66,7.03,4472.0,2709.0,5345.0,9.45,10.12,10.36,12526.0
2026-04-20,16,14754.0,4.85,7.13,4723.0,2810.0,5606.0,10.18,10.83,11.15,13139.0
2026-04-20,17,14683.0,4.93,7.04,5300.0,3164.0,6330.0,12.3,12.89,13.36,14794.0
2026-04-20,18,14598.0,4.71,6.92,5858.0,3532.0,7051.0,14.46,15.0,15.63,16441.0
2026-04-20,19,14470.0,4.42,6.8,5789.0,3482.0,6951.0,14.37,14.9,15.52,16223.0
2026-04-20,20,14219.0,4.12,6.63,5775.0,3492.0,6949.0,14.37,14.91,15.51,16215.0
2026-04-20,21,13661.0,3.8,6.35,5404.0,3288.0,6536.0,13.3,13.86,14.38,15228.0
2026-04-20,22,13850.0,3.66,6.43,4701.0,2943.0,5829.0,11.27,11.88,12.24,13473.0
2026-04-20,23,13800.0,3.76,7.62,3936.0,2411.0,4818.0,8.78,9.45,9.65,11165.0
2026-04-21,0,9210.0,4.02,4.64,3604.0,1192.0,2942.0,5.94,6.71,6.67,7738.0
2026-04-21,1,9666.0,4.18,4.72,3630.0,1058.0,2769.0,5.89,6.68,6.61,7457.0
2026-04-21,2,11192.0,4.51,5.15,3647.0,1060.0,2748.0,6.06,6.84,6.78,7455.0
2026-04-21,3,12151.0,5.0,5.11,3623.0,1083.0,2762.0,6.23,7.02,6.96,7468.0
2026-04-21,4,13139.0,5.43,5.12,4044.0,2241.0,4605.0,8.6,9.29,9.39,10890.0
2026-04-21,5,14024.0,5.48,5.44,4845.0,3120.0,6121.0,12.0,12.58,12.97,14086.0
2026-04-21,6,15196.0,5.33,6.03,5612.0,3506.0,6879.0,14.36,14.89,15.48,15997.0
2026-04-21,7,14262.0,5.06,6.66,5879.0,3643.0,7151.0,14.62,15.14,15.78,16672.0
2026-04-21,8,14243.0,4.66,6.73,5900.0,3643.0,7150.0,14.64,15.17,15.82,16692.0
2026-04-21,9,14017.0,4.29,6.83,5724.0,3543.0,6971.0,14.42,14.99,15.58,16238.0
2026-04-21,10,13494.0,3.98,6.71,5019.0,3086.0,6074.0,12.06,12.69,13.09,14179.0
2026-04-21,11,13350.0,4.06,6.63,4006.0,2418.0,4791.0,9.16,9.87,10.04,11216.0
2026-04-21,12,13382.0,4.26,6.54,3896.0,2484.0,4879.0,9.15,9.86,10.04,11260.0
2026-04-21,13,13408.0,4.44,6.54,4037.0,2577.0,5027.0,9.2,9.9,10.1,11640.0
2026-04-21,14,13177.0,4.58,6.35,4195.0,2719.0,5288.0,9.38,10.06,10.31,12202.0
2026-04-21,15,14067.0,4.66,6.77,4166.0,2723.0,5300.0,9.45,10.12,10.37,12189.0
2026-04-21,16,14473.0,4.85,6.95,4447.0,2855.0,5552.0,10.17,10.82,11.12,12854.0
2026-04-21,17,14695.0,4.91,7.02,5111.0,3209.0,6251.0,12.3,12.9,13.36,14572.0
2026-04-21,18,14429.0,4.74,7.08,5539.0,3509.0,6826.0,14.21,14.76,15.34,15874.0
2026-04-21,19,14271.0,4.49,7.05,5495.0,3464.0,6725.0,14.07,14.63,15.19,15684.0
2026-04-21,20,13749.0,4.19,6.9,5686.0,3582.0,6950.0,14.32,14.85,15.47,16219.0
2026-04-21,21,13507.0,3.78,6.75,5499.0,3473.0,6735.0,13.67,14.22,14.78,15707.0
2026-04-21,22,13652.0,3.59,6.82,4684.0,3138.0,6008.0,11.65,12.24,12.64,13830.0
2026-04-21,23,14129.0,3.65,7.12,4004.0,2704.0,5171.0,9.35,10.0,10.24,11878.0
2026-04-22,0,9504.0,3.94,4.77,3450.0,1281.0,2831.0,6.02,6.8,6.78,7561.0
2026-04-22,1,9584.0,4.11,4.77,3383.0,1190.0,2701.0,6.01,6.79,6.75,7274.0
2026-04-22,2,10851.0,4.47,5.33,3386.0,1167.0,2642.0,6.09,6.87,6.81,7196.0
2026-04-22,3,11236.0,4.91,5.5,3586.0,1137.0,2679.0,6.25,7.03,6.99,7402.0
2026-04-22,4,11662.0,5.21,5.25,4095.0,2266.0,4532.0,8.54,9.22,9.4,10893.0
2026-04-22,5,15710.0,5.23,6.18,4849.0,3116.0,5973.0,11.96,12.55,12.96,13937.0
2026-04-22,6,14947.0,5.31,6.89,5506.0,3451.0,6512.0,14.18,14.71,15.28,15469.0
2026-04-22,7,13647.0,5.03,6.58,5894.0,3649.0,6908.0,14.7,15.23,15.89,16451.0
2026-04-22,8,13014.0,4.53,6.31,5937.0,3676.0,6978.0,14.84,15.37,16.04,16592.0
2026-04-22,9,12902.0,4.01,6.59,5796.0,3578.0,6785.0,14.65,15.2,15.81,16159.0
2026-04-22,10,13478.0,3.67,7.11,5057.0,3066.0,5835.0,12.03,12.66,13.05,13958.0
2026-04-22,11,13573.0,3.79,6.93,4277.0,2483.0,4750.0,9.42,10.13,10.32,11510.0
2026-04-22,12,13718.0,4.06,6.78,4231.0,2492.0,4773.0,9.18,9.89,10.08,11497.0
2026-04-22,13,13749.0,4.22,6.78,4271.0,2501.0,4799.0,9.18,9.89,10.07,11571.0
2026-04-22,14,14339.0,4.55,7.02,4404.0,2632.0,5031.0,9.19,9.89,10.12,12066.0
2026-04-22,15,14911.0,4.81,7.29,4437.0,2704.0,5140.0,9.43,10.11,10.35,12282.0
2026-04-22,16,14767.0,5.07,7.17,4714.0,2858.0,5454.0,10.3,10.96,11.27,13026.0
2026-04-22,17,14416.0,5.13,6.98,5384.0,3230.0,6175.0,12.59,13.19,13.66,14788.0
2026-04-22,18,13911.0,4.86,7.1,5896.0,3536.0,6788.0,14.51,15.04,15.66,16219.0
2026-04-22,19,13050.0,4.46,6.56,5821.0,3510.0,6744.0,14.46,14.99,15.61,16075.0
2026-04-22,20,12554.0,3.97,6.26,5892.0,3540.0,6812.0,14.56,15.08,15.73,16244.0
2026-04-22,21,12242.0,3.46,6.08,5517.0,3332.0,6411.0,13.43,13.99,14.53,15260.0
2026-04-22,22,12594.0,3.12,5.89,4877.0,3008.0,5753.0,11.3,11.9,12.29,13638.0
2026-04-22,23,14890.0,3.24,6.96,3941.0,2250.0,4395.0,8.55,9.23,9.41,10586.0
2026-04-23,0,10627.0,3.75,4.96,3624.0,1140.0,2720.0,5.97,6.72,6.74,7484.0
2026-04-23,1,10279.0,4.05,4.81,3639.0,1135.0,2709.0,6.15,6.91,6.92,7483.0
2026-04-23,2,10594.0,4.39,4.93,3663.0,1102.0,2671.0,6.18,6.94,6.95,7435.0
2026-04-23,3,10895.0,4.74,5.03,3711.0,1173.0,2780.0,6.45,7.2,7.22,7663.0
2026-04-23,4,12003.0,5.01,4.67,4126.0,2343.0,4606.0,8.88,9.52,9.77,11075.0
2026-04-23,5,14049.0,4.93,5.33,4906.0,3186.0,6010.0,12.31,12.9,13.34,14103.0
2026-04-23,6,16099.0,4.93,8.66,5538.0,3447.0,6537.0,14.27,14.82,15.39,15522.0
2026-04-23,7,15866.0,4.85,8.65,5864.0,3652.0,6934.0,14.74,15.27,15.93,16450.0
2026-04-23,8,14047.0,4.6,7.52,5870.0,3653.0,6902.0,14.64,15.18,15.84,16425.0
2026-04-23,9,13752.0,4.18,6.86,5725.0,3586.0,6751.0,14.56,15.12,15.73,16062.0
2026-04-23,10,13797.0,3.91,6.81,4975.0,3102.0,5849.0,12.05,12.69,13.09,13926.0
2026-04-23,11,13768.0,4.06,6.81,4101.0,2419.0,4611.0,9.18,9.9,10.08,11131.0
2026-04-23,12,13912.0,4.32,6.82,4140.0,2550.0,4834.0,9.3,10.0,10.2,11524.0
2026-04-23,13,14035.0,4.55,6.83,4132.0,2646.0,5006.0,9.38,10.08,10.31,11783.0
2026-04-23,14,14134.0,4.75,6.85,4291.0,2739.0,5160.0,9.42,10.11,10.36,12190.0
2026-04-23,15,14220.0,4.95,6.84,4257.0,2729.0,5142.0,9.44,10.12,10.37,12128.0
2026-04-23,16,14086.0,5.14,7.34,4405.0,2809.0,5283.0,9.95,10.61,10.9,12498.0
2026-04-23,17,13598.0,5.12,7.58,5182.0,3276.0,6149.0,12.55,13.14,13.62,14607.0
2026-04-23,18,13548.0,4.78,7.48,5697.0,3607.0,6752.0,14.52,15.06,15.69,16056.0
2026-04-23,19,13507.0,4.41,7.28,5584.0,3553.0,6644.0,14.33,14.87,15.47,15781.0
2026-04-23,20,13445.0,4.03,6.75,5632.0,3631.0,6747.0,14.5,15.03,15.65,16011.0
2026-04-23,21,13283.0,3.67,6.64,5328.0,3407.0,6340.0,13.38,13.94,14.46,15074.0
2026-04-23,22,13795.0,3.46,5.91,4758.0,3108.0,5751.0,11.47,12.07,12.46,13617.0
2026-04-23,23,15077.0,3.67,5.76,3999.0,2467.0,4607.0,8.96,9.63,9.82,11074.0
2026-04-24,0,10195.0,4.07,5.0,3698.0,1271.0,2851.0,5.99,6.77,6.72,7820.0
2026-04-24,1,10758.0,4.36,5.49,3694.0,1199.0,2757.0,6.05,6.84,6.78,7650.0
2026-04-24,2,11273.0,4.77,6.0,3678.0,1192.0,2712.0,6.29,7.07,7.01,7583.0
2026-04-24,3,10552.0,5.16,6.58,3608.0,1168.0,2625.0,6.21,6.99,6.92,7400.0
2026-04-24,4,11536.0,5.39,6.1,4073.0,2343.0,4501.0,8.69,9.37,9.48,10917.0
2026-04-24,5,14812.0,5.4,5.66,4845.0,3169.0,5902.0,12.12,12.71,13.11,13915.0
2026-04-24,6,15155.0,5.4,6.58,5512.0,3441.0,6448.0,14.06,14.61,15.15,15401.0
2026-04-24,7,14449.0,5.17,6.77,5895.0,3671.0,6918.0,14.62,15.14,15.78,16485.0
2026-04-24,8,14160.0,4.82,6.7,5911.0,3643.0,6891.0,14.65,15.18,15.81,16446.0
2026-04-24,9,13735.0,4.47,6.84,5684.0,3490.0,6611.0,14.27,14.83,15.39,15785.0
2026-04-24,10,13900.0,4.24,6.88,5038.0,3082.0,5863.0,11.98,12.6,12.99,13983.0
2026-04-24,11,13894.0,4.38,6.97,4192.0,2414.0,4627.0,9.12,9.83,10.0,11233.0
2026-04-24,12,13995.0,4.66,6.87,4215.0,2497.0,4765.0,9.11,9.82,10.0,11477.0
2026-04-24,13,14115.0,4.93,6.87,4292.0,2557.0,4881.0,9.18,9.88,10.09,11731.0
2026-04-24,14,12683.0,5.08,8.05,4380.0,2672.0,5077.0,9.3,9.99,10.22,12129.0
2026-04-24,15,12397.0,5.08,8.49,4488.0,2686.0,5114.0,9.35,10.03,10.28,12288.0
2026-04-24,16,12228.0,4.95,8.51,4750.0,2856.0,5440.0,10.2,10.87,11.17,13046.0
2026-04-24,17,14181.0,4.87,6.78,5323.0,3220.0,6138.0,12.45,13.04,13.48,14681.0
2026-04-24,18,14147.0,4.62,6.69,5860.0,3547.0,6760.0,14.46,15.0,15.58,16167.0
2026-04-24,19,14536.0,4.34,6.1,5779.0,3476.0,6666.0,14.3,14.84,15.42,15921.0
2026-04-24,20,14333.0,4.08,5.97,5841.0,3501.0,6720.0,14.4,14.93,15.54,16062.0
2026-04-24,21,14204.0,3.83,5.9,5514.0,3321.0,6375.0,13.51,14.07,14.6,15210.0
2026-04-24,22,14174.0,3.74,5.87,4851.0,2971.0,5682.0,11.53,12.14,12.52,13504.0
2026-04-24,23,14133.0,3.88,5.87,4322.0,2632.0,5046.0,9.41,10.06,10.32,12000.0
2026-04-25,0,11027.0,4.17,4.65,3769.0,1162.0,2758.0,5.87,6.66,6.65,7688.0
2026-04-25,1,11706.0,4.61,4.89,3721.0,1092.0,2664.0,5.9,6.69,6.66,7477.0
2026-04-25,2,10459.0,5.06,5.77,3500.0,1101.0,2520.0,5.91,6.7,6.64,7121.0
2026-04-25,3,8596.0,5.31,7.28,3419.0,1093.0,2418.0,5.85,6.64,6.56,6930.0
2026-04-25,4,7905.0,5.35,7.38,3834.0,1753.0,3596.0,7.41,8.14,8.21,9183.0
2026-04-25,5,11413.0,4.99,6.08,4631.0,3010.0,5689.0,11.25,11.85,12.22,13330.0
2026-04-25,6,16157.0,4.91,6.04,5254.0,3293.0,6262.0,13.41,13.97,14.48,14809.0
2026-04-25,7,16132.0,4.96,6.04,5655.0,3545.0,6728.0,14.37,14.91,15.52,15929.0
2026-04-25,8,14868.0,4.79,5.92,5837.0,3640.0,6909.0,14.65,15.19,15.84,16386.0
2026-04-25,9,14445.0,4.48,6.49,5758.0,3614.0,6814.0,14.61,15.15,15.77,16186.0
2026-04-25,10,14308.0,4.26,7.9,5271.0,3282.0,6387.0,13.33,13.91,14.39,14939.0
2026-04-25,11,14288.0,4.26,7.88,4432.0,2655.0,5248.0,10.76,11.42,11.69,12334.0
2026-04-25,12,13509.0,4.53,7.99,3940.0,2385.0,4704.0,9.03,9.73,9.9,11029.0
2026-04-25,13,13365.0,4.76,8.14,3892.0,2420.0,4750.0,9.01,9.72,9.88,11062.0
2026-04-25,14,12636.0,4.93,7.63,4035.0,2541.0,4989.0,9.14,9.84,10.03,11565.0
2026-04-25,15,12610.0,4.97,7.6,4083.0,2661.0,5191.0,9.31,10.01,10.22,11935.0
2026-04-25,16,12717.0,4.95,7.62,4536.0,2764.0,5460.0,9.97,10.65,10.93,12759.0
2026-04-25,17,13847.0,4.85,7.26,5064.0,3147.0,6175.0,12.21,12.82,13.24,14386.0
2026-04-25,18,14104.0,4.61,7.15,5535.0,3461.0,6755.0,14.17,14.74,15.28,15750.0
2026-04-25,19,14054.0,4.34,7.08,5484.0,3433.0,6690.0,14.08,14.64,15.18,15607.0
2026-04-25,20,13990.0,4.06,7.02,5540.0,3464.0,6732.0,14.06,14.62,15.17,15736.0
2026-04-25,21,13931.0,3.81,6.97,5134.0,3261.0,6328.0,13.18,13.76,14.23,14724.0
2026-04-25,22,13989.0,3.73,7.01,4666.0,3042.0,5851.0,11.42,12.03,12.4,13560.0
2026-04-25,23,14188.0,3.82,7.11,4170.0,2729.0,5242.0,9.48,10.13,10.39,12140.0
2026-04-26,0,11014.0,4.17,5.46,3656.0,1208.0,2801.0,5.86,6.65,6.63,7665.0
2026-04-26,1,11239.0,4.54,5.5,3581.0,1142.0,2693.0,5.89,6.68,6.64,7416.0
2026-04-26,2,9023.0,4.85,4.81,3539.0,1153.0,2605.0,5.88,6.67,6.61,7297.0
2026-04-26,3,9454.0,5.04,5.0,3547.0,1145.0,2581.0,5.9,6.69,6.63,7273.0
2026-04-26,4,11315.0,5.32,6.05,3829.0,1854.0,3777.0,7.47,8.2,8.28,9460.0
2026-04-26,5,14061.0,5.44,7.82,4406.0,2901.0,5578.0,10.95,11.57,11.89,12885.0
2026-04-26,6,14371.0,5.46,8.32,4972.0,3143.0,6078.0,13.06,13.65,14.07,14193.0
2026-04-26,7,13887.0,5.3,8.29,5480.0,3440.0,6493.0,14.06,14.62,15.16,15413.0
2026-04-26,8,13343.0,4.98,7.94,5692.0,3565.0,6694.0,14.4,14.95,15.54,15951.0
2026-04-26,9,13030.0,4.53,7.88,5907.0,3655.0,6879.0,14.66,15.21,15.84,16441.0
2026-04-26,10,12799.0,4.04,8.02,5590.0,3460.0,6550.0,13.66,14.24,14.78,15600.0
2026-04-26,11,13762.0,3.8,6.96,4852.0,2872.0,5457.0,11.13,11.8,12.1,13180.0
2026-04-26,12,14053.0,3.97,6.61,4365.0,2545.0,4885.0,9.37,10.07,10.27,11795.0
2026-04-26,13,13991.0,4.19,6.55,4410.0,2605.0,4975.0,9.49,10.18,10.41,11989.0
2026-04-26,14,13705.0,4.4,6.76,4432.0,2602.0,4973.0,9.3,10.0,10.22,12008.0
2026-04-26,15,13212.0,4.51,6.6,4497.0,2705.0,5155.0,9.41,10.1,10.35,12357.0
2026-04-26,16,13132.0,4.52,6.52,4696.0,2899.0,5495.0,10.28,10.94,11.25,13090.0
2026-04-26,17,14498.0,4.46,7.21,5428.0,3314.0,6304.0,12.78,13.36,13.85,15046.0
2026-04-26,18,14032.0,4.24,8.08,5793.0,3510.0,6690.0,14.43,14.98,15.57,15993.0
2026-04-26,19,13321.0,3.89,8.83,5746.0,3474.0,6613.0,14.34,14.89,15.47,15834.0
2026-04-26,20,13493.0,3.51,8.97,5718.0,3476.0,6622.0,14.31,14.86,15.45,15816.0
2026-04-26,21,13699.0,3.24,9.13,5307.0,3224.0,6164.0,13.05,13.63,14.11,14695.0
2026-04-26,22,13597.0,3.1,8.5,4891.0,3029.0,5777.0,11.28,11.88,12.27,13696.0
2026-04-26,23,14159.0,3.19,8.48,4240.0,2365.0,4639.0,8.72,9.4,9.6,11245.0
2026-04-27,0,10329.0,3.57,5.87,3761.0,1105.0,2686.0,5.86,6.63,6.64,7552.0
2026-04-27,1,10638.0,3.88,6.03,3753.0,1091.0,2688.0,6.04,6.8,6.82,7533.0
2026-04-27,2,11596.0,4.28,6.65,3706.0,1105.0,2672.0,6.22,6.99,7.0,7483.0
2026-04-27,3,13336.0,4.88,7.86,3625.0,1157.0,2706.0,6.4,7.16,7.16,7488.0
2026-04-27,4,12624.0,5.39,6.23,4047.0,2202.0,4386.0,8.58,9.23,9.44,10635.0
2026-04-27,5,12659.0,5.3,5.22,4895.0,3157.0,5991.0,12.25,12.82,13.26,14042.0
2026-04-27,6,14388.0,5.09,6.94,5526.0,3430.0,6558.0,14.23,14.78,15.35,15513.0
2026-04-27,7,13971.0,4.78,7.26,5851.0,3624.0,6931.0,14.72,15.25,15.91,16406.0
2026-04-27,8,13596.0,4.34,7.22,5878.0,3653.0,6968.0,14.79,15.33,15.99,16500.0
2026-04-27,9,13392.0,3.89,7.33,5786.0,3604.0,6849.0,14.7,15.25,15.87,16238.0
2026-04-27,10,13661.0,3.55,6.88,5051.0,3138.0,5953.0,12.22,12.84,13.26,14142.0
2026-04-27,11,13794.0,3.65,6.86,4150.0,2478.0,4734.0,9.29,10.0,10.17,11361.0
2026-04-27,12,13885.0,3.88,6.82,4328.0,2618.0,4948.0,9.42,10.12,10.32,11894.0
2026-04-27,13,13959.0,4.09,6.84,4268.0,2640.0,4985.0,9.43,10.13,10.33,11893.0
2026-04-27,14,14107.0,4.3,6.84,4238.0,2698.0,5071.0,9.42,10.11,10.34,12007.0
2026-04-27,15,14192.0,4.52,6.86,4249.0,2704.0,5093.0,9.42,10.1,10.33,12046.0
2026-04-27,16,14238.0,4.68,6.84,4522.0,2870.0,5413.0,10.12,10.78,11.08,12805.0
2026-04-27,17,14596.0,4.74,6.97,5083.0,3264.0,6128.0,12.45,13.04,13.49,14475.0
2026-04-27,18,14537.0,4.53,6.86,5725.0,3653.0,6839.0,14.6,15.13,15.75,16216.0
2026-04-27,19,14445.0,4.24,6.73,5672.0,3563.0,6899.0,14.45,15.0,15.6,16133.0
2026-04-27,20,14053.0,3.92,6.53,5638.0,3549.0,6957.0,14.37,14.91,15.5,16144.0
2026-04-27,21,13779.0,3.61,6.38,5219.0,3344.0,6508.0,13.27,13.83,14.33,15070.0
2026-04-27,22,13769.0,3.45,6.38,4765.0,3137.0,6063.0,11.46,12.06,12.45,13966.0
2026-04-27,23,14728.0,3.53,6.88,4061.0,2569.0,4989.0,9.03,9.7,9.92,11620.0
2026-04-28,0,10820.0,3.92,5.0,3602.0,1232.0,2928.0,5.91,6.7,6.65,7763.0
2026-04-28,1,11010.0,4.27,5.06,3610.0,1170.0,2836.0,5.99,6.78,6.72,7616.0
2026-04-28,2,11382.0,4.69,5.35,3535.0,1156.0,2762.0,5.99,6.78,6.71,7453.0
2026-04-28,3,10909.0,5.1,6.1,3643.0,1150.0,2803.0,6.2,7.0,6.93,7597.0
2026-04-28,4,11965.0,5.41,5.65,3982.0,2180.0,4415.0,8.26,8.97,9.04,10577.0
2026-04-28,5,11993.0,5.26,5.56,4844.0,3203.0,6169.0,12.09,12.67,13.06,14216.0
2026-04-28,6,14456.0,4.95,6.71,5539.0,3503.0,6784.0,14.13,14.68,15.24,15826.0
2026-04-28,7,14415.0,4.67,6.74,5860.0,3690.0,7165.0,14.56,15.1,15.72,16715.0
2026-04-28,8,14169.0,4.29,6.69,5891.0,3682.0,7162.0,14.64,15.18,15.81,16735.0
2026-04-28,9,13959.0,3.89,6.89,5805.0,3629.0,7041.0,14.58,15.14,15.74,16474.0
2026-04-28,10,13696.0,3.58,6.98,5084.0,3154.0,6140.0,12.08,12.71,13.1,14378.0
2026-04-28,11,13680.0,3.64,6.89,4196.0,2517.0,4952.0,9.26,9.98,10.15,11665.0
2026-04-28,12,13916.0,3.86,6.87,4226.0,2553.0,5046.0,9.22,9.93,10.11,11825.0
2026-04-28,13,13985.0,4.07,6.85,4259.0,2597.0,5111.0,9.22,9.92,10.13,11967.0
2026-04-28,14,14146.0,4.27,6.85,4292.0,2651.0,5212.0,9.26,9.95,10.16,12155.0
2026-04-28,15,14300.0,4.48,6.89,4339.0,2669.0,5247.0,9.33,10.01,10.24,12255.0
2026-04-28,16,14317.0,4.65,6.91,4649.0,2828.0,5574.0,10.16,10.81,11.09,13050.0
2026-04-28,17,14260.0,4.67,6.81,5234.0,3167.0,6248.0,12.33,12.94,13.36,14649.0
2026-04-28,18,14879.0,4.46,7.07,5827.0,3489.0,6882.0,14.34,14.9,15.46,16198.0
2026-04-28,19,14733.0,4.26,6.95,5778.0,3477.0,6858.0,14.27,14.83,15.41,16113.0
2026-04-28,20,14457.0,3.99,6.77,5777.0,3503.0,6907.0,14.27,14.81,15.4,16186.0
2026-04-28,21,14405.0,3.76,6.74,5466.0,3312.0,6534.0,13.41,13.98,14.49,15312.0
2026-04-28,22,14761.0,3.7,6.91,4960.0,3006.0,5935.0,11.57,12.19,12.56,13901.0
2026-04-28,23,15353.0,3.91,7.23,4295.0,2592.0,5146.0,9.31,9.96,10.21,12033.0
2026-04-29,0,9975.0,4.27,4.7,3771.0,1152.0,2821.0,5.94,6.75,6.72,7744.0
2026-04-29,1,10657.0,4.51,4.96,3744.0,1074.0,2705.0,5.91,6.71,6.67,7523.0
2026-04-29,2,11187.0,4.99,6.1,3624.0,1073.0,2618.0,6.01,6.81,6.75,7315.0
2026-04-29,3,9234.0,5.25,7.44,3737.0,1056.0,2729.0,6.24,7.03,6.99,7522.0
2026-04-29,4,10764.0,5.36,7.03,4046.0,2222.0,4502.0,8.59,9.28,9.44,10770.0
2026-04-29,5,12489.0,5.19,5.76,4787.0,3053.0,6010.0,11.99,12.58,12.98,13851.0
2026-04-29,6,15906.0,5.03,7.52,5480.0,3376.0,6696.0,13.97,14.53,15.07,15552.0
2026-04-29,7,15090.0,4.93,7.09,5808.0,3581.0,7102.0,14.49,15.03,15.65,16492.0
2026-04-29,8,14148.0,4.59,6.78,5802.0,3566.0,7081.0,14.56,15.11,15.73,16450.0
2026-04-29,9,13939.0,4.21,6.99,5712.0,3504.0,6934.0,14.43,15.01,15.58,16149.0
2026-04-29,10,13781.0,3.93,7.11,5014.0,3044.0,6028.0,12.02,12.67,13.04,14086.0
2026-04-29,11,13727.0,4.04,7.03,4150.0,2422.0,4848.0,9.23,9.96,10.11,11420.0
2026-04-29,12,13866.0,4.27,6.91,4179.0,2521.0,5003.0,9.21,9.93,10.1,11702.0
2026-04-29,13,13956.0,4.49,6.9,4146.0,2568.0,5047.0,9.21,9.93,10.12,11760.0
2026-04-29,14,14081.0,4.71,6.87,4254.0,2658.0,5195.0,9.23,9.94,10.15,12107.0
2026-04-29,15,14684.0,4.92,7.13,4339.0,2719.0,5330.0,9.43,10.11,10.36,12388.0
2026-04-29,16,14556.0,5.14,7.43,4535.0,2842.0,5565.0,10.2,10.87,11.16,12942.0
2026-04-29,17,14002.0,5.12,7.82,5243.0,3296.0,6452.0,12.89,13.48,13.97,14991.0
2026-04-29,18,13886.0,4.81,7.78,5640.0,3555.0,6951.0,14.55,15.11,15.69,16147.0
2026-04-29,19,13928.0,4.46,7.77,5629.0,3543.0,6915.0,14.57,15.13,15.72,16087.0
2026-04-29,20,12472.0,4.0,6.76,5718.0,3579.0,7008.0,14.64,15.19,15.8,16305.0
2026-04-29,21,12450.0,3.45,6.37,5407.0,3438.0,6687.0,13.81,14.37,14.91,15533.0
2026-04-29,22,2612.0,3.34,10.75,3856.0,2149.0,3661.0,7.39,8.32,8.29,9666.0
2026-04-29,23,32.0,3.42,13.0,3858.0,2412.0,3957.0,7.67,8.67,8.63,10226.0
2026-04-30,0,2004.0,3.55,8.53,3402.0,1451.0,2376.0,5.4,6.36,6.22,7229.0
2026-04-30,1,2326.0,3.85,8.36,3458.0,1380.0,2259.0,5.49,6.44,6.3,7097.0
2026-04-30,2,2577.0,4.19,9.62,3625.0,1441.0,2353.0,6.03,6.99,6.85,7419.0
2026-04-30,3,8636.0,4.63,8.86,3749.0,1338.0,2563.0,6.14,7.02,6.93,7650.0
2026-04-30,4,13427.0,5.16,6.92,4301.0,2349.0,4748.0,8.84,9.52,9.72,11398.0
2026-04-30,5,15742.0,5.27,6.56,5106.0,3187.0,6259.0,12.53,13.11,13.55,14552.0
2026-04-30,6,14299.0,5.17,5.95,5718.0,3474.0,6842.0,14.47,15.01,15.59,16034.0
2026-04-30,7,14141.0,4.83,6.57,6032.0,3623.0,7184.0,14.88,15.41,16.06,16839.0
2026-04-30,8,13758.0,4.4,6.6,5995.0,3599.0,7162.0,14.85,15.4,16.03,16756.0
2026-04-30,9,13972.0,3.97,6.97,5779.0,3496.0,6983.0,14.6,15.17,15.76,16258.0
2026-04-30,10,14148.0,3.73,7.05,5040.0,2998.0,5991.0,11.89,12.53,12.91,14029.0
2026-04-30,11,13936.0,3.91,7.28,4100.0,2329.0,4714.0,9.03,9.75,9.9,11144.0
2026-04-30,12,13636.0,4.19,7.56,4088.0,2385.0,4795.0,9.03,9.72,9.9,11268.0
2026-04-30,13,13931.0,4.4,7.64,4302.0,2604.0,5218.0,9.22,9.9,10.15,12123.0
2026-04-30,14,14171.0,4.58,7.71,4348.0,2648.0,5285.0,9.3,9.99,10.23,12280.0
2026-04-30,15,14338.0,4.78,7.78,4366.0,2668.0,5144.0,9.32,10.01,10.25,12178.0
2026-04-30,16,14429.0,4.96,7.82,4605.0,2843.0,5421.0,10.34,11.0,11.3,12869.0
2026-04-30,17,14452.0,5.01,7.92,5209.0,3231.0,6126.0,12.74,13.34,13.79,14566.0
2026-04-30,18,13918.0,4.79,8.02,5665.0,3521.0,6662.0,14.57,15.13,15.71,15847.0
2026-04-30,19,13310.0,4.42,7.62,5705.0,3526.0,6686.0,14.61,15.17,15.76,15917.0
2026-04-30,20,13246.0,4.0,7.53,5720.0,3567.0,6734.0,14.7,15.24,15.85,16021.0
2026-04-30,21,13059.0,3.61,7.41,5347.0,3426.0,6406.0,13.74,14.3,14.83,15179.0
2026-04-30,22,13905.0,3.37,6.74,4873.0,3166.0,5920.0,11.76,12.36,12.77,13958.0
2026-04-30,23,15385.0,3.54,5.78,4203.0,2662.0,4994.0,9.33,9.99,10.23,11859.0
2026-05-01,0,10812.0,3.96,4.56,3673.0,1230.0,2758.0,5.89,6.69,6.67,7661.0
2026-05-01,1,10422.0,4.28,4.86,3629.0,1163.0,2667.0,5.86,6.66,6.62,7459.0
2026-05-01,2,10903.0,4.64,5.12,3641.0,1150.0,2665.0,6.06,6.86,6.83,7456.0
2026-05-01,3,10377.0,5.01,5.33,3526.0,1132.0,2577.0,5.96,6.76,6.7,7235.0
2026-05-01,4,10372.0,5.24,5.01,3886.0,1966.0,3907.0,7.79,8.51,8.63,9759.0
2026-05-01,5,13125.0,5.12,5.76,4548.0,3030.0,5649.0,11.27,11.87,12.24,13227.0
2026-05-01,6,14054.0,5.04,6.92,5199.0,3362.0,6287.0,13.57,14.13,14.64,14848.0
2026-05-01,7,13967.0,4.77,7.02,5583.0,3575.0,6701.0,14.44,14.99,15.6,15859.0
2026-05-01,8,13816.0,4.41,7.07,5722.0,3664.0,6859.0,14.63,15.18,15.81,16245.0
2026-05-01,9,14378.0,4.05,6.52,5746.0,3660.0,6820.0,14.61,15.17,15.77,16226.0
2026-05-01,10,14366.0,3.77,6.22,5396.0,3449.0,6426.0,13.56,14.16,14.67,15272.0
2026-05-01,11,14269.0,3.71,6.23,4635.0,2920.0,5432.0,11.09,11.75,12.06,12986.0
2026-05-01,12,13081.0,3.89,7.05,4133.0,2563.0,4781.0,9.38,10.08,10.27,11477.0
2026-05-01,13,12076.0,3.94,7.91,4207.0,2618.0,4867.0,9.36,10.06,10.27,11693.0
2026-05-01,14,12666.0,3.95,8.23,4226.0,2684.0,4981.0,9.37,10.06,10.29,11890.0
2026-05-01,15,14352.0,4.1,7.87,4285.0,2723.0,5052.0,9.31,10.0,10.24,12060.0
2026-05-01,16,15297.0,4.37,7.36,4591.0,2900.0,5385.0,10.24,10.91,11.2,12876.0
2026-05-01,17,15317.0,4.54,7.35,5244.0,3283.0,6127.0,12.69,13.29,13.76,14654.0
2026-05-01,18,15241.0,4.45,7.25,5689.0,3522.0,6595.0,14.33,14.89,15.46,15806.0
2026-05-01,19,13313.0,4.21,8.68,5663.0,3497.0,6548.0,14.28,14.84,15.4,15708.0
2026-05-01,20,13146.0,3.85,8.63,5662.0,3459.0,6525.0,14.25,14.8,15.37,15646.0
2026-05-01,21,12818.0,3.47,7.71,5294.0,3251.0,6144.0,13.16,13.74,14.23,14688.0
2026-05-01,22,14359.0,3.39,6.7,4715.0,2917.0,5523.0,11.3,11.93,12.27,13155.0
2026-05-01,23,14589.0,3.6,6.82,4099.0,2413.0,4610.0,8.82,9.5,9.7,11122.0
2026-05-02,0,10257.0,4.01,4.8,3772.0,1180.0,2757.0,5.91,6.68,6.69,7709.0
2026-05-02,1,10164.0,4.27,4.67,3725.0,1143.0,2651.0,5.97,6.74,6.74,7519.0
2026-05-02,2,11280.0,4.63,5.04,3673.0,1128.0,2616.0,6.05,6.82,6.81,7416.0
2026-05-02,3,11830.0,5.14,5.3,3713.0,1124.0,2593.0,6.07,6.84,6.83,7430.0
2026-05-02,4,10263.0,5.47,5.35,4150.0,1833.0,3796.0,7.75,8.45,8.6,9778.0
2026-05-02,5,10162.0,5.18,5.24,4763.0,3038.0,5716.0,11.42,12.02,12.4,13517.0
2026-05-02,6,12801.0,4.77,5.98,5280.0,3292.0,6203.0,13.46,14.03,14.52,14775.0
2026-05-02,7,14543.0,4.54,6.5,5610.0,3425.0,6503.0,14.09,14.65,15.21,15538.0
2026-05-02,8,14939.0,4.37,6.17,5768.0,3529.0,6713.0,14.38,14.93,15.53,16010.0
2026-05-02,9,14364.0,4.1,6.52,5810.0,3556.0,6762.0,14.54,15.1,15.69,16129.0
2026-05-02,10,14227.0,3.84,6.76,5448.0,3327.0,6323.0,13.26,13.86,14.34,15098.0
2026-05-02,11,14155.0,3.8,6.68,4625.0,2709.0,5226.0,10.68,11.36,11.63,12560.0
2026-05-02,12,13797.0,4.04,6.77,4169.0,2448.0,4747.0,9.16,9.88,10.06,11364.0
2026-05-02,13,14232.0,4.3,6.97,4275.0,2487.0,4822.0,9.23,9.94,10.13,11584.0
2026-05-02,14,14468.0,4.59,7.04,4331.0,2628.0,5034.0,9.26,9.96,10.18,11992.0
2026-05-02,15,14579.0,4.85,7.06,4341.0,2623.0,5156.0,9.33,10.03,10.24,12121.0
2026-05-02,16,14699.0,5.08,7.08,4539.0,2772.0,5439.0,10.18,10.85,11.12,12751.0
2026-05-02,17,14293.0,5.15,7.33,5193.0,3211.0,6125.0,12.56,13.17,13.61,14529.0
2026-05-02,18,14142.0,4.93,7.19,5604.0,3464.0,6602.0,14.36,14.92,15.48,15670.0
2026-05-02,19,13928.0,4.67,7.02,5562.0,3406.0,6499.0,14.18,14.74,15.29,15466.0
2026-05-02,20,13863.0,4.36,6.97,5713.0,3509.0,6692.0,14.4,14.95,15.55,15915.0
2026-05-02,21,12901.0,4.01,6.41,5349.0,3299.0,6292.0,13.29,13.86,14.37,14940.0
2026-05-02,22,13298.0,3.83,6.12,4662.0,2888.0,5478.0,11.13,11.76,12.1,13028.0
2026-05-02,23,13028.0,3.9,6.0,4088.0,2395.0,4602.0,8.77,9.46,9.65,11084.0
2026-05-03,0,10659.0,4.18,5.14,3756.0,1174.0,2734.0,5.96,6.76,6.69,7664.0
2026-05-03,1,10635.0,4.53,5.21,3638.0,1104.0,2663.0,5.95,6.74,6.67,7405.0
2026-05-03,2,10995.0,4.92,5.49,3557.0,1116.0,2543.0,5.99,6.79,6.71,7216.0
2026-05-03,3,10338.0,5.31,6.93,3493.0,1119.0,2472.0,6.0,6.8,6.7,7084.0
2026-05-03,4,9088.0,5.46,6.68,3918.0,1995.0,3970.0,7.97,8.69,8.76,9883.0
2026-05-03,5,11403.0,5.2,4.62,4603.0,3031.0,5658.0,11.36,11.97,12.33,13292.0
2026-05-03,6,15045.0,5.01,5.86,5152.0,3315.0,6214.0,13.51,14.09,14.57,14681.0
2026-05-03,7,14813.0,4.94,6.66,5391.0,3491.0,6532.0,14.22,14.78,15.33,15414.0
2026-05-03,8,14232.0,4.69,6.92,5724.0,3630.0,6815.0,14.54,15.09,15.71,16169.0
2026-05-03,9,13956.0,4.31,7.08,5762.0,3672.0,6885.0,14.66,15.22,15.83,16319.0
2026-05-03,10,13882.0,3.96,7.04,5482.0,3486.0,6531.0,13.68,14.28,14.8,15499.0
2026-05-03,11,13781.0,3.81,6.81,4723.0,2908.0,5476.0,11.08,11.75,12.06,13106.0
2026-05-03,12,13747.0,3.93,6.76,4302.0,2643.0,4964.0,9.52,10.24,10.45,11909.0
2026-05-03,13,13783.0,4.1,6.75,4273.0,2681.0,5012.0,9.53,10.24,10.45,11967.0
2026-05-03,14,13914.0,4.29,6.76,4254.0,2746.0,5079.0,9.53,10.23,10.45,12079.0
2026-05-03,15,14068.0,4.45,6.75,4344.0,2799.0,5195.0,9.53,10.21,10.46,12338.0
2026-05-03,16,14144.0,4.59,6.76,4582.0,2934.0,5452.0,10.3,10.96,11.27,12967.0
2026-05-03,17,14115.0,4.6,6.73,5209.0,3280.0,6107.0,12.49,13.1,13.57,14596.0
2026-05-03,18,14138.0,4.35,6.7,5675.0,3587.0,6688.0,14.48,15.04,15.64,15950.0
2026-05-03,19,14290.0,4.09,6.74,5603.0,3524.0,6552.0,14.33,14.89,15.44,15680.0
2026-05-03,20,14602.0,3.88,6.85,5632.0,3521.0,6569.0,14.26,14.82,15.38,15721.0
2026-05-03,21,14762.0,3.73,6.93,5254.0,3278.0,6136.0,13.2,13.79,14.26,14668.0
2026-05-03,22,14759.0,3.78,6.92,4713.0,3025.0,5628.0,11.25,11.87,12.23,13366.0
2026-05-03,23,14923.0,4.01,7.0,4172.0,2588.0,4871.0,9.14,9.8,10.03,11631.0
2026-05-04,0,10475.0,4.43,4.95,3778.0,1185.0,2708.0,5.9,6.71,6.68,7670.0
2026-05-04,1,9769.0,4.65,4.62,3785.0,1127.0,2654.0,5.95,6.75,6.71,7566.0
2026-05-04,2,10120.0,4.95,5.3,3644.0,1107.0,2552.0,5.96,6.76,6.71,7303.0
2026-05-04,3,8889.0,5.19,6.34,3603.0,1120.0,2492.0,6.0,6.81,6.73,7216.0
2026-05-04,4,10181.0,5.31,6.77,3955.0,1885.0,3780.0,7.68,8.42,8.5,9620.0
2026-05-04,5,13765.0,5.3,6.42,4648.0,2985.0,5603.0,11.25,11.86,12.22,13236.0
2026-05-04,6,14372.0,5.24,6.68,5471.0,3372.0,6389.0,13.65,14.22,14.73,15232.0
2026-05-04,7,14184.0,4.95,6.66,5901.0,3624.0,6870.0,14.72,15.26,15.89,16395.0
2026-05-04,8,14048.0,4.6,7.7,6061.0,3706.0,7024.0,14.9,15.44,16.1,16791.0
2026-05-04,9,13467.0,4.12,7.9,6076.0,3722.0,7081.0,14.96,15.51,16.18,16879.0
2026-05-04,10,13321.0,3.66,7.86,5662.0,3471.0,6586.0,13.64,14.23,14.75,15719.0
2026-05-04,11,13287.0,3.46,7.74,4776.0,2800.0,5367.0,10.9,11.6,11.87,12942.0
2026-05-04,12,13726.0,3.58,7.3,4375.0,2491.0,4811.0,9.24,9.97,10.15,11677.0
2026-05-04,13,14027.0,3.83,7.15,4304.0,2478.0,4817.0,9.17,9.89,10.07,11598.0
2026-05-04,14,14006.0,4.07,7.11,4411.0,2641.0,5070.0,9.31,10.02,10.24,12122.0
2026-05-04,15,13955.0,4.25,7.04,4397.0,2681.0,5149.0,9.38,10.07,10.3,12228.0
2026-05-04,16,14153.0,4.37,6.87,4835.0,2895.0,5543.0,10.46,11.11,11.43,13272.0
2026-05-04,17,14211.0,4.34,6.52,5400.0,3278.0,6281.0,12.81,13.39,13.89,14959.0
2026-05-04,18,13977.0,4.1,6.44,5627.0,3437.0,6716.0,14.26,14.81,15.38,15779.0
2026-05-04,19,13847.0,3.81,6.45,5469.0,3348.0,6661.0,14.01,14.58,15.12,15478.0
2026-05-04,20,13712.0,3.52,6.41,5474.0,3361.0,6672.0,13.97,14.53,15.09,15507.0
2026-05-04,21,13749.0,3.27,6.47,5126.0,3164.0,6279.0,12.85,13.44,13.9,14569.0
2026-05-04,22,14229.0,3.2,6.76,4627.0,2929.0,5770.0,11.02,11.64,11.99,13326.0
2026-05-04,23,14497.0,3.38,6.92,4074.0,2304.0,4661.0,8.61,9.3,9.49,11039.0
2026-05-05,0,10075.0,3.79,4.74,3700.0,1093.0,2757.0,5.88,6.65,6.66,7549.0
2026-05-05,1,9797.0,4.02,4.42,3606.0,1053.0,2650.0,5.87,6.64,6.62,7310.0
2026-05-05,2,9991.0,4.3,4.48,3643.0,1053.0,2646.0,6.06,6.84,6.83,7342.0
2026-05-05,3,11474.0,4.63,5.08,3682.0,1101.0,2731.0,6.3,7.07,7.06,7514.0
2026-05-05,4,13525.0,5.08,4.98,4027.0,2233.0,4542.0,8.64,9.31,9.5,10801.0
2026-05-05,5,14030.0,5.17,5.5,4759.0,3093.0,6018.0,12.14,12.73,13.13,13870.0
2026-05-05,6,13954.0,5.02,6.88,5369.0,3370.0,6579.0,14.1,14.66,15.18,15318.0
2026-05-05,7,14024.0,4.72,7.36,5737.0,3569.0,6982.0,14.53,15.08,15.69,16289.0
2026-05-05,8,13848.0,4.34,7.49,5679.0,3558.0,6963.0,14.54,15.1,15.7,16200.0
2026-05-05,9,14440.0,4.03,7.02,5566.0,3483.0,6804.0,14.31,14.88,15.42,15854.0
2026-05-05,10,14310.0,3.85,7.2,4953.0,3078.0,6040.0,12.15,12.78,13.15,14071.0
2026-05-05,11,14351.0,4.05,7.16,3947.0,2405.0,4737.0,9.07,9.79,9.94,11089.0
2026-05-05,12,13475.0,4.33,7.87,4002.0,2510.0,4911.0,9.19,9.91,10.07,11423.0
2026-05-05,13,12064.0,4.4,9.12,4109.0,2591.0,5048.0,9.24,9.95,10.13,11749.0
2026-05-05,14,12073.0,4.31,8.43,4174.0,2625.0,5139.0,9.17,9.87,10.07,11938.0
2026-05-05,15,13625.0,4.42,7.03,4130.0,2650.0,5155.0,9.17,9.87,10.07,11935.0
2026-05-05,16,13684.0,4.53,7.03,4460.0,2842.0,5520.0,10.21,10.87,11.16,12822.0
2026-05-05,17,13601.0,4.47,6.95,5119.0,3258.0,6324.0,12.71,13.31,13.76,14701.0
2026-05-05,18,15063.0,4.23,5.78,5577.0,3574.0,6902.0,14.55,15.11,15.68,16053.0
2026-05-05,19,14796.0,4.02,5.61,5565.0,3581.0,6906.0,14.54,15.1,15.67,16052.0
2026-05-05,20,14506.0,3.76,5.47,5635.0,3616.0,6975.0,14.54,15.08,15.68,16227.0
2026-05-05,21,14356.0,3.51,5.39,5398.0,3436.0,6632.0,13.69,14.26,14.78,15465.0
2026-05-05,22,14289.0,3.36,5.36,4898.0,3186.0,6115.0,11.69,12.3,12.71,14199.0
2026-05-05,23,14459.0,3.48,5.41,4073.0,2565.0,4949.0,8.97,9.65,9.85,11588.0
2026-05-06,0,10039.0,3.8,4.07,3859.0,1212.0,2902.0,5.91,6.72,6.67,7973.0
2026-05-06,1,10925.0,4.04,4.3,3818.0,1153.0,2809.0,6.15,6.95,6.89,7780.0
2026-05-06,2,13134.0,4.6,4.94,3694.0,1081.0,2686.0,6.0,6.8,6.72,7460.0
2026-05-06,3,10546.0,5.15,6.3,3752.0,1133.0,2788.0,6.31,7.1,7.03,7673.0
2026-05-06,4,9366.0,5.19,6.39,4177.0,2373.0,4727.0,8.88,9.57,9.73,11277.0
2026-05-06,5,11342.0,4.76,6.24,4931.0,3148.0,6115.0,12.25,12.85,13.25,14195.0
2026-05-06,6,15190.0,4.47,7.26,5522.0,3424.0,6698.0,14.17,14.74,15.28,15643.0
2026-05-06,7,17365.0,4.45,6.51,5934.0,3640.0,7161.0,14.73,15.27,15.91,16735.0
2026-05-06,8,13912.0,4.24,5.53,5925.0,3631.0,7160.0,14.77,15.32,15.94,16715.0
2026-05-06,9,12966.0,3.75,6.33,5818.0,3536.0,6992.0,14.67,15.25,15.82,16346.0
2026-05-06,10,13766.0,3.42,6.8,4940.0,2977.0,5883.0,11.75,12.41,12.76,13801.0
2026-05-06,11,14318.0,3.58,6.99,4238.0,2435.0,4855.0,9.17,9.9,10.06,11528.0
2026-05-06,12,14585.0,3.9,7.13,4281.0,2521.0,4999.0,9.19,9.91,10.09,11801.0
2026-05-06,13,14766.0,4.21,7.24,4325.0,2588.0,5139.0,9.22,9.93,10.14,12053.0
2026-05-06,14,14957.0,4.5,7.24,4400.0,2616.0,5186.0,9.32,10.01,10.23,12203.0
2026-05-06,15,15079.0,4.82,7.2,4363.0,2624.0,5194.0,9.32,10.0,10.23,12181.0
2026-05-06,16,15150.0,5.12,7.26,4634.0,2780.0,5499.0,10.28,10.93,11.22,12913.0
2026-05-06,17,14781.0,5.22,7.61,5313.0,3203.0,6355.0,12.7,13.3,13.77,14872.0
2026-05-06,18,14322.0,5.01,7.28,5793.0,3516.0,6988.0,14.53,15.09,15.68,16296.0
2026-05-06,19,13995.0,4.66,7.06,5797.0,3545.0,7030.0,14.56,15.1,15.7,16373.0
2026-05-06,20,13839.0,4.27,6.93,5835.0,3552.0,7077.0,14.54,15.08,15.69,16465.0
2026-05-06,21,13600.0,3.89,6.78,5599.0,3450.0,6836.0,13.53,14.08,14.63,15885.0
2026-05-06,22,13443.0,3.64,6.68,4533.0,3180.0,6166.0,11.46,12.03,12.42,13878.0
2026-05-06,23,13614.0,3.67,6.78,3873.0,2473.0,4889.0,8.66,9.33,9.52,11235.0
2026-05-07,0,10283.0,3.98,5.08,3582.0,1308.0,3021.0,5.79,6.58,6.56,7912.0
2026-05-07,1,10461.0,4.25,5.14,3491.0,1269.0,2912.0,5.81,6.59,6.56,7672.0
2026-05-07,2,10790.0,4.58,5.28,3401.0,1276.0,2917.0,6.01,6.8,6.76,7594.0
2026-05-07,3,11024.0,4.94,5.36,3482.0,1284.0,2945.0,6.36,7.15,7.12,7711.0
2026-05-07,4,12031.0,5.22,4.95,3717.0,2516.0,4883.0,9.0,9.66,9.84,11116.0
2026-05-07,5,11325.0,5.05,4.68,4583.0,3225.0,6221.0,12.35,12.92,13.33,14028.0
2026-05-07,6,12825.0,4.53,5.22,5528.0,3537.0,6972.0,14.47,15.01,15.62,16037.0
2026-05-07,7,14013.0,4.07,5.38,6004.0,3706.0,7328.0,14.78,15.32,16.01,17038.0
2026-05-07,8,15422.0,3.65,5.87,6081.0,3712.0,7314.0,14.89,15.42,16.11,17107.0
2026-05-07,9,16620.0,3.49,6.35,5952.0,3631.0,7166.0,14.78,15.34,15.98,16749.0
2026-05-07,10,16672.0,3.51,6.69,5104.0,3088.0,6072.0,11.99,12.63,13.02,14264.0
2026-05-07,11,15553.0,3.95,8.5,4088.0,2397.0,4754.0,9.14,9.87,10.01,11239.0
2026-05-07,12,15328.0,4.39,8.89,4096.0,2464.0,4856.0,9.14,9.85,10.01,11416.0
2026-05-07,13,14167.0,4.75,8.36,4164.0,2595.0,5086.0,9.25,9.95,10.15,11844.0
2026-05-07,14,13961.0,4.92,8.25,4205.0,2683.0,5241.0,9.3,10.0,10.22,12128.0
2026-05-07,15,14129.0,5.1,8.36,4198.0,2683.0,5228.0,9.31,10.01,10.22,12109.0
2026-05-07,16,13877.0,5.26,8.21,4401.0,2796.0,5461.0,10.15,10.83,11.09,12658.0
2026-05-07,17,13659.0,5.22,7.84,5083.0,3179.0,6204.0,12.55,13.17,13.59,14465.0
2026-05-07,18,13587.0,4.92,7.68,5610.0,3525.0,6875.0,14.51,15.07,15.64,16010.0
2026-05-07,19,13256.0,4.52,7.46,5636.0,3551.0,6904.0,14.55,15.11,15.69,16091.0
2026-05-07,20,12840.0,4.06,7.14,5658.0,3554.0,6906.0,14.54,15.09,15.68,16118.0
2026-05-07,21,13189.0,3.64,7.1,5350.0,3385.0,6548.0,13.66,14.24,14.74,15283.0
2026-05-07,22,13550.0,3.42,6.83,4696.0,3062.0,5894.0,11.7,12.32,12.69,13652.0
2026-05-07,23,13491.0,3.45,6.67,4047.0,2583.0,4979.0,8.98,9.65,9.87,11609.0
2026-05-08,0,10556.0,3.74,5.18,3658.0,1210.0,2805.0,5.92,6.7,6.7,7673.0
2026-05-08,1,10968.0,4.1,5.35,3684.0,1145.0,2710.0,5.95,6.72,6.7,7539.0
2026-05-08,2,11635.0,4.52,5.66,3688.0,1135.0,2697.0,6.1,6.88,6.86,7520.0
2026-05-08,3,12519.0,5.07,6.43,3755.0,1186.0,2786.0,6.35,7.12,7.12,7727.0
2026-05-08,4,11899.0,5.4,6.24,4163.0,2488.0,4887.0,9.13,9.77,10.01,11538.0
2026-05-08,5,13942.0,5.3,6.67,4957.0,3240.0,6240.0,12.65,13.23,13.64,14436.0
2026-05-08,6,15165.0,5.17,7.34,5614.0,3490.0,6777.0,14.45,15.01,15.55,15881.0
2026-05-08,7,14545.0,4.93,7.21,5836.0,3606.0,7042.0,14.64,15.19,15.8,16485.0
2026-05-08,8,14268.0,4.59,7.33,5859.0,3598.0,7053.0,14.64,15.2,15.8,16510.0
2026-05-08,9,14105.0,4.24,7.41,5766.0,3545.0,6955.0,14.61,15.19,15.75,16266.0
2026-05-08,10,13312.0,3.95,8.0,4966.0,3007.0,5924.0,11.84,12.49,12.84,13897.0
2026-05-08,11,13436.0,4.05,8.15,4160.0,2379.0,4736.0,9.1,9.83,9.96,11274.0
2026-05-08,12,13991.0,4.29,8.39,4142.0,2442.0,4846.0,9.03,9.76,9.91,11430.0
2026-05-08,13,13744.0,4.54,8.18,4228.0,2556.0,5067.0,9.2,9.91,10.1,11850.0
2026-05-08,14,13962.0,4.74,7.8,4268.0,2539.0,5026.0,9.18,9.89,10.07,11833.0
2026-05-08,15,14009.0,4.97,7.73,4264.0,2573.0,5071.0,9.2,9.89,10.09,11908.0
2026-05-08,16,14015.0,5.13,7.7,4678.0,2791.0,5530.0,10.16,10.82,11.11,12999.0
2026-05-08,17,13968.0,5.11,7.67,5374.0,3183.0,6302.0,12.6,13.2,13.65,14860.0
2026-05-08,18,13488.0,4.8,7.28,5802.0,3475.0,6899.0,14.45,15.0,15.58,16177.0
2026-05-08,19,13510.0,4.42,7.13,5740.0,3411.0,6785.0,14.35,14.92,15.48,15937.0
2026-05-08,20,13490.0,4.08,7.13,5654.0,3398.0,6743.0,14.34,14.9,15.46,15794.0
2026-05-08,21,13404.0,3.76,7.05,5371.0,3229.0,6423.0,13.42,14.0,14.48,15023.0
2026-05-08,22,13421.0,3.59,7.08,4802.0,2876.0,5723.0,11.42,12.04,12.38,13400.0
2026-05-08,23,14204.0,3.72,7.61,4045.0,2352.0,4741.0,8.88,9.56,9.74,11138.0
2026-05-09,0,10148.0,4.08,5.21,3800.0,1145.0,2819.0,5.86,6.66,6.63,7764.0
2026-05-09,1,9730.0,4.3,4.99,3756.0,1102.0,2743.0,5.87,6.67,6.63,7600.0
2026-05-09,2,10088.0,4.56,5.15,3687.0,1058.0,2680.0,5.89,6.68,6.63,7425.0
2026-05-09,3,10291.0,4.88,5.25,3643.0,1055.0,2592.0,5.86,6.66,6.59,7290.0
2026-05-09,4,11648.0,5.22,4.46,4055.0,1766.0,3827.0,7.47,8.21,8.29,9648.0
2026-05-09,5,13201.0,5.21,4.79,4716.0,2941.0,5835.0,11.1,11.71,12.07,13492.0
2026-05-09,6,14259.0,5.09,6.37,5365.0,3281.0,6535.0,13.57,14.14,14.64,15182.0
2026-05-09,7,14174.0,4.84,7.14,5614.0,3406.0,6788.0,14.13,14.69,15.24,15808.0
2026-05-09,8,14415.0,4.54,6.81,5775.0,3467.0,6935.0,14.25,14.8,15.39,16177.0
2026-05-09,9,14609.0,4.25,6.55,5923.0,3527.0,7050.0,14.33,14.89,15.5,16499.0
2026-05-09,10,14464.0,3.93,6.79,5744.0,3344.0,6728.0,13.43,14.03,14.56,15816.0
2026-05-09,11,14427.0,3.85,6.76,4682.0,2758.0,5509.0,10.88,11.57,11.84,12949.0
2026-05-09,12,14423.0,4.08,6.68,4230.0,2482.0,4967.0,9.32,10.04,10.21,11679.0
2026-05-09,13,14461.0,4.37,6.67,4156.0,2493.0,4941.0,9.28,10.01,10.17,11589.0
2026-05-09,14,14354.0,4.67,6.82,4210.0,2544.0,5023.0,9.25,9.95,10.13,11778.0
2026-05-09,15,14385.0,4.94,6.85,4252.0,2616.0,5134.0,9.26,9.95,10.15,12002.0
2026-05-09,16,12404.0,5.03,8.01,4454.0,2762.0,5400.0,9.77,10.44,10.69,12616.0
2026-05-09,17,12430.0,4.83,7.56,5110.0,3168.0,6214.0,12.24,12.84,13.26,14491.0
2026-05-09,18,14429.0,4.53,5.98,5473.0,3424.0,6699.0,13.95,14.52,15.04,15596.0
2026-05-09,19,14318.0,4.31,5.87,5466.0,3417.0,6694.0,13.89,14.46,14.99,15576.0
2026-05-09,20,14769.0,4.07,5.38,5557.0,3477.0,6812.0,14.01,14.58,15.13,15845.0
2026-05-09,21,14728.0,3.93,5.29,5066.0,3196.0,6259.0,12.88,13.47,13.91,14521.0
2026-05-09,22,14779.0,3.99,5.32,4535.0,2846.0,5558.0,11.06,11.69,11.99,12939.0
2026-05-09,23,14882.0,4.27,5.38,3853.0,2449.0,4797.0,8.98,9.66,9.84,11099.0
2026-05-10,0,9852.0,4.64,5.36,3647.0,1172.0,2865.0,5.96,6.75,6.69,7684.0
2026-05-10,1,9246.0,4.8,6.96,3517.0,1142.0,2773.0,5.91,6.7,6.63,7432.0
2026-05-10,2,9237.0,5.01,6.96,3391.0,1078.0,2602.0,5.72,6.51,6.41,7070.0
2026-05-10,3,9283.0,5.23,7.03,3401.0,1066.0,2611.0,5.83,6.6,6.49,7078.0
2026-05-10,4,8367.0,5.34,7.27,3714.0,1739.0,3687.0,7.32,8.06,8.05,9140.0
2026-05-10,5,10499.0,4.96,5.67,4373.0,2919.0,5655.0,10.91,11.53,11.81,12948.0
2026-05-10,6,15997.0,4.88,5.74,4945.0,3202.0,6185.0,13.12,13.71,14.14,14332.0
2026-05-10,7,16226.0,5.0,5.88,5260.0,3341.0,6476.0,13.65,14.24,14.72,15077.0
2026-05-10,8,15945.0,5.01,5.93,5511.0,3500.0,6786.0,13.98,14.55,15.09,15797.0
2026-05-10,9,15660.0,4.91,6.05,5723.0,3611.0,7007.0,14.27,14.83,15.42,16341.0
2026-05-10,10,14462.0,4.69,6.84,5551.0,3514.0,6803.0,13.64,14.23,14.75,15868.0
2026-05-10,11,14186.0,4.56,7.01,4771.0,2927.0,5684.0,11.15,11.82,12.12,13381.0
2026-05-10,12,13852.0,4.72,7.1,4245.0,2563.0,4986.0,9.36,10.07,10.24,11794.0
2026-05-10,13,13880.0,4.83,7.03,4658.0,2957.0,5717.0,9.97,10.62,10.92,13332.0
2026-05-10,14,13977.0,4.85,7.12,4715.0,2947.0,5718.0,9.92,10.58,10.89,13380.0
2026-05-10,15,14095.0,4.89,7.26,4676.0,2940.0,5698.0,9.88,10.55,10.85,13314.0
2026-05-10,16,13623.0,4.91,6.97,4763.0,2953.0,5753.0,10.35,11.01,11.33,13469.0
2026-05-10,17,13544.0,4.81,6.84,5247.0,3209.0,6286.0,12.46,13.06,13.51,14741.0
2026-05-10,18,13455.0,4.49,6.7,5584.0,3456.0,6781.0,14.26,14.82,15.38,15821.0
2026-05-10,19,13518.0,4.14,6.69,5585.0,3427.0,6765.0,14.1,14.66,15.22,15778.0
2026-05-10,20,13455.0,3.76,6.68,5713.0,3484.0,6881.0,14.23,14.79,15.35,16078.0
2026-05-10,21,13387.0,3.41,6.63,5343.0,3254.0,6424.0,13.25,13.84,14.31,15021.0
2026-05-10,22,14156.0,3.29,6.8,4680.0,2875.0,5671.0,11.21,11.84,12.17,13226.0
2026-05-10,23,14662.0,3.51,6.79,4009.0,2411.0,4774.0,8.98,9.67,9.84,11193.0
2026-05-11,0,9775.0,3.87,4.58,3786.0,1152.0,2775.0,5.84,6.65,6.6,7712.0
2026-05-11,1,11851.0,4.19,5.42,3741.0,1112.0,2722.0,5.88,6.68,6.63,7575.0
2026-05-11,2,11645.0,4.74,5.3,3725.0,1103.0,2737.0,6.1,6.9,6.86,7566.0
2026-05-11,3,9798.0,5.07,4.53,3777.0,1117.0,2792.0,6.28,7.07,7.04,7685.0
2026-05-11,4,10743.0,5.16,4.18,4248.0,2446.0,4862.0,9.09,9.76,9.95,11556.0
2026-05-11,5,11533.0,4.83,4.36,5020.0,3125.0,6130.0,12.31,12.9,13.32,14275.0
2026-05-11,6,15385.0,4.53,5.67,5578.0,3372.0,6669.0,14.14,14.7,15.23,15619.0
2026-05-11,7,17318.0,4.59,6.66,5851.0,3511.0,6970.0,14.5,15.06,15.65,16333.0
2026-05-11,8,14860.0,4.48,8.18,5928.0,3547.0,7056.0,14.63,15.2,15.81,16530.0
2026-05-11,9,14096.0,4.15,8.69,5889.0,3465.0,6913.0,14.51,15.09,15.64,16267.0
2026-05-11,10,13798.0,3.92,8.52,4971.0,2970.0,5927.0,11.79,12.44,12.79,13868.0
2026-05-11,11,13194.0,4.0,8.05,4187.0,2368.0,4786.0,9.16,9.89,10.03,11341.0
2026-05-11,12,13338.0,4.18,8.1,4155.0,2451.0,4922.0,9.13,9.85,10.01,11527.0
2026-05-11,13,13651.0,4.36,8.26,4185.0,2501.0,4999.0,9.12,9.83,10.01,11686.0
2026-05-11,14,14407.0,4.61,8.41,4148.0,2502.0,4984.0,9.14,9.85,10.03,11633.0
2026-05-11,15,14948.0,4.94,8.14,4215.0,2544.0,5078.0,9.23,9.94,10.13,11837.0
2026-05-11,16,14800.0,5.24,8.07,4461.0,2719.0,5393.0,10.13,10.81,11.06,12573.0
2026-05-11,17,14169.0,5.28,7.64,5271.0,3214.0,6358.0,12.77,13.38,13.82,14843.0
2026-05-11,18,14117.0,5.02,7.52,5707.0,3476.0,6866.0,14.42,14.99,15.56,16048.0
2026-05-11,19,14025.0,4.7,7.39,5741.0,3504.0,6914.0,14.45,15.01,15.6,16159.0
2026-05-11,20,13534.0,4.31,7.07,5748.0,3548.0,6974.0,14.55,15.1,15.71,16270.0
2026-05-11,21,13353.0,3.92,6.95,5428.0,3368.0,6597.0,13.63,14.21,14.73,15394.0
2026-05-11,22,13287.0,3.71,6.93,4740.0,2978.0,5814.0,11.49,12.11,12.47,13531.0
2026-05-11,23,13539.0,3.74,7.04,4124.0,2534.0,4981.0,8.96,9.64,9.86,11638.0
2026-05-12,0,9448.0,3.98,4.87,3698.0,1191.0,2837.0,5.85,6.66,6.62,7727.0
2026-05-12,1,9198.0,4.11,4.46,3598.0,1131.0,2728.0,5.86,6.66,6.62,7457.0
2026-05-12,2,10259.0,4.35,4.09,3600.0,1100.0,2689.0,6.06,6.87,6.83,7389.0
2026-05-12,3,10285.0,4.66,4.04,3625.0,1115.0,2713.0,6.2,7.01,6.97,7453.0
2026-05-12,4,10226.0,4.79,4.02,4085.0,2305.0,4629.0,8.71,9.41,9.59,11020.0
2026-05-12,5,17844.0,4.86,6.68,4738.0,3119.0,6044.0,12.26,12.86,13.27,13902.0
2026-05-12,6,16812.0,5.19,7.22,5279.0,3397.0,6612.0,14.06,14.62,15.14,15288.0
2026-05-12,7,14168.0,5.02,6.73,5716.0,3682.0,7082.0,14.66,15.16,15.89,16479.0
2026-05-12,8,14340.0,4.68,6.95,5570.0,3559.0,6778.0,14.49,15.03,15.75,15907.0
2026-05-12,9,13873.0,4.4,7.12,5399.0,3464.0,6715.0,14.13,14.7,15.27,15578.0
2026-05-12,10,14262.0,4.24,7.39,4638.0,2948.0,5742.0,11.33,11.95,12.29,13328.0
2026-05-12,11,13658.0,4.45,8.07,3857.0,2474.0,4781.0,8.85,9.54,9.73,11112.0
2026-05-12,12,13902.0,4.69,8.34,3991.0,2558.0,4930.0,8.94,9.63,9.83,11479.0
2026-05-12,13,13998.0,4.95,8.49,4012.0,2567.0,4945.0,8.94,9.64,9.83,11524.0
2026-05-12,14,13262.0,5.21,10.88,3971.0,2524.0,4863.0,8.89,9.59,9.77,11358.0
2026-05-12,15,11760.0,5.26,12.16,4073.0,2586.0,4977.0,8.97,9.67,9.86,11635.0
2026-05-12,16,11424.0,5.12,11.57,4533.0,2828.0,5475.0,10.08,10.74,11.02,12837.0
2026-05-12,17,11449.0,4.8,10.91,5127.0,3171.0,6160.0,12.43,13.04,13.46,14458.0
2026-05-12,18,13645.0,4.4,8.98,5608.0,3477.0,6773.0,14.15,14.72,15.27,15858.0
2026-05-12,19,12904.0,3.99,6.88,5658.0,3525.0,6852.0,14.29,14.84,15.42,16035.0
2026-05-12,20,13994.0,3.59,5.77,5758.0,3579.0,6981.0,14.43,14.97,15.58,16318.0
2026-05-12,21,14069.0,3.3,5.19,5511.0,3447.0,6705.0,13.46,14.02,14.56,15663.0
2026-05-12,22,13743.0,3.1,5.07,4863.0,3045.0,5948.0,11.47,12.08,12.46,13856.0
2026-05-12,23,13665.0,3.17,5.04,4212.0,2336.0,4685.0,8.56,9.25,9.44,11232.0
2026-05-13,0,9898.0,3.47,3.93,3788.0,1161.0,2803.0,5.78,6.55,6.55,7752.0
2026-05-13,1,10323.0,3.7,4.03,3781.0,1109.0,2769.0,5.82,6.6,6.6,7659.0
2026-05-13,2,10842.0,4.05,4.16,3730.0,1080.0,2681.0,5.89,6.68,6.66,7490.0
2026-05-13,3,11036.0,4.45,4.22,3693.0,1066.0,2645.0,5.9,6.68,6.66,7404.0
2026-05-13,4,12257.0,4.86,4.59,4017.0,1779.0,3813.0,7.46,8.17,8.27,9610.0
2026-05-13,5,14882.0,5.03,5.56,4732.0,2986.0,5859.0,11.2,11.81,12.17,13576.0
2026-05-13,6,14804.0,4.98,6.36,5613.0,3421.0,6750.0,13.85,14.41,14.96,15784.0
2026-05-13,7,14869.0,4.74,6.48,5968.0,3606.0,7133.0,14.46,15.01,15.65,16707.0
2026-05-13,8,14647.0,4.45,6.39,5900.0,3543.0,7003.0,14.39,14.94,15.55,16446.0
2026-05-13,9,14439.0,4.17,6.44,5741.0,3510.0,6902.0,14.33,14.9,15.48,16154.0
2026-05-13,10,14158.0,3.91,6.55,5527.0,3298.0,6521.0,13.25,13.86,14.33,15345.0
2026-05-13,11,14174.0,3.82,6.52,4752.0,2819.0,5612.0,10.81,11.48,11.77,13182.0
2026-05-13,12,14186.0,4.02,6.41,4258.0,2542.0,5049.0,9.08,9.78,9.97,11849.0
2026-05-13,13,14320.0,4.27,6.49,4330.0,2563.0,5120.0,9.19,9.9,10.1,12012.0
2026-05-13,14,14500.0,4.51,6.53,4414.0,2634.0,5269.0,9.18,9.89,10.11,12317.0
2026-05-13,15,14618.0,4.74,6.58,4421.0,2640.0,5281.0,9.19,9.89,10.12,12342.0
2026-05-13,16,14723.0,4.97,6.6,4601.0,2774.0,5535.0,9.89,10.56,10.84,12910.0
2026-05-13,17,14802.0,5.03,6.6,5317.0,3233.0,6439.0,12.47,13.07,13.55,14989.0
2026-05-13,18,14687.0,4.82,6.49,5728.0,3500.0,6968.0,14.16,14.71,15.31,16196.0
2026-05-13,19,14898.0,4.56,6.57,5732.0,3519.0,6998.0,14.14,14.69,15.3,16248.0
2026-05-13,20,14672.0,4.29,6.44,5822.0,3586.0,7109.0,14.3,14.83,15.47,16517.0
2026-05-13,21,14675.0,4.01,6.46,5487.0,3388.0,6715.0,13.38,13.94,14.47,15590.0
2026-05-13,22,14240.0,3.96,6.23,4751.0,2983.0,5875.0,11.27,11.89,12.25,13609.0
2026-05-13,23,13578.0,4.01,5.89,4257.0,2579.0,5112.0,9.07,9.74,9.97,11947.0
2026-05-14,0,9193.0,4.2,4.4,3777.0,1157.0,2922.0,5.81,6.6,6.54,7856.0
2026-05-14,1,10858.0,4.43,5.39,3726.0,1095.0,2796.0,5.87,6.67,6.6,7618.0
2026-05-14,2,11078.0,4.81,5.79,3682.0,1099.0,2776.0,6.05,6.85,6.77,7557.0
2026-05-14,3,10211.0,5.18,5.35,3687.0,1136.0,2827.0,6.28,7.07,7.0,7651.0
2026-05-14,4,11223.0,5.29,4.36,4146.0,2427.0,4892.0,9.03,9.7,9.81,11465.0
2026-05-14,5,13660.0,5.11,5.04,5004.0,3206.0,6269.0,12.37,12.95,13.37,14480.0
2026-05-14,6,16091.0,4.99,5.91,5677.0,3574.0,6979.0,14.32,14.87,15.48,16230.0
2026-05-14,7,15015.0,4.79,6.91,5883.0,3729.0,7280.0,14.72,15.26,15.91,16893.0
2026-05-14,8,15025.0,4.49,6.7,5744.0,3612.0,7068.0,14.55,15.11,15.71,16424.0
2026-05-14,9,15332.0,4.29,6.62,5596.0,3511.0,6861.0,14.32,14.9,15.45,15968.0
2026-05-14,10,14502.0,4.16,6.25,4883.0,3064.0,5989.0,11.85,12.5,12.86,13935.0
2026-05-14,11,14908.0,4.4,5.91,4023.0,2455.0,4847.0,9.21,9.94,10.09,11325.0
2026-05-14,12,15011.0,4.78,5.92,4071.0,2549.0,4995.0,9.21,9.92,10.1,11615.0
2026-05-14,13,14603.0,5.12,6.27,4147.0,2631.0,5145.0,9.21,9.91,10.11,11923.0
2026-05-14,14,11889.0,5.23,8.35,4128.0,2623.0,5101.0,9.22,9.92,10.11,11852.0
2026-05-14,15,10812.0,5.09,9.04,4173.0,2654.0,5143.0,9.22,9.92,10.12,11969.0
2026-05-14,16,10869.0,4.83,9.06,4496.0,2894.0,5592.0,10.04,10.7,10.99,12983.0
2026-05-14,17,13710.0,4.55,7.09,5363.0,3390.0,6548.0,12.72,13.32,13.8,15301.0
2026-05-14,18,13694.0,4.17,6.89,5830.0,3649.0,7067.0,14.48,15.03,15.63,16546.0
2026-05-14,19,13541.0,3.75,6.9,5818.0,3634.0,7056.0,14.35,14.9,15.51,16508.0
2026-05-14,20,13033.0,3.25,7.09,5913.0,3707.0,7176.0,14.51,15.05,15.69,16796.0
2026-05-14,21,12902.0,2.76,6.99,5591.0,3487.0,6750.0,13.54,14.11,14.66,15829.0
2026-05-14,22,12882.0,2.44,6.97,4908.0,3143.0,6056.0,11.47,12.08,12.49,14107.0
2026-05-14,23,15464.0,2.51,6.42,4186.0,2516.0,4903.0,8.82,9.51,9.71,11605.0
2026-05-15,0,12176.0,3.03,4.66,3827.0,1294.0,2953.0,5.88,6.68,6.66,8074.0
2026-05-15,1,11648.0,3.52,4.52,3721.0,1145.0,2731.0,5.74,6.55,6.5,7597.0
2026-05-15,2,10727.0,3.94,4.53,3637.0,1121.0,2686.0,5.83,6.64,6.6,7445.0
2026-05-15,3,10780.0,4.32,4.49,3681.0,1125.0,2716.0,6.07,6.88,6.83,7522.0
2026-05-15,4,11175.0,4.55,4.32,4121.0,2261.0,4569.0,8.58,9.27,9.44,10951.0
2026-05-15,5,13615.0,4.35,5.1,5051.0,3209.0,6288.0,12.26,12.84,13.28,14549.0
2026-05-15,6,17524.0,4.32,6.55,5782.0,3602.0,7074.0,14.31,14.83,15.45,16458.0
2026-05-15,7,17744.0,4.38,6.65,5970.0,3691.0,7255.0,14.62,15.16,15.81,16916.0
2026-05-15,8,17298.0,4.43,6.84,5921.0,3575.0,7057.0,14.51,15.07,15.68,16552.0
2026-05-15,9,16473.0,4.41,7.5,5830.0,3501.0,6919.0,14.48,15.06,15.64,16251.0
2026-05-15,10,14698.0,4.38,7.23,5080.0,3008.0,5954.0,11.93,12.58,12.95,14042.0
2026-05-15,11,13576.0,4.55,7.7,4190.0,2362.0,4731.0,9.13,9.87,10.01,11283.0
2026-05-15,12,13665.0,4.79,7.79,4225.0,2440.0,4861.0,9.1,9.83,9.99,11527.0
2026-05-15,13,13247.0,5.0,8.34,4247.0,2465.0,4912.0,9.1,9.82,9.99,11623.0
2026-05-15,14,13365.0,5.15,9.01,4177.0,2458.0,4911.0,9.1,9.83,9.99,11546.0
2026-05-15,15,12631.0,5.33,9.5,4139.0,2406.0,4822.0,9.13,9.85,10.01,11367.0
2026-05-15,16,11135.0,5.41,7.5,4377.0,2341.0,4741.0,8.94,9.64,9.84,11460.0
2026-05-15,17,12596.0,5.21,7.83,5323.0,3200.0,6382.0,12.58,13.18,13.63,14905.0
2026-05-15,18,12976.0,4.72,7.19,5816.0,3549.0,7052.0,14.52,15.07,15.67,16416.0
2026-05-15,19,13243.0,4.24,6.75,5769.0,3533.0,7028.0,14.45,15.0,15.61,16330.0
2026-05-15,20,13599.0,3.79,6.24,5802.0,3571.0,7097.0,14.45,14.99,15.62,16470.0
2026-05-15,21,13959.0,3.4,5.82,5538.0,3445.0,6826.0,13.75,14.31,14.87,15810.0
2026-05-15,22,14513.0,3.25,5.42,4817.0,3025.0,5967.0,11.45,12.07,12.44,13809.0
2026-05-15,23,14642.0,3.41,5.45,4239.0,2469.0,4973.0,8.82,9.51,9.73,11681.0
2026-05-16,0,10549.0,3.75,4.16,3818.0,1189.0,2933.0,5.85,6.63,6.64,7940.0
2026-05-16,1,12694.0,4.15,4.78,3718.0,1135.0,2824.0,5.87,6.64,6.65,7678.0
2026-05-16,2,12982.0,4.82,5.37,3576.0,1106.0,2684.0,5.86,6.64,6.62,7367.0
2026-05-16,3,10176.0,5.27,9.24,3483.0,1098.0,2617.0,5.87,6.65,6.61,7198.0
2026-05-16,4,9556.0,5.43,9.86,3969.0,1889.0,3977.0,7.67,8.37,8.51,9835.0
2026-05-16,5,13734.0,5.35,6.91,4760.0,3082.0,6002.0,11.27,11.87,12.26,13844.0
2026-05-16,6,13849.0,5.15,6.82,5435.0,3459.0,6751.0,13.73,14.29,14.83,15645.0
2026-05-16,7,14539.0,4.86,7.25,5691.0,3543.0,6921.0,14.18,14.75,15.33,16155.0
2026-05-16,8,14376.0,4.56,7.29,5720.0,3559.0,6977.0,14.24,14.81,15.41,16256.0
2026-05-16,9,14222.0,4.23,7.29,5697.0,3591.0,7036.0,14.25,14.82,15.42,16325.0
2026-05-16,10,13549.0,3.88,6.93,5333.0,3371.0,6591.0,13.21,13.81,14.3,15295.0
2026-05-16,11,13520.0,3.74,6.71,4479.0,2752.0,5422.0,10.67,11.36,11.63,12653.0
2026-05-16,12,13054.0,3.89,6.39,4023.0,2371.0,4713.0,8.82,9.56,9.71,11106.0
2026-05-16,13,13527.0,4.09,6.13,4081.0,2356.0,4707.0,8.76,9.5,9.64,11144.0
2026-05-16,14,13570.0,4.34,6.12,4087.0,2369.0,4720.0,8.71,9.45,9.6,11175.0
2026-05-16,15,13650.0,4.56,6.12,4226.0,2483.0,4903.0,8.73,9.45,9.63,11612.0
2026-05-16,16,13711.0,4.68,6.12,4506.0,2888.0,5586.0,10.06,10.74,11.02,12980.0
2026-05-16,17,13614.0,4.6,6.06,5162.0,3294.0,6370.0,12.44,13.05,13.5,14825.0
2026-05-16,18,13501.0,4.27,5.97,5556.0,3532.0,6851.0,14.19,14.75,15.32,15938.0
2026-05-16,19,13416.0,3.9,5.89,5545.0,3505.0,6789.0,14.14,14.71,15.27,15838.0
2026-05-16,20,13743.0,3.54,6.02,5565.0,3526.0,6831.0,14.18,14.74,15.32,15922.0
2026-05-16,21,14159.0,3.28,6.17,5210.0,3282.0,6353.0,12.91,13.52,13.98,14844.0
2026-05-16,22,14244.0,3.24,6.2,4679.0,2958.0,5707.0,11.1,11.74,12.07,13344.0
2026-05-16,23,14827.0,3.46,6.49,4045.0,2334.0,4591.0,8.58,9.28,9.44,10970.0
2026-05-17,0,9869.0,3.85,4.41,3812.0,1202.0,2883.0,5.82,6.63,6.57,7897.0
2026-05-17,1,11095.0,4.1,4.84,3757.0,1132.0,2769.0,5.78,6.59,6.51,7658.0
2026-05-17,2,12432.0,4.63,5.34,3641.0,1140.0,2719.0,5.86,6.66,6.57,7500.0
2026-05-17,3,10276.0,5.08,4.52,3628.0,1129.0,2641.0,5.94,6.75,6.66,7399.0
2026-05-17,4,10921.0,5.41,5.71,3845.0,1622.0,3502.0,7.07,7.83,7.83,8969.0
2026-05-17,5,11689.0,5.33,6.27,4586.0,2955.0,5752.0,11.0,11.62,11.95,13294.0
2026-05-17,6,13507.0,5.08,6.66,5200.0,3245.0,6353.0,13.33,13.92,14.38,14799.0
2026-05-17,7,13836.0,4.84,7.53,5417.0,3357.0,6619.0,13.77,14.35,14.88,15393.0
2026-05-17,8,13672.0,4.53,7.48,5745.0,3499.0,6907.0,14.02,14.59,15.17,16152.0
2026-05-17,9,15351.0,4.21,6.01,5884.0,3566.0,7037.0,14.24,14.8,15.41,16488.0
2026-05-17,10,15151.0,4.04,5.86,5640.0,3444.0,6792.0,13.43,14.02,14.55,15876.0
2026-05-17,11,14694.0,3.95,5.83,4995.0,2960.0,5856.0,11.2,11.86,12.2,13810.0
2026-05-17,12,14645.0,4.15,5.77,4413.0,2572.0,5098.0,9.27,9.98,10.18,12083.0
2026-05-17,13,13153.0,4.36,6.76,4344.0,2567.0,5078.0,9.22,9.94,10.13,11990.0
2026-05-17,14,12586.0,4.42,7.01,4360.0,2585.0,5124.0,9.22,9.94,10.13,12069.0
2026-05-17,15,12440.0,4.41,6.89,4439.0,2681.0,5255.0,9.24,9.94,10.16,12375.0
2026-05-17,16,12864.0,4.36,7.14,4653.0,2835.0,5408.0,9.89,10.56,10.85,12896.0
2026-05-17,17,13057.0,4.22,7.24,5331.0,3232.0,6183.0,12.2,12.8,13.26,14747.0
2026-05-17,18,13211.0,3.81,6.91,5888.0,3575.0,6833.0,14.42,14.97,15.58,16296.0
2026-05-17,19,14571.0,3.48,5.8,5744.0,3483.0,6683.0,14.12,14.67,15.25,15910.0
2026-05-17,20,14871.0,3.28,5.54,5711.0,3485.0,6661.0,14.03,14.58,15.17,15857.0
2026-05-17,21,14867.0,3.14,5.53,5236.0,3255.0,6215.0,12.98,13.56,14.03,14706.0
2026-05-17,22,14820.0,3.19,5.53,4736.0,2923.0,5574.0,11.13,11.75,12.1,13234.0
2026-05-17,23,13563.0,3.41,6.66,3953.0,2313.0,4486.0,8.67,9.37,9.53,10753.0
2026-05-18,0,11272.0,3.85,6.78,3674.0,1219.0,2808.0,5.86,6.63,6.63,7701.0
2026-05-18,1,11286.0,4.18,5.28,3650.0,1142.0,2715.0,5.9,6.67,6.66,7507.0
2026-05-18,2,10772.0,4.58,6.07,3573.0,1128.0,2645.0,5.9,6.67,6.65,7346.0
2026-05-18,3,11536.0,5.0,6.59,3626.0,1147.0,2662.0,6.19,6.97,6.95,7435.0
2026-05-18,4,10927.0,5.32,7.74,4088.0,2238.0,4393.0,8.58,9.22,9.43,10720.0
2026-05-18,5,11930.0,5.01,6.73,5099.0,3323.0,6239.0,12.53,13.1,13.58,14662.0
2026-05-18,6,16089.0,4.75,5.9,5820.0,3632.0,7073.0,14.55,15.09,15.73,16524.0
2026-05-18,7,14817.0,4.52,5.48,5837.0,3655.0,7176.0,14.52,15.07,15.71,16669.0
2026-05-18,8,14480.0,4.18,5.45,5840.0,3643.0,7139.0,14.53,15.08,15.71,16622.0
2026-05-18,9,14459.0,3.84,5.51,5765.0,3601.0,7070.0,14.54,15.1,15.7,16436.0
2026-05-18,10,14390.0,3.6,5.77,5019.0,3148.0,6167.0,12.08,12.71,13.11,14334.0
2026-05-18,11,14338.0,3.77,5.73,4032.0,2487.0,4893.0,9.12,9.84,10.0,11413.0
2026-05-18,12,14430.0,4.08,5.64,4083.0,2518.0,4950.0,9.14,9.85,10.02,11551.0
2026-05-18,13,14491.0,4.39,5.58,4087.0,2538.0,4979.0,9.14,9.84,10.02,11604.0
2026-05-18,14,14599.0,4.71,5.6,4029.0,2529.0,4941.0,9.14,9.84,10.01,11498.0
2026-05-18,15,14702.0,5.02,5.64,4127.0,2641.0,5147.0,9.13,9.83,10.03,11915.0
2026-05-18,16,14015.0,5.2,7.6,4485.0,2898.0,5642.0,10.22,10.88,11.16,13025.0
2026-05-18,17,14029.0,5.16,7.85,5222.0,3308.0,6439.0,12.75,13.35,13.82,14968.0
2026-05-18,18,13971.0,4.86,7.78,5680.0,3561.0,6947.0,14.37,14.93,15.52,16188.0
2026-05-18,19,13928.0,4.51,7.68,5626.0,3571.0,6928.0,14.37,14.93,15.51,16124.0
2026-05-18,20,13898.0,4.15,7.58,5631.0,3598.0,6956.0,14.35,14.9,15.5,16185.0
2026-05-18,21,13815.0,3.83,7.53,5268.0,3387.0,6527.0,13.39,13.97,14.47,15181.0
2026-05-18,22,13830.0,3.7,7.72,4622.0,2956.0,5699.0,11.3,11.94,12.27,13277.0
2026-05-18,23,13410.0,3.83,8.8,3876.0,2376.0,4604.0,8.7,9.4,9.56,10855.0
2026-05-19,0,10041.0,4.16,5.33,3722.0,1265.0,2883.0,5.94,6.74,6.71,7869.0
2026-05-19,1,9488.0,4.34,4.42,3670.0,1187.0,2745.0,5.88,6.68,6.64,7602.0
2026-05-19,2,10129.0,4.57,4.34,3639.0,1126.0,2692.0,6.01,6.81,6.77,7457.0
2026-05-19,3,10752.0,4.93,4.16,3719.0,1125.0,2712.0,6.15,6.96,6.91,7556.0
2026-05-19,4,10719.0,5.1,4.15,4217.0,2428.0,4787.0,8.88,9.57,9.77,11432.0
2026-05-19,5,12564.0,4.79,4.7,5117.0,3290.0,6361.0,12.5,13.09,13.54,14768.0
2026-05-19,6,16390.0,4.58,6.36,5846.0,3609.0,7033.0,14.5,15.05,15.65,16488.0
2026-05-19,7,16032.0,4.48,7.52,6000.0,3721.0,7048.0,14.71,15.25,15.92,16769.0
2026-05-19,8,15908.0,4.29,7.52,6155.0,3706.0,7035.0,14.75,15.29,15.97,16896.0
2026-05-19,9,15001.0,4.06,7.1,5885.0,3598.0,7086.0,14.67,15.23,15.85,16569.0
2026-05-19,10,14064.0,3.84,6.63,5048.0,3028.0,6000.0,11.81,12.45,12.83,14076.0
2026-05-19,11,14868.0,4.04,7.14,4089.0,2415.0,4788.0,9.05,9.77,9.92,11292.0
2026-05-19,12,14833.0,4.46,7.38,4141.0,2483.0,4904.0,9.02,9.74,9.91,11528.0
2026-05-19,13,13469.0,4.72,7.51,4170.0,2489.0,4927.0,9.03,9.74,9.91,11586.0
2026-05-19,14,13690.0,4.93,7.63,4181.0,2476.0,4890.0,9.02,9.74,9.91,11547.0
2026-05-19,15,13969.0,5.17,7.83,4283.0,2543.0,5033.0,9.03,9.74,9.92,11858.0
2026-05-19,16,14060.0,5.34,7.92,4648.0,2780.0,5512.0,10.09,10.75,11.03,12940.0
2026-05-19,17,13932.0,5.34,7.82,5263.0,3157.0,6238.0,12.39,13.0,13.43,14658.0
2026-05-19,18,13224.0,5.02,6.86,5801.0,3459.0,6864.0,14.31,14.87,15.44,16124.0
2026-05-19,19,13622.0,4.62,6.19,5805.0,3483.0,6922.0,14.3,14.86,15.45,16210.0
2026-05-19,20,13466.0,4.2,6.08,5894.0,3541.0,7025.0,14.46,15.0,15.62,16460.0
2026-05-19,21,13275.0,3.79,5.99,5626.0,3420.0,6583.0,13.75,14.3,14.85,15629.0
2026-05-19,22,13247.0,3.52,5.99,5054.0,3057.0,5854.0,11.65,12.25,12.65,13966.0
2026-05-19,23,13508.0,3.52,6.12,4273.0,2546.0,4892.0,9.04,9.7,9.93,11711.0
2026-05-20,0,11423.0,3.84,5.18,3802.0,1196.0,2844.0,5.94,6.73,6.68,7842.0
2026-05-20,1,12181.0,4.33,5.5,3708.0,1125.0,2639.0,5.84,6.64,6.55,7472.0
2026-05-20,2,9943.0,4.76,4.59,3781.0,1095.0,2695.0,6.01,6.81,6.73,7571.0
2026-05-20,3,10371.0,5.01,4.12,3801.0,1102.0,2733.0,6.21,7.01,6.94,7636.0
2026-05-20,4,12111.0,5.24,4.56,4263.0,2366.0,4658.0,8.92,9.6,9.77,11287.0
2026-05-20,5,15823.0,5.29,6.35,5152.0,3269.0,6213.0,12.57,13.15,13.62,14634.0
2026-05-20,6,14799.0,5.18,6.38,5802.0,3583.0,6844.0,14.65,15.19,15.82,16229.0
2026-05-20,7,14716.0,4.89,6.72,5929.0,3671.0,6989.0,14.8,15.34,16.0,16589.0
2026-05-20,8,14491.0,4.57,6.68,5802.0,3617.0,6884.0,14.72,15.26,15.89,16304.0
2026-05-20,9,13968.0,4.28,6.93,5589.0,3467.0,6593.0,14.37,14.93,15.5,15649.0
2026-05-20,10,13554.0,4.07,7.33,4820.0,2944.0,5620.0,11.57,12.21,12.56,13384.0
2026-05-20,11,13658.0,4.25,7.49,3962.0,2310.0,4459.0,8.72,9.44,9.58,10731.0
2026-05-20,12,13796.0,4.53,7.67,4093.0,2493.0,4742.0,9.02,9.73,9.9,11328.0
2026-05-20,13,13592.0,4.77,8.06,4057.0,2526.0,4793.0,9.01,9.73,9.9,11376.0
2026-05-20,14,14080.0,5.02,8.63,4030.0,2524.0,4745.0,9.0,9.72,9.88,11299.0
2026-05-20,15,13000.0,5.28,10.83,4153.0,2597.0,4877.0,9.05,9.76,9.95,11627.0
2026-05-20,16,11804.0,5.22,10.08,4531.0,2850.0,5382.0,10.17,10.85,11.14,12763.0
2026-05-20,17,12411.0,4.91,8.13,5256.0,3323.0,6264.0,12.78,13.38,13.86,14843.0
2026-05-20,18,13637.0,4.52,6.82,5785.0,3627.0,6835.0,14.59,15.14,15.76,16247.0
2026-05-20,19,14224.0,4.11,6.05,5960.0,3772.0,7101.0,14.99,15.51,16.2,16833.0
2026-05-20,20,14355.0,3.68,5.33,6146.0,3941.0,7381.0,15.39,15.88,16.64,17468.0
2026-05-20,21,13588.0,3.21,4.99,5749.0,3727.0,6973.0,14.3,14.82,15.48,16449.0
2026-05-20,22,13398.0,2.9,4.91,4911.0,3198.0,6000.0,11.9,12.48,12.91,14109.0
2026-05-20,23,15244.0,2.97,5.58,4114.0,2530.0,4967.0,8.94,9.6,9.83,11610.0
2026-05-21,0,12471.0,3.53,4.51,3658.0,1144.0,2788.0,5.73,6.51,6.52,7590.0
2026-05-21,1,11923.0,4.03,4.33,3639.0,1116.0,2706.0,5.84,6.62,6.61,7461.0
2026-05-21,2,11539.0,4.52,4.24,3626.0,1114.0,2724.0,6.01,6.8,6.79,7464.0
2026-05-21,3,11377.0,4.96,4.2,3651.0,1160.0,2769.0,6.25,7.03,7.02,7580.0
2026-05-21,4,11478.0,5.2,4.25,4078.0,2426.0,4819.0,8.93,9.6,9.82,11323.0
2026-05-21,5,14552.0,5.1,5.33,4994.0,3286.0,6335.0,12.5,13.09,13.55,14615.0
2026-05-21,6,14669.0,4.92,7.31,5716.0,3629.0,7036.0,14.53,15.08,15.7,16381.0
2026-05-21,7,14413.0,4.58,6.84,5815.0,3702.0,7151.0,14.64,15.19,15.83,16668.0
2026-05-21,8,14835.0,4.25,6.03,5774.0,3654.0,7080.0,14.49,15.05,15.66,16508.0
2026-05-21,9,14784.0,3.98,5.76,5560.0,3549.0,6876.0,14.19,14.77,15.32,15985.0
2026-05-21,10,14749.0,3.86,5.8,4816.0,3032.0,5845.0,11.49,12.14,12.47,13692.0
2026-05-21,11,14723.0,4.12,5.78,4104.0,2503.0,4854.0,9.15,9.88,10.03,11462.0
2026-05-21,12,14567.0,4.48,5.96,4135.0,2555.0,4933.0,9.09,9.81,9.97,11624.0
2026-05-21,13,12995.0,4.69,7.2,4109.0,2559.0,4949.0,9.05,9.77,9.94,11617.0
2026-05-21,14,13118.0,4.83,7.29,4185.0,2518.0,4903.0,8.97,9.7,9.87,11607.0
2026-05-21,15,13364.0,4.97,7.41,4274.0,2594.0,5059.0,8.99,9.7,9.89,11926.0
2026-05-21,16,13821.0,5.11,7.7,4461.0,2781.0,5428.0,9.97,10.64,10.9,12670.0
2026-05-21,17,13483.0,5.08,7.46,5194.0,3183.0,6244.0,12.46,13.07,13.49,14621.0
2026-05-21,18,13287.0,4.74,7.24,5699.0,3477.0,6848.0,14.23,14.8,15.35,16024.0
2026-05-21,19,13343.0,4.3,7.24,5781.0,3531.0,6968.0,14.28,14.83,15.43,16281.0
2026-05-21,20,13909.0,3.9,7.63,5830.0,3555.0,7015.0,14.31,14.86,15.47,16400.0
2026-05-21,21,13889.0,3.55,7.48,5514.0,3354.0,6609.0,13.35,13.93,14.46,15476.0
2026-05-21,22,15187.0,3.42,7.06,5151.0,3197.0,6271.0,11.71,12.3,12.75,14619.0
2026-05-21,23,13183.0,3.53,6.12,4540.0,2672.0,5309.0,9.22,9.88,10.15,12521.0
2026-05-22,0,10504.0,3.61,4.81,3966.0,1259.0,2982.0,5.93,6.74,6.72,8206.0
2026-05-22,1,11498.0,3.96,4.47,3809.0,1152.0,2784.0,5.74,6.55,6.51,7745.0
2026-05-22,2,10648.0,4.38,4.13,3743.0,1096.0,2720.0,5.82,6.62,6.58,7559.0
2026-05-22,3,10610.0,4.72,4.15,3768.0,1070.0,2722.0,6.09,6.9,6.85,7559.0
2026-05-22,4,10648.0,4.92,4.15,4239.0,2281.0,4633.0,8.61,9.3,9.48,11152.0
2026-05-22,5,13794.0,4.67,5.12,5229.0,3217.0,6352.0,12.3,12.88,13.33,14798.0
2026-05-22,6,16090.0,4.56,5.94,5945.0,3572.0,7105.0,14.42,14.96,15.59,16622.0
2026-05-22,7,15759.0,4.38,5.88,6000.0,3634.0,7217.0,14.57,15.1,15.76,16851.0
2026-05-22,8,15448.0,4.15,5.87,5994.0,3590.0,7142.0,14.62,15.17,15.8,16726.0
2026-05-22,9,14637.0,3.9,5.59,5851.0,3491.0,6954.0,14.47,15.05,15.62,16295.0
2026-05-22,10,14492.0,3.71,5.59,5052.0,3000.0,5982.0,11.91,12.55,12.93,14034.0
2026-05-22,11,14531.0,3.94,5.47,4160.0,2389.0,4809.0,9.12,9.83,9.99,11357.0
2026-05-22,12,14705.0,4.28,5.69,4193.0,2469.0,4954.0,9.1,9.81,9.99,11616.0
2026-05-22,13,14836.0,4.63,6.15,4157.0,2491.0,4991.0,9.1,9.81,9.99,11639.0
2026-05-22,14,14542.0,4.98,6.85,4110.0,2468.0,4931.0,9.12,9.83,10.0,11509.0
2026-05-22,15,13786.0,5.23,7.73,4137.0,2513.0,5003.0,9.13,9.83,10.0,11654.0
2026-05-22,16,13903.0,5.4,7.86,4412.0,2713.0,5381.0,9.94,10.61,10.87,12506.0
2026-05-22,17,13879.0,5.42,7.95,5091.0,3092.0,6136.0,12.34,12.95,13.38,14319.0
2026-05-22,18,13991.0,5.19,7.77,5550.0,3410.0,6751.0,14.15,14.72,15.27,15712.0
2026-05-22,19,13678.0,4.87,7.46,5627.0,3465.0,6831.0,14.24,14.8,15.38,15923.0
2026-05-22,20,13583.0,4.5,7.39,5652.0,3501.0,6854.0,14.25,14.8,15.38,16007.0
2026-05-22,21,13289.0,4.14,7.2,5372.0,3375.0,6602.0,13.57,14.15,14.66,15349.0
2026-05-22,22,12754.0,3.87,6.82,4739.0,2998.0,5858.0,11.53,12.15,12.51,13595.0
2026-05-22,23,12951.0,3.85,6.96,3979.0,2484.0,4868.0,9.03,9.71,9.9,11331.0
2026-05-23,0,10122.0,4.07,5.31,3723.0,1166.0,2867.0,5.84,6.65,6.59,7756.0
2026-05-23,1,10342.0,4.35,5.31,3652.0,1098.0,2776.0,5.87,6.67,6.6,7526.0
2026-05-23,2,10598.0,4.69,5.43,3521.0,1094.0,2636.0,5.85,6.65,6.56,7251.0
2026-05-23,3,10773.0,5.1,6.04,3420.0,1100.0,2548.0,5.85,6.65,6.55,7068.0
2026-05-23,4,8859.0,5.28,5.34,3777.0,1714.0,3682.0,7.27,8.02,8.03,9174.0
2026-05-23,5,11705.0,5.07,4.37,4482.0,2962.0,5769.0,11.04,11.66,11.94,13213.0
2026-05-23,6,15030.0,4.89,5.46,5147.0,3323.0,6477.0,13.48,14.06,14.55,14947.0
2026-05-23,7,15828.0,4.84,6.03,5511.0,3507.0,6840.0,14.07,14.64,15.19,15858.0
2026-05-23,8,14113.0,4.63,6.62,5610.0,3560.0,6916.0,14.13,14.7,15.26,16087.0
2026-05-23,9,13267.0,4.23,6.43,5610.0,3597.0,6987.0,14.23,14.81,15.36,16194.0
2026-05-23,10,12979.0,3.77,6.56,5458.0,3476.0,6716.0,13.52,14.12,14.62,15650.0
2026-05-23,11,13009.0,3.49,6.52,4619.0,2919.0,5645.0,10.9,11.58,11.87,13183.0
2026-05-23,12,14592.0,3.62,7.16,4223.0,2644.0,5112.0,9.31,10.03,10.23,11979.0
2026-05-23,13,14736.0,3.9,7.14,4209.0,2649.0,5115.0,9.29,10.0,10.2,11974.0
2026-05-23,14,15260.0,4.22,7.38,4178.0,2637.0,5092.0,9.26,9.98,10.18,11906.0
2026-05-23,15,15890.0,4.65,7.71,4219.0,2633.0,5108.0,9.25,9.97,10.18,11960.0
2026-05-23,16,15438.0,5.04,8.06,4548.0,2849.0,5527.0,10.06,10.75,11.03,12925.0
2026-05-23,17,15423.0,5.2,8.05,5258.0,3241.0,6301.0,12.42,13.05,13.48,14800.0
2026-05-23,18,15001.0,5.08,8.25,5731.0,3521.0,6879.0,14.29,14.87,15.44,16131.0
2026-05-23,19,14749.0,4.87,8.27,5684.0,3478.0,6796.0,14.18,14.76,15.31,15958.0
2026-05-23,20,14758.0,4.65,8.22,5641.0,3502.0,6850.0,14.16,14.72,15.28,15993.0
2026-05-23,21,14741.0,4.47,8.22,5289.0,3277.0,6436.0,13.14,13.74,14.21,15002.0
2026-05-23,22,14527.0,4.48,8.05,4717.0,2909.0,5707.0,11.14,11.78,12.1,13332.0
2026-05-23,23,15017.0,4.68,8.41,4188.0,2544.0,5032.0,9.01,9.69,9.91,11764.0
2026-05-24,0,8457.0,4.94,6.06,3816.0,1190.0,2852.0,5.9,6.72,6.68,7858.0
2026-05-24,1,8378.0,4.94,5.29,3774.0,1109.0,2766.0,5.91,6.72,6.67,7649.0
2026-05-24,2,9263.0,5.07,4.9,3705.0,1108.0,2688.0,5.9,6.7,6.64,7500.0
2026-05-24,3,9196.0,5.26,4.82,3669.0,1117.0,2621.0,5.88,6.69,6.62,7407.0
2026-05-24,4,8922.0,5.35,4.8,4001.0,1782.0,3781.0,7.41,8.16,8.22,9564.0
2026-05-24,5,12869.0,5.17,5.17,4673.0,2940.0,5760.0,11.12,11.75,12.08,13374.0
2026-05-24,6,15349.0,5.15,6.32,5228.0,3210.0,6305.0,13.36,13.95,14.39,14743.0
2026-05-24,7,14386.0,5.07,7.45,5483.0,3367.0,6631.0,13.81,14.4,14.91,15482.0
2026-05-24,8,14131.0,4.8,7.5,5815.0,3491.0,6930.0,14.18,14.75,15.33,16236.0
2026-05-24,9,13928.0,4.44,7.61,5876.0,3515.0,7004.0,14.34,14.91,15.5,16395.0
2026-05-24,10,13171.0,4.03,6.93,5660.0,3371.0,6724.0,13.37,13.98,14.49,15755.0
2026-05-24,11,13245.0,3.77,6.56,4935.0,2854.0,5751.0,10.95,11.62,11.95,13540.0
2026-05-24,12,13177.0,3.81,6.38,4383.0,2507.0,5066.0,9.16,9.89,10.08,11955.0
2026-05-24,13,13158.0,3.91,6.24,4379.0,2525.0,5090.0,9.16,9.88,10.07,11995.0
2026-05-24,14,13584.0,4.03,5.74,4359.0,2553.0,5129.0,9.16,9.88,10.08,12042.0
2026-05-24,15,13667.0,4.16,5.72,4465.0,2633.0,5287.0,9.17,9.87,10.1,12386.0
2026-05-24,16,13701.0,4.22,5.71,4658.0,2867.0,5683.0,10.14,10.82,11.11,13209.0
2026-05-24,17,15001.0,4.17,6.66,5354.0,3273.0,6500.0,12.65,13.27,13.74,15127.0
2026-05-24,18,15627.0,4.04,7.21,5759.0,3529.0,6999.0,14.37,14.94,15.53,16287.0
2026-05-24,19,14997.0,3.87,7.49,5740.0,3508.0,6957.0,14.31,14.87,15.46,16205.0
2026-05-24,20,14572.0,3.59,7.67,5753.0,3546.0,7018.0,14.32,14.88,15.48,16317.0
2026-05-24,21,14546.0,3.35,7.65,5265.0,3285.0,6459.0,13.02,13.62,14.09,15009.0
2026-05-24,22,14725.0,3.37,7.77,4576.0,2830.0,5553.0,10.86,11.51,11.81,12958.0
2026-05-24,23,15310.0,3.68,8.17,3998.0,2234.0,4502.0,8.43,9.13,9.28,10735.0
2026-05-25,0,11193.0,4.22,5.84,3681.0,1183.0,2824.0,5.88,6.66,6.65,7687.0
2026-05-25,1,11913.0,4.64,5.65,3706.0,1140.0,2763.0,6.01,6.79,6.78,7609.0
2026-05-25,2,11650.0,5.17,7.82,3537.0,1120.0,2671.0,6.06,6.84,6.81,7328.0
2026-05-25,3,8660.0,5.48,15.5,3494.0,1184.0,2736.0,6.34,7.12,7.09,7414.0
2026-05-25,4,9756.0,5.4,8.6,3995.0,2385.0,4729.0,8.91,9.58,9.77,11109.0
2026-05-25,5,11864.0,5.1,4.37,4968.0,3247.0,6315.0,12.46,13.05,13.5,14530.0
2026-05-25,6,14071.0,4.63,5.15,5732.0,3641.0,7130.0,14.63,15.16,15.8,16503.0
2026-05-25,7,14641.0,4.34,6.52,5744.0,3584.0,7051.0,14.53,15.08,15.71,16379.0
2026-05-25,8,14535.0,4.03,6.66,5695.0,3566.0,6998.0,14.52,15.09,15.68,16260.0
2026-05-25,9,14849.0,3.8,6.0,5469.0,3463.0,6765.0,14.2,14.8,15.3,15697.0
2026-05-25,10,14252.0,3.63,5.78,4890.0,3064.0,5996.0,11.93,12.59,12.94,13950.0
2026-05-25,11,14186.0,3.8,5.75,4031.0,2491.0,4876.0,9.22,9.96,10.1,11398.0
2026-05-25,12,14218.0,4.07,5.62,4073.0,2573.0,5019.0,9.21,9.94,10.11,11665.0
2026-05-25,13,15107.0,4.39,5.89,4094.0,2588.0,5016.0,9.21,9.93,10.1,11697.0
2026-05-25,14,15399.0,4.8,5.94,4020.0,2578.0,4955.0,9.2,9.93,10.1,11553.0
2026-05-25,15,14077.0,5.19,7.13,4085.0,2612.0,5036.0,9.2,9.93,10.1,11733.0
2026-05-25,16,12711.0,5.25,8.37,4445.0,2824.0,5450.0,10.03,10.73,10.98,12719.0
2026-05-25,17,12278.0,5.05,7.98,5158.0,3274.0,6311.0,12.62,13.25,13.67,14743.0
2026-05-25,18,13971.0,4.66,6.59,5686.0,3542.0,6872.0,14.34,14.92,15.47,16100.0
2026-05-25,19,13872.0,4.33,6.41,5736.0,3538.0,6869.0,14.26,14.83,15.4,16143.0
2026-05-25,20,13750.0,3.95,6.31,5797.0,3583.0,6970.0,14.35,14.91,15.51,16350.0
2026-05-25,21,13815.0,3.61,6.05,5484.0,3407.0,6624.0,13.53,14.11,14.63,15514.0
2026-05-25,22,14527.0,3.49,5.93,4702.0,2955.0,5729.0,11.24,11.88,12.23,13386.0
2026-05-25,23,15065.0,3.76,6.93,4136.0,2462.0,4832.0,8.77,9.46,9.66,11430.0
2026-05-26,0,10862.0,4.18,5.84,3753.0,1221.0,2907.0,5.89,6.7,6.62,7880.0
2026-05-26,1,9957.0,4.47,6.7,3619.0,1113.0,2674.0,5.7,6.51,6.42,7406.0
2026-05-26,2,10133.0,4.77,7.31,3615.0,1089.0,2593.0,5.85,6.66,6.56,7297.0
2026-05-26,3,9115.0,5.06,6.5,3641.0,1090.0,2613.0,6.01,6.83,6.73,7343.0
2026-05-26,4,10064.0,5.06,4.76,4183.0,2256.0,4608.0,8.64,9.34,9.48,11047.0
2026-05-26,5,13612.0,4.89,6.15,4999.0,3151.0,6187.0,12.18,12.78,13.2,14337.0
2026-05-26,6,15941.0,4.73,5.95,5867.0,3568.0,7046.0,14.44,14.98,15.6,16481.0
2026-05-26,7,15016.0,4.51,5.58,5980.0,3614.0,7144.0,14.58,15.13,15.75,16738.0
2026-05-26,8,14784.0,4.21,5.67,5969.0,3575.0,7085.0,14.53,15.1,15.7,16629.0
2026-05-26,9,14732.0,3.93,5.85,5802.0,3510.0,6926.0,14.48,15.06,15.62,16238.0
2026-05-26,10,14550.0,3.77,5.87,5018.0,3018.0,5959.0,11.83,12.48,12.83,13995.0
2026-05-26,11,14367.0,3.98,5.78,4258.0,2424.0,4890.0,9.11,9.78,10.0,11572.0
2026-05-26,12,14710.0,4.31,5.8,4221.0,2436.0,4920.0,9.1,9.75,9.99,11576.0
2026-05-26,13,15148.0,4.7,5.91,4231.0,2434.0,4972.0,9.09,9.74,9.98,11638.0
2026-05-26,14,14398.0,5.08,6.78,4135.0,2437.0,4911.0,9.09,9.78,9.98,11483.0
2026-05-26,15,13696.0,5.33,7.7,4327.0,2539.0,5110.0,9.23,9.95,10.15,11977.0
2026-05-26,16,13744.0,5.43,7.83,4735.0,2777.0,5584.0,10.23,10.92,11.21,13096.0
2026-05-26,17,13830.0,5.36,7.78,5409.0,3204.0,6402.0,12.71,13.33,13.8,15015.0
2026-05-26,18,13881.0,5.06,7.67,5678.0,3439.0,6868.0,14.36,14.94,15.49,15985.0
2026-05-26,19,13809.0,4.71,7.58,5732.0,3460.0,6889.0,14.35,14.93,15.5,16080.0
2026-05-26,20,14145.0,4.37,7.75,5771.0,3477.0,6945.0,14.34,14.91,15.5,16192.0
2026-05-26,21,13852.0,4.06,7.55,5403.0,3303.0,6576.0,13.55,14.14,14.64,15283.0
2026-05-26,22,13861.0,3.96,7.51,4560.0,2758.0,5484.0,11.09,11.75,12.04,12802.0
2026-05-26,23,13256.0,4.16,7.15,3914.0,2368.0,4722.0,8.71,9.41,9.57,11003.0
2026-05-27,0,8693.0,4.32,4.64,3605.0,1147.0,2774.0,5.85,6.67,6.62,7526.0
2026-05-27,1,8856.0,4.43,4.7,3560.0,1082.0,2707.0,5.91,6.71,6.66,7349.0
2026-05-27,2,9065.0,4.59,4.76,3625.0,1050.0,2663.0,5.96,6.76,6.71,7338.0
2026-05-27,3,9593.0,4.78,4.6,3656.0,1047.0,2680.0,6.15,6.96,6.91,7383.0
2026-05-27,4,10860.0,4.92,4.15,4149.0,2362.0,4738.0,8.73,9.41,9.6,11250.0
2026-05-27,5,10595.0,4.52,4.07,5122.0,3290.0,6405.0,12.62,13.2,13.68,14817.0
2026-05-27,6,14020.0,3.93,5.16,5897.0,3679.0,7222.0,14.74,15.28,15.94,16798.0
2026-05-27,7,17383.0,3.79,6.43,5929.0,3669.0,7211.0,14.71,15.26,15.91,16809.0
2026-05-27,8,16225.0,3.71,7.05,5872.0,3671.0,7193.0,14.72,15.28,15.91,16735.0
2026-05-27,9,15065.0,3.52,7.13,5650.0,3536.0,6937.0,14.41,15.0,15.57,16123.0
2026-05-27,10,15063.0,3.41,7.43,4773.0,2989.0,5842.0,11.65,12.31,12.65,13605.0
2026-05-27,11,14462.0,3.67,7.14,4116.0,2568.0,5021.0,9.1,9.82,10.01,11705.0
2026-05-27,12,14294.0,3.91,6.95,4195.0,2595.0,5109.0,9.09,9.82,10.0,11898.0
2026-05-27,13,14810.0,4.17,7.17,4212.0,2622.0,5141.0,9.08,9.81,10.01,11975.0
2026-05-27,14,15292.0,4.52,7.4,4104.0,2585.0,5067.0,9.09,9.82,10.01,11756.0
2026-05-27,15,15552.0,4.93,7.49,4101.0,2604.0,5072.0,9.08,9.81,10.01,11776.0
2026-05-27,16,15050.0,5.3,8.0,4358.0,2742.0,5315.0,9.85,10.56,10.8,12415.0
2026-05-27,17,13711.0,5.37,8.76,5069.0,3179.0,6172.0,12.37,13.02,13.43,14421.0
2026-05-27,18,13684.0,5.08,8.64,5558.0,3525.0,6816.0,14.26,14.85,15.4,15899.0
2026-05-27,19,13655.0,4.73,8.54,5663.0,3533.0,6855.0,14.26,14.85,15.41,16052.0
2026-05-27,20,13495.0,4.34,8.4,5805.0,3561.0,6926.0,14.35,14.92,15.5,16292.0
2026-05-27,21,13268.0,3.92,7.72,5499.0,3388.0,6582.0,13.58,14.17,14.68,15468.0
2026-05-27,22,13527.0,3.73,7.34,4743.0,2958.0,5721.0,11.36,12.01,12.34,13422.0
2026-05-27,23,13657.0,3.82,7.42,4064.0,2536.0,4909.0,8.99,9.68,9.87,11509.0
2026-05-28,0,10944.0,4.23,5.82,3637.0,1201.0,2764.0,6.03,6.82,6.8,7602.0
2026-05-28,1,9039.0,4.44,4.72,3635.0,1122.0,2655.0,5.93,6.72,6.69,7412.0
2026-05-28,2,10512.0,4.68,4.37,3644.0,1122.0,2666.0,6.1,6.9,6.86,7432.0
2026-05-28,3,10800.0,5.06,4.19,3659.0,1150.0,2709.0,6.33,7.12,7.1,7518.0
2026-05-28,4,12312.0,5.35,4.93,4038.0,2246.0,4519.0,8.66,9.35,9.53,10802.0
2026-05-28,5,14155.0,5.37,6.55,4964.0,3115.0,6103.0,12.33,12.93,13.34,14182.0
2026-05-28,6,13991.0,5.17,6.89,5666.0,3424.0,6770.0,14.23,14.8,15.35,15860.0
2026-05-28,7,14220.0,4.85,7.1,5793.0,3490.0,6919.0,14.42,15.0,15.58,16202.0
2026-05-28,8,14033.0,4.53,7.18,5740.0,3445.0,6829.0,14.38,14.98,15.52,16014.0
2026-05-28,9,13862.0,4.22,7.27,5519.0,3346.0,6598.0,14.09,14.7,15.18,15463.0
2026-05-28,10,13775.0,4.06,7.42,4813.0,2838.0,5617.0,11.38,12.07,12.35,13268.0
2026-05-28,11,13112.0,4.25,8.05,3981.0,2216.0,4456.0,8.78,9.55,9.64,10653.0
2026-05-28,12,12696.0,4.47,8.44,4021.0,2285.0,4567.0,8.79,9.55,9.65,10873.0
2026-05-28,13,13454.0,4.7,8.1,4094.0,2355.0,4690.0,8.83,9.59,9.71,11139.0
2026-05-28,14,13880.0,4.98,8.38,4044.0,2331.0,4645.0,8.82,9.57,9.69,11020.0
2026-05-28,15,12090.0,5.29,9.84,3848.0,2032.0,4142.0,8.87,9.64,9.7,10022.0
2026-05-28,16,10973.0,5.38,11.07,4124.0,2272.0,4596.0,9.45,10.19,10.32,10992.0
2026-05-28,17,13029.0,5.26,9.59,5086.0,2965.0,5938.0,12.14,12.81,13.17,13989.0
2026-05-28,18,12481.0,4.89,6.78,5863.0,3500.0,7008.0,14.45,15.02,15.61,16371.0
2026-05-28,19,12374.0,4.33,5.75,5840.0,3514.0,7017.0,14.46,15.02,15.62,16371.0
2026-05-28,20,11872.0,3.69,4.98,5923.0,3560.0,7113.0,14.54,15.09,15.72,16595.0
2026-05-28,21,12051.0,3.08,4.64,5504.0,3357.0,6686.0,13.58,14.16,14.68,15548.0
2026-05-28,22,15986.0,2.85,5.97,5185.0,3290.0,6505.0,12.04,12.63,13.11,14979.0
2026-05-28,23,16339.0,3.12,6.11,4413.0,2532.0,5117.0,9.04,9.72,9.95,12061.0
2026-05-29,0,11870.0,3.61,5.8,3969.0,1182.0,3012.0,5.81,6.64,6.57,8163.0
2026-05-29,1,12297.0,4.05,6.0,3912.0,1128.0,2925.0,5.84,6.67,6.6,7965.0
2026-05-29,2,13071.0,4.6,6.42,3910.0,1112.0,2888.0,5.98,6.8,6.74,7911.0
2026-05-29,3,13810.0,5.23,7.36,3976.0,1186.0,2996.0,6.33,7.15,7.09,8159.0
2026-05-29,4,8906.0,5.45,11.41,4068.0,2279.0,4633.0,8.65,9.35,9.48,10980.0
2026-05-29,5,12022.0,5.09,5.89,4845.0,3068.0,6019.0,12.08,12.69,13.09,13932.0
2026-05-29,6,13433.0,4.75,6.58,5763.0,3559.0,7003.0,14.38,14.93,15.54,16325.0
2026-05-29,7,13461.0,4.24,6.2,5934.0,3677.0,7234.0,14.71,15.26,15.91,16845.0
2026-05-29,8,14238.0,3.83,5.48,5719.0,3497.0,6881.0,14.47,15.05,15.61,16097.0
2026-05-29,9,14910.0,3.59,5.65,5533.0,3400.0,6671.0,14.05,14.66,15.18,15603.0
2026-05-29,10,15950.0,3.58,6.24,4879.0,2993.0,5902.0,11.64,12.31,12.65,13774.0
2026-05-29,11,14974.0,3.94,7.04,3982.0,2386.0,4722.0,9.04,9.79,9.92,11090.0
2026-05-29,12,14980.0,4.39,7.27,3869.0,2286.0,4536.0,8.86,9.61,9.71,10691.0
2026-05-29,13,13588.0,4.81,6.63,3912.0,2363.0,4660.0,8.91,9.66,9.78,10935.0
2026-05-29,14,12702.0,5.03,9.73,3871.0,2383.0,4691.0,9.06,9.81,9.93,10945.0
2026-05-29,15,11003.0,5.04,9.14,3926.0,2449.0,4783.0,9.07,9.81,9.95,11159.0
2026-05-29,16,11136.0,4.9,9.21,4380.0,2728.0,5330.0,10.03,10.74,10.96,12438.0
2026-05-29,17,12449.0,4.59,8.27,5106.0,3184.0,6205.0,12.51,13.16,13.57,14494.0
2026-05-29,18,13875.0,4.29,7.01,5543.0,3474.0,6728.0,14.22,14.82,15.33,15746.0
2026-05-29,19,14184.0,4.02,6.55,5462.0,3444.0,6676.0,14.07,14.66,15.17,15582.0
2026-05-29,20,14640.0,3.78,6.0,5501.0,3447.0,6692.0,14.05,14.64,15.16,15640.0
2026-05-29,21,15015.0,3.7,5.51,4996.0,3210.0,6184.0,12.91,13.52,13.94,14389.0
2026-05-29,22,14748.0,3.81,5.42,4410.0,2797.0,5390.0,10.94,11.6,11.88,12597.0
2026-05-29,23,13392.0,4.11,6.39,3718.0,2329.0,4503.0,8.54,9.25,9.38,10551.0
2026-05-30,0,9107.0,4.31,4.58,3676.0,1298.0,2930.0,5.96,6.76,6.73,7904.0
2026-05-30,1,8758.0,4.44,4.64,3550.0,1151.0,2638.0,5.76,6.57,6.5,7339.0
2026-05-30,2,9084.0,4.6,4.79,3495.0,1155.0,2588.0,5.82,6.63,6.55,7239.0
2026-05-30,3,11472.0,4.95,6.01,3551.0,1160.0,2600.0,5.9,6.72,6.64,7311.0
2026-05-30,4,11084.0,5.37,5.93,3853.0,1675.0,3556.0,7.13,7.9,7.94,9084.0
2026-05-30,5,11411.0,5.31,5.38,4413.0,2869.0,5551.0,10.7,11.35,11.63,12834.0
2026-05-30,6,15048.0,5.12,6.25,5174.0,3258.0,6363.0,13.23,13.82,14.27,14795.0
2026-05-30,7,16532.0,5.16,6.83,5571.0,3488.0,6828.0,13.97,14.55,15.1,15887.0
2026-05-30,8,16586.0,5.15,7.04,5734.0,3554.0,6995.0,14.2,14.77,15.34,16283.0
2026-05-30,9,14580.0,5.0,8.21,5655.0,3505.0,6916.0,14.16,14.74,15.29,16076.0
2026-05-30,10,14456.0,4.77,8.39,5306.0,3304.0,6504.0,13.14,13.76,14.21,15114.0
2026-05-30,11,14527.0,4.76,8.48,4593.0,2761.0,5481.0,10.76,11.46,11.72,12834.0
2026-05-30,12,13753.0,5.02,9.2,4060.0,2338.0,4664.0,9.04,9.79,9.91,11062.0
2026-05-30,13,11722.0,5.22,9.01,4037.0,2313.0,4607.0,8.98,9.72,9.83,10956.0
2026-05-30,14,11474.0,5.23,8.9,4037.0,2331.0,4647.0,8.98,9.71,9.84,11015.0
2026-05-30,15,11287.0,5.23,8.68,4092.0,2408.0,4791.0,8.97,9.7,9.85,11291.0
2026-05-30,16,11318.0,5.13,8.67,4369.0,2623.0,5207.0,9.72,10.43,10.66,12199.0
2026-05-30,17,12817.0,4.91,7.71,5110.0,3085.0,6125.0,12.12,12.76,13.15,14320.0
2026-05-30,18,13672.0,4.65,7.47,5404.0,3270.0,6511.0,13.76,14.36,14.84,15185.0
2026-05-30,19,13852.0,4.42,7.54,5379.0,3224.0,6435.0,13.68,14.29,14.76,15038.0
2026-05-30,20,13908.0,4.21,7.56,5483.0,3254.0,6516.0,13.76,14.36,14.85,15252.0
2026-05-30,21,13534.0,4.03,8.0,4990.0,2993.0,5973.0,12.58,13.21,13.58,13956.0
2026-05-30,22,12388.0,3.94,7.89,4340.0,2627.0,5247.0,10.65,11.32,11.55,12214.0
2026-05-30,23,12662.0,4.04,8.09,3879.0,2245.0,4518.0,8.6,9.31,9.44,10642.0
2026-05-31,0,9105.0,4.23,5.25,3692.0,1163.0,2867.0,5.91,6.7,6.61,7722.0
2026-05-31,1,8736.0,4.35,4.8,3569.0,1059.0,2704.0,5.77,6.56,6.45,7331.0
2026-05-31,2,8841.0,4.5,4.86,3548.0,1053.0,2645.0,5.78,6.58,6.44,7246.0
2026-05-31,3,10069.0,4.71,4.38,3497.0,1036.0,2587.0,5.83,6.63,6.56,7120.0
2026-05-31,4,10549.0,5.02,4.14,3832.0,1635.0,3622.0,7.24,7.96,8.06,9089.0
2026-05-31,5,12013.0,4.93,4.56,4434.0,2829.0,5637.0,11.05,11.62,12.0,12899.0
2026-05-31,6,14651.0,4.79,5.41,4989.0,3144.0,6196.0,13.18,13.79,14.21,14329.0
2026-05-31,7,15039.0,4.83,6.89,5239.0,3296.0,6471.0,13.61,14.22,14.68,15006.0
2026-05-31,8,13797.0,4.61,7.66,5401.0,3410.0,6688.0,13.84,14.44,14.93,15499.0
2026-05-31,9,13401.0,4.26,7.62,5572.0,3529.0,6900.0,14.16,14.74,15.28,16001.0
2026-05-31,10,12889.0,3.84,7.44,5371.0,3389.0,6620.0,13.49,14.11,14.57,15380.0
2026-05-31,11,12771.0,3.6,7.22,4507.0,2750.0,5415.0,10.79,11.49,11.73,12672.0
2026-05-31,12,12774.0,3.68,7.16,4044.0,2398.0,4751.0,9.16,9.9,10.04,11193.0
2026-05-31,13,12692.0,3.82,7.08,3988.0,2406.0,4767.0,9.14,9.89,10.03,11161.0
2026-05-31,14,12620.0,3.95,6.76,3897.0,2407.0,4736.0,9.1,9.83,9.97,11040.0
2026-05-31,15,13447.0,4.17,6.15,3785.0,2399.0,4701.0,9.05,9.76,9.92,10885.0
2026-05-31,16,14231.0,4.43,6.59,4158.0,2627.0,5160.0,9.73,10.4,10.65,11945.0
2026-05-31,17,14383.0,4.56,6.71,4869.0,3087.0,6041.0,12.14,12.78,13.18,13997.0
2026-05-31,18,14753.0,4.45,6.99,5213.0,3332.0,6517.0,13.81,14.41,14.91,15063.0
2026-05-31,19,14808.0,4.35,7.06,5172.0,3321.0,6465.0,13.75,14.35,14.84,14959.0
2026-05-31,20,14910.0,4.28,7.13,5173.0,3298.0,6400.0,13.69,14.29,14.76,14870.0
2026-05-31,21,14291.0,4.23,6.75,4820.0,3094.0,5971.0,12.68,13.31,13.69,13885.0
2026-05-31,22,14295.0,4.27,6.64,4487.0,2823.0,5482.0,11.35,12.01,12.3,12791.0
2026-05-31,23,14496.0,4.55,6.74,3894.0,2559.0,4916.0,9.1,9.78,9.97,11368.0
2025-03-01,0,10815.0,2.85,4.88,3817.0,297.0,3780.0,5.89,6.53,6.81,7894.0
2025-03-01,1,9207.0,3.14,4.03,3742.0,178.0,3539.0,5.81,6.44,6.69,7459.0
2025-03-01,2,9179.0,3.4,4.01,3634.0,147.0,3453.0,5.98,6.61,6.85,7234.0
2025-03-01,3,9275.0,3.67,3.99,3682.0,155.0,3467.0,6.2,6.84,7.07,7303.0
2025-03-01,4,9603.0,3.88,4.02,3839.0,833.0,4549.0,7.37,7.96,8.41,9222.0
2025-03-01,5,15637.0,4.05,6.04,4372.0,1819.0,6589.0,10.46,10.97,11.91,12780.0
2025-03-01,6,18082.0,4.56,8.71,5137.0,2108.0,7712.0,13.36,13.83,15.15,14958.0
2025-03-01,7,15974.0,4.68,9.55,6026.0,2439.0,8941.0,15.28,15.71,17.53,17406.0
2025-03-01,8,15513.0,4.45,9.46,6205.0,2529.0,9320.0,15.62,16.05,18.03,18054.0
2025-03-01,9,15207.0,4.11,9.37,6142.0,2520.0,9289.0,15.69,16.12,18.08,17951.0
2025-03-01,10,13537.0,3.75,10.29,5672.0,2310.0,8524.0,14.09,14.56,16.19,16506.0
2025-03-01,11,13242.0,3.52,10.78,4801.0,1905.0,7147.0,10.94,11.47,12.59,13854.0
2025-03-01,12,13316.0,3.58,10.76,4261.0,1692.0,6366.0,9.2,9.77,10.62,12319.0
2025-03-01,13,13480.0,3.72,10.9,4267.0,1722.0,6376.0,9.22,9.78,10.62,12365.0
2025-03-01,14,13584.0,3.89,10.96,4253.0,1724.0,6365.0,9.21,9.77,10.61,12342.0
2025-03-01,15,13715.0,4.09,11.04,4240.0,1736.0,6355.0,9.23,9.79,10.63,12332.0
2025-03-01,16,13775.0,4.29,11.07,4244.0,1766.0,6406.0,9.24,9.78,10.63,12416.0
2025-03-01,17,17590.0,4.62,9.13,4983.0,2119.0,7605.0,11.79,12.28,13.55,14707.0
2025-03-01,18,16665.0,4.8,10.1,5678.0,2371.0,8602.0,14.68,15.13,16.8,16650.0
2025-03-01,19,16462.0,4.87,9.95,5594.0,2325.0,8501.0,14.57,15.03,16.67,16419.0
2025-03-01,20,14026.0,4.71,8.07,5583.0,2337.0,8528.0,14.56,15.02,16.67,16448.0
2025-03-01,21,11730.0,4.31,7.79,5376.0,2282.0,8265.0,14.1,14.57,16.11,15923.0
2025-03-01,22,11165.0,3.76,7.31,5123.0,2194.0,7919.0,12.95,13.43,14.83,15236.0
2025-03-01,23,11807.0,3.39,7.87,4369.0,1954.0,6895.0,10.67,11.17,12.21,13218.0
2025-03-02,0,9520.0,3.49,6.41,3445.0,389.0,3618.0,5.92,6.56,6.75,7451.0
2025-03-02,1,8611.0,3.71,5.96,3360.0,299.0,3405.0,5.82,6.46,6.6,7064.0
2025-03-02,2,8662.0,3.92,6.0,3328.0,239.0,3279.0,5.84,6.48,6.61,6846.0
2025-03-02,3,10421.0,4.24,5.48,3292.0,248.0,3282.0,5.95,6.59,6.71,6823.0
2025-03-02,4,11678.0,4.71,5.48,3525.0,988.0,4626.0,7.45,8.04,8.42,9139.0
2025-03-02,5,13439.0,4.89,6.36,4192.0,1900.0,6637.0,10.68,11.18,12.06,12728.0
2025-03-02,6,16247.0,5.05,8.01,4961.0,2195.0,7687.0,13.67,14.13,15.45,14844.0
2025-03-02,7,15851.0,5.13,9.33,5609.0,2431.0,8603.0,15.05,15.5,17.17,16643.0
2025-03-02,8,15065.0,4.92,9.6,5914.0,2564.0,9099.0,15.44,15.87,17.75,17577.0
2025-03-02,9,14748.0,4.55,9.58,6136.0,2615.0,9333.0,15.62,16.05,18.03,18084.0
2025-03-02,10,14242.0,4.15,9.36,5738.0,2453.0,8720.0,14.2,14.67,16.36,16911.0
2025-03-02,11,13901.0,3.96,9.15,4865.0,2052.0,7338.0,11.08,11.61,12.77,14256.0
2025-03-02,12,13829.0,4.06,8.9,4369.0,1827.0,6554.0,9.38,9.94,10.82,12751.0
2025-03-02,13,13816.0,4.22,8.82,4436.0,1847.0,6447.0,9.37,9.92,10.82,12730.0
2025-03-02,14,13731.0,4.4,8.68,4398.0,1887.0,6372.0,9.35,9.9,10.82,12657.0
2025-03-02,15,13665.0,4.55,8.59,4483.0,1906.0,6471.0,9.56,10.1,11.05,12859.0
2025-03-02,16,13672.0,4.68,8.57,4522.0,1894.0,6498.0,9.58,10.11,11.07,12915.0
2025-03-02,17,13719.0,4.71,8.53,5310.0,2206.0,7620.0,12.14,12.63,14.03,15136.0
2025-03-02,18,13711.0,4.38,8.45,6034.0,2503.0,8671.0,15.04,15.47,17.32,17208.0
2025-03-02,19,13601.0,3.95,8.33,5983.0,2489.0,8687.0,15.04,15.47,17.31,17159.0
2025-03-02,20,13739.0,3.52,8.36,5999.0,2481.0,8672.0,15.01,15.44,17.3,17151.0
2025-03-02,21,14101.0,3.15,8.67,5725.0,2405.0,8333.0,14.59,15.03,16.72,16463.0
2025-03-02,22,14725.0,2.98,9.18,5361.0,2285.0,7819.0,13.33,13.78,15.25,15465.0
2025-03-02,23,15216.0,3.04,9.63,4720.0,2014.0,6864.0,11.09,11.58,12.7,13599.0
2025-03-03,0,11836.0,3.49,7.0,3714.0,404.0,3631.0,5.98,6.61,6.9,7750.0
2025-03-03,1,9803.0,3.92,5.7,3680.0,296.0,3388.0,5.8,6.44,6.71,7363.0
2025-03-03,2,10305.0,4.31,5.96,3540.0,341.0,3270.0,5.89,6.53,6.8,7151.0
2025-03-03,3,11536.0,4.8,6.76,3544.0,376.0,3361.0,6.2,6.83,7.1,7280.0
2025-03-03,4,11529.0,5.26,9.46,3714.0,1307.0,4890.0,7.98,8.54,9.08,9911.0
2025-03-03,5,10346.0,5.23,7.31,4420.0,1831.0,6558.0,10.65,11.16,12.1,12809.0
2025-03-03,6,13506.0,4.94,9.16,5498.0,2203.0,8103.0,13.78,14.24,15.73,15804.0
2025-03-03,7,14609.0,4.6,8.63,6204.0,2497.0,9183.0,15.21,15.63,17.56,17885.0
2025-03-03,8,14616.0,4.22,8.53,6205.0,2475.0,9161.0,15.22,15.65,17.57,17840.0
2025-03-03,9,14368.0,3.82,8.59,6152.0,2422.0,9006.0,15.12,15.58,17.42,17580.0
2025-03-03,10,13952.0,3.44,8.42,5834.0,2300.0,8565.0,14.37,14.84,16.48,16699.0
2025-03-03,11,13877.0,3.23,8.38,5038.0,1967.0,7379.0,11.49,12.02,13.2,14383.0
2025-03-03,12,14044.0,3.35,7.64,4403.0,1710.0,6455.0,9.25,9.81,10.68,12568.0
2025-03-03,13,14284.0,3.6,7.44,4261.0,1670.0,6280.0,9.14,9.72,10.52,12211.0
2025-03-03,14,14672.0,3.91,7.69,4271.0,1651.0,6290.0,9.09,9.66,10.47,12212.0
2025-03-03,15,15646.0,4.33,8.26,4231.0,1666.0,6304.0,9.1,9.67,10.49,12202.0
2025-03-03,16,16256.0,4.8,8.67,4480.0,1769.0,6661.0,9.57,10.12,11.06,12909.0
2025-03-03,17,15823.0,5.14,9.14,5186.0,2084.0,7824.0,12.22,12.72,14.08,15094.0
2025-03-03,18,14909.0,5.04,9.53,5669.0,2292.0,8556.0,14.43,14.9,16.56,16518.0
2025-03-03,19,14980.0,4.85,10.08,5679.0,2296.0,8514.0,14.44,14.9,16.54,16490.0
2025-03-03,20,15172.0,4.67,10.22,5711.0,2334.0,8605.0,14.41,14.86,16.54,16650.0
2025-03-03,21,15041.0,4.51,10.09,5601.0,2304.0,8475.0,14.42,14.87,16.49,16379.0
2025-03-03,22,8861.0,4.03,5.14,5391.0,2253.0,8146.0,12.95,13.41,14.93,15790.0
2025-03-03,23,8652.0,3.23,4.01,4575.0,1958.0,6996.0,10.67,11.18,12.25,13528.0
2025-03-04,0,8329.0,2.98,3.82,3821.0,298.0,3749.0,5.93,6.57,6.77,7868.0
2025-03-04,1,8647.0,3.11,3.82,3553.0,265.0,3347.0,5.81,6.45,6.61,7165.0
2025-03-04,2,9242.0,3.36,3.95,3405.0,273.0,3272.0,5.9,6.54,6.67,6950.0
2025-03-04,3,12295.0,3.85,4.81,3456.0,205.0,3370.0,6.09,6.74,6.87,7031.0
2025-03-04,4,13104.0,4.45,5.09,3763.0,1572.0,4296.0,7.91,8.44,8.75,9631.0
2025-03-04,5,14141.0,4.77,5.44,4449.0,2597.0,5896.0,11.19,11.63,12.25,12942.0
2025-03-04,6,15057.0,4.82,7.82,5395.0,2564.0,7902.0,14.16,14.59,15.93,15861.0
2025-03-04,7,15028.0,4.52,8.27,6143.0,2643.0,9375.0,15.79,16.2,18.2,18162.0
2025-03-04,8,15130.0,4.18,8.77,5998.0,2535.0,9208.0,15.48,15.92,17.84,17740.0
2025-03-04,9,14330.0,3.81,9.23,5862.0,2479.0,9009.0,15.26,15.72,17.54,17350.0
2025-03-04,10,14360.0,3.46,9.46,5593.0,2340.0,8498.0,14.24,14.73,16.32,16431.0
2025-03-04,11,15014.0,3.38,10.09,4775.0,1965.0,7226.0,11.38,11.92,13.04,13966.0
2025-03-04,12,14338.0,3.63,11.09,4152.0,1723.0,6263.0,9.21,9.78,10.59,12139.0
2025-03-04,13,16989.0,4.14,9.59,4090.0,1693.0,6161.0,9.04,9.61,10.4,11944.0
2025-03-04,14,16771.0,4.84,9.99,4052.0,1703.0,6126.0,9.04,9.61,10.39,11882.0
2025-03-04,15,13086.0,5.26,12.47,4084.0,1701.0,6119.0,9.07,9.63,10.41,11903.0
2025-03-04,16,11587.0,5.32,10.47,4175.0,1777.0,6340.0,9.28,9.84,10.68,12292.0
2025-03-04,17,11568.0,5.09,8.84,5059.0,2141.0,7626.0,11.86,12.36,13.64,14826.0
2025-03-04,18,11709.0,4.56,8.52,5750.0,2405.0,8598.0,14.46,14.92,16.57,16753.0
2025-03-04,19,11581.0,3.94,8.36,5792.0,2382.0,8627.0,14.43,14.89,16.57,16801.0
2025-03-04,20,11901.0,3.29,7.87,5944.0,2429.0,8791.0,14.56,15.0,16.76,17164.0
2025-03-04,21,13371.0,2.76,6.75,5807.0,2421.0,8724.0,14.7,15.14,16.87,16952.0
2025-03-04,22,14789.0,2.43,6.55,5529.0,2327.0,8336.0,13.69,14.14,15.71,16191.0
2025-03-04,23,16344.0,2.57,7.34,4634.0,1981.0,7064.0,10.91,11.41,12.5,13679.0
2025-03-05,0,11372.0,3.06,5.54,3705.0,360.0,3754.0,5.99,6.62,6.91,7818.0
2025-03-05,1,9699.0,3.43,4.95,3600.0,248.0,3557.0,5.82,6.45,6.7,7404.0
2025-03-05,2,10358.0,3.76,4.77,3593.0,213.0,3526.0,5.99,6.63,6.86,7332.0
2025-03-05,3,11184.0,4.23,4.79,3687.0,220.0,3576.0,6.27,6.91,7.15,7483.0
2025-03-05,4,12906.0,4.73,5.02,3740.0,1013.0,4782.0,7.65,8.23,8.72,9535.0
2025-03-05,5,14356.0,5.05,6.04,4499.0,1882.0,6790.0,10.96,11.47,12.47,13170.0
2025-03-05,6,14386.0,5.1,9.28,5515.0,2245.0,8209.0,13.98,14.44,15.96,15969.0
2025-03-05,7,13690.0,4.7,9.66,6296.0,2552.0,9321.0,15.55,15.98,17.96,18170.0
2025-03-05,8,13166.0,4.1,9.31,6356.0,2549.0,9396.0,15.67,16.1,18.12,18300.0
2025-03-05,9,13053.0,3.47,9.47,6234.0,2470.0,9180.0,15.48,15.93,17.85,17884.0
2025-03-05,10,12841.0,2.9,9.36,5931.0,2340.0,8689.0,14.46,14.94,16.63,16961.0
2025-03-05,11,14257.0,2.56,8.77,5330.0,2110.0,7827.0,12.09,12.61,13.94,15267.0
2025-03-05,12,14660.0,2.65,8.82,4680.0,1829.0,6807.0,9.57,10.13,11.09,13316.0
2025-03-05,13,14905.0,2.89,8.9,4533.0,1769.0,6616.0,9.45,10.01,10.91,12918.0
2025-03-05,14,15874.0,3.25,8.32,4334.0,1684.0,6324.0,9.22,9.78,10.59,12341.0
2025-03-05,15,18096.0,3.94,7.45,4414.0,1672.0,6350.0,9.23,9.79,10.61,12436.0
2025-03-05,16,18370.0,4.73,7.45,4509.0,1727.0,6545.0,9.42,9.97,10.86,12780.0
2025-03-05,17,15504.0,5.24,9.38,5100.0,2004.0,7490.0,11.67,12.18,13.4,14595.0
2025-03-05,18,14793.0,5.18,10.64,5670.0,2257.0,8385.0,14.23,14.7,16.27,16313.0
2025-03-05,19,13861.0,4.96,9.65,5637.0,2258.0,8401.0,14.21,14.68,16.26,16296.0
2025-03-05,20,13558.0,4.64,9.31,5655.0,2287.0,8467.0,14.19,14.64,16.25,16409.0
2025-03-05,21,12982.0,4.26,8.74,5562.0,2273.0,8382.0,14.2,14.65,16.24,16218.0
2025-03-05,22,13118.0,3.91,8.85,5263.0,2197.0,8038.0,13.17,13.63,15.08,15498.0
2025-03-05,23,12799.0,3.73,8.8,4537.0,1933.0,6982.0,10.57,11.07,12.14,13452.0
2025-03-06,0,9665.0,3.81,7.87,3683.0,444.0,3855.0,5.95,6.58,6.81,7982.0
2025-03-06,1,10882.0,4.1,9.2,3572.0,317.0,3558.0,5.79,6.44,6.6,7446.0
2025-03-06,2,13464.0,4.82,12.5,3279.0,262.0,3214.0,5.84,6.48,6.59,6756.0
2025-03-06,3,11465.0,5.55,15.02,3219.0,328.0,3273.0,6.12,6.76,6.89,6820.0
2025-03-06,4,5580.0,5.66,12.92,3568.0,1284.0,4897.0,8.03,8.6,9.06,9749.0
2025-03-06,5,10031.0,5.1,6.48,4403.0,1880.0,6615.0,10.93,11.44,12.38,12898.0
2025-03-06,6,15316.0,5.01,8.29,5433.0,2208.0,8112.0,14.08,14.55,16.02,15752.0
2025-03-06,7,15083.0,4.8,8.76,6112.0,2504.0,9167.0,15.4,15.83,17.72,17783.0
2025-03-06,8,15428.0,4.51,9.14,6050.0,2501.0,9138.0,15.45,15.89,17.77,17688.0
2025-03-06,9,15287.0,4.24,9.31,5965.0,2472.0,8988.0,15.4,15.86,17.67,17425.0
2025-03-06,10,15139.0,4.01,9.35,5628.0,2336.0,8522.0,14.36,14.84,16.45,16486.0
2025-03-06,11,15145.0,3.99,9.39,4769.0,1980.0,7277.0,11.43,11.96,13.1,14026.0
2025-03-06,12,12014.0,4.11,10.73,4121.0,1729.0,6293.0,9.15,9.72,10.52,12143.0
2025-03-06,13,12331.0,4.12,11.08,4069.0,1714.0,6255.0,9.23,9.8,10.6,12038.0
2025-03-06,14,12628.0,4.18,11.42,4069.0,1700.0,6225.0,9.23,9.81,10.59,11994.0
2025-03-06,15,12504.0,4.29,11.86,4090.0,1710.0,6252.0,9.26,9.82,10.62,12052.0
2025-03-06,16,10274.0,4.19,12.74,4129.0,1751.0,6333.0,9.36,9.91,10.74,12212.0
2025-03-06,17,10087.0,3.81,12.34,4881.0,2062.0,7471.0,11.72,12.22,13.43,14414.0
2025-03-06,18,12841.0,3.25,8.56,5543.0,2387.0,8520.0,14.25,14.7,16.32,16449.0
2025-03-06,19,15991.0,3.03,7.81,5555.0,2395.0,8534.0,14.27,14.72,16.35,16484.0
2025-03-06,20,15836.0,2.97,7.67,5647.0,2401.0,8593.0,14.23,14.68,16.34,16641.0
2025-03-06,21,15617.0,2.88,7.56,5536.0,2397.0,8506.0,14.27,14.72,16.34,16439.0
2025-03-06,22,15839.0,2.83,7.68,5249.0,2325.0,8153.0,13.39,13.85,15.32,15727.0
2025-03-06,23,15275.0,2.97,7.38,4569.0,2055.0,7116.0,11.08,11.57,12.66,13740.0
2025-03-07,0,11436.0,3.3,5.39,3676.0,506.0,3973.0,6.21,6.83,7.17,8155.0
2025-03-07,1,10826.0,3.77,5.13,3674.0,268.0,3580.0,5.87,6.51,6.76,7522.0
2025-03-07,2,10747.0,4.21,5.1,3613.0,282.0,3587.0,6.17,6.81,7.06,7481.0
2025-03-07,3,10895.0,4.65,5.17,3637.0,347.0,3648.0,6.34,6.97,7.24,7632.0
2025-03-07,4,11314.0,5.0,5.34,3746.0,1264.0,5087.0,8.02,8.59,9.14,10097.0
2025-03-07,5,12956.0,5.07,6.13,4418.0,1923.0,6688.0,10.95,11.46,12.45,13029.0
2025-03-07,6,15835.0,5.09,7.7,5460.0,2286.0,8187.0,14.06,14.52,16.01,15932.0
2025-03-07,7,16045.0,5.02,8.32,6135.0,2571.0,9224.0,15.43,15.86,17.77,17930.0
2025-03-07,8,14957.0,4.7,8.52,6184.0,2562.0,9267.0,15.47,15.9,17.84,18013.0
2025-03-07,9,14879.0,4.34,8.52,6107.0,2498.0,9097.0,15.44,15.88,17.75,17701.0
2025-03-07,10,14758.0,4.06,8.48,5637.0,2315.0,8455.0,14.12,14.59,16.18,16407.0
2025-03-07,11,14447.0,4.01,8.82,4865.0,1954.0,7201.0,11.24,11.77,12.89,14020.0
2025-03-07,12,13623.0,4.16,9.55,4188.0,1702.0,6240.0,9.01,9.57,10.38,12130.0
2025-03-07,13,13807.0,4.39,9.71,4212.0,1682.0,6197.0,9.03,9.6,10.39,12091.0
2025-03-07,14,14019.0,4.66,9.92,4164.0,1632.0,6068.0,9.0,9.58,10.33,11863.0
2025-03-07,15,14178.0,4.99,10.08,4193.0,1677.0,6164.0,9.06,9.63,10.41,12034.0
2025-03-07,16,13117.0,5.2,10.58,4414.0,1746.0,6425.0,9.36,9.91,10.76,12585.0
2025-03-07,17,13013.0,5.19,10.74,5097.0,2008.0,7412.0,11.83,12.34,13.56,14517.0
2025-03-07,18,13407.0,4.93,10.97,5486.0,2212.0,8111.0,14.02,14.49,15.97,15809.0
2025-03-07,19,13448.0,4.67,11.01,5540.0,2221.0,8158.0,14.0,14.45,15.95,15919.0
2025-03-07,20,13680.0,4.37,10.51,5589.0,2264.0,8275.0,14.16,14.61,16.17,16127.0
2025-03-07,21,13683.0,4.13,10.5,5373.0,2210.0,8014.0,14.03,14.49,15.93,15597.0
2025-03-07,22,13433.0,3.95,11.34,5035.0,2112.0,7596.0,12.76,13.23,14.5,14743.0
2025-03-07,23,14227.0,3.96,13.34,4401.0,1846.0,6613.0,10.32,10.82,11.76,12861.0
2025-03-08,0,8929.0,4.23,9.28,3541.0,358.0,3499.0,5.84,6.47,6.63,7398.0
2025-03-08,1,9244.0,4.44,7.65,3553.0,260.0,3365.0,5.79,6.43,6.57,7178.0
2025-03-08,2,9748.0,4.79,7.74,3430.0,244.0,3254.0,5.81,6.45,6.57,6929.0
2025-03-08,3,9942.0,5.19,7.97,3451.0,256.0,3291.0,6.01,6.64,6.77,6998.0
2025-03-08,4,10719.0,5.49,8.78,3697.0,1231.0,4878.0,7.96,8.53,9.06,9805.0
2025-03-08,5,10827.0,5.43,7.76,4443.0,1861.0,6731.0,11.03,11.53,12.52,13036.0
2025-03-08,6,12958.0,5.12,8.34,5378.0,2240.0,8123.0,14.51,14.95,16.44,15742.0
2025-03-08,7,14759.0,4.76,9.62,6232.0,2575.0,9414.0,16.56,16.96,18.98,18222.0
2025-03-08,8,14662.0,4.3,9.57,6303.0,2589.0,9527.0,16.64,17.05,19.12,18420.0
2025-03-08,9,15386.0,3.88,8.96,6283.0,2572.0,9490.0,16.56,16.97,19.02,18345.0
2025-03-08,10,15114.0,3.58,8.74,5707.0,2301.0,8555.0,14.47,14.93,16.58,16564.0
2025-03-08,11,15906.0,3.65,8.16,4708.0,1902.0,7062.0,10.82,11.35,12.43,13672.0
2025-03-08,12,16003.0,4.07,7.97,4287.0,1705.0,6405.0,9.19,9.74,10.6,12396.0
2025-03-08,13,15989.0,4.55,7.95,4263.0,1696.0,6359.0,9.16,9.71,10.57,12318.0
2025-03-08,14,15221.0,5.02,8.54,4295.0,1711.0,6385.0,9.15,9.71,10.58,12391.0
2025-03-08,15,13850.0,5.29,9.91,4281.0,1731.0,6402.0,9.18,9.74,10.6,12414.0
2025-03-08,16,12834.0,5.4,10.31,4389.0,1787.0,6574.0,9.5,10.03,10.95,12749.0
2025-03-08,17,12800.0,5.32,10.22,5080.0,2083.0,7602.0,12.05,12.55,13.81,14764.0
2025-03-08,18,13840.0,4.99,9.58,5664.0,2397.0,8646.0,14.86,15.3,16.96,16707.0
2025-03-08,19,13416.0,4.64,9.71,5624.0,2366.0,8556.0,14.8,15.24,16.88,16546.0
2025-03-08,20,13248.0,4.22,10.23,5574.0,2378.0,8563.0,14.72,15.16,16.81,16514.0
2025-03-08,21,12528.0,3.79,9.39,5434.0,2329.0,8361.0,14.42,14.86,16.43,16124.0
2025-03-08,22,12758.0,3.4,9.37,4982.0,2200.0,7815.0,12.96,13.41,14.77,14996.0
2025-03-08,23,13514.0,3.3,9.05,4296.0,1922.0,6794.0,10.52,11.02,12.01,13011.0
2025-03-09,0,10920.0,3.62,6.93,3426.0,317.0,3595.0,5.88,6.51,6.75,7338.0
2025-03-09,1,10220.0,4.02,6.41,3340.0,279.0,3427.0,5.79,6.43,6.65,7046.0
2025-03-09,2,10654.0,4.48,6.69,3244.0,284.0,3276.0,5.78,6.41,6.61,6804.0
2025-03-09,3,10685.0,4.99,7.0,3232.0,317.0,3302.0,6.02,6.65,6.84,6850.0
2025-03-09,4,9680.0,5.29,7.67,3356.0,1149.0,4775.0,7.78,8.35,8.76,9279.0
2025-03-09,5,11489.0,5.26,7.29,4088.0,1811.0,6395.0,10.74,11.24,12.1,12293.0
2025-03-09,6,12735.0,5.09,7.31,4955.0,2158.0,7683.0,14.04,14.5,15.81,14797.0
2025-03-09,7,15595.0,4.87,8.76,5732.0,2457.0,8781.0,15.92,16.34,18.08,16970.0
2025-03-09,8,15428.0,4.64,9.54,6080.0,2565.0,9262.0,16.23,16.66,18.62,17907.0
2025-03-09,9,15163.0,4.28,9.78,6229.0,2633.0,9489.0,16.46,16.88,18.93,18350.0
2025-03-09,10,15008.0,3.91,9.87,5794.0,2467.0,8843.0,14.83,15.29,17.04,17104.0
2025-03-09,11,14837.0,3.85,9.9,4632.0,1967.0,7051.0,10.68,11.21,12.26,13651.0
2025-03-09,12,13737.0,4.06,9.74,4295.0,1784.0,6435.0,9.24,9.8,10.65,12514.0
2025-03-09,13,13846.0,4.25,9.73,4262.0,1786.0,6396.0,9.27,9.82,10.66,12444.0
2025-03-09,14,13951.0,4.45,9.85,4290.0,1785.0,6401.0,9.25,9.81,10.65,12475.0
2025-03-09,15,14094.0,4.68,9.97,4279.0,1796.0,6422.0,9.27,9.83,10.67,12497.0
2025-03-09,16,14027.0,4.89,9.93,4440.0,1851.0,6662.0,9.53,10.07,11.01,12953.0
2025-03-09,17,14307.0,4.96,10.16,5248.0,2165.0,7837.0,12.3,12.79,14.14,15249.0
2025-03-09,18,14259.0,4.69,10.01,5894.0,2460.0,8885.0,15.22,15.66,17.42,17238.0
2025-03-09,19,14315.0,4.35,10.01,5820.0,2396.0,8686.0,15.06,15.5,17.2,16902.0
2025-03-09,20,14525.0,4.07,10.18,5739.0,2381.0,8619.0,14.9,15.34,17.03,16740.0
2025-03-09,21,14342.0,3.85,9.98,5615.0,2326.0,8417.0,14.53,14.98,16.56,16358.0
2025-03-09,22,13921.0,3.64,9.58,5035.0,2179.0,7747.0,12.99,13.46,14.79,14961.0
2025-03-09,23,12976.0,3.59,10.56,4401.0,1918.0,6762.0,10.6,11.1,12.08,13081.0
2025-03-10,0,10961.0,3.85,10.24,3629.0,417.0,3656.0,6.01,6.64,6.83,7702.0
2025-03-10,1,10551.0,4.3,10.43,3528.0,315.0,3366.0,5.78,6.42,6.56,7209.0
2025-03-10,2,10454.0,4.8,11.62,3442.0,290.0,3242.0,5.87,6.5,6.62,6974.0
2025-03-10,3,9519.0,5.19,14.46,3433.0,321.0,3266.0,6.14,6.77,6.88,7019.0
2025-03-10,4,9597.0,5.41,14.72,3520.0,1316.0,4961.0,8.09,8.64,9.07,9797.0
2025-03-10,5,11289.0,5.34,12.95,4351.0,1798.0,6439.0,10.85,11.36,12.18,12587.0
2025-03-10,6,13126.0,5.09,9.11,5480.0,2266.0,8182.0,14.19,14.64,16.15,15928.0
2025-03-10,7,13863.0,4.67,9.45,6297.0,2547.0,9295.0,15.61,16.03,17.99,18139.0
2025-03-10,8,14283.0,4.15,9.29,6344.0,2541.0,9344.0,15.66,16.09,18.07,18228.0
2025-03-10,9,14419.0,3.71,9.18,6170.0,2476.0,9096.0,15.5,15.94,17.79,17742.0
2025-03-10,10,14573.0,3.37,9.43,5828.0,2324.0,8595.0,14.35,14.82,16.45,16746.0
2025-03-10,11,14554.0,3.24,9.48,5038.0,1982.0,7369.0,11.55,12.08,13.27,14390.0
2025-03-10,12,14611.0,3.46,9.41,4328.0,1673.0,6324.0,9.31,9.87,10.67,12325.0
2025-03-10,13,14817.0,3.81,9.5,4279.0,1641.0,6218.0,9.21,9.78,10.56,12138.0
2025-03-10,14,14810.0,4.21,9.76,4166.0,1653.0,6152.0,9.16,9.74,10.51,11971.0
2025-03-10,15,14134.0,4.55,10.36,4204.0,1658.0,6240.0,9.22,9.79,10.59,12101.0
2025-03-10,16,13536.0,4.75,10.79,4404.0,1731.0,6519.0,9.46,10.01,10.88,12654.0
2025-03-10,17,12599.0,4.74,9.84,5093.0,2045.0,7624.0,11.88,12.38,13.63,14761.0
2025-03-10,18,13010.0,4.31,7.73,5696.0,2309.0,8569.0,14.49,14.95,16.59,16574.0
2025-03-10,19,12957.0,3.89,7.42,5634.0,2307.0,8530.0,14.34,14.8,16.43,16471.0
2025-03-10,20,14305.0,3.52,8.28,5702.0,2349.0,8616.0,14.4,14.85,16.51,16667.0
2025-03-10,21,13497.0,3.2,7.7,5543.0,2367.0,8550.0,14.45,14.9,16.52,16459.0
2025-03-10,22,14733.0,2.92,8.57,5317.0,2307.0,8238.0,13.47,13.92,15.41,15861.0
2025-03-10,23,14844.0,2.98,8.61,4531.0,1936.0,6952.0,10.91,11.41,12.45,13420.0
2025-03-11,0,10876.0,3.28,6.01,3591.0,461.0,3892.0,6.24,6.87,7.17,7944.0
2025-03-11,1,10595.0,3.7,5.82,3404.0,285.0,3361.0,5.76,6.4,6.64,7049.0
2025-03-11,2,10847.0,4.21,5.96,3307.0,286.0,3253.0,5.9,6.54,6.78,6845.0
2025-03-11,3,11501.0,4.77,6.32,3373.0,270.0,3285.0,6.14,6.78,7.02,6928.0
2025-03-11,4,11254.0,5.24,8.44,3485.0,1220.0,4769.0,7.97,8.55,9.05,9473.0
2025-03-11,5,11072.0,5.26,8.31,4186.0,1878.0,6446.0,10.84,11.36,12.25,12510.0
2025-03-11,6,13440.0,5.0,8.22,5247.0,2264.0,8121.0,14.12,14.59,16.06,15631.0
2025-03-11,7,13780.0,4.63,9.43,5880.0,2536.0,9119.0,15.25,15.68,17.55,17535.0
2025-03-11,8,13603.0,4.12,9.32,5951.0,2511.0,9126.0,15.35,15.8,17.68,17588.0
2025-03-11,9,13380.0,3.59,9.38,5888.0,2480.0,8997.0,15.33,15.79,17.61,17364.0
2025-03-11,10,13234.0,3.12,9.28,5534.0,2326.0,8470.0,14.15,14.63,16.22,16331.0
2025-03-11,11,13319.0,2.85,9.5,4708.0,2003.0,7241.0,11.34,11.87,12.98,13952.0
2025-03-11,12,13473.0,2.94,9.54,4040.0,1713.0,6188.0,9.06,9.63,10.4,11941.0
2025-03-11,13,14101.0,3.2,9.19,3955.0,1701.0,6088.0,9.11,9.69,10.43,11743.0
2025-03-11,14,14886.0,3.56,9.72,4008.0,1704.0,6112.0,9.1,9.67,10.42,11825.0
2025-03-11,15,14601.0,3.98,9.48,4070.0,1703.0,6137.0,9.11,9.67,10.44,11910.0
2025-03-11,16,14380.0,4.3,9.2,4221.0,1751.0,6319.0,9.3,9.86,10.67,12291.0
2025-03-11,17,14926.0,4.49,8.78,5195.0,2158.0,7741.0,12.18,12.68,14.01,15094.0
2025-03-11,18,14791.0,4.34,8.61,5768.0,2395.0,8629.0,14.56,15.02,16.67,16792.0
2025-03-11,19,14133.0,4.08,8.06,5806.0,2386.0,8619.0,14.56,15.01,16.67,16811.0
2025-03-11,20,13768.0,3.71,7.77,5935.0,2462.0,8871.0,14.62,15.06,16.83,17268.0
2025-03-11,21,13709.0,3.32,7.71,5690.0,2412.0,8585.0,14.51,14.96,16.61,16686.0
2025-03-11,22,15252.0,3.09,8.84,5292.0,2282.0,8051.0,13.05,13.52,14.95,15625.0
2025-03-11,23,14234.0,3.19,8.08,4520.0,1919.0,6834.0,10.44,10.95,11.95,13272.0
2025-03-12,0,10030.0,3.45,5.49,3673.0,337.0,3617.0,5.74,6.38,6.55,7627.0
2025-03-12,1,10248.0,3.8,5.57,3569.0,332.0,3504.0,5.75,6.39,6.54,7405.0
2025-03-12,2,10852.0,4.23,5.91,3504.0,257.0,3389.0,5.89,6.53,6.67,7150.0
2025-03-12,3,10831.0,4.76,5.9,3518.0,172.0,3305.0,6.1,6.75,6.87,6995.0
2025-03-12,4,10591.0,5.12,5.49,3766.0,1138.0,4851.0,7.84,8.43,8.87,9755.0
2025-03-12,5,11218.0,5.04,5.32,4572.0,1945.0,6814.0,11.19,11.7,12.68,13331.0
2025-03-12,6,15329.0,4.86,7.37,5577.0,2237.0,8198.0,14.05,14.51,15.99,16013.0
2025-03-12,7,15534.0,4.73,7.85,6173.0,2474.0,9123.0,15.35,15.79,17.69,17770.0
2025-03-12,8,14410.0,4.38,8.5,6201.0,2464.0,9091.0,15.37,15.82,17.69,17756.0
2025-03-12,9,14464.0,4.01,8.74,6005.0,2379.0,8794.0,15.09,15.56,17.28,17178.0
2025-03-12,10,14421.0,3.72,8.86,5692.0,2270.0,8354.0,14.27,14.75,16.29,16316.0
2025-03-12,11,13665.0,3.61,9.57,4902.0,1915.0,7160.0,11.35,11.89,12.98,13977.0
2025-03-12,12,13849.0,3.75,9.94,4295.0,1622.0,6158.0,9.2,9.77,10.54,12075.0
2025-03-12,13,14013.0,4.04,9.95,4266.0,1587.0,6066.0,9.03,9.61,10.35,11919.0
2025-03-12,14,14519.0,4.39,10.4,4186.0,1550.0,5957.0,9.04,9.62,10.33,11692.0
2025-03-12,15,14778.0,4.82,10.63,4153.0,1539.0,5933.0,9.06,9.64,10.34,11626.0
2025-03-12,16,13767.0,5.22,11.21,4267.0,1569.0,6069.0,9.13,9.7,10.44,11905.0
2025-03-12,17,12229.0,5.23,11.3,5064.0,1918.0,7329.0,11.7,12.22,13.39,14312.0
2025-03-12,18,12447.0,4.85,11.49,5585.0,2144.0,8145.0,14.12,14.6,16.08,15874.0
2025-03-12,19,11758.0,4.39,10.51,5560.0,2148.0,8161.0,14.16,14.64,16.15,15869.0
2025-03-12,20,11114.0,3.82,9.7,5562.0,2191.0,8232.0,14.19,14.66,16.19,15985.0
2025-03-12,21,11445.0,3.21,9.83,5489.0,2241.0,8243.0,14.2,14.66,16.2,15973.0
2025-03-12,22,15221.0,2.92,8.84,5223.0,2194.0,7968.0,13.16,13.63,15.04,15384.0
2025-03-12,23,14593.0,3.02,8.39,4552.0,1877.0,6857.0,10.67,11.18,12.21,13286.0
2025-03-13,0,10003.0,3.29,6.86,3643.0,308.0,3744.0,6.04,6.67,6.95,7695.0
2025-03-13,1,9973.0,3.6,7.1,3563.0,212.0,3526.0,5.88,6.52,6.75,7301.0
2025-03-13,2,10708.0,3.99,7.76,3561.0,238.0,3544.0,6.2,6.84,7.07,7343.0
2025-03-13,3,11218.0,4.47,7.74,3487.0,338.0,3607.0,6.42,7.06,7.3,7431.0
2025-03-13,4,11345.0,4.92,6.56,3584.0,1024.0,4674.0,7.64,8.23,8.68,9282.0
2025-03-13,5,11888.0,5.01,6.04,4264.0,1805.0,6488.0,10.86,11.38,12.28,12558.0
2025-03-13,6,14023.0,4.9,7.28,5199.0,2144.0,7843.0,13.82,14.29,15.66,15186.0
2025-03-13,7,14901.0,4.67,7.8,5970.0,2467.0,9042.0,15.48,15.93,17.79,17479.0
2025-03-13,8,15038.0,4.36,7.96,5938.0,2444.0,8982.0,15.38,15.84,17.67,17364.0
2025-03-13,9,14777.0,4.09,8.54,5806.0,2403.0,8814.0,15.3,15.76,17.5,17023.0
2025-03-13,10,14058.0,3.78,9.05,5461.0,2290.0,8343.0,14.19,14.68,16.24,16094.0
2025-03-13,11,14169.0,3.65,9.3,4641.0,1937.0,7087.0,11.28,11.82,12.89,13664.0
2025-03-13,12,13500.0,3.84,9.74,4057.0,1646.0,6144.0,9.14,9.73,10.48,11847.0
2025-03-13,13,13961.0,4.1,10.19,4000.0,1637.0,6035.0,9.15,9.74,10.47,11673.0
2025-03-13,14,14012.0,4.42,10.24,3981.0,1646.0,6030.0,9.15,9.74,10.47,11656.0
2025-03-13,15,13698.0,4.74,9.84,3976.0,1648.0,6010.0,9.18,9.75,10.49,11634.0
2025-03-13,16,13222.0,4.95,9.38,4171.0,1696.0,6236.0,9.15,9.71,10.52,12103.0
2025-03-13,17,11922.0,4.95,8.13,4807.0,1999.0,7231.0,11.5,12.02,13.16,14037.0
2025-03-13,18,11602.0,4.52,7.79,5415.0,2246.0,8102.0,14.04,14.52,15.99,15763.0
2025-03-13,19,12870.0,4.05,8.91,5502.0,2296.0,8021.0,14.07,14.53,16.07,15819.0
2025-03-13,20,13560.0,3.78,9.45,5565.0,2337.0,8030.0,14.09,14.54,16.1,15932.0
2025-03-13,21,13358.0,3.52,9.23,5448.0,2267.0,7968.0,14.13,14.6,16.09,15683.0
2025-03-13,22,11929.0,3.25,10.55,4363.0,2299.0,7328.0,12.83,13.28,14.42,13990.0
2025-03-13,23,11268.0,3.13,11.5,3048.0,2096.0,5939.0,9.48,10.62,11.28,11083.0
2025-03-14,0,9138.0,3.34,7.27,2706.0,778.0,3398.0,5.54,6.8,6.94,6882.0
2025-03-14,1,10169.0,3.73,7.22,2715.0,586.0,3058.0,5.26,6.51,6.59,6359.0
2025-03-14,2,12193.0,4.41,9.14,2603.0,560.0,2908.0,5.34,6.54,6.6,6071.0
2025-03-14,3,8653.0,5.03,14.27,2615.0,605.0,2966.0,5.72,6.81,6.87,6186.0
2025-03-14,4,8670.0,5.15,9.73,2735.0,1470.0,4499.0,7.82,8.5,8.81,8704.0
2025-03-14,5,11797.0,5.25,7.17,3393.0,2058.0,6064.0,10.49,11.18,11.89,11515.0
2025-03-14,6,15152.0,5.24,8.76,5260.0,2194.0,7894.0,13.37,14.31,15.67,15347.0
2025-03-14,7,15751.0,5.14,9.24,6104.0,2437.0,9016.0,15.34,15.81,17.63,17557.0
2025-03-14,8,15436.0,4.94,9.22,5993.0,2396.0,8890.0,15.33,15.79,17.55,17279.0
2025-03-14,9,15252.0,4.75,9.15,5825.0,2330.0,8605.0,14.99,15.47,17.1,16760.0
2025-03-14,10,14688.0,4.6,9.34,5491.0,2200.0,8152.0,13.92,14.41,15.86,15843.0
2025-03-14,11,13643.0,4.53,10.09,4738.0,1843.0,6924.0,11.09,11.64,12.66,13505.0
2025-03-14,12,13670.0,4.72,10.18,4169.0,1549.0,5920.0,9.01,9.6,10.32,11638.0
2025-03-14,13,13624.0,5.02,10.48,4176.0,1571.0,5944.0,9.03,9.62,10.34,11691.0
2025-03-14,14,12332.0,5.21,11.55,4189.0,1568.0,5938.0,9.04,9.63,10.35,11694.0
2025-03-14,15,11071.0,5.23,10.03,4225.0,1574.0,6019.0,9.02,9.62,10.36,11817.0
2025-03-14,16,11096.0,5.14,10.03,4378.0,1646.0,6274.0,9.36,9.94,10.74,12298.0
2025-03-14,17,10889.0,4.9,9.62,5246.0,1993.0,7552.0,11.99,12.51,13.77,14791.0
2025-03-14,18,12073.0,4.35,8.01,5753.0,2228.0,8363.0,14.38,14.86,16.43,16344.0
2025-03-14,19,12835.0,3.9,7.19,5731.0,2211.0,8332.0,14.37,14.84,16.41,16275.0
2025-03-14,20,12622.0,3.47,7.02,5777.0,2216.0,8382.0,14.35,14.82,16.41,16375.0
2025-03-14,21,13623.0,3.07,7.68,5541.0,2188.0,8222.0,14.26,14.73,16.25,15950.0
2025-03-14,22,14973.0,2.93,8.6,5332.0,2150.0,7919.0,13.13,13.61,14.99,15401.0
2025-03-14,23,14965.0,3.06,8.62,4409.0,1803.0,6637.0,10.38,10.9,11.83,12849.0
2025-03-15,0,10816.0,3.46,5.91,3614.0,207.0,3588.0,5.95,6.6,6.84,7410.0
2025-03-15,1,10287.0,3.9,5.59,3450.0,148.0,3345.0,5.79,6.45,6.64,6943.0
2025-03-15,2,10061.0,4.33,5.5,3352.0,149.0,3156.0,5.78,6.43,6.59,6656.0
2025-03-15,3,10179.0,4.79,5.52,3357.0,158.0,3199.0,5.94,6.59,6.77,6714.0
2025-03-15,4,11082.0,5.15,6.04,3589.0,1030.0,4773.0,7.74,8.33,8.74,9391.0
2025-03-15,5,13501.0,5.33,9.79,4221.0,1742.0,6398.0,10.69,11.22,12.09,12360.0
2025-03-15,6,13246.0,5.32,9.63,5176.0,2095.0,7770.0,14.01,14.49,15.84,15041.0
2025-03-15,7,15029.0,5.05,8.93,5964.0,2415.0,8985.0,16.05,16.5,18.33,17363.0
2025-03-15,8,14920.0,4.7,8.71,6298.0,2536.0,9400.0,16.53,16.98,19.0,18233.0
2025-03-15,9,13988.0,4.23,8.24,6271.0,2556.0,9434.0,16.63,17.07,19.08,18261.0
2025-03-15,10,13811.0,3.72,8.01,5765.0,2351.0,8645.0,14.66,15.14,16.81,16762.0
2025-03-15,11,13792.0,3.54,7.94,4885.0,1947.0,7243.0,11.24,11.78,12.9,14075.0
2025-03-15,12,13812.0,3.66,7.64,4237.0,1675.0,6308.0,9.24,9.83,10.64,12220.0
2025-03-15,13,13814.0,3.88,7.52,4233.0,1681.0,6307.0,9.21,9.8,10.62,12221.0
2025-03-15,14,13782.0,4.1,7.43,4155.0,1680.0,6269.0,9.14,9.73,10.53,12103.0
2025-03-15,15,13863.0,4.34,7.43,4155.0,1685.0,6277.0,9.14,9.72,10.53,12116.0
2025-03-15,16,14641.0,4.57,7.91,4302.0,1746.0,6521.0,9.46,10.02,10.9,12569.0
2025-03-15,17,15899.0,4.84,8.71,5134.0,2107.0,7785.0,12.45,12.96,14.31,15027.0
2025-03-15,18,14808.0,4.76,9.5,5708.0,2344.0,8639.0,15.08,15.55,17.23,16691.0
2025-03-15,19,14382.0,4.55,9.15,5636.0,2308.0,8491.0,15.04,15.51,17.14,16435.0
2025-03-15,20,12890.0,4.19,8.07,5626.0,2344.0,8502.0,15.04,15.5,17.12,16473.0
2025-03-15,21,12776.0,3.79,8.16,5268.0,2265.0,8107.0,14.33,14.8,16.26,15640.0
2025-03-15,22,12787.0,3.44,8.17,5083.0,2234.0,7886.0,13.08,13.56,14.94,15203.0
2025-03-15,23,14176.0,3.41,9.32,4321.0,1925.0,6733.0,10.77,11.29,12.26,12979.0
2025-03-16,0,11212.0,3.75,6.93,3453.0,363.0,3518.0,5.92,6.57,6.73,7333.0
2025-03-16,1,10411.0,4.24,6.36,3379.0,253.0,3268.0,5.8,6.45,6.55,6899.0
2025-03-16,2,10800.0,4.73,6.64,3366.0,215.0,3189.0,5.81,6.46,6.56,6770.0
2025-03-16,3,10544.0,5.27,7.04,3380.0,227.0,3219.0,6.06,6.71,6.82,6825.0
2025-03-16,4,9879.0,5.57,8.13,3532.0,1217.0,4694.0,7.8,8.39,8.87,9444.0
2025-03-16,5,10697.0,5.49,7.58,4268.0,1866.0,6444.0,10.84,11.36,12.27,12577.0
2025-03-16,6,13991.0,5.37,10.42,4993.0,2106.0,7527.0,13.94,14.43,15.7,14626.0
2025-03-16,7,14301.0,5.15,9.83,5907.0,2432.0,8859.0,16.15,16.62,18.4,17198.0
2025-03-16,8,14081.0,4.73,9.84,6225.0,2533.0,9241.0,16.44,16.89,18.82,17999.0
2025-03-16,9,13786.0,4.22,9.77,6254.0,2539.0,9304.0,16.47,16.93,18.88,18096.0
2025-03-16,10,13604.0,3.73,9.66,5744.0,2300.0,8477.0,14.44,14.93,16.53,16521.0
2025-03-16,11,13447.0,3.56,9.54,4746.0,1863.0,6973.0,10.86,11.41,12.43,13582.0
2025-03-16,12,12956.0,3.65,9.07,4311.0,1645.0,6261.0,9.29,9.87,10.67,12217.0
2025-03-16,13,12843.0,3.74,8.85,4394.0,1662.0,6334.0,9.26,9.85,10.67,12390.0
2025-03-16,14,12994.0,3.81,8.97,4477.0,1701.0,6459.0,9.25,9.82,10.68,12637.0
2025-03-16,15,13002.0,3.9,8.85,4378.0,1707.0,6365.0,9.29,9.86,10.69,12450.0
2025-03-16,16,13416.0,4.03,8.75,4466.0,1708.0,6415.0,9.33,9.9,10.75,12589.0
2025-03-16,17,13472.0,4.06,8.78,5300.0,2066.0,7696.0,12.14,12.65,13.96,15062.0
2025-03-16,18,14168.0,3.77,8.94,5954.0,2316.0,8621.0,14.99,15.46,17.15,16891.0
2025-03-16,19,14196.0,3.47,8.74,5910.0,2302.0,8587.0,15.02,15.49,17.16,16799.0
2025-03-16,20,14232.0,3.16,8.75,5940.0,2308.0,8644.0,15.0,15.46,17.15,16892.0
2025-03-16,21,14599.0,2.91,9.0,5739.0,2301.0,8202.0,14.76,15.22,16.82,16242.0
2025-03-16,22,15261.0,2.86,9.59,5226.0,2129.0,7497.0,13.24,13.72,15.05,14852.0
2025-03-16,23,15037.0,3.01,9.38,4655.0,1920.0,6697.0,10.96,11.47,12.52,13272.0
2025-03-17,0,11141.0,3.33,6.54,3823.0,679.0,4181.0,6.85,7.47,7.87,8683.0
2025-03-17,1,11145.0,3.79,6.5,3507.0,243.0,3152.0,5.7,6.35,6.59,6901.0
2025-03-17,2,12364.0,4.45,7.32,3421.0,274.0,3110.0,5.9,6.55,6.78,6805.0
2025-03-17,3,10870.0,5.11,10.13,3471.0,295.0,3157.0,6.15,6.8,7.04,6923.0
2025-03-17,4,9160.0,5.38,10.74,3567.0,1243.0,4766.0,8.05,8.63,9.12,9575.0
2025-03-17,5,9598.0,5.16,7.29,4418.0,1828.0,6421.0,11.16,11.67,12.64,12667.0
2025-03-17,6,14083.0,4.86,9.71,5395.0,2220.0,7820.0,14.12,14.58,16.06,15434.0
2025-03-17,7,14154.0,4.6,9.73,6059.0,2467.0,8787.0,15.51,15.95,17.84,17313.0
2025-03-17,8,13652.0,4.16,9.4,6040.0,2460.0,8742.0,15.51,15.95,17.82,17243.0
2025-03-17,9,13522.0,3.71,9.39,5893.0,2419.0,8566.0,15.32,15.78,17.56,16878.0
2025-03-17,10,13694.0,3.33,9.72,5562.0,2296.0,8130.0,14.38,14.87,16.45,15988.0
2025-03-17,11,13712.0,3.16,9.76,4855.0,2004.0,7053.0,11.69,12.22,13.37,13913.0
2025-03-17,12,14171.0,3.32,10.09,4188.0,1660.0,6207.0,9.26,9.85,10.65,12054.0
2025-03-17,13,14359.0,3.62,10.28,4179.0,1638.0,6170.0,9.26,9.85,10.62,11987.0
2025-03-17,14,14374.0,3.96,10.26,4146.0,1630.0,6089.0,9.2,9.8,10.54,11865.0
2025-03-17,15,14503.0,4.32,10.34,4091.0,1622.0,6080.0,9.22,9.81,10.55,11792.0
2025-03-17,16,14700.0,4.69,10.43,4178.0,1662.0,6246.0,9.35,9.93,10.72,12086.0
2025-03-17,17,14505.0,4.91,10.23,4950.0,2004.0,7409.0,11.8,12.33,13.55,14364.0
2025-03-17,18,13674.0,4.73,9.37,5493.0,2254.0,8306.0,14.2,14.69,16.27,16053.0
2025-03-17,19,13755.0,4.46,9.41,5369.0,2231.0,8160.0,14.18,14.66,16.14,15760.0
2025-03-17,20,13664.0,4.2,9.26,5402.0,2243.0,8209.0,14.16,14.64,16.15,15854.0
2025-03-17,21,13674.0,3.93,9.3,5342.0,2240.0,8147.0,14.19,14.66,16.15,15729.0
2025-03-17,22,14323.0,3.71,9.92,5146.0,2275.0,8068.0,13.39,13.85,15.29,15489.0
2025-03-17,23,12819.0,3.59,8.65,4409.0,1944.0,6894.0,10.88,11.39,12.42,13246.0
2025-03-18,0,9540.0,3.79,7.69,3359.0,335.0,3459.0,5.93,6.58,6.74,7153.0
2025-03-18,1,9518.0,4.11,7.68,3257.0,223.0,3179.0,5.8,6.45,6.55,6660.0
2025-03-18,2,11312.0,4.62,9.59,3167.0,229.0,3069.0,5.89,6.54,6.64,6465.0
2025-03-18,3,8330.0,5.1,9.85,3258.0,262.0,3197.0,6.18,6.83,6.93,6717.0
2025-03-18,4,9668.0,5.15,6.96,3425.0,1252.0,4737.0,7.87,8.46,8.87,9414.0
2025-03-18,5,11009.0,5.14,6.01,4303.0,1864.0,6480.0,10.94,11.47,12.36,12647.0
2025-03-18,6,14669.0,5.01,8.37,5208.0,2188.0,7844.0,13.82,14.31,15.67,15241.0
2025-03-18,7,14734.0,4.82,8.41,5894.0,2466.0,8848.0,15.16,15.61,17.36,17209.0
2025-03-18,8,14366.0,4.48,8.32,5973.0,2470.0,8934.0,15.27,15.73,17.51,17377.0
2025-03-18,9,13424.0,4.07,8.84,5859.0,2378.0,8662.0,15.07,15.55,17.21,16899.0
2025-03-18,10,13292.0,3.67,8.85,5593.0,2258.0,8213.0,14.18,14.68,16.17,16063.0
2025-03-18,11,13354.0,3.48,8.82,4753.0,1897.0,6974.0,11.26,11.81,12.84,13625.0
2025-03-18,12,13428.0,3.63,8.84,4177.0,1618.0,6010.0,9.1,9.69,10.42,11805.0
2025-03-18,13,13478.0,3.87,8.9,4170.0,1623.0,6043.0,9.01,9.61,10.35,11836.0
2025-03-18,14,13621.0,4.12,9.02,4133.0,1599.0,6004.0,9.04,9.63,10.36,11735.0
2025-03-18,15,13778.0,4.4,9.15,4095.0,1583.0,5961.0,9.05,9.63,10.36,11639.0
2025-03-18,16,13763.0,4.7,9.18,4154.0,1613.0,6078.0,9.08,9.66,10.42,11845.0
2025-03-18,17,13216.0,4.83,9.14,4966.0,1954.0,7272.0,11.63,12.16,13.32,14192.0
2025-03-18,18,12723.0,4.51,8.64,5662.0,2233.0,8305.0,14.31,14.8,16.35,16200.0
2025-03-18,19,12609.0,4.1,8.49,5675.0,2220.0,8276.0,14.2,14.68,16.21,16172.0
2025-03-18,20,12525.0,3.64,8.36,5843.0,2277.0,8458.0,14.35,14.82,16.43,16578.0
2025-03-18,21,13231.0,3.22,8.96,5645.0,2231.0,8228.0,14.37,14.84,16.35,16105.0
2025-03-18,22,14549.0,3.0,10.16,5357.0,2158.0,7900.0,13.33,13.81,15.2,15416.0
2025-03-18,23,13773.0,3.06,9.46,4685.0,1892.0,6888.0,11.01,11.53,12.55,13465.0
2025-03-19,0,9635.0,3.17,6.11,3726.0,333.0,3748.0,6.13,6.77,7.04,7807.0
2025-03-19,1,9528.0,3.51,6.06,3521.0,201.0,3228.0,5.77,6.42,6.64,6951.0
2025-03-19,2,10219.0,3.91,6.53,3475.0,195.0,3157.0,5.86,6.52,6.73,6828.0
2025-03-19,3,11010.0,4.43,6.87,3508.0,207.0,3215.0,6.13,6.78,7.0,6931.0
2025-03-19,4,11265.0,4.89,6.3,3672.0,1019.0,4643.0,7.71,8.3,8.74,9333.0
2025-03-19,5,12453.0,5.0,6.34,4392.0,1731.0,6405.0,10.83,11.36,12.26,12528.0
2025-03-19,6,14420.0,5.02,9.42,5399.0,2086.0,7875.0,13.9,14.38,15.78,15360.0
2025-03-19,7,14142.0,4.75,9.44,5976.0,2334.0,8806.0,15.13,15.59,17.36,17116.0
2025-03-19,8,13737.0,4.37,9.15,5962.0,2329.0,8779.0,15.13,15.59,17.34,17070.0
2025-03-19,9,13361.0,3.96,8.97,5827.0,2289.0,8603.0,14.95,15.42,17.1,16719.0
2025-03-19,10,13511.0,3.59,9.19,5459.0,2158.0,8112.0,13.97,14.46,15.93,15729.0
2025-03-19,11,13174.0,3.4,9.0,4737.0,1827.0,6989.0,11.24,11.79,12.85,13553.0
2025-03-19,12,13596.0,3.56,9.22,4043.0,1537.0,5952.0,9.02,9.61,10.33,11531.0
2025-03-19,13,13637.0,3.84,9.19,4071.0,1549.0,5987.0,9.02,9.6,10.33,11606.0
2025-03-19,14,14205.0,4.13,9.05,4058.0,1579.0,6012.0,9.04,9.62,10.35,11648.0
2025-03-19,15,15082.0,4.54,8.88,4068.0,1618.0,6058.0,9.04,9.61,10.36,11743.0
2025-03-19,16,15153.0,4.96,9.0,4345.0,1760.0,6449.0,9.56,10.12,10.96,12554.0
2025-03-19,17,14542.0,5.18,9.37,4976.0,2018.0,7408.0,11.85,12.37,13.56,14402.0
2025-03-19,18,14634.0,5.07,9.49,5561.0,2272.0,8319.0,14.17,14.65,16.19,16152.0
2025-03-19,19,14218.0,4.89,10.4,5523.0,2227.0,8225.0,14.2,14.68,16.19,15975.0
2025-03-19,20,14634.0,4.72,10.83,5468.0,2247.0,8258.0,14.19,14.66,16.19,15973.0
2025-03-19,21,13370.0,4.48,11.12,5336.0,2229.0,8129.0,14.15,14.63,16.11,15694.0
2025-03-19,22,13429.0,4.23,11.35,4956.0,2141.0,7657.0,12.88,13.36,14.66,14754.0
2025-03-19,23,13273.0,4.18,12.07,4231.0,1866.0,6595.0,10.41,10.94,11.87,12692.0
2025-03-20,0,8855.0,4.37,8.9,3384.0,318.0,3417.0,5.84,6.49,6.64,7119.0
2025-03-20,1,9625.0,4.66,9.17,3265.0,258.0,3273.0,5.77,6.42,6.54,6796.0
2025-03-20,2,9763.0,5.05,10.66,3213.0,260.0,3215.0,5.9,6.55,6.66,6687.0
2025-03-20,3,7735.0,5.32,13.51,3249.0,337.0,3316.0,6.18,6.82,6.95,6902.0
2025-03-20,4,8726.0,5.31,9.42,3420.0,1141.0,4759.0,7.74,8.32,8.72,9320.0
2025-03-20,5,10792.0,5.18,7.61,4137.0,1775.0,6348.0,10.64,11.16,12.02,12259.0
2025-03-20,6,12687.0,5.0,9.44,5077.0,2156.0,7770.0,13.64,14.12,15.47,15003.0
2025-03-20,7,12936.0,4.54,8.97,5828.0,2469.0,8912.0,15.15,15.6,17.4,17208.0
2025-03-20,8,13480.0,4.04,8.39,5883.0,2483.0,8947.0,15.19,15.65,17.48,17313.0
2025-03-20,9,13516.0,3.58,8.29,5713.0,2438.0,8729.0,15.09,15.55,17.28,16880.0
2025-03-20,10,13337.0,3.17,8.28,5507.0,2329.0,8376.0,14.22,14.71,16.27,16212.0
2025-03-20,11,13428.0,2.97,8.31,4665.0,1965.0,6998.0,11.21,11.75,12.81,13628.0
2025-03-20,12,13766.0,3.1,8.06,4190.0,1721.0,6217.0,9.11,9.68,10.49,12128.0
2025-03-20,13,13950.0,3.37,8.05,4084.0,1686.0,6074.0,9.13,9.71,10.46,11843.0
2025-03-20,14,14063.0,3.67,8.16,4136.0,1673.0,6078.0,9.13,9.7,10.46,11887.0
2025-03-20,15,14434.0,4.01,8.36,4162.0,1682.0,6107.0,9.14,9.71,10.48,11951.0
2025-03-20,16,14481.0,4.34,8.37,4282.0,1721.0,6282.0,9.3,9.87,10.68,12285.0
2025-03-20,17,14207.0,4.54,8.44,5037.0,2026.0,7388.0,11.76,12.28,13.47,14451.0
2025-03-20,18,13884.0,4.35,8.49,5592.0,2250.0,8246.0,14.2,14.67,16.19,16088.0
2025-03-20,19,13826.0,4.11,8.4,5564.0,2214.0,8209.0,14.09,14.57,16.09,15987.0
2025-03-20,20,13632.0,3.82,8.15,5691.0,2253.0,8388.0,14.1,14.58,16.18,16332.0
2025-03-20,21,13638.0,3.52,8.18,5429.0,2222.0,8115.0,14.12,14.6,16.09,15766.0
2025-03-20,22,14409.0,3.4,8.77,4924.0,2034.0,7411.0,12.65,13.15,14.37,14369.0
2025-03-20,23,14259.0,3.56,8.63,4317.0,1815.0,6452.0,10.27,10.79,11.68,12583.0
2025-03-21,0,10247.0,3.88,5.84,3605.0,273.0,3506.0,5.74,6.38,6.61,7384.0
2025-03-21,1,10053.0,4.28,5.73,3499.0,225.0,3270.0,5.69,6.34,6.53,6995.0
2025-03-21,2,10196.0,4.72,5.79,3459.0,229.0,3242.0,5.87,6.52,6.7,6931.0
2025-03-21,3,10516.0,5.16,5.99,3548.0,232.0,3316.0,6.19,6.83,7.04,7096.0
2025-03-21,4,9101.0,5.4,5.78,3764.0,1263.0,5085.0,8.14,8.71,9.25,10111.0
2025-03-21,5,9065.0,5.11,5.52,4451.0,1835.0,6585.0,10.94,11.46,12.42,12871.0
2025-03-21,6,12788.0,4.66,7.85,5461.0,2151.0,7967.0,13.9,14.37,15.79,15579.0
2025-03-21,7,14008.0,4.33,8.81,6076.0,2407.0,8864.0,15.09,15.54,17.34,17346.0
2025-03-21,8,13775.0,3.92,8.77,6047.0,2395.0,8869.0,15.21,15.67,17.45,17311.0
2025-03-21,9,13659.0,3.5,8.91,5979.0,2367.0,8715.0,15.0,15.46,17.18,17061.0
2025-03-21,10,13564.0,3.11,8.97,5751.0,2235.0,8329.0,14.1,14.59,16.14,16316.0
2025-03-21,11,13529.0,2.92,8.9,4947.0,1896.0,7123.0,11.32,11.86,12.96,13966.0
2025-03-21,12,13831.0,3.05,9.04,4317.0,1638.0,6188.0,9.1,9.67,10.46,12143.0
2025-03-21,13,15306.0,3.4,8.86,4302.0,1594.0,6135.0,9.04,9.62,10.4,12031.0
2025-03-21,14,17081.0,3.98,8.11,4179.0,1592.0,6045.0,9.07,9.64,10.39,11816.0
2025-03-21,15,17237.0,4.71,8.18,4174.0,1598.0,6082.0,9.09,9.66,10.4,11854.0
2025-03-21,16,13159.0,5.2,10.51,4261.0,1643.0,6232.0,9.26,9.84,10.63,12135.0
2025-03-21,17,11874.0,5.09,10.34,5060.0,1987.0,7503.0,11.99,12.51,13.74,14550.0
2025-03-21,18,13422.0,4.72,9.18,5574.0,2208.0,8309.0,14.22,14.7,16.26,16091.0
2025-03-21,19,12722.0,4.38,9.49,5520.0,2188.0,8216.0,14.21,14.7,16.23,15925.0
2025-03-21,20,11877.0,3.9,10.64,5504.0,2189.0,8236.0,14.12,14.6,16.15,15929.0
2025-03-21,21,12053.0,3.43,10.74,5373.0,2158.0,8033.0,14.02,14.5,15.95,15563.0
2025-03-21,22,11621.0,3.0,10.15,4995.0,2089.0,7606.0,12.81,13.3,14.6,14689.0
2025-03-21,23,12235.0,2.75,11.01,4354.0,1836.0,6632.0,10.43,10.94,11.9,12822.0
2025-03-22,0,10523.0,2.99,8.94,3536.0,268.0,3472.0,5.87,6.52,6.68,7276.0
2025-03-22,1,11718.0,3.47,8.02,3413.0,247.0,3334.0,5.82,6.47,6.6,6993.0
2025-03-22,2,12169.0,4.15,7.83,3320.0,238.0,3219.0,5.84,6.48,6.59,6777.0
2025-03-22,3,11116.0,4.84,8.45,3311.0,222.0,3174.0,5.96,6.6,6.71,6707.0
2025-03-22,4,10977.0,5.25,11.56,3408.0,1091.0,4641.0,7.67,8.25,8.63,9140.0
2025-03-22,5,11254.0,5.31,8.91,4144.0,1762.0,6319.0,10.67,11.19,12.04,12225.0
2025-03-22,6,12223.0,5.1,6.73,5206.0,2177.0,7869.0,14.08,14.55,15.95,15251.0
2025-03-22,7,15887.0,4.8,7.44,5997.0,2480.0,9022.0,16.11,16.54,18.4,17499.0
2025-03-22,8,15422.0,4.54,7.64,6173.0,2564.0,9337.0,16.34,16.78,18.76,18073.0
2025-03-22,9,14739.0,4.17,8.29,6156.0,2549.0,9314.0,16.37,16.82,18.8,18019.0
2025-03-22,10,13477.0,3.72,9.53,5582.0,2324.0,8475.0,14.5,14.98,16.58,16381.0
2025-03-22,11,13377.0,3.52,9.46,4682.0,1955.0,7133.0,11.1,11.64,12.73,13770.0
2025-03-22,12,13382.0,3.6,9.32,4071.0,1682.0,6199.0,9.29,9.87,10.65,11953.0
2025-03-22,13,13443.0,3.8,9.31,4103.0,1654.0,6188.0,9.19,9.78,10.55,11945.0
2025-03-22,14,13528.0,3.99,9.41,4100.0,1680.0,6202.0,9.19,9.77,10.55,11982.0
2025-03-22,15,13590.0,4.19,9.46,4167.0,1730.0,6332.0,9.2,9.78,10.59,12230.0
2025-03-22,16,13579.0,4.36,9.43,4286.0,1740.0,6409.0,9.38,9.95,10.8,12434.0
2025-03-22,17,13594.0,4.4,9.43,5091.0,2128.0,7712.0,12.42,12.94,14.25,14931.0
2025-03-22,18,13616.0,4.07,9.36,5712.0,2367.0,8575.0,15.09,15.56,17.21,16655.0
2025-03-22,19,13577.0,3.72,9.28,5608.0,2306.0,8374.0,14.99,15.47,17.05,16288.0
2025-03-22,20,13342.0,3.38,9.01,5558.0,2338.0,8403.0,14.98,15.45,17.05,16299.0
2025-03-22,21,13470.0,3.0,9.1,5500.0,2338.0,8317.0,14.7,15.16,16.73,16154.0
2025-03-22,22,13847.0,2.77,9.43,5109.0,2229.0,7813.0,13.32,13.79,15.15,15151.0
2025-03-22,23,14104.0,2.74,9.63,4499.0,1960.0,6829.0,10.99,11.5,12.51,13288.0
2025-03-23,0,10021.0,2.98,6.28,3649.0,379.0,3749.0,6.17,6.8,7.08,7777.0
2025-03-23,1,9898.0,3.33,6.15,3520.0,215.0,3352.0,5.83,6.48,6.7,7087.0
2025-03-23,2,11207.0,3.82,7.11,3324.0,280.0,3134.0,5.75,6.39,6.61,6738.0
2025-03-23,3,12553.0,4.51,7.16,3377.0,317.0,3230.0,6.02,6.66,6.88,6924.0
2025-03-23,4,11660.0,5.07,6.3,3641.0,1333.0,4920.0,8.01,8.58,9.13,9895.0
2025-03-23,5,11931.0,5.1,6.4,4395.0,1918.0,6566.0,11.14,11.64,12.61,12879.0
2025-03-23,6,14474.0,5.02,8.08,5262.0,2193.0,7862.0,14.37,14.85,16.24,15316.0
2025-03-23,7,15633.0,4.9,8.99,5912.0,2444.0,8805.0,16.2,16.64,18.41,17161.0
2025-03-23,8,15328.0,4.65,9.11,6250.0,2535.0,9259.0,16.54,16.98,18.93,18044.0
2025-03-23,9,14574.0,4.24,9.52,6383.0,2565.0,9435.0,16.77,17.22,19.23,18383.0
2025-03-23,10,14421.0,3.82,9.54,5777.0,2303.0,8517.0,14.5,14.99,16.61,16597.0
2025-03-23,11,14381.0,3.77,9.51,4679.0,1837.0,6838.0,10.67,11.23,12.2,13355.0
2025-03-23,12,13708.0,4.02,9.76,4164.0,1599.0,6032.0,8.98,9.58,10.3,11796.0
2025-03-23,13,13727.0,4.28,9.71,4226.0,1631.0,6106.0,9.03,9.62,10.37,11962.0
2025-03-23,14,13609.0,4.51,9.58,4299.0,1656.0,6183.0,9.01,9.6,10.38,12137.0
2025-03-23,15,13144.0,4.71,10.36,4313.0,1656.0,6179.0,9.05,9.64,10.42,12148.0
2025-03-23,16,13207.0,4.86,10.39,4383.0,1687.0,6305.0,9.31,9.89,10.7,12374.0
2025-03-23,17,13197.0,4.85,10.33,5374.0,2105.0,7821.0,12.54,13.05,14.4,15300.0
2025-03-23,18,13044.0,4.44,10.13,5954.0,2323.0,8653.0,15.13,15.6,17.27,16931.0
2025-03-23,19,13635.0,4.03,10.7,5819.0,2242.0,8426.0,14.9,15.37,16.97,16487.0
2025-03-23,20,14066.0,3.73,11.14,5831.0,2274.0,8497.0,14.94,15.4,17.03,16602.0
2025-03-23,21,14057.0,3.47,11.1,5487.0,2183.0,8105.0,14.33,14.8,16.26,15775.0
2025-03-23,22,14070.0,3.36,11.11,5056.0,2049.0,7517.0,12.88,13.38,14.61,14622.0
2025-03-23,23,13337.0,3.37,10.3,4490.0,1837.0,6672.0,10.49,11.01,11.96,12998.0
2025-03-24,0,9864.0,3.59,6.33,3652.0,174.0,3534.0,5.86,6.51,6.75,7360.0
2025-03-24,1,9993.0,3.95,6.33,3474.0,191.0,3251.0,5.76,6.42,6.65,6916.0
2025-03-24,2,10294.0,4.38,6.52,3429.0,195.0,3200.0,5.89,6.55,6.77,6824.0
2025-03-24,3,11427.0,4.92,7.38,3472.0,231.0,3271.0,6.12,6.78,7.01,6974.0
2025-03-24,4,10844.0,5.38,7.06,3621.0,1068.0,4778.0,7.73,8.32,8.79,9467.0
2025-03-24,5,10466.0,5.29,6.24,4377.0,1802.0,6640.0,11.08,11.6,12.57,12818.0
2025-03-24,6,13504.0,4.99,8.82,5385.0,2165.0,8072.0,14.05,14.53,15.99,15622.0
2025-03-24,7,13943.0,4.64,9.28,6014.0,2419.0,9032.0,15.37,15.82,17.7,17466.0
2025-03-24,8,13919.0,4.18,9.2,6028.0,2420.0,9086.0,15.41,15.88,17.77,17534.0
2025-03-24,9,13627.0,3.7,9.62,5878.0,2415.0,8891.0,15.22,15.69,17.45,17184.0
2025-03-24,10,13760.0,3.29,9.98,5585.0,2297.0,8444.0,14.3,14.79,16.36,16326.0
2025-03-24,11,13674.0,3.12,9.98,4709.0,1912.0,7043.0,11.15,11.7,12.74,13665.0
2025-03-24,12,13669.0,3.26,9.79,4249.0,1727.0,6355.0,9.19,9.78,10.59,12331.0
2025-03-24,13,14574.0,3.51,9.22,4193.0,1719.0,6311.0,9.2,9.79,10.59,12223.0
2025-03-24,14,15782.0,3.91,8.58,4192.0,1700.0,6276.0,9.21,9.79,10.59,12168.0
2025-03-24,15,16052.0,4.44,8.68,4121.0,1641.0,6139.0,9.21,9.79,10.57,11901.0
2025-03-24,16,15782.0,4.98,9.09,4202.0,1700.0,6350.0,9.3,9.87,10.71,12252.0
2025-03-24,17,13273.0,5.16,10.48,4912.0,2010.0,7429.0,11.69,12.22,13.42,14351.0
2025-03-24,18,13209.0,4.87,10.26,5568.0,2268.0,8385.0,14.25,14.73,16.31,16221.0
2025-03-24,19,13214.0,4.49,10.2,5494.0,2278.0,8383.0,14.33,14.81,16.38,16156.0
2025-03-24,20,13255.0,4.1,10.19,5551.0,2329.0,8457.0,14.39,14.86,16.47,16336.0
2025-03-24,21,13246.0,3.73,10.14,5421.0,2302.0,8293.0,14.39,14.86,16.4,16017.0
2025-03-24,22,13957.0,3.47,10.97,5017.0,2148.0,7686.0,13.16,13.65,14.96,14852.0
2025-03-24,23,15620.0,3.56,12.99,4351.0,1948.0,6807.0,10.86,11.37,12.36,13106.0
2025-03-25,0,11725.0,4.03,8.7,3501.0,628.0,3956.0,6.48,7.11,7.37,8086.0
2025-03-25,1,10883.0,4.52,7.85,3332.0,276.0,3289.0,5.81,6.46,6.58,6896.0
2025-03-25,2,8887.0,4.93,5.72,3364.0,241.0,3271.0,5.83,6.48,6.6,6876.0
2025-03-25,3,8890.0,5.18,5.58,3451.0,212.0,3302.0,6.05,6.71,6.82,6966.0
2025-03-25,4,8412.0,5.31,5.23,3606.0,1024.0,4669.0,7.66,8.26,8.64,9299.0
2025-03-25,5,10395.0,5.03,5.66,4308.0,1865.0,6584.0,10.88,11.41,12.34,12757.0
2025-03-25,6,13993.0,4.8,7.18,5395.0,2262.0,8095.0,14.02,14.5,15.97,15752.0
2025-03-25,7,15218.0,4.57,8.01,6066.0,2517.0,9068.0,15.44,15.88,17.75,17652.0
2025-03-25,8,15002.0,4.26,7.99,6108.0,2506.0,9077.0,15.52,15.98,17.85,17690.0
2025-03-25,9,15421.0,3.98,8.49,6023.0,2461.0,8935.0,15.37,15.84,17.63,17420.0
2025-03-25,10,15472.0,3.79,8.66,5688.0,2320.0,8430.0,14.37,14.87,16.45,16438.0
2025-03-25,11,15513.0,3.85,8.77,4856.0,1957.0,7142.0,11.38,11.93,13.02,13954.0
2025-03-25,12,14138.0,4.16,9.57,4198.0,1653.0,6127.0,9.15,9.74,10.5,11979.0
2025-03-25,13,13795.0,4.43,9.77,4191.0,1644.0,6124.0,9.12,9.72,10.47,11959.0
2025-03-25,14,13544.0,4.68,9.52,4196.0,1634.0,6098.0,9.12,9.7,10.46,11928.0
2025-03-25,15,13650.0,4.91,9.58,4283.0,1642.0,6175.0,9.13,9.71,10.48,12101.0
2025-03-25,16,13174.0,5.12,10.39,4328.0,1681.0,6296.0,9.21,9.79,10.6,12305.0
2025-03-25,17,12340.0,5.09,11.06,5058.0,1986.0,7385.0,11.64,12.16,13.35,14430.0
2025-03-25,18,12652.0,4.7,8.98,5706.0,2246.0,8327.0,14.2,14.69,16.24,16279.0
2025-03-25,19,12638.0,4.27,8.45,5771.0,2245.0,8345.0,14.17,14.65,16.24,16361.0
2025-03-25,20,12538.0,3.81,8.34,5821.0,2276.0,8460.0,14.14,14.61,16.24,16557.0
2025-03-25,21,12494.0,3.35,8.31,5638.0,2276.0,8321.0,14.19,14.65,16.23,16234.0
2025-03-25,22,12601.0,2.96,8.36,5288.0,2191.0,7877.0,13.13,13.61,14.99,15357.0
2025-03-25,23,14070.0,2.85,9.72,4485.0,1888.0,6726.0,10.62,11.13,12.11,13100.0
2025-03-26,0,10329.0,3.17,6.68,3566.0,404.0,3609.0,6.07,6.71,6.96,7579.0
2025-03-26,1,9868.0,3.55,6.22,3496.0,202.0,3220.0,5.72,6.38,6.55,6918.0
2025-03-26,2,10271.0,3.98,6.41,3431.0,176.0,3152.0,5.78,6.43,6.6,6759.0
2025-03-26,3,11066.0,4.52,6.06,3589.0,163.0,3269.0,6.04,6.69,6.88,7021.0
2025-03-26,4,11724.0,5.02,7.45,3717.0,1011.0,4729.0,7.72,8.33,8.72,9457.0
2025-03-26,5,12032.0,5.11,7.51,4400.0,1756.0,6539.0,10.75,11.29,12.13,12695.0
2025-03-26,6,13245.0,4.91,7.37,5529.0,2180.0,8151.0,13.97,14.46,15.93,15861.0
2025-03-26,7,15039.0,4.56,7.37,6165.0,2444.0,9128.0,15.41,15.86,17.72,17737.0
2025-03-26,8,15182.0,4.26,7.51,6148.0,2430.0,9080.0,15.42,15.87,17.72,17659.0
2025-03-26,9,14936.0,3.96,7.53,6037.0,2431.0,9020.0,15.47,15.93,17.76,17488.0
2025-03-26,10,15162.0,3.7,7.79,5721.0,2275.0,8499.0,14.39,14.88,16.47,16496.0
2025-03-26,11,15273.0,3.69,7.82,4885.0,1969.0,7321.0,11.66,12.19,13.36,14175.0
2025-03-26,12,15304.0,4.01,7.8,4224.0,1684.0,6316.0,9.36,9.93,10.73,12224.0
2025-03-26,13,15381.0,4.46,7.84,4112.0,1638.0,6162.0,9.21,9.8,10.56,11911.0
2025-03-26,14,14341.0,4.88,8.55,4160.0,1643.0,6154.0,9.22,9.8,10.56,11958.0
2025-03-26,15,12475.0,5.09,9.82,4177.0,1659.0,6186.0,9.23,9.8,10.57,12021.0
2025-03-26,16,12088.0,5.08,10.67,4309.0,1701.0,6354.0,9.39,9.96,10.79,12364.0
2025-03-26,17,16037.0,5.16,8.91,5122.0,2075.0,7641.0,12.11,12.62,13.89,14838.0
2025-03-26,18,16040.0,5.25,9.12,5552.0,2269.0,8313.0,14.16,14.64,16.18,16135.0
2025-03-26,19,15107.0,5.24,9.51,5537.0,2258.0,8292.0,14.19,14.67,16.2,16087.0
2025-03-26,20,14533.0,5.04,9.62,5609.0,2301.0,8450.0,14.2,14.67,16.26,16359.0
2025-03-26,21,13447.0,4.91,6.81,5474.0,2303.0,8350.0,14.23,14.69,16.24,16127.0
2025-03-26,22,7198.0,4.06,4.02,5323.0,2320.0,8247.0,13.42,13.88,15.39,15890.0
2025-03-26,23,5804.0,2.99,4.62,4507.0,1996.0,7073.0,10.83,11.34,12.41,13577.0
2025-03-27,0,5951.0,2.4,4.73,3541.0,304.0,3623.0,5.86,6.52,6.69,7468.0
2025-03-27,1,7046.0,2.27,5.33,3382.0,210.0,3338.0,5.71,6.37,6.49,6930.0
2025-03-27,2,12381.0,2.68,7.18,3252.0,235.0,3254.0,5.85,6.5,6.61,6742.0
2025-03-27,3,15807.0,3.59,9.38,3308.0,238.0,3260.0,6.08,6.74,6.85,6806.0
2025-03-27,4,15872.0,4.81,11.75,3387.0,1120.0,4529.0,7.62,8.22,8.6,9037.0
2025-03-27,5,12577.0,5.2,9.97,4121.0,1832.0,6248.0,10.64,11.18,12.01,12201.0
2025-03-27,6,13809.0,5.08,9.71,5296.0,2233.0,7993.0,13.9,14.38,15.79,15522.0
2025-03-27,7,14898.0,4.84,8.61,5960.0,2498.0,8991.0,15.29,15.74,17.56,17449.0
2025-03-27,8,14596.0,4.51,8.47,5941.0,2497.0,8994.0,15.34,15.8,17.61,17432.0
2025-03-27,9,14375.0,4.16,8.59,5855.0,2430.0,8785.0,15.15,15.63,17.33,17070.0
2025-03-27,10,14284.0,3.87,8.55,5483.0,2288.0,8238.0,14.08,14.58,16.06,16008.0
2025-03-27,11,14401.0,3.78,8.61,4832.0,1994.0,7172.0,11.37,11.91,13.0,13998.0
2025-03-27,12,14383.0,4.02,9.07,4265.0,1728.0,6274.0,9.24,9.82,10.62,12267.0
2025-03-27,13,14972.0,4.36,9.0,4269.0,1723.0,6249.0,9.24,9.83,10.61,12241.0
2025-03-27,14,15733.0,4.79,8.79,4274.0,1732.0,6288.0,9.22,9.82,10.62,12294.0
2025-03-27,15,13845.0,5.19,9.53,4218.0,1693.0,6206.0,9.26,9.85,10.64,12117.0
2025-03-27,16,12747.0,5.33,9.13,4299.0,1716.0,6318.0,9.36,9.93,10.76,12333.0
2025-03-27,17,12977.0,5.31,9.27,5044.0,2007.0,7399.0,11.78,12.31,13.49,14450.0
2025-03-27,18,12967.0,5.01,9.09,5637.0,2225.0,8319.0,14.32,14.81,16.36,16181.0
2025-03-27,19,12913.0,4.63,9.0,5561.0,2213.0,8211.0,14.26,14.75,16.26,15985.0
2025-03-27,20,13137.0,4.26,9.18,5651.0,2260.0,8373.0,14.19,14.67,16.23,16284.0
2025-03-27,21,13024.0,3.87,9.06,5653.0,2238.0,8291.0,14.21,14.68,16.21,16183.0
2025-03-27,22,13153.0,3.56,9.31,5288.0,2174.0,7905.0,13.06,13.54,14.91,15367.0
2025-03-27,23,11822.0,3.35,10.37,4542.0,1910.0,6844.0,10.61,11.12,12.12,13297.0
2025-03-28,0,9730.0,3.42,6.89,3717.0,332.0,3727.0,5.95,6.6,6.87,7776.0
2025-03-28,1,9730.0,3.74,6.95,3594.0,204.0,3309.0,5.76,6.41,6.6,7107.0
2025-03-28,2,10016.0,4.14,7.22,3505.0,190.0,3198.0,5.79,6.45,6.62,6893.0
2025-03-28,3,10793.0,4.6,7.33,3579.0,276.0,3398.0,6.11,6.77,6.96,7253.0
2025-03-28,4,11505.0,5.05,6.68,3731.0,1027.0,4756.0,7.67,8.27,8.67,9515.0
2025-03-28,5,12143.0,5.13,5.94,4535.0,1805.0,6608.0,10.94,11.47,12.41,12948.0
2025-03-28,6,13620.0,4.98,7.02,5488.0,2171.0,8051.0,14.0,14.49,15.93,15709.0
2025-03-28,7,14417.0,4.69,7.49,6056.0,2379.0,8860.0,15.18,15.64,17.42,17295.0
2025-03-28,8,14678.0,4.35,7.8,6019.0,2386.0,8899.0,15.26,15.73,17.52,17304.0
2025-03-28,9,15103.0,4.07,8.46,5935.0,2327.0,8772.0,15.07,15.55,17.25,17034.0
2025-03-28,10,15043.0,3.87,8.65,5700.0,2218.0,8365.0,14.18,14.68,16.22,16283.0
2025-03-28,11,14961.0,3.85,8.7,4961.0,1905.0,7249.0,11.41,11.96,13.07,14115.0
2025-03-28,12,14948.0,4.16,8.47,4226.0,1614.0,6184.0,9.16,9.75,10.51,12024.0
2025-03-28,13,15059.0,4.59,8.4,4352.0,1634.0,6339.0,9.19,9.79,10.6,12325.0
2025-03-28,14,14564.0,4.95,8.89,4081.0,1572.0,6013.0,9.1,9.7,10.42,11666.0
2025-03-28,15,12716.0,5.23,10.44,3929.0,1559.0,5861.0,9.05,9.65,10.32,11349.0
2025-03-28,16,10855.0,5.29,9.72,4076.0,1640.0,6126.0,9.3,9.88,10.63,11842.0
2025-03-28,17,11178.0,5.04,8.96,4855.0,1950.0,7277.0,11.65,12.19,13.32,14082.0
2025-03-28,18,12352.0,4.61,8.01,5529.0,2241.0,8299.0,14.2,14.69,16.22,16069.0
2025-03-28,19,12256.0,4.13,7.86,5532.0,2267.0,8331.0,14.34,14.82,16.35,16130.0
2025-03-28,20,12159.0,3.64,7.73,5573.0,2280.0,8333.0,14.33,14.81,16.35,16185.0
2025-03-28,21,12152.0,3.14,7.66,5536.0,2269.0,8306.0,14.34,14.81,16.34,16111.0
2025-03-28,22,12309.0,2.72,7.78,4986.0,2111.0,7620.0,13.03,13.52,14.81,14717.0
2025-03-28,23,12834.0,2.57,8.23,4409.0,1945.0,6884.0,10.64,11.16,12.17,13238.0
2025-03-29,0,9609.0,2.7,5.89,3552.0,388.0,3672.0,5.91,6.57,6.74,7612.0
2025-03-29,1,9890.0,2.99,5.64,3417.0,259.0,3385.0,5.78,6.43,6.56,7061.0
2025-03-29,2,10427.0,3.41,5.7,3182.0,253.0,3273.0,5.8,6.45,6.56,6708.0
2025-03-29,3,11425.0,3.94,6.27,3279.0,262.0,3296.0,5.97,6.62,6.74,6837.0
2025-03-29,4,11981.0,4.46,5.94,3590.0,1119.0,4756.0,7.74,8.33,8.78,9465.0
2025-03-29,5,12452.0,4.58,5.91,4297.0,1939.0,6527.0,11.02,11.53,12.51,12763.0
2025-03-29,6,14207.0,4.48,6.83,5290.0,2362.0,7978.0,14.6,15.05,16.58,15629.0
2025-03-29,7,16204.0,4.3,8.05,5997.0,2647.0,8989.0,16.46,16.88,18.86,17633.0
2025-03-29,8,15269.0,4.04,8.73,6292.0,2694.0,9315.0,16.82,17.25,19.37,18302.0
2025-03-29,9,14831.0,3.6,8.85,6291.0,2742.0,9351.0,16.89,17.31,19.43,18383.0
2025-03-29,10,14687.0,3.22,8.9,5702.0,2499.0,8475.0,14.72,15.18,16.91,16676.0
2025-03-29,11,14606.0,3.18,9.02,4639.0,1973.0,6819.0,10.68,11.24,12.29,13431.0
2025-03-29,12,14158.0,3.43,9.09,4216.0,1794.0,6149.0,9.27,9.85,10.67,12159.0
2025-03-29,13,14117.0,3.69,9.08,4233.0,1811.0,6181.0,9.26,9.84,10.67,12226.0
2025-03-29,14,14052.0,3.96,8.99,4302.0,1802.0,6175.0,9.25,9.83,10.67,12279.0
2025-03-29,15,13932.0,4.21,8.88,4325.0,1813.0,6166.0,9.26,9.84,10.68,12304.0
2025-03-29,16,13846.0,4.43,8.8,4494.0,1895.0,6461.0,9.66,10.22,11.17,12850.0
2025-03-29,17,13727.0,4.45,8.64,5316.0,2238.0,7644.0,12.43,12.93,14.33,15198.0
2025-03-29,18,13735.0,4.13,8.61,5978.0,2516.0,8610.0,15.31,15.76,17.57,17104.0
2025-03-29,19,13862.0,3.76,8.64,5905.0,2457.0,8466.0,15.14,15.59,17.33,16828.0
2025-03-29,20,13783.0,3.4,8.55,5898.0,2448.0,8460.0,15.17,15.62,17.37,16806.0
2025-03-29,21,13822.0,3.08,8.58,5693.0,2364.0,8183.0,14.74,15.2,16.82,16239.0
2025-03-29,22,14900.0,2.91,9.47,5271.0,2254.0,7747.0,13.49,13.96,15.39,15272.0
2025-03-29,23,15697.0,3.08,10.22,4557.0,1997.0,6773.0,11.12,11.63,12.68,13326.0
2025-03-30,0,11121.0,3.5,6.67,3712.0,460.0,3769.0,6.21,6.85,7.16,7942.0
2025-03-30,1,10176.0,3.9,5.97,3602.0,284.0,3396.0,6.02,6.67,6.91,7282.0
2025-03-30,2,10141.0,4.31,5.93,3405.0,329.0,3133.0,5.81,6.47,6.7,6867.0
2025-03-30,3,10211.0,4.76,5.97,3493.0,286.0,3139.0,5.94,6.59,6.82,6918.0
2025-03-30,4,10125.0,5.07,5.92,3800.0,1161.0,4766.0,7.89,8.47,8.98,9727.0
2025-03-30,5,14871.0,5.19,9.12,4449.0,1891.0,6419.0,11.16,11.68,12.64,12759.0
2025-03-30,6,15074.0,5.4,9.75,5427.0,2259.0,7801.0,14.64,15.11,16.57,15487.0
2025-03-30,7,13976.0,5.16,8.72,6237.0,2536.0,8886.0,16.49,16.92,18.85,17660.0
2025-03-30,8,13619.0,4.62,8.49,6667.0,2624.0,9396.0,16.98,17.41,19.59,18687.0
2025-03-30,9,13290.0,3.95,8.4,6765.0,2657.0,9507.0,17.06,17.49,19.71,18929.0
2025-03-30,10,12107.0,3.23,7.7,6294.0,2477.0,8859.0,15.2,15.67,17.59,17629.0
2025-03-30,11,12270.0,2.74,7.83,5228.0,2039.0,7315.0,11.58,12.12,13.36,14582.0
2025-03-30,12,12463.0,2.64,7.97,4545.0,1743.0,6357.0,9.53,10.11,11.01,12645.0
2025-03-30,13,12900.0,2.66,7.96,4491.0,1736.0,6263.0,9.49,10.06,10.93,12490.0
2025-03-30,14,15051.0,2.93,8.15,4358.0,1711.0,6196.0,9.29,9.85,10.7,12266.0
2025-03-30,15,15167.0,3.33,8.17,4308.0,1704.0,6112.0,9.3,9.85,10.69,12123.0
2025-03-30,16,15281.0,3.75,8.27,4391.0,1741.0,6272.0,9.53,10.08,10.96,12403.0
2025-03-30,17,15432.0,4.02,8.39,5207.0,2102.0,7524.0,12.44,12.94,14.29,14834.0
2025-03-30,18,15599.0,3.98,8.43,5793.0,2389.0,8399.0,15.11,15.57,17.28,16581.0
2025-03-30,19,15646.0,3.87,8.44,5829.0,2408.0,8502.0,15.26,15.7,17.46,16738.0
2025-03-30,20,15553.0,3.73,8.39,5843.0,2429.0,8547.0,15.25,15.69,17.46,16819.0
2025-03-30,21,16112.0,3.66,8.78,5569.0,2367.0,8217.0,14.76,15.21,16.83,16153.0
2025-03-30,22,16264.0,3.76,8.85,5112.0,2225.0,7619.0,13.19,13.66,15.03,14956.0
2025-03-30,23,16247.0,4.06,8.82,4457.0,1977.0,6706.0,10.8,11.31,12.34,13140.0
2025-03-31,0,11594.0,4.51,5.94,3587.0,507.0,3671.0,6.1,6.75,6.96,7765.0
2025-03-31,1,7953.0,4.95,6.84,3480.0,512.0,3066.0,5.76,6.42,6.51,7059.0
2025-03-31,2,7835.0,5.06,8.53,3419.0,324.0,3249.0,5.91,6.57,6.7,6992.0
2025-03-31,3,8809.0,5.25,10.44,3348.0,368.0,3282.0,6.19,6.85,6.97,6999.0
2025-03-31,4,8479.0,5.33,9.84,3577.0,1349.0,4979.0,8.2,8.78,9.25,9905.0
2025-03-31,5,11190.0,5.11,7.54,4296.0,1902.0,6475.0,11.18,11.71,12.63,12673.0
2025-03-31,6,14333.0,4.98,9.37,5285.0,2237.0,7743.0,14.1,14.58,16.03,15265.0
2025-03-31,7,14924.0,4.82,9.77,5731.0,2469.0,8506.0,15.25,15.69,17.47,16706.0
2025-03-31,8,14158.0,4.54,9.05,5793.0,2432.0,8497.0,15.26,15.71,17.46,16722.0
2025-03-31,9,14089.0,4.22,9.05,5741.0,2423.0,8440.0,15.18,15.64,17.37,16604.0
2025-03-31,10,14587.0,3.94,9.78,5520.0,2343.0,8120.0,14.27,14.74,16.32,15983.0
2025-03-31,11,14680.0,3.92,9.83,4631.0,1995.0,6902.0,11.37,11.91,13.0,13527.0
2025-03-31,12,14348.0,4.19,10.17,4086.0,1726.0,6014.0,9.25,9.82,10.62,11826.0
2025-03-31,13,14530.0,4.53,10.33,4054.0,1743.0,5989.0,9.25,9.83,10.61,11786.0
2025-03-31,14,13956.0,4.89,9.84,4029.0,1749.0,5950.0,9.26,9.84,10.61,11728.0
2025-03-31,15,12566.0,5.09,9.24,4060.0,1754.0,5968.0,9.3,9.86,10.64,11782.0
2025-03-31,16,11994.0,5.17,9.72,4086.0,1753.0,5983.0,9.35,9.91,10.7,11821.0
2025-03-31,17,12391.0,5.13,8.92,4774.0,2017.0,6917.0,11.46,11.98,13.07,13708.0
2025-03-31,18,12399.0,4.82,8.24,5533.0,2348.0,8041.0,14.27,14.73,16.27,15922.0
2025-03-31,19,13509.0,4.45,9.14,5497.0,2362.0,8011.0,14.31,14.77,16.3,15869.0
2025-03-31,20,14001.0,4.22,9.58,5484.0,2364.0,8023.0,14.22,14.68,16.21,15870.0
2025-03-31,21,13363.0,3.95,8.97,5491.0,2355.0,7968.0,14.21,14.67,16.19,15814.0
2025-03-31,22,12391.0,3.61,8.14,5426.0,2386.0,8006.0,13.66,14.11,15.62,15819.0
2025-03-31,23,12116.0,3.28,7.93,4725.0,2126.0,7037.0,11.24,11.73,12.88,13888.0
2025-04-01,0,10474.0,3.34,6.63,3672.0,528.0,3783.0,6.1,6.74,7.05,7983.0
2025-04-01,1,9325.0,3.67,5.85,3595.0,345.0,3475.0,5.88,6.52,6.77,7416.0
2025-04-01,2,9704.0,3.96,6.08,3539.0,349.0,3452.0,6.21,6.86,7.1,7340.0
2025-04-01,3,10019.0,4.29,6.28,3585.0,383.0,3501.0,6.36,7.0,7.25,7469.0
2025-04-01,4,11465.0,4.63,5.02,3728.0,1168.0,4767.0,7.81,8.4,8.91,9663.0
2025-04-01,5,11559.0,4.68,4.64,4444.0,1899.0,6442.0,10.74,11.25,12.22,12785.0
2025-04-01,6,16282.0,4.66,6.44,5526.0,2250.0,7893.0,13.92,14.38,15.89,15668.0
2025-04-01,7,16597.0,4.68,6.89,6070.0,2523.0,8790.0,15.44,15.87,17.73,17383.0
2025-04-01,8,14310.0,4.45,8.18,6039.0,2439.0,8774.0,15.36,15.82,17.6,17252.0
2025-04-01,9,14198.0,4.1,8.24,5879.0,2381.0,8748.0,15.07,15.54,17.23,17008.0
2025-04-01,10,14122.0,3.78,8.35,5674.0,2272.0,8378.0,14.24,14.73,16.28,16324.0
2025-04-01,11,14074.0,3.63,8.36,5003.0,1958.0,7264.0,11.55,12.09,13.22,14225.0
2025-04-01,12,14103.0,3.8,8.35,4324.0,1655.0,6199.0,9.24,9.82,10.59,12177.0
2025-04-01,13,14127.0,4.1,8.39,4292.0,1589.0,6067.0,9.05,9.65,10.38,11947.0
2025-04-01,14,13883.0,4.39,7.95,4265.0,1589.0,6043.0,9.06,9.66,10.39,11897.0
2025-04-01,15,15954.0,4.83,7.97,4273.0,1580.0,6016.0,9.1,9.68,10.41,11870.0
2025-04-01,16,13744.0,5.3,10.06,4258.0,1578.0,6043.0,9.19,9.77,10.52,11879.0
2025-04-01,17,12658.0,5.36,11.26,4983.0,1855.0,7100.0,11.44,11.98,13.08,13938.0
2025-04-01,18,12786.0,5.08,11.29,5672.0,2149.0,8136.0,14.13,14.62,16.1,15958.0
2025-04-01,19,12864.0,4.71,11.32,5609.0,2179.0,7991.0,14.14,14.62,16.11,15779.0
2025-04-01,20,13070.0,4.37,11.59,5649.0,2243.0,8035.0,14.19,14.65,16.2,15927.0
2025-04-01,21,11385.0,3.96,12.22,5523.0,2207.0,7889.0,14.24,14.72,16.21,15619.0
2025-04-01,22,10601.0,3.35,11.53,5669.0,2458.0,8404.0,13.82,14.26,15.94,16531.0
2025-04-01,23,7527.0,2.39,4.57,5115.0,2276.0,7708.0,11.7,12.17,13.56,15099.0
2025-04-02,0,9178.0,1.98,3.96,4024.0,570.0,4187.0,6.22,6.86,7.19,8781.0
2025-04-02,1,9704.0,2.15,4.08,4011.0,325.0,3792.0,5.7,6.36,6.57,8128.0
2025-04-02,2,10296.0,2.4,4.23,3935.0,341.0,3752.0,5.87,6.53,6.73,8028.0
2025-04-02,3,10296.0,2.69,4.24,3998.0,312.0,3809.0,6.13,6.8,7.01,8118.0
2025-04-02,4,22913.0,3.21,7.39,4163.0,1164.0,5265.0,7.95,8.53,9.15,10592.0
2025-04-02,5,21278.0,4.36,8.32,4197.0,1714.0,6069.0,10.72,11.26,12.12,11980.0
2025-04-02,6,14753.0,4.72,7.25,5464.0,2218.0,7855.0,14.14,14.62,16.12,15537.0
2025-04-02,7,13240.0,4.33,7.59,6133.0,2533.0,8873.0,15.59,16.03,17.96,17539.0
2025-04-02,8,13188.0,3.79,7.37,6183.0,2490.0,8832.0,15.57,16.03,17.94,17505.0
2025-04-02,9,12990.0,3.24,7.36,6118.0,2472.0,8752.0,15.58,16.05,17.91,17341.0
2025-04-02,10,13695.0,2.78,7.9,5664.0,2334.0,8202.0,14.42,14.92,16.52,16200.0
2025-04-02,11,14011.0,2.64,8.0,4855.0,1982.0,7029.0,11.48,12.01,13.15,13866.0
2025-04-02,12,16989.0,2.88,8.97,4744.0,2090.0,7118.0,9.91,10.42,11.59,13952.0
2025-04-02,13,17537.0,3.47,8.62,4223.0,1766.0,6216.0,9.38,9.95,10.81,12205.0
2025-04-02,14,15716.0,4.05,8.09,4095.0,1721.0,6082.0,9.25,9.83,10.65,11898.0
2025-04-02,15,15350.0,4.53,8.56,4132.0,1710.0,6058.0,9.17,9.75,10.57,11899.0
2025-04-02,16,14666.0,4.91,9.09,4300.0,1777.0,6273.0,9.47,10.03,10.92,12350.0
2025-04-02,17,12973.0,5.01,7.86,5086.0,2114.0,7409.0,12.05,12.57,13.87,14609.0
2025-04-02,18,12862.0,4.63,7.72,5798.0,2370.0,8373.0,14.67,15.15,16.85,16540.0
2025-04-02,19,12837.0,4.18,7.67,5763.0,2346.0,8287.0,14.51,14.98,16.66,16396.0
2025-04-02,20,14017.0,3.8,8.48,5831.0,2392.0,8364.0,14.63,15.1,16.81,16587.0
2025-04-02,21,14011.0,3.52,8.44,5571.0,2327.0,8068.0,14.38,14.86,16.44,15966.0
2025-04-02,22,13378.0,3.37,9.43,4033.0,2505.0,7194.0,13.16,13.59,14.73,13733.0
2025-04-02,23,11454.0,3.4,11.31,2919.0,2259.0,5946.0,10.39,10.86,11.56,11124.0
2025-04-03,0,8814.0,3.55,7.12,2617.0,873.0,3332.0,6.23,6.85,7.04,6822.0
2025-04-03,1,8570.0,3.85,6.53,2608.0,668.0,2991.0,5.85,6.48,6.62,6268.0
2025-04-03,2,9480.0,4.16,6.74,3420.0,339.0,3208.0,5.85,6.51,6.69,6967.0
2025-04-03,3,11282.0,4.59,6.55,3694.0,291.0,3533.0,6.3,6.96,7.2,7518.0
2025-04-03,4,12510.0,5.09,7.05,3805.0,1214.0,5041.0,7.97,8.56,9.1,10060.0
2025-04-03,5,13507.0,5.31,8.26,4424.0,1851.0,6554.0,11.14,11.67,12.6,12829.0
2025-04-03,6,14355.0,5.3,9.1,5351.0,2147.0,7860.0,13.86,14.36,15.74,15357.0
2025-04-03,7,14859.0,5.12,9.42,5836.0,2356.0,8634.0,15.1,15.57,17.26,16825.0
2025-04-03,8,14655.0,4.9,9.3,5864.0,2337.0,8630.0,15.06,15.54,17.22,16831.0
2025-04-03,9,14549.0,4.65,9.46,5798.0,2293.0,8524.0,14.9,15.4,17.02,16615.0
2025-04-03,10,14501.0,4.43,9.67,5553.0,2187.0,8165.0,14.08,14.6,16.06,15905.0
2025-04-03,11,14556.0,4.41,9.62,4771.0,1850.0,6944.0,11.19,11.75,12.77,13565.0
2025-04-03,12,13989.0,4.68,10.0,4192.0,1597.0,6045.0,9.16,9.74,10.47,11834.0
2025-04-03,13,12927.0,4.95,10.73,4157.0,1579.0,5956.0,9.14,9.74,10.43,11692.0
2025-04-03,14,11398.0,5.02,11.26,4183.0,1581.0,5961.0,9.13,9.73,10.43,11725.0
2025-04-03,15,10975.0,4.95,10.65,4222.0,1604.0,6037.0,9.13,9.73,10.45,11864.0
2025-04-03,16,11610.0,4.92,10.62,4244.0,1608.0,6041.0,9.18,9.77,10.5,11893.0
2025-04-03,17,11476.0,4.81,9.34,4989.0,1891.0,7120.0,11.47,12.01,13.09,14000.0
2025-04-03,18,12185.0,4.4,8.29,5783.0,2192.0,8260.0,14.16,14.66,16.18,16235.0
2025-04-03,19,12010.0,3.91,8.1,5694.0,2212.0,8257.0,14.2,14.68,16.2,16163.0
2025-04-03,20,12235.0,3.42,8.27,5754.0,2207.0,8298.0,14.17,14.65,16.2,16258.0
2025-04-03,21,12922.0,2.98,8.88,5559.0,2177.0,8154.0,14.19,14.67,16.15,15890.0
2025-04-03,22,14632.0,2.78,8.97,5369.0,2161.0,7957.0,13.21,13.69,15.09,15486.0
2025-04-03,23,15020.0,2.83,8.84,4705.0,1906.0,6991.0,10.93,11.45,12.5,13601.0
2025-04-04,0,10265.0,3.09,5.7,3911.0,306.0,3884.0,6.19,6.85,7.08,8101.0
2025-04-04,1,10406.0,3.45,5.79,3845.0,59.0,3525.0,5.76,6.43,6.57,7430.0
2025-04-04,2,10784.0,3.89,5.97,3735.0,21.0,3413.0,5.85,6.51,6.64,7169.0
2025-04-04,3,11057.0,4.38,6.14,3691.0,33.0,3394.0,6.1,6.76,6.89,7118.0
2025-04-04,4,12152.0,4.86,5.55,3635.0,1019.0,4602.0,7.68,8.29,8.66,9255.0
2025-04-04,5,12889.0,5.08,5.46,4348.0,1752.0,6362.0,10.9,11.43,12.28,12461.0
2025-04-04,6,15484.0,5.18,8.48,5266.0,2076.0,7834.0,13.83,14.32,15.66,15176.0
2025-04-04,7,15309.0,5.09,9.12,5859.0,2349.0,8752.0,15.04,15.51,17.21,16959.0
2025-04-04,8,14749.0,4.85,8.97,5892.0,2344.0,8765.0,15.15,15.62,17.34,17001.0
2025-04-04,9,14855.0,4.59,9.22,5780.0,2303.0,8629.0,14.96,15.46,17.12,16712.0
2025-04-04,10,13302.0,4.32,9.74,5521.0,2193.0,8231.0,14.03,14.55,16.02,15945.0
2025-04-04,11,13564.0,4.1,9.52,4704.0,1884.0,6985.0,11.26,11.82,12.84,13573.0
2025-04-04,12,13936.0,4.3,9.7,4120.0,1654.0,6108.0,9.14,9.73,10.47,11881.0
2025-04-04,13,13756.0,4.59,9.84,4049.0,1638.0,6059.0,9.14,9.73,10.47,11746.0
2025-04-04,14,13100.0,4.83,10.53,4003.0,1624.0,5963.0,9.02,9.61,10.32,11589.0
2025-04-04,15,13075.0,5.04,10.81,3996.0,1618.0,5973.0,8.96,9.55,10.26,11588.0
2025-04-04,16,11299.0,5.13,9.78,4146.0,1675.0,6201.0,9.2,9.78,10.57,12022.0
2025-04-04,17,12422.0,4.92,8.17,5058.0,2079.0,7637.0,12.03,12.55,13.83,14774.0
2025-04-04,18,14132.0,4.61,8.31,5678.0,2350.0,8601.0,14.57,15.05,16.71,16629.0
2025-04-04,19,14045.0,4.34,8.18,5574.0,2282.0,8386.0,14.38,14.86,16.44,16241.0
2025-04-04,20,13973.0,4.07,8.12,5512.0,2286.0,8367.0,14.38,14.86,16.43,16165.0
2025-04-04,21,13853.0,3.83,8.04,5297.0,2201.0,8033.0,14.16,14.65,16.1,15531.0
2025-04-04,22,12256.0,3.59,9.81,5056.0,2138.0,7689.0,13.05,13.54,14.84,14883.0
2025-04-04,23,12791.0,3.42,11.93,4193.0,1865.0,6525.0,10.41,10.94,11.84,12584.0
2025-04-05,0,9907.0,3.62,8.37,3406.0,434.0,3623.0,6.13,6.78,7.03,7462.0
2025-04-05,1,9767.0,3.99,8.16,3277.0,272.0,3230.0,5.76,6.42,6.59,6779.0
2025-04-05,2,10409.0,4.43,8.89,3109.0,293.0,3124.0,5.77,6.42,6.58,6525.0
2025-04-05,3,10955.0,4.98,9.52,3183.0,316.0,3192.0,6.04,6.7,6.87,6692.0
2025-04-05,4,10549.0,5.38,9.42,3448.0,1080.0,4601.0,7.64,8.24,8.68,9129.0
2025-04-05,5,10703.0,5.37,7.51,4264.0,1834.0,6499.0,11.0,11.54,12.45,12596.0
2025-04-05,6,13930.0,5.2,9.77,5311.0,2193.0,7921.0,14.27,14.77,16.19,15426.0
2025-04-05,7,14132.0,4.86,9.96,6080.0,2542.0,9122.0,16.55,17.0,18.89,17744.0
2025-04-05,8,13904.0,4.41,9.96,6158.0,2526.0,9149.0,16.44,16.89,18.78,17833.0
2025-04-05,9,13768.0,3.91,10.01,6200.0,2522.0,9167.0,16.43,16.9,18.79,17889.0
2025-04-05,10,13636.0,3.47,9.92,5653.0,2288.0,8330.0,14.31,14.82,16.34,16271.0
2025-04-05,11,13617.0,3.35,9.86,4615.0,1830.0,6753.0,10.7,11.26,12.22,13198.0
2025-04-05,12,14214.0,3.58,9.45,4264.0,1599.0,6071.0,9.1,9.7,10.44,11934.0
2025-04-05,13,14275.0,3.89,9.35,4205.0,1624.0,6112.0,9.1,9.7,10.45,11941.0
2025-04-05,14,15371.0,4.29,8.55,4247.0,1626.0,6171.0,9.09,9.69,10.45,12044.0
2025-04-05,15,14906.0,4.72,8.17,4281.0,1630.0,6195.0,9.1,9.69,10.47,12105.0
2025-04-05,16,14441.0,5.05,7.82,4323.0,1679.0,6339.0,9.31,9.88,10.71,12340.0
2025-04-05,17,13693.0,5.18,8.28,5217.0,2019.0,7545.0,12.1,12.62,13.87,14780.0
2025-04-05,18,13635.0,4.9,8.18,5901.0,2283.0,8554.0,15.0,15.49,17.13,16737.0
2025-04-05,19,13493.0,4.55,8.42,5909.0,2243.0,8470.0,14.97,15.45,17.07,16622.0
2025-04-05,20,12192.0,4.1,9.06,5861.0,2261.0,8471.0,14.95,15.43,17.04,16593.0
2025-04-05,21,12296.0,3.59,9.49,5559.0,2189.0,8103.0,14.49,14.97,16.42,15850.0
2025-04-05,22,13171.0,3.32,10.49,5164.0,2048.0,7546.0,12.81,13.31,14.56,14758.0
2025-04-05,23,12617.0,3.23,11.11,4523.0,1812.0,6592.0,10.43,10.96,11.87,12927.0
2025-04-06,0,9621.0,3.41,8.03,3592.0,281.0,3369.0,5.78,6.44,6.68,7242.0
2025-04-06,1,8820.0,3.73,7.19,3502.0,157.0,3143.0,5.63,6.29,6.49,6802.0
2025-04-06,2,8980.0,4.03,7.35,3343.0,176.0,3024.0,5.65,6.31,6.49,6543.0
2025-04-06,3,11241.0,4.48,6.8,3475.0,274.0,3371.0,6.21,6.86,7.08,7120.0
2025-04-06,4,11209.0,4.94,6.21,3716.0,1059.0,4767.0,7.78,8.37,8.84,9542.0
2025-04-06,5,11513.0,4.97,5.68,4359.0,1735.0,6419.0,10.81,11.35,12.23,12513.0
2025-04-06,6,14398.0,4.87,7.07,5332.0,2099.0,7836.0,14.25,14.74,16.1,15266.0
2025-04-06,7,15003.0,4.73,9.04,5927.0,2329.0,8759.0,16.02,16.49,18.22,17015.0
2025-04-06,8,14775.0,4.44,9.04,6173.0,2409.0,9063.0,16.29,16.75,18.6,17646.0
2025-04-06,9,14544.0,4.04,9.09,6294.0,2460.0,9256.0,16.41,16.87,18.78,18010.0
2025-04-06,10,14427.0,3.66,9.13,5774.0,2272.0,8594.0,14.57,15.07,16.69,16639.0
2025-04-06,11,14493.0,3.59,9.18,4715.0,1776.0,6880.0,10.65,11.22,12.22,13370.0
2025-04-06,12,13410.0,3.83,9.87,4242.0,1532.0,6092.0,9.09,9.7,10.45,11866.0
2025-04-06,13,13199.0,4.02,10.04,4195.0,1551.0,6074.0,9.1,9.71,10.45,11819.0
2025-04-06,14,13256.0,4.21,10.09,4168.0,1576.0,6079.0,9.1,9.7,10.45,11824.0
2025-04-06,15,13361.0,4.41,9.52,4192.0,1614.0,6146.0,9.1,9.69,10.45,11952.0
2025-04-06,16,13401.0,4.6,9.52,4255.0,1660.0,6254.0,9.26,9.84,10.64,12169.0
2025-04-06,17,13346.0,4.63,9.44,5250.0,2075.0,7751.0,12.5,13.02,14.36,15077.0
2025-04-06,18,13417.0,4.3,9.4,5714.0,2279.0,8455.0,14.86,15.35,16.96,16448.0
2025-04-06,19,13524.0,3.95,9.44,5642.0,2268.0,8384.0,14.85,15.33,16.92,16294.0
2025-04-06,20,13731.0,3.63,9.63,5620.0,2271.0,8404.0,14.75,15.23,16.83,16295.0
2025-04-06,21,13796.0,3.37,9.71,5289.0,2162.0,7992.0,14.18,14.67,16.1,15443.0
2025-04-06,22,13223.0,3.16,9.17,5054.0,2095.0,7655.0,12.89,13.39,14.69,14804.0
2025-04-06,23,12831.0,3.13,9.78,4203.0,1817.0,6512.0,10.38,10.92,11.81,12532.0
2025-04-07,0,10164.0,3.31,7.08,3403.0,402.0,3633.0,6.11,6.76,6.95,7438.0
2025-04-07,1,9929.0,3.72,6.43,3287.0,184.0,3219.0,5.72,6.39,6.49,6690.0
2025-04-07,2,10227.0,4.16,6.62,3216.0,163.0,3114.0,5.74,6.4,6.49,6492.0
2025-04-07,3,10628.0,4.68,6.95,3208.0,185.0,3145.0,5.92,6.58,6.68,6538.0
2025-04-07,4,11672.0,5.15,7.78,3456.0,1199.0,4721.0,7.85,8.45,8.87,9377.0
2025-04-07,5,12128.0,5.28,10.26,4158.0,1813.0,6307.0,10.79,11.34,12.17,12277.0
2025-04-07,6,13521.0,5.19,11.9,5162.0,2131.0,7768.0,14.05,14.56,15.87,15062.0
2025-04-07,7,14660.0,4.89,10.58,6356.0,2367.0,9153.0,16.05,16.54,18.46,17876.0
2025-04-07,8,13838.0,4.42,9.72,6392.0,2430.0,9266.0,16.35,16.83,18.8,18089.0
2025-04-07,9,13471.0,3.89,9.3,6185.0,2398.0,8983.0,16.33,16.8,18.64,17566.0
2025-04-07,10,13523.0,3.51,9.53,5286.0,2203.0,7962.0,13.85,14.34,15.73,15450.0
2025-04-07,11,13474.0,3.44,9.34,4440.0,1844.0,6649.0,10.41,10.96,11.89,12932.0
2025-04-07,12,13492.0,3.62,9.51,4091.0,1671.0,6068.0,9.01,9.58,10.34,11830.0
2025-04-07,13,13645.0,3.87,9.71,4110.0,1651.0,6058.0,9.02,9.6,10.35,11820.0
2025-04-07,14,13699.0,4.12,9.79,4153.0,1660.0,6072.0,9.02,9.61,10.36,11885.0
2025-04-07,15,13872.0,4.39,9.94,4127.0,1645.0,6028.0,9.03,9.62,10.36,11801.0
2025-04-07,16,13301.0,4.66,9.37,4256.0,1687.0,6191.0,9.28,9.86,10.65,12134.0
2025-04-07,17,12789.0,4.68,8.86,5029.0,2016.0,7413.0,12.12,12.65,13.86,14459.0
2025-04-07,18,12876.0,4.33,8.92,5702.0,2287.0,8457.0,14.77,15.26,16.87,16447.0
2025-04-07,19,12770.0,3.9,8.75,5772.0,2295.0,8500.0,14.8,15.28,16.92,16567.0
2025-04-07,20,12791.0,3.43,8.75,5827.0,2367.0,8366.0,14.98,15.44,17.14,16560.0
2025-04-07,21,13874.0,3.04,9.72,5682.0,2306.0,8108.0,14.57,15.04,16.63,16096.0
2025-04-07,22,14614.0,2.92,10.42,5132.0,2189.0,7529.0,13.06,13.54,14.87,14849.0
2025-04-07,23,15602.0,3.07,11.49,4564.0,1948.0,6622.0,10.91,11.42,12.42,13134.0
2025-04-08,0,11668.0,3.51,7.74,3749.0,464.0,3731.0,6.43,7.07,7.37,7944.0
2025-04-08,1,10942.0,4.07,7.14,3547.0,230.0,3154.0,5.82,6.48,6.66,6931.0
2025-04-08,2,11321.0,4.64,7.48,3448.0,223.0,3072.0,5.88,6.54,6.7,6743.0
2025-04-08,3,8782.0,5.14,9.62,3457.0,315.0,3192.0,6.18,6.83,7.02,6964.0
2025-04-08,4,8251.0,5.19,7.98,3696.0,1291.0,4842.0,8.18,8.76,9.27,9829.0
2025-04-08,5,10083.0,4.91,6.71,4494.0,1831.0,6343.0,11.06,11.59,12.54,12669.0
2025-04-08,6,12427.0,4.58,8.35,5579.0,2233.0,7917.0,14.24,14.72,16.22,15728.0
2025-04-08,7,13510.0,4.13,9.33,6145.0,2461.0,8713.0,15.37,15.83,17.68,17318.0
2025-04-08,8,13820.0,3.69,9.35,6100.0,2447.0,8666.0,15.44,15.9,17.73,17213.0
2025-04-08,9,14061.0,3.32,9.23,5994.0,2425.0,8533.0,15.35,15.81,17.57,16952.0
2025-04-08,10,14545.0,3.05,9.81,5578.0,2255.0,7985.0,14.15,14.65,16.15,15818.0
2025-04-08,11,14636.0,3.02,9.87,4903.0,1897.0,6864.0,11.31,11.86,12.94,13664.0
2025-04-08,12,14541.0,3.33,9.39,4252.0,1602.0,5915.0,9.2,9.78,10.53,11769.0
2025-04-08,13,15400.0,3.79,9.36,4184.0,1589.0,5857.0,9.07,9.65,10.4,11630.0
2025-04-08,14,15040.0,4.3,9.39,4116.0,1597.0,5833.0,9.06,9.64,10.39,11547.0
2025-04-08,15,13582.0,4.67,9.48,4110.0,1619.0,5865.0,9.05,9.64,10.4,11594.0
2025-04-08,16,13872.0,4.93,9.73,4338.0,1688.0,6157.0,9.48,10.05,10.91,12183.0
2025-04-08,17,13475.0,5.02,10.17,5116.0,2028.0,7290.0,12.13,12.65,13.92,14433.0
2025-04-08,18,13407.0,4.79,10.08,5550.0,2265.0,8022.0,14.42,14.9,16.45,15838.0
2025-04-08,19,13447.0,4.51,10.03,5512.0,2262.0,8007.0,14.41,14.89,16.44,15781.0
2025-04-08,20,13926.0,4.23,10.49,5595.0,2307.0,8129.0,14.37,14.84,16.44,16031.0
2025-04-08,21,13999.0,3.99,10.55,5513.0,2312.0,8019.0,14.39,14.85,16.4,15844.0
2025-04-08,22,14081.0,3.82,10.64,5169.0,2214.0,7589.0,13.28,13.76,15.13,14972.0
2025-04-08,23,14132.0,3.86,10.69,4436.0,1944.0,6590.0,10.83,11.35,12.35,12970.0
2025-04-09,0,9716.0,4.1,6.63,3544.0,356.0,3465.0,5.94,6.6,6.76,7365.0
2025-04-09,1,10057.0,4.47,6.87,3460.0,242.0,3221.0,5.8,6.46,6.59,6923.0
2025-04-09,2,9759.0,4.89,7.2,3295.0,240.0,3137.0,5.91,6.57,6.67,6672.0
2025-04-09,3,8955.0,5.25,9.19,3295.0,283.0,3190.0,6.18,6.84,6.96,6767.0
2025-04-09,4,8310.0,5.34,8.78,3442.0,1066.0,4313.0,7.56,8.17,8.6,8821.0
2025-04-09,5,10121.0,5.17,6.55,4297.0,1879.0,6405.0,11.07,11.59,12.55,12581.0
2025-04-09,6,13040.0,4.84,8.87,5339.0,2246.0,7844.0,14.12,14.6,16.09,15429.0
2025-04-09,7,13646.0,4.47,9.47,5870.0,2509.0,8689.0,15.5,15.95,17.8,17068.0
2025-04-09,8,13407.0,4.01,9.45,5889.0,2503.0,8663.0,15.38,15.83,17.66,17055.0
2025-04-09,9,13313.0,3.56,9.6,5709.0,2440.0,8427.0,15.08,15.56,17.26,16576.0
2025-04-09,10,13226.0,3.17,9.72,5409.0,2326.0,7999.0,14.15,14.66,16.16,15734.0
2025-04-09,11,13302.0,2.98,9.79,4703.0,1966.0,6875.0,11.36,11.92,12.99,13544.0
2025-04-09,12,13425.0,3.11,9.7,4112.0,1736.0,5982.0,9.23,9.82,10.58,11830.0
2025-04-09,13,14509.0,3.38,9.11,4218.0,1760.0,6102.0,9.18,9.77,10.58,12080.0
2025-04-09,14,15918.0,3.82,8.18,4200.0,1739.0,6012.0,9.22,9.8,10.59,11951.0
2025-04-09,15,17597.0,4.5,7.22,4156.0,1713.0,5946.0,9.13,9.71,10.48,11815.0
2025-04-09,16,14142.0,5.05,9.12,4298.0,1779.0,6141.0,9.37,9.94,10.77,12218.0
2025-04-09,17,13666.0,5.18,9.37,5045.0,2085.0,7212.0,11.86,12.39,13.62,14343.0
2025-04-09,18,13452.0,4.92,9.45,5782.0,2382.0,8250.0,14.59,15.07,16.71,16414.0
2025-04-09,19,13314.0,4.57,9.25,5738.0,2360.0,8180.0,14.5,14.98,16.59,16278.0
2025-04-09,20,13363.0,4.22,9.3,5759.0,2359.0,8190.0,14.42,14.89,16.5,16309.0
2025-04-09,21,13455.0,3.9,9.35,5582.0,2306.0,7994.0,14.31,14.78,16.32,15881.0
2025-04-09,22,11984.0,3.57,10.59,5198.0,2197.0,7532.0,13.09,13.58,14.92,14927.0
2025-04-09,23,11910.0,3.34,10.66,4389.0,1928.0,6523.0,10.58,11.1,12.05,12840.0
2025-04-10,0,9817.0,3.44,6.55,3598.0,427.0,3518.0,5.94,6.59,6.85,7543.0
2025-04-10,1,9594.0,3.79,6.2,3519.0,268.0,3224.0,5.72,6.38,6.58,7012.0
2025-04-10,2,9928.0,4.19,6.33,3373.0,242.0,3077.0,5.75,6.4,6.57,6692.0
2025-04-10,3,9642.0,4.61,6.09,3442.0,259.0,3164.0,5.87,6.53,6.71,6865.0
2025-04-10,4,10710.0,4.93,5.9,3680.0,1041.0,4613.0,7.68,8.28,8.69,9333.0
2025-04-10,5,11689.0,4.94,5.76,4428.0,1853.0,6377.0,10.95,11.47,12.4,12658.0
2025-04-10,6,14118.0,4.85,7.8,5411.0,2216.0,7725.0,14.04,14.51,15.96,15351.0
2025-04-10,7,14769.0,4.65,8.76,6012.0,2459.0,8606.0,15.26,15.71,17.5,17077.0
2025-04-10,8,14575.0,4.36,8.7,6087.0,2433.0,8601.0,15.39,15.85,17.65,17120.0
2025-04-10,9,14762.0,4.08,9.01,5994.0,2380.0,8446.0,15.16,15.63,17.34,16820.0
2025-04-10,10,15074.0,3.92,9.46,5677.0,2281.0,8035.0,14.17,14.67,16.19,15992.0
2025-04-10,11,15021.0,3.93,9.65,5012.0,1964.0,7020.0,11.59,12.14,13.27,13995.0
2025-04-10,12,13589.0,4.18,9.95,4270.0,1668.0,6010.0,9.22,9.81,10.59,11948.0
2025-04-10,13,13520.0,4.41,9.76,4316.0,1660.0,5965.0,9.24,9.83,10.6,11941.0
2025-04-10,14,13918.0,4.67,10.09,4250.0,1644.0,5942.0,9.24,9.82,10.6,11837.0
2025-04-10,15,14054.0,4.98,10.2,4274.0,1632.0,5935.0,9.24,9.83,10.6,11840.0
2025-04-10,16,13097.0,5.23,11.11,4330.0,1655.0,6008.0,9.31,9.89,10.7,11993.0
2025-04-10,17,12599.0,5.27,10.8,5013.0,1950.0,7060.0,11.66,12.19,13.37,14023.0
2025-04-10,18,12141.0,4.91,10.12,5618.0,2228.0,8007.0,14.18,14.67,16.21,15853.0
2025-04-10,19,12128.0,4.46,10.05,5561.0,2221.0,7928.0,14.21,14.69,16.21,15709.0
2025-04-10,20,12106.0,4.01,10.01,5614.0,2264.0,8065.0,14.27,14.75,16.31,15943.0
2025-04-10,21,12674.0,3.58,11.25,5532.0,2258.0,8009.0,14.34,14.81,16.35,15799.0
2025-04-10,22,12427.0,3.18,12.63,5210.0,2202.0,7679.0,13.15,13.64,15.03,15091.0
2025-04-10,23,10310.0,2.83,9.57,4523.0,1939.0,6736.0,10.86,11.38,12.42,13198.0
2025-04-11,0,10002.0,2.81,6.94,3721.0,436.0,3738.0,6.1,6.76,6.97,7894.0
2025-04-11,1,11879.0,3.28,6.12,3575.0,211.0,3361.0,5.76,6.42,6.57,7147.0
2025-04-11,2,11723.0,3.91,6.02,3306.0,220.0,3088.0,5.87,6.53,6.63,6613.0
2025-04-11,3,10486.0,4.5,6.15,3380.0,218.0,3166.0,6.06,6.72,6.83,6764.0
2025-04-11,4,11651.0,4.94,6.76,3622.0,1122.0,4556.0,7.76,8.36,8.78,9301.0
2025-04-11,5,12660.0,5.09,7.15,4254.0,1866.0,6133.0,10.8,11.34,12.19,12253.0
2025-04-11,6,15039.0,5.17,8.83,5242.0,2188.0,7628.0,13.84,14.32,15.7,15058.0
2025-04-11,7,14923.0,5.03,8.76,5762.0,2431.0,8480.0,15.12,15.58,17.31,16672.0
2025-04-11,8,14882.0,4.82,8.72,5808.0,2405.0,8450.0,15.13,15.6,17.32,16663.0
2025-04-11,9,14696.0,4.58,8.95,5797.0,2437.0,8500.0,15.12,15.59,17.32,16734.0
2025-04-11,10,14565.0,4.36,9.07,5513.0,2321.0,8087.0,14.18,14.68,16.23,15921.0
2025-04-11,11,14677.0,4.33,9.13,4678.0,1989.0,6941.0,11.48,12.03,13.13,13609.0
2025-04-11,12,13957.0,4.59,9.95,4112.0,1694.0,5996.0,9.25,9.84,10.63,11802.0
2025-04-11,13,13059.0,4.81,10.62,4023.0,1717.0,5972.0,9.24,9.82,10.6,11712.0
2025-04-11,14,13494.0,5.01,11.16,4019.0,1704.0,5939.0,9.25,9.84,10.6,11662.0
2025-04-11,15,12421.0,5.2,11.97,4030.0,1723.0,5960.0,9.25,9.84,10.6,11713.0
2025-04-11,16,11593.0,5.22,11.44,4142.0,1762.0,6054.0,9.35,9.92,10.72,11958.0
2025-04-11,17,10995.0,5.05,9.88,4947.0,2093.0,7205.0,11.83,12.35,13.58,14245.0
2025-04-11,18,11880.0,4.53,8.14,5537.0,2339.0,8074.0,14.37,14.85,16.43,15950.0
2025-04-11,19,11704.0,4.04,7.86,5520.0,2311.0,7976.0,14.2,14.69,16.23,15807.0
2025-04-11,20,11599.0,3.52,7.75,5533.0,2332.0,8040.0,14.26,14.74,16.29,15905.0
2025-04-11,21,12160.0,3.02,8.22,5462.0,2309.0,7880.0,14.28,14.76,16.25,15651.0
2025-04-11,22,13414.0,2.76,9.33,5053.0,2175.0,7387.0,12.93,13.42,14.71,14615.0
2025-04-11,23,13671.0,2.75,9.58,4414.0,1965.0,6558.0,10.65,11.18,12.15,12937.0
2025-04-12,0,10332.0,2.99,6.73,3603.0,491.0,3710.0,6.16,6.81,7.11,7804.0
2025-04-12,1,9928.0,3.36,6.43,3519.0,282.0,3352.0,5.91,6.56,6.78,7153.0
2025-04-12,2,10230.0,3.78,6.63,3384.0,313.0,3151.0,5.82,6.48,6.66,6848.0
2025-04-12,3,10851.0,4.26,6.67,3461.0,290.0,3182.0,5.97,6.63,6.82,6932.0
2025-04-12,4,12773.0,4.8,6.63,3762.0,1170.0,4768.0,7.82,8.42,8.92,9699.0
2025-04-12,5,12632.0,5.01,6.51,4432.0,1925.0,6461.0,11.11,11.63,12.61,12817.0
2025-04-12,6,14471.0,4.92,7.61,5365.0,2239.0,7760.0,14.47,14.95,16.39,15364.0
2025-04-12,7,14476.0,4.74,8.45,5931.0,2477.0,8599.0,16.21,16.66,18.46,17006.0
2025-04-12,8,14089.0,4.36,8.49,6203.0,2558.0,8915.0,16.53,16.98,18.94,17676.0
2025-04-12,9,14127.0,3.87,8.72,6283.0,2623.0,9119.0,16.51,16.96,18.97,18025.0
2025-04-12,10,13771.0,3.49,8.55,5706.0,2355.0,8196.0,14.39,14.9,16.48,16256.0
2025-04-12,11,13469.0,3.3,8.23,4901.0,1885.0,6907.0,11.09,11.65,12.7,13692.0
2025-04-12,12,13871.0,3.48,8.39,4344.0,1614.0,6156.0,9.19,9.79,10.55,12114.0
2025-04-12,13,14028.0,3.75,8.19,4319.0,1626.0,6149.0,9.14,9.74,10.5,12093.0
2025-04-12,14,14444.0,4.06,7.96,4325.0,1644.0,6180.0,9.07,9.67,10.44,12150.0
2025-04-12,15,14420.0,4.4,8.7,4333.0,1651.0,6214.0,9.08,9.67,10.45,12198.0
2025-04-12,16,13686.0,4.68,9.15,4514.0,1728.0,6486.0,9.53,10.11,10.97,12728.0
2025-04-12,17,12889.0,4.65,10.38,5155.0,2036.0,7514.0,12.02,12.55,13.78,14705.0
2025-04-12,18,13058.0,4.36,10.44,5548.0,2171.0,8109.0,14.12,14.62,16.08,15828.0
2025-04-12,19,13169.0,4.09,10.62,5453.0,2074.0,7889.0,13.88,14.39,15.76,15416.0
2025-04-12,20,12894.0,3.83,10.26,5335.0,2081.0,7809.0,13.89,14.39,15.74,15225.0
2025-04-12,21,12946.0,3.59,10.24,5125.0,2010.0,7513.0,13.34,13.85,15.08,14648.0
2025-04-12,22,13287.0,3.48,10.56,4840.0,1919.0,7166.0,12.29,12.81,13.92,13925.0
2025-04-12,23,12695.0,3.45,9.95,4343.0,1768.0,6509.0,10.48,11.02,11.91,12620.0
2025-04-13,0,10698.0,3.71,7.9,3501.0,309.0,3526.0,5.98,6.64,6.81,7337.0
2025-04-13,1,10460.0,4.17,7.65,3446.0,169.0,3256.0,5.78,6.45,6.55,6871.0
2025-04-13,2,10815.0,4.68,8.01,3282.0,170.0,3136.0,5.8,6.46,6.55,6588.0
2025-04-13,3,9243.0,5.18,9.01,3296.0,180.0,3159.0,6.02,6.68,6.77,6635.0
2025-04-13,4,10224.0,5.4,9.39,3551.0,1090.0,4603.0,7.67,8.28,8.74,9245.0
2025-04-13,5,10320.0,5.36,8.04,4274.0,1775.0,6395.0,10.63,11.17,12.04,12444.0
2025-04-13,6,12059.0,5.02,7.95,5144.0,2090.0,7679.0,13.66,14.15,15.47,14913.0
2025-04-13,7,13313.0,4.67,8.78,5617.0,2349.0,8536.0,15.47,15.95,17.58,16502.0
2025-04-13,8,13174.0,4.22,8.92,5864.0,2403.0,8797.0,15.63,16.11,17.84,17064.0
2025-04-13,9,13805.0,3.75,8.95,5918.0,2441.0,8895.0,15.68,16.16,17.91,17254.0
2025-04-13,10,13695.0,3.38,8.9,5378.0,2229.0,8102.0,13.91,14.43,15.85,15709.0
2025-04-13,11,13630.0,3.31,8.73,4505.0,1785.0,6721.0,10.67,11.25,12.19,13011.0
2025-04-13,12,14217.0,3.53,8.28,4127.0,1621.0,6095.0,9.19,9.79,10.53,11843.0
2025-04-13,13,14714.0,3.89,8.21,4152.0,1664.0,6207.0,9.15,9.75,10.53,12023.0
2025-04-13,14,14689.0,4.26,8.19,4108.0,1681.0,6227.0,9.13,9.74,10.52,12017.0
2025-04-13,15,14811.0,4.63,8.22,4139.0,1684.0,6251.0,9.14,9.74,10.54,12074.0
2025-04-13,16,14169.0,4.95,8.19,4300.0,1750.0,6488.0,9.49,10.08,10.95,12539.0
2025-04-13,17,13026.0,4.99,8.6,4994.0,2031.0,7518.0,11.85,12.39,13.61,14543.0
2025-04-13,18,12006.0,4.63,7.75,5536.0,2271.0,8332.0,14.24,14.75,16.28,16139.0
2025-04-13,19,13228.0,4.18,8.6,5350.0,2222.0,8117.0,14.24,14.75,16.2,15690.0
2025-04-13,20,13502.0,3.9,8.78,5398.0,2224.0,8109.0,14.14,14.64,16.1,15731.0
2025-04-13,21,13067.0,3.67,8.41,5067.0,2159.0,7735.0,13.66,14.16,15.47,14961.0
2025-04-13,22,11102.0,3.34,6.92,4807.0,2123.0,7444.0,12.71,13.22,14.41,14374.0
2025-04-13,23,11899.0,3.06,7.44,4280.0,1893.0,6630.0,10.55,11.09,12.0,12803.0
2025-04-14,0,8237.0,3.11,5.13,3599.0,234.0,3568.0,5.86,6.52,6.75,7400.0
2025-04-14,1,8590.0,3.24,4.93,3560.0,169.0,3415.0,5.83,6.5,6.7,7144.0
2025-04-14,2,9008.0,3.48,4.85,3408.0,201.0,3178.0,5.81,6.49,6.64,6787.0
2025-04-14,3,10381.0,3.9,4.32,3468.0,198.0,3207.0,5.96,6.62,6.79,6873.0
2025-04-14,4,10035.0,4.23,4.22,3713.0,1053.0,4817.0,7.73,8.34,8.75,9584.0
2025-04-14,5,11196.0,4.15,4.55,4184.0,1822.0,6374.0,10.51,11.05,11.89,12381.0
2025-04-14,6,14113.0,4.1,6.61,4968.0,2075.0,7421.0,13.36,13.87,15.08,14464.0
2025-04-14,7,15018.0,4.03,7.75,5551.0,2307.0,8340.0,15.29,15.77,17.32,16198.0
2025-04-14,8,15554.0,3.94,8.67,5804.0,2330.0,8548.0,15.4,15.88,17.51,16681.0
2025-04-14,9,15146.0,3.78,9.16,5892.0,2338.0,8656.0,15.36,15.85,17.51,16886.0
2025-04-14,10,14205.0,3.61,10.16,5329.0,2143.0,7882.0,13.73,14.24,15.61,15354.0
2025-04-14,11,14575.0,3.71,10.55,4366.0,1657.0,6313.0,10.29,10.86,11.69,12336.0
2025-04-14,12,12862.0,4.04,11.6,4057.0,1502.0,5746.0,8.92,9.51,10.18,11305.0
2025-04-14,13,12268.0,4.2,11.39,4101.0,1533.0,5853.0,8.88,9.48,10.16,11488.0
2025-04-14,14,11960.0,4.3,10.41,4164.0,1582.0,5952.0,8.87,9.47,10.18,11697.0
2025-04-14,15,12671.0,4.41,7.36,4231.0,1617.0,6058.0,8.99,9.58,10.31,11906.0
2025-04-14,16,12599.0,4.49,7.29,4393.0,1692.0,6329.0,9.35,9.92,10.73,12414.0
2025-04-14,17,12752.0,4.47,7.32,5123.0,1957.0,7370.0,11.8,12.34,13.5,14450.0
2025-04-14,18,12677.0,4.15,7.27,5626.0,2175.0,8179.0,14.11,14.61,16.1,15980.0
2025-04-14,19,12576.0,3.77,7.17,5617.0,2168.0,8116.0,14.13,14.63,16.1,15901.0
2025-04-14,20,12579.0,3.39,7.13,5575.0,2158.0,8094.0,14.14,14.63,16.1,15826.0
2025-04-14,21,12543.0,3.06,7.13,5184.0,2045.0,7632.0,13.45,13.95,15.23,14861.0
2025-04-14,22,12581.0,2.86,7.14,4956.0,1945.0,7236.0,12.37,12.89,14.02,14138.0
2025-04-14,23,12608.0,2.75,7.12,4394.0,1796.0,6603.0,10.5,11.03,11.94,12794.0
2025-04-15,0,11329.0,3.05,6.35,3633.0,338.0,3649.0,6.03,6.68,6.86,7620.0
2025-04-15,1,10415.0,3.53,5.81,3529.0,93.0,3276.0,5.69,6.36,6.46,6897.0
2025-04-15,2,9985.0,3.98,5.55,3487.0,75.0,3183.0,5.71,6.37,6.46,6745.0
2025-04-15,3,9666.0,4.39,5.36,3418.0,84.0,3191.0,5.88,6.55,6.64,6693.0
2025-04-15,4,11636.0,4.73,5.31,3659.0,1181.0,4878.0,7.86,8.46,8.9,9717.0
2025-04-15,5,13113.0,4.9,5.54,4189.0,1794.0,6280.0,10.53,11.08,11.92,12263.0
2025-04-15,6,15404.0,5.1,7.16,4887.0,1961.0,7317.0,13.24,13.76,14.9,14165.0
2025-04-15,7,14070.0,5.04,8.12,5527.0,2222.0,8249.0,15.07,15.56,17.04,15999.0
2025-04-15,8,13885.0,4.72,8.27,5884.0,2363.0,8799.0,15.47,15.95,17.67,17047.0
2025-04-15,9,13675.0,4.28,8.36,5971.0,2427.0,8964.0,15.77,16.25,18.02,17363.0
2025-04-15,10,14216.0,3.92,8.68,5552.0,2191.0,8184.0,14.02,14.54,16.0,15927.0
2025-04-15,11,14183.0,3.9,8.61,4660.0,1781.0,6797.0,10.67,11.25,12.22,13238.0
2025-04-15,12,13399.0,4.11,8.94,4201.0,1589.0,6081.0,9.13,9.74,10.48,11871.0
2025-04-15,13,13427.0,4.32,9.0,4143.0,1610.0,6051.0,9.2,9.79,10.53,11803.0
2025-04-15,14,13285.0,4.56,9.15,3995.0,1590.0,5974.0,9.14,9.72,10.45,11559.0
2025-04-15,15,13466.0,4.8,9.38,4065.0,1604.0,6021.0,9.1,9.67,10.42,11691.0
2025-04-15,16,13539.0,5.03,9.5,4151.0,1678.0,6243.0,9.29,9.87,10.68,12072.0
2025-04-15,17,12912.0,5.08,8.92,4949.0,2059.0,7243.0,11.85,12.38,13.62,14252.0
2025-04-15,18,12411.0,4.74,8.33,5467.0,2283.0,8146.0,14.28,14.76,16.32,15895.0
2025-04-15,19,11387.0,4.26,7.49,5291.0,2203.0,8072.0,14.08,14.56,16.02,15566.0
2025-04-15,20,11375.0,3.75,7.44,5196.0,2179.0,7949.0,13.96,14.45,15.86,15325.0
2025-04-15,21,10841.0,3.27,6.98,4917.0,2113.0,7592.0,13.47,13.97,15.23,14622.0
2025-04-15,22,11486.0,2.85,6.46,4694.0,2024.0,7237.0,12.49,13.0,14.12,13954.0
2025-04-15,23,12421.0,2.69,5.88,4254.0,1881.0,6669.0,10.51,11.05,11.98,12803.0
2025-04-16,0,11000.0,2.87,5.47,3485.0,367.0,3655.0,6.07,6.73,6.99,7507.0
2025-04-16,1,11118.0,3.42,5.62,3340.0,195.0,3223.0,5.71,6.37,6.54,6759.0
2025-04-16,2,11035.0,3.98,5.59,3280.0,174.0,3141.0,5.73,6.39,6.55,6595.0
2025-04-16,3,11464.0,4.58,5.59,3346.0,184.0,3212.0,5.94,6.6,6.77,6742.0
2025-04-16,4,11441.0,5.05,5.43,3671.0,1241.0,5049.0,7.99,8.58,9.11,9961.0
2025-04-16,5,11197.0,5.02,5.3,4192.0,1893.0,6540.0,10.81,11.34,12.27,12625.0
2025-04-16,6,14454.0,4.95,6.95,4886.0,2090.0,7430.0,13.3,13.8,15.01,14406.0
2025-04-16,7,14092.0,4.84,8.03,5525.0,2358.0,8395.0,15.25,15.72,17.29,16278.0
2025-04-16,8,14228.0,4.56,8.22,5760.0,2386.0,8611.0,15.4,15.88,17.55,16757.0
2025-04-16,9,14098.0,4.23,8.25,5846.0,2405.0,8709.0,15.52,16.0,17.71,16960.0
2025-04-16,10,14033.0,3.95,8.29,5372.0,2185.0,7954.0,13.7,14.21,15.62,15511.0
2025-04-16,11,13988.0,3.94,8.31,4574.0,1810.0,6655.0,10.6,11.17,12.11,13039.0
2025-04-16,12,13643.0,4.19,8.05,4126.0,1580.0,5917.0,8.97,9.57,10.28,11623.0
2025-04-16,13,13420.0,4.43,7.93,4163.0,1638.0,6038.0,8.97,9.56,10.3,11839.0
2025-04-16,14,13477.0,4.65,7.95,4230.0,1683.0,6188.0,9.14,9.74,10.51,12100.0
2025-04-16,15,13313.0,4.85,7.79,4285.0,1667.0,6204.0,9.16,9.75,10.53,12156.0
2025-04-16,16,13136.0,5.0,7.65,4367.0,1713.0,6390.0,9.36,9.95,10.79,12469.0
2025-04-16,17,12775.0,4.95,7.32,5180.0,2041.0,7631.0,12.13,12.66,13.93,14852.0
2025-04-16,18,13464.0,4.62,7.78,5647.0,2230.0,8314.0,14.3,14.79,16.34,16191.0
2025-04-16,19,13631.0,4.31,7.87,5688.0,2220.0,8310.0,14.24,14.74,16.29,16217.0
2025-04-16,20,13633.0,3.99,7.84,5708.0,2278.0,8422.0,14.38,14.86,16.45,16408.0
2025-04-16,21,13721.0,3.71,7.93,5481.0,2147.0,7967.0,13.72,14.22,15.63,15595.0
2025-04-16,22,13875.0,3.58,8.02,5118.0,2042.0,7503.0,12.56,13.08,14.31,14663.0
2025-04-16,23,13867.0,3.62,8.0,4508.0,1813.0,6605.0,10.39,10.93,11.86,12926.0
2025-04-17,0,10340.0,3.92,5.78,3696.0,244.0,3454.0,5.76,6.43,6.57,7394.0
2025-04-17,1,10026.0,4.34,5.59,3555.0,157.0,3223.0,5.68,6.35,6.44,6935.0
2025-04-17,2,9826.0,4.77,5.47,3558.0,117.0,3185.0,5.82,6.49,6.58,6860.0
2025-04-17,3,9688.0,5.16,5.4,3669.0,145.0,3323.0,6.11,6.78,6.89,7137.0
2025-04-17,4,10145.0,5.43,5.78,3737.0,1083.0,4665.0,7.77,8.38,8.85,9485.0
2025-04-17,5,10265.0,5.33,5.76,4508.0,1806.0,6572.0,11.2,11.73,12.67,12887.0
2025-04-17,6,13179.0,5.02,7.46,5424.0,2101.0,7870.0,13.9,14.39,15.79,15395.0
2025-04-17,7,14204.0,4.74,8.23,5928.0,2316.0,8668.0,15.06,15.53,17.23,16912.0
2025-04-17,8,14549.0,4.42,8.72,6043.0,2309.0,8746.0,15.15,15.63,17.36,17098.0
2025-04-17,9,14461.0,4.14,8.95,5876.0,2298.0,8638.0,15.08,15.58,17.22,16812.0
2025-04-17,10,14326.0,3.87,9.09,5613.0,2234.0,8342.0,14.25,14.76,16.28,16189.0
2025-04-17,11,14263.0,3.78,9.08,4805.0,1880.0,7117.0,11.32,11.89,12.95,13802.0
2025-04-17,12,14178.0,4.02,8.92,4169.0,1604.0,6122.0,9.03,9.63,10.37,11895.0
2025-04-17,13,14405.0,4.33,8.79,4237.0,1628.0,6228.0,9.09,9.69,10.47,12093.0
2025-04-17,14,14539.0,4.66,8.84,4152.0,1632.0,6182.0,9.12,9.72,10.49,11966.0
2025-04-17,15,13881.0,5.0,9.24,4139.0,1613.0,6135.0,9.13,9.73,10.49,11886.0
2025-04-17,16,13520.0,5.22,9.9,4239.0,1650.0,6270.0,9.28,9.87,10.68,12160.0
2025-04-17,17,13457.0,5.29,9.83,5031.0,1980.0,7448.0,11.82,12.36,13.58,14459.0
2025-04-17,18,13574.0,5.02,9.78,5643.0,2233.0,8367.0,14.38,14.89,16.45,16243.0
2025-04-17,19,13894.0,4.73,10.1,5571.0,2216.0,8271.0,14.27,14.78,16.3,16058.0
2025-04-17,20,11296.0,4.3,10.31,5599.0,2255.0,8324.0,14.25,14.75,16.29,16177.0
2025-04-17,21,11176.0,3.7,10.18,5364.0,2226.0,8123.0,14.21,14.7,16.17,15712.0
2025-04-17,22,11251.0,3.18,10.14,4978.0,2126.0,7650.0,12.99,13.5,14.78,14754.0
2025-04-17,23,13305.0,3.01,9.2,4288.0,1824.0,6568.0,10.41,10.94,11.86,12680.0
2025-04-18,0,11246.0,3.39,7.43,3543.0,247.0,3575.0,5.92,6.58,6.81,7364.0
2025-04-18,1,10052.0,3.8,5.55,3391.0,183.0,3273.0,5.75,6.42,6.64,6846.0
2025-04-18,2,10511.0,4.24,5.2,3330.0,199.0,3229.0,5.93,6.59,6.82,6758.0
2025-04-18,3,11030.0,4.75,4.58,3389.0,220.0,3268.0,6.08,6.75,6.98,6877.0
2025-04-18,4,10280.0,5.12,4.68,3577.0,1119.0,4761.0,7.82,8.42,8.91,9456.0
2025-04-18,5,11965.0,5.14,4.73,4241.0,1820.0,6570.0,10.92,11.46,12.37,12631.0
2025-04-18,6,14475.0,5.07,7.24,5249.0,2188.0,7976.0,13.93,14.42,15.84,15413.0
2025-04-18,7,13870.0,4.76,8.15,5830.0,2429.0,8863.0,15.19,15.66,17.42,17122.0
2025-04-18,8,13831.0,4.36,8.32,5760.0,2367.0,8639.0,14.6,15.08,16.77,16766.0
2025-04-18,9,14104.0,4.0,8.56,5869.0,2452.0,8874.0,15.25,15.73,17.49,17195.0
2025-04-18,10,13927.0,3.65,8.51,5622.0,2348.0,8507.0,14.34,14.84,16.44,16477.0
2025-04-18,11,14471.0,3.49,9.08,4811.0,1996.0,7244.0,11.41,11.96,13.09,14051.0
2025-04-18,12,14494.0,3.74,9.13,4158.0,1717.0,6228.0,9.13,9.73,10.5,12103.0
2025-04-18,13,14568.0,4.08,9.09,4185.0,1712.0,6228.0,9.13,9.73,10.5,12124.0
2025-04-18,14,15205.0,4.49,9.53,4142.0,1672.0,6086.0,9.15,9.76,10.5,11900.0
2025-04-18,15,14322.0,4.95,10.12,4157.0,1675.0,6117.0,9.15,9.75,10.51,11948.0
2025-04-18,16,11889.0,5.07,10.88,4283.0,1721.0,6266.0,9.26,9.86,10.65,12270.0
2025-04-18,17,12227.0,4.96,10.62,5081.0,2031.0,7425.0,11.74,12.28,13.48,14537.0
2025-04-18,18,13252.0,4.6,9.26,5727.0,2315.0,8459.0,14.44,14.94,16.54,16502.0
2025-04-18,19,13200.0,4.22,9.13,5704.0,2276.0,8383.0,14.37,14.86,16.43,16364.0
2025-04-18,20,13084.0,3.82,9.02,5695.0,2270.0,8445.0,14.29,14.77,16.36,16410.0
2025-04-18,21,12735.0,3.42,8.68,5614.0,2216.0,8237.0,14.23,14.72,16.24,16066.0
2025-04-18,22,12832.0,3.07,8.78,5162.0,2097.0,7687.0,12.98,13.49,14.78,14946.0
2025-04-18,23,4457.0,3.18,10.94,3823.0,2019.0,3068.0,7.16,7.95,7.89,8911.0
2025-04-19,0,3070.0,3.66,8.12,3443.0,1489.0,1932.0,5.39,6.17,6.04,6864.0
2025-04-19,1,2979.0,4.09,7.76,3386.0,1369.0,1781.0,5.28,6.04,5.91,6536.0
2025-04-19,2,4173.0,4.57,8.54,3507.0,1451.0,1899.0,5.89,6.67,6.55,6858.0
2025-04-19,3,5500.0,5.09,8.65,3471.0,993.0,2374.0,5.97,6.69,6.65,6837.0
2025-04-19,4,8793.0,5.23,10.66,3657.0,1150.0,4731.0,7.77,8.38,8.78,9537.0
2025-04-19,5,12572.0,5.19,8.53,4332.0,1844.0,6459.0,10.89,11.43,12.31,12635.0
2025-04-19,6,13858.0,5.1,8.0,5466.0,2208.0,8130.0,14.41,14.89,16.35,15804.0
2025-04-19,7,14343.0,4.75,8.29,6132.0,2461.0,9094.0,16.21,16.68,18.52,17688.0
2025-04-19,8,14628.0,4.35,8.68,6304.0,2520.0,9307.0,16.38,16.84,18.78,18130.0
2025-04-19,9,14511.0,3.9,8.81,6386.0,2524.0,9346.0,16.45,16.92,18.86,18257.0
2025-04-19,10,14360.0,3.49,8.75,5937.0,2304.0,8600.0,14.51,15.01,16.64,16841.0
2025-04-19,11,14162.0,3.38,8.62,4959.0,1876.0,7076.0,10.86,11.42,12.48,13911.0
2025-04-19,12,13734.0,3.56,8.23,4475.0,1674.0,6355.0,9.35,9.93,10.75,12504.0
2025-04-19,13,15078.0,3.76,6.46,4457.0,1692.0,6391.0,9.23,9.82,10.65,12540.0
2025-04-19,14,16092.0,4.3,7.71,4405.0,1666.0,6292.0,9.28,9.85,10.67,12363.0
2025-04-19,15,15707.0,4.79,8.03,4355.0,1670.0,6298.0,9.28,9.84,10.67,12323.0
2025-04-19,16,13793.0,5.14,9.23,4409.0,1677.0,6327.0,9.32,9.88,10.73,12413.0
2025-04-19,17,13182.0,5.21,9.73,5199.0,1983.0,7523.0,12.01,12.54,13.78,14705.0
2025-04-19,18,12947.0,4.82,10.25,5941.0,2299.0,8683.0,15.04,15.52,17.2,16922.0
2025-04-19,19,13022.0,4.33,10.27,5901.0,2411.0,8858.0,15.02,15.47,17.21,17170.0
2025-04-19,20,12552.0,3.84,9.75,5823.0,2205.0,8461.0,14.97,15.46,17.07,16489.0
2025-04-19,21,12171.0,3.34,8.82,5613.0,2118.0,8171.0,14.54,15.04,16.52,15901.0
2025-04-19,22,12672.0,2.98,8.58,5189.0,2034.0,7706.0,13.17,13.67,14.98,14930.0
2025-04-19,23,12701.0,2.81,8.58,4542.0,1825.0,6831.0,10.87,11.4,12.4,13198.0
2025-04-20,0,9676.0,2.93,5.53,3649.0,158.0,3615.0,5.99,6.65,6.83,7421.0
2025-04-20,1,9327.0,3.24,5.2,3523.0,139.0,3376.0,5.75,6.42,6.54,7038.0
2025-04-20,2,9281.0,3.54,5.19,3449.0,161.0,3298.0,5.77,6.43,6.54,6909.0
2025-04-20,3,9373.0,3.86,5.18,3461.0,178.0,3346.0,5.91,6.58,6.7,6984.0
2025-04-20,4,11397.0,4.17,4.87,3673.0,1000.0,4841.0,7.67,8.28,8.69,9513.0
2025-04-20,5,16746.0,4.52,6.61,4317.0,1820.0,6575.0,10.83,11.37,12.28,12713.0
2025-04-20,6,16650.0,4.99,9.34,5267.0,2157.0,7873.0,14.1,14.6,15.97,15297.0
2025-04-20,7,13966.0,4.83,8.96,5986.0,2464.0,9022.0,16.18,16.64,18.48,17472.0
2025-04-20,8,14017.0,4.35,9.11,6247.0,2547.0,9356.0,16.51,16.96,18.93,18150.0
2025-04-20,9,14371.0,3.83,9.17,6331.0,2602.0,9552.0,16.79,17.24,19.29,18486.0
2025-04-20,10,14125.0,3.38,9.25,5790.0,2325.0,8636.0,14.5,15.0,16.65,16751.0
2025-04-20,11,14070.0,3.22,9.16,4908.0,1993.0,7387.0,11.36,11.92,13.08,14288.0
2025-04-20,12,14054.0,3.33,8.98,4333.0,1737.0,6515.0,9.43,10.03,10.89,12586.0
2025-04-20,13,14148.0,3.54,8.89,4259.0,1757.0,6495.0,9.43,10.01,10.87,12511.0
2025-04-20,14,14266.0,3.76,8.88,4298.0,1759.0,6496.0,9.42,10.0,10.87,12553.0
2025-04-20,15,14354.0,4.01,8.96,4240.0,1758.0,6479.0,9.43,10.01,10.88,12477.0
2025-04-20,16,14533.0,4.25,9.04,4352.0,1807.0,6659.0,9.62,10.19,11.11,12818.0
2025-04-20,17,14472.0,4.37,8.97,5215.0,2150.0,7857.0,12.54,13.07,14.44,15221.0
2025-04-20,18,14127.0,4.09,8.1,5899.0,2434.0,8881.0,15.31,15.79,17.56,17215.0
2025-04-20,19,14607.0,3.76,8.33,5884.0,2398.0,8767.0,15.14,15.62,17.36,17049.0
2025-04-20,20,14216.0,3.42,8.92,5959.0,2456.0,8948.0,15.32,15.79,17.6,17363.0
2025-04-20,21,14267.0,3.09,8.98,5600.0,2360.0,8481.0,14.61,15.09,16.69,16441.0
2025-04-20,22,14362.0,2.91,9.04,5219.0,2219.0,7887.0,13.09,13.59,14.95,15325.0
2025-04-20,23,14663.0,2.95,9.3,4489.0,1946.0,6834.0,10.64,11.17,12.16,13269.0
2025-04-21,0,11574.0,3.39,7.56,3613.0,310.0,3631.0,5.9,6.56,6.8,7554.0
2025-04-21,1,10238.0,3.82,6.35,3535.0,232.0,3359.0,5.8,6.47,6.7,7125.0
2025-04-21,2,10618.0,4.29,6.38,3441.0,236.0,3212.0,5.89,6.56,6.77,6890.0
2025-04-21,3,10772.0,4.8,6.49,3526.0,252.0,3280.0,6.1,6.76,6.99,7058.0
2025-04-21,4,11890.0,5.24,6.52,3660.0,1215.0,4780.0,7.87,8.47,8.98,9655.0
2025-04-21,5,11784.0,5.34,6.38,4497.0,1868.0,6704.0,11.12,11.66,12.63,13068.0
2025-04-21,6,13666.0,5.11,9.1,5638.0,2246.0,8314.0,14.22,14.72,16.28,16198.0
2025-04-21,7,14238.0,4.73,9.59,6202.0,2466.0,9143.0,15.47,15.94,17.84,17811.0
2025-04-21,8,14000.0,4.29,9.65,6148.0,2431.0,9096.0,15.36,15.84,17.71,17676.0
2025-04-21,9,13787.0,3.83,9.65,6047.0,2406.0,8954.0,15.35,15.84,17.62,17407.0
2025-04-21,10,13862.0,3.45,9.86,5615.0,2246.0,8312.0,13.96,14.48,15.99,16173.0
2025-04-21,11,13877.0,3.29,9.76,5053.0,1967.0,7360.0,11.56,12.11,13.26,14380.0
2025-04-21,12,13951.0,3.42,9.69,4399.0,1660.0,6289.0,9.26,9.85,10.65,12348.0
2025-04-21,13,14076.0,3.69,9.79,4317.0,1665.0,6254.0,9.24,9.83,10.62,12237.0
2025-04-21,14,14387.0,3.97,10.06,4322.0,1640.0,6169.0,9.11,9.71,10.49,12131.0
2025-04-21,15,14472.0,4.31,10.1,4372.0,1643.0,6225.0,9.11,9.71,10.5,12240.0
2025-04-21,16,14606.0,4.61,10.13,4505.0,1724.0,6495.0,9.53,10.12,10.99,12723.0
2025-04-21,17,14243.0,4.78,9.82,5257.0,2015.0,7579.0,11.96,12.5,13.76,14851.0
2025-04-21,18,11853.0,4.42,7.74,5860.0,2252.0,8490.0,14.34,14.83,16.43,16602.0
2025-04-21,19,11677.0,3.85,7.53,5884.0,2228.0,8490.0,14.31,14.8,16.41,16602.0
2025-04-21,20,11741.0,3.21,7.06,5945.0,2290.0,8648.0,14.48,14.97,16.64,16882.0
2025-04-21,21,13294.0,2.73,7.62,5783.0,2267.0,8476.0,14.5,14.98,16.59,16526.0
2025-04-21,22,13526.0,2.39,7.79,5463.0,2167.0,8076.0,13.26,13.75,15.2,15706.0
2025-04-21,23,13974.0,2.33,8.08,4552.0,1850.0,6864.0,10.68,11.22,12.22,13267.0
2025-04-22,0,10783.0,2.6,5.69,3652.0,273.0,3588.0,5.84,6.51,6.74,7513.0
2025-04-22,1,11253.0,3.12,5.8,3498.0,141.0,3292.0,5.67,6.34,6.52,6931.0
2025-04-22,2,11288.0,3.69,5.63,3443.0,133.0,3223.0,5.76,6.42,6.59,6799.0
2025-04-22,3,12451.0,4.36,5.3,3487.0,95.0,3272.0,5.99,6.66,6.84,6853.0
2025-04-22,4,11749.0,4.92,5.06,3696.0,1071.0,4885.0,7.85,8.45,8.95,9652.0
2025-04-22,5,11833.0,4.94,6.14,4425.0,1815.0,6653.0,11.06,11.6,12.56,12893.0
2025-04-22,6,13942.0,4.81,9.52,5481.0,2189.0,8186.0,14.08,14.57,16.07,15856.0
2025-04-22,7,13947.0,4.45,9.85,6107.0,2437.0,9107.0,15.34,15.81,17.68,17651.0
2025-04-22,8,13915.0,3.98,10.12,6080.0,2431.0,9072.0,15.34,15.82,17.67,17583.0
2025-04-22,9,14083.0,3.54,10.57,5984.0,2409.0,8934.0,15.27,15.77,17.54,17327.0
2025-04-22,10,13189.0,3.11,9.88,5658.0,2297.0,8488.0,14.21,14.73,16.29,16443.0
2025-04-22,11,14143.0,2.92,10.62,4822.0,1950.0,7216.0,11.53,12.09,13.2,13988.0
2025-04-22,12,14284.0,3.13,10.53,4194.0,1664.0,6196.0,9.2,9.79,10.57,12055.0
2025-04-22,13,14180.0,3.45,10.36,4120.0,1647.0,6168.0,9.19,9.78,10.55,11935.0
2025-04-22,14,14027.0,3.72,9.86,4067.0,1656.0,6147.0,9.2,9.79,10.55,11871.0
2025-04-22,15,15151.0,4.09,9.2,4055.0,1669.0,6190.0,9.19,9.78,10.56,11913.0
2025-04-22,16,15253.0,4.51,9.21,4185.0,1694.0,6303.0,9.27,9.85,10.66,12183.0
2025-04-22,17,15078.0,4.8,9.29,4948.0,2045.0,7518.0,11.78,12.31,13.52,14510.0
2025-04-22,18,13915.0,4.64,9.92,5601.0,2310.0,8480.0,14.38,14.87,16.46,16391.0
2025-04-22,19,13897.0,4.33,9.82,5704.0,2273.0,8498.0,14.41,14.91,16.53,16475.0
2025-04-22,20,13739.0,3.99,9.66,5758.0,2322.0,8625.0,14.47,14.97,16.65,16705.0
2025-04-22,21,13901.0,3.65,9.82,5643.0,2357.0,8577.0,14.46,14.95,16.6,16577.0
2025-04-22,22,12728.0,3.33,10.9,5160.0,2218.0,7898.0,13.07,13.57,14.97,15276.0
2025-04-22,23,12292.0,3.11,11.15,4342.0,1945.0,6773.0,10.61,11.14,12.13,13059.0
2025-04-23,0,9847.0,3.25,7.06,3535.0,346.0,3560.0,5.82,6.49,6.64,7441.0
2025-04-23,1,10228.0,3.62,6.35,3517.0,222.0,3358.0,5.67,6.34,6.45,7096.0
2025-04-23,2,10340.0,4.06,6.45,3446.0,193.0,3220.0,5.69,6.36,6.46,6859.0
2025-04-23,3,10303.0,4.54,6.42,3484.0,187.0,3277.0,5.94,6.6,6.71,6948.0
2025-04-23,4,11655.0,4.96,7.04,3761.0,1143.0,4780.0,7.79,8.4,8.83,9683.0
2025-04-23,5,12570.0,5.03,7.02,4522.0,1926.0,6682.0,11.13,11.67,12.61,13131.0
2025-04-23,6,16303.0,5.02,8.16,5669.0,2288.0,8324.0,14.26,14.74,16.29,16282.0
2025-04-23,7,15089.0,4.92,10.32,6070.0,2468.0,8984.0,15.2,15.67,17.47,17523.0
2025-04-23,8,15854.0,4.66,11.01,6067.0,2434.0,8978.0,15.28,15.76,17.54,17479.0
2025-04-23,9,15163.0,4.47,10.56,5993.0,2401.0,8847.0,15.31,15.8,17.52,17241.0
2025-04-23,10,14769.0,4.24,10.35,5639.0,2247.0,8330.0,14.2,14.72,16.23,16216.0
2025-04-23,11,14816.0,4.22,10.39,4844.0,1902.0,7112.0,11.37,11.95,12.99,13858.0
2025-04-23,12,14827.0,4.51,10.11,4310.0,1675.0,6272.0,9.34,9.93,10.72,12257.0
2025-04-23,13,13608.0,4.82,10.65,4307.0,1663.0,6236.0,9.2,9.79,10.57,12206.0
2025-04-23,14,13323.0,4.99,10.92,4343.0,1643.0,6201.0,9.2,9.79,10.57,12186.0
2025-04-23,15,13329.0,5.19,10.93,4330.0,1629.0,6176.0,9.21,9.8,10.58,12134.0
2025-04-23,16,11609.0,5.26,9.1,4491.0,1703.0,6417.0,9.41,9.99,10.84,12611.0
2025-04-23,17,11401.0,5.02,8.77,5251.0,2035.0,7604.0,11.92,12.45,13.72,14890.0
2025-04-23,18,10920.0,4.43,8.26,5877.0,2270.0,8529.0,14.37,14.86,16.49,16677.0
2025-04-23,19,12190.0,3.79,9.49,5872.0,2245.0,8484.0,14.38,14.88,16.49,16601.0
2025-04-23,20,12710.0,3.3,9.6,5878.0,2273.0,8550.0,14.37,14.85,16.48,16701.0
2025-04-23,21,13355.0,2.88,9.28,5812.0,2257.0,8456.0,14.4,14.88,16.47,16525.0
2025-04-23,22,13851.0,2.58,9.71,5413.0,2156.0,8012.0,13.19,13.69,15.09,15580.0
2025-04-23,23,14195.0,2.54,10.07,4758.0,1871.0,6992.0,10.72,11.25,12.29,13622.0
2025-04-24,0,11812.0,2.86,6.04,3803.0,256.0,3784.0,6.0,6.66,6.94,7843.0
2025-04-24,1,11600.0,3.45,5.6,3717.0,103.0,3502.0,5.84,6.5,6.72,7323.0
2025-04-24,2,11533.0,4.0,5.56,3685.0,104.0,3540.0,6.15,6.82,7.05,7329.0
2025-04-24,3,11688.0,4.56,5.62,3666.0,238.0,3628.0,6.36,7.02,7.26,7532.0
2025-04-24,4,12045.0,5.05,6.01,3744.0,1091.0,4919.0,7.87,8.47,8.97,9754.0
2025-04-24,5,13242.0,5.2,7.25,4422.0,1818.0,6650.0,11.04,11.58,12.54,12890.0
2025-04-24,6,14258.0,5.16,9.96,5593.0,2217.0,8287.0,14.22,14.71,16.26,16097.0
2025-04-24,7,13959.0,4.8,9.85,6064.0,2479.0,8825.0,15.37,15.83,17.72,17368.0
2025-04-24,8,13777.0,4.35,9.81,6155.0,2474.0,8839.0,15.43,15.89,17.8,17468.0
2025-04-24,9,13608.0,3.88,9.93,6059.0,2477.0,8758.0,15.51,15.99,17.84,17294.0
2025-04-24,10,13530.0,3.46,9.88,5664.0,2351.0,8254.0,14.42,14.93,16.56,16269.0
2025-04-24,11,13515.0,3.25,10.04,4835.0,2000.0,7009.0,11.45,12.0,13.14,13844.0
2025-04-24,12,13819.0,3.39,10.17,4223.0,1729.0,6086.0,9.3,9.91,10.72,12038.0
2025-04-24,13,14134.0,3.64,10.06,4296.0,1724.0,6122.0,9.29,9.88,10.71,12142.0
2025-04-24,14,14592.0,3.96,10.1,4247.0,1722.0,6095.0,9.29,9.88,10.7,12063.0
2025-04-24,15,14764.0,4.33,10.23,4221.0,1720.0,6101.0,9.29,9.88,10.7,12042.0
2025-04-24,16,15006.0,4.7,10.42,4283.0,1746.0,6207.0,9.4,9.98,10.83,12236.0
2025-04-24,17,14833.0,4.95,10.22,5065.0,2104.0,7398.0,11.94,12.47,13.78,14566.0
2025-04-24,18,14829.0,4.81,10.1,5807.0,2381.0,8426.0,14.69,15.18,16.87,16613.0
2025-04-24,19,14749.0,4.6,9.98,5729.0,2360.0,8348.0,14.59,15.06,16.74,16436.0
2025-04-24,20,14393.0,4.36,9.64,5818.0,2435.0,8520.0,14.65,15.11,16.86,16774.0
2025-04-24,21,13973.0,4.05,9.63,5650.0,2430.0,8417.0,14.7,15.16,16.86,16497.0
2025-04-24,22,12869.0,3.77,10.64,5061.0,2205.0,7539.0,13.17,13.67,15.03,14804.0
2025-04-24,23,12259.0,3.6,11.09,4292.0,1967.0,6530.0,10.61,11.14,12.13,12789.0
2025-04-25,0,10245.0,3.76,7.27,3434.0,405.0,3441.0,5.87,6.54,6.71,7279.0
2025-04-25,1,10507.0,4.19,7.32,3439.0,303.0,3276.0,5.78,6.45,6.57,7018.0
2025-04-25,2,10549.0,4.66,7.36,3458.0,284.0,3232.0,5.89,6.56,6.68,6973.0
2025-04-25,3,10085.0,5.14,7.62,3481.0,290.0,3249.0,6.08,6.75,6.88,7020.0
2025-04-25,4,8606.0,5.28,8.02,3646.0,1148.0,4508.0,7.65,8.27,8.66,9302.0
2025-04-25,5,11617.0,5.17,6.74,4504.0,1952.0,6474.0,11.05,11.58,12.54,12930.0
2025-04-25,6,15147.0,5.08,8.92,5624.0,2338.0,8059.0,14.21,14.69,16.24,16021.0
2025-04-25,7,15232.0,4.89,9.08,6203.0,2603.0,8962.0,15.53,15.99,17.92,17768.0
2025-04-25,8,14981.0,4.58,9.11,6175.0,2579.0,8907.0,15.6,16.06,17.97,17660.0
2025-04-25,9,14857.0,4.26,9.27,6154.0,2536.0,8809.0,15.58,16.05,17.91,17499.0
2025-04-25,10,14780.0,3.99,9.37,5741.0,2348.0,8209.0,14.33,14.84,16.42,16297.0
2025-04-25,11,14320.0,3.89,9.09,5224.0,2095.0,7414.0,11.82,12.37,13.63,14732.0
2025-04-25,12,14362.0,4.02,8.93,4543.0,1807.0,6441.0,9.51,10.09,11.0,12792.0
2025-04-25,13,14503.0,4.25,8.94,4573.0,1821.0,6482.0,9.6,10.18,11.11,12876.0
2025-04-25,14,14197.0,4.5,8.66,4438.0,1734.0,6204.0,9.46,10.06,10.92,12376.0
2025-04-25,15,14383.0,4.79,8.74,4433.0,1738.0,6210.0,9.38,9.98,10.84,12381.0
2025-04-25,16,13777.0,5.04,9.27,4502.0,1767.0,6310.0,9.5,10.08,10.97,12579.0
2025-04-25,17,14410.0,5.16,10.52,5176.0,2036.0,7270.0,11.8,12.34,13.57,14483.0
2025-04-25,18,14563.0,5.04,10.64,5837.0,2303.0,8208.0,14.44,14.94,16.54,16348.0
2025-04-25,19,14847.0,4.86,10.81,5866.0,2292.0,8227.0,14.44,14.93,16.55,16386.0
2025-04-25,20,14550.0,4.7,10.51,5874.0,2295.0,8218.0,14.43,14.91,16.54,16388.0
2025-04-25,21,13841.0,4.46,10.69,5810.0,2290.0,8160.0,14.45,14.93,16.54,16260.0
2025-04-25,22,12770.0,4.13,9.99,5487.0,2248.0,7869.0,13.46,13.94,15.41,15604.0
2025-04-25,23,12796.0,3.91,10.01,4798.0,2001.0,6965.0,11.17,11.69,12.8,13763.0
2025-04-26,0,9151.0,3.96,6.59,3818.0,401.0,3685.0,6.06,6.72,6.94,7905.0
2025-04-26,1,8736.0,4.17,6.24,3653.0,216.0,3312.0,5.76,6.43,6.56,7181.0
2025-04-26,2,8535.0,4.39,6.08,3542.0,200.0,3186.0,5.79,6.46,6.57,6928.0
2025-04-26,3,8343.0,4.6,5.9,3581.0,195.0,3225.0,6.0,6.67,6.78,7001.0
2025-04-26,4,11380.0,4.85,5.09,3848.0,1107.0,4709.0,7.86,8.47,8.94,9664.0
2025-04-26,5,13103.0,4.94,5.6,4523.0,1908.0,6619.0,11.16,11.69,12.67,13051.0
2025-04-26,6,15460.0,4.95,8.29,5627.0,2305.0,8180.0,14.7,15.18,16.78,16112.0
2025-04-26,7,14668.0,4.73,11.08,6120.0,2514.0,8916.0,16.39,16.84,18.77,17550.0
2025-04-26,8,14370.0,4.32,11.08,6328.0,2552.0,9137.0,16.5,16.95,18.98,18017.0
2025-04-26,9,14200.0,3.84,11.14,6326.0,2574.0,9158.0,16.5,16.96,18.98,18058.0
2025-04-26,10,14121.0,3.4,11.24,5882.0,2405.0,8543.0,14.71,15.2,16.93,16830.0
2025-04-26,11,13798.0,3.25,10.94,4884.0,1958.0,7007.0,11.08,11.64,12.76,13848.0
2025-04-26,12,13754.0,3.39,10.79,4335.0,1696.0,6146.0,9.26,9.86,10.69,12178.0
2025-04-26,13,14061.0,3.62,10.17,4303.0,1718.0,6165.0,9.24,9.83,10.66,12186.0
2025-04-26,14,14799.0,3.93,9.57,4364.0,1755.0,6266.0,9.3,9.89,10.75,12385.0
2025-04-26,15,14828.0,4.27,9.56,4363.0,1762.0,6280.0,9.33,9.92,10.79,12405.0
2025-04-26,16,14808.0,4.6,9.56,4347.0,1796.0,6314.0,9.42,10.0,10.89,12456.0
2025-04-26,17,14677.0,4.83,9.39,5061.0,2120.0,7400.0,12.05,12.58,13.89,14581.0
2025-04-26,18,14634.0,4.66,9.28,5838.0,2435.0,8589.0,15.23,15.7,17.48,16861.0
2025-04-26,19,14495.0,4.39,9.19,5783.0,2346.0,8705.0,15.12,15.61,17.31,16833.0
2025-04-26,20,13582.0,4.04,9.78,5790.0,2346.0,8719.0,15.05,15.53,17.24,16855.0
2025-04-26,21,13628.0,3.67,9.82,5540.0,2278.0,8374.0,14.51,15.0,16.56,16192.0
2025-04-26,22,12218.0,3.34,10.88,5030.0,2159.0,7777.0,12.94,13.45,14.77,14967.0
2025-04-26,23,11085.0,3.04,9.7,4431.0,1935.0,6876.0,10.67,11.21,12.2,13242.0
2025-04-27,0,9565.0,3.02,6.34,3541.0,508.0,3846.0,6.13,6.79,7.07,7894.0
2025-04-27,1,9122.0,3.27,5.14,3521.0,257.0,3438.0,5.67,6.35,6.55,7215.0
2025-04-27,2,9210.0,3.54,5.12,3351.0,228.0,3271.0,5.7,6.37,6.54,6850.0
2025-04-27,3,10863.0,3.94,4.62,3410.0,196.0,3263.0,5.94,6.6,6.79,6869.0
2025-04-27,4,12021.0,4.41,4.77,3671.0,1093.0,4904.0,7.79,8.39,8.83,9667.0
2025-04-27,5,14276.0,4.65,5.59,4434.0,1923.0,6754.0,10.96,11.5,12.48,13110.0
2025-04-27,6,16484.0,4.83,7.86,5332.0,2223.0,7969.0,14.18,14.68,16.1,15525.0
2025-04-27,7,15987.0,4.85,9.65,5986.0,2485.0,8972.0,16.1,16.57,18.38,17443.0
2025-04-27,8,14729.0,4.57,10.59,6204.0,2556.0,9251.0,16.35,16.82,18.74,18011.0
2025-04-27,9,14624.0,4.16,10.77,6266.0,2577.0,9356.0,16.46,16.93,18.87,18199.0
2025-04-27,10,14568.0,3.79,10.86,5846.0,2346.0,8621.0,14.59,15.09,16.73,16814.0
2025-04-27,11,14498.0,3.71,10.83,4851.0,1902.0,7063.0,10.88,11.46,12.51,13816.0
2025-04-27,12,14142.0,3.94,11.09,4441.0,1725.0,6435.0,9.35,9.94,10.79,12600.0
2025-04-27,13,13420.0,4.12,11.12,4404.0,1720.0,6427.0,9.35,9.95,10.79,12551.0
2025-04-27,14,13248.0,4.24,10.84,4421.0,1705.0,6437.0,9.37,9.96,10.8,12563.0
2025-04-27,15,13421.0,4.38,10.94,4367.0,1684.0,6352.0,9.31,9.89,10.72,12403.0
2025-04-27,16,13495.0,4.55,10.95,4391.0,1693.0,6377.0,9.4,9.97,10.82,12461.0
2025-04-27,17,13750.0,4.61,11.25,5240.0,2025.0,7624.0,12.25,12.79,14.08,14889.0
2025-04-27,18,12875.0,4.28,10.19,5930.0,2297.0,8649.0,14.96,15.45,17.13,16877.0
2025-04-27,19,12891.0,3.81,10.17,5949.0,2268.0,8591.0,14.96,15.46,17.12,16807.0
2025-04-27,20,12845.0,3.33,10.06,5924.0,2317.0,8652.0,14.97,15.45,17.11,16893.0
2025-04-27,21,13329.0,2.92,10.69,5729.0,2273.0,8375.0,14.55,15.03,16.59,16376.0
2025-04-27,22,13012.0,2.61,10.28,5312.0,2147.0,7871.0,13.22,13.72,15.06,15329.0
2025-04-27,23,12751.0,2.45,9.99,4674.0,1893.0,6947.0,10.9,11.44,12.45,13515.0
2025-04-28,0,10117.0,2.55,5.55,3856.0,352.0,3825.0,6.04,6.7,6.91,8033.0
2025-04-28,1,10442.0,2.94,4.39,3702.0,148.0,3410.0,5.75,6.42,6.55,7260.0
2025-04-28,2,10198.0,3.37,4.28,3611.0,-2.0,3299.0,5.85,6.53,6.63,6908.0
2025-04-28,3,10277.0,3.81,4.29,3636.0,-4.0,3295.0,6.02,6.69,6.8,6927.0
2025-04-28,4,11076.0,4.11,4.53,3897.0,1149.0,5152.0,8.11,8.72,9.18,10198.0
2025-04-28,5,14796.0,4.34,7.59,4452.0,1758.0,6605.0,10.99,11.54,12.42,12814.0
2025-04-28,6,15027.0,4.44,9.59,5565.0,2164.0,8207.0,14.03,14.53,16.03,15937.0
2025-04-28,7,14815.0,4.2,9.5,6169.0,2393.0,9098.0,15.26,15.74,17.61,17659.0
2025-04-28,8,14609.0,3.82,9.63,6320.0,2332.0,9153.0,15.33,15.84,17.73,17805.0
2025-04-28,9,14522.0,3.45,9.61,6164.0,2267.0,8869.0,15.18,15.69,17.46,17300.0
2025-04-28,10,14513.0,3.15,9.55,5928.0,2161.0,8518.0,14.22,14.74,16.36,16606.0
2025-04-28,11,14629.0,3.01,9.85,5137.0,1904.0,7447.0,11.59,12.16,13.36,14488.0
2025-04-28,12,14781.0,3.19,8.95,4428.0,1653.0,6427.0,9.34,9.94,10.79,12508.0
2025-04-28,13,15629.0,3.61,8.81,4259.0,1648.0,6261.0,9.18,9.79,10.59,12168.0
2025-04-28,14,15680.0,4.09,8.87,4226.0,1663.0,6252.0,9.17,9.77,10.57,12140.0
2025-04-28,15,15806.0,4.59,8.9,4220.0,1678.0,6236.0,9.18,9.79,10.59,12134.0
2025-04-28,16,15928.0,5.09,8.96,4384.0,1722.0,6446.0,9.42,10.01,10.89,12552.0
2025-04-28,17,14143.0,5.34,9.64,5209.0,2085.0,7744.0,12.27,12.8,14.12,15038.0
2025-04-28,18,13328.0,5.01,9.35,5790.0,2322.0,8636.0,14.58,15.08,16.75,16748.0
2025-04-28,19,13786.0,4.63,9.75,5690.0,2277.0,8504.0,14.5,15.0,16.62,16470.0
2025-04-28,20,13860.0,4.31,9.78,5675.0,2286.0,8529.0,14.39,14.88,16.51,16490.0
2025-04-28,21,13369.0,3.97,9.3,5617.0,2288.0,8449.0,14.42,14.91,16.5,16355.0
2025-04-28,22,13122.0,3.67,9.05,4025.0,2555.0,7677.0,13.39,13.83,15.0,14257.0
2025-04-28,23,13269.0,3.71,9.15,3018.0,2283.0,6413.0,10.78,11.25,12.01,11713.0
2025-04-29,0,9771.0,4.06,6.38,2665.0,691.0,3311.0,6.02,6.67,6.87,6666.0
2025-04-29,1,9514.0,4.45,6.15,2641.0,566.0,3067.0,5.84,6.5,6.66,6274.0
2025-04-29,2,9633.0,4.87,6.2,3004.0,432.0,3190.0,5.95,6.62,6.79,6625.0
2025-04-29,3,9671.0,5.22,6.54,3584.0,162.0,3426.0,6.13,6.81,6.93,7173.0
2025-04-29,4,8835.0,5.38,7.3,3673.0,1039.0,4820.0,7.67,8.28,8.69,9532.0
2025-04-29,5,10873.0,5.19,7.27,4339.0,1850.0,6608.0,10.86,11.4,12.33,12798.0
2025-04-29,6,13477.0,4.92,7.35,5601.0,2300.0,8398.0,14.2,14.69,16.28,16299.0
2025-04-29,7,15110.0,4.58,8.52,6071.0,2506.0,9089.0,15.45,15.92,17.78,17666.0
2025-04-29,8,14218.0,4.24,8.73,6082.0,2469.0,9023.0,15.32,15.8,17.64,17574.0
2025-04-29,9,13867.0,3.82,8.74,5958.0,2412.0,8835.0,15.2,15.69,17.43,17205.0
2025-04-29,10,13799.0,3.45,8.9,5702.0,2301.0,8424.0,14.24,14.75,16.31,16427.0
2025-04-29,11,13760.0,3.27,8.97,4842.0,1960.0,7154.0,11.29,11.85,12.94,13955.0
2025-04-29,12,13921.0,3.43,9.02,4246.0,1689.0,6180.0,9.01,9.61,10.38,12115.0
2025-04-29,13,14086.0,3.7,9.15,4220.0,1670.0,6164.0,9.01,9.61,10.38,12053.0
2025-04-29,14,14211.0,4.0,9.21,4235.0,1653.0,6158.0,9.04,9.63,10.4,12047.0
2025-04-29,15,14517.0,4.33,9.42,4238.0,1632.0,6125.0,9.05,9.65,10.42,11996.0
2025-04-29,16,14565.0,4.69,9.39,4279.0,1671.0,6269.0,9.32,9.9,10.71,12219.0
2025-04-29,17,14410.0,4.92,9.16,4923.0,1937.0,7247.0,11.81,12.35,13.49,14107.0
2025-04-29,18,14264.0,4.82,8.96,5587.0,2190.0,8181.0,14.15,14.65,16.15,15959.0
2025-04-29,19,14190.0,4.62,8.88,5636.0,2201.0,8253.0,14.16,14.66,16.18,16089.0
2025-04-29,20,14458.0,4.42,9.08,5675.0,2217.0,8299.0,14.17,14.66,16.2,16191.0
2025-04-29,21,14322.0,4.22,8.99,5693.0,2221.0,8296.0,14.16,14.66,16.18,16210.0
2025-04-29,22,14079.0,4.04,9.18,5410.0,2141.0,7907.0,13.18,13.69,15.06,15458.0
2025-04-29,23,13311.0,3.99,9.2,4494.0,1832.0,6660.0,10.45,10.99,11.92,12986.0
2025-04-30,0,9610.0,4.17,6.18,3689.0,364.0,3626.0,6.03,6.69,6.87,7678.0
2025-04-30,1,9171.0,4.47,5.89,3568.0,189.0,3318.0,5.77,6.44,6.54,7075.0
2025-04-30,2,9127.0,4.76,5.83,3609.0,165.0,3267.0,5.83,6.5,6.61,7041.0
2025-04-30,3,9056.0,5.06,5.79,3627.0,182.0,3342.0,6.06,6.73,6.85,7151.0
2025-04-30,4,9523.0,5.22,6.13,3847.0,1108.0,4988.0,7.96,8.56,9.0,9943.0
2025-04-30,5,10347.0,5.01,6.68,4578.0,1796.0,6716.0,11.09,11.63,12.56,13090.0
2025-04-30,6,13202.0,4.66,8.08,5661.0,2188.0,8268.0,14.22,14.71,16.25,16117.0
2025-04-30,7,14165.0,4.3,8.85,6155.0,2353.0,8945.0,15.19,15.67,17.48,17453.0
2025-04-30,8,14225.0,3.89,9.2,6109.0,2342.0,8881.0,15.24,15.73,17.49,17332.0
2025-04-30,9,14962.0,3.61,9.97,5880.0,2267.0,8597.0,14.85,15.36,17.0,16744.0
2025-04-30,10,14921.0,3.43,9.95,5570.0,2167.0,8219.0,14.02,14.54,16.02,15956.0
2025-04-30,11,14907.0,3.44,9.97,4820.0,1855.0,7079.0,11.33,11.91,12.97,13754.0
2025-04-30,12,14961.0,3.75,9.95,4201.0,1602.0,6172.0,9.14,9.75,10.51,11974.0
2025-04-30,13,14717.0,4.14,9.66,4198.0,1616.0,6208.0,9.09,9.69,10.46,12022.0
2025-04-30,14,14841.0,4.51,9.8,4189.0,1610.0,6192.0,9.13,9.74,10.5,11991.0
2025-04-30,15,14552.0,4.91,10.07,4154.0,1598.0,6119.0,9.16,9.75,10.51,11872.0
2025-04-30,16,12623.0,5.15,11.17,4191.0,1618.0,6141.0,9.18,9.78,10.56,11950.0
2025-04-30,17,11944.0,5.08,10.89,5011.0,1935.0,7333.0,11.8,12.36,13.54,14279.0
2025-04-30,18,11768.0,4.65,10.59,5515.0,2155.0,8113.0,14.05,14.57,16.04,15783.0
2025-04-30,19,11725.0,4.14,10.47,5538.0,2176.0,8144.0,14.11,14.63,16.1,15858.0
2025-04-30,20,11683.0,3.61,10.38,5539.0,2242.0,8292.0,14.16,14.66,16.18,16073.0
2025-04-30,21,11907.0,3.08,10.63,5427.0,2185.0,8096.0,14.1,14.6,16.05,15709.0
2025-04-30,22,12177.0,2.66,11.0,5053.0,2121.0,7750.0,12.91,13.43,14.73,14924.0
2025-04-30,23,15730.0,2.67,9.71,4394.0,1865.0,6761.0,10.42,10.96,11.92,13020.0
2025-05-01,0,11484.0,3.13,6.75,3551.0,384.0,3702.0,6.0,6.67,6.92,7637.0
2025-05-01,1,11193.0,3.66,7.44,3380.0,227.0,3322.0,5.68,6.35,6.53,6929.0
2025-05-01,2,11310.0,4.22,7.53,3292.0,240.0,3237.0,5.71,6.38,6.55,6770.0
2025-05-01,3,10372.0,4.77,8.03,3370.0,242.0,3329.0,5.87,6.55,6.73,6940.0
2025-05-01,4,11356.0,5.15,9.76,3540.0,1067.0,4788.0,7.66,8.27,8.67,9395.0
2025-05-01,5,11405.0,5.22,9.83,4136.0,1805.0,6466.0,10.72,11.26,12.13,12408.0
2025-05-01,6,13732.0,5.07,10.87,5158.0,2148.0,7819.0,14.12,14.61,15.98,15124.0
2025-05-01,7,14547.0,4.87,10.51,5689.0,2386.0,8640.0,15.82,16.29,17.97,16714.0
2025-05-01,8,13907.0,4.5,8.13,5968.0,2491.0,9067.0,16.28,16.75,18.62,17526.0
2025-05-01,9,14566.0,4.1,9.74,6040.0,2480.0,9076.0,16.28,16.76,18.63,17596.0
2025-05-01,10,14476.0,3.81,9.79,5397.0,2248.0,8169.0,14.03,14.53,16.02,15814.0
2025-05-01,11,14459.0,3.83,9.96,4485.0,1819.0,6691.0,10.47,11.04,11.98,12995.0
2025-05-01,12,14481.0,4.13,10.02,4167.0,1646.0,6076.0,9.06,9.66,10.41,11890.0
2025-05-01,13,14702.0,4.49,10.2,4263.0,1667.0,6170.0,9.09,9.7,10.48,12100.0
2025-05-01,14,14741.0,4.85,10.26,4221.0,1684.0,6187.0,9.1,9.7,10.48,12092.0
2025-05-01,15,12653.0,5.11,11.28,4203.0,1663.0,6101.0,9.12,9.73,10.49,11966.0
2025-05-01,16,12713.0,5.21,11.31,4273.0,1687.0,6203.0,9.25,9.85,10.64,12162.0
2025-05-01,17,12805.0,5.21,11.42,5094.0,2001.0,7391.0,12.07,12.62,13.82,14486.0
2025-05-01,18,12556.0,4.85,11.05,5685.0,2269.0,8356.0,14.64,15.15,16.7,16310.0
2025-05-01,19,11655.0,4.32,8.83,5808.0,2277.0,8462.0,14.77,15.27,16.87,16546.0
2025-05-01,20,12362.0,3.74,8.05,5890.0,2334.0,8656.0,14.99,15.47,17.15,16880.0
2025-05-01,21,12581.0,3.24,8.17,5604.0,2247.0,8288.0,14.39,14.89,16.42,16139.0
2025-05-01,22,13883.0,2.97,9.25,5191.0,2109.0,7752.0,12.9,13.41,14.73,15052.0
2025-05-01,23,13730.0,2.95,9.1,4497.0,1853.0,6726.0,10.46,11.01,11.96,13075.0
2025-05-02,0,10507.0,3.23,6.83,3641.0,315.0,3552.0,5.8,6.47,6.63,7508.0
2025-05-02,1,9755.0,3.61,6.31,3631.0,186.0,3347.0,5.73,6.41,6.52,7164.0
2025-05-02,2,10012.0,4.0,6.39,3547.0,167.0,3264.0,5.83,6.5,6.61,6978.0
2025-05-02,3,11465.0,4.49,5.62,3705.0,169.0,3358.0,6.1,6.77,6.89,7232.0
2025-05-02,4,12521.0,5.05,5.42,3831.0,1069.0,4689.0,7.68,8.3,8.78,9589.0
2025-05-02,5,13021.0,5.26,7.09,4574.0,1831.0,6601.0,11.09,11.63,12.58,13006.0
2025-05-02,6,13594.0,5.18,9.7,5400.0,2093.0,7814.0,13.87,14.38,15.74,15307.0
2025-05-02,7,13452.0,4.86,9.41,5949.0,2344.0,8719.0,15.17,15.63,17.34,17012.0
2025-05-02,8,14024.0,4.47,8.7,5993.0,2314.0,8693.0,15.1,15.59,17.29,17000.0
2025-05-02,9,14329.0,4.15,9.05,5860.0,2237.0,8466.0,14.79,15.28,16.88,16562.0
2025-05-02,10,14362.0,3.94,9.05,5595.0,2139.0,8137.0,13.89,14.41,15.87,15871.0
2025-05-02,11,14566.0,3.87,9.3,5057.0,1917.0,7281.0,11.55,12.1,13.24,14256.0
2025-05-02,12,14235.0,4.09,9.09,4247.0,1602.0,6134.0,9.08,9.67,10.43,11983.0
2025-05-02,13,14344.0,4.42,9.23,4153.0,1572.0,6052.0,9.03,9.63,10.37,11777.0
2025-05-02,14,14636.0,4.79,9.51,4177.0,1571.0,6054.0,9.01,9.62,10.36,11802.0
2025-05-02,15,13698.0,5.15,9.66,4120.0,1551.0,6001.0,9.04,9.65,10.38,11672.0
2025-05-02,16,12451.0,5.31,9.65,4209.0,1607.0,6181.0,9.25,9.85,10.63,11997.0
2025-05-02,17,11814.0,5.21,9.37,5006.0,1925.0,7341.0,11.83,12.37,13.55,14272.0
2025-05-02,18,11768.0,4.76,9.25,5564.0,2174.0,8267.0,14.26,14.78,16.3,16005.0
2025-05-02,19,11750.0,4.22,9.19,5603.0,2212.0,8320.0,14.25,14.75,16.29,16134.0
2025-05-02,20,11728.0,3.65,9.15,5629.0,2216.0,8350.0,14.23,14.73,16.28,16195.0
2025-05-02,21,11640.0,3.11,9.06,5545.0,2211.0,8228.0,14.25,14.75,16.24,15984.0
2025-05-02,22,11511.0,2.57,8.91,5317.0,2218.0,8076.0,13.28,13.78,15.2,15611.0
2025-05-02,23,12345.0,2.23,8.36,4552.0,1962.0,6998.0,10.6,11.13,12.16,13512.0
2025-05-03,0,10710.0,2.38,5.78,3677.0,222.0,3665.0,5.85,6.52,6.77,7564.0
2025-05-03,1,12555.0,2.95,5.2,3586.0,149.0,3496.0,5.79,6.46,6.67,7232.0
2025-05-03,2,12946.0,3.7,5.12,3382.0,196.0,3289.0,5.8,6.47,6.68,6867.0
2025-05-03,3,13028.0,4.5,5.12,3468.0,267.0,3386.0,6.08,6.76,7.0,7122.0
2025-05-03,4,11657.0,5.06,5.54,3628.0,1154.0,4841.0,7.74,8.35,8.86,9622.0
2025-05-03,5,12509.0,5.17,5.95,4218.0,1827.0,6549.0,10.83,11.37,12.28,12595.0
2025-05-03,6,13664.0,5.08,7.41,5111.0,2163.0,7844.0,14.12,14.61,15.97,15118.0
2025-05-03,7,13603.0,4.8,7.78,5618.0,2378.0,8636.0,15.86,16.32,18.0,16633.0
2025-05-03,8,13382.0,4.38,7.66,5875.0,2448.0,8923.0,16.08,16.54,18.34,17247.0
2025-05-03,9,13194.0,3.87,7.6,5944.0,2478.0,9019.0,16.18,16.64,18.48,17441.0
2025-05-03,10,12983.0,3.38,7.57,5533.0,2279.0,8362.0,14.27,14.77,16.33,16175.0
2025-05-03,11,12833.0,3.17,7.47,4511.0,1847.0,6795.0,10.59,11.15,12.13,13153.0
2025-05-03,12,12951.0,3.25,7.35,4098.0,1666.0,6151.0,9.18,9.77,10.54,11915.0
2025-05-03,13,13304.0,3.42,7.1,4121.0,1689.0,6169.0,9.09,9.68,10.46,11979.0
2025-05-03,14,13380.0,3.61,7.14,4128.0,1703.0,6196.0,9.07,9.66,10.44,12027.0
2025-05-03,15,13792.0,3.83,6.87,4165.0,1696.0,6185.0,9.08,9.68,10.45,12046.0
2025-05-03,16,13846.0,4.09,6.92,4250.0,1710.0,6246.0,9.25,9.84,10.64,12206.0
2025-05-03,17,13899.0,4.21,6.91,5110.0,2058.0,7531.0,12.23,12.77,14.01,14699.0
2025-05-03,18,14496.0,4.02,8.33,5740.0,2316.0,8440.0,14.96,15.45,17.05,16496.0
2025-05-03,19,13361.0,3.77,10.64,5655.0,2258.0,8272.0,14.71,15.2,16.73,16186.0
2025-05-03,20,13647.0,3.45,10.92,5623.0,2263.0,8299.0,14.66,15.15,16.68,16184.0
2025-05-03,21,13231.0,3.19,11.96,5472.0,2174.0,8015.0,14.15,14.65,16.07,15661.0
2025-05-03,22,12815.0,2.92,11.74,5103.0,2064.0,7547.0,12.73,13.24,14.49,14714.0
2025-05-03,23,12870.0,2.82,11.84,4358.0,1830.0,6560.0,10.35,10.89,11.79,12748.0
2025-05-04,0,10097.0,3.05,8.41,3585.0,215.0,3480.0,5.79,6.46,6.63,7280.0
2025-05-04,1,10326.0,3.45,7.08,3547.0,189.0,3342.0,5.75,6.42,6.54,7077.0
2025-05-04,2,10652.0,3.92,6.6,3466.0,179.0,3244.0,5.76,6.43,6.53,6889.0
2025-05-04,3,11064.0,4.46,5.84,3459.0,154.0,3222.0,5.9,6.57,6.66,6835.0
2025-05-04,4,11976.0,4.97,5.66,3684.0,1009.0,4573.0,7.59,8.21,8.59,9267.0
2025-05-04,5,12553.0,5.14,5.93,4343.0,1836.0,6418.0,10.76,11.31,12.18,12597.0
2025-05-04,6,15319.0,5.16,8.03,5306.0,2128.0,7840.0,14.12,14.63,15.99,15274.0
2025-05-04,7,14741.0,5.09,10.64,5908.0,2308.0,8621.0,15.69,16.18,17.84,16837.0
2025-05-04,8,14581.0,4.77,10.68,6246.0,2432.0,9102.0,16.12,16.6,18.46,17780.0
2025-05-04,9,14229.0,4.36,10.5,6288.0,2460.0,9161.0,16.2,16.69,18.56,17910.0
2025-05-04,10,14018.0,3.97,10.27,5760.0,2241.0,8365.0,14.25,14.76,16.3,16366.0
2025-05-04,11,13918.0,3.87,9.97,4860.0,1817.0,6936.0,10.78,11.34,12.36,13612.0
2025-05-04,12,13921.0,4.08,9.92,4320.0,1567.0,6102.0,9.19,9.78,10.53,11989.0
2025-05-04,13,13968.0,4.38,9.79,4309.0,1582.0,6110.0,9.13,9.71,10.47,12000.0
2025-05-04,14,14017.0,4.66,9.97,4288.0,1597.0,6137.0,9.09,9.68,10.45,12022.0
2025-05-04,15,12582.0,4.87,8.66,4331.0,1605.0,6185.0,9.11,9.7,10.48,12122.0
2025-05-04,16,12079.0,4.91,8.23,4362.0,1630.0,6267.0,9.34,9.91,10.73,12260.0
2025-05-04,17,11780.0,4.78,7.93,5101.0,1968.0,7449.0,12.17,12.71,13.92,14518.0
2025-05-04,18,11872.0,4.32,7.97,5614.0,2187.0,8274.0,14.54,15.03,16.56,16075.0
2025-05-04,19,13644.0,3.89,9.58,5703.0,2196.0,8375.0,14.66,15.15,16.72,16274.0
2025-05-04,20,13853.0,3.61,9.76,5617.0,2216.0,8345.0,14.62,15.11,16.67,16178.0
2025-05-04,21,14363.0,3.4,10.22,5331.0,2105.0,7960.0,13.95,14.45,15.86,15396.0
2025-05-04,22,14752.0,3.36,10.63,4996.0,2018.0,7511.0,12.71,13.22,14.45,14525.0
2025-05-04,23,15101.0,3.53,10.97,4369.0,1795.0,6628.0,10.35,10.89,11.82,12793.0
2025-05-05,0,11358.0,3.99,7.96,3596.0,292.0,3644.0,5.96,6.62,6.86,7532.0
2025-05-05,1,10365.0,4.43,7.55,3454.0,201.0,3303.0,5.76,6.44,6.61,6958.0
2025-05-05,2,10632.0,4.91,7.78,3334.0,208.0,3186.0,5.76,6.43,6.59,6728.0
2025-05-05,3,8804.0,5.29,10.19,3425.0,361.0,3505.0,6.25,6.91,7.12,7291.0
2025-05-05,4,8823.0,5.35,7.86,3626.0,1316.0,5130.0,8.1,8.69,9.23,10073.0
2025-05-05,5,11194.0,5.17,7.35,4390.0,1863.0,6653.0,11.06,11.6,12.56,12905.0
2025-05-05,6,12038.0,4.8,7.98,5327.0,2198.0,8052.0,14.26,14.76,16.19,15577.0
2025-05-05,7,12669.0,4.32,8.65,5917.0,2422.0,8912.0,15.89,16.37,18.17,17251.0
2025-05-05,8,13542.0,3.75,7.89,6107.0,2499.0,9241.0,16.31,16.79,18.73,17847.0
2025-05-05,9,13492.0,3.2,7.68,6153.0,2527.0,9301.0,16.44,16.92,18.88,17982.0
2025-05-05,10,13245.0,2.71,7.5,5498.0,2270.0,8355.0,14.16,14.68,16.23,16124.0
2025-05-05,11,13027.0,2.51,7.36,4596.0,1861.0,6924.0,10.68,11.26,12.28,13381.0
2025-05-05,12,14064.0,2.66,7.05,4095.0,1649.0,6146.0,9.08,9.67,10.45,11890.0
2025-05-05,13,14574.0,2.99,9.24,4110.0,1675.0,6221.0,9.15,9.76,10.55,12006.0
2025-05-05,14,14405.0,3.31,9.03,4186.0,1713.0,6345.0,9.15,9.75,10.57,12245.0
2025-05-05,15,14552.0,3.62,9.09,4181.0,1696.0,6275.0,9.18,9.78,10.58,12152.0
2025-05-05,16,15344.0,3.99,9.72,4208.0,1742.0,6335.0,9.34,9.92,10.74,12284.0
2025-05-05,17,14775.0,4.28,10.07,5018.0,2104.0,7610.0,12.2,12.73,13.99,14733.0
2025-05-05,18,13802.0,4.05,10.44,5703.0,2353.0,8575.0,14.79,15.29,16.94,16631.0
2025-05-05,19,13832.0,3.7,10.43,5765.0,2343.0,8544.0,14.78,15.28,16.92,16652.0
2025-05-05,20,13881.0,3.35,10.45,5897.0,2384.0,8700.0,14.88,15.37,17.08,16980.0
2025-05-05,21,13911.0,3.02,10.49,5654.0,2296.0,8352.0,14.29,14.79,16.36,16302.0
2025-05-05,22,13824.0,2.79,10.35,5314.0,2213.0,7956.0,13.04,13.55,14.96,15484.0
2025-05-05,23,13773.0,2.74,10.33,4457.0,1944.0,6810.0,10.59,11.14,12.13,13210.0
2025-05-06,0,10686.0,3.0,5.68,3696.0,334.0,3593.0,5.83,6.51,6.66,7622.0
2025-05-06,1,10945.0,3.48,4.9,3562.0,217.0,3368.0,5.74,6.42,6.53,7147.0
2025-05-06,2,10689.0,4.0,4.73,3513.0,183.0,3269.0,5.83,6.51,6.6,6965.0
2025-05-06,3,10566.0,4.47,4.69,3614.0,174.0,3354.0,6.08,6.76,6.86,7142.0
2025-05-06,4,12464.0,4.88,5.07,3714.0,1143.0,4751.0,7.72,8.34,8.84,9608.0
2025-05-06,5,12314.0,5.13,7.55,4366.0,1797.0,6558.0,10.89,11.44,12.36,12721.0
2025-05-06,6,13932.0,4.98,9.18,5450.0,2167.0,8045.0,13.83,14.33,15.79,15662.0
2025-05-06,7,14058.0,4.7,9.56,5892.0,2325.0,8689.0,14.89,15.39,17.1,16907.0
2025-05-06,8,13924.0,4.39,9.43,5708.0,2246.0,8403.0,14.64,15.15,16.73,16358.0
2025-05-06,9,13810.0,4.12,9.53,5673.0,2201.0,8227.0,14.48,14.97,16.49,16101.0
2025-05-06,10,13816.0,3.87,9.63,5501.0,2165.0,8038.0,13.7,14.22,15.65,15703.0
2025-05-06,11,14186.0,3.78,10.19,4841.0,1849.0,6956.0,11.07,11.63,12.68,13647.0
2025-05-06,12,14280.0,4.02,10.38,4239.0,1624.0,6099.0,9.08,9.67,10.43,11963.0
2025-05-06,13,14353.0,4.36,10.48,4244.0,1600.0,6057.0,9.02,9.62,10.36,11902.0
2025-05-06,14,14473.0,4.71,10.6,4247.0,1591.0,6048.0,9.03,9.63,10.36,11885.0
2025-05-06,15,13399.0,5.03,11.53,4244.0,1583.0,6023.0,9.04,9.65,10.37,11850.0
2025-05-06,16,13223.0,5.21,12.62,4318.0,1615.0,6140.0,9.24,9.84,10.59,12073.0
2025-05-06,17,13176.0,5.28,12.61,5065.0,1909.0,7267.0,11.61,12.17,13.3,14241.0
2025-05-06,18,13171.0,5.03,12.48,5627.0,2142.0,8142.0,13.92,14.44,15.9,15911.0
2025-05-06,19,13498.0,4.73,12.89,5631.0,2174.0,8208.0,14.0,14.5,15.99,16013.0
2025-05-06,20,13017.0,4.38,12.17,5678.0,2258.0,8446.0,14.15,14.64,16.22,16381.0
2025-05-06,21,13074.0,3.98,12.28,5597.0,2213.0,8326.0,14.13,14.63,16.18,16135.0
2025-05-06,22,12646.0,3.63,11.63,5141.0,2105.0,7800.0,12.95,13.47,14.81,15045.0
2025-05-06,23,12693.0,3.46,11.69,4476.0,1839.0,6734.0,10.59,11.13,12.11,13049.0
2025-05-07,0,9158.0,3.58,6.73,3595.0,326.0,3626.0,5.91,6.58,6.82,7546.0
2025-05-07,1,8648.0,3.79,5.87,3528.0,173.0,3349.0,5.66,6.34,6.52,7050.0
2025-05-07,2,8784.0,4.02,5.95,3441.0,160.0,3262.0,5.69,6.36,6.53,6862.0
2025-05-07,3,9659.0,4.31,5.73,3465.0,197.0,3360.0,5.95,6.63,6.81,7022.0
2025-05-07,4,11100.0,4.65,5.34,3731.0,1012.0,4883.0,7.74,8.36,8.78,9627.0
2025-05-07,5,14222.0,4.81,5.86,4388.0,1841.0,6663.0,10.84,11.38,12.33,12891.0
2025-05-07,6,14685.0,4.87,7.71,5381.0,2170.0,8036.0,13.76,14.26,15.71,15586.0
2025-05-07,7,14954.0,4.69,9.01,5851.0,2364.0,8761.0,14.95,15.44,17.17,16976.0
2025-05-07,8,15076.0,4.45,9.32,5900.0,2368.0,8789.0,15.04,15.53,17.28,17058.0
2025-05-07,9,14933.0,4.23,9.19,5701.0,2304.0,8509.0,14.85,15.35,16.97,16514.0
2025-05-07,10,13585.0,4.04,10.14,5384.0,2152.0,8067.0,13.76,14.29,15.74,15603.0
2025-05-07,11,13195.0,3.84,10.84,4658.0,1906.0,6857.0,11.18,11.75,12.8,13422.0
2025-05-07,12,13464.0,3.98,11.08,4047.0,1688.0,5948.0,9.16,9.76,10.52,11683.0
2025-05-07,13,13794.0,4.24,11.42,4025.0,1691.0,5927.0,9.15,9.74,10.5,11643.0
2025-05-07,14,12840.0,4.46,10.29,4095.0,1693.0,6000.0,9.12,9.72,10.5,11788.0
2025-05-07,15,12762.0,4.58,10.17,4090.0,1708.0,6008.0,9.13,9.72,10.51,11806.0
2025-05-07,16,12772.0,4.71,10.18,4173.0,1730.0,6066.0,9.12,9.71,10.52,11969.0
2025-05-07,17,12796.0,4.72,10.11,4923.0,2044.0,7168.0,11.61,12.16,13.36,14134.0
2025-05-07,18,12744.0,4.39,10.03,5624.0,2336.0,8145.0,14.08,14.58,16.18,16105.0
2025-05-07,19,12797.0,3.98,10.01,5609.0,2337.0,8115.0,14.13,14.62,16.22,16062.0
2025-05-07,20,12753.0,3.54,9.95,5770.0,2376.0,8291.0,14.22,14.71,16.37,16437.0
2025-05-07,21,12715.0,3.1,9.88,5632.0,2353.0,8159.0,14.24,14.73,16.34,16144.0
2025-05-07,22,13845.0,2.79,8.88,5274.0,2253.0,7704.0,13.15,13.65,15.05,15231.0
2025-05-07,23,14075.0,2.78,8.99,4601.0,1990.0,6727.0,10.74,11.27,12.3,13318.0
2025-05-08,0,10152.0,3.01,6.08,3674.0,426.0,3602.0,5.89,6.56,6.75,7703.0
2025-05-08,1,9946.0,3.39,5.96,3549.0,283.0,3274.0,5.64,6.32,6.44,7106.0
2025-05-08,2,9638.0,3.76,5.77,3446.0,281.0,3191.0,5.66,6.33,6.44,6918.0
2025-05-08,3,11619.0,4.24,5.15,3597.0,273.0,3299.0,5.99,6.67,6.8,7169.0
2025-05-08,4,11222.0,4.73,4.84,3808.0,1078.0,4574.0,7.61,8.23,8.66,9460.0
2025-05-08,5,11383.0,4.72,4.91,4570.0,1973.0,6526.0,10.97,11.5,12.49,13069.0
2025-05-08,6,15245.0,4.58,6.48,5618.0,2278.0,8028.0,13.92,14.41,15.94,15924.0
2025-05-08,7,16850.0,4.56,7.28,6060.0,2472.0,8677.0,15.04,15.51,17.34,17209.0
2025-05-08,8,16223.0,4.52,7.54,6072.0,2470.0,8716.0,15.2,15.67,17.52,17257.0
2025-05-08,9,14457.0,4.28,8.89,6063.0,2410.0,8593.0,15.05,15.54,17.33,17067.0
2025-05-08,10,14355.0,4.0,9.31,5795.0,2268.0,8158.0,14.16,14.68,16.25,16221.0
2025-05-08,11,13709.0,3.88,9.73,4934.0,1955.0,6942.0,11.21,11.78,12.87,13831.0
2025-05-08,12,14081.0,4.06,9.28,4327.0,1709.0,6072.0,9.2,9.8,10.59,12108.0
2025-05-08,13,14182.0,4.34,9.2,4419.0,1703.0,6102.0,9.2,9.8,10.61,12224.0
2025-05-08,14,14716.0,4.67,9.61,4346.0,1683.0,6046.0,9.22,9.81,10.6,12075.0
2025-05-08,15,13770.0,5.03,10.26,4360.0,1691.0,6031.0,9.25,9.84,10.63,12082.0
2025-05-08,16,12002.0,5.14,11.16,4387.0,1676.0,6057.0,9.3,9.88,10.69,12119.0
2025-05-08,17,11563.0,5.0,11.2,5151.0,1933.0,7345.0,11.76,12.3,13.48,14428.0
2025-05-08,18,11968.0,4.55,10.54,5613.0,2142.0,8116.0,13.91,14.42,15.88,15870.0
2025-05-08,19,12405.0,4.12,10.43,5610.0,2148.0,8159.0,13.89,14.4,15.87,15917.0
2025-05-08,20,12378.0,3.67,10.37,5747.0,2196.0,8314.0,13.92,14.42,15.96,16256.0
2025-05-08,21,12459.0,3.22,10.43,5635.0,2171.0,8190.0,13.95,14.45,15.93,15996.0
2025-05-08,22,12612.0,2.84,10.63,5222.0,2094.0,7806.0,12.92,13.43,14.77,15122.0
2025-05-08,23,14109.0,2.75,10.41,4528.0,1818.0,6750.0,10.56,11.11,12.08,13096.0
2025-05-09,0,12363.0,3.19,7.33,3724.0,267.0,3716.0,5.92,6.59,6.84,7707.0
2025-05-09,1,12506.0,3.84,7.07,3590.0,192.0,3441.0,5.77,6.44,6.67,7224.0
2025-05-09,2,12756.0,4.56,7.25,3477.0,204.0,3294.0,5.73,6.41,6.63,6975.0
2025-05-09,3,10495.0,5.27,9.23,3484.0,222.0,3299.0,6.02,6.7,6.93,7005.0
2025-05-09,4,9041.0,5.34,10.04,3721.0,1303.0,5088.0,8.12,8.73,9.26,10111.0
2025-05-09,5,11812.0,5.26,8.99,4400.0,1844.0,6602.0,10.82,11.36,12.27,12846.0
2025-05-09,6,14189.0,5.12,9.37,5552.0,2236.0,8306.0,14.31,14.8,16.32,16093.0
2025-05-09,7,14335.0,4.74,10.19,6229.0,2530.0,9348.0,16.28,16.74,18.71,18107.0
2025-05-09,8,14121.0,4.22,10.17,6358.0,2589.0,9526.0,16.52,16.98,19.03,18473.0
2025-05-09,9,14005.0,3.66,9.96,6344.0,2559.0,9464.0,16.61,17.08,19.09,18368.0
2025-05-09,10,15136.0,3.24,8.86,5742.0,2322.0,8590.0,14.5,15.02,16.66,16653.0
2025-05-09,11,15102.0,3.31,9.44,4603.0,1823.0,6823.0,10.61,11.2,12.17,13249.0
2025-05-09,12,14307.0,3.64,9.78,4109.0,1638.0,6134.0,9.02,9.64,10.38,11880.0
2025-05-09,13,14464.0,3.96,9.78,4155.0,1675.0,6249.0,9.11,9.72,10.49,12078.0
2025-05-09,14,14064.0,4.27,9.45,4131.0,1692.0,6256.0,9.12,9.71,10.49,12079.0
2025-05-09,15,14304.0,4.54,9.55,4124.0,1683.0,6249.0,9.13,9.73,10.5,12057.0
2025-05-09,16,14352.0,4.83,9.54,4285.0,1740.0,6443.0,9.41,10.0,10.85,12468.0
2025-05-09,17,14367.0,4.96,9.49,5096.0,2064.0,7642.0,12.24,12.78,14.05,14802.0
2025-05-09,18,14013.0,4.75,9.92,5732.0,2351.0,8643.0,14.82,15.33,16.99,16727.0
2025-05-09,19,13603.0,4.39,9.94,5636.0,2314.0,8491.0,14.71,15.21,16.82,16441.0
2025-05-09,20,13663.0,4.03,9.92,5751.0,2375.0,8667.0,14.77,15.26,16.95,16793.0
2025-05-09,21,13691.0,3.68,9.94,5543.0,2288.0,8315.0,14.24,14.74,16.29,16146.0
2025-05-09,22,13748.0,3.46,9.97,5177.0,2211.0,7856.0,12.99,13.5,14.87,15244.0
2025-05-09,23,12987.0,3.35,8.94,4474.0,1962.0,6861.0,10.64,11.18,12.19,13297.0
2025-05-10,0,10797.0,3.55,5.98,3634.0,331.0,3612.0,5.81,6.49,6.65,7577.0
2025-05-10,1,11474.0,4.08,5.96,3566.0,236.0,3386.0,5.71,6.4,6.5,7188.0
2025-05-10,2,11311.0,4.67,5.89,3471.0,216.0,3247.0,5.73,6.42,6.51,6935.0
2025-05-10,3,10403.0,5.21,5.99,3532.0,206.0,3291.0,5.97,6.65,6.75,7030.0
2025-05-10,4,9643.0,5.47,6.45,3817.0,1164.0,4836.0,7.79,8.41,8.91,9817.0
2025-05-10,5,10572.0,5.3,6.94,4443.0,1852.0,6589.0,10.68,11.23,12.15,12885.0
2025-05-10,6,13689.0,5.07,9.51,5289.0,2170.0,7870.0,14.1,14.61,15.98,15329.0
2025-05-10,7,14454.0,4.84,10.27,5930.0,2390.0,8769.0,15.88,16.36,18.09,17088.0
2025-05-10,8,14411.0,4.49,10.19,6109.0,2429.0,9003.0,15.97,16.44,18.28,17542.0
2025-05-10,9,14229.0,4.1,10.15,6148.0,2423.0,9057.0,15.94,16.43,18.28,17628.0
2025-05-10,10,14136.0,3.73,10.26,5778.0,2215.0,8389.0,14.12,14.64,16.21,16383.0
2025-05-10,11,14176.0,3.64,10.37,4805.0,1806.0,6909.0,10.66,11.24,12.25,13520.0
2025-05-10,12,14280.0,3.87,10.5,4341.0,1632.0,6223.0,9.12,9.72,10.51,12197.0
2025-05-10,13,14298.0,4.17,10.55,4362.0,1629.0,6219.0,9.05,9.66,10.44,12210.0
2025-05-10,14,15337.0,4.51,9.94,4482.0,1700.0,6261.0,9.13,9.73,10.57,12442.0
2025-05-10,15,15292.0,4.96,9.99,4465.0,1723.0,6180.0,9.22,9.81,10.64,12368.0
2025-05-10,16,13981.0,5.25,10.81,4875.0,1918.0,6808.0,10.09,10.65,11.71,13602.0
2025-05-10,17,7128.0,4.63,4.81,6105.0,2449.0,8624.0,13.62,14.09,15.89,17178.0
2025-05-10,18,13081.0,3.55,5.25,6390.0,2509.0,8917.0,14.85,15.29,17.23,17817.0
2025-05-10,19,17293.0,3.48,9.88,6169.0,2459.0,8681.0,15.09,15.53,17.37,17310.0
2025-05-10,20,16528.0,3.51,10.12,5886.0,2339.0,8315.0,14.84,15.3,16.98,16541.0
2025-05-10,21,16234.0,3.59,9.88,5572.0,2167.0,7794.0,14.18,14.66,16.13,15533.0
2025-05-10,22,16890.0,3.82,10.52,5222.0,2074.0,7382.0,12.94,13.44,14.75,14678.0
2025-05-10,23,17574.0,4.29,11.16,4569.0,1877.0,6576.0,10.85,11.37,12.37,13021.0
2025-05-11,0,11220.0,4.87,10.74,3763.0,562.0,3866.0,6.49,7.12,7.45,8191.0
2025-05-11,1,7806.0,5.12,11.79,3533.0,251.0,3196.0,5.73,6.4,6.59,6979.0
2025-05-11,2,7180.0,5.2,13.04,3470.0,253.0,3140.0,5.76,6.42,6.6,6864.0
2025-05-11,3,6942.0,5.25,12.49,3475.0,242.0,3116.0,5.91,6.57,6.75,6833.0
2025-05-11,4,9690.0,5.29,9.81,3718.0,1080.0,4726.0,7.78,8.39,8.83,9524.0
2025-05-11,5,11117.0,5.27,7.35,4310.0,1718.0,6412.0,10.59,11.14,12.02,12440.0
2025-05-11,6,14071.0,5.13,9.36,5188.0,2034.0,7637.0,13.71,14.23,15.53,14859.0
2025-05-11,7,14277.0,4.98,10.56,5733.0,2224.0,8396.0,15.39,15.88,17.46,16353.0
2025-05-11,8,13683.0,4.66,10.76,5946.0,2327.0,8799.0,15.71,16.19,17.93,17071.0
2025-05-11,9,13899.0,4.23,11.46,6087.0,2392.0,9011.0,15.96,16.44,18.25,17490.0
2025-05-11,10,13862.0,3.83,11.66,5649.0,2239.0,8417.0,14.25,14.76,16.31,16306.0
2025-05-11,11,13784.0,3.71,11.5,4761.0,1826.0,7003.0,10.79,11.36,12.38,13591.0
2025-05-11,12,13764.0,3.85,11.44,4289.0,1633.0,6306.0,9.29,9.89,10.7,12228.0
2025-05-11,13,12988.0,4.02,10.36,4264.0,1664.0,6306.0,9.3,9.88,10.69,12234.0
2025-05-11,14,12937.0,4.13,10.36,4216.0,1656.0,6255.0,9.22,9.81,10.61,12127.0
2025-05-11,15,13667.0,4.31,9.97,4202.0,1672.0,6218.0,9.13,9.71,10.5,12091.0
2025-05-11,16,13508.0,4.54,9.74,4214.0,1666.0,6269.0,9.31,9.89,10.7,12149.0
2025-05-11,17,12373.0,4.55,8.69,4953.0,1949.0,7308.0,11.77,12.31,13.49,14210.0
2025-05-11,18,12636.0,4.19,8.91,5631.0,2247.0,8365.0,14.48,14.98,16.55,16244.0
2025-05-11,19,12322.0,3.74,8.58,5661.0,2270.0,8446.0,14.5,14.99,16.6,16377.0
2025-05-11,20,11820.0,3.19,7.95,5548.0,2272.0,8372.0,14.52,15.01,16.58,16192.0
2025-05-11,21,13137.0,2.76,8.85,5306.0,2182.0,8038.0,14.08,14.58,16.01,15527.0
2025-05-11,22,13539.0,2.57,9.25,4827.0,2029.0,7448.0,12.85,13.37,14.57,14304.0
2025-05-11,23,13646.0,2.58,9.36,4326.0,1911.0,6813.0,10.8,11.33,12.31,13050.0
2025-05-12,0,11025.0,2.82,5.42,3543.0,409.0,3810.0,6.16,6.81,7.03,7762.0
2025-05-12,1,10544.0,3.27,5.02,3427.0,177.0,3357.0,5.74,6.41,6.53,6960.0
2025-05-12,2,11135.0,3.78,5.26,3338.0,165.0,3258.0,5.76,6.43,6.53,6761.0
2025-05-12,3,11428.0,4.37,5.12,3350.0,167.0,3277.0,5.91,6.58,6.68,6795.0
2025-05-12,4,11689.0,4.85,5.22,3563.0,1075.0,4878.0,7.75,8.36,8.77,9516.0
2025-05-12,5,13364.0,4.98,6.0,4267.0,1879.0,6668.0,10.98,11.52,12.39,12814.0
2025-05-12,6,14826.0,5.01,8.63,5270.0,2218.0,7989.0,14.23,14.72,16.14,15477.0
2025-05-12,7,13908.0,4.79,10.03,5852.0,2419.0,8818.0,15.82,16.3,18.06,17089.0
2025-05-12,8,13883.0,4.37,10.06,5969.0,2482.0,9004.0,15.97,16.45,18.26,17455.0
2025-05-12,9,13833.0,3.93,10.0,5944.0,2492.0,8981.0,16.03,16.5,18.31,17418.0
2025-05-12,10,13752.0,3.56,9.9,5447.0,2266.0,8211.0,14.03,14.53,16.03,15924.0
2025-05-12,11,13810.0,3.45,10.11,4622.0,1907.0,6898.0,10.6,11.16,12.17,13427.0
2025-05-12,12,13901.0,3.63,10.23,4218.0,1713.0,6240.0,9.19,9.78,10.58,12170.0
2025-05-12,13,13739.0,3.88,9.86,4178.0,1684.0,6139.0,9.15,9.72,10.5,12001.0
2025-05-12,14,13682.0,4.13,9.74,4189.0,1677.0,6144.0,9.04,9.61,10.39,12010.0
2025-05-12,15,12707.0,4.31,8.6,4245.0,1694.0,6196.0,9.09,9.66,10.47,12135.0
2025-05-12,16,12820.0,4.41,8.67,4346.0,1728.0,6326.0,9.26,9.82,10.66,12400.0
2025-05-12,17,12836.0,4.39,8.65,5039.0,2044.0,7457.0,11.95,12.47,13.7,14539.0
2025-05-12,18,12858.0,4.06,8.66,5702.0,2312.0,8434.0,14.68,15.16,16.76,16448.0
2025-05-12,19,12750.0,3.62,8.57,5811.0,2318.0,8525.0,14.7,15.17,16.8,16655.0
2025-05-12,20,12655.0,3.14,8.46,5769.0,2336.0,8594.0,14.75,15.23,16.87,16699.0
2025-05-12,21,13776.0,2.75,7.64,5477.0,2234.0,8145.0,14.11,14.59,16.07,15857.0
2025-05-12,22,13920.0,2.62,7.16,4957.0,2061.0,7485.0,12.84,13.34,14.57,14503.0
2025-05-12,23,14815.0,2.7,7.77,4392.0,1859.0,6667.0,10.52,11.05,11.98,12918.0
2025-05-13,0,11889.0,3.19,6.88,3557.0,393.0,3627.0,6.02,6.67,6.92,7577.0
2025-05-13,1,10408.0,3.69,6.11,3497.0,174.0,3278.0,5.67,6.34,6.52,6948.0
2025-05-13,2,10919.0,4.18,6.03,3504.0,164.0,3240.0,5.85,6.51,6.69,6908.0
2025-05-13,3,11329.0,4.72,5.95,3632.0,278.0,3562.0,6.27,6.93,7.16,7472.0
2025-05-13,4,11605.0,5.15,7.22,3712.0,1205.0,5033.0,8.0,8.6,9.11,9950.0
2025-05-13,5,12980.0,5.27,8.81,4428.0,1789.0,6525.0,10.88,11.42,12.34,12742.0
2025-05-13,6,14060.0,5.24,10.05,5287.0,2096.0,7816.0,13.62,14.13,15.47,15199.0
2025-05-13,7,13855.0,5.02,9.84,5763.0,2255.0,8391.0,14.58,15.08,16.65,16409.0
2025-05-13,8,13736.0,4.71,9.78,5816.0,2237.0,8422.0,14.61,15.11,16.7,16474.0
2025-05-13,9,13985.0,4.42,10.34,5775.0,2232.0,8370.0,14.57,15.07,16.65,16377.0
2025-05-13,10,12705.0,4.09,10.56,5590.0,2153.0,8053.0,13.67,14.19,15.64,15796.0
2025-05-13,11,13451.0,3.85,11.63,4993.0,1934.0,7196.0,11.19,11.75,12.87,14123.0
2025-05-13,12,13741.0,3.96,12.07,4389.0,1689.0,6291.0,9.21,9.79,10.61,12369.0
2025-05-13,13,13611.0,4.2,11.97,4294.0,1649.0,6127.0,8.98,9.57,10.34,12070.0
2025-05-13,14,13601.0,4.45,11.92,4167.0,1580.0,5984.0,9.03,9.62,10.34,11731.0
2025-05-13,15,13652.0,4.74,11.93,4185.0,1552.0,5954.0,8.99,9.59,10.3,11691.0
2025-05-13,16,13365.0,5.03,11.62,4175.0,1570.0,5995.0,9.14,9.74,10.45,11739.0
2025-05-13,17,12261.0,5.07,10.27,5008.0,1883.0,7205.0,11.65,12.2,13.32,14095.0
2025-05-13,18,12269.0,4.7,10.22,5606.0,2136.0,8173.0,13.98,14.49,15.97,15915.0
2025-05-13,19,12245.0,4.26,10.1,5606.0,2159.0,8193.0,13.97,14.48,15.98,15958.0
2025-05-13,20,12889.0,3.82,9.19,5642.0,2221.0,8351.0,14.08,14.57,16.14,16213.0
2025-05-13,21,13327.0,3.45,9.12,5462.0,2200.0,8211.0,14.03,14.52,16.03,15873.0
2025-05-13,22,13773.0,3.2,9.54,5118.0,2146.0,7804.0,13.0,13.5,14.84,15068.0
2025-05-13,23,15199.0,3.26,11.01,4418.0,1857.0,6746.0,10.58,11.12,12.09,13021.0
2025-05-14,0,10714.0,3.69,6.91,3587.0,227.0,3501.0,5.85,6.52,6.66,7316.0
2025-05-14,1,10840.0,4.16,6.99,3450.0,142.0,3269.0,5.79,6.46,6.56,6861.0
2025-05-14,2,11260.0,4.75,8.69,3351.0,150.0,3170.0,5.88,6.55,6.64,6671.0
2025-05-14,3,9559.0,5.22,9.34,3404.0,169.0,3206.0,6.06,6.73,6.82,6779.0
2025-05-14,4,8449.0,5.39,7.57,3581.0,1119.0,4639.0,7.79,8.41,8.86,9339.0
2025-05-14,5,9847.0,5.16,8.11,4192.0,1699.0,6254.0,10.77,11.32,12.16,12144.0
2025-05-14,6,13368.0,4.89,9.67,5408.0,2157.0,7977.0,13.77,14.27,15.69,15541.0
2025-05-14,7,14031.0,4.6,9.67,5873.0,2346.0,8673.0,14.88,15.37,17.06,16892.0
2025-05-14,8,13990.0,4.26,9.68,5752.0,2262.0,8479.0,14.75,15.25,16.87,16493.0
2025-05-14,9,14129.0,4.0,9.81,5493.0,2186.0,8149.0,14.37,14.87,16.36,15828.0
2025-05-14,10,14089.0,3.87,9.78,5162.0,2058.0,7629.0,13.15,13.66,14.95,14849.0
2025-05-14,11,14224.0,3.89,9.87,4542.0,1798.0,6731.0,10.97,11.51,12.49,13070.0
2025-05-14,12,12753.0,4.07,11.21,4042.0,1593.0,5966.0,9.16,9.73,10.46,11601.0
2025-05-14,13,14200.0,4.32,10.92,3998.0,1578.0,5938.0,9.09,9.66,10.39,11514.0
2025-05-14,14,14853.0,4.74,9.8,3940.0,1565.0,5872.0,9.02,9.6,10.3,11377.0
2025-05-14,15,12389.0,5.09,11.84,3894.0,1568.0,5877.0,9.01,9.59,10.3,11339.0
2025-05-14,16,11090.0,5.13,11.68,3912.0,1545.0,5851.0,8.87,9.46,10.16,11308.0
2025-05-14,17,11725.0,4.98,9.48,4539.0,1835.0,6864.0,10.81,11.38,12.39,13238.0
2025-05-14,18,15270.0,4.92,8.16,5262.0,2120.0,7909.0,13.31,13.83,15.2,15291.0
2025-05-14,19,14214.0,4.86,7.11,5346.0,2159.0,8036.0,13.35,13.85,15.28,15541.0
2025-05-14,20,15519.0,4.76,7.59,5438.0,2201.0,8145.0,13.36,13.86,15.33,15784.0
2025-05-14,21,16780.0,4.84,8.45,5198.0,2137.0,7853.0,13.33,13.84,15.21,15188.0
2025-05-14,22,11583.0,5.01,7.57,4857.0,2027.0,7376.0,12.44,12.96,14.14,14259.0
2025-05-14,23,5694.0,4.19,5.9,4334.0,1885.0,6695.0,10.68,11.21,12.18,12914.0
2025-05-15,0,5625.0,3.61,5.57,3530.0,401.0,3695.0,6.09,6.74,7.0,7626.0
2025-05-15,1,5664.0,3.43,5.39,3442.0,177.0,3278.0,5.69,6.35,6.53,6897.0
2025-05-15,2,9508.0,3.45,10.97,3223.0,237.0,3101.0,5.78,6.43,6.57,6562.0
2025-05-15,3,12029.0,4.07,14.12,3274.0,267.0,3155.0,6.03,6.69,6.84,6696.0
2025-05-15,4,13755.0,4.86,13.03,3302.0,877.0,4170.0,7.14,7.77,8.04,8349.0
2025-05-15,5,12182.0,5.25,12.87,3893.0,1642.0,5855.0,9.81,10.38,11.06,11390.0
2025-05-15,6,12314.0,5.2,10.7,5117.0,2075.0,7578.0,12.89,13.41,14.68,14769.0
2025-05-15,7,12304.0,4.78,9.4,5634.0,2271.0,8342.0,14.18,14.68,16.24,16247.0
2025-05-15,8,12110.0,4.29,9.26,5738.0,2286.0,8403.0,14.13,14.64,16.22,16427.0
2025-05-15,9,11959.0,3.75,9.37,5690.0,2243.0,8323.0,14.13,14.65,16.17,16256.0
2025-05-15,10,11829.0,3.26,9.45,5395.0,2146.0,7918.0,13.49,14.02,15.4,15459.0
2025-05-15,11,12032.0,2.91,9.08,4863.0,1901.0,7080.0,11.39,11.95,12.99,13845.0
2025-05-15,12,13745.0,2.97,7.87,4268.0,1644.0,6163.0,9.2,9.8,10.55,12075.0
2025-05-15,13,13847.0,3.24,7.86,4201.0,1608.0,6066.0,9.21,9.81,10.54,11874.0
2025-05-15,14,14638.0,3.56,8.31,4106.0,1586.0,5973.0,9.06,9.65,10.36,11665.0
2025-05-15,15,16306.0,4.12,9.51,4061.0,1572.0,5923.0,9.05,9.63,10.33,11556.0
2025-05-15,16,15067.0,4.69,10.55,4159.0,1601.0,6040.0,9.02,9.61,10.35,11800.0
2025-05-15,17,14833.0,5.03,10.82,4752.0,1837.0,6909.0,10.89,11.45,12.48,13498.0
2025-05-15,18,14063.0,5.03,11.32,5476.0,2083.0,7911.0,13.22,13.75,15.15,15471.0
2025-05-15,19,13621.0,4.84,10.95,5569.0,2120.0,8002.0,13.2,13.72,15.14,15691.0
2025-05-15,20,12448.0,4.53,9.68,5638.0,2178.0,8139.0,13.26,13.76,15.23,15955.0
2025-05-15,21,11018.0,4.02,9.36,5598.0,2179.0,8066.0,13.4,13.9,15.34,15842.0
2025-05-15,22,11215.0,3.49,9.85,5097.0,2018.0,7455.0,12.54,13.06,14.26,14570.0
2025-05-15,23,11774.0,3.27,14.08,4254.0,1729.0,6308.0,10.37,10.92,11.74,12292.0
2025-05-16,0,9576.0,3.42,9.12,3578.0,334.0,3504.0,5.97,6.63,6.78,7416.0
2025-05-16,1,9834.0,3.8,9.75,3465.0,189.0,3169.0,5.72,6.39,6.47,6822.0
2025-05-16,2,11381.0,4.3,12.12,3362.0,183.0,3071.0,5.73,6.4,6.47,6615.0
2025-05-16,3,9359.0,4.89,15.37,3433.0,177.0,3132.0,5.93,6.6,6.67,6742.0
2025-05-16,4,9413.0,5.11,9.97,3593.0,659.0,3933.0,6.92,7.56,7.79,8184.0
2025-05-16,5,11140.0,5.15,7.04,4331.0,1736.0,6236.0,10.09,10.64,11.45,12304.0
2025-05-16,6,13567.0,4.94,7.71,5601.0,2097.0,8014.0,13.12,13.62,15.02,15713.0
2025-05-16,7,15032.0,4.79,10.08,5803.0,2219.0,8411.0,13.98,14.48,16.05,16433.0
2025-05-16,8,14343.0,4.58,10.3,5790.0,2241.0,8446.0,14.05,14.55,16.12,16476.0
2025-05-16,9,14173.0,4.33,10.29,5680.0,2204.0,8283.0,14.01,14.52,16.05,16167.0
2025-05-16,10,14097.0,4.12,10.28,5437.0,2156.0,7752.0,13.54,14.05,15.47,15345.0
2025-05-16,11,14092.0,4.1,9.98,4703.0,1815.0,6612.0,11.13,11.68,12.67,13130.0
2025-05-16,12,12490.0,4.33,11.18,3986.0,1547.0,5616.0,8.9,9.47,10.16,11148.0
2025-05-16,13,12436.0,4.49,10.19,4049.0,1600.0,5761.0,8.92,9.49,10.22,11409.0
2025-05-16,14,13536.0,4.68,9.41,4118.0,1603.0,5833.0,9.0,9.58,10.34,11555.0
2025-05-16,15,13104.0,4.95,10.34,4032.0,1582.0,5718.0,9.03,9.61,10.34,11332.0
2025-05-16,16,12133.0,5.14,11.19,4085.0,1626.0,5814.0,9.02,9.59,10.35,11525.0
2025-05-16,17,12033.0,5.16,11.17,4575.0,1842.0,6569.0,10.72,11.27,12.28,12987.0
2025-05-16,18,12685.0,4.92,9.87,5356.0,2147.0,7636.0,13.25,13.76,15.15,15139.0
2025-05-16,19,12645.0,4.62,9.79,5395.0,2151.0,7698.0,13.29,13.8,15.2,15245.0
2025-05-16,20,12597.0,4.29,9.7,5416.0,2189.0,7791.0,13.29,13.79,15.23,15396.0
2025-05-16,21,12019.0,3.94,9.12,5312.0,2175.0,7655.0,13.33,13.83,15.22,15143.0
2025-05-16,22,12675.0,3.61,9.8,5003.0,2079.0,7263.0,12.74,13.25,14.49,14345.0
2025-05-16,23,13065.0,3.54,10.15,4466.0,1912.0,6591.0,10.94,11.46,12.46,12969.0
2025-05-17,0,9570.0,3.69,6.79,3502.0,343.0,3416.0,5.92,6.58,6.84,7262.0
2025-05-17,1,9574.0,4.03,6.79,3341.0,241.0,3126.0,5.69,6.36,6.57,6707.0
2025-05-17,2,9476.0,4.41,6.71,3193.0,235.0,3012.0,5.71,6.37,6.57,6440.0
2025-05-17,3,9717.0,4.81,6.78,3241.0,245.0,3051.0,5.95,6.61,6.81,6537.0
2025-05-17,4,9786.0,5.12,6.68,3491.0,871.0,4283.0,7.22,7.85,8.22,8645.0
2025-05-17,5,12119.0,5.2,7.53,4031.0,1713.0,6183.0,9.95,10.51,11.3,11927.0
2025-05-17,6,13170.0,5.14,9.22,5030.0,2074.0,7638.0,13.28,13.8,15.09,14741.0
2025-05-17,7,13844.0,4.81,9.35,5775.0,2378.0,8732.0,15.12,15.61,17.32,16885.0
2025-05-17,8,14186.0,4.43,9.88,5943.0,2422.0,8941.0,15.26,15.75,17.55,17306.0
2025-05-17,9,14060.0,4.03,10.0,5881.0,2422.0,8923.0,15.34,15.83,17.61,17226.0
2025-05-17,10,13856.0,3.68,9.88,5529.0,2218.0,8240.0,13.69,14.22,15.72,15987.0
2025-05-17,11,12971.0,3.5,9.0,4737.0,1917.0,7057.0,10.94,11.5,12.56,13711.0
2025-05-17,12,13532.0,3.58,8.37,4263.0,1687.0,6271.0,9.19,9.78,10.59,12221.0
2025-05-17,13,13496.0,3.76,8.35,4232.0,1702.0,6259.0,9.13,9.73,10.52,12193.0
2025-05-17,14,13972.0,3.99,7.86,4223.0,1710.0,6232.0,9.12,9.71,10.49,12164.0
2025-05-17,15,13980.0,4.26,7.84,4211.0,1689.0,6159.0,9.06,9.64,10.41,12059.0
2025-05-17,16,13988.0,4.54,7.83,4190.0,1661.0,6127.0,8.98,9.56,10.32,11978.0
2025-05-17,17,13957.0,4.71,7.75,5002.0,2013.0,7357.0,11.58,12.12,13.29,14373.0
2025-05-17,18,13351.0,4.52,7.97,5523.0,2210.0,8074.0,13.58,14.08,15.53,15807.0
2025-05-17,19,13014.0,4.21,7.67,5510.0,2192.0,8071.0,13.56,14.07,15.52,15773.0
2025-05-17,20,12932.0,3.85,7.58,5591.0,2230.0,8220.0,13.69,14.2,15.71,16041.0
2025-05-17,21,13207.0,3.53,7.81,5276.0,2143.0,7793.0,13.12,13.63,14.98,15212.0
2025-05-17,22,13648.0,3.43,8.68,4782.0,1968.0,7128.0,12.04,12.57,13.67,13878.0
2025-05-17,23,13368.0,3.48,9.21,4269.0,1802.0,6457.0,10.22,10.77,11.66,12528.0
2025-05-18,0,9257.0,3.7,5.89,3539.0,234.0,3444.0,5.85,6.52,6.65,7217.0
2025-05-18,1,10164.0,4.03,5.58,3577.0,179.0,3357.0,5.72,6.4,6.5,7113.0
2025-05-18,2,10834.0,4.51,5.95,3486.0,95.0,3212.0,5.75,6.42,6.52,6792.0
2025-05-18,3,10907.0,5.06,6.56,3545.0,163.0,3263.0,5.97,6.64,6.73,6971.0
2025-05-18,4,10315.0,5.46,7.95,3688.0,892.0,4355.0,7.24,7.87,8.26,8935.0
2025-05-18,5,10241.0,5.39,7.12,4358.0,1820.0,6435.0,10.26,10.81,11.69,12613.0
2025-05-18,6,13066.0,5.1,8.87,5345.0,2131.0,7811.0,13.63,14.13,15.47,15287.0
2025-05-18,7,14093.0,4.84,9.85,5849.0,2277.0,8471.0,14.87,15.36,16.97,16596.0
2025-05-18,8,13892.0,4.5,9.73,6132.0,2363.0,8830.0,15.18,15.66,17.42,17325.0
2025-05-18,9,13790.0,4.06,9.83,6280.0,2406.0,9079.0,15.3,15.78,17.65,17765.0
2025-05-18,10,13626.0,3.6,9.89,5932.0,2248.0,8533.0,13.86,14.38,16.02,16713.0
2025-05-18,11,13600.0,3.4,9.86,5004.0,1860.0,7116.0,10.72,11.3,12.39,13981.0
2025-05-18,12,13559.0,3.5,9.58,4477.0,1646.0,6331.0,9.17,9.77,10.6,12454.0
2025-05-18,13,13797.0,3.71,9.34,4418.0,1618.0,6245.0,9.15,9.75,10.54,12281.0
2025-05-18,14,13847.0,3.95,9.26,4379.0,1604.0,6210.0,9.17,9.76,10.54,12193.0
2025-05-18,15,13927.0,4.2,9.26,4399.0,1607.0,6239.0,9.16,9.74,10.53,12244.0
2025-05-18,16,13480.0,4.41,8.88,4301.0,1620.0,6239.0,9.04,9.63,10.42,12160.0
2025-05-18,17,13422.0,4.5,8.86,5096.0,1929.0,7367.0,11.52,12.08,13.25,14393.0
2025-05-18,18,13362.0,4.26,8.81,5576.0,2154.0,8173.0,13.69,14.21,15.69,15903.0
2025-05-18,19,13812.0,3.96,9.12,5614.0,2157.0,8240.0,13.66,14.17,15.69,16011.0
2025-05-18,20,13823.0,3.68,9.14,5677.0,2197.0,8328.0,13.73,14.22,15.78,16202.0
2025-05-18,21,13825.0,3.43,9.09,5428.0,2112.0,7980.0,13.21,13.72,15.14,15521.0
2025-05-18,22,13898.0,3.33,9.17,4843.0,1927.0,7196.0,12.04,12.57,13.7,13965.0
2025-05-18,23,13763.0,3.44,9.45,4195.0,1730.0,6338.0,10.24,10.8,11.65,12264.0
2025-05-19,0,10919.0,3.83,7.18,3463.0,246.0,3401.0,5.83,6.51,6.69,7110.0
2025-05-19,1,10737.0,4.31,7.03,3423.0,161.0,3221.0,5.68,6.36,6.52,6805.0
2025-05-19,2,10166.0,4.8,8.37,3469.0,165.0,3217.0,5.92,6.6,6.75,6851.0
2025-05-19,3,8895.0,5.18,10.11,3359.0,172.0,3144.0,6.09,6.76,6.91,6675.0
2025-05-19,4,8061.0,5.31,9.36,3545.0,1032.0,4633.0,7.56,8.18,8.6,9209.0
2025-05-19,5,10037.0,5.03,7.27,4281.0,1775.0,6433.0,10.32,10.88,11.77,12489.0
2025-05-19,6,13461.0,4.78,9.27,5276.0,2103.0,7853.0,13.01,13.53,14.89,15232.0
2025-05-19,7,13864.0,4.53,9.66,5613.0,2230.0,8322.0,13.97,14.47,16.03,16166.0
2025-05-19,8,13776.0,4.24,9.65,5577.0,2230.0,8325.0,13.91,14.42,15.97,16132.0
2025-05-19,9,13687.0,3.96,9.69,5409.0,2221.0,8199.0,13.89,14.41,15.9,15829.0
2025-05-19,10,13654.0,3.72,9.59,5171.0,2126.0,7833.0,13.25,13.79,15.13,15130.0
2025-05-19,11,13549.0,3.61,9.63,4624.0,1883.0,6975.0,11.17,11.74,12.76,13483.0
2025-05-19,12,13770.0,3.78,9.88,4027.0,1623.0,6038.0,9.03,9.63,10.36,11688.0
2025-05-19,13,14083.0,4.07,10.23,3991.0,1619.0,5984.0,9.0,9.61,10.3,11595.0
2025-05-19,14,14914.0,4.46,10.95,3983.0,1618.0,5955.0,9.04,9.64,10.33,11555.0
2025-05-19,15,13252.0,4.83,12.49,3947.0,1610.0,5901.0,9.06,9.65,10.33,11458.0
2025-05-19,16,12886.0,5.04,12.2,4069.0,1665.0,6061.0,9.02,9.61,10.34,11795.0
2025-05-19,17,12675.0,5.1,11.85,4721.0,1919.0,6997.0,10.99,11.54,12.59,13637.0
2025-05-19,18,12661.0,4.84,11.82,5391.0,2163.0,7933.0,13.24,13.76,15.14,15486.0
2025-05-19,19,11986.0,4.47,10.9,5408.0,2189.0,7997.0,13.19,13.7,15.12,15594.0
2025-05-19,20,11692.0,4.0,10.46,5538.0,2244.0,8177.0,13.29,13.79,15.29,15959.0
2025-05-19,21,11469.0,3.48,10.19,5405.0,2204.0,7979.0,13.36,13.86,15.28,15588.0
2025-05-19,22,11399.0,3.02,10.08,5234.0,2148.0,7703.0,12.74,13.25,14.57,15085.0
2025-05-19,23,13221.0,2.74,9.99,4546.0,1899.0,6785.0,10.75,11.29,12.28,13230.0
2025-05-20,0,9187.0,2.96,5.63,3668.0,142.0,3374.0,5.96,6.64,6.77,7184.0
2025-05-20,1,9469.0,3.31,5.25,3573.0,-6.0,3041.0,5.71,6.39,6.46,6608.0
2025-05-20,2,9525.0,3.74,5.28,3409.0,12.0,2948.0,5.73,6.41,6.46,6369.0
2025-05-20,3,10772.0,4.21,4.86,3434.0,1.0,3149.0,5.95,6.63,6.71,6583.0
2025-05-20,4,11077.0,4.72,4.48,3659.0,678.0,4037.0,6.98,7.63,7.85,8374.0
2025-05-20,5,13118.0,4.89,5.22,4371.0,1773.0,6323.0,10.16,10.71,11.56,12467.0
2025-05-20,6,16891.0,5.11,7.69,5563.0,2163.0,8118.0,13.28,13.8,15.26,15844.0
2025-05-20,7,15601.0,5.1,9.43,5956.0,2360.0,8763.0,14.42,14.91,16.62,17078.0
2025-05-20,8,13566.0,4.83,10.33,5906.0,2305.0,8601.0,14.42,14.92,16.56,16812.0
2025-05-20,9,13422.0,4.45,10.43,5721.0,2215.0,8328.0,14.15,14.67,16.2,16264.0
2025-05-20,10,13657.0,4.18,10.8,5513.0,2085.0,7866.0,13.42,13.95,15.29,15464.0
2025-05-20,11,13743.0,4.11,11.11,4791.0,1776.0,6760.0,10.83,11.41,12.36,13327.0
2025-05-20,12,13516.0,4.31,11.13,4242.0,1647.0,5885.0,8.92,9.53,10.27,11774.0
2025-05-20,13,13579.0,4.56,11.3,4296.0,1687.0,5941.0,8.97,9.58,10.33,11924.0
2025-05-20,14,13835.0,4.83,11.57,4211.0,1653.0,5889.0,8.99,9.6,10.34,11753.0
2025-05-20,15,11099.0,5.01,11.54,4149.0,1598.0,5773.0,8.87,9.47,10.17,11520.0
2025-05-20,16,11439.0,4.95,10.02,4218.0,1551.0,5995.0,8.85,9.44,10.17,11764.0
2025-05-20,17,11983.0,4.88,10.7,4879.0,1833.0,6996.0,10.91,11.46,12.52,13708.0
2025-05-20,18,13290.0,4.65,10.54,5383.0,2055.0,7808.0,13.16,13.68,15.04,15246.0
2025-05-20,19,13277.0,4.41,10.51,5473.0,2087.0,7965.0,13.15,13.67,15.08,15525.0
2025-05-20,20,11991.0,4.06,9.15,5631.0,2133.0,8168.0,13.32,13.83,15.31,15932.0
2025-05-20,21,11350.0,3.52,8.07,5391.0,2152.0,8048.0,13.41,13.91,15.34,15590.0
2025-05-20,22,11347.0,3.04,7.47,5097.0,2058.0,7668.0,12.85,13.37,14.65,14823.0
2025-05-20,23,12678.0,2.77,8.67,4512.0,1833.0,6780.0,10.88,11.43,12.4,13125.0
2025-05-21,0,10482.0,3.01,6.85,3558.0,171.0,3587.0,6.06,6.72,6.95,7316.0
2025-05-21,1,9991.0,3.41,6.48,3382.0,140.0,3194.0,5.76,6.43,6.63,6715.0
2025-05-21,2,10725.0,3.91,7.0,3414.0,141.0,3136.0,5.85,6.53,6.72,6691.0
2025-05-21,3,11913.0,4.51,6.37,3409.0,124.0,3159.0,6.04,6.72,6.92,6693.0
2025-05-21,4,11960.0,5.1,6.14,3637.0,964.0,4630.0,7.56,8.18,8.6,9231.0
2025-05-21,5,12440.0,5.28,8.14,4281.0,1758.0,6433.0,10.35,10.91,11.8,12472.0
2025-05-21,6,12836.0,5.06,8.79,5576.0,2197.0,8280.0,13.48,13.99,15.52,16053.0
2025-05-21,7,14416.0,4.71,10.33,5726.0,2298.0,8576.0,14.17,14.68,16.32,16601.0
2025-05-21,8,14535.0,4.47,10.51,5738.0,2259.0,8500.0,14.17,14.69,16.3,16497.0
2025-05-21,9,14074.0,4.24,10.16,5543.0,2212.0,8254.0,14.0,14.53,16.04,16009.0
2025-05-21,10,14552.0,4.09,10.62,5210.0,2100.0,7787.0,13.31,13.84,15.17,15096.0
2025-05-21,11,15007.0,4.19,11.01,4400.0,1785.0,6628.0,10.83,11.38,12.33,12813.0
2025-05-21,12,14925.0,4.64,11.84,4004.0,1585.0,5942.0,8.99,9.58,10.3,11531.0
2025-05-21,13,14080.0,5.02,12.81,3921.0,1593.0,5893.0,8.92,9.52,10.21,11407.0
2025-05-21,14,11671.0,5.29,14.14,3766.0,1521.0,5604.0,8.71,9.31,9.93,10891.0
2025-05-21,15,11308.0,5.44,15.5,3614.0,1189.0,4923.0,7.74,8.38,8.84,9726.0
2025-05-21,16,9904.0,5.45,12.43,3963.0,1456.0,5618.0,8.47,9.09,9.73,11036.0
2025-05-21,17,15401.0,5.53,10.75,4775.0,1913.0,7108.0,11.15,11.71,12.81,13796.0
2025-05-21,18,13022.0,5.5,11.08,5387.0,2172.0,8033.0,13.32,13.84,15.27,15593.0
2025-05-21,19,13422.0,5.17,10.49,5406.0,2202.0,8098.0,13.3,13.82,15.28,15706.0
2025-05-21,20,15740.0,5.02,9.63,5511.0,2218.0,8182.0,13.27,13.78,15.29,15912.0
2025-05-21,21,17031.0,5.22,10.91,5300.0,2178.0,7930.0,13.25,13.77,15.17,15409.0
2025-05-21,22,10856.0,5.24,9.49,5020.0,2080.0,7485.0,12.53,13.05,14.28,14585.0
2025-05-21,23,6611.0,4.45,5.26,4485.0,1894.0,6752.0,10.69,11.23,12.21,13131.0
2025-05-22,0,6772.0,4.02,4.84,3721.0,88.0,3464.0,5.85,6.52,6.66,7273.0
2025-05-22,1,7828.0,4.02,4.48,3651.0,31.0,3326.0,5.72,6.4,6.5,7008.0
2025-05-22,2,9043.0,4.26,4.13,3655.0,-5.0,3250.0,5.83,6.51,6.6,6900.0
2025-05-22,3,9310.0,4.55,3.97,3729.0,32.0,3289.0,6.11,6.78,6.9,7049.0
2025-05-22,4,10598.0,4.9,5.2,3731.0,972.0,4336.0,7.43,8.05,8.47,9039.0
2025-05-22,5,10688.0,4.8,5.88,4493.0,1858.0,6390.0,10.38,10.92,11.86,12741.0
2025-05-22,6,12717.0,4.56,9.18,5480.0,3224.0,6243.0,12.5,12.95,13.54,14947.0
2025-05-22,7,13025.0,4.26,10.32,5667.0,3378.0,6371.0,12.76,13.2,13.8,15416.0
2025-05-22,8,13127.0,3.98,10.64,5561.0,3296.0,6255.0,12.6,13.06,13.62,15112.0
2025-05-22,9,13053.0,3.75,10.79,5362.0,3168.0,6000.0,12.17,12.65,13.13,14530.0
2025-05-22,10,13034.0,3.63,10.86,4865.0,2842.0,5398.0,10.6,11.13,11.48,13105.0
2025-05-22,11,13218.0,3.75,11.0,4349.0,2537.0,4808.0,9.19,9.74,9.98,11694.0
2025-05-22,12,13151.0,3.97,10.85,4387.0,2542.0,4833.0,9.17,9.73,9.97,11762.0
2025-05-22,13,11944.0,4.08,9.54,4388.0,2531.0,4810.0,9.16,9.71,9.96,11729.0
2025-05-22,14,12820.0,4.17,8.99,4339.0,2496.0,4740.0,9.08,9.64,9.87,11575.0
2025-05-22,15,13540.0,4.42,8.66,4342.0,2503.0,4748.0,9.07,9.63,9.86,11593.0
2025-05-22,16,13597.0,4.61,8.71,4424.0,2533.0,4906.0,9.07,9.62,9.88,11863.0
2025-05-22,18,12985.0,4.7,8.13,5387.0,3091.0,6128.0,12.13,12.6,13.07,14607.0
2025-05-22,19,12780.0,4.49,7.95,5521.0,3157.0,6291.0,12.28,12.75,13.25,14970.0
2025-05-22,20,12635.0,4.19,7.82,5655.0,3212.0,6403.0,12.36,12.81,13.36,15270.0
2025-05-22,21,13532.0,3.93,8.49,5376.0,3089.0,6150.0,12.23,12.69,13.18,14615.0
2025-05-22,22,14628.0,3.98,9.34,4833.0,2787.0,5556.0,11.11,11.61,11.99,13177.0
2025-05-22,23,15199.0,4.32,9.9,4158.0,2430.0,4854.0,9.23,9.77,10.02,11442.0
2025-05-23,0,9473.0,4.74,7.65,3783.0,1063.0,2658.0,6.11,6.77,6.79,7504.0
2025-05-23,1,8781.0,4.98,7.22,3557.0,942.0,2371.0,5.94,6.61,6.59,6870.0
2025-05-23,2,8021.0,5.21,8.73,3392.0,911.0,2290.0,6.0,6.67,6.65,6593.0
2025-05-23,3,7067.0,5.31,10.67,3385.0,951.0,2331.0,6.24,6.9,6.89,6667.0
2025-05-23,4,8073.0,5.29,9.35,3569.0,1592.0,3408.0,7.39,7.99,8.08,8569.0
2025-05-23,5,10488.0,5.19,7.75,4238.0,2528.0,5015.0,10.08,10.6,10.89,11781.0
2025-05-23,6,12906.0,5.03,10.16,5124.0,2998.0,5957.0,11.91,12.38,12.85,14078.0
2025-05-23,7,12895.0,4.82,10.2,5293.0,3134.0,6196.0,12.2,12.67,13.18,14623.0
2025-05-23,8,12654.0,4.66,10.05,5274.0,3153.0,6224.0,12.23,12.71,13.21,14651.0
2025-05-23,16,13053.0,4.87,10.59,4151.0,2522.0,4946.0,9.0,9.56,9.81,11619.0
2025-05-23,17,12879.0,4.95,10.37,4665.0,2823.0,5514.0,10.46,10.98,11.37,13002.0
2025-05-23,18,12847.0,4.94,10.38,4973.0,2984.0,5807.0,11.25,11.76,12.23,13764.0
2025-05-23,19,13371.0,4.73,10.86,5095.0,3066.0,5987.0,11.9,12.38,12.84,14148.0
2025-05-23,20,11075.0,4.5,12.6,5048.0,3128.0,6050.0,11.97,12.44,12.9,14227.0
2025-05-23,21,9539.0,3.96,11.9,4943.0,3080.0,5935.0,12.0,12.48,12.92,13959.0
2025-05-23,22,9469.0,3.46,11.7,4489.0,2815.0,5428.0,10.93,11.42,11.8,12733.0
2025-05-23,23,8357.0,3.07,9.68,3933.0,2445.0,4705.0,9.06,9.6,9.85,11083.0
2025-05-24,0,9738.0,3.0,5.65,3571.0,1107.0,2655.0,6.04,6.67,6.63,7333.0
2025-05-24,1,10624.0,3.44,5.37,3514.0,934.0,2401.0,5.84,6.48,6.42,6849.0
2025-05-24,2,10709.0,3.95,5.41,3386.0,880.0,2284.0,5.84,6.49,6.42,6550.0
2025-05-24,3,10800.0,4.5,5.46,3342.0,844.0,2224.0,5.84,6.49,6.42,6411.0
2025-05-24,4,10691.0,5.02,5.41,3574.0,1219.0,2821.0,6.68,7.3,7.28,7614.0
2025-05-24,5,11048.0,5.15,5.62,4149.0,2575.0,4995.0,9.77,10.24,10.54,11719.0
2025-05-24,6,12472.0,5.08,7.66,4789.0,2856.0,5540.0,11.23,11.72,12.08,13185.0
2025-05-24,7,13381.0,4.99,9.25,5156.0,3132.0,6048.0,12.07,12.54,13.01,14335.0
2025-05-24,8,13034.0,4.84,9.87,5353.0,3204.0,6200.0,12.18,12.65,13.12,14757.0
2025-05-24,9,12750.0,4.67,9.86,5384.0,3230.0,6268.0,12.18,12.64,13.15,14882.0
2025-05-24,10,12576.0,4.38,9.9,5479.0,3235.0,6270.0,12.18,12.66,13.14,14984.0
2025-05-24,11,12547.0,4.12,9.98,5131.0,3050.0,5907.0,11.43,11.94,12.34,14088.0
2025-05-24,12,12695.0,4.07,10.04,4477.0,2599.0,5111.0,9.41,9.97,10.24,12188.0
2025-05-24,13,12904.0,4.2,10.14,4265.0,2512.0,4950.0,9.11,9.67,9.92,11726.0
2025-05-24,14,12959.0,4.35,10.12,4301.0,2510.0,4948.0,9.13,9.68,9.93,11759.0
2025-05-24,15,12876.0,4.54,10.23,4217.0,2487.0,4729.0,9.13,9.67,9.93,11433.0
2025-05-24,16,11909.0,4.7,10.83,4088.0,2421.0,4597.0,8.96,9.51,9.75,11107.0
2025-05-24,17,11757.0,4.79,10.65,4331.0,2525.0,4820.0,9.55,10.08,10.36,11676.0
2025-05-24,18,11669.0,4.66,10.63,5051.0,2910.0,5576.0,11.56,12.04,12.46,13538.0
2025-05-24,19,10909.0,4.33,9.57,5146.0,2969.0,5666.0,11.7,12.19,12.63,13781.0
2025-05-24,20,10857.0,3.97,9.48,5143.0,2971.0,5645.0,11.72,12.2,12.63,13759.0
2025-05-24,21,10910.0,3.64,9.54,5012.0,2910.0,5516.0,11.73,12.21,12.62,13438.0
2025-05-24,22,11649.0,3.43,10.46,4486.0,2637.0,5002.0,10.77,11.28,11.59,12125.0
2025-05-24,23,12302.0,3.57,11.12,3880.0,2275.0,4299.0,8.94,9.49,9.69,10455.0
2025-05-25,0,8769.0,3.79,7.06,3662.0,1147.0,2565.0,6.15,6.79,6.81,7373.0
2025-05-25,1,8378.0,3.99,6.68,3611.0,968.0,2285.0,5.9,6.56,6.55,6863.0
2025-05-25,2,8558.0,4.22,6.88,3500.0,935.0,2221.0,5.89,6.55,6.54,6656.0
2025-05-25,3,10021.0,4.57,7.48,3484.0,917.0,2188.0,5.89,6.55,6.54,6589.0
2025-05-25,4,11024.0,5.01,7.89,3677.0,1472.0,3107.0,7.1,7.72,7.79,8256.0
2025-05-25,5,11863.0,5.23,9.06,4069.0,2460.0,4647.0,9.65,10.18,10.43,11176.0
2025-05-25,6,12542.0,5.32,11.37,4607.0,2650.0,5085.0,11.11,11.62,11.97,12342.0
2025-05-25,7,11646.0,5.24,10.48,4961.0,2847.0,5482.0,11.67,12.17,12.58,13290.0
2025-05-25,8,11926.0,5.04,11.48,5216.0,2988.0,5772.0,11.98,12.47,12.93,13976.0
2025-05-25,9,11793.0,4.8,11.62,5331.0,3037.0,5832.0,12.03,12.51,12.99,14200.0
2025-05-25,10,11597.0,4.48,11.62,5331.0,3079.0,5911.0,12.0,12.48,12.97,14320.0
2025-05-25,11,11757.0,4.17,11.55,4960.0,2853.0,5508.0,11.15,11.65,12.06,13321.0
2025-05-25,12,11819.0,4.12,11.4,4197.0,2384.0,4613.0,9.03,9.58,9.85,11195.0
2025-05-25,13,12295.0,4.23,11.34,4197.0,2390.0,4615.0,8.85,9.4,9.65,11201.0
2025-05-25,14,12526.0,4.37,11.65,4107.0,2428.0,4646.0,8.84,9.39,9.65,11181.0
2025-05-25,15,12469.0,4.54,11.71,4129.0,2378.0,4581.0,8.84,9.41,9.65,11088.0
2025-05-25,16,12583.0,4.72,11.85,4158.0,2384.0,4585.0,8.84,9.42,9.65,11127.0
2025-05-25,17,13139.0,4.94,12.61,4399.0,2641.0,5025.0,9.99,10.52,10.83,12065.0
2025-05-25,18,11963.0,4.91,12.85,5022.0,3000.0,5659.0,11.85,12.34,12.77,13681.0
2025-05-25,19,10645.0,4.55,12.38,5099.0,3019.0,5715.0,11.84,12.33,12.78,13834.0
2025-05-25,20,10597.0,4.11,12.3,5188.0,3105.0,5866.0,11.99,12.46,12.95,14159.0
2025-05-25,21,10544.0,3.67,12.19,4924.0,2991.0,5644.0,11.84,12.32,12.77,13560.0
2025-05-25,22,11557.0,3.41,13.97,4366.0,2711.0,5091.0,10.79,11.3,11.65,12167.0
2025-05-25,23,11759.0,3.48,14.37,3634.0,2177.0,4102.0,8.59,9.14,9.34,9913.0
2025-05-26,0,9219.0,3.79,8.79,3406.0,1008.0,2414.0,5.93,6.56,6.51,6828.0
2025-05-26,1,9757.0,4.1,6.51,3361.0,972.0,2321.0,5.88,6.52,6.45,6654.0
2025-05-26,2,10201.0,4.54,6.52,3312.0,930.0,2267.0,5.99,6.62,6.55,6509.0
2025-05-26,3,9369.0,4.96,7.29,3337.0,932.0,2275.0,6.18,6.81,6.75,6545.0
2025-05-26,4,9280.0,5.24,7.61,3404.0,1522.0,3145.0,7.23,7.82,7.83,8070.0
2025-05-26,5,9134.0,5.16,7.43,4091.0,2570.0,4858.0,10.06,10.58,10.79,11519.0
2025-05-26,6,11253.0,4.76,9.89,5003.0,3041.0,5709.0,11.9,12.37,12.83,13752.0
2025-05-26,7,12187.0,4.5,11.08,5110.0,3110.0,5825.0,11.93,12.4,12.87,14046.0
2025-05-26,8,12202.0,4.27,11.19,5097.0,3117.0,5835.0,12.02,12.5,12.97,14048.0
2025-05-26,9,12079.0,4.05,11.07,4871.0,2999.0,5600.0,11.74,12.24,12.65,13470.0
2025-05-26,10,11719.0,3.91,10.68,4409.0,2733.0,5066.0,10.24,10.77,11.08,12209.0
2025-05-26,11,12148.0,3.94,10.33,4005.0,2475.0,4632.0,8.88,9.43,9.61,11113.0
2025-05-26,12,13774.0,4.16,9.62,4042.0,2479.0,4666.0,8.88,9.44,9.58,11186.0
2025-05-26,13,14081.0,4.55,9.75,4004.0,2463.0,4594.0,8.87,9.44,9.57,11061.0
2025-05-26,14,12384.0,4.82,11.7,3983.0,2436.0,4536.0,8.88,9.45,9.57,10956.0
2025-05-26,15,11250.0,4.95,12.27,3960.0,2380.0,4428.0,8.76,9.33,9.44,10767.0
2025-05-26,16,11286.0,5.01,12.27,4092.0,2423.0,4510.0,8.76,9.31,9.5,11026.0
2025-05-26,17,11425.0,5.01,12.41,4540.0,2700.0,5029.0,10.13,10.65,10.97,12269.0
2025-05-26,18,11486.0,4.8,12.47,5037.0,2999.0,5587.0,11.79,12.27,12.7,13623.0
2025-05-26,19,11515.0,4.53,12.48,5042.0,3028.0,5647.0,11.81,12.29,12.73,13717.0
2025-05-26,20,11601.0,4.25,12.59,5067.0,3056.0,5706.0,11.81,12.28,12.74,13828.0
2025-05-26,21,11370.0,3.97,12.24,5019.0,2993.0,5585.0,11.8,12.28,12.72,13597.0
2025-05-26,22,12395.0,3.8,14.2,4540.0,2743.0,5104.0,10.84,11.35,11.69,12387.0
2025-05-26,23,9368.0,3.77,15.07,3854.0,2291.0,4270.0,8.68,9.23,9.42,10414.0
2025-05-27,0,9389.0,3.86,11.87,3537.0,1143.0,2489.0,6.08,6.73,6.73,7169.0
2025-05-27,1,9034.0,4.17,10.92,3437.0,996.0,2274.0,5.92,6.58,6.56,6707.0
2025-05-27,2,9061.0,4.48,10.97,3374.0,960.0,2198.0,5.89,6.56,6.53,6532.0
2025-05-27,3,9140.0,4.82,11.1,3362.0,946.0,2188.0,6.03,6.69,6.67,6496.0
2025-05-27,4,9705.0,5.08,9.31,3644.0,1686.0,3384.0,7.5,8.1,8.19,8714.0
2025-05-27,5,10646.0,5.07,7.85,4297.0,2580.0,4872.0,10.08,10.6,10.89,11750.0
2025-05-27,6,11986.0,4.87,9.1,5245.0,3060.0,5796.0,12.01,12.48,12.95,14101.0
2025-05-27,7,12100.0,4.58,9.28,5382.0,3142.0,5952.0,12.21,12.67,13.18,14476.0
2025-05-27,8,12921.0,4.34,10.25,5350.0,3131.0,5917.0,12.18,12.65,13.15,14398.0
2025-05-27,9,12504.0,4.17,9.77,5072.0,2995.0,5645.0,11.8,12.3,12.72,13712.0
2025-05-27,10,12585.0,4.11,9.83,4588.0,2673.0,5051.0,10.22,10.74,11.05,12311.0
2025-05-27,11,12664.0,4.24,10.1,4310.0,2438.0,4653.0,8.9,9.46,9.69,11400.0
2025-05-27,12,12743.0,4.41,10.22,4259.0,2444.0,4626.0,8.91,9.47,9.7,11329.0
2025-05-27,13,13411.0,4.67,10.89,4185.0,2396.0,4548.0,8.94,9.5,9.71,11128.0
2025-05-27,14,12359.0,4.96,11.15,4160.0,2391.0,4562.0,8.93,9.49,9.7,11113.0
2025-05-27,15,10939.0,5.0,10.57,4188.0,2370.0,4530.0,8.92,9.49,9.69,11088.0
2025-05-27,16,11097.0,5.0,10.81,4241.0,2388.0,4590.0,8.91,9.48,9.69,11218.0
2025-05-27,17,10677.0,4.9,10.2,4730.0,2679.0,5154.0,10.3,10.83,11.16,12563.0
2025-05-27,18,11338.0,4.58,9.58,5201.0,3002.0,5744.0,11.97,12.45,12.89,13946.0
2025-05-27,19,11373.0,4.26,9.38,5183.0,3028.0,5779.0,11.97,12.44,12.9,13991.0
2025-05-27,20,11307.0,3.9,9.31,5233.0,3089.0,5893.0,11.96,12.43,12.92,14216.0
2025-05-27,21,11226.0,3.53,9.18,5137.0,3052.0,5812.0,11.96,12.43,12.91,14001.0
2025-05-27,22,11614.0,3.22,9.63,4824.0,2914.0,5527.0,11.26,11.74,12.16,13265.0
2025-05-27,23,11873.0,3.19,11.08,4128.0,2413.0,4606.0,8.89,9.43,9.68,11147.0
2025-05-28,0,10219.0,3.32,6.74,4007.0,1468.0,3257.0,6.6,7.21,7.27,8732.0
2025-05-28,1,11145.0,3.56,5.5,4083.0,1652.0,3527.0,7.13,7.7,7.87,9262.0
2025-05-28,2,10770.0,3.77,5.32,3959.0,1676.0,3474.0,7.15,7.72,7.86,9110.0
2025-05-28,3,11444.0,4.01,5.31,3938.0,1676.0,3488.0,7.16,7.74,7.88,9102.0
2025-05-28,4,12281.0,4.36,4.86,3787.0,2079.0,4017.0,8.16,8.68,8.88,9883.0
2025-05-28,5,12833.0,4.5,5.08,4564.0,2800.0,5312.0,10.68,11.12,11.49,12676.0
2025-05-28,6,16364.0,4.7,7.72,5203.0,3151.0,5937.0,12.2,12.65,13.14,14292.0
2025-05-28,7,13950.0,4.74,9.08,5371.0,3253.0,6107.0,12.24,12.69,13.22,14732.0
2025-05-28,8,12904.0,4.55,10.4,5344.0,3216.0,6032.0,12.13,12.6,13.09,14592.0
2025-05-28,9,13304.0,4.41,10.98,4985.0,3088.0,5758.0,11.58,12.07,12.51,13830.0
2025-05-28,10,13066.0,4.39,10.8,4500.0,2779.0,5199.0,10.26,10.79,11.11,12478.0
2025-05-28,11,12647.0,4.57,11.07,4003.0,2454.0,4573.0,8.81,9.37,9.58,11031.0
2025-05-28,12,12656.0,4.73,10.21,4041.0,2503.0,4791.0,8.9,9.46,9.69,11335.0
2025-05-28,13,12831.0,4.91,10.36,4032.0,2485.0,4795.0,8.9,9.47,9.69,11312.0
2025-05-28,14,11517.0,5.03,10.65,4010.0,2455.0,4740.0,8.9,9.48,9.68,11205.0
2025-05-28,15,11158.0,5.02,9.33,3973.0,2437.0,4746.0,8.91,9.49,9.71,11157.0
2025-05-28,16,11653.0,5.06,9.07,4019.0,2489.0,4816.0,8.96,9.54,9.77,11324.0
2025-05-28,17,11594.0,5.03,8.98,4561.0,2790.0,5382.0,10.28,10.81,11.14,12733.0
2025-05-28,18,12115.0,4.78,8.39,5168.0,3160.0,6078.0,12.13,12.6,13.07,14406.0
2025-05-28,19,13232.0,4.54,9.35,5193.0,3167.0,6092.0,12.13,12.61,13.09,14453.0
2025-05-28,20,12331.0,4.32,10.52,5283.0,3215.0,6182.0,12.13,12.59,13.1,14680.0
2025-05-28,21,12506.0,4.06,10.67,5149.0,3136.0,6026.0,12.07,12.54,13.02,14311.0
2025-05-28,22,15627.0,4.07,9.45,4653.0,2906.0,5558.0,11.05,11.54,11.93,13117.0
2025-05-28,23,13899.0,4.56,8.39,3982.0,2523.0,4826.0,9.17,9.7,9.95,11331.0
2025-05-29,0,6024.0,4.52,3.77,3670.0,1137.0,2672.0,6.07,6.7,6.65,7479.0
2025-05-29,1,7883.0,4.45,4.98,3559.0,947.0,2390.0,5.9,6.54,6.47,6896.0
2025-05-29,2,9093.0,4.72,6.5,3451.0,929.0,2336.0,5.97,6.6,6.53,6716.0
2025-05-29,3,9725.0,5.11,9.85,3472.0,960.0,2388.0,6.16,6.8,6.73,6820.0
2025-05-29,4,8192.0,5.24,11.71,3620.0,1664.0,3457.0,7.39,8.0,8.03,8740.0
2025-05-29,5,11041.0,5.18,8.55,4273.0,2651.0,5108.0,10.11,10.63,10.92,12032.0
2025-05-29,6,11311.0,4.87,8.55,5273.0,3119.0,6072.0,12.06,12.54,13.04,14464.0
2025-05-29,7,12954.0,4.58,10.26,5412.0,3214.0,6272.0,12.3,12.77,13.32,14898.0
2025-05-29,8,12806.0,4.33,10.21,5386.0,3145.0,6171.0,12.21,12.7,13.21,14702.0
2025-05-29,9,12730.0,4.11,10.16,5094.0,3041.0,5962.0,11.83,12.33,12.77,14097.0
2025-05-29,10,12645.0,4.0,10.08,4546.0,2713.0,5331.0,10.3,10.83,11.15,12589.0
2025-05-29,11,12943.0,4.14,10.3,4129.0,2422.0,4766.0,8.85,9.41,9.64,11317.0
2025-05-29,12,13343.0,4.38,10.75,4176.0,2426.0,4774.0,8.85,9.41,9.65,11375.0
2025-05-29,13,13619.0,4.66,11.06,4204.0,2423.0,4769.0,8.85,9.4,9.64,11395.0
2025-05-29,14,11303.0,4.86,12.19,4123.0,2373.0,4673.0,8.79,9.35,9.57,11169.0
2025-05-29,15,11177.0,4.87,12.14,4146.0,2370.0,4669.0,8.83,9.4,9.62,11184.0
2025-05-29,16,11050.0,4.87,11.91,4234.0,2392.0,4733.0,8.84,9.41,9.64,11359.0
2025-05-29,17,11887.0,4.8,11.08,4852.0,2753.0,5444.0,10.53,11.05,11.4,13049.0
2025-05-29,18,12759.0,4.65,10.08,5198.0,2956.0,5870.0,11.87,12.36,12.81,14024.0
2025-05-29,19,12775.0,4.5,10.1,5267.0,2986.0,5925.0,11.84,12.32,12.78,14178.0
2025-05-29,20,13870.0,4.38,11.32,5335.0,3029.0,6035.0,11.97,12.44,12.93,14400.0
2025-05-29,21,13051.0,4.31,10.39,5178.0,2975.0,5915.0,11.91,12.39,12.85,14068.0
2025-05-29,22,11654.0,4.23,10.75,4627.0,2711.0,5315.0,10.75,11.27,11.59,12654.0
2025-05-29,23,39.0,4.23,14.2,3599.0,2266.0,3661.0,7.8,8.64,8.62,9526.0
2025-05-30,0,17.0,4.28,9.98,3535.0,1304.0,2106.0,5.73,6.55,6.45,6945.0
2025-05-30,1,24.0,4.31,8.36,3481.0,1233.0,2009.0,5.75,6.56,6.46,6724.0
2025-05-30,2,210.0,4.35,8.2,3363.0,1172.0,1899.0,5.76,6.56,6.45,6435.0
2025-05-30,3,72.0,4.4,8.43,3415.0,1203.0,1959.0,5.96,6.77,6.66,6577.0
2025-05-30,4,10187.0,4.49,7.17,3645.0,1944.0,3754.0,7.86,8.48,8.58,9343.0
2025-05-30,5,13138.0,4.77,6.15,4391.0,2657.0,5200.0,10.38,10.9,11.22,12249.0
2025-05-30,6,13096.0,4.76,10.44,5192.0,3026.0,5957.0,11.92,12.41,12.87,14175.0
2025-05-30,7,12660.0,4.55,10.57,5332.0,3116.0,6140.0,12.14,12.62,13.12,14588.0
2025-05-30,8,12559.0,4.3,10.47,5316.0,3102.0,6096.0,12.15,12.63,13.12,14514.0
2025-05-30,9,12435.0,4.06,10.44,5156.0,3052.0,5981.0,11.87,12.36,12.81,14188.0
2025-05-30,10,12395.0,3.9,10.54,4745.0,2736.0,5396.0,10.34,10.87,11.21,12877.0
2025-05-30,11,12379.0,3.96,10.63,4316.0,2436.0,4817.0,8.81,9.38,9.62,11569.0
2025-05-30,12,12479.0,4.07,10.68,4332.0,2472.0,4897.0,8.89,9.46,9.7,11701.0
2025-05-30,13,12802.0,4.21,10.85,4320.0,2467.0,4877.0,8.89,9.47,9.71,11665.0
2025-05-30,14,13194.0,4.44,10.61,4221.0,2429.0,4797.0,8.9,9.47,9.69,11447.0
2025-05-30,15,11964.0,4.59,9.28,4235.0,2412.0,4795.0,8.9,9.47,9.69,11442.0
2025-05-30,16,12018.0,4.67,9.28,4304.0,2446.0,4885.0,8.92,9.47,9.72,11634.0
2025-05-30,17,11712.0,4.65,8.95,4811.0,2767.0,5509.0,10.44,10.95,11.3,13088.0
2025-05-30,18,11421.0,4.36,8.6,5225.0,3002.0,5962.0,11.96,12.44,12.88,14189.0
2025-05-30,19,11364.0,4.01,8.43,5237.0,3016.0,5992.0,11.99,12.47,12.93,14246.0
2025-05-30,20,11257.0,3.63,8.29,5330.0,3078.0,6111.0,12.16,12.63,13.12,14519.0
2025-05-30,21,11141.0,3.23,8.2,5143.0,3004.0,5956.0,12.01,12.48,12.93,14103.0
2025-05-30,22,11846.0,2.94,8.88,4705.0,2734.0,5433.0,10.8,11.3,11.66,12872.0
2025-05-30,23,12442.0,3.01,9.47,3918.0,2269.0,4529.0,8.79,9.35,9.56,10717.0
2025-05-31,0,9517.0,3.25,6.1,3656.0,1063.0,2689.0,6.05,6.68,6.64,7407.0
2025-05-31,1,9847.0,3.58,6.03,3537.0,908.0,2407.0,5.81,6.45,6.37,6851.0
2025-05-31,2,10152.0,4.0,6.21,3351.0,856.0,2280.0,5.81,6.46,6.37,6488.0
2025-05-31,3,10389.0,4.49,6.27,3323.0,828.0,2244.0,5.82,6.46,6.38,6395.0
2025-05-31,4,10476.0,4.98,6.18,3561.0,1041.0,2637.0,6.41,7.03,6.98,7239.0
2025-05-31,5,10570.0,5.14,6.24,4173.0,2434.0,4894.0,9.56,10.02,10.32,11502.0
2025-05-31,6,13745.0,5.06,8.72,4780.0,2839.0,5532.0,11.42,11.89,12.28,13150.0
2025-05-31,7,13650.0,5.09,9.38,5175.0,3084.0,5852.0,12.11,12.57,13.03,14110.0
2025-05-31,8,12916.0,4.96,9.64,5255.0,3179.0,5971.0,12.24,12.71,13.2,14405.0
2025-05-31,9,12525.0,4.7,9.82,5391.0,3313.0,6191.0,12.25,12.71,13.24,14895.0
2025-05-31,10,12379.0,4.37,9.95,5363.0,3310.0,6175.0,12.28,12.74,13.26,14848.0
2025-05-31,11,12360.0,4.13,9.91,4785.0,2921.0,5477.0,10.66,11.18,11.55,13184.0
2025-05-31,12,12434.0,4.13,9.74,4268.0,2624.0,4919.0,9.18,9.72,10.0,11811.0
2025-05-31,13,12627.0,4.2,10.0,4274.0,2647.0,4943.0,9.16,9.7,9.98,11864.0
2025-05-31,14,12817.0,4.31,10.23,4222.0,2638.0,4927.0,9.15,9.71,9.98,11786.0
2025-05-31,15,12961.0,4.46,10.36,4127.0,2609.0,4862.0,9.17,9.72,9.99,11598.0
2025-05-31,16,13144.0,4.63,10.47,4194.0,2613.0,4892.0,9.18,9.72,10.0,11699.0
2025-05-31,17,13135.0,4.75,10.33,4573.0,2880.0,5361.0,10.6,11.1,11.48,12813.0
2025-05-31,18,13266.0,4.71,10.29,4941.0,3060.0,5688.0,11.92,12.39,12.85,13689.0
2025-05-31,19,12367.0,4.6,10.94,4920.0,3036.0,5621.0,11.79,12.27,12.72,13577.0
2025-05-31,20,11533.0,4.38,9.92,5037.0,3104.0,5738.0,11.87,12.33,12.8,13878.0
2025-05-31,21,10616.0,4.01,8.87,4989.0,3149.0,5782.0,11.78,12.24,12.7,13919.0
2025-05-31,22,11712.0,3.7,10.22,4447.0,2895.0,5293.0,10.81,11.3,11.67,12635.0
2025-05-31,23,10972.0,3.66,9.31,3889.0,2456.0,4505.0,8.78,9.32,9.56,10851.0
